TrialIndex,GoodSelection,TrialType,IsStim,HasAnalysisWindow,VisualStimOnS,VisualStimOffS,ElectricalStimOnRelVisualS,AnalysisDurationS,SampleRateHz,Condition,SignedCoherence,Direction,Response,LeftCandidateCount,RightCandidateCount,MicrosaccadeCount,MicrosaccadeRateHz,MeanMicrosaccadeAmplitudeDeg,MeanMicrosaccadePeakVelocityDegS,MeanMicrosaccadeDurationMs,TrialDirectionX,TrialDirectionY,TrialMeanDirectionDeg,TrialDirectionResultantLength,LeftThresholdXDegS,LeftThresholdYDegS,RightThresholdXDegS,RightThresholdYDegS
5,1,NonStim,0,1,24.5577333333333,25.5303,NaN,0.973000000000003,999.999999998778,4,0.6363,1,1,0,0,0,0,NaN,NaN,NaN,NaN,NaN,NaN,NaN,9.30846829868375,9.32960710250381,11.9680247274562,7.99683743930471
6,1,NonStim,0,1,27.9246333333333,28.8987333333333,NaN,0.974,999.999999998778,4,0.4545,1,0,0,0,0,0,NaN,NaN,NaN,NaN,NaN,NaN,NaN,7.97868840007207,5.33122520428964,11.9680279884061,7.99683177622653
7,1,NonStim,0,1,31.2508,32.2323333333333,NaN,0.981999999999999,999.999999998778,4,1,1,1,0,0,0,0,NaN,NaN,NaN,NaN,NaN,NaN,NaN,6.64890710029751,6.66402928034527,13.297812134199,2.66561177560778
8,1,Stim,1,1,34.6420666666667,35.6191666666667,-0.0544666666666629,0.976999999999997,1000.00000000233,1,0.6363,1,1,0,0,0,0,NaN,NaN,NaN,NaN,NaN,NaN,NaN,7.97868794455737,5.331224264062,11.9680284221635,7.99682863916914
9,1,NonStim,0,1,37.9927333333333,38.958,NaN,0.965999999999994,1000.00000000233,4,-0.6363,-1,1,0,0,0,0,NaN,NaN,NaN,NaN,NaN,NaN,NaN,7.97868777357712,9.32964322544233,11.9680316967564,5.3312250951369
10,1,NonStim,0,1,83.4327333333333,84.3989333333333,NaN,0.965999999999994,999.999999995225,1,-0.6363,-1,1,0,0,0,0,NaN,NaN,NaN,NaN,NaN,NaN,NaN,7.97868215428219,11.9952526033078,11.9680240931673,11.9952363716041
11,1,Stim,1,1,86.7744666666667,87.7391666666667,-0.0591333333333353,0.965000000000003,999.999999995225,1,0.4545,1,1,0,0,0,0,NaN,NaN,NaN,NaN,NaN,NaN,NaN,7.97868819186936,5.33122491061141,9.3084681560924,7.99683219563251
12,1,Stim,1,1,90.1834666666667,91.1483,-0.0637666666666803,0.965000000000003,999.999999995225,2,-0,-1,1,0,0,0,0,NaN,NaN,NaN,NaN,NaN,NaN,NaN,7.97868755692885,5.3312191044583,13.2978087498948,6.66403061096495
13,1,NonStim,0,1,93.5837666666667,94.5580333333333,NaN,0.975000000000009,999.999999995225,2,1,1,1,0,0,0,0,NaN,NaN,NaN,NaN,NaN,NaN,NaN,11.9680242529064,6.66403134573082,13.2978131044956,7.99683648514865
14,1,Stim,1,1,96.9505,97.9069666666667,-0.0648333333333397,0.956000000000017,999.999999995225,2,-0.0909,-1,0,0,0,0,0,NaN,NaN,NaN,NaN,NaN,NaN,NaN,11.9680268007609,7.99683321336039,13.2978110016158,7.99683726881976
15,1,NonStim,0,1,100.234166666667,101.2082,NaN,0.974000000000004,999.999999995225,1,-1,-1,1,0,0,0,0,NaN,NaN,NaN,NaN,NaN,NaN,NaN,7.97868723057179,5.33121708821137,13.2978001052826,6.66402977784356
16,1,NonStim,0,1,103.568566666667,104.5247,NaN,0.956000000000003,999.999999995225,2,0.1818,1,1,0,0,0,0,NaN,NaN,NaN,NaN,NaN,NaN,NaN,9.3084694974248,3.99841742001087,11.9680290209194,5.33122267070067
17,1,Stim,1,1,106.760033333333,107.720166666667,-0.0649000000000086,0.960000000000008,999.999999995225,3,-0.0909,-1,0,0,0,0,0,NaN,NaN,NaN,NaN,NaN,NaN,NaN,7.9786829146243,5.33122510913509,11.9680317947287,7.99683383429417
18,1,Stim,1,1,110.327133333333,111.302233333333,-0.0568666666666644,0.975000000000009,999.999999995225,3,-0.6363,-1,1,0,0,0,0,NaN,NaN,NaN,NaN,NaN,NaN,NaN,7.9786885146401,6.6640289772634,11.9680328080594,6.66401704468796
19,1,NonStim,0,1,113.677533333333,114.646733333333,NaN,0.969000000000008,999.999999995225,3,0.6363,1,1,0,0,0,0,NaN,NaN,NaN,NaN,NaN,NaN,NaN,7.97868651085884,5.33122508130852,11.968027097944,6.66403091238115
20,1,NonStim,0,1,116.986266666667,117.9532,NaN,0.967000000000013,999.999999995225,2,-0.4545,-1,1,0,0,0,0,NaN,NaN,NaN,NaN,NaN,NaN,NaN,7.97868813315365,5.33122514617903,11.9680324612111,6.66403143025918
21,1,Stim,1,1,120.462466666667,121.454366666667,-0.0557000000000016,0.992000000000004,999.999999995225,3,0.0909,1,1,4,0,0,0,NaN,NaN,NaN,NaN,NaN,NaN,NaN,6.64890713730897,1.3328061787503,13.2978108324529,6.66402779396331
22,1,Stim,1,1,123.912433333333,124.8855,-0.0500333333333458,0.973000000000013,999.999999995225,3,1,1,1,0,0,0,0,NaN,NaN,NaN,NaN,NaN,NaN,NaN,7.97868653254138,5.33122520857446,11.8939267168392,6.66403149169642
23,1,Stim,1,1,127.463166666667,128.4394,-0.0555999999999983,0.975999999999999,999.999999995225,4,-0.6363,-1,1,0,0,0,0,NaN,NaN,NaN,NaN,NaN,NaN,NaN,7.97868835958003,5.33121895089889,13.0237179166526,6.66400356839126
24,1,NonStim,0,1,130.863566666667,131.8457,NaN,0.981999999999999,999.999999995225,1,1,1,1,4,1,1,1.0183299389002,0.144176023400853,13.5771722478193,16.0000000000764,-0.332148308049668,0.94322717383446,109.399221021885,1,6.64890713227458,1.33280614970895,13.2978043600669,6.66401875573208
25,1,Stim,1,1,134.180166666667,135.145366666667,-0.0507333333333122,0.965000000000003,999.999999995225,3,-1,-1,1,0,0,0,0,NaN,NaN,NaN,NaN,NaN,NaN,NaN,14.6275948689151,7.99683196134431,18.6169242681646,7.99683113809555
26,1,NonStim,0,1,137.522666666667,138.4966,NaN,0.974000000000018,999.999999995225,1,0.4545,1,1,0,0,0,0,NaN,NaN,NaN,NaN,NaN,NaN,NaN,6.64890686285372,5.33122519720828,11.9680168337672,11.9952421445571
27,1,Stim,1,1,141.023733333333,141.9973,-0.0557333333333645,0.974000000000018,999.999999995225,1,0.3636,1,1,0,0,0,0,NaN,NaN,NaN,NaN,NaN,NaN,NaN,7.97868816319895,7.9968369190144,11.9680310415851,7.99679797479783
28,1,NonStim,0,1,144.383066666667,145.3569,NaN,0.973000000000013,999.999999995225,1,-0,-1,0,0,0,0,0,NaN,NaN,NaN,NaN,NaN,NaN,NaN,7.97868821376625,6.66402808089035,11.9680315213496,5.3312239060223
29,1,NonStim,0,1,147.8,148.7629,NaN,0.962999999999994,999.999999995225,3,-0.6363,-1,1,0,0,0,0,NaN,NaN,NaN,NaN,NaN,NaN,NaN,7.97868842201278,11.9952457908959,11.9680298370843,9.32964094432765
30,1,Stim,1,1,150.982466666667,151.956233333333,-0.0535666666666543,0.97399999999999,999.999999995225,3,-0,-1,0,0,0,0,0,NaN,NaN,NaN,NaN,NaN,NaN,NaN,7.97867599866783,5.33122382660368,11.8939258289147,6.66402764026642
31,1,Stim,1,1,154.408233333333,155.3768,-0.0552999999999884,0.968000000000018,999.999999995225,2,0.4545,1,1,0,0,0,0,NaN,NaN,NaN,NaN,NaN,NaN,NaN,7.97868824848807,3.9984186051008,11.968031023199,5.33120382656208
32,1,NonStim,0,1,157.900333333333,158.8651,NaN,0.965000000000003,999.999999995225,1,0.6363,1,1,0,0,0,0,NaN,NaN,NaN,NaN,NaN,NaN,NaN,7.97868800217454,6.66402866114717,11.9680327725782,7.99683539287634
33,1,Stim,1,1,161.192433333333,162.171633333333,-0.0560666666666805,0.978999999999985,999.999999995225,2,0.3636,1,1,0,0,0,0,NaN,NaN,NaN,NaN,NaN,NaN,NaN,11.9680309466569,11.995251005217,13.2978138930398,11.9952521920035
34,1,NonStim,0,1,164.5939,165.565833333333,NaN,0.972000000000008,999.999999995225,2,-0.1818,-1,1,0,0,0,0,NaN,NaN,NaN,NaN,NaN,NaN,NaN,7.97868814252556,10.6624503025069,11.9680326821807,7.99683760498386
35,1,Stim,1,1,167.960866666667,168.9332,-0.056366666666662,0.972999999999985,999.999999995225,1,0.1818,1,0,5,0,0,0,NaN,NaN,NaN,NaN,NaN,NaN,NaN,9.3084681834628,1.33280630067778,11.9680249477741,5.33122507919115
36,1,Stim,1,1,171.543733333333,172.519633333333,-0.0533333333333417,0.975999999999999,999.999999995225,2,-0.4545,-1,1,0,0,0,0,NaN,NaN,NaN,NaN,NaN,NaN,NaN,7.97868715561402,11.9952475411671,11.9680315169025,7.99682638642484
37,1,Stim,1,1,174.8612,175.8367,-0.0645666666666784,0.975000000000023,999.999999995225,1,0.0909,1,0,0,0,0,0,NaN,NaN,NaN,NaN,NaN,NaN,NaN,7.97868707301424,11.995241407631,11.968028112439,5.33122139694033
38,1,NonStim,0,1,178.2114,179.184966666667,NaN,0.973000000000013,999.999999995225,4,0.1818,1,1,0,0,0,0,NaN,NaN,NaN,NaN,NaN,NaN,NaN,11.9680035670267,5.33122519282626,11.9680327292484,7.9968302456794
39,1,NonStim,0,1,181.588833333333,182.5556,NaN,0.967000000000013,999.999999995225,4,0.0909,1,1,0,0,0,0,NaN,NaN,NaN,NaN,NaN,NaN,NaN,7.97868842947037,6.66403135084603,11.9680045100495,5.33121969331516
40,1,Stim,1,1,185.012333333333,185.9875,-0.0504999999999995,0.974999999999994,999.999999995225,2,-0.6363,-1,0,0,0,0,0,NaN,NaN,NaN,NaN,NaN,NaN,NaN,11.9680270881381,5.33122470413643,11.9680311165388,6.66403145146247
41,1,NonStim,0,1,188.321766666667,189.295033333333,NaN,0.97399999999999,999.999999995225,1,0.0909,1,1,0,0,0,0,NaN,NaN,NaN,NaN,NaN,NaN,NaN,7.97868816046242,7.99683501734957,11.9680277421259,5.33122474536383
42,1,NonStim,0,1,191.6716,192.645233333333,NaN,0.974000000000018,999.999999995225,3,-0.0909,-1,0,0,0,0,0,NaN,NaN,NaN,NaN,NaN,NaN,NaN,10.6382298545777,7.99683191431746,13.2978122403102,7.99683336897167
43,1,NonStim,0,1,194.997333333333,195.970266666667,NaN,0.973000000000013,999.999999995225,1,0.1818,1,1,0,0,0,0,NaN,NaN,NaN,NaN,NaN,NaN,NaN,6.64890675253125,6.66402782616278,11.9680236595103,7.99683719604174
44,1,Stim,1,1,198.364466666667,199.3282,-0.0491666666666504,0.963999999999999,999.999999995225,4,0.0909,1,1,0,0,0,0,NaN,NaN,NaN,NaN,NaN,NaN,NaN,10.6382513453306,5.33122499754227,11.9680314953508,5.3312251691202
45,1,Stim,1,1,201.7065,202.6735,-0.0595333333333485,0.967000000000013,999.999999995225,3,-0.3636,-1,0,0,1,0,0,NaN,NaN,NaN,NaN,NaN,NaN,NaN,6.64890536398636,5.33122504836121,11.9680284425691,7.99683622147965
46,1,Stim,1,1,205.181966666667,206.156133333333,-0.0520333333333554,0.975000000000023,999.999999995225,2,-1,-1,1,0,0,0,0,NaN,NaN,NaN,NaN,NaN,NaN,NaN,7.97868841297308,5.33122501353128,13.2978106472693,9.32963478707156
47,1,NonStim,0,1,208.407466666667,209.3924,NaN,0.985000000000014,999.999999995225,3,0.0909,1,1,0,0,0,0,NaN,NaN,NaN,NaN,NaN,NaN,NaN,7.9786873023783,7.99682810351791,11.9680314803828,7.99683713650382
48,1,Stim,1,1,211.792766666667,212.755966666667,-0.0570000000000164,0.962999999999994,999.999999995225,4,-1,-1,1,4,0,0,0,NaN,NaN,NaN,NaN,NaN,NaN,NaN,6.64890603568745,1.33280614034905,11.9680323101049,6.6640309128016
49,1,Stim,1,1,215.2,216.173066666667,-0.0515333333333103,0.974000000000018,999.999999995225,1,-0,-1,1,0,0,0,0,NaN,NaN,NaN,NaN,NaN,NaN,NaN,6.64890691813425,5.33122331201975,10.6382471227357,5.33122430150459
50,1,NonStim,0,1,218.600133333333,219.565066666667,NaN,0.965000000000003,999.999999995225,2,-0.6363,-1,1,0,0,0,0,NaN,NaN,NaN,NaN,NaN,NaN,NaN,10.6382447305618,7.99683779792376,11.9680304746738,6.6640294679822
51,1,NonStim,0,1,221.9846,222.951366666667,NaN,0.966999999999985,999.999999995225,2,0.6363,1,1,0,0,0,0,NaN,NaN,NaN,NaN,NaN,NaN,NaN,9.30846989113062,5.33122200495998,11.9680327948544,9.329631430299
52,1,Stim,1,1,225.359766666667,226.328,-0.0529666666666628,0.968999999999994,999.999999995225,1,-0.6363,-1,1,0,1,0,0,NaN,NaN,NaN,NaN,NaN,NaN,NaN,15.9573707955544,11.995207502499,17.2871540467454,6.66402864995244
53,1,Stim,1,1,228.6935,229.657766666667,-0.0573666666666668,0.964000000000027,999.999999995225,4,0.3636,1,1,0,0,0,0,NaN,NaN,NaN,NaN,NaN,NaN,NaN,7.97868848713524,7.9968372950195,11.8938761407985,6.66403009256831
54,1,NonStim,0,1,232.102433333333,233.0745,NaN,0.972000000000008,999.999999995225,2,0.4545,1,1,0,0,0,0,NaN,NaN,NaN,NaN,NaN,NaN,NaN,10.6382414992199,6.66402985701318,11.9680298726272,7.99683400893236
55,1,Stim,1,1,235.710133333333,236.678966666667,-0.0514666666666699,0.967999999999989,999.999999995225,4,1,1,1,0,0,0,0,NaN,NaN,NaN,NaN,NaN,NaN,NaN,9.30846934284933,3.99841892858166,11.9680319129878,7.99683661221227
56,1,Stim,1,1,239.244866666667,240.2266,-0.0535333333333199,0.981999999999999,999.999999995225,3,-0.1818,-1,1,0,0,0,0,NaN,NaN,NaN,NaN,NaN,NaN,NaN,7.9786884536017,2.10735171385745,11.9680299833351,5.33121877365058
57,1,Stim,1,1,242.5616,243.553133333333,-0.0501999999999896,0.99199999999999,999.999999995225,4,-0.1818,-1,1,0,0,0,0,NaN,NaN,NaN,NaN,NaN,NaN,NaN,7.97868830400581,5.33122051537625,13.2978127664847,5.33122395119825
58,1,NonStim,0,1,245.937733333333,246.896066666667,NaN,0.959000000000003,999.999999995225,2,0.3636,1,1,0,0,0,0,NaN,NaN,NaN,NaN,NaN,NaN,NaN,9.30846787208159,5.33122511902844,11.9680309123264,7.9968373992993
59,1,NonStim,0,1,249.2977,250.2706,NaN,0.973000000000013,999.999999995225,3,0.3636,1,1,0,0,0,0,NaN,NaN,NaN,NaN,NaN,NaN,NaN,10.6382431694903,5.33122501210504,11.9680325737772,6.66403119092088
60,1,NonStim,0,1,252.7469,253.712333333333,NaN,0.96599999999998,999.999999995225,3,-0.4545,-1,1,0,0,0,0,NaN,NaN,NaN,NaN,NaN,NaN,NaN,7.97868856002721,6.66403110719533,13.2978108442627,7.99683165862069
61,1,NonStim,0,1,256.263366666667,257.238066666667,NaN,0.974999999999966,1000.00000002365,3,0.4545,1,1,0,0,0,0,NaN,NaN,NaN,NaN,NaN,NaN,NaN,9.30846955597387,5.33122365143818,11.9680296521032,6.66403146250224
62,1,NonStim,0,1,259.680866666667,260.6537,NaN,0.973000000000013,1000.00000002365,3,-0.1818,-1,1,2,2,2,2.05549845837613,0.246821493875394,23.4861338463603,17.9999999995744,0.160230098783883,-0.00121198640428372,359.566620865842,0.160234682473356,7.97868842995602,6.66403073596027,11.9680306168419,3.99841698831106
63,1,Stim,1,1,263.023466666667,263.988166666667,-0.0600666666666712,0.964999999999975,1000.00000002365,2,0.1818,1,1,0,0,0,0,NaN,NaN,NaN,NaN,NaN,NaN,NaN,7.97868837451557,5.3312194563556,11.9680325324879,5.33122447552337
65,1,NonStim,0,1,269.632066666667,270.6056,NaN,0.973000000000013,1000.00000002365,3,0.1818,1,1,0,0,0,0,NaN,NaN,NaN,NaN,NaN,NaN,NaN,7.97868811709876,5.33122520875303,10.638251403887,7.99679088668698
66,1,Stim,1,1,273.367166666667,274.332766666667,-0.0623666666666622,0.964999999999975,1000.00000002365,3,0.4545,1,1,0,0,0,0,NaN,NaN,NaN,NaN,NaN,NaN,NaN,7.97868843201897,6.6640240983186,11.8939235814516,7.99683644241618
67,1,NonStim,0,1,276.741233333333,277.706266666667,NaN,0.964999999999975,1000.00000002365,2,-0.3636,-1,1,0,0,0,0,NaN,NaN,NaN,NaN,NaN,NaN,NaN,10.6382504742296,11.9952434881089,10.6382477189403,6.66403148927824
68,1,Stim,1,1,280.266333333333,281.2235,-0.065466666666623,0.956999999999994,1000.00000002365,3,0.6363,1,1,0,0,0,0,NaN,NaN,NaN,NaN,NaN,NaN,NaN,11.9680182745949,3.99841773914944,13.297794274752,6.66402059004971
69,1,Stim,1,1,283.608333333333,284.6093,-0.0497999999999479,1.00099999999998,1000.00000002365,1,-1,-1,1,0,0,0,0,NaN,NaN,NaN,NaN,NaN,NaN,NaN,7.97868478572017,6.66400933241765,11.9680295890813,5.3312250195696
70,1,NonStim,0,1,286.984366666667,287.949566666667,NaN,0.964999999999975,1000.00000002365,1,0.3636,1,1,0,0,0,0,NaN,NaN,NaN,NaN,NaN,NaN,NaN,7.97868622902823,5.33122483721415,11.9680328009859,11.995248084643
71,1,NonStim,0,1,290.3184,291.292966666667,NaN,0.973999999999933,1000.00000002365,3,-1,-1,1,0,0,0,0,NaN,NaN,NaN,NaN,NaN,NaN,NaN,7.97868354571964,7.9968340229898,13.2978126707288,7.99683238042243
72,1,Stim,1,1,293.6683,294.651133333333,-0.0510999999999626,0.983000000000004,1000.00000002365,3,0.3636,1,1,0,0,0,0,NaN,NaN,NaN,NaN,NaN,NaN,NaN,7.97868846815277,7.99683556994477,11.9680326416089,7.99683661223671
73,1,Stim,1,1,297.027866666667,297.995833333333,-0.0541000000000054,0.967999999999961,1000.00000002365,4,0.1818,1,1,0,0,0,0,NaN,NaN,NaN,NaN,NaN,NaN,NaN,9.30846721676498,10.6624407817762,11.9680268753983,7.99681686904593
74,1,NonStim,0,1,300.377033333333,301.355966666667,NaN,0.978000000000009,1000.00000002365,1,-0.1818,-1,1,0,0,0,0,NaN,NaN,NaN,NaN,NaN,NaN,NaN,11.9680297017885,5.33122310660122,15.9573764213966,7.99682613281059
75,1,Stim,1,1,303.603766666667,304.5714,-0.0530333333333601,0.968000000000018,1000.00000002365,4,-0.3636,-1,1,0,0,0,0,NaN,NaN,NaN,NaN,NaN,NaN,NaN,5.3191227058119,9.3296349359212,11.9680187038494,7.99682952776167
76,1,Stim,1,1,306.820266666667,307.785533333333,-0.054366666666624,0.964999999999975,1000.00000002365,1,-0.4545,-1,1,0,0,0,0,NaN,NaN,NaN,NaN,NaN,NaN,NaN,7.97868617030122,5.33122519358078,11.9680227433558,7.99683762856764
77,1,NonStim,0,1,309.995366666667,310.968733333333,NaN,0.973000000000013,1000.00000002365,4,-0.4545,-1,1,0,0,0,0,NaN,NaN,NaN,NaN,NaN,NaN,NaN,10.6382514132396,7.99681403069677,11.9680241517347,7.99681107314237
78,1,Stim,1,1,313.171033333333,314.1445,-0.0529666666666344,0.972999999999956,1000.00000002365,1,-0.3636,-1,1,0,0,0,0,NaN,NaN,NaN,NaN,NaN,NaN,NaN,7.97868788430566,3.99841769328221,11.9680248102401,6.6640219360756
79,1,Stim,1,1,316.506066666667,317.473766666667,-0.05499999999995,0.966999999999985,1000.00000002365,3,-0.4545,-1,1,0,0,0,0,NaN,NaN,NaN,NaN,NaN,NaN,NaN,7.97868825665947,5.33122490308994,11.9680314527237,5.33122516988034
80,1,NonStim,0,1,319.855266666667,320.841,NaN,0.98599999999999,1000.00000002365,4,-0.3636,-1,1,5,1,1,1.01419878296147,0.279944773130332,28.8910237909024,25.9999999993852,0.137780384040607,0.990462803831433,82.0805730748139,1,7.97868796244605,1.33280189529318,11.9680309352841,6.66401870813857
81,1,Stim,1,1,323.1227,324.098233333333,-0.0584999999999241,0.975999999999999,1000.00000002365,4,-0.0909,-1,1,0,0,0,0,NaN,NaN,NaN,NaN,NaN,NaN,NaN,7.97868683897345,5.33122199098325,11.968025827252,6.66402874109412
82,1,Stim,1,1,326.506833333333,327.471366666667,-0.0548666666666122,0.964999999999975,1000.00000002365,1,-0.1818,-1,0,0,0,0,0,NaN,NaN,NaN,NaN,NaN,NaN,NaN,9.30846944209592,7.99683071832422,11.9680327287505,9.32961767169048
83,1,Stim,1,1,329.8814,330.848733333333,-0.0568666666666786,0.966999999999985,1000.00000002365,1,-0.0909,-1,1,0,0,0,0,NaN,NaN,NaN,NaN,NaN,NaN,NaN,7.97868764431893,6.66402789288234,10.6382483962091,6.6640311092959
84,1,NonStim,0,1,333.265466666667,334.229866666667,NaN,0.963999999999942,1000.00000002365,4,-0,-1,1,0,0,0,0,NaN,NaN,NaN,NaN,NaN,NaN,NaN,11.9680239916259,7.99683606198905,10.6382393184229,6.66402969754596
85,1,NonStim,0,1,336.5073,337.474733333333,NaN,0.966999999999985,1000.00000002365,4,-0.1818,-1,1,0,0,0,0,NaN,NaN,NaN,NaN,NaN,NaN,NaN,7.97868636816676,7.99683768035208,11.9680327042577,5.33121893760724
86,1,Stim,1,1,339.716333333333,340.693,-0.052066666666633,0.976999999999975,1000.00000002365,2,1,1,1,0,0,0,0,NaN,NaN,NaN,NaN,NaN,NaN,NaN,7.97866968823419,7.99683617719067,11.9680208107289,7.99683782830991
87,1,Stim,1,1,343.2678,344.2326,-0.0627000000000066,0.965000000000032,1000.00000002365,2,0.6363,1,1,0,0,0,0,NaN,NaN,NaN,NaN,NaN,NaN,NaN,9.30846989309481,5.3312252083682,13.2978089846749,6.66403076192987
88,1,Stim,1,1,346.484566666667,347.449466666667,-0.0560666666666521,0.964999999999975,1000.00000002365,2,-0.1818,-1,1,0,0,0,0,NaN,NaN,NaN,NaN,NaN,NaN,NaN,7.97868823886197,5.3312250722169,11.9680269449986,6.6640314575677
89,1,Stim,1,1,349.826866666667,350.817,-0.0542666666666491,0.990999999999985,1000.00000002365,3,0.1818,1,1,0,0,0,0,NaN,NaN,NaN,NaN,NaN,NaN,NaN,7.97868811782147,6.66403085311922,10.6382514061254,6.66402295148696
90,1,NonStim,0,1,353.3437,354.324066666667,NaN,0.980999999999995,1000.00000002365,4,0.3636,1,1,0,0,0,0,NaN,NaN,NaN,NaN,NaN,NaN,NaN,7.97868393231092,6.66401138195467,11.9680326354595,6.66403035257679
91,1,NonStim,0,1,356.7355,357.7029,NaN,0.966999999999985,1000.00000002365,2,0.0909,1,0,0,0,0,0,NaN,NaN,NaN,NaN,NaN,NaN,NaN,9.30846928271852,10.662438636845,12.3004771011754,10.6624448427903
93,1,NonStim,0,1,363.144433333333,364.126,NaN,0.981999999999971,1000.00000002365,1,-0.0909,-1,1,0,0,0,0,NaN,NaN,NaN,NaN,NaN,NaN,NaN,7.97868453507333,5.33122463246335,11.968030704069,6.66403076231077
94,1,NonStim,0,1,366.386033333333,367.3529,NaN,0.965999999999951,1000.00000002365,2,-0,-1,1,0,0,0,0,NaN,NaN,NaN,NaN,NaN,NaN,NaN,11.9680104307438,6.66402232742722,12.6503853570699,7.99681388100048
95,1,Stim,1,1,369.853166666667,370.8259,-0.054366666666624,0.97199999999998,1000.00000002365,2,0.0909,1,1,0,0,0,0,NaN,NaN,NaN,NaN,NaN,NaN,NaN,11.9680277694393,6.66402723682512,9.30846950059204,7.99682833568559
96,1,NonStim,0,1,373.420066666667,374.397966666667,NaN,0.976999999999975,1000.00000002365,4,-1,-1,1,0,0,0,0,NaN,NaN,NaN,NaN,NaN,NaN,NaN,6.64890700114555,6.66403141627979,11.9680271842549,5.3312248338504
97,1,Stim,1,1,376.771366666667,377.7453,-0.0529999999999973,0.97399999999999,1000.00000002365,4,0.4545,1,1,0,0,0,0,NaN,NaN,NaN,NaN,NaN,NaN,NaN,7.97868780301525,7.99683489145838,11.9680252856426,5.33122184944785
98,1,NonStim,0,1,380.105733333333,381.070266666667,NaN,0.964999999999975,1000.00000002365,2,-0.0909,-1,0,0,0,0,0,NaN,NaN,NaN,NaN,NaN,NaN,NaN,7.97868746530223,6.66402942049805,11.9680264782121,7.99683569390133
100,1,NonStim,0,1,385.0393,385.999466666667,NaN,0.95999999999998,1000.00000002365,2,-1,-1,1,0,0,0,0,NaN,NaN,NaN,NaN,NaN,NaN,NaN,9.30846620837559,6.66401946998887,9.30846998350983,7.99682443978443
101,1,Stim,1,1,388.2562,389.214766666667,-0.0652000000000044,0.95799999999997,1000.00000002365,2,-0.3636,-1,1,0,0,0,0,NaN,NaN,NaN,NaN,NaN,NaN,NaN,7.97868790555499,2.66560662636848,11.9680317347743,6.66403140033622
102,1,NonStim,0,1,391.6232,392.588,NaN,0.964999999999975,1000.00000002365,1,-0.3636,-1,1,0,0,0,0,NaN,NaN,NaN,NaN,NaN,NaN,NaN,7.97868852200595,6.66403018892828,11.8939253056739,7.99683512471698
103,1,Stim,1,1,394.965033333333,395.960666666667,-0.0523333333333085,0.994999999999948,1000.00000002365,1,1,1,1,0,0,0,0,NaN,NaN,NaN,NaN,NaN,NaN,NaN,7.97868585101468,5.33122510325046,13.297811600418,6.66403102798058
104,1,NonStim,0,1,398.367133333333,399.326066666667,NaN,0.959000000000003,1000.00000002365,3,-0,-1,1,0,0,0,0,NaN,NaN,NaN,NaN,NaN,NaN,NaN,10.6382508381275,5.33122483655901,11.9680326991484,7.99682966045926
105,1,Stim,1,1,401.683033333333,402.668333333333,-0.0606999999999402,0.984999999999957,1000.00000002365,4,0.6363,1,1,0,0,0,0,NaN,NaN,NaN,NaN,NaN,NaN,NaN,5.31912570865526,5.33122499514074,11.9680296007459,6.66403124103834
106,1,NonStim,0,1,405.025366666667,406.000733333333,NaN,0.974999999999966,1000.00000002365,1,-0.4545,-1,1,0,0,0,0,NaN,NaN,NaN,NaN,NaN,NaN,NaN,7.97868796850927,5.33122422418512,11.9680327052641,6.66402079758567
108,1,NonStim,0,1,411.434633333333,412.4003,NaN,0.965999999999951,1000.00000002365,4,-0.0909,-1,0,0,0,0,0,NaN,NaN,NaN,NaN,NaN,NaN,NaN,7.97868747667333,5.33122153625648,9.30846999321365,6.03453239501978
109,1,Stim,1,1,414.743466666667,415.7095,-0.0632999999999697,0.965999999999951,1000.00000002365,4,-0.4545,-1,1,1,1,1,1.03519668737065,0.204808618713807,21.8419708479083,14.9999999996453,0.490347668708619,-0.87152691512771,299.363435390436,1,7.97868085018051,5.3312213137076,11.968030098765,5.3312251444364
110,1,NonStim,0,1,418.068633333333,419.0427,NaN,0.973999999999933,1000.00000002365,3,1,1,1,0,0,0,0,NaN,NaN,NaN,NaN,NaN,NaN,NaN,7.97868608843975,7.99683692688637,11.8939256168292,6.66402624801537
111,1,Stim,1,1,421.452466666667,422.418633333333,-0.0532666666666159,0.966000000000008,1000.00000002365,4,-0,-1,1,0,0,0,0,NaN,NaN,NaN,NaN,NaN,NaN,NaN,7.97868623743012,3.99841853292858,9.30846997895626,7.99683169167815
112,1,NonStim,0,1,424.827533333333,425.813066666667,NaN,0.98599999999999,1000.00000002365,2,0.6363,1,1,1,0,0,0,NaN,NaN,NaN,NaN,NaN,NaN,NaN,7.97868837088479,6.66400826173613,11.9680327822614,6.66399373623318
113,1,Stim,1,1,428.0941,429.0684,-0.0501333333332923,0.973999999999933,1000.00000002365,4,-0,-1,0,0,0,0,0,NaN,NaN,NaN,NaN,NaN,NaN,NaN,5.31912572064793,5.33121781250147,11.9680246410096,7.99683254433031
115,1,Stim,1,1,433.1203,434.103333333333,-0.0518000000000143,0.983000000000004,1000.00000002365,1,-0.3636,-1,1,0,0,0,0,NaN,NaN,NaN,NaN,NaN,NaN,NaN,6.64890614030139,5.33122441725439,11.9680247201596,6.66402621069413
116,1,Stim,1,1,436.487633333333,437.464266666667,-0.0629999999999882,0.976999999999975,1000.00000002365,3,-0.1818,-1,0,0,0,0,0,NaN,NaN,NaN,NaN,NaN,NaN,NaN,6.64890694167676,5.3312164107885,10.6382501060932,3.99841593475875
117,1,NonStim,0,1,439.763333333333,440.7288,NaN,0.964999999999975,1000.00000002365,2,0.4545,1,1,0,0,0,0,NaN,NaN,NaN,NaN,NaN,NaN,NaN,7.97868603645681,5.33122498161825,11.9680319947391,5.33122506300863
118,1,NonStim,0,1,443.105366666667,444.073933333333,NaN,0.967999999999961,1000.00000002365,4,-0,-1,0,0,0,0,0,NaN,NaN,NaN,NaN,NaN,NaN,NaN,7.9786880750879,7.99683650214289,11.9680294994512,7.99683661659463
119,1,NonStim,0,1,446.4973,447.470833333333,NaN,0.973000000000013,1000.00000002365,4,-0.1818,-1,1,1,0,0,0,NaN,NaN,NaN,NaN,NaN,NaN,NaN,7.9786848789952,5.33122105890684,10.6382513277012,7.9968376160193
120,1,NonStim,0,1,449.897866666667,450.871933333333,NaN,0.973999999999933,1000.00000002365,4,1,1,1,0,0,0,0,NaN,NaN,NaN,NaN,NaN,NaN,NaN,7.97868416410593,5.33122483721414,11.9680324054685,5.33122304304919
122,1,Stim,1,1,454.8487,455.822066666667,-0.0548666666666122,0.97399999999999,1000.00000002365,1,-0.0909,-1,0,1,1,1,1.02669404517455,0.171033833598498,19.1820604613055,15.9999999996217,-0.498645961167307,-0.866805748372455,240.089542128237,1,10.6382395231844,5.33122512627117,11.9680325613228,7.99682115426856
123,1,Stim,1,1,458.3152,459.285,-0.0559666666666772,0.970000000000027,1000.00000002365,1,0.6363,1,1,0,0,0,0,NaN,NaN,NaN,NaN,NaN,NaN,NaN,6.64890599789962,5.3312133808297,11.9680287905799,11.9952058393787
125,1,Stim,1,1,463.291233333333,464.263833333333,-0.055533333333301,0.97199999999998,1000.00000002365,3,0.3636,1,1,0,0,0,0,NaN,NaN,NaN,NaN,NaN,NaN,NaN,7.97868849225131,5.33122414815622,11.9680308652091,7.99683536800723
126,1,NonStim,0,1,466.5332,467.514966666667,NaN,0.980999999999995,1000.00000002365,1,-1,-1,1,1,0,0,0,NaN,NaN,NaN,NaN,NaN,NaN,NaN,7.97868673768759,5.33122233821504,10.6381957242094,5.33122522184281
127,1,NonStim,0,1,469.850866666667,470.835233333333,NaN,0.984999999999957,1000.00000002365,2,0.0909,1,0,1,0,0,0,NaN,NaN,NaN,NaN,NaN,NaN,NaN,7.9786880699219,5.33121666951274,11.9680310151871,6.66403064889701
128,1,Stim,1,1,473.2843,474.258533333333,-0.0491999999999848,0.973999999999933,1000.00000002365,2,0.6363,1,1,4,0,0,0,NaN,NaN,NaN,NaN,NaN,NaN,NaN,10.6382506770223,1.33280542186165,11.9680234854763,6.66400792070165
129,1,Stim,1,1,476.518233333333,477.4918,-0.0622333333332676,0.972999999999956,1000.00000002365,2,-0,-1,0,0,0,0,0,NaN,NaN,NaN,NaN,NaN,NaN,NaN,11.9680308963778,11.9951787812223,13.2978133436167,11.9952169497518
130,1,NonStim,0,1,479.810433333333,480.783233333333,NaN,0.973000000000013,1000.00000002365,4,0.1818,1,1,0,1,0,0,NaN,NaN,NaN,NaN,NaN,NaN,NaN,9.30846871410727,7.99683685992564,10.6382512608695,7.9968319993605
131,1,NonStim,0,1,483.135966666667,484.109733333333,NaN,0.973999999999933,1000.00000002365,1,0.1818,1,1,0,0,0,0,NaN,NaN,NaN,NaN,NaN,NaN,NaN,6.648906359095,7.99683720026532,11.9680122582556,7.9968351907662
132,1,NonStim,0,1,486.552233333333,487.526133333333,NaN,0.97399999999999,1000.00000002365,2,-0.1818,-1,1,0,0,0,0,NaN,NaN,NaN,NaN,NaN,NaN,NaN,7.97868854481388,5.33122170619343,11.968032430866,7.99683780010348
133,1,NonStim,0,1,489.7783,490.7432,NaN,0.964999999999975,1000.00000002365,3,-1,-1,1,0,0,0,0,NaN,NaN,NaN,NaN,NaN,NaN,NaN,7.97867945026196,5.33122453662452,11.8939245628118,7.99680321431959
134,1,Stim,1,1,493.303966666667,494.2795,-0.0642999999999461,0.975999999999999,1000.00000002365,2,-0.1818,-1,0,0,0,0,0,NaN,NaN,NaN,NaN,NaN,NaN,NaN,9.30846967830685,2.6656125162711,11.9680323968417,7.99681635238606
135,1,NonStim,0,1,496.537366666667,497.5296,NaN,0.991999999999962,1000.00000002365,2,0.1818,1,0,0,0,0,0,NaN,NaN,NaN,NaN,NaN,NaN,NaN,11.968029371197,11.9952462877643,13.2978088078804,6.6640296608574
136,1,Stim,1,1,499.929933333333,500.905733333333,-0.0645666666666784,0.975999999999942,1000.00000002365,1,0.0909,1,1,0,0,0,0,NaN,NaN,NaN,NaN,NaN,NaN,NaN,10.6382484272984,5.33122518475048,11.9680326186264,3.9984179147872
137,1,NonStim,0,1,503.1313,504.1041,NaN,0.972999999999956,1000.00000002365,1,-0.1818,-1,1,0,0,0,0,NaN,NaN,NaN,NaN,NaN,NaN,NaN,9.30845256836467,7.99683541533709,10.6382291939794,5.33122518918982
138,1,Stim,1,1,506.355433333333,507.311866666667,-0.0636333333333141,0.95599999999996,1000.00000002365,2,-0.0909,-1,1,0,0,0,0,NaN,NaN,NaN,NaN,NaN,NaN,NaN,9.30846998046049,5.33122483248127,13.2978024530865,5.33122432338616
139,1,Stim,1,1,509.772366666667,510.7465,-0.0531999999999471,0.973999999999933,1000.00000002365,1,-0.6363,-1,1,0,0,0,0,NaN,NaN,NaN,NaN,NaN,NaN,NaN,7.9786853649762,5.33122078386775,11.9680261114137,6.66402981447152
140,1,NonStim,0,1,513.149866666667,514.133233333333,NaN,0.984000000000037,1000.00000002365,4,0.6363,1,1,0,0,0,0,NaN,NaN,NaN,NaN,NaN,NaN,NaN,11.9680216346282,5.33122503528737,13.297810601427,9.32964393303883
141,1,Stim,1,1,516.506633333333,517.480633333333,-0.0606333333332714,0.974000000000046,1000.00000002365,4,-1,-1,1,0,0,0,0,NaN,NaN,NaN,NaN,NaN,NaN,NaN,7.97868791686157,5.33122518491368,11.9680259109515,5.33122508601918
143,1,NonStim,0,1,521.533,522.489866666667,NaN,0.956999999999994,1000.00000002365,3,1,1,1,0,0,0,0,NaN,NaN,NaN,NaN,NaN,NaN,NaN,7.97868112663642,5.33121342839048,11.9680322766935,7.9968036664167
144,1,Stim,1,1,524.834166666667,525.8111,-0.0568333333333157,0.976999999999975,1000.00000002365,3,-0.0909,-1,0,0,0,0,0,NaN,NaN,NaN,NaN,NaN,NaN,NaN,6.64890679910612,5.33122520117675,11.8939265331477,5.33122492524463
146,1,NonStim,0,1,529.819,530.784933333333,NaN,0.966000000000008,1000.00000002365,4,-0.3636,-1,1,2,0,0,0,NaN,NaN,NaN,NaN,NaN,NaN,NaN,9.30846907937189,1.33280593833745,11.9680287405674,6.66403099035746
147,1,Stim,1,1,533.159533333333,534.1254,-0.0612999999999602,0.966000000000008,1000.00000002365,2,1,1,1,0,0,0,0,NaN,NaN,NaN,NaN,NaN,NaN,NaN,9.30846107742441,5.33122520377675,11.9680185605107,5.33122520150237
148,1,NonStim,0,1,536.5593,537.537333333333,NaN,0.978000000000065,1000.00000002365,2,-0.0909,-1,0,0,0,0,0,NaN,NaN,NaN,NaN,NaN,NaN,NaN,9.30846324839686,6.66403046230314,12.5803054601497,5.33122460845761
151,1,NonStim,0,1,544.318233333333,545.293666666667,NaN,0.975000000000023,1000.00000002365,4,0.4545,1,1,0,0,0,0,NaN,NaN,NaN,NaN,NaN,NaN,NaN,10.6382449757042,6.66402785840948,11.9680030304577,7.99683462032969
153,1,NonStim,0,1,550.6547,551.6186,NaN,0.964000000000055,1000.00000002365,3,0.6363,1,1,1,1,0,0,NaN,NaN,NaN,NaN,NaN,NaN,NaN,6.64890566062446,3.99841854461512,11.9680255779768,6.66401288033719
154,1,Stim,1,1,554.145033333333,555.110066666667,-0.0625999999999749,0.965000000000032,1000.00000002365,2,-1,-1,1,0,0,0,0,NaN,NaN,NaN,NaN,NaN,NaN,NaN,14.6275773846688,7.99683452823596,13.297813453437,5.33118742497438
155,1,Stim,1,1,557.5051,558.482,-0.0564333333333025,0.976999999999975,1000.00000002365,4,-0.4545,-1,1,0,0,0,0,NaN,NaN,NaN,NaN,NaN,NaN,NaN,10.6382512730598,3.99841891632499,11.9680323143597,5.33122520626518
156,1,NonStim,0,1,560.855,561.811066666667,NaN,0.956999999999994,1000.00000002365,3,0.4545,1,1,0,0,0,0,NaN,NaN,NaN,NaN,NaN,NaN,NaN,9.30846461111478,1.33280628945563,11.9680319216709,9.32964138727334
157,1,Stim,1,1,564.2309,565.195866666667,-0.0599333333332197,0.965000000000032,1000.00000002365,2,-0.4545,-1,1,0,0,0,0,NaN,NaN,NaN,NaN,NaN,NaN,NaN,7.97868853819526,5.33121847056411,11.9680285381855,5.33122511837403
158,1,NonStim,0,1,567.5886,568.575066666667,NaN,0.986999999999966,1000.00000002365,4,-0.6363,-1,1,1,1,1,1.01317122593722,0.265713232471722,20.5844853121977,21.9999999994798,0.712561556606913,-0.701609598028657,315.443714650287,1,7.97868841451987,5.3312249587981,11.9680044415415,7.99683313560731
160,1,NonStim,0,1,573.739133333333,574.716266666667,NaN,0.976999999999975,1000.00000002365,3,-0.3636,-1,1,0,0,0,0,NaN,NaN,NaN,NaN,NaN,NaN,NaN,13.2978098212908,3.99841776475191,14.6275955373547,7.99683743433546
162,1,Stim,1,1,578.8981,579.854266666667,-0.0658999999999423,0.956000000000017,1000.00000002365,2,0.0909,1,1,1,0,0,0,NaN,NaN,NaN,NaN,NaN,NaN,NaN,7.97868484654513,3.99841247439736,11.9680326105394,6.66402986882515
163,1,NonStim,0,1,582.290366666667,583.264333333333,NaN,0.973999999999933,1000.00000002365,3,-0,-1,0,1,1,1,1.02669404517461,0.246170114193986,23.5629047001879,14.9999999996453,0.113444675948243,-0.993544314813888,276.513924463987,1,10.6382499258826,3.99841873104895,13.2978107925912,6.66403147814696
164,1,Stim,1,1,585.632366666667,586.598266666667,-0.0526333333333469,0.965999999999894,1000.00000002365,1,0.1818,1,1,0,0,0,0,NaN,NaN,NaN,NaN,NaN,NaN,NaN,7.97868582555029,6.66400104921602,14.6275822114055,6.66402755735996
165,1,NonStim,0,1,588.8417,589.814933333333,NaN,0.972999999999956,1000.00000002365,4,-0.0909,-1,1,0,0,0,0,NaN,NaN,NaN,NaN,NaN,NaN,NaN,7.97868163164905,6.66403065798694,11.9680248121157,3.99841818824003
166,1,Stim,1,1,592.166833333333,593.141166666667,-0.0557666666666137,0.974999999999909,1000.00000002365,4,-0.6363,-1,1,0,0,0,0,NaN,NaN,NaN,NaN,NaN,NaN,NaN,7.97868753845498,2.66561260321177,13.2978126301611,5.33122002266688
167,1,Stim,1,1,595.5342,596.517,-0.0517999999999574,0.983000000000061,1000.00000002365,4,-0.3636,-1,1,0,0,0,0,NaN,NaN,NaN,NaN,NaN,NaN,NaN,7.97868850325319,5.33122472798838,13.2978124839355,5.3312122976292
168,1,NonStim,0,1,598.8595,599.831733333333,NaN,0.97199999999998,1000.00000002365,1,-0.6363,-1,1,0,0,0,0,NaN,NaN,NaN,NaN,NaN,NaN,NaN,7.97868836507275,7.99683454104078,13.2977134797761,5.33122238714527
171,1,Stim,1,1,605.910166666667,606.8749,-0.0620999999999867,0.964000000000055,1000.00000002365,3,0.4545,1,1,0,0,0,0,NaN,NaN,NaN,NaN,NaN,NaN,NaN,6.64890480207997,5.33122292148559,11.9680260394133,10.6624474279806
172,1,NonStim,0,1,609.244366666667,610.218466666667,NaN,0.973999999999933,1000.00000002365,3,0.3636,1,1,0,0,0,0,NaN,NaN,NaN,NaN,NaN,NaN,NaN,9.3084692316754,5.33122495165845,11.9680326551883,7.99683607124659
173,1,NonStim,0,1,612.644633333333,613.621966666667,NaN,0.976999999999975,1000.00000002365,1,-0.0909,-1,1,0,0,0,0,NaN,NaN,NaN,NaN,NaN,NaN,NaN,7.97868459345875,5.33122519735979,11.9680190653535,7.99683468527592
174,1,Stim,1,1,616.0114,616.976433333333,-0.0639333333333525,0.965000000000032,1000.00000002365,3,0.0909,1,1,0,1,0,0,NaN,NaN,NaN,NaN,NaN,NaN,NaN,9.30842776986293,6.66402617128219,11.96803272831,6.66394235586008
175,1,NonStim,0,1,619.404533333333,620.370466666667,NaN,0.966000000000008,1000.00000002365,2,-0,-1,1,0,0,0,0,NaN,NaN,NaN,NaN,NaN,NaN,NaN,10.6382453413953,7.99682124788447,14.6275952803689,7.99683506116229
176,1,NonStim,0,1,622.687566666667,623.652133333333,NaN,0.965000000000032,1000.00000002365,2,1,1,1,0,0,0,0,NaN,NaN,NaN,NaN,NaN,NaN,NaN,7.97868767522867,5.33122502651476,11.9680318622574,3.99841890745726
177,1,Stim,1,1,626.046833333333,627.013033333333,-0.0512666666666064,0.966999999999985,1000.00000002365,3,0.1818,1,1,0,0,0,0,NaN,NaN,NaN,NaN,NaN,NaN,NaN,7.97868848668877,5.33122150189474,11.968031293298,6.66402768976331
178,1,Stim,1,1,629.3714,630.346066666667,-0.0504999999999427,0.975000000000023,1000.00000002365,1,-1,-1,1,0,0,0,0,NaN,NaN,NaN,NaN,NaN,NaN,NaN,10.6382514061254,7.99683633892114,11.8939247736886,7.99683698238271
179,1,NonStim,0,1,632.739366666667,633.713366666667,NaN,0.973999999999933,1000.00000002365,2,0.3636,1,1,4,0,0,0,NaN,NaN,NaN,NaN,NaN,NaN,NaN,7.97868848979294,1.33280622317503,11.9680318545355,5.33122451800198
180,1,Stim,1,1,636.122966666667,637.0991,-0.0524000000000342,0.976999999999975,1000.00000002365,1,0.4545,1,1,0,0,0,0,NaN,NaN,NaN,NaN,NaN,NaN,NaN,7.97868644151134,10.6624502063082,10.638250667728,7.99683489709727
181,1,NonStim,0,1,639.4903,640.447766666667,NaN,0.956999999999994,1000.00000002365,2,-0.3636,-1,1,0,0,0,0,NaN,NaN,NaN,NaN,NaN,NaN,NaN,7.97868841782714,10.6624441411747,13.2978114510292,7.99683504608374
182,1,NonStim,0,1,642.833866666667,643.805266666667,NaN,0.97199999999998,1000.00000002365,3,-0.6363,-1,1,0,0,0,0,NaN,NaN,NaN,NaN,NaN,NaN,NaN,6.64890711160869,5.33122249294529,11.9680327883453,7.99682686181969
183,1,Stim,1,1,646.2651,647.232733333333,-0.0541000000000622,0.966999999999985,1000.00000002365,1,-0.1818,-1,0,1,0,0,0,NaN,NaN,NaN,NaN,NaN,NaN,NaN,7.97868829425354,5.33122505129635,11.9680038791075,7.99683713607046
184,1,Stim,1,1,649.584833333333,650.549866666667,-0.0574333333333925,0.964999999999918,1000.00000002365,3,-1,-1,1,0,0,0,0,NaN,NaN,NaN,NaN,NaN,NaN,NaN,7.97868613486833,6.6640308016973,11.9680327649582,7.99683344669384
185,1,NonStim,0,1,652.958233333333,653.9496,NaN,0.990999999999985,1000.00000002365,1,-0.4545,-1,1,0,0,0,0,NaN,NaN,NaN,NaN,NaN,NaN,NaN,7.97868825439926,5.33121886610621,11.9680315010053,5.33122507109762
186,1,Stim,1,1,656.3001,657.2686,-0.0700333333332992,0.967999999999961,1000.00000002365,3,-0,-1,0,1,1,1,1.03305785123971,0.314484249174844,29.4041776805689,19.9999999995271,-0.057101648354852,-0.998368369768974,266.726535991347,1,6.6489057660662,7.99675699608744,13.2978129742605,6.66402866133658
187,1,Stim,1,1,659.6171,660.584733333333,-0.050133333333406,0.966999999999871,1000.00000002365,3,0.6363,1,1,0,0,0,0,NaN,NaN,NaN,NaN,NaN,NaN,NaN,6.64890671724189,5.33122476527444,11.9680318256059,7.99683330166778
188,1,Stim,1,1,662.9511,663.919833333333,-0.0561333333333778,0.967999999999961,1000.00000002365,4,-0.0909,-1,0,0,0,0,0,NaN,NaN,NaN,NaN,NaN,NaN,NaN,8.66911173465022,5.33122505944476,13.2978124332949,6.66403142212791
189,1,NonStim,0,1,666.376933333333,667.350166666667,NaN,0.974000000000046,1000.00000002365,4,0.3636,1,1,0,0,0,0,NaN,NaN,NaN,NaN,NaN,NaN,NaN,10.6382508848554,7.99683118642234,11.9680292345091,6.6640295753166
190,1,Stim,1,1,669.770766666667,670.726366666667,-0.064899999999966,0.956000000000017,1000.00000002365,3,-0.3636,-1,0,0,0,0,0,NaN,NaN,NaN,NaN,NaN,NaN,NaN,7.97868847610543,5.33122489381393,13.2977962881085,6.6640311860335
191,1,NonStim,0,1,673.311933333333,674.279266666667,NaN,0.967999999999961,1000.00000002365,2,-1,-1,1,5,1,1,1.03305785123971,0.178828465885915,18.0828203242831,17.9999999995744,0.546883270420086,-0.837208867926416,303.15345392673,1,11.9680213945416,1.3328061737625,11.9680279448704,5.33122140012087
192,1,NonStim,0,1,676.661733333333,677.645066666667,NaN,0.983999999999924,1000.00000002365,1,-0,-1,1,0,0,0,0,NaN,NaN,NaN,NaN,NaN,NaN,NaN,7.97868829141527,3.99841406593744,11.968027988402,6.66403150432653
193,1,NonStim,0,1,679.978366666667,680.953233333333,NaN,0.974999999999909,1000.00000002365,1,0.6363,1,1,0,0,0,0,NaN,NaN,NaN,NaN,NaN,NaN,NaN,7.97868838082278,5.33122096056986,11.9680326558299,7.99682948272713
194,1,Stim,1,1,683.179566666667,684.1627,-0.0485999999999649,0.983000000000061,1000.00000002365,4,0.0909,1,1,0,0,0,0,NaN,NaN,NaN,NaN,NaN,NaN,NaN,7.97868778961872,11.9952553556399,11.9680300331877,5.33122454838441
195,1,NonStim,0,1,686.6121,687.587733333333,NaN,0.974999999999909,1000.00000002365,4,-0.4545,-1,1,0,0,0,0,NaN,NaN,NaN,NaN,NaN,NaN,NaN,10.6382512853858,5.33122334181739,11.8939075414813,6.66403073594876
196,1,Stim,1,1,689.9388,690.9155,-0.0583666666666431,0.976999999999975,1000.00000002365,3,1,1,1,0,0,0,0,NaN,NaN,NaN,NaN,NaN,NaN,NaN,5.31912569774059,5.33122511764381,11.9680327503062,10.6624492695547
197,1,NonStim,0,1,693.405933333333,694.3739,NaN,0.968000000000075,1000.00000002365,1,-0.3636,-1,1,0,0,0,0,NaN,NaN,NaN,NaN,NaN,NaN,NaN,9.30846810336841,6.66403104890457,11.9680321694352,7.99683602883817
198,1,Stim,1,1,696.747933333333,697.7226,-0.0557999999999765,0.974999999999909,1000.00000002365,1,-0,-1,1,0,0,0,0,NaN,NaN,NaN,NaN,NaN,NaN,NaN,9.30846789501573,10.6624423045798,11.8939194446418,6.6640189164937
199,1,NonStim,0,1,700.2734,701.2299,NaN,0.956000000000017,1000.00000002365,3,-0.4545,-1,1,0,0,0,0,NaN,NaN,NaN,NaN,NaN,NaN,NaN,11.968031132366,6.66403147246201,14.6275793857895,9.32959396671036
200,1,Stim,1,1,703.6318,704.6124,-0.0616666666664969,0.980999999999995,1000.00000002365,4,0.3636,1,1,1,0,0,0,NaN,NaN,NaN,NaN,NaN,NaN,NaN,7.97868639541738,5.33122345597206,10.638249098649,7.99683193625577
201,1,NonStim,0,1,706.825466666667,707.798466666667,NaN,0.972999999999956,1000.00000002365,3,0.0909,1,0,0,0,0,0,NaN,NaN,NaN,NaN,NaN,NaN,NaN,10.6382513397709,3.99841822946922,10.554807084884,7.99683608096206
202,1,NonStim,0,1,710.157866666667,711.1346,NaN,0.976999999999975,1000.00000002365,1,0.4545,1,1,0,0,0,0,NaN,NaN,NaN,NaN,NaN,NaN,NaN,10.6382458536965,3.99841672954255,11.9680029081505,10.6624355471041
203,1,Stim,1,1,713.474166666667,714.458066666667,-0.0564000000000533,0.983999999999924,1000.00000002365,4,0.1818,1,1,0,0,0,0,NaN,NaN,NaN,NaN,NaN,NaN,NaN,7.97868728788616,5.33122477594099,11.9680285221304,10.662449126213
204,1,Stim,1,1,716.793966666667,717.765266666667,-0.0602333333332581,0.97199999999998,1000.00000002365,3,-0.4545,-1,1,2,0,0,0,NaN,NaN,NaN,NaN,NaN,NaN,NaN,6.64890712187804,1.33280619639187,11.8939265204742,6.66403115430502
205,1,Stim,1,1,720.0342,721.006933333333,-0.0523666666665576,0.97199999999998,1000.00000002365,2,-0.3636,-1,1,0,2,0,0,NaN,NaN,NaN,NaN,NaN,NaN,NaN,10.6382423686418,6.66402489499081,11.9680267707953,1.33280624782103
206,1,Stim,1,1,723.2599,724.234966666667,-0.0556666666666388,0.975000000000023,1000.00000002365,4,0.4545,1,1,3,1,1,1.025641025641,0.131582142858075,15.6989974922884,18.9999999995507,0.423775536097718,-0.905767241075262,295.073183423812,1,7.97868636830543,1.33280594210435,11.9680323020321,5.33122505021159
207,1,Stim,1,1,726.6343,727.6198,-0.0516000000000076,0.985000000000014,1000.00000002365,2,0.3636,1,1,0,0,0,0,NaN,NaN,NaN,NaN,NaN,NaN,NaN,9.30845466230063,5.33117324350865,11.9680318379191,7.99683510200096
208,1,Stim,1,1,729.978633333333,730.984766666667,-0.0597666666667465,1.00599999999997,1000.00000002365,4,-0.1818,-1,0,0,0,0,0,NaN,NaN,NaN,NaN,NaN,NaN,NaN,7.97868502810198,7.99683712373795,13.2978068841593,10.662449180702
209,1,Stim,1,1,733.352433333333,734.326433333333,-0.0532000000000608,0.974000000000046,1000.00000002365,1,-0.4545,-1,1,1,0,0,0,NaN,NaN,NaN,NaN,NaN,NaN,NaN,7.97868434503852,5.33122479951731,11.9680293114432,6.6639996146171
210,1,Stim,1,1,736.844966666667,737.811133333333,-0.0617999999999483,0.966999999999985,1000.00000002365,3,-0.6363,-1,1,0,0,0,0,NaN,NaN,NaN,NaN,NaN,NaN,NaN,9.30846739494344,3.99841882977799,11.9680214267609,5.33122278690613
211,1,NonStim,0,1,740.186233333333,741.146766666667,NaN,0.959999999999923,1000.00000002365,2,-0.6363,-1,1,1,1,1,1.04166666666675,0.128607420165913,11.4480033930093,15.9999999996217,-0.440170623854514,0.897914150626622,116.114768115249,1,10.6382505819676,6.664029269436,11.9680239139626,5.33122137188336
212,1,NonStim,0,1,743.695033333333,744.652866666667,NaN,0.956999999999994,1000.00000002365,3,-0.0909,-1,0,0,0,0,0,NaN,NaN,NaN,NaN,NaN,NaN,NaN,6.64890699230061,3.99840840130929,11.9680316971054,6.66399426468896
214,1,NonStim,0,1,748.621666666667,749.6154,NaN,0.994000000000028,1000.00000002365,1,0.0909,1,1,1,1,1,1.00603621730379,0.300591782042746,24.6817682530418,20.9999999995034,-0.0154840243593718,-0.99988011530865,269.11279529996,1,7.97868778297011,5.33122501605736,10.6382505919914,7.99683574675371
215,1,Stim,1,1,752.121233333333,753.0985,-0.0573333333333039,0.976999999999975,1000.00000002365,2,0.4545,1,1,0,0,0,0,NaN,NaN,NaN,NaN,NaN,NaN,NaN,7.97868858567535,5.33122230078342,11.9680323750411,7.99683462150873
216,1,Stim,1,1,755.3384,756.324,-0.0512666666666064,0.985999999999876,1000.00000002365,2,-0.6363,-1,1,1,1,1,1.01419878296159,0.17311405293173,14.4997747885761,16.999999999598,0.0729975987017841,-0.997332116490677,274.186177727588,1,9.30846825052013,3.99841774444731,10.6382491287955,5.33122384916557
217,1,Stim,1,1,758.8398,759.804733333333,-0.0655333333332919,0.964999999999918,1000.00000002365,2,0.1818,1,1,0,0,0,0,NaN,NaN,NaN,NaN,NaN,NaN,NaN,7.97868794767679,6.66403117773635,13.2978043656154,5.33122387331414
218,1,Stim,1,1,762.1318,763.104433333333,-0.049733333333279,0.97300000000007,1000.00000002365,4,1,1,1,0,0,0,0,NaN,NaN,NaN,NaN,NaN,NaN,NaN,7.9786884771879,7.99683737761867,11.9680327060155,6.66402000229388
219,1,NonStim,0,1,765.648466666667,766.631666666667,NaN,0.982999999999947,1000.00000002365,3,0.1818,1,1,0,0,0,0,NaN,NaN,NaN,NaN,NaN,NaN,NaN,7.9786878866614,5.3312188674704,11.9680318586598,5.33121932681389
220,1,NonStim,0,1,769.182066666667,770.164466666667,NaN,0.981999999999971,1000.00000002365,4,-1,-1,1,0,0,0,0,NaN,NaN,NaN,NaN,NaN,NaN,NaN,8.66910728372294,5.33122126037955,11.9680323681859,7.9968285099006
221,1,NonStim,0,1,772.491966666667,773.459433333333,NaN,0.967999999999961,1000.00000002365,2,-0.4545,-1,1,0,0,0,0,NaN,NaN,NaN,NaN,NaN,NaN,NaN,9.9954963918484,5.33122509008855,11.9680292646115,7.99683174462164
222,1,NonStim,0,1,775.833766666667,776.806966666667,NaN,0.97300000000007,1000.00000002365,3,-0.1818,-1,1,0,0,0,0,NaN,NaN,NaN,NaN,NaN,NaN,NaN,7.97868546536253,6.66403146841175,11.9680262303175,5.33122516976559
223,1,Stim,1,1,779.168633333333,780.141833333333,-0.0581333333333305,0.972999999999956,1000.00000002365,4,0.6363,1,1,0,0,0,0,NaN,NaN,NaN,NaN,NaN,NaN,NaN,7.97868784534608,5.33122519462393,11.8939240255251,7.99683251150325
224,1,NonStim,0,1,782.526,783.492366666667,NaN,0.966999999999985,1000.00000002365,1,1,1,1,0,0,0,0,NaN,NaN,NaN,NaN,NaN,NaN,NaN,7.97868833634161,5.33122168404395,11.9680311334036,6.66403132015536
225,1,NonStim,0,1,785.942766666667,786.907633333333,NaN,0.965000000000032,1000.00000002365,1,0.3636,1,1,1,0,0,0,NaN,NaN,NaN,NaN,NaN,NaN,NaN,5.31912543498965,2.66561251584375,11.9680294641004,5.33120983338051
226,1,Stim,1,1,789.136233333333,790.1025,-0.0546999999999116,0.966000000000008,1000.00000002365,1,0.3636,1,1,0,0,0,0,NaN,NaN,NaN,NaN,NaN,NaN,NaN,10.6382441874022,6.66403135575929,11.968032802816,7.99679626683872
227,1,Stim,1,1,792.468066666667,793.4455,-0.0540333333333365,0.976999999999975,1000.00000002365,1,1,1,1,0,0,0,0,NaN,NaN,NaN,NaN,NaN,NaN,NaN,9.30846948837562,7.99683653377378,9.30846260635065,5.33122515727556
228,1,NonStim,0,1,795.844333333333,796.8163,NaN,0.97199999999998,1000.00000002365,4,0.0909,1,0,0,0,0,0,NaN,NaN,NaN,NaN,NaN,NaN,NaN,6.6489070734396,7.99683538347644,11.9680239572648,7.99683383001551
229,1,NonStim,0,1,799.186833333333,800.152233333333,NaN,0.966000000000008,1000.00000002365,3,0.6363,1,1,0,0,0,0,NaN,NaN,NaN,NaN,NaN,NaN,NaN,7.97868797812039,9.32963057459772,11.8939264818668,7.99683253447068
230,1,NonStim,0,1,802.5781,803.5522,NaN,0.974000000000046,1000.00000002365,4,0.4545,1,1,0,0,0,0,NaN,NaN,NaN,NaN,NaN,NaN,NaN,7.97868771114886,11.9952478816773,11.9680165814574,7.99683359152296
231,1,NonStim,0,1,806.0628,807.044666666667,NaN,0.981999999999971,1000.00000002365,1,0.4545,1,1,0,0,0,0,NaN,NaN,NaN,NaN,NaN,NaN,NaN,9.30846337876833,7.99683468412715,10.6382275630731,6.66403127893741
233,1,NonStim,0,1,812.3897,813.363666666667,NaN,0.974000000000046,1000.00000002365,3,-0,-1,1,5,0,0,0,NaN,NaN,NaN,NaN,NaN,NaN,NaN,7.97868833714218,1.3328053331553,9.30846992087726,7.99682358439096
234,1,NonStim,0,1,815.7387,816.720766666667,NaN,0.981999999999971,1000.00000002365,4,0.6363,1,1,0,0,0,0,NaN,NaN,NaN,NaN,NaN,NaN,NaN,11.9680134981796,5.33122083116237,10.6382513294818,6.66403063058134
235,1,Stim,1,1,819.055766666667,820.0314,-0.0517999999999574,0.975999999999885,1000.00000002365,4,0.0909,1,1,0,0,0,0,NaN,NaN,NaN,NaN,NaN,NaN,NaN,9.30845821766901,7.99683740792233,7.97868848544711,6.66402448038497
236,1,Stim,1,1,822.489933333333,823.454933333333,-0.0628999999998996,0.964999999999918,1000.00000002365,3,-0.1818,-1,1,0,0,0,0,NaN,NaN,NaN,NaN,NaN,NaN,NaN,7.9786867725025,7.99682775413417,11.9680309900915,5.33122252085562
237,1,NonStim,0,1,825.8236,826.821466666667,NaN,0.998000000000047,1000.00000002365,4,1,1,1,0,0,0,0,NaN,NaN,NaN,NaN,NaN,NaN,NaN,7.97868850344749,11.9952218550072,12.6504049227424,7.99683660854321
238,1,Stim,1,1,829.090266666667,830.0549,-0.052666666666596,0.963999999999942,1000.00000002365,1,-1,-1,1,0,0,0,0,NaN,NaN,NaN,NaN,NaN,NaN,NaN,7.97868548617247,5.33122510710888,11.9680253627377,6.66403149530026
239,1,NonStim,0,1,832.307833333333,833.274066666667,NaN,0.966999999999985,1000.00000002365,3,0.1818,1,1,0,1,0,0,NaN,NaN,NaN,NaN,NaN,NaN,NaN,7.97867739852731,11.9952505575651,11.9680158252869,6.66402705997826
240,1,NonStim,0,1,835.691166666667,836.682733333333,NaN,0.990999999999985,1000.00000002365,3,0.4545,1,1,1,0,0,0,NaN,NaN,NaN,NaN,NaN,NaN,NaN,9.30846972567899,5.33122131803941,11.9680328332073,6.66402252197702
241,1,NonStim,0,1,838.950233333333,839.9182,NaN,0.967999999999961,1000.00000002365,2,1,1,1,0,1,0,0,NaN,NaN,NaN,NaN,NaN,NaN,NaN,7.97868550740355,7.99681432119992,13.2977786425477,5.3312251836355
242,1,Stim,1,1,842.150133333333,843.110266666667,-0.0714666666666517,0.960000000000036,1000.00000002365,2,-0,-1,0,0,0,0,0,NaN,NaN,NaN,NaN,NaN,NaN,NaN,11.967985175638,7.99683751068138,10.6382457404684,9.32963984095897
244,1,NonStim,0,1,848.5518,849.518266666667,NaN,0.966999999999985,1000.00000002365,2,-0.3636,-1,1,0,0,0,0,NaN,NaN,NaN,NaN,NaN,NaN,NaN,7.97868680764134,5.33122336522811,10.6382513529508,7.99683151054811
245,1,NonStim,0,1,851.834033333333,852.800433333333,NaN,0.965999999999894,1000.00000002365,1,-0.1818,-1,1,0,0,0,0,NaN,NaN,NaN,NaN,NaN,NaN,NaN,7.97868811277925,5.33122332086428,11.9680322147686,7.99682618450656
248,1,Stim,1,1,859.777166666667,860.7457,-0.0558333333334531,0.967999999999961,1000.00000002365,3,1,1,1,2,0,0,0,NaN,NaN,NaN,NaN,NaN,NaN,NaN,9.30846931325445,1.33280602726108,13.2977985977892,6.66402391908958
249,1,NonStim,0,1,863.178533333333,864.159633333333,NaN,0.980999999999995,1000.00000002365,3,-0.0909,-1,0,0,0,0,0,NaN,NaN,NaN,NaN,NaN,NaN,NaN,7.97868441969882,6.66403092088237,11.9680323125085,7.99683451332887
250,1,Stim,1,1,866.4786,867.462466666667,-0.0482666666666773,0.983999999999924,1000.00000002365,1,-0.0909,-1,1,1,1,1,1.0162601626017,0.200609112469938,19.3863776738786,17.9999999995744,0.238892746616416,0.971045959578672,76.1788014059253,1,6.64890582413799,7.99679903021906,11.9680206113499,6.66401461895203
251,1,Stim,1,1,869.8542,870.810566666667,-0.0649666666666917,0.955999999999904,1000.00000002365,2,-0.6363,-1,1,0,0,0,0,NaN,NaN,NaN,NaN,NaN,NaN,NaN,7.97868770623728,3.99841878682165,11.9680318945133,5.3312251873742
252,1,Stim,1,1,873.254566666667,874.236766666667,-0.0549333333333379,0.981999999999971,1000.00000002365,4,-0.0909,-1,1,0,1,0,0,NaN,NaN,NaN,NaN,NaN,NaN,NaN,7.97868629836183,7.99683433180682,11.9680310947972,5.33122045411983
253,1,Stim,1,1,876.6888,877.671933333333,-0.0516000000000076,0.983000000000061,1000.00000002365,1,0.6363,1,1,0,1,0,0,NaN,NaN,NaN,NaN,NaN,NaN,NaN,7.97868666320547,6.66401781207658,10.6382495318627,6.66403136145848
254,1,NonStim,0,1,879.922833333333,880.905066666667,NaN,0.982999999999947,1000.00000002365,4,-0,-1,0,0,0,0,0,NaN,NaN,NaN,NaN,NaN,NaN,NaN,7.97868412058375,15.9936680942713,11.9680324680946,7.99683676285399
255,1,Stim,1,1,883.2476,884.216266666667,-0.0589666666667199,0.968999999999937,1000.00000002365,4,1,1,1,0,0,0,0,NaN,NaN,NaN,NaN,NaN,NaN,NaN,7.97868838286706,5.33122519923319,11.9680320686994,7.99683768621663
256,1,NonStim,0,1,886.549533333333,887.512166666667,NaN,0.962999999999965,1000.00000002365,3,-1,-1,1,0,0,0,0,NaN,NaN,NaN,NaN,NaN,NaN,NaN,7.97868841520553,7.99681017178015,11.8939257117886,7.99683052615768
257,1,Stim,1,1,889.8658,890.848866666667,-0.056233333333239,0.982999999999947,1000.00000002365,3,-0.0909,-1,1,0,0,0,0,NaN,NaN,NaN,NaN,NaN,NaN,NaN,7.97866306514444,5.33122330864617,11.9680283986731,5.33122515537729
258,1,Stim,1,1,893.274966666667,894.242366666667,-0.0618333333333112,0.967999999999961,1000.00000002365,2,-0.0909,-1,0,0,0,0,0,NaN,NaN,NaN,NaN,NaN,NaN,NaN,7.97868762380767,5.33122518718345,11.9680320701118,7.99681660461167
259,1,NonStim,0,1,896.641633333333,897.6056,NaN,0.963999999999942,1000.00000002365,2,-0.4545,-1,1,0,0,0,0,NaN,NaN,NaN,NaN,NaN,NaN,NaN,10.6382512321538,5.33121960863071,13.2978138819625,7.99683782868378
261,1,Stim,1,1,901.6919,902.6653,-0.0546333333332996,0.973999999999933,1000.00000002365,2,0.3636,1,1,0,0,0,0,NaN,NaN,NaN,NaN,NaN,NaN,NaN,7.97868838049811,11.2457128880671,11.9680323859998,5.33122454943866
262,1,NonStim,0,1,905.033633333333,906.0085,NaN,0.975000000000023,1000.00000002365,4,0.0909,1,0,0,0,0,0,NaN,NaN,NaN,NaN,NaN,NaN,NaN,6.64890496263621,6.66402791643638,11.9680326774531,5.33122520858175
263,1,Stim,1,1,908.367833333333,909.3238,-0.0635333333333392,0.955999999999904,1000.00000002365,3,-0.3636,-1,0,0,0,0,0,NaN,NaN,NaN,NaN,NaN,NaN,NaN,9.30846742026438,5.33120717065929,13.2978034819122,5.33122435936691
264,1,Stim,1,1,911.6594,912.633333333333,-0.0582666666665546,0.974000000000046,1000.00000002365,2,-0.1818,-1,0,0,0,0,0,NaN,NaN,NaN,NaN,NaN,NaN,NaN,7.97868814390839,3.99841835771108,11.9680328029488,6.66402992443643
265,1,NonStim,0,1,915.1108,916.093466666667,NaN,0.982999999999947,1000.00000002365,2,0.3636,1,1,0,0,0,0,NaN,NaN,NaN,NaN,NaN,NaN,NaN,7.97868678805307,5.33122309724583,11.9680292178056,5.33122501576246
266,1,Stim,1,1,918.460533333333,919.425166666667,-0.0558333333333394,0.964999999999918,1000.00000002365,2,0.6363,1,1,0,0,0,0,NaN,NaN,NaN,NaN,NaN,NaN,NaN,11.9680233378448,5.33122520433388,11.9680280245824,6.6640282282401
267,1,NonStim,0,1,921.794366666667,922.768533333333,NaN,0.974000000000046,1000.00000002365,2,-0,-1,0,0,0,0,0,NaN,NaN,NaN,NaN,NaN,NaN,NaN,7.9786878285202,5.33122483884947,11.9680306137637,11.9952175111909
268,1,NonStim,0,1,925.203733333333,926.1846,NaN,0.980999999999995,1000.00000002365,3,-0.3636,-1,1,0,0,0,0,NaN,NaN,NaN,NaN,NaN,NaN,NaN,7.97868521332392,7.99682341619987,11.9680317839841,6.66402913358899
269,1,NonStim,0,1,928.411433333333,929.376733333333,NaN,0.964999999999918,1000.00000002365,1,0.3636,1,1,0,0,0,0,NaN,NaN,NaN,NaN,NaN,NaN,NaN,7.97868824528103,5.33120575232814,11.9680309019171,7.9968356605317
270,1,NonStim,0,1,931.762333333333,932.7364,NaN,0.973999999999933,1000.00000002365,1,1,1,1,1,0,0,0,NaN,NaN,NaN,NaN,NaN,NaN,NaN,7.9786820235868,5.33121545301363,11.9680310067078,10.6624032075108
271,1,Stim,1,1,935.063,936.035733333333,-0.0558666666667023,0.972999999999956,1000.00000002365,4,-0.6363,-1,1,0,0,0,0,NaN,NaN,NaN,NaN,NaN,NaN,NaN,7.97867809965387,5.33122467409101,9.30846996872662,5.3312248479363
272,1,Stim,1,1,938.364,939.329133333333,-0.0544666666667126,0.965999999999894,1000.00000002365,1,0.3636,1,1,5,1,1,1.03519668737071,0.275258296958953,18.8484242057097,31.9999999992433,0.452202039906887,-0.891915531372814,296.885052556784,1,10.6382510814679,1.33280630330592,13.2311565298221,6.66403127309848
273,1,Stim,1,1,941.5969,942.5781,-0.0518666666666832,0.981999999999971,1000.00000002365,1,-0.1818,-1,1,0,0,0,0,NaN,NaN,NaN,NaN,NaN,NaN,NaN,9.30846792536049,5.33122496995103,11.9680084786473,5.33122088782672
274,1,NonStim,0,1,944.9399,945.904666666667,NaN,0.964999999999918,1000.00000002365,3,0.3636,1,1,0,0,0,0,NaN,NaN,NaN,NaN,NaN,NaN,NaN,6.64890403267048,5.33121970607327,11.9680142799296,5.33122496995103
275,1,Stim,1,1,948.2815,949.237366666667,-0.0622999999999365,0.955999999999904,1000.00000002365,2,0.0909,1,0,0,0,0,0,NaN,NaN,NaN,NaN,NaN,NaN,NaN,10.6382504095104,5.33122485019576,11.9680271056445,6.6640313182997
276,1,NonStim,0,1,951.673233333333,952.637766666667,NaN,0.963999999999942,1000.00000002365,1,0.0909,1,0,0,0,0,0,NaN,NaN,NaN,NaN,NaN,NaN,NaN,6.648907143958,5.33122409140679,11.9680291919144,5.33122520074771
277,1,Stim,1,1,955.198933333333,956.1923,-0.0537999999999101,0.994000000000028,1000.00000002365,1,-0.3636,-1,1,2,0,0,0,NaN,NaN,NaN,NaN,NaN,NaN,NaN,7.97868828713209,1.33280595334967,11.9680304690209,6.66402193607561
278,1,Stim,1,1,958.5744,959.5413,-0.0595333333333201,0.966999999999985,1000.00000002365,3,-0,-1,1,0,0,0,0,NaN,NaN,NaN,NaN,NaN,NaN,NaN,7.9786884335571,7.99682937037839,11.8939258538191,6.66401938692962
279,1,Stim,1,1,961.9591,962.922,-0.0655333333332919,0.962999999999965,1000.00000002365,3,0.6363,1,1,1,0,0,0,NaN,NaN,NaN,NaN,NaN,NaN,NaN,7.9786864699488,7.9968034577274,11.9680322287368,9.32964376901023
280,1,Stim,1,1,965.266633333333,966.249566666667,-0.0471999999999753,0.982999999999947,1000.00000002365,2,-1,-1,1,0,0,0,0,NaN,NaN,NaN,NaN,NaN,NaN,NaN,10.6382501957341,3.99841879344227,11.9680149970272,6.66403148001586
281,1,Stim,1,1,968.675933333333,969.640533333333,-0.0570333333332655,0.964999999999918,1000.00000002365,3,0.4545,1,1,1,1,1,1.0362694300519,0.163890494910308,18.9021980358581,15.9999999996217,0.313139679779717,-0.949707081655947,288.248544431087,1,7.97868830312678,3.9984189027041,13.0291106740675,7.99683732513308
282,1,Stim,1,1,972.034333333333,973.0085,-0.0550333333333128,0.974000000000046,1000.00000002365,1,1,1,1,0,0,0,0,NaN,NaN,NaN,NaN,NaN,NaN,NaN,7.97868476652672,7.99680780768464,11.9680327570934,6.66402902102783
283,1,Stim,1,1,975.368966666667,976.3423,-0.0567999999999529,0.973999999999933,1000.00000002365,4,0.4545,1,1,1,0,0,0,NaN,NaN,NaN,NaN,NaN,NaN,NaN,6.64890707385196,5.33122496253559,11.9680244844982,7.9968344820913
284,1,NonStim,0,1,978.669,979.635433333333,NaN,0.966999999999985,1000.00000002365,2,0.6363,1,1,0,0,0,0,NaN,NaN,NaN,NaN,NaN,NaN,NaN,11.9680289104725,7.99683328947159,11.9680326489415,7.99683721302249
285,1,NonStim,0,1,981.9854,982.9599,NaN,0.973999999999933,1000.00000002365,4,-0.3636,-1,1,0,0,0,0,NaN,NaN,NaN,NaN,NaN,NaN,NaN,7.9786875346837,6.66402928770278,10.6382513106649,5.33122474135108
286,1,NonStim,0,1,985.311233333333,986.3027,NaN,0.990999999999985,1000.00000002365,4,-0.4545,-1,0,0,0,0,0,NaN,NaN,NaN,NaN,NaN,NaN,NaN,7.97868550346096,7.99683373009314,11.9680327525926,6.66402534891174
287,1,Stim,1,1,988.696633333333,989.6683,-0.0497333333333927,0.97199999999998,1000.00000002365,3,-0.6363,-1,1,0,0,0,0,NaN,NaN,NaN,NaN,NaN,NaN,NaN,7.97868416410598,5.33121920101424,11.968029145826,5.33122492323889
288,1,NonStim,0,1,992.170566666667,993.145333333333,NaN,0.974999999999909,1000.00000002365,4,-0.0909,-1,1,0,0,0,0,NaN,NaN,NaN,NaN,NaN,NaN,NaN,6.64890572502066,6.66402988570993,11.9680325847987,7.99683466225956
289,1,Stim,1,1,995.5121,996.4864,-0.0505666666665547,0.973999999999933,1000.00000002365,3,0.3636,1,1,0,1,0,0,NaN,NaN,NaN,NaN,NaN,NaN,NaN,7.97868843610355,6.66402917485066,11.9680305212015,5.33122408568767
290,1,Stim,1,1,999.0383,1000.03606666667,-0.0580666666667184,0.997999999999934,1000.00000002365,2,1,1,1,1,0,0,0,NaN,NaN,NaN,NaN,NaN,NaN,NaN,9.30846717252532,3.99841470826978,11.9680229384876,7.99681644818469
292,1,Stim,1,1,1005.53803333333,1006.51463333333,-0.0581666666666933,0.975999999999999,1000.00000002365,4,0.1818,1,1,0,0,0,0,NaN,NaN,NaN,NaN,NaN,NaN,NaN,7.97868530588141,6.66402821020356,10.6382259583529,6.66403066590836
293,1,NonStim,0,1,1008.89746666667,1009.8579,NaN,0.959999999999923,1000.00000002365,3,-0.4545,-1,1,0,0,0,0,NaN,NaN,NaN,NaN,NaN,NaN,NaN,7.97868856901767,6.66403124515198,13.2978136836054,6.66402691772176
294,1,NonStim,0,1,1012.33963333333,1013.30526666667,NaN,0.965999999999894,1000.00000002365,2,-0.1818,-1,0,0,0,0,0,NaN,NaN,NaN,NaN,NaN,NaN,NaN,10.6382513728856,6.66402319447658,11.9680282319928,5.3312251563662
295,1,Stim,1,1,1015.64086666667,1016.61526666667,-0.0546333333332996,0.975000000000023,1000.00000002365,4,-0.1818,-1,1,0,0,0,0,NaN,NaN,NaN,NaN,NaN,NaN,NaN,7.97868399011216,5.33121438105128,11.9680307798524,7.99683758655772
296,1,NonStim,0,1,1018.86576666667,1019.83793333333,NaN,0.97199999999998,1000.00000002365,1,0.1818,1,0,0,0,0,0,NaN,NaN,NaN,NaN,NaN,NaN,NaN,7.97865508771653,5.33122151466542,11.9680231830223,7.99679116572013
297,1,NonStim,0,1,1022.30746666667,1023.2818,NaN,0.973999999999933,1000.00000002365,2,-0.0909,-1,1,3,0,0,0,NaN,NaN,NaN,NaN,NaN,NaN,NaN,7.97868785378319,1.33280592507077,11.8939215710609,9.32964377523997
298,1,NonStim,0,1,1025.63376666667,1026.59856666667,NaN,0.964999999999918,1000.00000002365,3,1,1,1,4,0,0,0,NaN,NaN,NaN,NaN,NaN,NaN,NaN,7.97868516792468,1.33280626227388,11.893926193427,6.66403106230152
300,1,Stim,1,1,1032.159,1033.13316666667,-0.0558666666668159,0.974999999999909,1000.00000002365,1,-0,-1,1,0,0,0,0,NaN,NaN,NaN,NaN,NaN,NaN,NaN,9.30846854870251,5.33122239616024,10.6382435053786,6.66403021038281
301,1,NonStim,0,1,1035.55123333333,1036.54123333333,NaN,0.990000000000009,1000.00000002365,1,0.6363,1,1,0,0,0,0,NaN,NaN,NaN,NaN,NaN,NaN,NaN,7.97868802280964,6.66402479446701,11.9680297470256,7.99681722165669
302,1,Stim,1,1,1038.7514,1039.71723333333,-0.0493333333333794,0.966000000000122,1000.00000002365,1,0.1818,1,1,0,0,0,0,NaN,NaN,NaN,NaN,NaN,NaN,NaN,7.97868813549259,5.33122436691212,11.9680258925562,5.33122463734617
304,1,NonStim,0,1,1045.28566666667,1046.2518,NaN,0.965999999999894,1000.00000002365,3,-0.6363,-1,1,0,0,0,0,NaN,NaN,NaN,NaN,NaN,NaN,NaN,7.97868828936413,5.33122490693977,13.2978077632898,9.32962034617221
305,1,NonStim,0,1,1048.66986666667,1049.64293333333,NaN,0.972999999999956,1000.00000002365,1,-0.6363,-1,1,0,0,0,0,NaN,NaN,NaN,NaN,NaN,NaN,NaN,7.97868816004571,9.3296418180415,11.9680109272426,7.99683519890582
306,1,Stim,1,1,1052.03633333333,1053.01303333333,-0.051833333333434,0.976999999999862,1000.00000002365,3,0.1818,1,0,1,0,0,0,NaN,NaN,NaN,NaN,NaN,NaN,NaN,7.97868006925099,7.99683449872177,11.9680311283277,7.99683312855127
307,1,Stim,1,1,1055.3379,1056.31006666667,-0.0535333333332346,0.972999999999956,1000.00000002365,3,-0.4545,-1,1,0,0,0,0,NaN,NaN,NaN,NaN,NaN,NaN,NaN,7.97868115346923,5.33122309334161,13.297813112154,6.6640314747822
308,1,NonStim,0,1,1058.5453,1059.51436666667,NaN,0.968999999999824,1000.00000002365,4,0.3636,1,1,0,0,0,0,NaN,NaN,NaN,NaN,NaN,NaN,NaN,7.97868770131199,5.33122346591337,11.9680318778663,7.9968135158249
309,1,NonStim,0,1,1061.77906666667,1062.7557,NaN,0.976000000000113,1000.00000002365,2,0.0909,1,1,0,0,0,0,NaN,NaN,NaN,NaN,NaN,NaN,NaN,7.97868848213758,5.33122511258849,11.9680299483637,5.33122298736535
310,1,NonStim,0,1,1065.15596666667,1066.12153333333,NaN,0.966000000000122,1000.00000002365,1,-1,-1,0,3,0,0,0,NaN,NaN,NaN,NaN,NaN,NaN,NaN,7.97868825928659,1.33280508080365,11.9680325047238,7.99683592986349
311,1,Stim,1,1,1068.59706666667,1069.57803333333,-0.0570666666669695,0.980999999999995,1000.00000002365,1,-0.6363,-1,1,0,0,0,0,NaN,NaN,NaN,NaN,NaN,NaN,NaN,9.30846998964072,6.66402217816099,10.6382464254616,6.66402990921237
312,1,Stim,1,1,1071.91413333333,1072.87996666667,-0.0645666666666784,0.964999999999918,1000.00000002365,2,-0.4545,-1,1,0,0,0,0,NaN,NaN,NaN,NaN,NaN,NaN,NaN,7.97868830442698,5.33122374191335,10.6382513497275,6.66403003829585
313,1,NonStim,0,1,1075.149,1076.13133333333,NaN,0.981999999999971,1000.00000002365,1,-0.3636,-1,1,1,1,1,1.01832993890023,0.25455632246463,25.4015065122339,14.9999999996453,0.284831590364003,-0.9585775738722,286.548782199005,1,7.97868791233423,7.99683445917132,11.9680169307368,7.99683768047829
314,1,Stim,1,1,1078.541,1079.50796666667,-0.0551000000000386,0.967000000000098,1000.00000002365,4,-0,-1,0,0,0,0,0,NaN,NaN,NaN,NaN,NaN,NaN,NaN,10.6382499970471,3.99841890431057,11.6687839298497,7.99683547526929
315,1,Stim,1,1,1081.89073333333,1082.8741,-0.0498666666667305,0.983999999999924,1000.00000002365,4,-1,-1,1,0,0,0,0,NaN,NaN,NaN,NaN,NaN,NaN,NaN,11.9680237397427,5.33122498797382,11.9680322716682,5.33122498033631
316,1,Stim,1,1,1085.23316666667,1086.20526666667,-0.0623000000000502,0.97199999999998,1000.00000002365,2,-0.3636,-1,0,1,0,0,0,NaN,NaN,NaN,NaN,NaN,NaN,NaN,7.97868675496128,2.66561078832502,11.9680327920436,5.33122519519447
317,1,NonStim,0,1,1088.49163333333,1089.4663,NaN,0.974999999999909,1000.00000002365,3,-0.1818,-1,1,0,0,0,0,NaN,NaN,NaN,NaN,NaN,NaN,NaN,6.64890663711325,5.33119343438476,10.5548126074008,10.6624412126123
318,1,Stim,1,1,1091.95023333333,1092.9149,-0.0598666666667214,0.963999999999942,1000.00000002365,2,0.1818,1,1,0,0,0,0,NaN,NaN,NaN,NaN,NaN,NaN,NaN,7.9786879740255,7.99683375690719,11.9680322269101,5.33122247237762
321,1,NonStim,0,1,1100.30103333333,1101.2757,NaN,0.97400000000016,1000.00000002365,1,-0.4545,-1,1,0,0,0,0,NaN,NaN,NaN,NaN,NaN,NaN,NaN,7.97868445552105,5.33122280878009,11.9680251596389,7.99682626892999
323,1,Stim,1,1,1105.27736666667,1106.25116666667,-0.051833333333434,0.973999999999933,1000.00000002365,4,-0.4545,-1,1,0,0,0,0,NaN,NaN,NaN,NaN,NaN,NaN,NaN,6.64890711482248,5.33120799366771,11.968025889635,7.99680924977612
325,1,Stim,1,1,1110.52746666667,1111.48593333333,-0.0627666666666755,0.957999999999856,1000.00000002365,3,-1,-1,1,2,0,0,0,NaN,NaN,NaN,NaN,NaN,NaN,NaN,7.97868706144763,1.33280476390091,11.8939259993379,7.99682391718634
326,1,NonStim,0,1,1113.93683333333,1114.9099,NaN,0.973000000000184,1000.00000002365,4,-0.6363,-1,1,0,0,0,0,NaN,NaN,NaN,NaN,NaN,NaN,NaN,6.64890419956848,6.66402768858675,11.9680271916539,7.99682604263195
327,1,Stim,1,1,1117.2458,1118.21113333333,-0.0526999999999589,0.965999999999894,1000.00000002365,4,0.3636,1,1,0,0,0,0,NaN,NaN,NaN,NaN,NaN,NaN,NaN,9.30846778010076,4.7121799158591,11.9680190817599,7.99683117090544
328,1,Stim,1,1,1120.63796666667,1121.62003333333,-0.0570999999999913,0.982999999999947,1000.00000002365,1,-0.4545,-1,1,0,0,0,0,NaN,NaN,NaN,NaN,NaN,NaN,NaN,7.97868589692155,5.33122083679979,11.9680281766932,5.3312251964205
329,1,Stim,1,1,1123.99613333333,1124.97056666667,-0.0535000000002128,0.973999999999933,1000.00000002365,4,-0.3636,-1,1,0,0,0,0,NaN,NaN,NaN,NaN,NaN,NaN,NaN,5.31912568627981,7.99682773287892,11.9680306446734,5.33122351029939
330,1,NonStim,0,1,1127.38893333333,1128.35716666667,NaN,0.969000000000051,1000.00000002365,2,-1,-1,1,1,0,0,0,NaN,NaN,NaN,NaN,NaN,NaN,NaN,7.97868560643481,5.3312245246821,11.9680326678582,6.6640298420023
331,1,NonStim,0,1,1130.6225,1131.60506666667,NaN,0.982999999999947,1000.00000002365,1,-0,-1,0,0,0,0,0,NaN,NaN,NaN,NaN,NaN,NaN,NaN,9.30845982711798,6.66403132511729,11.968029359122,7.9968360822056
332,1,NonStim,0,1,1133.98906666667,1134.95753333333,NaN,0.968000000000075,1000.00000002365,2,0.1818,1,1,0,0,0,0,NaN,NaN,NaN,NaN,NaN,NaN,NaN,7.97868513078997,5.33122498948575,11.9680320712042,5.33122486104866
333,1,NonStim,0,1,1137.33923333333,1138.31343333333,NaN,0.97400000000016,1000.00000002365,4,0.1818,1,1,0,0,0,0,NaN,NaN,NaN,NaN,NaN,NaN,NaN,7.97868632796004,7.99683740643279,11.9680324890695,11.995239171809
334,1,NonStim,0,1,1140.8902,1141.84946666667,NaN,0.958999999999833,1000.00000002365,2,-0.6363,-1,1,0,0,0,0,NaN,NaN,NaN,NaN,NaN,NaN,NaN,7.97868567480477,7.99675963561694,11.9680216075394,6.66401398458034
335,1,Stim,1,1,1144.3075,1145.276,-0.0548000000001139,0.969000000000051,1000.00000002365,1,0.4545,1,1,0,0,0,0,NaN,NaN,NaN,NaN,NaN,NaN,NaN,7.97868830616276,5.33122466739317,11.9680299102535,5.33121371361095
337,1,Stim,1,1,1149.4586,1150.42253333333,-0.0570999999999913,0.963999999999942,1000.00000002365,1,0.0909,1,0,0,0,0,0,NaN,NaN,NaN,NaN,NaN,NaN,NaN,7.97868482005076,5.33120147716182,11.968031345035,6.66401644460705
338,1,NonStim,0,1,1152.79153333333,1153.77443333333,NaN,0.982999999999947,1000.00000002365,4,-1,-1,1,0,0,0,0,NaN,NaN,NaN,NaN,NaN,NaN,NaN,7.97868394680217,6.66402418030447,13.2978078900367,5.33122376910807
339,1,NonStim,0,1,1156.2502,1157.2155,NaN,0.964999999999918,1000.00000002365,3,0.0909,1,0,0,0,0,0,NaN,NaN,NaN,NaN,NaN,NaN,NaN,7.97868582146714,5.33121359747718,11.9680275177148,5.33122168505229
340,1,Stim,1,1,1159.56716666667,1160.54273333333,-0.0485333333333529,0.974999999999909,1000.00000002365,4,0.6363,1,1,0,0,0,0,NaN,NaN,NaN,NaN,NaN,NaN,NaN,7.97868835099172,5.33122513672136,11.9680317462687,7.99683269085986
341,1,Stim,1,1,1162.91803333333,1163.89896666667,-0.053766666666661,0.979999999999791,1000.00000002365,3,0.0909,1,1,0,0,0,0,NaN,NaN,NaN,NaN,NaN,NaN,NaN,9.30846966697753,11.9952527915068,12.5803100555209,7.9968373474506
342,1,Stim,1,1,1166.22796666667,1167.19176666667,-0.0647333333333791,0.963999999999942,1000.00000002365,2,0.4545,1,1,0,0,0,0,NaN,NaN,NaN,NaN,NaN,NaN,NaN,7.97868854089401,11.9952554196031,11.9680315523338,11.9952539935388
343,1,NonStim,0,1,1169.6022,1170.57686666667,NaN,0.973999999999933,1000.00000002365,4,-0.1818,-1,1,0,0,0,0,NaN,NaN,NaN,NaN,NaN,NaN,NaN,6.6489070750377,7.99683594509889,9.99549211913115,5.33122499074172
344,1,NonStim,0,1,1172.99453333333,1173.97993333333,NaN,0.985000000000127,1000.00000002365,2,0.4545,1,1,0,0,0,0,NaN,NaN,NaN,NaN,NaN,NaN,NaN,7.97868584559141,7.99682853532695,11.9680184297738,7.99681872773381
345,1,NonStim,0,1,1176.39566666667,1177.36333333333,NaN,0.968000000000075,1000.00000002365,1,-0.0909,-1,1,0,0,0,0,NaN,NaN,NaN,NaN,NaN,NaN,NaN,11.9680326731502,6.66401538666813,14.6275610881486,5.33121287954665
346,1,NonStim,0,1,1179.76206666667,1180.72866666667,NaN,0.966000000000122,1000.00000002365,4,0.6363,1,1,0,0,0,0,NaN,NaN,NaN,NaN,NaN,NaN,NaN,7.9786883377555,5.33122088272362,11.9680325820364,6.03453253971836
347,1,NonStim,0,1,1183.07246666667,1184.04353333333,NaN,0.970999999999776,1000.00000002365,3,-0.4545,-1,1,0,0,0,0,NaN,NaN,NaN,NaN,NaN,NaN,NaN,7.9786872234762,9.32964380164576,11.9680327111942,11.9952561202895
348,1,Stim,1,1,1186.27153333333,1187.2361,-0.0536666666666861,0.965000000000146,1000.00000002365,4,0.4545,1,1,0,0,0,0,NaN,NaN,NaN,NaN,NaN,NaN,NaN,7.97867986331231,7.99682691797633,13.2978119920745,11.9952387858395
349,1,NonStim,0,1,1189.68883333333,1190.6574,NaN,0.968999999999824,1000.00000002365,1,0.4545,1,1,0,0,0,0,NaN,NaN,NaN,NaN,NaN,NaN,NaN,7.97868497125721,5.33122477841117,11.9680309436303,7.99681609884936
350,1,Stim,1,1,1193.0723,1194.03963333333,-0.0587000000000444,0.966999999999871,1000.00000002365,1,-1,-1,1,0,0,0,0,NaN,NaN,NaN,NaN,NaN,NaN,NaN,7.97868824413253,11.9952463108312,10.6382507325826,7.99683737669886
351,1,NonStim,0,1,1196.40746666667,1197.382,NaN,0.975000000000136,1000.00000002365,4,-0.4545,-1,1,0,0,0,0,NaN,NaN,NaN,NaN,NaN,NaN,NaN,6.64890639393731,7.99681981581699,10.6382480910965,5.33122387968062
352,1,NonStim,0,1,1199.80623333333,1200.78083333333,NaN,0.973999999999933,1000.00000002365,3,0.3636,1,1,0,0,0,0,NaN,NaN,NaN,NaN,NaN,NaN,NaN,9.99549249019029,7.9967838438955,11.968029584975,7.99683225505582
353,1,NonStim,0,1,1203.23116666667,1204.19853333333,NaN,0.967000000000098,1000.00000002365,1,1,1,1,1,2,1,1.03412616339183,0.435239336754362,22.7493811762422,28.9999999993142,0.274146709576567,-0.961687881606263,285.911170087647,1,9.30840634920409,11.9952317861628,11.8939265871255,7.99681918381866
354,1,Stim,1,1,1206.5909,1207.5552,-0.0495666666668058,0.965000000000146,1000.00000002365,3,0.6363,1,1,0,0,0,0,NaN,NaN,NaN,NaN,NaN,NaN,NaN,7.97868848712211,5.3312213391994,11.9680234686797,10.6624231881867
355,1,NonStim,0,1,1209.8247,1210.8098,NaN,0.9849999999999,1000.00000002365,3,0.1818,1,1,0,1,0,0,NaN,NaN,NaN,NaN,NaN,NaN,NaN,7.97868394926575,11.9951957822034,11.9680288500441,7.99681306938477
356,1,Stim,1,1,1213.19963333333,1214.1659,-0.0563666666666904,0.965999999999894,1000.00000002365,1,0.4545,1,1,0,0,0,0,NaN,NaN,NaN,NaN,NaN,NaN,NaN,6.64890344285327,7.99683530486145,11.8939015896385,7.99683775278986
357,1,NonStim,0,1,1216.5838,1217.5487,NaN,0.964999999999918,1000.00000002365,2,-0.0909,-1,1,0,0,0,0,NaN,NaN,NaN,NaN,NaN,NaN,NaN,11.9680290250963,11.9952541341061,11.9680328019128,5.33122306276497
358,1,NonStim,0,1,1219.99263333333,1220.96566666667,NaN,0.972999999999956,1000.00000002365,1,-0.4545,-1,1,0,0,0,0,NaN,NaN,NaN,NaN,NaN,NaN,NaN,7.97868834266755,7.99683692812597,11.9680327551824,9.32964309936359
359,1,Stim,1,1,1223.31863333333,1224.2751,-0.0634666666669546,0.957000000000107,1000.00000002365,2,0.4545,1,1,0,0,0,0,NaN,NaN,NaN,NaN,NaN,NaN,NaN,11.9680282784137,11.9952527011411,11.9680324337988,7.9968361584622
360,1,Stim,1,1,1226.72686666667,1227.6956,-0.0570999999999913,0.968999999999824,1000.00000002365,3,-0.6363,-1,1,0,0,0,0,NaN,NaN,NaN,NaN,NaN,NaN,NaN,11.9680306762264,3.99841884209488,11.9680321145206,7.99682414203387
361,1,NonStim,0,1,1230.1021,1231.0752,NaN,0.972999999999956,1000.00000002365,2,0.3636,1,0,0,0,0,0,NaN,NaN,NaN,NaN,NaN,NaN,NaN,11.9680297428134,7.99683648319962,11.9680296622299,7.99683693107658
362,1,Stim,1,1,1233.4123,1234.38436666667,-0.0531666666668116,0.97199999999998,1000.00000002365,1,1,1,1,0,0,0,0,NaN,NaN,NaN,NaN,NaN,NaN,NaN,7.97868832176807,5.3312193693196,11.9680328028816,6.66403114016553
363,1,NonStim,0,1,1236.66176666667,1237.6271,NaN,0.965999999999894,1000.00000002365,3,0.0909,1,1,0,0,0,0,NaN,NaN,NaN,NaN,NaN,NaN,NaN,7.97868791529099,6.66402706264554,11.9680295515478,5.33122371042691
364,1,Stim,1,1,1240.01173333333,1240.98583333333,-0.0580666666667184,0.973999999999933,1000.00000002365,3,-0,-1,1,0,0,0,0,NaN,NaN,NaN,NaN,NaN,NaN,NaN,10.6382484687194,7.99683730533366,11.9680315836326,6.66403088963639
365,1,NonStim,0,1,1243.31266666667,1244.2963,NaN,0.983999999999924,1000.00000002365,3,-0.1818,-1,1,0,0,0,0,NaN,NaN,NaN,NaN,NaN,NaN,NaN,10.6382445494819,7.99683700813795,13.2311544383146,7.36066065316772
366,1,Stim,1,1,1246.6875,1247.66213333333,-0.0536999999999352,0.974999999999909,1000.00000002365,2,-0.4545,-1,1,0,0,0,0,NaN,NaN,NaN,NaN,NaN,NaN,NaN,6.64890663381364,7.99683764528682,11.9680321903283,7.99681482475909
367,1,Stim,1,1,1250.05583333333,1251.01163333333,-0.0673999999999069,0.955999999999904,1000.00000002365,2,1,1,1,0,0,0,0,NaN,NaN,NaN,NaN,NaN,NaN,NaN,7.97868608432091,6.66403028271051,9.30846760186567,7.99682976730183
368,1,NonStim,0,1,1253.38836666667,1254.3782,NaN,0.990000000000009,1000.00000002365,4,0.1818,1,1,0,0,0,0,NaN,NaN,NaN,NaN,NaN,NaN,NaN,5.31912566836333,7.996836882838,11.9680269302231,6.0345315784101
369,1,NonStim,0,1,1256.78946666667,1257.762,NaN,0.972999999999956,1000.00000002365,4,-0.6363,-1,1,0,0,0,0,NaN,NaN,NaN,NaN,NaN,NaN,NaN,9.30846809749151,6.66403027183629,10.6382501907898,11.9952559979324
370,1,Stim,1,1,1260.3644,1261.33756666667,-0.059633333333295,0.972999999999956,1000.00000002365,3,-1,-1,1,1,0,0,0,NaN,NaN,NaN,NaN,NaN,NaN,NaN,7.97868795750816,11.9951307658981,13.2311488309765,7.99681338574269
371,1,NonStim,0,1,1263.749,1264.72366666667,NaN,0.974999999999909,1000.00000002365,4,0.4545,1,1,0,1,0,0,NaN,NaN,NaN,NaN,NaN,NaN,NaN,5.3191249537834,5.33122408224927,11.968032457598,6.66402879099214
372,1,Stim,1,1,1267.3327,1268.3147,-0.0506000000002587,0.981999999999971,1000.00000002365,4,-0.3636,-1,1,0,0,0,0,NaN,NaN,NaN,NaN,NaN,NaN,NaN,7.97868835668014,7.99680390404939,11.9680301537479,9.32959773275589
374,1,Stim,1,1,1272.4073,1273.37243333333,-0.0525333333334856,0.965000000000146,1000.00000002365,2,-0.6363,-1,1,0,0,0,0,NaN,NaN,NaN,NaN,NaN,NaN,NaN,10.6382510586765,7.99683770430865,11.9680252156651,7.99683397403794
377,1,NonStim,0,1,1279.1085,1280.08263333333,NaN,0.97400000000016,1000.00000002365,1,-0.0909,-1,0,0,0,0,0,NaN,NaN,NaN,NaN,NaN,NaN,NaN,9.3084666948176,5.33122401594124,11.9680303169734,7.9968369127892
378,1,NonStim,0,1,1282.3766,1283.35076666667,NaN,0.973999999999933,1000.00000002365,2,-0.4545,-1,1,0,0,0,0,NaN,NaN,NaN,NaN,NaN,NaN,NaN,9.30846605289952,3.99841737179819,13.2978110445286,5.33122375813132
379,1,Stim,1,1,1285.7344,1286.7031,-0.0558333333333394,0.969000000000051,1000.00000002365,1,-0.0909,-1,0,0,1,0,0,NaN,NaN,NaN,NaN,NaN,NaN,NaN,11.9680314703921,3.99841890451741,13.297813646107,6.66403097530558
380,1,NonStim,0,1,1289.01866666667,1289.97376666667,NaN,0.954999999999927,1000.00000002365,3,1,1,1,1,0,0,0,NaN,NaN,NaN,NaN,NaN,NaN,NaN,7.97868538259985,5.33122201471789,11.9680262034464,5.3312245483844
381,1,NonStim,0,1,1292.36076666667,1293.32513333333,NaN,0.964999999999918,1000.00000002365,2,-0,-1,1,1,1,1,1.0362694300519,0.263932896155054,31.2088525233873,14.9999999996453,-0.254450002467608,-0.967085930124224,255.259002332901,1,11.9680263133682,5.33122451353055,11.9680270810116,6.66403051645145
383,1,NonStim,0,1,1298.93633333333,1299.90936666667,NaN,0.973000000000184,1000.00000002365,3,0.4545,1,1,1,1,1,1.02774922918788,0.277215379981961,19.1047876758204,19.9999999995271,-0.0552116801685953,-0.998474671873534,266.834994358773,1,7.97868735166841,7.99683646832409,11.9680327958106,6.66398408741757
384,1,NonStim,0,1,1302.24533333333,1303.21073333333,NaN,0.964999999999918,1000.00000002365,4,0.0909,1,0,0,0,0,0,NaN,NaN,NaN,NaN,NaN,NaN,NaN,13.2978050844061,5.33122039491368,14.6275952066767,7.99676190894835
387,1,Stim,1,1,1310.1628,1311.12753333333,-0.054833333333363,0.964999999999918,1000.00000002365,1,-0.6363,-1,1,1,0,0,0,NaN,NaN,NaN,NaN,NaN,NaN,NaN,7.97868818143329,5.3312242241851,13.297795041348,6.66402870892284
388,1,NonStim,0,1,1313.47933333333,1314.4573,NaN,0.978000000000065,1000.00000002365,2,0.1818,1,0,0,0,0,0,NaN,NaN,NaN,NaN,NaN,NaN,NaN,7.97868830124917,5.3312236754749,9.30846221944303,5.331224911642
389,1,Stim,1,1,1316.7727,1317.74903333333,-0.0490666666669313,0.977000000000089,1000.00000002365,3,0.1818,1,1,3,2,2,2.04708290685754,0.327360530380695,29.3749396992722,26.9999999993615,0.0281752885794004,0.000558614088683851,1.13581931303049,0.0281808256840102,7.97868772067934,1.33280595732301,11.9680320816376,5.33122403114471
390,1,NonStim,0,1,1320.20503333333,1321.1826,NaN,0.977000000000089,1000.00000002365,4,-0,-1,0,1,1,1,1.02354145342877,0.357984909342367,37.8413692740401,14.9999999996453,0.0167194845046481,-0.999860219649676,270.958000534717,1,7.97868832322503,11.995003978889,11.968032309693,5.33122493319686
392,1,NonStim,0,1,1326.67336666667,1327.6412,NaN,0.968000000000075,1000.00000002365,4,-1,-1,1,2,0,0,0,NaN,NaN,NaN,NaN,NaN,NaN,NaN,7.97868706265138,1.33280618529678,11.9680270326812,5.33122252525675
393,1,Stim,1,1,1330.08223333333,1331.0665,-0.0544000000002143,0.983999999999924,1000.00000002365,2,0.1818,1,1,0,0,0,0,NaN,NaN,NaN,NaN,NaN,NaN,NaN,7.97868774634616,5.3312249126718,11.9680317993253,7.996827648767
394,1,Stim,1,1,1333.45756666667,1334.43113333333,-0.0474333333334016,0.973999999999933,1000.00000002365,3,-0.3636,-1,1,0,0,0,0,NaN,NaN,NaN,NaN,NaN,NaN,NaN,7.97868847672206,7.99682992757423,14.6275548396946,5.33122275251422
395,1,Stim,1,1,1336.8832,1337.85313333333,-0.056633333333366,0.970000000000027,1000.00000002365,4,-0.1818,-1,1,0,0,0,0,NaN,NaN,NaN,NaN,NaN,NaN,NaN,7.9786884110441,5.33122375424724,11.9680277319986,5.33121578377369
396,1,Stim,1,1,1340.29353333333,1341.25813333333,-0.0641333333335297,0.964999999999918,1000.00000002365,3,1,1,1,0,0,0,0,NaN,NaN,NaN,NaN,NaN,NaN,NaN,9.30846998033929,5.33122519152536,13.0291305439354,7.99683551741202
398,1,NonStim,0,1,1345.27766666667,1346.25013333333,NaN,0.972999999999956,1000.00000002365,1,-0,-1,0,0,0,0,0,NaN,NaN,NaN,NaN,NaN,NaN,NaN,6.64890677385801,5.33121946536951,11.9680327434649,6.66402803346431
400,1,Stim,1,1,1351.96856666667,1352.95153333333,-0.0546333333334132,0.982999999999947,1000.00000002365,4,0.1818,1,1,1,1,1,1.01729399796547,0.26262949713768,26.2412111692749,17.9999999995744,0.447419629359764,-0.89432414440379,296.578250183913,1,7.97867597429686,7.99682117584968,11.9679718679446,7.99682725893657
401,1,Stim,1,1,1355.353,1356.3206,-0.0638333333333776,0.967999999999847,1000.00000002365,2,0.3636,1,1,0,1,0,0,NaN,NaN,NaN,NaN,NaN,NaN,NaN,7.97868838989139,7.99683575419365,11.9680319874471,6.66394857020861
402,1,NonStim,0,1,1358.76176666667,1359.74476666667,NaN,0.982999999999947,1000.00000002365,1,0.0909,1,1,0,0,0,0,NaN,NaN,NaN,NaN,NaN,NaN,NaN,7.97868172125556,5.33122453132976,11.9679993110716,5.33122113585007
403,1,Stim,1,1,1362.1617,1363.14446666667,-0.0568000000000666,0.982999999999947,1000.00000002365,4,-0,-1,1,1,0,0,0,NaN,NaN,NaN,NaN,NaN,NaN,NaN,11.9680217440743,3.99835638969172,14.6275762102051,5.33122519896815
404,1,NonStim,0,1,1365.5031,1366.47213333333,NaN,0.969000000000051,1000.00000002365,4,-0.3636,-1,1,0,0,0,0,NaN,NaN,NaN,NaN,NaN,NaN,NaN,6.64890463203486,7.99683495318859,11.9680276809225,5.33122376193384
406,1,Stim,1,1,1370.79726666667,1371.7797,-0.0563999999999396,0.981999999999971,1000.00000002365,1,-0.3636,-1,1,1,0,0,0,NaN,NaN,NaN,NaN,NaN,NaN,NaN,7.97868834460287,2.66560827125382,11.9680327729553,5.33122148674008
407,1,NonStim,0,1,1374.10493333333,1375.07756666667,NaN,0.972999999999956,1000.00000002365,2,-0.3636,-1,1,0,0,0,0,NaN,NaN,NaN,NaN,NaN,NaN,NaN,6.64890600720878,6.66402916108834,10.6382513777727,5.33122511917996
408,1,Stim,1,1,1377.59866666667,1378.58703333333,-0.0562333333334664,0.989000000000033,1000.00000002365,3,-0.1818,-1,1,0,0,0,0,NaN,NaN,NaN,NaN,NaN,NaN,NaN,11.9680328026921,6.66400072375274,17.2871522324659,7.99681834729421
409,1,Stim,1,1,1381.06583333333,1382.03036666667,-0.0661000000000058,0.964999999999918,1000.00000002365,3,-0.4545,-1,1,0,0,0,0,NaN,NaN,NaN,NaN,NaN,NaN,NaN,7.97868785658486,5.33122399354538,11.9680319749931,5.33114439927823
410,1,NonStim,0,1,1384.5647,1385.52913333333,NaN,0.964999999999918,1000.00000002365,3,-1,-1,1,1,1,1,1.0362694300519,0.177274503415411,14.7959360043218,28.9999999993142,-0.997213581275524,-0.0745994190302106,184.278206227841,1,11.9680114679658,5.3312248967979,11.8939252892098,5.33122452023229
411,1,Stim,1,1,1387.76603333333,1388.73806666667,-0.0508333333332303,0.97199999999998,1000.00000002365,1,-0.4545,-1,1,0,0,0,0,NaN,NaN,NaN,NaN,NaN,NaN,NaN,7.9786869153769,6.66402856910236,9.99549661699099,6.66402336369294
412,1,Stim,1,1,1391.1234,1392.08883333333,-0.0596333333335224,0.964999999999918,1000.00000002365,2,-0.0909,-1,0,0,0,0,0,NaN,NaN,NaN,NaN,NaN,NaN,NaN,7.97868739795572,5.3312247986065,11.9680327533556,7.99683779901205
413,1,NonStim,0,1,1394.4321,1395.40746666667,NaN,0.974999999999909,1000.00000002365,4,-0.0909,-1,1,0,0,0,0,NaN,NaN,NaN,NaN,NaN,NaN,NaN,7.97868834716801,5.33122405218186,11.9680291876672,5.33122498353884
414,1,Stim,1,1,1397.77486666667,1398.75123333333,-0.0518666666669105,0.976999999999862,1000.00000002365,4,0.0909,1,0,0,0,0,0,NaN,NaN,NaN,NaN,NaN,NaN,NaN,7.97868717459297,5.33122514028229,11.8939261241141,7.99683685732759
415,1,Stim,1,1,1401.1331,1402.1094,-0.0563000000001921,0.975999999999885,1000.00000002365,3,-0.0909,-1,1,0,0,0,0,NaN,NaN,NaN,NaN,NaN,NaN,NaN,6.64890681079077,5.33122516718485,11.9680325561204,7.99683649578228
416,1,NonStim,0,1,1404.5084,1405.47746666667,NaN,0.969000000000051,1000.00000002365,1,-0.1818,-1,1,0,0,0,0,NaN,NaN,NaN,NaN,NaN,NaN,NaN,9.30846909501884,5.33122389942188,11.9680324215022,5.33120653789161
417,1,NonStim,0,1,1407.85903333333,1408.82783333333,NaN,0.968000000000075,1000.00000002365,2,-0.1818,-1,0,0,0,0,0,NaN,NaN,NaN,NaN,NaN,NaN,NaN,7.97868769916146,7.99682724915113,11.9680321373618,7.99683089394837
418,1,NonStim,0,1,1411.344,1412.30783333333,NaN,0.963999999999942,1000.00000002365,2,0.0909,1,0,1,1,1,1.03734439834031,0.163096010136299,18.2091139541754,19.9999999995271,0.623830552102519,0.781559621694638,51.4035955278185,1,7.97868435982383,1.33280614140798,11.9680323472935,5.33122515512862
419,1,Stim,1,1,1414.97683333333,1415.95923333333,-0.0555666666666639,0.982999999999947,1000.00000002365,2,0.0909,1,1,0,0,0,0,NaN,NaN,NaN,NaN,NaN,NaN,NaN,13.2978142269962,11.9951889823385,15.9573662983914,11.9952499827673
420,1,Stim,1,1,1418.37076666667,1419.335,-0.0538666666666359,0.964999999999918,1000.00000002365,1,0.1818,1,1,0,1,0,0,NaN,NaN,NaN,NaN,NaN,NaN,NaN,9.30845366677893,11.9952449569352,11.9680327692305,5.33121896447914
421,1,NonStim,0,1,1421.77873333333,1422.7462,NaN,0.968000000000075,1000.00000002365,2,0.6363,1,1,0,0,0,0,NaN,NaN,NaN,NaN,NaN,NaN,NaN,13.2978065823536,9.32964022916397,14.6275950529989,7.99683699146172
422,1,NonStim,0,1,1425.1289,1426.1064,NaN,0.978000000000065,1000.00000002365,2,1,1,1,0,0,0,0,NaN,NaN,NaN,NaN,NaN,NaN,NaN,7.97868764089634,5.33122520839128,11.9680315018284,6.66403031570544
423,1,Stim,1,1,1428.6038,1429.59556666667,-0.0591333333334205,0.991999999999962,1000.00000002365,1,0.3636,1,1,4,0,0,0,NaN,NaN,NaN,NaN,NaN,NaN,NaN,9.30846927657477,1.33280516948499,11.9680260970559,5.33122459686519
424,1,NonStim,0,1,1432.12913333333,1433.09323333333,NaN,0.963999999999942,1000.00000002365,1,0.3636,1,1,1,1,1,1.03734439834031,0.418237712220671,35.7400625006497,23.9999999994325,0.0715395803185292,-0.997437761691349,274.102420412171,1,7.97868792221229,5.33122407779955,11.9680293099428,7.9968366205535
425,1,Stim,1,1,1435.4629,1436.43163333333,-0.0621333333333496,0.969000000000051,1000.00000002365,4,1,1,1,0,0,0,0,NaN,NaN,NaN,NaN,NaN,NaN,NaN,7.97868794497572,6.66402945089886,11.9680035147649,7.99683743321933
426,1,Stim,1,1,1438.8474,1439.82296666667,-0.0645666666666784,0.974999999999909,1000.00000002365,2,-1,-1,1,0,0,0,0,NaN,NaN,NaN,NaN,NaN,NaN,NaN,10.6382477677763,11.9952529501894,13.2978141380345,13.3280386500983
427,1,NonStim,0,1,1442.20526666667,1443.17893333333,NaN,0.973000000000184,1000.00000002365,3,-0,-1,0,1,0,0,0,NaN,NaN,NaN,NaN,NaN,NaN,NaN,7.97868698431947,6.66402835528627,11.968024780146,7.99682703647218
428,1,Stim,1,1,1445.58053333333,1446.55613333333,-0.0571999999999662,0.976000000000113,1000.00000002365,1,-0.1818,-1,1,4,0,0,0,NaN,NaN,NaN,NaN,NaN,NaN,NaN,7.9786882418298,1.33280625348426,11.9680318128643,7.99683661949558
429,1,NonStim,0,1,1449.05693333333,1450.03253333333,NaN,0.975999999999885,1000.00000002365,3,-0.0909,-1,0,2,2,2,2.04918032786909,0.440485708719532,41.1127310021059,16.999999999598,-0.050255234308583,-0.0324185689309026,212.825190463019,0.0598042823461519,11.3225492876446,10.0181182168486,13.2978140285822,6.66389846740782
430,1,Stim,1,1,1452.39856666667,1453.37163333333,-0.0515666666667585,0.973000000000184,1000.00000002365,2,-0.1818,-1,1,0,0,0,0,NaN,NaN,NaN,NaN,NaN,NaN,NaN,9.30846972908141,6.6640292197904,11.9680302954056,6.6640314804191
431,1,NonStim,0,1,1455.84933333333,1456.8138,NaN,0.964000000000169,1000.00000002365,1,-1,-1,1,0,10,0,0,NaN,NaN,NaN,NaN,NaN,NaN,NaN,7.97868755536505,3.99841187290299,11.9680297889882,3.46944695203566e-15
432,1,NonStim,0,1,1459.24993333333,1460.2142,NaN,0.964999999999918,1000.00000002365,4,1,1,1,0,0,0,0,NaN,NaN,NaN,NaN,NaN,NaN,NaN,7.97868836128567,5.33122518339484,11.9680327586279,7.99683534096227
434,1,Stim,1,1,1465.93366666667,1466.90113333333,-0.0574333333333925,0.968000000000075,1000.00000002365,4,0.3636,1,1,0,0,0,0,NaN,NaN,NaN,NaN,NaN,NaN,NaN,7.97868728625096,5.33122418672057,11.9680322146578,7.996832359413
435,1,NonStim,0,1,1469.33486666667,1470.29656666667,NaN,0.961999999999989,1000.00000002365,2,0.4545,1,1,0,0,0,0,NaN,NaN,NaN,NaN,NaN,NaN,NaN,9.30846954828706,6.66403101207136,11.968022663869,5.33121872892565
436,1,Stim,1,1,1472.74436666667,1473.72523333333,-0.053533333333462,0.980999999999995,1000.00000002365,4,-0.0909,-1,0,0,0,0,0,NaN,NaN,NaN,NaN,NaN,NaN,NaN,7.97868659442718,7.99683021853336,11.9680317139277,7.99678566022274
437,1,Stim,1,1,1476.15253333333,1477.11573333333,-0.0628000000001521,0.962999999999965,1000.00000002365,2,-0.3636,-1,1,0,0,0,0,NaN,NaN,NaN,NaN,NaN,NaN,NaN,6.64890610809974,6.6640293450268,11.968023806181,6.66403141263845
438,1,Stim,1,1,1479.71986666667,1480.68726666667,-0.0557000000001153,0.967999999999847,1000.00000002365,2,0.6363,1,1,0,1,0,0,NaN,NaN,NaN,NaN,NaN,NaN,NaN,7.97868772458461,7.99683065325309,13.297811333331,5.33122459005015
439,1,Stim,1,1,1483.09453333333,1484.0687,-0.0578666666667687,0.973999999999933,1000.00000002365,3,0.4545,1,1,0,0,0,0,NaN,NaN,NaN,NaN,NaN,NaN,NaN,9.30846884147572,7.99683709717728,13.2978047270156,10.6624472883966
440,1,Stim,1,1,1486.5781,1487.56193333333,-0.0579000000000178,0.982999999999947,1000.00000002365,1,0.6363,1,1,0,0,0,0,NaN,NaN,NaN,NaN,NaN,NaN,NaN,7.97867895874903,5.3312246271502,11.9680327307275,7.99683531817245
441,1,NonStim,0,1,1489.91336666667,1490.89243333333,NaN,0.979000000000042,1000.00000002365,3,-0.3636,-1,1,0,0,0,0,NaN,NaN,NaN,NaN,NaN,NaN,NaN,6.64890695297998,10.6624503103537,11.8939223837577,7.99683129231824
442,1,NonStim,0,1,1493.24573333333,1494.20586666667,NaN,0.959999999999809,1000.00000002365,3,-0.6363,-1,1,0,1,0,0,NaN,NaN,NaN,NaN,NaN,NaN,NaN,7.97867614598887,10.018233226434,11.9680322878749,5.33122351239872
443,1,NonStim,0,1,1496.65456666667,1497.61293333333,NaN,0.958000000000084,1000.00000002365,2,-1,-1,1,0,0,0,0,NaN,NaN,NaN,NaN,NaN,NaN,NaN,7.97868749165219,7.99683512427518,11.9680326220575,7.99683760293604
444,1,NonStim,0,1,1500.03886666667,1501.0044,NaN,0.965999999999894,1000.00000002365,1,0.1818,1,1,0,0,0,0,NaN,NaN,NaN,NaN,NaN,NaN,NaN,10.6382499706838,7.99678968134308,11.9495410755893,7.99683538374492
445,1,NonStim,0,1,1503.44716666667,1504.4149,NaN,0.966999999999871,1000.00000002365,3,0.6363,1,1,0,0,0,0,NaN,NaN,NaN,NaN,NaN,NaN,NaN,7.97868854715874,5.33122106727421,11.9680297944066,5.33122518191746
446,1,NonStim,0,1,1506.6397,1507.6058,NaN,0.965999999999894,1000.00000002365,4,0.3636,1,1,1,2,1,1.03519668737071,0.278641216793185,24.9904273089302,15.9999999996217,0.427086313079654,-0.904210861016405,295.282791856301,1,10.6382288837593,10.6624501220123,11.3226619515237,6.66403048526503
447,1,Stim,1,1,1509.96413333333,1510.9399,-0.0485666666668294,0.975000000000136,1000.00000002365,4,-1,-1,1,0,0,0,0,NaN,NaN,NaN,NaN,NaN,NaN,NaN,9.30847000097174,5.33122520626518,13.297808390349,7.99683695793402
448,1,Stim,1,1,1513.37396666667,1514.34816666667,-0.0568666666667923,0.974999999999909,1000.00000002365,1,-0,-1,0,0,0,0,0,NaN,NaN,NaN,NaN,NaN,NaN,NaN,7.97868780359516,5.33122113042847,11.9680305659864,7.99683537839467
449,1,NonStim,0,1,1516.72363333333,1517.69616666667,NaN,0.972999999999956,1000.00000002365,2,-0.6363,-1,1,0,0,0,0,NaN,NaN,NaN,NaN,NaN,NaN,NaN,10.6382510057491,6.66402889713815,13.2978136474899,7.99683768117571
450,1,Stim,1,1,1520.09933333333,1521.08226666667,-0.0594000000003234,0.983000000000175,1000.00000002365,4,-0.6363,-1,1,0,1,0,0,NaN,NaN,NaN,NaN,NaN,NaN,NaN,11.9680249022331,11.9952103144067,13.297814106119,6.66401033367069
451,1,NonStim,0,1,1523.49163333333,1524.4556,NaN,0.963999999999942,1000.00000002365,1,-0.3636,-1,1,3,0,0,0,NaN,NaN,NaN,NaN,NaN,NaN,NaN,11.9679935354037,1.33280630177582,9.3084699955051,5.33122520844645
454,1,Stim,1,1,1530.13553333333,1531.0922,-0.0636333333334278,0.957000000000107,1000.00000002365,3,0.0909,1,1,0,0,0,0,NaN,NaN,NaN,NaN,NaN,NaN,NaN,7.97868799738364,3.99841856367196,11.9680326057434,6.66402859571622
456,1,Stim,1,1,1536.62623333333,1537.59236666667,-0.0566000000001168,0.966000000000122,1000.00000002365,4,0.6363,1,1,0,0,0,0,NaN,NaN,NaN,NaN,NaN,NaN,NaN,9.3084631775669,7.99683448931294,11.9680322004774,5.33122476974436
457,1,Stim,1,1,1539.86813333333,1540.83343333333,-0.052366666666785,0.965000000000146,1000.00000002365,3,0.3636,1,1,0,0,0,0,NaN,NaN,NaN,NaN,NaN,NaN,NaN,7.97868520177585,9.32964108488786,11.8939260210576,6.66401608803426
458,1,Stim,1,1,1543.2102,1544.17096666667,-0.0725999999999658,0.960000000000036,1000.00000002365,2,-0,-1,1,0,0,0,0,NaN,NaN,NaN,NaN,NaN,NaN,NaN,10.638250377137,7.99682763853941,11.9680276027924,7.9968366051843
459,1,NonStim,0,1,1546.57746666667,1547.54346666667,NaN,0.965999999999894,1000.00000002365,4,-0.1818,-1,0,2,2,2,2.07039337474143,0.536393269264992,45.6008779959937,20.4999999995152,-0.0262685557442222,-0.00628732701314172,193.460407285548,0.0270105072491705,7.97868591903158,5.33122241412713,13.2977700437405,9.32964094214319
460,1,NonStim,0,1,1549.8032,1550.7725,NaN,0.968999999999824,1000.00000002365,1,-0.6363,-1,1,0,0,0,0,NaN,NaN,NaN,NaN,NaN,NaN,NaN,7.97868850269369,5.33122292646728,11.9680319200468,6.66403149109828
461,1,Stim,1,1,1553.1956,1554.16323333333,-0.0518666666666832,0.968000000000075,1000.00000002365,4,-0.4545,-1,1,0,1,0,0,NaN,NaN,NaN,NaN,NaN,NaN,NaN,11.9680296106362,11.9952395239245,14.627579522187,6.66401867371434
469,1,Stim,1,1,1575.6901,1576.66426666667,-0.0527999999999338,0.973999999999933,1000.00000002365,1,0.0909,1,1,0,0,0,0,NaN,NaN,NaN,NaN,NaN,NaN,NaN,7.97868830128905,7.99682274417126,11.9680323589646,7.99682583399756
470,1,NonStim,0,1,1579.04043333333,1580.00923333333,NaN,0.969000000000051,1000.00000002365,1,0.6363,1,1,0,0,0,0,NaN,NaN,NaN,NaN,NaN,NaN,NaN,10.6382492270812,7.99681512011982,10.6382502348394,7.99683393017464
471,1,NonStim,0,1,1582.42466666667,1583.40013333333,NaN,0.976000000000113,1000.00000002365,4,-0.1818,-1,0,0,0,0,0,NaN,NaN,NaN,NaN,NaN,NaN,NaN,26.595626670431,13.3279005672223,27.9253821175775,7.99682091109521
472,1,Stim,1,1,1585.7998,1586.78233333333,-0.0575333333335948,0.982999999999947,1000.00000002365,4,-0.0909,-1,1,0,0,0,0,NaN,NaN,NaN,NaN,NaN,NaN,NaN,9.3084644831249,7.9968355235089,11.968032551355,5.33122517746765
473,1,Stim,1,1,1589.242,1590.2092,-0.0529666666666344,0.968000000000075,1000.00000002365,4,-1,-1,1,0,0,0,0,NaN,NaN,NaN,NaN,NaN,NaN,NaN,9.30846934861733,5.33122496067459,11.9680323043912,7.99681901570359
475,1,Stim,1,1,1594.53436666667,1595.50836666667,-0.0562333333334664,0.973999999999933,1000.00000002365,4,0.6363,1,1,0,0,0,0,NaN,NaN,NaN,NaN,NaN,NaN,NaN,7.97868826302139,6.66403104690533,13.2978103219684,5.33122511346445
476,1,NonStim,0,1,1597.72633333333,1598.69976666667,NaN,0.972999999999956,1000.00000002365,4,0.0909,1,1,0,0,0,0,NaN,NaN,NaN,NaN,NaN,NaN,NaN,9.30845648230336,5.33122454750223,11.968019610386,5.33121979766415
477,1,NonStim,0,1,1600.9762,1601.9506,NaN,0.973999999999933,1000.00000002365,3,-0.1818,-1,1,0,0,0,0,NaN,NaN,NaN,NaN,NaN,NaN,NaN,21.2764628101834,11.9952481931758,22.5671214428295,11.9952566390213
478,1,NonStim,0,1,1604.27706666667,1605.24356666667,NaN,0.965999999999894,1000.00000002365,1,-0.3636,-1,1,0,0,0,0,NaN,NaN,NaN,NaN,NaN,NaN,NaN,11.9680306020001,7.9968253276843,11.968032820061,5.33122347212236
479,1,NonStim,0,1,1607.56263333333,1608.54526666667,NaN,0.982999999999947,1000.00000002365,4,0.1818,1,1,0,0,0,0,NaN,NaN,NaN,NaN,NaN,NaN,NaN,6.64890662081313,5.3312252082572,11.9680277332833,10.6624498368426
480,1,Stim,1,1,1610.904,1611.87153333333,-0.0677333333333081,0.968000000000075,1000.00000002365,2,-0.3636,-1,1,1,0,0,0,NaN,NaN,NaN,NaN,NaN,NaN,NaN,11.9680047476746,6.66403101088815,11.9680306835649,7.99681629581391
481,1,NonStim,0,1,1614.25373333333,1615.23573333333,NaN,0.981999999999971,1000.00000002365,1,-0.4545,-1,1,0,0,0,0,NaN,NaN,NaN,NaN,NaN,NaN,NaN,11.9680322153418,7.99682201205643,13.2978137812802,7.99678628080247
482,1,Stim,1,1,1617.58023333333,1618.55623333333,-0.0586666666667952,0.976000000000113,1000.00000002365,1,-0.4545,-1,1,0,0,0,0,NaN,NaN,NaN,NaN,NaN,NaN,NaN,12.3049698185794,7.99683706738607,15.957376109035,7.9968377615135
483,1,NonStim,0,1,1620.90483333333,1621.8791,NaN,0.974999999999909,1000.00000002365,2,-0.4545,-1,1,0,0,0,0,NaN,NaN,NaN,NaN,NaN,NaN,NaN,19.9467098896048,13.3279873545471,23.9360603475,13.3280330483921
484,1,Stim,1,1,1624.26366666667,1625.2359,-0.0620333333333747,0.97199999999998,1000.00000002365,3,-0.1818,-1,1,0,0,0,0,NaN,NaN,NaN,NaN,NaN,NaN,NaN,7.9786883110221,10.66241083296,13.2311544585051,7.9968177155971
485,1,Stim,1,1,1627.6385,1628.61986666667,-0.0632333333335282,0.980999999999995,1000.00000002365,2,-1,-1,1,0,0,0,0,NaN,NaN,NaN,NaN,NaN,NaN,NaN,21.2764988376817,10.662448502394,23.9360641031259,7.99683192287094
486,1,Stim,1,1,1631.0393,1632.00763333333,-0.0588999999999942,0.968000000000075,1000.00000002365,1,-0.6363,-1,1,3,0,0,0,NaN,NaN,NaN,NaN,NaN,NaN,NaN,7.9786884885924,1.33280622340615,11.9680325202429,7.99680382698334
487,1,NonStim,0,1,1634.43153333333,1635.38796666667,NaN,0.955999999999904,1000.00000002365,3,1,1,1,0,0,0,0,NaN,NaN,NaN,NaN,NaN,NaN,NaN,18.6169389279568,7.99683349341326,21.2765020160645,7.99683089097699
488,1,Stim,1,1,1637.7662,1638.74746666667,-0.0564999999999145,0.980999999999995,1000.00000002365,1,-0.0909,-1,1,0,0,0,0,NaN,NaN,NaN,NaN,NaN,NaN,NaN,7.97866761165751,5.33122399936775,11.968026202037,7.99681688223375
489,1,Stim,1,1,1641.12343333333,1642.09863333333,-0.0467000000001008,0.974999999999909,1000.00000002365,2,0.3636,1,1,0,0,0,0,NaN,NaN,NaN,NaN,NaN,NaN,NaN,19.946719414986,11.9952532741492,21.2764898770231,10.6624501948948
490,1,NonStim,0,1,1644.34983333333,1645.32223333333,NaN,0.972999999999956,1000.00000002365,4,-0.6363,-1,1,1,0,0,0,NaN,NaN,NaN,NaN,NaN,NaN,NaN,9.30846578860434,5.33122436579013,13.2978068147749,10.662449774823
491,1,Stim,1,1,1647.54136666667,1648.51526666667,-0.0508000000002085,0.97400000000016,1000.00000002365,2,-0,-1,0,0,0,0,0,NaN,NaN,NaN,NaN,NaN,NaN,NaN,10.6382258234993,7.99681807394639,13.2978136634091,6.6640311735845
492,1,NonStim,0,1,1650.84166666667,1651.81623333333,NaN,0.974999999999909,1000.00000002365,1,-0,-1,1,0,0,0,0,NaN,NaN,NaN,NaN,NaN,NaN,NaN,9.30846618753312,3.99841800885007,9.3084693575346,6.66403040828269
493,1,NonStim,0,1,1654.1853,1655.14046666667,NaN,0.955000000000155,1000.00000002365,3,-0.3636,-1,1,1,0,0,0,NaN,NaN,NaN,NaN,NaN,NaN,NaN,7.97868772397615,5.3312216699125,13.2311523902848,9.32964260826103
494,1,Stim,1,1,1657.53426666667,1658.5158,-0.0540333333333365,0.980999999999995,1000.00000002365,3,-0.3636,-1,1,0,0,0,0,NaN,NaN,NaN,NaN,NaN,NaN,NaN,11.9680322238591,9.32963933012577,18.6169217668362,6.66402494112953
495,1,Stim,1,1,1661.01006666667,1661.96653333333,-0.0623333333332994,0.955999999999904,1000.00000002365,2,-0.4545,-1,1,4,0,0,0,NaN,NaN,NaN,NaN,NaN,NaN,NaN,7.97868651218612,1.33280468283532,11.9680301048119,7.99683666045805
496,1,Stim,1,1,1664.26876666667,1665.2507,-0.0472333333334518,0.981999999999971,1000.00000002365,3,-1,-1,1,0,0,0,0,NaN,NaN,NaN,NaN,NaN,NaN,NaN,7.97868816687829,5.3312241884887,11.8939255530315,7.99683450373291
497,1,Stim,1,1,1667.62083333333,1668.5924,-0.0550333333333128,0.97199999999998,1000.00000002365,3,0.6363,1,1,0,0,0,0,NaN,NaN,NaN,NaN,NaN,NaN,NaN,7.97868738350399,3.9984181850604,11.9680290430313,6.66403008865366
498,1,Stim,1,1,1670.99446666667,1671.98506666667,-0.0588999999997668,0.990999999999985,1000.00000002365,4,0.4545,1,1,0,0,0,0,NaN,NaN,NaN,NaN,NaN,NaN,NaN,9.30846735832047,7.99683319054709,11.968032436234,5.33122195007975
500,1,NonStim,0,1,1677.42063333333,1678.38066666667,NaN,0.960000000000036,1000.00000002365,3,-0.4545,-1,1,0,0,0,0,NaN,NaN,NaN,NaN,NaN,NaN,NaN,9.30846924535972,6.66402890153371,11.9680307216941,5.3312251151142
501,1,Stim,1,1,1680.80423333333,1681.76936666667,-0.0502666666668574,0.964999999999918,1000.00000002365,3,-0.0909,-1,0,0,1,0,0,NaN,NaN,NaN,NaN,NaN,NaN,NaN,7.97868559971055,5.33122495529444,11.9680327427587,7.99681955030927
502,1,Stim,1,1,1684.16263333333,1685.13296666667,-0.0521666666666079,0.970000000000027,1000.00000002365,4,0.1818,1,1,0,1,0,0,NaN,NaN,NaN,NaN,NaN,NaN,NaN,9.30846670737908,6.66402823855911,11.9680038618324,6.66402924077878
503,1,Stim,1,1,1687.7637,1688.73153333333,-0.0590333333334456,0.968000000000075,1000.00000002365,2,-0.6363,-1,1,0,0,0,0,NaN,NaN,NaN,NaN,NaN,NaN,NaN,11.968026264414,11.9951917766223,13.2978108023624,6.66396486500211
504,1,NonStim,0,1,1691.10563333333,1692.0635,NaN,0.958000000000084,1000.00000002365,3,-0.6363,-1,1,0,0,0,0,NaN,NaN,NaN,NaN,NaN,NaN,NaN,11.9680258974158,5.33122481965804,11.9680303368292,6.66402395124002
505,1,Stim,1,1,1694.4398,1695.41266666667,-0.0553000000002157,0.972999999999956,1000.00000002365,1,-0,-1,0,0,1,0,0,NaN,NaN,NaN,NaN,NaN,NaN,NaN,7.97868728076495,5.33122199549072,11.9680308751314,5.33121592635999
506,1,NonStim,0,1,1697.74893333333,1698.7221,NaN,0.973999999999933,1000.00000002365,1,0.1818,1,1,0,0,0,0,NaN,NaN,NaN,NaN,NaN,NaN,NaN,7.97867269307483,5.3312059531827,11.9680318973698,5.33122474866693
507,1,Stim,1,1,1701.08153333333,1702.0555,-0.0536000000001877,0.973999999999933,1000.00000002365,4,0.0909,1,1,0,0,0,0,NaN,NaN,NaN,NaN,NaN,NaN,NaN,7.97868751755426,11.9952039063173,10.6382514084206,7.99683475641608
508,1,Stim,1,1,1704.41563333333,1705.38963333333,-0.0534000000002379,0.973999999999933,1000.00000002365,4,-0,-1,1,0,0,0,0,NaN,NaN,NaN,NaN,NaN,NaN,NaN,7.97868836613162,7.99683355459983,11.9680281181873,7.99683297009633
509,1,NonStim,0,1,1707.64953333333,1708.62343333333,NaN,0.973999999999933,1000.00000002365,2,0.6363,1,1,0,0,0,0,NaN,NaN,NaN,NaN,NaN,NaN,NaN,6.64890702228569,11.9952314954877,11.9680277008916,7.99683742377521
510,1,Stim,1,1,1710.99103333333,1711.9561,-0.0545666666664602,0.964999999999918,1000.00000002365,3,0.3636,1,1,0,0,0,0,NaN,NaN,NaN,NaN,NaN,NaN,NaN,15.9573610075659,7.99682085193026,18.6169351922452,10.6624198683468
511,1,NonStim,0,1,1714.28366666667,1715.26716666667,NaN,0.983999999999924,1000.00000002365,2,0.3636,1,1,0,0,0,0,NaN,NaN,NaN,NaN,NaN,NaN,NaN,9.30845492139164,6.66400169631916,11.9680186512694,6.66400944825794
512,1,NonStim,0,1,1717.60016666667,1718.56626666667,NaN,0.965999999999894,1000.00000002365,2,-0,-1,1,0,0,0,0,NaN,NaN,NaN,NaN,NaN,NaN,NaN,13.2977861399648,10.6624494880414,14.627576112446,7.99674835694254
513,1,Stim,1,1,1720.87656666667,1721.85296666667,-0.0569666666667672,0.976000000000113,1000.00000002365,4,-0.4545,-1,1,0,0,0,0,NaN,NaN,NaN,NaN,NaN,NaN,NaN,7.97867838900649,11.9952432910517,11.9680322757966,6.66402645641352
514,1,NonStim,0,1,1724.22693333333,1725.21626666667,NaN,0.989999999999782,1000.00000002365,3,0.0909,1,1,0,0,0,0,NaN,NaN,NaN,NaN,NaN,NaN,NaN,9.30846274555841,7.99683582799045,13.2978125062468,8.68883391812795
515,1,Stim,1,1,1727.52763333333,1728.50016666667,-0.0625,0.972999999999956,1000.00000002365,3,-0,-1,0,0,0,0,0,NaN,NaN,NaN,NaN,NaN,NaN,NaN,11.9680315108619,6.66403152587202,10.6382405756694,5.33122504657134
516,1,Stim,1,1,1730.8607,1731.83563333333,-0.0591999999999189,0.974999999999909,1000.00000002365,3,1,1,1,0,0,0,0,NaN,NaN,NaN,NaN,NaN,NaN,NaN,7.97868825595577,5.33120983578209,13.2977952941609,7.996818862504
517,1,Stim,1,1,1734.06156666667,1735.04326666667,-0.0545333333334383,0.981999999999971,1000.00000002365,1,-0.3636,-1,1,0,0,0,0,NaN,NaN,NaN,NaN,NaN,NaN,NaN,7.97868778242175,11.9952530505611,11.9680264174896,7.9968317970072
518,1,NonStim,0,1,1737.5116,1738.46956666667,NaN,0.958000000000084,1000.00000002365,3,-0.0909,-1,0,0,0,0,0,NaN,NaN,NaN,NaN,NaN,NaN,NaN,6.64890654787033,3.99841684983171,11.968032193427,7.99682704432841
519,1,NonStim,0,1,1740.79583333333,1741.76176666667,NaN,0.965999999999894,1000.00000002365,4,1,1,1,1,1,1,1.03519668737071,0.321643208098558,31.5459948339606,16.999999999598,0.165377930813573,-0.986230267229627,279.519189934836,1,7.97868739712252,5.33122494297815,11.9680254128366,5.33122520492014
521,1,NonStim,0,1,1746.0049,1746.97863333333,NaN,0.973999999999933,1000.00000002365,2,0.0909,1,1,0,0,0,0,NaN,NaN,NaN,NaN,NaN,NaN,NaN,7.97868833155476,5.33122431016116,11.9680328342738,7.99683129063573
522,1,Stim,1,1,1749.3969,1750.38816666667,-0.0505333333335329,0.991999999999962,1000.00000002365,3,0.1818,1,1,0,0,0,0,NaN,NaN,NaN,NaN,NaN,NaN,NaN,9.30845985858121,7.99683513985308,11.9680327726765,5.33122477523392
523,1,NonStim,0,1,1752.73893333333,1753.71433333333,NaN,0.975999999999885,1000.00000002365,4,-0,-1,0,0,0,0,0,NaN,NaN,NaN,NaN,NaN,NaN,NaN,10.6382495436014,10.6624427072568,11.9680301388192,7.99683475834671
524,1,Stim,1,1,1756.07273333333,1757.04546666667,-0.0498000000000047,0.972999999999956,1000.00000002365,1,0.0909,1,1,1,0,0,0,NaN,NaN,NaN,NaN,NaN,NaN,NaN,9.30846848423887,6.66402195798671,13.2978006949736,7.99681933931862
527,1,NonStim,0,1,1762.54886666667,1763.52063333333,NaN,0.97199999999998,1000.00000002365,4,-0.3636,-1,1,3,0,0,0,NaN,NaN,NaN,NaN,NaN,NaN,NaN,7.97868851921049,1.3328062467385,11.893925996492,6.66400383202322
528,1,NonStim,0,1,1765.98223333333,1766.94903333333,NaN,0.967000000000098,1000.00000002365,3,0.3636,1,1,0,0,0,0,NaN,NaN,NaN,NaN,NaN,NaN,NaN,10.6382480361205,5.33122477062394,11.8939265927428,6.66403121607183
529,1,Stim,1,1,1769.30766666667,1770.28166666667,-0.0504666666668072,0.973999999999933,1000.00000002365,4,-0.6363,-1,1,0,0,0,0,NaN,NaN,NaN,NaN,NaN,NaN,NaN,7.97868841974031,7.99682984762227,13.2978114168108,9.32963788354001
530,1,NonStim,0,1,1772.71693333333,1773.6743,NaN,0.957999999999856,1000.00000002365,3,-0,-1,1,0,0,0,0,NaN,NaN,NaN,NaN,NaN,NaN,NaN,7.97868825349957,7.9968351236342,13.2978142236431,7.9968224320767
531,1,Stim,1,1,1776.0584,1777.03416666667,-0.0563333333334413,0.976000000000113,1000.00000002365,1,0.1818,1,1,1,0,0,0,NaN,NaN,NaN,NaN,NaN,NaN,NaN,9.30846392529322,6.66402977237197,13.9785172420014,9.32960415808381
532,1,NonStim,0,1,1779.37513333333,1780.34486666667,NaN,0.969000000000051,1000.00000002365,4,0.4545,1,1,0,0,0,0,NaN,NaN,NaN,NaN,NaN,NaN,NaN,7.97868816064424,10.6623714965938,11.9680304670612,7.99682458862924
533,1,Stim,1,1,1782.77693333333,1783.74206666667,-0.0573000000001684,0.965999999999894,1000.00000002365,4,0.3636,1,1,0,0,0,0,NaN,NaN,NaN,NaN,NaN,NaN,NaN,14.6275847931555,13.3279790406032,18.6169311749725,14.6608536767218
534,1,NonStim,0,1,1786.37656666667,1787.3413,NaN,0.964999999999918,1000.00000002365,2,1,1,1,0,0,0,0,NaN,NaN,NaN,NaN,NaN,NaN,NaN,7.9786885681613,7.99681797147067,13.2978131562468,7.9967583506538
535,1,NonStim,0,1,1789.70393333333,1790.6853,NaN,0.981999999999971,1000.00000002365,3,0.1818,1,0,0,0,0,0,NaN,NaN,NaN,NaN,NaN,NaN,NaN,7.97868855437916,6.66402611858815,13.2978132639818,7.99682766978523
536,1,NonStim,0,1,1793.26126666667,1794.2266,NaN,0.965000000000146,1000.00000002365,2,-1,-1,1,0,0,0,0,NaN,NaN,NaN,NaN,NaN,NaN,NaN,11.968025696926,7.99683288108121,13.2978088217542,10.6624500819641
537,1,NonStim,0,1,1796.6615,1797.6353,NaN,0.973999999999933,1000.00000002365,2,0.1818,1,0,0,0,0,0,NaN,NaN,NaN,NaN,NaN,NaN,NaN,9.99549517773293,7.99683782468389,11.9680302131695,6.66402974546863
538,1,NonStim,0,1,1800.0458,1801.01063333333,NaN,0.964999999999918,1000.00000002365,1,-1,-1,1,0,0,0,0,NaN,NaN,NaN,NaN,NaN,NaN,NaN,11.9680323711943,7.99683540531146,11.9680326678169,7.99683612277219
539,1,NonStim,0,1,1803.37043333333,1804.339,NaN,0.968999999999824,1000.00000002365,4,-1,-1,1,0,0,0,0,NaN,NaN,NaN,NaN,NaN,NaN,NaN,19.9466889036842,11.9951910868351,19.9467124051262,10.662438988201
540,1,Stim,1,1,1806.5725,1807.55313333333,-0.0520333333333838,0.980999999999995,1000.00000002365,4,-0.1818,-1,0,0,0,0,0,NaN,NaN,NaN,NaN,NaN,NaN,NaN,9.30846919658856,5.33122491809558,11.9680327837233,7.9968334964218
541,1,NonStim,0,1,1809.87196666667,1810.8464,NaN,0.974999999999909,1000.00000002365,1,0.4545,1,1,0,0,0,0,NaN,NaN,NaN,NaN,NaN,NaN,NaN,9.30846570404172,10.662360621817,13.2978137259151,7.99683532021705
542,1,Stim,1,1,1813.35563333333,1814.33013333333,-0.0583666666666431,0.974999999999909,1000.00000002365,1,1,1,1,0,0,0,0,NaN,NaN,NaN,NaN,NaN,NaN,NaN,11.9680297019456,10.6624498859915,13.2978141680889,7.99683300805958
543,1,NonStim,0,1,1816.7137,1817.68853333333,NaN,0.975000000000136,1000.00000002365,1,-0.0909,-1,1,0,0,0,0,NaN,NaN,NaN,NaN,NaN,NaN,NaN,6.64890710097996,9.32964392938353,11.9680319178554,7.9968375862307
544,1,Stim,1,1,1819.90643333333,1820.87883333333,-0.0568000000000666,0.97199999999998,1000.00000002365,1,0.3636,1,1,0,0,0,0,NaN,NaN,NaN,NaN,NaN,NaN,NaN,10.6382480926616,7.99683722455361,11.9680320631083,5.33122503445337
545,1,Stim,1,1,1823.2982,1824.26476666667,-0.0568666666665649,0.965999999999894,1000.00000002365,2,1,1,1,0,0,0,0,NaN,NaN,NaN,NaN,NaN,NaN,NaN,9.30846955218553,10.662450270667,12.9696226834089,9.32962861569106
546,1,NonStim,0,1,1826.64003333333,1827.60483333333,NaN,0.963999999999942,1000.00000002365,3,0.6363,1,0,0,0,0,0,NaN,NaN,NaN,NaN,NaN,NaN,NaN,7.97868858502251,9.32962840612388,13.2977740387726,13.3280529293383
549,1,Stim,1,1,1836.39946666667,1837.36473333333,-0.0516666666667334,0.964999999999918,1000.00000002365,1,-1,-1,1,0,0,0,0,NaN,NaN,NaN,NaN,NaN,NaN,NaN,9.30846974900705,5.33119626282364,9.30846980655279,7.99671328643325
550,1,Stim,1,1,1839.70826666667,1840.6905,-0.0589333333334707,0.981999999999971,1000.00000002365,1,-0.1818,-1,1,0,0,0,0,NaN,NaN,NaN,NaN,NaN,NaN,NaN,11.9680315613833,3.99841888447757,11.9680322053839,5.33122330542183
551,1,NonStim,0,1,1843.0674,1844.04273333333,NaN,0.974999999999909,1000.00000002365,2,-0.1818,-1,1,0,0,0,0,NaN,NaN,NaN,NaN,NaN,NaN,NaN,7.97868524627814,7.99683060558179,11.9680271117002,6.6640205792501
552,1,NonStim,0,1,1846.45926666667,1847.43056666667,NaN,0.971000000000004,1000.00000002365,4,-0.4545,-1,1,0,0,0,0,NaN,NaN,NaN,NaN,NaN,NaN,NaN,9.30846931911552,6.66401487835919,11.9680323319302,5.3312230001554
553,1,Stim,1,1,1849.8527,1850.81176666667,-0.0625666666667257,0.958999999999833,1000.00000002365,2,-0.1818,-1,1,0,0,0,0,NaN,NaN,NaN,NaN,NaN,NaN,NaN,7.97868786718205,5.33122520479047,11.9680307264534,6.66402635094216
554,1,NonStim,0,1,1853.1933,1854.166,NaN,0.972999999999956,1000.00000002365,1,-0.6363,-1,1,2,1,1,1.02774922918812,0.377240790412674,35.0327045905048,18.9999999995507,0.146288630381075,0.98924195049605,81.5880919571562,1,9.30846929730412,5.33122517208,11.9680326687748,10.6624399853816
555,1,Stim,1,1,1856.6124,1857.57953333333,-0.0676000000003114,0.966999999999871,1000.00000002365,3,-0.4545,-1,1,3,0,0,0,NaN,NaN,NaN,NaN,NaN,NaN,NaN,10.6382482291885,1.33280325618269,13.2978138379267,7.99681196061945
558,1,Stim,1,1,1864.55356666667,1865.51856666667,-0.0571333333334678,0.964999999999918,1000.00000002365,1,0.6363,1,1,0,1,0,0,NaN,NaN,NaN,NaN,NaN,NaN,NaN,9.30843913415516,5.33122501249463,13.2978101956409,6.66403081104585
559,1,NonStim,0,1,1867.85403333333,1868.82743333333,NaN,0.972999999999956,1000.00000002365,2,0.4545,1,1,0,0,0,0,NaN,NaN,NaN,NaN,NaN,NaN,NaN,10.6382506680062,7.99683589972176,11.9680327502706,11.9952498510619
560,1,NonStim,0,1,1871.19696666667,1872.17856666667,NaN,0.982000000000198,1000.00000002365,1,1,1,1,2,2,2,2.0366598778,0.315230049883917,28.5911323254293,19.9999999995271,-0.137834671710751,-0.110284784882311,218.664128964454,0.176525155437258,7.97868678325123,11.9952448103164,11.8939243696558,7.36058642404992
561,1,Stim,1,1,1874.54643333333,1875.50323333333,-0.0649000000000797,0.95699999999988,1000.00000002365,3,-0.6363,-1,1,0,0,0,0,NaN,NaN,NaN,NaN,NaN,NaN,NaN,6.64890611114748,6.66403064269534,11.9680327681905,5.3312227965876
564,1,Stim,1,1,1884.05656666667,1885.03316666667,-0.0658333333335577,0.976999999999862,1000.00000002365,2,-0.0909,-1,0,0,0,0,0,NaN,NaN,NaN,NaN,NaN,NaN,NaN,9.30846849950858,5.33122317150746,11.9680325077788,7.99683775259153
565,1,Stim,1,1,1887.2238,1888.18916666667,-0.0543666666667377,0.966000000000122,1000.00000002365,4,-0.3636,-1,1,1,1,1,1.03519668737047,0.211716770139787,21.9651660927264,15.9999999996217,0.790048946465441,0.61304376857517,37.8099141480754,1,10.6382442782426,5.3312251973598,11.9680002196308,5.33122520385961
566,1,NonStim,0,1,1890.52483333333,1891.4907,NaN,0.965999999999894,1000.00000002365,2,-0.3636,-1,1,0,0,0,0,NaN,NaN,NaN,NaN,NaN,NaN,NaN,7.9786868794575,6.6640302193283,13.2977931447203,7.99683677630974
567,1,Stim,1,1,1893.91703333333,1894.87453333333,-0.0640333333333274,0.957000000000107,1000.00000002365,3,0.4545,1,1,0,0,0,0,NaN,NaN,NaN,NaN,NaN,NaN,NaN,10.6382445141151,10.6624323943289,13.297771156272,7.99681722210519
569,1,Stim,1,1,1900.39146666667,1901.35703333333,-0.0527666666666846,0.965999999999894,1000.00000002365,2,0.0909,1,0,0,0,0,0,NaN,NaN,NaN,NaN,NaN,NaN,NaN,11.9680304335485,5.33121233427167,11.9680324744601,5.33122510545452
570,1,NonStim,0,1,1903.57533333333,1904.54206666667,NaN,0.966999999999871,1000.00000002365,2,-0.0909,-1,1,0,0,0,0,NaN,NaN,NaN,NaN,NaN,NaN,NaN,7.97867740932502,5.33122328860324,11.9680285457072,7.99683676353455
571,1,Stim,1,1,1906.90983333333,1907.86813333333,-0.0569666666667672,0.958999999999833,1000.00000002365,2,0.1818,1,1,0,0,0,0,NaN,NaN,NaN,NaN,NaN,NaN,NaN,7.97868810735371,5.33122433383814,13.2978141295419,7.99680060468583
572,1,NonStim,0,1,1910.12606666667,1911.10066666667,NaN,0.973999999999933,1000.00000002365,2,-0.6363,-1,1,0,0,0,0,NaN,NaN,NaN,NaN,NaN,NaN,NaN,10.6382435351543,6.66402225877799,13.2977991639958,5.3312252051903
573,1,NonStim,0,1,1913.5183,1914.49326666667,NaN,0.974999999999909,1000.00000002365,3,0.4545,1,1,0,0,0,0,NaN,NaN,NaN,NaN,NaN,NaN,NaN,7.97868676895648,5.33122443787126,11.8939232130738,7.9968374490694
574,1,Stim,1,1,1916.8608,1917.82743333333,-0.054700000000139,0.966999999999871,1000.00000002365,2,0.4545,1,1,0,0,0,0,NaN,NaN,NaN,NaN,NaN,NaN,NaN,9.30846982001961,7.99683319186086,11.9680308336626,6.66403148302084
576,1,NonStim,0,1,1922.08656666667,1923.05533333333,NaN,0.969000000000051,1000.00000002365,1,-0.1818,-1,1,0,1,0,0,NaN,NaN,NaN,NaN,NaN,NaN,NaN,11.9680247937856,5.33121539196238,14.6275885232985,6.66403128902267
578,1,Stim,1,1,1927.20383333333,1928.16876666667,-0.054833333333363,0.964999999999918,1000.00000002365,4,1,1,1,0,0,0,0,NaN,NaN,NaN,NaN,NaN,NaN,NaN,7.97868849278087,5.33122448228448,11.9680327882133,5.33122460063773
580,1,NonStim,0,1,1933.6295,1934.5967,NaN,0.966999999999871,1000.00000002365,1,0.0909,1,1,0,0,0,0,NaN,NaN,NaN,NaN,NaN,NaN,NaN,7.97868811607822,3.99841885250857,11.9680221537719,7.99683334693292
582,1,NonStim,0,1,1938.85586666667,1939.8109,NaN,0.954999999999927,1000.00000002365,3,-1,-1,1,0,0,0,0,NaN,NaN,NaN,NaN,NaN,NaN,NaN,7.97868803546547,7.99683723199009,11.9680313788641,7.99683345358004
583,1,NonStim,0,1,1942.38076666667,1943.34543333333,NaN,0.964999999999918,1000.00000002365,4,0.6363,1,1,3,0,0,0,NaN,NaN,NaN,NaN,NaN,NaN,NaN,11.9680245485498,1.33280604865217,11.9680271344502,9.32964115726568
585,1,NonStim,0,1,1948.84873333333,1949.82893333333,NaN,0.980000000000018,1000.00000002365,4,-0.0909,-1,1,0,0,0,0,NaN,NaN,NaN,NaN,NaN,NaN,NaN,7.97868805682859,5.33122483129714,11.9680327746009,8.68882442144428
586,1,Stim,1,1,1952.1904,1953.16326666667,-0.0556333333333896,0.972999999999956,1000.00000002365,3,0.0909,1,1,0,1,0,0,NaN,NaN,NaN,NaN,NaN,NaN,NaN,6.64890706788688,5.33122340944565,13.2978104018101,7.9968344642558
587,1,Stim,1,1,1955.56656666667,1956.53223333333,-0.0634666666669546,0.965999999999894,1000.00000002365,2,0.6363,1,1,0,0,0,0,NaN,NaN,NaN,NaN,NaN,NaN,NaN,7.97868837361078,6.66402304800575,11.9680297181349,7.99683586601116
588,1,NonStim,0,1,1958.99923333333,1959.97393333333,NaN,0.973999999999933,1000.00000002365,4,0.3636,1,1,0,0,0,0,NaN,NaN,NaN,NaN,NaN,NaN,NaN,7.9786884652059,11.9952529254456,11.9680257432008,5.33122464342047
590,1,Stim,1,1,1963.9934,1964.96636666667,-0.0558000000003176,0.972999999999956,1000.00000002365,1,0.4545,1,1,1,0,0,0,NaN,NaN,NaN,NaN,NaN,NaN,NaN,6.64890710334945,5.3312248880581,11.9680296176706,9.32964398790198
591,1,NonStim,0,1,1967.2178,1968.2085,NaN,0.990999999999985,1000.00000002365,1,0.3636,1,1,1,0,0,0,NaN,NaN,NaN,NaN,NaN,NaN,NaN,7.97868649593591,5.33122487559462,11.96803099689,7.99681559724855
594,1,NonStim,0,1,1976.94306666667,1977.9168,NaN,0.972999999999956,1000.00000002365,1,0.6363,1,1,1,0,0,0,NaN,NaN,NaN,NaN,NaN,NaN,NaN,7.97868856105784,5.33122480032476,13.2978136672743,7.99673161741585
595,1,Stim,1,1,1980.41983333333,1981.39306666667,-0.051833333333434,0.973999999999933,1000.00000002365,2,-0.0909,-1,1,0,0,0,0,NaN,NaN,NaN,NaN,NaN,NaN,NaN,7.97868847944403,7.99682584160311,11.9680319866413,7.99678173567045
596,1,NonStim,0,1,1983.82936666667,1984.81116666667,NaN,0.981999999999971,1000.00000002365,4,0.6363,1,1,0,0,0,0,NaN,NaN,NaN,NaN,NaN,NaN,NaN,7.34394756616781,5.33122488862129,11.9680317972872,5.33122510043951
597,1,Stim,1,1,1987.26133333333,1988.22216666667,-0.0592666666666446,0.961000000000013,1000.00000002365,3,-0.4545,-1,0,1,0,0,0,NaN,NaN,NaN,NaN,NaN,NaN,NaN,7.97868857216939,3.99841832755243,13.2977835705686,11.9952487932932
598,1,Stim,1,1,1990.56246666667,1991.5377,-0.0564666666666653,0.974999999999909,1000.00000002365,3,-0.1818,-1,1,0,0,0,0,NaN,NaN,NaN,NaN,NaN,NaN,NaN,7.97868789251715,5.33122446153664,11.8939266189306,5.33122522184281
599,1,Stim,1,1,1993.89796666667,1994.8725,-0.056633333333366,0.975000000000136,1000.00000002365,4,-0,-1,0,1,0,0,0,NaN,NaN,NaN,NaN,NaN,NaN,NaN,5.31912508532373,3.99841854628802,11.9680290889331,7.99683455395739
601,1,Stim,1,1,2000.2387,2001.20423333333,-0.0544000000002143,0.965999999999894,1000.00000002365,2,-0.4545,-1,0,1,0,0,0,NaN,NaN,NaN,NaN,NaN,NaN,NaN,9.30846638499295,3.99840214287468,13.2978004235258,6.66403095409589
602,1,Stim,1,1,2003.5153,2004.4908,-0.054833333333363,0.974999999999909,1000.00000002365,3,0.6363,1,1,0,0,0,0,NaN,NaN,NaN,NaN,NaN,NaN,NaN,10.6382452985758,5.33122471127456,13.2311545496774,7.99683660194605
603,1,Stim,1,1,2006.8229,2007.7909,-0.0460333333335257,0.967999999999847,1000.00000002365,2,-0.6363,-1,1,0,0,0,0,NaN,NaN,NaN,NaN,NaN,NaN,NaN,7.97868776782913,5.33122520145629,13.2311543276589,5.33122497646888
604,1,NonStim,0,1,2010.39893333333,2011.363,NaN,0.965000000000146,1000.00000002365,1,0.0909,1,0,0,0,0,0,NaN,NaN,NaN,NaN,NaN,NaN,NaN,7.97868476011812,5.33121328910635,13.2311523467595,7.99679221430624
605,1,NonStim,0,1,2013.79826666667,2014.77226666667,NaN,0.973999999999933,1000.00000002365,1,-0.4545,-1,1,1,0,0,0,NaN,NaN,NaN,NaN,NaN,NaN,NaN,7.97868856307354,1.33280630073439,11.9680300411994,5.33122433755637
606,1,Stim,1,1,2017.04013333333,2018.01376666667,-0.0553333333334649,0.972999999999956,1000.00000002365,2,-1,-1,1,0,0,0,0,NaN,NaN,NaN,NaN,NaN,NaN,NaN,9.3084497724243,5.33122506748614,11.968030251012,5.33122513008451
607,1,NonStim,0,1,2020.30876666667,2021.27346666667,NaN,0.964999999999918,1000.00000002365,2,-1,-1,1,0,0,0,0,NaN,NaN,NaN,NaN,NaN,NaN,NaN,11.9680071776531,9.32964215733852,14.5670192203275,10.6624169400353
608,1,Stim,1,1,2023.72506666667,2024.69833333333,-0.0571333333332404,0.972999999999956,1000.00000002365,2,0.0909,1,1,0,0,0,0,NaN,NaN,NaN,NaN,NaN,NaN,NaN,9.3084687951959,5.33122506673169,11.9680327947563,7.99683156203015
610,1,Stim,1,1,2030.2508,2031.23373333333,-0.0588999999999942,0.982999999999947,1000.00000002365,4,-1,-1,1,0,0,0,0,NaN,NaN,NaN,NaN,NaN,NaN,NaN,7.97868213562195,5.33122496120944,13.2978141824522,6.66402055450749
613,1,NonStim,0,1,2037.678,2038.6344,NaN,0.95699999999988,1000.00000002365,2,0.1818,1,1,0,0,0,0,NaN,NaN,NaN,NaN,NaN,NaN,NaN,7.97868856256294,5.33122407708195,11.9680291812261,7.99683196947142
614,1,Stim,1,1,2041.0102,2041.96856666667,-0.0562000000002172,0.958000000000084,1000.00000002365,2,0.6363,1,1,0,0,0,0,NaN,NaN,NaN,NaN,NaN,NaN,NaN,7.97868823448663,7.99682635986064,11.9680323429473,11.9952508119011
615,1,Stim,1,1,2044.38683333333,2045.3519,-0.0535666666667112,0.965000000000146,1000.00000002365,1,-0.3636,-1,1,1,0,0,0,NaN,NaN,NaN,NaN,NaN,NaN,NaN,7.97868832837192,3.99841865616588,11.968032408444,5.33122478822122
616,1,Stim,1,1,2047.77896666667,2048.73803333333,-0.0643333333334795,0.959999999999809,1000.00000002365,2,0.4545,1,1,0,0,0,0,NaN,NaN,NaN,NaN,NaN,NaN,NaN,11.9680238950677,5.3312212915083,11.9680271434043,5.33120290456369
617,1,NonStim,0,1,2051.1454,2052.12003333333,NaN,0.974999999999909,999.999999796273,2,0.0909,1,1,1,0,0,0,NaN,NaN,NaN,NaN,NaN,NaN,NaN,7.97868835667242,3.99840394795596,11.9680326755838,5.33118921452954
619,1,Stim,1,1,2057.83926666667,2058.80273333333,-0.0509333333334325,0.963000000000193,999.999999796273,3,0.1818,1,1,0,0,0,0,NaN,NaN,NaN,NaN,NaN,NaN,NaN,6.64890655771046,5.33122500115939,11.8939262560245,10.6624441425428
620,1,Stim,1,1,2061.3061,2062.2714,-0.0543666666667377,0.9650000000006,999.999999796273,4,-0.3636,-1,1,0,0,0,0,NaN,NaN,NaN,NaN,NaN,NaN,NaN,7.97868477367555,5.33122302520606,11.968032356418,6.66402759355459
621,1,NonStim,0,1,2064.6477,2065.61286666667,NaN,0.965000000000146,999.999999796273,2,1,1,1,0,0,0,0,NaN,NaN,NaN,NaN,NaN,NaN,NaN,9.30846862570141,3.99841734385268,13.2978139416096,7.99683609136099
623,1,NonStim,0,1,2069.71433333333,2070.68843333333,NaN,0.97400000000016,999.999999796273,1,0.3636,1,1,0,0,0,0,NaN,NaN,NaN,NaN,NaN,NaN,NaN,7.97868755421188,6.66402971713913,13.2978108622599,9.3296434043135
626,1,Stim,1,1,2076.86586666667,2077.83046666667,-0.0578000000004977,0.965000000000146,999.999999796273,4,0.1818,1,1,0,0,0,0,NaN,NaN,NaN,NaN,NaN,NaN,NaN,7.97868431552307,5.33122490592232,11.9680325014157,6.66403140054115
627,1,Stim,1,1,2080.27403333333,2081.24953333333,-0.0542666666665355,0.974999999999909,999.999999796273,4,-0.1818,-1,1,0,0,0,0,NaN,NaN,NaN,NaN,NaN,NaN,NaN,9.30846778270393,5.33122511828915,11.8939263288615,7.99683644137367
628,1,NonStim,0,1,2083.69986666667,2084.67406666667,NaN,0.975000000000364,999.999999796273,4,-0.3636,-1,1,0,0,0,0,NaN,NaN,NaN,NaN,NaN,NaN,NaN,10.6382496557894,5.33122493198469,11.9680302914128,7.99683652936012
630,1,Stim,1,1,2089.1754,2090.1403,-0.0593666666668469,0.965000000000146,999.999999796273,4,-0.4545,-1,1,0,0,0,0,NaN,NaN,NaN,NaN,NaN,NaN,NaN,7.97868434855161,5.33121939899236,11.9680308892194,7.99683696424372
631,1,Stim,1,1,2092.54216666667,2093.5236,-0.052833333333183,0.981000000000222,999.999999796273,3,-0,-1,1,0,0,0,0,NaN,NaN,NaN,NaN,NaN,NaN,NaN,7.97868846990749,5.33122430640134,11.668783024158,7.99683666934504
632,1,Stim,1,1,2095.86833333333,2096.8496,-0.0536666666666861,0.981000000000222,999.999999796273,2,0.3636,1,0,0,0,0,0,NaN,NaN,NaN,NaN,NaN,NaN,NaN,11.9680293580561,5.33122370930994,11.968032799808,5.33122494727593
633,1,NonStim,0,1,2099.21006666667,2100.17486666667,NaN,0.964000000000397,999.999999796273,3,0.1818,1,1,1,0,0,0,NaN,NaN,NaN,NaN,NaN,NaN,NaN,10.6382444319291,7.99683782151164,13.2978127572334,11.9952475371313
634,1,NonStim,0,1,2102.54336666667,2103.50936666667,NaN,0.966000000000349,999.999999796273,4,-0.6363,-1,1,0,0,0,0,NaN,NaN,NaN,NaN,NaN,NaN,NaN,11.9680172408758,11.9952529084924,13.2978080246088,5.3312246721683
635,1,NonStim,0,1,2105.8524,2106.81923333333,NaN,0.967000000000098,999.999999796273,2,0.4545,1,1,0,0,0,0,NaN,NaN,NaN,NaN,NaN,NaN,NaN,11.9680275373255,7.99682832708459,11.9680324522304,6.66403109011352
636,1,Stim,1,1,2109.2365,2110.22366666667,-0.0485666666668294,0.98700000000008,999.999999796273,4,0.6363,1,1,0,0,0,0,NaN,NaN,NaN,NaN,NaN,NaN,NaN,7.9786884974447,7.99683610145807,11.9680309898501,5.33122435121015
637,1,NonStim,0,1,2112.67856666667,2113.65133333333,NaN,0.972999999999956,999.999999796273,1,-0.6363,-1,1,0,2,0,0,NaN,NaN,NaN,NaN,NaN,NaN,NaN,7.9786856841649,10.6624504064887,11.8939250192333,6.66398883304459
638,1,Stim,1,1,2116.08086666667,2117.0685,-0.0549666666665871,0.988000000000284,999.999999796273,1,0.6363,1,1,0,0,0,0,NaN,NaN,NaN,NaN,NaN,NaN,NaN,9.30846994561124,7.99683689915541,11.9680327641088,7.99677762905347
639,1,Stim,1,1,2119.61296666667,2120.5815,-0.0524000000000342,0.969000000000506,999.999999796273,1,0.1818,1,1,1,0,0,0,NaN,NaN,NaN,NaN,NaN,NaN,NaN,11.9680264934272,7.9967646984815,11.9680285885431,11.9951958164924
640,1,Stim,1,1,2122.96373333333,2123.93093333333,-0.0539666666663834,0.967000000000098,999.999999796273,4,0.4545,1,1,0,0,0,0,NaN,NaN,NaN,NaN,NaN,NaN,NaN,7.97868851426888,6.66403065225529,13.2978114485615,6.66403126004982
642,1,Stim,1,1,2129.51433333333,2130.48806666667,-0.0514000000002852,0.97400000000016,999.999999796273,3,0.3636,1,1,0,1,0,0,NaN,NaN,NaN,NaN,NaN,NaN,NaN,10.6382170160989,11.9952107970661,11.9680324102072,7.99680750491697
643,1,Stim,1,1,2132.86496666667,2133.84146666667,-0.0583666666670979,0.977000000000317,999.999999796273,4,0.0909,1,1,0,0,0,0,NaN,NaN,NaN,NaN,NaN,NaN,NaN,7.97868851248256,7.99683763274571,11.8939262689257,6.66403062737677
644,1,NonStim,0,1,2136.216,2137.1836,NaN,0.968000000000302,999.999999796273,3,-0.4545,-1,1,0,0,0,0,NaN,NaN,NaN,NaN,NaN,NaN,NaN,7.9786861525154,7.99683752534845,11.9680320168463,7.99683047765295
645,1,NonStim,0,1,2139.58276666667,2140.5556,NaN,0.972999999999956,999.999999796273,3,1,1,1,0,0,0,0,NaN,NaN,NaN,NaN,NaN,NaN,NaN,7.97868556259756,7.99683698997163,13.2978036790595,7.99682487092579
646,1,Stim,1,1,2142.77426666667,2143.75113333333,-0.0471999999999753,0.977000000000317,999.999999796273,2,1,1,1,0,0,0,0,NaN,NaN,NaN,NaN,NaN,NaN,NaN,7.97868595015852,11.9952390343771,13.2977964202248,7.99683487947649
647,1,NonStim,0,1,2146.2418,2147.21823333333,NaN,0.976999999999862,999.999999796273,1,1,1,1,0,0,0,0,NaN,NaN,NaN,NaN,NaN,NaN,NaN,9.3084694815392,7.99683638835833,11.9680249468345,11.995189350297
648,1,NonStim,0,1,2149.80856666667,2150.7826,NaN,0.97400000000016,999.999999796273,1,-0,-1,1,1,0,0,0,NaN,NaN,NaN,NaN,NaN,NaN,NaN,7.97868131340407,6.66399847400003,13.2311483047451,7.99683291217607
649,1,NonStim,0,1,2153.19296666667,2154.16003333333,NaN,0.967999999999847,999.999999796273,2,-0.3636,-1,1,0,0,0,0,NaN,NaN,NaN,NaN,NaN,NaN,NaN,7.97868804958216,3.99841841580029,11.9680325187537,6.66401763686493
650,1,NonStim,0,1,2156.55926666667,2157.53233333333,NaN,0.973000000000411,999.999999796273,4,0.3636,1,1,0,0,0,0,NaN,NaN,NaN,NaN,NaN,NaN,NaN,9.30846931975346,7.99683273032131,13.297813097288,10.6623964058026
652,1,NonStim,0,1,2161.60113333333,2162.5753,NaN,0.97400000000016,999.999999796273,3,-0,-1,1,0,0,0,0,NaN,NaN,NaN,NaN,NaN,NaN,NaN,7.97868854849547,7.99683661405059,14.6275937475174,7.99679749418233
653,1,Stim,1,1,2165.13593333333,2166.10993333333,-0.0654666666669073,0.97400000000016,999.999999796273,1,0.3636,1,1,0,0,0,0,NaN,NaN,NaN,NaN,NaN,NaN,NaN,7.9786876670206,8.68882118261539,11.9680327614679,7.99681080004633
657,1,NonStim,0,1,2177.8954,2178.87486666667,NaN,0.978999999999814,999.999999796273,4,0.1818,1,1,0,0,0,0,NaN,NaN,NaN,NaN,NaN,NaN,NaN,10.6382510723034,10.6624502664423,11.9680316275451,7.9968365340614
658,1,NonStim,0,1,2181.30466666667,2182.27953333333,NaN,0.975000000000364,999.999999796273,4,-0,-1,1,0,0,0,0,NaN,NaN,NaN,NaN,NaN,NaN,NaN,7.97868854879728,5.33122141786896,13.2978075574916,7.99683648355767
659,1,NonStim,0,1,2184.71313333333,2185.69653333333,NaN,0.983000000000175,999.999999796273,1,-0.3636,-1,1,0,0,0,0,NaN,NaN,NaN,NaN,NaN,NaN,NaN,7.97868656904646,7.99682788055284,11.9680306684889,6.66401893412542
660,1,NonStim,0,1,2188.08853333333,2189.06256666667,NaN,0.97400000000016,999.999999796273,3,0.3636,1,1,1,0,0,0,NaN,NaN,NaN,NaN,NaN,NaN,NaN,11.9680320269444,5.33122503767657,11.9495493228091,7.99683767321756
661,1,NonStim,0,1,2191.48953333333,2192.4574,NaN,0.968000000000302,999.999999796273,3,-0.3636,-1,1,0,0,0,0,NaN,NaN,NaN,NaN,NaN,NaN,NaN,7.97868792944514,5.33122493423599,14.6275726260522,7.99682192760407
664,1,NonStim,0,1,2198.40643333333,2199.3819,NaN,0.974999999999909,999.999999796273,3,-0.6363,-1,1,0,0,0,0,NaN,NaN,NaN,NaN,NaN,NaN,NaN,7.97868680582721,6.66403135962954,13.29781352761,7.99682883315349
665,1,NonStim,0,1,2201.69056666667,2202.6662,NaN,0.976000000000568,999.999999796273,3,-1,-1,1,1,0,0,0,NaN,NaN,NaN,NaN,NaN,NaN,NaN,7.97868662669473,5.33122303946506,14.6275920861367,11.9952318673219
666,1,Stim,1,1,2205.1243,2206.0984,-0.0532666666667865,0.97400000000016,999.999999796273,1,-0.4545,-1,0,1,1,1,1.02669404517437,0.219479110744177,21.8816899667145,15.0000000030559,0.248429891676066,-0.968649879431066,284.384620699938,1,7.97868597555238,6.66402568304609,11.9680326927213,6.66402993788731
667,1,Stim,1,1,2208.4741,2209.44966666667,-0.05026666666663,0.975000000000364,999.999999796273,3,0.0909,1,0,0,0,0,0,NaN,NaN,NaN,NaN,NaN,NaN,NaN,9.30846645793736,11.9952116302715,14.6275803661381,6.6640218146276
668,1,NonStim,0,1,2211.8667,2212.8323,NaN,0.965999999999894,999.999999796273,4,1,1,1,0,0,0,0,NaN,NaN,NaN,NaN,NaN,NaN,NaN,7.97868851044657,5.33122308900346,13.2978134316687,7.99682521474163
669,1,Stim,1,1,2215.17526666667,2216.1831,-0.0508333333332303,1.00800000000027,999.999999796273,1,1,1,1,0,0,0,0,NaN,NaN,NaN,NaN,NaN,NaN,NaN,7.97868822052506,7.99683521406472,11.9680277144667,10.6624409741707
672,1,Stim,1,1,2223.4018,2224.386,-0.0556000000001404,0.985000000000127,999.999999796273,4,-0.0909,-1,0,0,0,0,0,NaN,NaN,NaN,NaN,NaN,NaN,NaN,9.30846997446518,7.99682669003368,13.2978125969956,6.66402628643952
673,1,NonStim,0,1,2226.7773,2227.75156666667,NaN,0.974000000000615,999.999999796273,1,-0.0909,-1,1,0,0,0,0,NaN,NaN,NaN,NaN,NaN,NaN,NaN,11.9680302479868,7.99683512722764,11.9680310363818,6.66403151076353
674,1,NonStim,0,1,2230.1366,2231.10503333333,NaN,0.969000000000051,999.999999796273,2,-0,-1,1,0,0,0,0,NaN,NaN,NaN,NaN,NaN,NaN,NaN,10.6382497342959,7.99683775393486,11.968029917235,6.66403150381188
675,1,NonStim,0,1,2233.5282,2234.50186666667,NaN,0.973000000000411,999.999999796273,4,0.0909,1,1,0,0,0,0,NaN,NaN,NaN,NaN,NaN,NaN,NaN,9.30846912703173,6.66403142495585,11.8939266422395,7.9968292541889
676,1,NonStim,0,1,2236.84593333333,2237.81183333333,NaN,0.966000000000349,999.999999796273,3,0.0909,1,1,0,0,0,0,NaN,NaN,NaN,NaN,NaN,NaN,NaN,7.97868611231207,7.99683258562368,11.9680327751664,8.68882532858298
677,1,Stim,1,1,2240.21216666667,2241.1697,-0.0562666666664882,0.95699999999988,999.999999796273,3,0.4545,1,1,0,1,0,0,NaN,NaN,NaN,NaN,NaN,NaN,NaN,7.97868787146764,11.9952542341803,11.8939260261408,7.99683339374963
678,1,NonStim,0,1,2243.70406666667,2244.67876666667,NaN,0.97400000000016,999.999999796273,2,-0.6363,-1,1,0,0,0,0,NaN,NaN,NaN,NaN,NaN,NaN,NaN,11.9680318030287,7.99683490195376,11.9680326982301,7.99683239832753
679,1,NonStim,0,1,2247.10426666667,2248.0728,NaN,0.968000000000302,999.999999796273,4,-0.0909,-1,1,0,0,0,0,NaN,NaN,NaN,NaN,NaN,NaN,NaN,7.97868830915338,6.66403142393679,11.8939264583523,7.99683489114757
680,1,NonStim,0,1,2250.48073333333,2251.44663333333,NaN,0.965999999999894,999.999999796273,4,-0.1818,-1,1,0,0,0,0,NaN,NaN,NaN,NaN,NaN,NaN,NaN,6.6489071529659,6.66402641485586,11.968025519034,5.33122415215289
681,1,NonStim,0,1,2253.97263333333,2254.9381,NaN,0.966000000000349,999.999999796273,4,-1,-1,1,0,0,0,0,NaN,NaN,NaN,NaN,NaN,NaN,NaN,10.6382512042907,8.68881738536202,11.9680322204126,6.66403005568882
682,1,Stim,1,1,2257.3394,2258.30643333333,-0.0576666666670462,0.967000000000098,999.999999796273,2,-0.3636,-1,0,0,0,0,0,NaN,NaN,NaN,NaN,NaN,NaN,NaN,11.96803223094,5.3312251089041,13.297813588742,7.99683689347953
683,1,NonStim,0,1,2260.64066666667,2261.59683333333,NaN,0.956000000000131,999.999999796273,2,-0.1818,-1,1,0,0,0,0,NaN,NaN,NaN,NaN,NaN,NaN,NaN,10.638242585834,10.6623787710113,13.29781161842,7.99683773255376
684,1,NonStim,0,1,2264.03206666667,2264.99873333333,NaN,0.966000000000349,999.999999796273,3,0.4545,1,1,0,0,0,0,NaN,NaN,NaN,NaN,NaN,NaN,NaN,7.97868836029644,10.6624398735623,13.2978103526386,5.33122496345966
686,1,NonStim,0,1,2270.47493333333,2271.43976666667,NaN,0.965000000000146,999.999999796273,1,0.1818,1,0,0,0,0,0,NaN,NaN,NaN,NaN,NaN,NaN,NaN,10.6382454594437,13.3280581254791,11.9680316169911,7.99683720861061
687,1,NonStim,0,1,2273.76663333333,2274.72593333333,NaN,0.959000000000287,999.999999796273,3,-0.0909,-1,0,0,0,0,0,NaN,NaN,NaN,NaN,NaN,NaN,NaN,9.30846979450538,11.9952486212354,11.9680258022114,5.3312186919521
688,1,Stim,1,1,2277.06713333333,2278.02753333333,-0.0579333333334944,0.960000000000036,999.999999796273,3,-0.0909,-1,1,0,0,0,0,NaN,NaN,NaN,NaN,NaN,NaN,NaN,10.6382490920122,10.6624408625037,13.2311523445874,6.66402996422518
689,1,Stim,1,1,2280.30226666667,2281.2754,-0.0500000000001819,0.973000000000411,999.999999796273,1,0.4545,1,1,0,0,0,0,NaN,NaN,NaN,NaN,NaN,NaN,NaN,7.97868652732939,10.6624499442698,11.968031007094,6.6640190079909
690,1,Stim,1,1,2283.8344,2284.8096,-0.0559666666663361,0.975000000000364,999.999999796273,1,-0.0909,-1,1,0,0,0,0,NaN,NaN,NaN,NaN,NaN,NaN,NaN,9.30846943429152,11.9952566659443,13.2978015930734,7.99682785148021
691,1,Stim,1,1,2287.34373333333,2288.31713333333,-0.0549333333333379,0.97400000000016,999.999999796273,2,-0,-1,1,0,0,0,0,NaN,NaN,NaN,NaN,NaN,NaN,NaN,11.9680308265571,11.9952108967715,11.9680318285211,7.99683298132553
693,1,Stim,1,1,2292.578,2293.55256666667,-0.0518000000001848,0.975000000000364,999.999999796273,1,-1,-1,1,0,0,0,0,NaN,NaN,NaN,NaN,NaN,NaN,NaN,7.97868808260001,11.9951376894089,11.9680259059008,5.33122163933809
694,1,Stim,1,1,2296.0117,2296.98546666667,-0.0561000000002423,0.97400000000016,999.999999796273,4,0.3636,1,1,0,0,0,0,NaN,NaN,NaN,NaN,NaN,NaN,NaN,7.97868754801488,11.99525524534,11.9680308870941,10.66244145444
695,1,NonStim,0,1,2299.45366666667,2300.41943333333,NaN,0.965999999999894,999.999999796273,3,-0.1818,-1,1,0,0,0,0,NaN,NaN,NaN,NaN,NaN,NaN,NaN,11.9680296074422,13.3279515368504,13.2311570551028,7.99675523660047
696,1,Stim,1,1,2302.66236666667,2303.63096666667,-0.0553666666669415,0.968000000000302,999.999999796273,4,1,1,1,0,0,0,0,NaN,NaN,NaN,NaN,NaN,NaN,NaN,10.6382506043526,11.9952459180585,11.9680308265571,6.66402954687219
699,1,Stim,1,1,2312.156,2313.13763333333,-0.0586666666667952,0.982000000000426,999.999999796273,1,0.0909,1,1,0,0,0,0,NaN,NaN,NaN,NaN,NaN,NaN,NaN,7.97868839500918,11.9951292662448,11.9680322064497,6.66402653631482
700,1,NonStim,0,1,2315.581,2316.54936666667,NaN,0.969000000000051,999.999999796273,2,-0.0909,-1,1,0,0,0,0,NaN,NaN,NaN,NaN,NaN,NaN,NaN,11.9680268518302,10.662446859584,13.2977942793017,10.6624444058934
701,1,Stim,1,1,2318.8397,2319.8044,-0.0500000000001819,0.965000000000146,999.999999796273,3,1,1,1,0,0,0,0,NaN,NaN,NaN,NaN,NaN,NaN,NaN,7.9786873578853,5.33121696142082,14.6275936403605,7.99683044954042
702,1,NonStim,0,1,2322.24823333333,2323.22443333333,NaN,0.976000000000568,999.999999796273,1,-1,-1,1,0,0,0,0,NaN,NaN,NaN,NaN,NaN,NaN,NaN,7.97868816936009,7.99683761155595,11.6687806144081,6.66402984722451
703,1,NonStim,0,1,2325.61523333333,2326.5812,NaN,0.966000000000349,999.999999796273,1,0.6363,1,1,0,0,0,0,NaN,NaN,NaN,NaN,NaN,NaN,NaN,10.6382512538709,11.9952557168656,11.9680324988663,6.66402635486407
704,1,Stim,1,1,2328.9742,2329.95076666667,-0.0568666666667923,0.976000000000113,999.999999796273,3,-0.3636,-1,0,0,0,0,0,NaN,NaN,NaN,NaN,NaN,NaN,NaN,7.97868659394222,6.66403089574784,11.9680327707725,7.99683777564702
705,1,Stim,1,1,2332.20973333333,2333.17566666667,-0.0704333333333125,0.966000000000349,999.999999796273,3,-1,-1,1,0,0,0,0,NaN,NaN,NaN,NaN,NaN,NaN,NaN,7.97868849281125,11.9952459592757,14.0730712437156,6.66403028225905
706,1,Stim,1,1,2335.52673333333,2336.4936,-0.0560333333332892,0.967000000000098,999.999999796273,3,-0.6363,-1,1,0,0,0,0,NaN,NaN,NaN,NaN,NaN,NaN,NaN,10.638250664383,6.6639765034719,11.9680300345898,5.33122520554297
707,1,NonStim,0,1,2338.91723333333,2339.88376666667,NaN,0.965999999999894,999.999999796273,2,-0.4545,-1,1,0,0,0,0,NaN,NaN,NaN,NaN,NaN,NaN,NaN,11.9680320098671,5.33122511746338,13.2978139987147,5.33122234338032
708,1,Stim,1,1,2342.25973333333,2343.2323,-0.0572999999999411,0.972999999999956,999.999999796273,4,-0.6363,-1,1,0,0,0,0,NaN,NaN,NaN,NaN,NaN,NaN,NaN,11.9680298279396,7.99682660536375,14.2331655910596,6.66402105998154
709,1,Stim,1,1,2345.8342,2346.79986666667,-0.0537666666664336,0.965000000000146,999.999999796273,2,0.1818,1,1,0,0,0,0,NaN,NaN,NaN,NaN,NaN,NaN,NaN,7.97868734352091,5.33122499187574,11.9680321442688,10.6624415562688
710,1,Stim,1,1,2349.2857,2350.25846666667,-0.0539333333331342,0.972999999999956,999.999999796273,1,-0.1818,-1,1,1,0,0,0,NaN,NaN,NaN,NaN,NaN,NaN,NaN,9.30846930861833,5.33120851436348,11.9680273475598,9.32957089119817
711,1,Stim,1,1,2352.50293333333,2353.48443333333,-0.0552000000002408,0.981999999999971,999.999999796273,1,-0.6363,-1,1,0,0,0,0,NaN,NaN,NaN,NaN,NaN,NaN,NaN,7.97868691122584,5.33122182721448,13.2978126183799,6.66403151154828
712,1,NonStim,0,1,2355.86966666667,2356.8258,NaN,0.956000000000131,999.999999796273,2,0.3636,1,1,0,0,0,0,NaN,NaN,NaN,NaN,NaN,NaN,NaN,14.6275342801541,7.99678526948787,15.9573751708453,11.9951285401526
713,1,NonStim,0,1,2359.33613333333,2360.30946666667,NaN,0.973000000000411,999.999999796273,2,0.6363,1,1,0,0,0,0,NaN,NaN,NaN,NaN,NaN,NaN,NaN,10.6382453588787,6.66403150785826,11.9680283571111,6.66403125942959
714,1,NonStim,0,1,2362.52896666667,2363.50323333333,NaN,0.975000000000364,999.999999796273,4,0.4545,1,1,0,0,0,0,NaN,NaN,NaN,NaN,NaN,NaN,NaN,7.97868258515403,6.66399068641829,13.2977865817857,6.66402842861171
715,1,Stim,1,1,2365.9218,2366.9052,-0.0627666666669029,0.984000000000378,999.999999796273,2,-0.1818,-1,1,0,0,0,0,NaN,NaN,NaN,NaN,NaN,NaN,NaN,7.97868796707328,7.99683284403475,13.2978139374478,7.99682549940359
716,1,Stim,1,1,2369.36246666667,2370.33043333333,-0.0509333333334325,0.968000000000302,999.999999796273,1,-0,-1,1,0,0,0,0,NaN,NaN,NaN,NaN,NaN,NaN,NaN,10.6382432478604,11.9952499489747,14.5670200427674,7.99683641852969
717,1,NonStim,0,1,2372.88113333333,2373.86276666667,NaN,0.981000000000222,999.999999796273,4,-0.4545,-1,1,0,0,0,0,NaN,NaN,NaN,NaN,NaN,NaN,NaN,11.9680327670965,7.99683393483695,14.6275944821048,5.33118583255546
718,1,NonStim,0,1,2376.28856666667,2377.25386666667,NaN,0.965000000000146,999.999999796273,1,0.4545,1,1,1,3,1,1.03626943005166,0.250825799665845,20.5986684599131,16.0000000032596,-0.469618666787382,0.882869360553894,118.009546219838,1,7.97868856687628,7.99683721608677,11.9680321305415,5.33122422190671
719,1,NonStim,0,1,2379.71453333333,2380.67343333333,NaN,0.958999999999833,999.999999796273,3,0.6363,1,1,1,0,0,0,NaN,NaN,NaN,NaN,NaN,NaN,NaN,7.97868838370158,9.32964385498531,11.8939266386053,7.9968359972192
720,1,NonStim,0,1,2383.18943333333,2384.16283333333,NaN,0.972999999999956,999.999999796273,1,-0.1818,-1,1,0,1,0,0,NaN,NaN,NaN,NaN,NaN,NaN,NaN,11.9680236340886,11.9952200612232,11.9680268791866,7.99682375970606
721,1,NonStim,0,1,2386.59033333333,2387.55493333333,NaN,0.964000000000397,999.999999796273,2,-0.3636,-1,1,0,0,0,0,NaN,NaN,NaN,NaN,NaN,NaN,NaN,11.9680279056686,6.66403120352,11.968031303519,9.32964283009355
722,1,NonStim,0,1,2389.99096666667,2390.9654,NaN,0.975000000000364,999.999999796273,1,0.4545,1,1,1,0,0,0,NaN,NaN,NaN,NaN,NaN,NaN,NaN,7.97868711218896,11.9952279392823,13.2977832493651,7.99683274082172
724,1,NonStim,0,1,2396.36663333333,2397.36726666667,NaN,1.0010000000002,999.999999796273,1,0.0909,1,1,0,0,0,0,NaN,NaN,NaN,NaN,NaN,NaN,NaN,10.6382485106002,7.99681658606976,13.2978096749431,7.99683491216319
725,1,NonStim,0,1,2399.85033333333,2400.82333333333,NaN,0.972999999999956,999.999999796273,3,-0.0909,-1,0,1,0,0,0,NaN,NaN,NaN,NaN,NaN,NaN,NaN,10.6382107156512,7.99683729151069,11.9680323091623,5.33122518509306
726,1,Stim,1,1,2403.33473333333,2404.3037,-0.0557999999996355,0.969000000000051,999.999999796273,1,0.1818,1,1,0,1,0,0,NaN,NaN,NaN,NaN,NaN,NaN,NaN,9.30846966527037,5.33122513141391,13.2978067840048,5.33122281403016
727,1,NonStim,0,1,2406.7174,2407.68363333333,NaN,0.966000000000349,999.999999796273,3,-0,-1,1,0,0,0,0,NaN,NaN,NaN,NaN,NaN,NaN,NaN,7.97868858182007,11.9952400578071,14.6275913691609,7.99683772004249
728,1,NonStim,0,1,2410.19366666667,2411.15866666667,NaN,0.965000000000146,999.999999796273,1,-0.3636,-1,1,0,0,0,0,NaN,NaN,NaN,NaN,NaN,NaN,NaN,10.6382497652579,5.33122489139474,11.9680303770081,6.6640254647573
729,1,Stim,1,1,2413.50206666667,2414.47573333333,-0.0554999999999382,0.972999999999956,999.999999796273,3,1,1,1,1,0,0,0,NaN,NaN,NaN,NaN,NaN,NaN,NaN,7.97868335662611,5.33122123482263,13.2978141232592,7.99683191579596
730,1,Stim,1,1,2416.8949,2417.8608,-0.0644000000002052,0.966000000000349,999.999999796273,2,0.4545,1,1,0,0,0,0,NaN,NaN,NaN,NaN,NaN,NaN,NaN,13.2978140749833,11.995246383181,15.9573707360365,10.6624410589823
731,1,Stim,1,1,2420.3545,2421.3508,-0.0569666666665398,0.996000000000095,999.999999796273,3,0.6363,1,1,0,0,0,0,NaN,NaN,NaN,NaN,NaN,NaN,NaN,7.97868833068362,6.66402770336308,11.9680324349161,6.03453547861997
732,1,Stim,1,1,2423.71103333333,2424.68883333333,-0.0589333333336981,0.977000000000317,999.999999796273,4,0.4545,1,1,0,0,0,0,NaN,NaN,NaN,NaN,NaN,NaN,NaN,7.97868492115375,7.996828549215,13.2977790380649,5.33122374593528
733,1,Stim,1,1,2427.11223333333,2428.07686666667,-0.0532333333330826,0.964000000000397,999.999999796273,1,0.6363,1,1,0,0,0,0,NaN,NaN,NaN,NaN,NaN,NaN,NaN,10.6382500908925,11.9952564930538,11.668784620721,7.99683608292296
734,1,Stim,1,1,2430.522,2431.507,-0.0586333333330913,0.986000000000331,999.999999796273,1,0.0909,1,0,0,0,0,0,NaN,NaN,NaN,NaN,NaN,NaN,NaN,7.978688542989,10.6624501973153,11.9680325384645,11.9952354018272
735,1,Stim,1,1,2433.77996666667,2434.74616666667,-0.0589666666664925,0.967000000000098,999.999999796273,1,-0.3636,-1,1,0,0,0,0,NaN,NaN,NaN,NaN,NaN,NaN,NaN,7.97868831905455,11.9952452339009,13.2978142229296,11.9952484116196
736,1,NonStim,0,1,2437.13016666667,2438.1032,NaN,0.973000000000411,999.999999796273,1,-1,-1,1,0,0,0,0,NaN,NaN,NaN,NaN,NaN,NaN,NaN,7.9786839389781,9.32964211348628,13.2311580941021,6.66403137769894
737,1,Stim,1,1,2440.47286666667,2441.4371,-0.0541000000002896,0.965000000000146,999.999999796273,4,0.6363,1,1,1,1,1,1.03626943005166,0.314159473174002,31.044190610897,15.0000000030559,0.919701990556801,-0.392617178133939,336.882553804095,1,11.9680234187815,10.6624220812675,11.9680285744044,7.99683536515596
739,1,NonStim,0,1,2447.15633333333,2448.1169,NaN,0.960000000000036,999.999999796273,3,0.0909,1,1,0,0,0,0,NaN,NaN,NaN,NaN,NaN,NaN,NaN,9.30846868753404,7.99683733288541,11.9680070243264,7.99683407236229
740,1,Stim,1,1,2450.6402,2451.61056666667,-0.0540333333337912,0.970000000000255,999.999999796273,1,-0.4545,-1,1,0,0,0,0,NaN,NaN,NaN,NaN,NaN,NaN,NaN,10.6382495980356,11.9952478728729,11.9680324200922,6.66402180829336
741,1,Stim,1,1,2453.99006666667,2454.96396666667,-0.0518666666666832,0.973000000000411,999.999999796273,4,-0.4545,-1,1,0,0,0,0,NaN,NaN,NaN,NaN,NaN,NaN,NaN,10.6382513170806,7.99683334507325,13.2978141280438,7.99683317076578
742,1,Stim,1,1,2457.41606666667,2458.3913,-0.0651333333339608,0.975000000000364,999.999999796273,2,0.0909,1,1,0,0,0,0,NaN,NaN,NaN,NaN,NaN,NaN,NaN,11.9680295964281,11.9952360956404,13.2978114179702,5.33122463410201
743,1,NonStim,0,1,2460.7834,2461.75656666667,NaN,0.972999999999956,999.999999796273,2,-0.0909,-1,1,0,0,0,0,NaN,NaN,NaN,NaN,NaN,NaN,NaN,11.9680310179486,10.6624441026114,11.9680316646348,7.99683312387859
744,1,NonStim,0,1,2464.2178,2465.1915,NaN,0.97400000000016,999.999999796273,4,0.1818,1,0,0,0,0,0,NaN,NaN,NaN,NaN,NaN,NaN,NaN,9.30846936862103,11.9952563225095,12.650397915884,7.99683305004049
745,1,Stim,1,1,2467.55973333333,2468.52823333333,-0.0560333333332892,0.969000000000051,999.999999796273,3,0.3636,1,1,0,0,0,0,NaN,NaN,NaN,NaN,NaN,NaN,NaN,10.6382504310561,11.9952531030032,13.297811116412,7.99683202726451
746,1,NonStim,0,1,2470.8931,2471.8609,NaN,0.967000000000553,999.999999796273,3,-0.3636,-1,1,0,0,0,0,NaN,NaN,NaN,NaN,NaN,NaN,NaN,10.6382440159271,11.9951985388031,11.9680327373796,5.33122513405956
747,1,NonStim,0,1,2474.0763,2475.04533333333,NaN,0.969000000000051,999.999999796273,3,0.6363,1,1,0,0,0,0,NaN,NaN,NaN,NaN,NaN,NaN,NaN,7.97868774137965,10.6623932120538,13.2311520963197,7.99683324332802
748,1,Stim,1,1,2477.52766666667,2478.4937,-0.0548666666668396,0.966000000000349,999.999999796273,4,1,1,1,0,0,0,0,NaN,NaN,NaN,NaN,NaN,NaN,NaN,7.97868791201489,7.99683761233215,11.9680327396354,7.99683765309798
749,1,Stim,1,1,2480.7869,2481.76016666667,-0.0655666666666548,0.974000000000615,999.999999796273,2,0.6363,1,1,1,0,0,0,NaN,NaN,NaN,NaN,NaN,NaN,NaN,7.97867636973967,5.33122359409568,11.8939101857733,6.66402880732983
750,1,NonStim,0,1,2484.12836666667,2485.10963333333,NaN,0.981000000000222,999.999999796273,4,0.3636,1,1,0,0,0,0,NaN,NaN,NaN,NaN,NaN,NaN,NaN,10.6382508960141,6.66403050626459,13.2978112690155,7.99683723988318
751,1,NonStim,0,1,2487.55353333333,2488.52203333333,NaN,0.969000000000051,999.999999796273,4,-0.4545,-1,1,0,0,0,0,NaN,NaN,NaN,NaN,NaN,NaN,NaN,7.97868840592727,13.3280618123023,11.9680325259955,5.33122478176771
754,1,NonStim,0,1,2494.6381,2495.6047,NaN,0.965999999999894,999.999999796273,2,-0.6363,-1,1,0,0,0,0,NaN,NaN,NaN,NaN,NaN,NaN,NaN,7.97868797885861,6.66403144335736,11.9680287184034,7.9968317923628
755,1,Stim,1,1,2497.99686666667,2498.9613,-0.0599000000001979,0.965000000000146,999.999999796273,3,0.4545,1,1,0,0,0,0,NaN,NaN,NaN,NaN,NaN,NaN,NaN,7.97868849570121,6.6640274651834,13.2978085036534,6.66402859643873
756,1,Stim,1,1,2501.5552,2502.5208,-0.0558666666670433,0.965000000000146,999.999999796273,4,-0.0909,-1,1,0,0,0,0,NaN,NaN,NaN,NaN,NaN,NaN,NaN,7.97868546817883,7.99683754406965,11.9680316291869,7.99683612739802
757,1,Stim,1,1,2504.88986666667,2505.8634,-0.0475000000001273,0.97400000000016,999.999999796273,1,-0.1818,-1,1,0,0,0,0,NaN,NaN,NaN,NaN,NaN,NaN,NaN,11.9680210682164,11.9952389493123,11.9680316683814,6.66402308120117
758,1,Stim,1,1,2508.34016666667,2509.30713333333,-0.0620666666668512,0.967000000000098,999.999999796273,2,-1,-1,1,1,0,0,0,NaN,NaN,NaN,NaN,NaN,NaN,NaN,7.97868826046198,7.99683624898639,11.968030873456,7.99683226383883
759,1,Stim,1,1,2511.84006666667,2512.831,-0.0503666666668323,0.99100000000044,999.999999796273,2,1,1,1,0,0,0,0,NaN,NaN,NaN,NaN,NaN,NaN,NaN,9.30846978293292,11.9952512419443,11.9680327425146,6.66402757871605
761,1,NonStim,0,1,2517.10783333333,2518.0835,NaN,0.976000000000113,999.999999796273,2,-0.4545,-1,1,0,0,0,0,NaN,NaN,NaN,NaN,NaN,NaN,NaN,7.97868754964603,5.33120993968422,11.9680328189299,7.99683413586392
762,1,Stim,1,1,2520.44943333333,2521.42526666667,-0.0487666666667792,0.976000000000568,999.999999796273,4,-0.6363,-1,1,0,0,0,0,NaN,NaN,NaN,NaN,NaN,NaN,NaN,5.31912563952822,6.66402870438211,11.9680325097369,6.66403150694694
763,1,Stim,1,1,2523.82503333333,2524.79113333333,-0.0548333333335904,0.966000000000349,999.999999796273,4,0.3636,1,1,0,0,0,0,NaN,NaN,NaN,NaN,NaN,NaN,NaN,7.9786883247589,7.99680808040479,11.9680320886177,7.99683322502527
765,1,NonStim,0,1,2530.37643333333,2531.353,NaN,0.977000000000317,999.999999796273,2,0.0909,1,1,0,0,0,0,NaN,NaN,NaN,NaN,NaN,NaN,NaN,7.97868853850047,7.99682938174448,13.2311496231258,5.33122286691661
766,1,NonStim,0,1,2533.75143333333,2534.72616666667,NaN,0.975000000000364,999.999999796273,1,-0.6363,-1,1,0,0,0,0,NaN,NaN,NaN,NaN,NaN,NaN,NaN,7.97868857755154,9.32964209713703,11.9680323935833,5.33122489860214
767,1,NonStim,0,1,2537.077,2538.04586666667,NaN,0.969000000000051,999.999999796273,2,-0,-1,0,0,0,0,0,NaN,NaN,NaN,NaN,NaN,NaN,NaN,7.97868779713598,7.9968376757004,11.9680327331615,6.66403151662229
768,1,Stim,1,1,2540.42736666667,2541.3962,-0.059633333333295,0.969000000000506,999.999999796273,1,-0.0909,-1,1,0,0,0,0,NaN,NaN,NaN,NaN,NaN,NaN,NaN,7.97868847884959,6.66403106117313,13.2977970633614,6.66401751705064
769,1,Stim,1,1,2543.76173333333,2544.7262,-0.0651666666672099,0.965000000000146,999.999999796273,2,-0.0909,-1,0,0,0,0,0,NaN,NaN,NaN,NaN,NaN,NaN,NaN,11.9680325248402,11.995250917902,14.6275840243036,7.99683726627911
770,1,Stim,1,1,2547.112,2548.07696666667,-0.0514000000002852,0.965000000000146,999.999999796273,4,-0,-1,0,0,0,0,0,NaN,NaN,NaN,NaN,NaN,NaN,NaN,7.97868642935462,7.99683254453136,11.9680174306723,5.331224634102
771,1,Stim,1,1,2550.4126,2551.3972,-0.0536666666662313,0.985000000000127,999.999999796273,4,0.1818,1,1,0,1,0,0,NaN,NaN,NaN,NaN,NaN,NaN,NaN,7.9786879987747,10.6624306780505,11.9680327072801,5.33122207559556
772,1,Stim,1,1,2553.83746666667,2554.80286666667,-0.0525000000002365,0.965000000000146,999.999999796273,3,0.1818,1,1,0,0,0,0,NaN,NaN,NaN,NaN,NaN,NaN,NaN,11.9680308546563,7.99683728983266,11.9680289579655,7.99683744325037
773,1,NonStim,0,1,2557.29603333333,2558.26153333333,NaN,0.965000000000146,999.999999796273,1,0.3636,1,1,0,0,0,0,NaN,NaN,NaN,NaN,NaN,NaN,NaN,10.6382489419415,9.32964324870289,11.9680314171507,10.6624488591977
775,1,NonStim,0,1,2563.78033333333,2564.75543333333,NaN,0.975000000000364,999.999999796273,2,0.3636,1,1,0,0,0,0,NaN,NaN,NaN,NaN,NaN,NaN,NaN,9.30846982310192,7.99683179842089,11.9680324886432,7.9968377882699
777,1,Stim,1,1,2568.79,2569.7626,-0.0521333333331313,0.973000000000411,999.999999796273,1,0.3636,1,1,0,0,0,0,NaN,NaN,NaN,NaN,NaN,NaN,NaN,9.30846960330274,7.99683778040694,11.9680314778469,10.6624503722604
778,1,NonStim,0,1,2572.14853333333,2573.12333333333,NaN,0.975000000000364,999.999999796273,1,0.6363,1,1,0,0,0,0,NaN,NaN,NaN,NaN,NaN,NaN,NaN,7.97868815583288,11.9952331663829,11.9680307026658,11.9952166255188
780,1,NonStim,0,1,2577.1259,2578.0904,NaN,0.965000000000146,999.999999796273,3,-0.4545,-1,1,0,0,0,0,NaN,NaN,NaN,NaN,NaN,NaN,NaN,11.9680209067568,10.6624453258809,13.2978127386427,9.3296386748737
781,1,Stim,1,1,2580.42426666667,2581.4015,-0.0516666666667334,0.976999999999862,999.999999796273,1,0.4545,1,1,0,0,0,0,NaN,NaN,NaN,NaN,NaN,NaN,NaN,9.30845737318534,9.32964199245997,11.9680300902717,5.33122510427912
782,1,NonStim,0,1,2584.009,2584.97623333333,NaN,0.968000000000302,999.999999796273,4,0.0909,1,1,1,1,1,1.03305785123935,0.783057272424767,56.4206460714202,28.0000000057044,-0.00934255053999131,-0.999956357422367,269.464703496908,1,7.97868748365794,10.6624496271671,11.8939264538421,5.3312251009885
783,1,Stim,1,1,2587.35833333333,2588.3311,-0.0513333333337869,0.973000000000411,999.999999796273,3,-0.4545,-1,1,0,0,0,0,NaN,NaN,NaN,NaN,NaN,NaN,NaN,5.31912567151615,11.9952298794061,11.9680327978138,7.99683393595001
784,1,NonStim,0,1,2590.57596666667,2591.5834,NaN,1.00800000000027,999.999999796273,4,0.6363,1,1,0,0,0,0,NaN,NaN,NaN,NaN,NaN,NaN,NaN,6.64890700973977,7.99681625168439,13.2977458700329,6.66401224424973
785,1,Stim,1,1,2593.88486666667,2594.85773333333,-0.0567000000000917,0.972999999999956,999.999999796273,4,-1,-1,1,0,0,0,0,NaN,NaN,NaN,NaN,NaN,NaN,NaN,9.30846853975045,7.99683109169651,11.9680253444694,7.99683664410026
786,1,Stim,1,1,2597.2519,2598.2359,-0.0538333333333867,0.984000000000378,999.999999796273,1,-1,-1,1,2,0,0,0,NaN,NaN,NaN,NaN,NaN,NaN,NaN,7.97868784309504,6.03452707557456,11.9680326794899,7.99677865784498
787,1,NonStim,0,1,2600.63576666667,2601.6104,NaN,0.975000000000364,999.999999796273,4,0.4545,1,1,1,0,0,0,NaN,NaN,NaN,NaN,NaN,NaN,NaN,7.97868841975251,5.33121977519119,13.2977850145086,7.9968263638366
788,1,NonStim,0,1,2604.07743333333,2605.06423333333,NaN,0.98700000000008,999.999999796273,4,-0,-1,0,1,0,0,0,NaN,NaN,NaN,NaN,NaN,NaN,NaN,7.9786859256315,5.33122464664216,13.2977778101616,7.99683778081846
789,1,NonStim,0,1,2607.40373333333,2608.3682,NaN,0.965000000000146,999.999999796273,2,-0.1818,-1,0,0,0,0,0,NaN,NaN,NaN,NaN,NaN,NaN,NaN,7.97868431804673,13.3280377119539,11.9680310605671,7.99683680548862
790,1,NonStim,0,1,2610.65353333333,2611.62783333333,NaN,0.97400000000016,999.999999796273,4,-0.0909,-1,1,0,0,0,0,NaN,NaN,NaN,NaN,NaN,NaN,NaN,9.30846357717227,11.995230788528,11.968032837442,7.996830009916
791,1,NonStim,0,1,2614.0123,2614.99003333333,NaN,0.978000000000065,999.999999796273,4,-1,-1,1,0,0,0,0,NaN,NaN,NaN,NaN,NaN,NaN,NaN,7.97868845007339,7.99683733026888,11.8939265537599,5.33122518300771
792,1,Stim,1,1,2617.41266666667,2618.3946,-0.0566333333335933,0.981999999999971,999.999999796273,3,-0,-1,1,0,0,0,0,NaN,NaN,NaN,NaN,NaN,NaN,NaN,11.9680061276659,11.9951054190596,14.627582685769,5.33122266640243
793,1,NonStim,0,1,2621.08873333333,2622.07806666667,NaN,0.990000000000236,999.999999796273,2,0.1818,1,1,0,0,0,0,NaN,NaN,NaN,NaN,NaN,NaN,NaN,7.97868849295445,5.33122379288113,11.9680319556131,5.33122125048589
794,1,Stim,1,1,2624.61393333333,2625.5898,-0.0643333333337068,0.976000000000113,999.999999796273,3,-0.3636,-1,0,0,0,0,0,NaN,NaN,NaN,NaN,NaN,NaN,NaN,7.97868624565136,5.3312137077037,13.2978122450368,5.33122517621372
795,1,NonStim,0,1,2627.92253333333,2628.88663333333,NaN,0.964000000000397,999.999999796273,2,0.6363,1,1,0,0,0,0,NaN,NaN,NaN,NaN,NaN,NaN,NaN,6.6489031924808,6.66402225912103,13.2977956340173,7.99683079762965
796,1,NonStim,0,1,2631.31483333333,2632.27383333333,NaN,0.959000000000287,999.999999796273,3,-0.6363,-1,1,0,0,0,0,NaN,NaN,NaN,NaN,NaN,NaN,NaN,7.97868818987056,5.33122210310058,12.685304319942,6.66402581431346
797,1,NonStim,0,1,2634.51683333333,2635.48086666667,NaN,0.964000000000397,999.999999796273,1,-0.1818,-1,1,1,0,0,0,NaN,NaN,NaN,NaN,NaN,NaN,NaN,7.9786674160953,6.66403130052142,11.9680130645113,9.32963546096499
798,1,Stim,1,1,2637.9577,2638.9224,-0.0630000000001019,0.965000000000146,999.999999796273,2,-0.1818,-1,0,0,0,0,0,NaN,NaN,NaN,NaN,NaN,NaN,NaN,7.97868518423482,5.33122519308973,13.2977945390211,6.66402645175438
799,1,NonStim,0,1,2641.2651,2642.2634,NaN,0.998000000000047,999.999999796273,1,1,1,1,0,0,0,0,NaN,NaN,NaN,NaN,NaN,NaN,NaN,7.97868766211798,9.32954329146286,11.9680327974074,7.99683009826631
801,1,Stim,1,1,2647.69273333333,2648.65603333333,-0.0657999999998538,0.963999999999942,999.999999796273,2,-0,-1,1,0,0,0,0,NaN,NaN,NaN,NaN,NaN,NaN,NaN,9.30845984613869,6.6640077652106,11.8939260811681,6.66402691147379
802,1,NonStim,0,1,2651.10893333333,2652.09393333333,NaN,0.985000000000127,999.999999796273,2,0.4545,1,1,0,0,0,0,NaN,NaN,NaN,NaN,NaN,NaN,NaN,11.9680265732614,5.33121479812009,11.968030141575,6.66402577845857
803,1,Stim,1,1,2654.51713333333,2655.4915,-0.0544333333332361,0.97400000000016,999.999999796273,1,-0.6363,-1,1,0,0,0,0,NaN,NaN,NaN,NaN,NaN,NaN,NaN,7.97868821217887,7.99683673018657,11.9680263289883,10.6624387357909
805,1,Stim,1,1,2661.16056666667,2662.13446666667,-0.0516333333330294,0.97400000000016,999.999999796273,2,-0.4545,-1,1,0,0,0,0,NaN,NaN,NaN,NaN,NaN,NaN,NaN,10.6382495009424,11.9952504028705,13.2978082175522,10.6624497910597
806,1,NonStim,0,1,2664.55213333333,2665.52733333333,NaN,0.975000000000364,999.999999796273,4,-0.3636,-1,1,1,1,1,1.02564102564064,0.257719218387716,25.0313094241941,17.0000000034634,0.380014133552876,0.924980679960429,67.6654418748415,1,7.97868795257248,10.6622492874071,11.9680319253912,7.99657192965389
807,1,Stim,1,1,2667.894,2668.86256666667,-0.0517666666669356,0.968000000000302,999.999999796273,2,-0.3636,-1,0,0,0,0,0,NaN,NaN,NaN,NaN,NaN,NaN,NaN,9.30846790828614,7.99683783140031,13.2978038939004,6.66402979568498
808,1,Stim,1,1,2671.60396666667,2672.58506666667,-0.0550333333330855,0.982000000000426,999.999999796273,4,0.0909,1,1,0,0,0,0,NaN,NaN,NaN,NaN,NaN,NaN,NaN,7.97868553816607,7.99675976383256,11.9680324334817,7.99683110137423
809,1,Stim,1,1,2675.07803333333,2676.05563333333,-0.0515333333337367,0.976999999999862,999.999999796273,2,0.1818,1,1,0,0,0,0,NaN,NaN,NaN,NaN,NaN,NaN,NaN,11.9680310984828,11.9952502257439,11.9680326512551,11.9952375177635
810,1,Stim,1,1,2678.42946666667,2679.4133,-0.0588999999999942,0.984000000000378,999.999999796273,2,-0.6363,-1,1,0,0,0,0,NaN,NaN,NaN,NaN,NaN,NaN,NaN,9.3084690078888,7.99683749472242,11.9680208941903,7.99682520044171
811,1,NonStim,0,1,2681.90423333333,2682.86926666667,NaN,0.965000000000146,999.999999796273,3,0.1818,1,1,1,1,1,1.03626943005166,0.211926620692552,21.7056724167912,15.0000000030559,-0.461418739502248,-0.887182476628206,242.521305877255,1,7.97868790459661,7.99683699788651,11.9680327515797,7.99683781786277
812,1,Stim,1,1,2685.2716,2686.24496666667,-0.0498333333334813,0.973000000000411,999.999999796273,3,0.0909,1,0,0,0,0,0,NaN,NaN,NaN,NaN,NaN,NaN,NaN,7.9786866652082,11.9952528411654,13.2978014346779,6.66403089574785
813,1,Stim,1,1,2688.68813333333,2689.6648,-0.0528333333336377,0.976000000000568,999.999999796273,1,1,1,1,0,0,0,0,NaN,NaN,NaN,NaN,NaN,NaN,NaN,7.97868838574956,9.32964146075139,11.8939232696334,7.99680948067854
815,1,NonStim,0,1,2694.01423333333,2694.97956666667,NaN,0.965000000000146,999.999999796273,2,-1,-1,1,0,0,0,0,NaN,NaN,NaN,NaN,NaN,NaN,NaN,7.97868841493683,9.3296397383981,13.2977940290478,7.99682491686427
816,1,NonStim,0,1,2697.48173333333,2698.44676666667,NaN,0.965000000000146,999.999999796273,4,1,1,1,0,0,0,0,NaN,NaN,NaN,NaN,NaN,NaN,NaN,7.97868830650182,5.33122520488683,11.9680316646348,7.99682307455074
818,1,NonStim,0,1,2704.3999,2705.3783,NaN,0.979000000000269,999.999999796273,1,-0.4545,-1,1,0,0,0,0,NaN,NaN,NaN,NaN,NaN,NaN,NaN,7.97868352132961,11.9952566427644,11.9680327335788,6.66402879262093
819,1,Stim,1,1,2707.8499,2708.82546666667,-0.0543333333334886,0.976000000000113,999.999999796273,4,-0.1818,-1,0,0,0,0,0,NaN,NaN,NaN,NaN,NaN,NaN,NaN,9.30846805538795,11.9952541069237,13.297811027179,6.66402108388816
820,1,Stim,1,1,2711.37523333333,2712.33973333333,-0.0582333333331917,0.963999999999942,999.999999796273,3,-1,-1,1,1,1,1,1.03734439834031,0.150741456557254,15.8971481010624,17.0000000034634,-0.159019407462604,-0.987275457028201,260.85001628213,1,9.30846829601028,7.99674433904899,11.89391065389,6.66403143209501
821,1,NonStim,0,1,2714.6921,2715.66573333333,NaN,0.972999999999956,999.999999796273,3,0.4545,1,1,0,0,0,0,NaN,NaN,NaN,NaN,NaN,NaN,NaN,10.6382513280652,5.33122506322869,11.9680296575185,6.66403076304027
822,1,NonStim,0,1,2718.1096,2719.08536666667,NaN,0.976000000000113,999.999999796273,1,0.1818,1,1,2,2,2,2.04918032786862,0.552944863203023,45.8766139008633,21.0000000042783,0.0411312193883815,0.0291408542365431,35.3170016718625,0.0504080012895832,7.97868855681945,6.66395910800898,13.2978108162061,7.99677871544513
823,1,Stim,1,1,2721.64383333333,2722.60093333333,-0.061500000000251,0.957000000000335,999.999999796273,3,-0.6363,-1,1,0,1,0,0,NaN,NaN,NaN,NaN,NaN,NaN,NaN,7.97868096668482,7.99683720079731,11.9680312619426,5.3312251517462
824,1,NonStim,0,1,2725.07746666667,2726.051,NaN,0.97400000000016,999.999999796273,1,-0.0909,-1,0,0,0,0,0,NaN,NaN,NaN,NaN,NaN,NaN,NaN,7.97868689217004,6.6640292346677,13.2978081299184,7.9968366039313
825,1,NonStim,0,1,2728.46093333333,2729.426,NaN,0.966000000000349,999.999999796273,3,-1,-1,1,1,2,1,1.03519668737023,0.239631813691392,25.3668848788296,16.0000000032596,-0.519795632206846,0.854290641841924,121.318543909248,1,7.97868800558334,6.66403109381869,13.2978059114519,7.99682958702202
826,1,Stim,1,1,2731.8616,2732.84553333333,-0.0513333333333321,0.983999999999924,999.999999796273,1,-0,-1,1,0,0,0,0,NaN,NaN,NaN,NaN,NaN,NaN,NaN,7.97868795724735,6.66402336603343,11.9680298085285,7.99680222063357
827,1,Stim,1,1,2735.27876666667,2736.2599,-0.0491666666666788,0.981000000000222,999.999999796273,4,-0.3636,-1,1,0,0,0,0,NaN,NaN,NaN,NaN,NaN,NaN,NaN,9.30846914035931,13.3280544025868,13.2978132878419,7.99683767171126
828,1,NonStim,0,1,2738.61266666667,2739.57923333333,NaN,0.967000000000553,999.999999796273,3,-0.1818,-1,1,0,0,0,0,NaN,NaN,NaN,NaN,NaN,NaN,NaN,7.97868848774165,6.66402992025132,11.8939265164603,11.9952483073548
829,1,Stim,1,1,2742.08776666667,2743.0618,-0.0551333333337425,0.97400000000016,999.999999796273,2,0.3636,1,1,0,1,0,0,NaN,NaN,NaN,NaN,NaN,NaN,NaN,11.9680201429601,5.33122446639956,11.9680094228924,7.99683322167159
830,1,NonStim,0,1,2745.63846666667,2746.6151,NaN,0.976999999999862,999.999999796273,4,-0.6363,-1,1,0,0,0,0,NaN,NaN,NaN,NaN,NaN,NaN,NaN,11.9679703446737,11.9952558003382,13.2978139651581,7.9968378249663
835,1,Stim,1,1,2761.56586666667,2762.53223333333,-0.0655666666666548,0.967000000000553,999.999999796273,3,-0.0909,-1,1,0,0,0,0,NaN,NaN,NaN,NaN,NaN,NaN,NaN,10.6382508177623,11.99525373847,11.9680193947136,6.66401480079906
836,1,NonStim,0,1,2764.96553333333,2765.9303,NaN,0.965000000000146,999.999999796273,3,1,1,1,0,0,0,0,NaN,NaN,NaN,NaN,NaN,NaN,NaN,14.6275931147368,11.9952557947128,19.9466791454725,7.99671816178027
838,1,NonStim,0,1,2771.45173333333,2772.42413333333,NaN,0.972999999999956,999.999999796273,4,-0.1818,-1,0,0,0,0,0,NaN,NaN,NaN,NaN,NaN,NaN,NaN,7.97868518774294,6.66403145976467,11.8939260966213,7.99681519660996
840,1,NonStim,0,1,2778.25023333333,2779.20653333333,NaN,0.956000000000131,999.999999796273,3,0.3636,1,0,0,0,0,0,NaN,NaN,NaN,NaN,NaN,NaN,NaN,9.30846976117946,7.99683637025356,13.2978139432687,11.9952286777356
841,1,Stim,1,1,2781.551,2782.53433333333,-0.060500000000502,0.983000000000175,999.999999796273,3,-0.1818,-1,1,0,0,0,0,NaN,NaN,NaN,NaN,NaN,NaN,NaN,11.9680167368056,3.9984179134124,14.3837786259714,7.99683593975398
842,1,NonStim,0,1,2785.14376666667,2786.11693333333,NaN,0.973000000000411,999.999999796273,2,1,1,1,6,0,0,0,NaN,NaN,NaN,NaN,NaN,NaN,NaN,10.6382496992295,1.33280507477606,11.8939262968577,6.66402067865053
843,1,NonStim,0,1,2788.73566666667,2789.71616666667,NaN,0.981000000000222,999.999999796273,1,-0,-1,0,0,0,0,0,NaN,NaN,NaN,NaN,NaN,NaN,NaN,7.97868852321954,7.99683257021382,11.968029062825,7.99676354497007
844,1,NonStim,0,1,2792.25203333333,2793.22136666667,NaN,0.969000000000051,999.999999796273,4,-0.4545,-1,1,1,1,0,0,NaN,NaN,NaN,NaN,NaN,NaN,NaN,6.64890660304702,9.32960864783904,11.9680265077577,9.32948717310215
846,1,NonStim,0,1,2798.53616666667,2799.52916666667,NaN,0.993000000000393,999.999999796273,4,0.6363,1,1,0,0,0,0,NaN,NaN,NaN,NaN,NaN,NaN,NaN,7.97868850350291,11.9951962938982,13.2311477280372,7.99682643445425
847,1,Stim,1,1,2801.78716666667,2802.7692,-0.0536666666671408,0.981999999999971,999.999999796273,4,0.4545,1,1,1,0,0,0,NaN,NaN,NaN,NaN,NaN,NaN,NaN,10.6382189837865,10.6624472877022,11.9680312117479,7.99679653459755
849,1,NonStim,0,1,2806.82126666667,2807.8121,NaN,0.990999999999985,999.999999796273,1,-0.6363,-1,1,0,0,0,0,NaN,NaN,NaN,NaN,NaN,NaN,NaN,7.97868844786783,6.66384731067008,11.9680296150838,5.33122510974611
850,1,NonStim,0,1,2810.44673333333,2811.41546666667,NaN,0.969000000000051,999.999999796273,2,1,1,1,0,0,0,0,NaN,NaN,NaN,NaN,NaN,NaN,NaN,18.616885499313,11.9952418489673,21.2764483668072,11.995230665875
852,1,NonStim,0,1,2815.49736666667,2816.46613333333,NaN,0.969000000000051,999.999999796273,2,-0.6363,-1,1,0,0,0,0,NaN,NaN,NaN,NaN,NaN,NaN,NaN,7.97868826008906,6.66400493403434,11.968032621163,7.99683204635399
853,1,NonStim,0,1,2818.87446666667,2819.84016666667,NaN,0.966000000000349,999.999999796273,1,-0.0909,-1,1,0,0,0,0,NaN,NaN,NaN,NaN,NaN,NaN,NaN,7.97868839319444,6.66403009124248,11.9680325357017,7.99683520775409
854,1,Stim,1,1,2822.43123333333,2823.39636666667,-0.0541000000002896,0.9650000000006,999.999999796273,1,-0.3636,-1,1,1,0,0,0,NaN,NaN,NaN,NaN,NaN,NaN,NaN,7.97868843425002,9.32963460497299,11.968030890093,5.33122507638511
855,1,NonStim,0,1,2825.81596666667,2826.7818,NaN,0.966000000000349,999.999999796273,1,0.1818,1,1,1,0,0,0,NaN,NaN,NaN,NaN,NaN,NaN,NaN,10.6382403930731,5.33122503211792,11.9680327881739,6.66403080050662
856,1,NonStim,0,1,2829.14956666667,2830.11676666667,NaN,0.967000000000098,999.999999796273,2,0.0909,1,1,0,0,0,0,NaN,NaN,NaN,NaN,NaN,NaN,NaN,6.64890699338186,11.995238231363,11.9680318713033,7.99682219041892
857,1,NonStim,0,1,2832.74956666667,2833.7237,NaN,0.97400000000016,999.999999796273,4,0.0909,1,1,0,0,0,0,NaN,NaN,NaN,NaN,NaN,NaN,NaN,15.9573677562908,7.99683733085322,19.9466950483669,7.99681314754517
858,1,Stim,1,1,2836.12566666667,2837.12446666667,-0.0518666666662284,0.998999999999796,999.999999796273,3,0.4545,1,1,0,1,0,0,NaN,NaN,NaN,NaN,NaN,NaN,NaN,10.6382480439089,7.9968358777262,13.2978073392894,7.99683697752729
859,1,Stim,1,1,2839.825,2840.80196666667,-0.0536666666671408,0.976000000000113,999.999999796273,4,0.0909,1,1,0,0,0,0,NaN,NaN,NaN,NaN,NaN,NaN,NaN,19.9466999258282,10.6624314232607,19.9466955742964,11.9952542141547
860,1,NonStim,0,1,2843.24296666667,2844.21743333333,NaN,0.975000000000364,999.999999796273,4,-0.6363,-1,1,0,0,0,0,NaN,NaN,NaN,NaN,NaN,NaN,NaN,11.968030724692,7.99683725503418,11.968031081566,7.99683729792855
861,1,NonStim,0,1,2846.4518,2847.4172,NaN,0.965999999999894,999.999999796273,1,-0.3636,-1,1,1,0,0,0,NaN,NaN,NaN,NaN,NaN,NaN,NaN,11.9679979372649,6.66402915940379,15.9573660083326,8.51129333320226
864,1,NonStim,0,1,2854.6027,2855.56793333333,NaN,0.965000000000146,999.999999796273,2,0.4545,1,1,0,0,0,0,NaN,NaN,NaN,NaN,NaN,NaN,NaN,10.6382490015467,5.33122520516089,11.9680314369091,7.99683739555742
865,1,Stim,1,1,2858.02863333333,2859.00113333333,-0.0530666666668367,0.973000000000411,999.999999796273,4,-0.3636,-1,1,0,0,0,0,NaN,NaN,NaN,NaN,NaN,NaN,NaN,10.6382511973397,11.9952371635473,13.2978113778674,5.33122432920028
866,1,NonStim,0,1,2861.49533333333,2862.47173333333,NaN,0.976000000000113,999.999999796273,4,0.1818,1,1,0,1,0,0,NaN,NaN,NaN,NaN,NaN,NaN,NaN,11.9680313506157,6.66402860260283,14.6275937156505,6.66400953033784
867,1,Stim,1,1,2865.01283333333,2865.97006666667,-0.0669666666667581,0.958000000000084,999.999999796273,3,-0.4545,-1,1,0,0,0,0,NaN,NaN,NaN,NaN,NaN,NaN,NaN,9.30846747758725,9.3296435841367,11.9680328002253,6.66402472280223
868,1,NonStim,0,1,2868.32136666667,2869.30463333333,NaN,0.983000000000175,999.999999796273,4,-1,-1,1,2,1,1,1.01729399796523,0.145225582385288,14.6140169311965,13.0000000026484,0.79231405577268,0.61011346241912,37.5977074884627,1,11.9680178728951,5.33122520761297,13.2978139600179,9.32964232788684
869,1,NonStim,0,1,2871.68163333333,2872.64603333333,NaN,0.9650000000006,999.999999796273,3,0.1818,1,1,0,0,0,0,NaN,NaN,NaN,NaN,NaN,NaN,NaN,11.9680254582441,11.995252279558,11.968029550435,11.9952537681536
871,1,Stim,1,1,2876.75586666667,2877.73083333333,-0.0400333333336675,0.975000000000364,999.999999796273,4,-0.0909,-1,0,0,0,0,0,NaN,NaN,NaN,NaN,NaN,NaN,NaN,7.97868596621772,5.33122513718777,11.968032772951,5.33121587927212
872,1,Stim,1,1,2880.1063,2881.07263333333,-0.0553666666664867,0.966000000000349,999.999999796273,1,1,1,1,2,0,0,0,NaN,NaN,NaN,NaN,NaN,NaN,NaN,7.9786882377051,6.66402483170495,13.2978110564849,7.9968377044249
873,1,Stim,1,1,2883.4817,2884.4649,-0.0569333333332906,0.983000000000175,999.999999796273,4,0.3636,1,1,0,0,0,0,NaN,NaN,NaN,NaN,NaN,NaN,NaN,9.30846945655798,6.66403114015581,11.9680322538939,6.66403021294962
874,1,NonStim,0,1,2886.90713333333,2887.8631,NaN,0.956000000000131,999.999999796273,2,0.6363,1,1,0,0,0,0,NaN,NaN,NaN,NaN,NaN,NaN,NaN,11.9680327023286,11.9951783446841,11.9680325217277,6.66401502353533
876,1,Stim,1,1,2893.45876666667,2894.4154,-0.0578000000000429,0.957000000000335,999.999999796273,2,-0,-1,0,0,0,0,0,NaN,NaN,NaN,NaN,NaN,NaN,NaN,7.97868858166807,5.33122429103978,11.9680327981563,6.66402683877485
877,1,NonStim,0,1,2896.90863333333,2897.87246666667,NaN,0.963999999999942,999.999999796273,2,0.3636,1,1,0,0,0,0,NaN,NaN,NaN,NaN,NaN,NaN,NaN,9.30846953588851,11.9951990170663,13.2978131237195,11.9952410343708
878,1,NonStim,0,1,2900.33333333333,2901.32453333333,NaN,0.99100000000044,999.999999796273,3,-0.0909,-1,0,0,0,0,0,NaN,NaN,NaN,NaN,NaN,NaN,NaN,19.9467183763449,19.9919431381607,21.2764369204233,18.6592686060136
879,1,NonStim,0,1,2903.60206666667,2904.5744,NaN,0.972000000000207,999.999999796273,3,-0.3636,-1,1,0,0,0,0,NaN,NaN,NaN,NaN,NaN,NaN,NaN,7.97868537491653,7.99683166365693,11.6687846106436,11.9952283485507
880,1,Stim,1,1,2906.93453333333,2907.91596666667,-0.0521666666663805,0.981000000000222,999.999999796273,3,0.6363,1,1,0,0,0,0,NaN,NaN,NaN,NaN,NaN,NaN,NaN,9.30846998208442,11.9952525782126,14.6275901830711,7.99682767405728
881,1,Stim,1,1,2910.35183333333,2911.3258,-0.0541666666663332,0.97400000000016,999.999999796273,4,-0.6363,-1,1,0,0,0,0,NaN,NaN,NaN,NaN,NaN,NaN,NaN,13.2978141102986,12.6791220710716,14.6275955922514,13.3280560730174
882,1,NonStim,0,1,2913.67756666667,2914.65243333333,NaN,0.975000000000364,999.999999796273,2,-0.1818,-1,1,0,0,0,0,NaN,NaN,NaN,NaN,NaN,NaN,NaN,11.9680323088342,11.995254134826,13.297813837961,7.99683190939431
883,1,Stim,1,1,2917.0861,2918.06813333333,-0.0573333333331902,0.982000000000426,999.999999796273,1,-0.1818,-1,0,0,0,0,0,NaN,NaN,NaN,NaN,NaN,NaN,NaN,11.9680286337968,10.6624468565076,13.2978031081406,11.9952277321024
884,1,NonStim,0,1,2920.4194,2921.39316666667,NaN,0.97400000000016,999.999999796273,4,0.3636,1,1,0,0,0,0,NaN,NaN,NaN,NaN,NaN,NaN,NaN,10.6382514061707,10.6624503100389,13.2978141468713,10.6624329235134
885,1,Stim,1,1,2923.84513333333,2924.8223,-0.0545333333334383,0.977000000000317,999.999999796273,1,-0,-1,1,0,0,0,0,NaN,NaN,NaN,NaN,NaN,NaN,NaN,15.9572669043566,11.9952524333332,19.9022948126619,6.66402703431358
886,1,Stim,1,1,2927.18753333333,2928.15773333333,-0.0579000000002452,0.970000000000255,999.999999796273,3,-0,-1,1,0,0,0,0,NaN,NaN,NaN,NaN,NaN,NaN,NaN,10.6382513952515,11.9952171382301,11.9680309354309,10.0182203105179
887,1,Stim,1,1,2930.52936666667,2931.511,-0.0533333333332848,0.981999999999971,999.999999796273,1,-1,-1,1,0,0,0,0,NaN,NaN,NaN,NaN,NaN,NaN,NaN,14.6275946473924,11.9952555951415,18.6168673104199,11.9952553446763
888,1,Stim,1,1,2933.8886,2934.86293333333,-0.0542333333332863,0.97400000000016,999.999999796273,4,-0.1818,-1,1,0,0,0,0,NaN,NaN,NaN,NaN,NaN,NaN,NaN,11.9680313570224,7.99683529230756,13.2978132066741,5.33122467992525
890,1,NonStim,0,1,2939.24743333333,2940.22156666667,NaN,0.97400000000016,999.999999796273,2,-0.3636,-1,1,0,0,0,0,NaN,NaN,NaN,NaN,NaN,NaN,NaN,9.30846999084284,7.99682461954908,11.893926726611,5.33118124390834
892,1,NonStim,0,1,2944.40633333333,2945.38326666667,NaN,0.976999999999862,999.999999796273,3,-0.4545,-1,1,0,0,0,0,NaN,NaN,NaN,NaN,NaN,NaN,NaN,7.97868625566522,9.32964339922773,11.9680276545511,7.99682252885985
893,1,NonStim,0,1,2947.74066666667,2948.72153333333,NaN,0.981000000000222,999.999999796273,4,-0,-1,1,0,0,0,0,NaN,NaN,NaN,NaN,NaN,NaN,NaN,7.97868818118137,7.99683049191713,13.2978135562657,7.99682980280559
894,1,Stim,1,1,2951.14893333333,2952.1243,-0.0517333333332317,0.976000000000113,999.999999796273,4,-1,-1,1,0,0,0,0,NaN,NaN,NaN,NaN,NaN,NaN,NaN,13.2977890772942,11.995256660542,17.2871579152462,7.99683778689865
895,1,NonStim,0,1,2954.69163333333,2955.6641,NaN,0.973000000000411,999.999999796273,1,-0,-1,0,0,0,0,0,NaN,NaN,NaN,NaN,NaN,NaN,NaN,13.2977041302576,11.9952212644318,13.297782379444,13.3278839235646
896,1,NonStim,0,1,2958.0582,2959.02233333333,NaN,0.963999999999942,999.999999796273,1,-0.1818,-1,1,0,0,0,0,NaN,NaN,NaN,NaN,NaN,NaN,NaN,8.66910884132046,7.99683758243288,11.968030552578,9.32962880121419
897,1,NonStim,0,1,2961.3938,2962.3605,NaN,0.967000000000553,999.999999796273,4,-0.1818,-1,0,0,0,0,0,NaN,NaN,NaN,NaN,NaN,NaN,NaN,6.64890712875555,5.33122475586221,10.6382507307191,7.99683367328926
898,1,Stim,1,1,2964.70196666667,2965.6849,-0.0637666666671066,0.983000000000175,999.999999796273,2,-0.3636,-1,0,0,0,0,0,NaN,NaN,NaN,NaN,NaN,NaN,NaN,7.9786881721994,5.33122519011586,11.9680327931571,6.66402029076196
900,1,Stim,1,1,2971.28466666667,2972.25883333333,-0.0506000000000313,0.97400000000016,999.999999796273,2,-1,-1,1,0,0,0,0,NaN,NaN,NaN,NaN,NaN,NaN,NaN,7.97867987790188,6.66403151942226,10.6382465210006,7.99683119423912
901,1,Stim,1,1,2974.58503333333,2975.55806666667,-0.053133333333335,0.973000000000411,999.999999796273,2,-0.0909,-1,0,0,0,0,0,NaN,NaN,NaN,NaN,NaN,NaN,NaN,9.30846848274528,7.99683059314848,11.8939263011356,10.6624469268943
902,1,NonStim,0,1,2977.98526666667,2978.96043333333,NaN,0.975000000000364,999.999999796273,1,0.4545,1,1,1,0,0,0,NaN,NaN,NaN,NaN,NaN,NaN,NaN,7.97868327212083,7.99682346267293,13.2977524019001,10.6624483584282
903,1,Stim,1,1,2981.3292,2982.302,-0.0566333333335933,0.973000000000411,999.999999796273,1,-0.0909,-1,1,0,0,0,0,NaN,NaN,NaN,NaN,NaN,NaN,NaN,11.9680318444969,11.9952244677108,11.9680326730034,5.33122056164218
904,1,NonStim,0,1,2984.73743333333,2985.69833333333,NaN,0.96100000000024,999.999999796273,2,-0.0909,-1,0,0,0,0,0,NaN,NaN,NaN,NaN,NaN,NaN,NaN,9.30846966853582,10.6624504007336,11.9680327987007,7.99682396930256
905,1,NonStim,0,1,2988.1208,2989.09586666667,NaN,0.974999999999909,999.999999796273,1,0.3636,1,1,0,0,0,0,NaN,NaN,NaN,NaN,NaN,NaN,NaN,7.97868658421086,3.99841867823467,11.9680049828529,6.66402975725483
906,1,Stim,1,1,2991.31226666667,2992.27116666667,-0.065900000000056,0.959000000000287,999.999999796273,3,-0.3636,-1,1,0,0,0,0,NaN,NaN,NaN,NaN,NaN,NaN,NaN,9.30846717293008,10.6624409881372,11.9680321188927,6.66402938836113
907,1,Stim,1,1,2994.68886666667,2995.65296666667,-0.0568333333335431,0.964000000000397,999.999999796273,2,0.3636,1,1,0,0,0,0,NaN,NaN,NaN,NaN,NaN,NaN,NaN,9.30846860606576,11.9952448799364,11.9495491741488,5.33122443173328
908,1,NonStim,0,1,2998.08853333333,2999.06166666667,NaN,0.973000000000411,999.999999796273,1,-1,-1,1,1,0,0,0,NaN,NaN,NaN,NaN,NaN,NaN,NaN,11.9680271064203,7.99681133609128,14.6275942655173,7.99682388344843
909,1,NonStim,0,1,3001.49736666667,3002.45456666667,NaN,0.957000000000335,999.999999796273,3,-1,-1,1,0,1,0,0,NaN,NaN,NaN,NaN,NaN,NaN,NaN,11.9680258297962,11.9952376585414,13.2978104195906,7.99683779495806
910,1,NonStim,0,1,3004.88123333333,3005.8463,NaN,0.965000000000146,999.999999796273,3,-0.6363,-1,1,0,0,0,0,NaN,NaN,NaN,NaN,NaN,NaN,NaN,7.97868762332585,11.995250430677,13.2978106377757,7.99681690625201
911,1,Stim,1,1,3008.26603333333,3009.2395,-0.0560333333332892,0.973000000000411,999.999999796273,1,0.3636,1,1,0,0,0,0,NaN,NaN,NaN,NaN,NaN,NaN,NaN,9.30846998365849,10.662415951004,13.2311485588882,11.9952421820654
912,1,NonStim,0,1,3011.6735,3012.65063333333,NaN,0.977000000000317,999.999999796273,2,0.1818,1,1,0,0,0,0,NaN,NaN,NaN,NaN,NaN,NaN,NaN,11.9680058077691,7.99683770815441,11.968032691084,11.9952009638897
913,1,Stim,1,1,3015.07466666667,3016.05116666667,-0.0487333333330753,0.977000000000317,999.999999796273,2,-0.6363,-1,1,0,0,0,0,NaN,NaN,NaN,NaN,NaN,NaN,NaN,11.968032784299,7.99683163445226,11.9680324835002,7.9968377180709
914,1,NonStim,0,1,3018.44983333333,3019.41516666667,NaN,0.966000000000349,999.999999796273,3,0.0909,1,1,0,0,0,0,NaN,NaN,NaN,NaN,NaN,NaN,NaN,7.97868838923934,7.99681161661138,12.4636209821433,11.9951959000313
915,1,Stim,1,1,3021.85886666667,3022.8237,-0.0536666666671408,0.965000000000146,999.999999796273,2,0.1818,1,1,0,0,0,0,NaN,NaN,NaN,NaN,NaN,NaN,NaN,7.97868852134481,10.6624403373381,11.8939266268575,6.66398929383411
916,1,Stim,1,1,3025.25946666667,3026.2261,-0.0592333333333954,0.967000000000098,999.999999796273,2,0.0909,1,1,0,0,0,0,NaN,NaN,NaN,NaN,NaN,NaN,NaN,11.9680233289481,7.99683728698314,13.2978000094824,6.66402939976508
917,1,Stim,1,1,3028.7025,3029.66686666667,-0.0588000000002467,0.964000000000397,999.999999796273,3,0.0909,1,1,0,0,0,0,NaN,NaN,NaN,NaN,NaN,NaN,NaN,11.9680313647286,8.68876725577843,11.9680321522476,7.99679319999453
918,1,NonStim,0,1,3032.09363333333,3033.0509,NaN,0.957000000000335,999.999999796273,2,-1,-1,1,0,0,0,0,NaN,NaN,NaN,NaN,NaN,NaN,NaN,7.97868748297018,7.99681934032155,14.6275721805176,10.6624481693729
919,1,Stim,1,1,3035.47626666667,3036.4512,-0.0542000000004919,0.975000000000364,999.999999796273,1,0.1818,1,1,0,0,0,0,NaN,NaN,NaN,NaN,NaN,NaN,NaN,7.97868824918024,5.33122001533714,11.8939266821801,7.99681800833842
920,1,Stim,1,1,3038.994,3039.96653333333,-0.0618333333336523,0.972999999999956,999.999999796273,4,-0,-1,1,0,0,0,0,NaN,NaN,NaN,NaN,NaN,NaN,NaN,7.97868735191194,5.33122288086525,11.9680272079361,9.32963860673878
921,1,NonStim,0,1,3042.50273333333,3043.48573333333,NaN,0.983000000000175,999.999999796273,1,-0.4545,-1,1,0,0,0,0,NaN,NaN,NaN,NaN,NaN,NaN,NaN,11.9680290955223,11.9952196566998,13.2978076047451,9.3296317327075
922,1,Stim,1,1,3045.8536,3046.81896666667,-0.0569666666669946,0.9650000000006,999.999999796273,1,0.4545,1,1,0,0,0,0,NaN,NaN,NaN,NaN,NaN,NaN,NaN,6.64890474702651,7.99683541552188,11.8939244617231,7.9968279384716
923,1,NonStim,0,1,3049.21203333333,3050.18623333333,NaN,0.97400000000016,999.999999796273,4,-0.0909,-1,1,0,0,0,0,NaN,NaN,NaN,NaN,NaN,NaN,NaN,8.66911003491063,11.9952401754512,11.968032569869,11.9952514425934
924,1,Stim,1,1,3052.41223333333,3053.3774,-0.0538666666666359,0.965000000000146,999.999999796273,2,-0.4545,-1,1,1,1,1,1.03626943005166,0.208294641657031,22.0191890862709,15.0000000030559,-0.127685804547953,-0.99181466782708,262.664115802422,1,10.6382447806491,6.66402270450549,13.2978085497823,7.99681082575536
926,1,NonStim,0,1,3057.5045,3058.47056666667,NaN,0.965999999999894,999.999999796273,3,1,1,1,1,0,0,0,NaN,NaN,NaN,NaN,NaN,NaN,NaN,11.9680327529724,7.9967769659502,13.2978080028118,10.6624211307253
928,1,Stim,1,1,3064.02276666667,3065.0123,-0.0512999999996282,0.990000000000236,999.999999796273,3,-0.1818,-1,1,0,0,0,0,NaN,NaN,NaN,NaN,NaN,NaN,NaN,11.9680199966169,7.99683343208161,14.6275795137639,6.66402883743676
929,1,NonStim,0,1,3067.4226,3068.39626666667,NaN,0.974000000000615,999.999999796273,1,1,1,1,1,0,0,0,NaN,NaN,NaN,NaN,NaN,NaN,NaN,7.97868804512769,5.33122375368276,11.9680317331464,5.33122448609957
930,1,NonStim,0,1,3070.79893333333,3071.7651,NaN,0.967000000000098,999.999999796273,4,0.4545,1,1,0,1,0,0,NaN,NaN,NaN,NaN,NaN,NaN,NaN,11.9680326206281,10.6623986904664,17.2871516472936,7.99683748044493
931,1,NonStim,0,1,3074.17356666667,3075.12993333333,NaN,0.956000000000131,999.999999796273,3,0.3636,1,1,0,0,0,0,NaN,NaN,NaN,NaN,NaN,NaN,NaN,11.9680321494608,5.33122291758693,11.9680327995443,11.9951991382209
932,1,Stim,1,1,3077.47413333333,3078.45333333333,-0.0529666666670892,0.979000000000269,999.999999796273,3,0.3636,1,1,1,0,0,0,NaN,NaN,NaN,NaN,NaN,NaN,NaN,10.638247248066,5.33122517378868,13.2978109669639,10.6624385726741
934,1,Stim,1,1,3084.02503333333,3084.99796666667,-0.0524333333332834,0.972000000000207,999.999999796273,1,-0.4545,-1,1,0,0,0,0,NaN,NaN,NaN,NaN,NaN,NaN,NaN,7.97867677881927,5.33122518294792,11.9680318244715,6.66402764407472
935,1,Stim,1,1,3087.39286666667,3088.36606666667,-0.0487333333330753,0.97400000000016,999.999999796273,4,0.6363,1,1,0,0,0,0,NaN,NaN,NaN,NaN,NaN,NaN,NaN,7.9786885464818,5.33122507716228,13.2978130022893,6.03453169823858
936,1,Stim,1,1,3090.7273,3091.70033333333,-0.0574333333333925,0.972999999999956,999.999999796273,4,0.1818,1,1,0,0,0,0,NaN,NaN,NaN,NaN,NaN,NaN,NaN,11.9680261275607,10.6624173590565,14.6275950036512,13.3279765775515
937,1,Stim,1,1,3094.00143333333,3094.98353333333,-0.0562666666664882,0.982000000000426,999.999999796273,1,-0.6363,-1,1,0,0,0,0,NaN,NaN,NaN,NaN,NaN,NaN,NaN,7.97868605130468,5.33122508291746,11.9680325741309,6.6640295875763
938,1,Stim,1,1,3097.42636666667,3098.4019,-0.0633333333330484,0.974999999999909,999.999999796273,3,-0.6363,-1,1,0,0,0,0,NaN,NaN,NaN,NaN,NaN,NaN,NaN,11.96800784519,6.66402963578464,13.2311569186034,7.99679199599619
939,1,Stim,1,1,3100.84543333333,3101.81263333333,-0.0664000000001579,0.967000000000098,999.999999796273,3,0.1818,1,1,0,0,0,0,NaN,NaN,NaN,NaN,NaN,NaN,NaN,10.6382510411954,6.66401670580852,13.2978139266589,5.33122375564442
940,1,NonStim,0,1,3104.2538,3105.2089,NaN,0.955000000000382,999.999999796273,2,-0,-1,1,0,0,0,0,NaN,NaN,NaN,NaN,NaN,NaN,NaN,7.9786885736371,5.33122488196225,11.9680327903257,5.33122424181787
941,1,Stim,1,1,3107.68606666667,3108.64276666667,-0.0662666666667064,0.956000000000131,999.999999796273,2,1,1,1,0,0,0,0,NaN,NaN,NaN,NaN,NaN,NaN,NaN,9.3084691608206,5.3312250149768,11.9680327916886,7.9968185949597
942,1,Stim,1,1,3111.1871,3112.147,-0.0574666666666417,0.960000000000036,999.999999796273,2,0.4545,1,1,1,0,0,0,NaN,NaN,NaN,NaN,NaN,NaN,NaN,10.6382510819351,6.66403109958144,13.2978005199315,6.66402829940476
943,1,Stim,1,1,3114.53786666667,3115.5104,-0.0512666666668338,0.973000000000411,999.999999796273,1,0.6363,1,1,0,0,0,0,NaN,NaN,NaN,NaN,NaN,NaN,NaN,10.6382487020242,5.33122398343539,13.2978111490166,6.6640275479619
944,1,Stim,1,1,3118.0044,3118.9749,-0.0530666666668367,0.970000000000255,999.999999796273,2,-0.1818,-1,1,0,0,0,0,NaN,NaN,NaN,NaN,NaN,NaN,NaN,7.97868858350927,7.99683486447299,11.968032792395,7.99682631815511
946,1,NonStim,0,1,3124.83013333333,3125.82253333333,NaN,0.992000000000189,999.999999796273,4,1,1,1,1,1,1,1.00806451612884,0.202556835769646,22.2411131655723,14.0000000028522,0.196951999831986,-0.980413132185703,281.358776602039,1,7.9786863055161,5.33122466301383,13.2978114975713,7.99683641653354
947,1,NonStim,0,1,3128.26486666667,3129.23886666667,NaN,0.97400000000016,999.999999796273,3,0.6363,1,1,0,0,0,0,NaN,NaN,NaN,NaN,NaN,NaN,NaN,18.6169393924618,11.9952436838207,18.6169278269295,7.9967466177997
948,1,Stim,1,1,3131.63103333333,3132.61456666667,-0.0555666666664365,0.983000000000175,999.999999796273,3,-0.0909,-1,1,0,0,0,0,NaN,NaN,NaN,NaN,NaN,NaN,NaN,7.97868686047368,7.99683376665932,13.2978137226794,7.99679496143835
949,1,NonStim,0,1,3135.01593333333,3135.98986666667,NaN,0.97400000000016,999.999999796273,3,-0.1818,-1,1,0,0,0,0,NaN,NaN,NaN,NaN,NaN,NaN,NaN,7.97868846654154,6.66402876458424,13.2311535816183,10.6624347624556
950,1,NonStim,0,1,3138.5071,3139.4892,NaN,0.982000000000426,999.999999796273,4,-0.3636,-1,1,0,0,0,0,NaN,NaN,NaN,NaN,NaN,NaN,NaN,7.34395529095039,10.6624497495966,11.9680326106593,10.6624498973825
951,1,NonStim,0,1,3141.9419,3142.90703333333,NaN,0.966000000000349,999.999999796273,2,-0.4545,-1,1,0,0,0,0,NaN,NaN,NaN,NaN,NaN,NaN,NaN,7.97868816598935,7.99683459087293,11.9680317928683,7.99683514882037
952,1,NonStim,0,1,3145.2835,3146.25926666667,NaN,0.976000000000113,999.999999796273,3,0.4545,1,1,0,1,0,0,NaN,NaN,NaN,NaN,NaN,NaN,NaN,9.30846447382662,5.33122503276707,12.6852690591056,7.99683498698487
953,1,NonStim,0,1,3148.6832,3149.64906666667,NaN,0.965999999999894,999.999999796273,3,-0,-1,0,0,1,0,0,NaN,NaN,NaN,NaN,NaN,NaN,NaN,7.97868588485949,11.9952459209937,13.297812420648,7.99682608819386
954,1,Stim,1,1,3151.9258,3152.89813333333,-0.0489999999999782,0.973000000000411,999.999999796273,2,0.6363,1,1,0,0,0,0,NaN,NaN,NaN,NaN,NaN,NaN,NaN,11.9680201142144,7.99683778055569,11.9680324866892,7.99683620965808
955,1,NonStim,0,1,3155.35946666667,3156.3255,NaN,0.965999999999894,999.999999796273,1,0.6363,1,1,0,0,0,0,NaN,NaN,NaN,NaN,NaN,NaN,NaN,7.97868142548652,10.0181465545141,11.9680298277858,10.0182082779936
956,1,Stim,1,1,3158.70123333333,3159.68483333333,-0.0530666666668367,0.983000000000175,999.999999796273,3,-1,-1,1,0,0,0,0,NaN,NaN,NaN,NaN,NaN,NaN,NaN,9.30846624629811,11.9952485453696,13.2978142226459,7.99682611221692
957,1,Stim,1,1,3162.06083333333,3163.02686666667,-0.0518000000001848,0.965999999999894,999.999999796273,4,-0.4545,-1,0,0,0,0,0,NaN,NaN,NaN,NaN,NaN,NaN,NaN,11.9680288418638,11.9952459130675,13.2978117091151,7.9968319229886
958,1,NonStim,0,1,3165.46053333333,3166.42553333333,NaN,0.9650000000006,999.999999796273,1,0.0909,1,0,0,0,0,0,NaN,NaN,NaN,NaN,NaN,NaN,NaN,7.97868742160613,6.66403119352462,11.9680327908305,7.99683073244656
959,1,Stim,1,1,3168.81146666667,3169.78923333333,-0.0583999999998923,0.97800000000052,999.999999796273,1,0.0909,1,1,0,0,0,0,NaN,NaN,NaN,NaN,NaN,NaN,NaN,7.97868857635073,11.995243279471,14.6275928292101,5.33122508120454
960,1,Stim,1,1,3172.22016666667,3173.19483333333,-0.047333333332972,0.97400000000016,999.999999796273,4,1,1,1,0,0,0,0,NaN,NaN,NaN,NaN,NaN,NaN,NaN,11.3226535779214,10.0182152326886,11.9680196775633,6.66402694112172
961,1,Stim,1,1,3175.62083333333,3176.59696666667,-0.0482999999999265,0.976000000000113,999.999999796273,3,1,1,1,0,0,0,0,NaN,NaN,NaN,NaN,NaN,NaN,NaN,6.64890677987488,7.99682134208035,11.9680325383517,7.99683730157159
962,1,NonStim,0,1,3179.15486666667,3180.13556666667,NaN,0.981000000000222,999.999999796273,1,-0.0909,-1,1,0,0,0,0,NaN,NaN,NaN,NaN,NaN,NaN,NaN,7.97868589776839,10.6624050664148,13.297806941451,7.99683435263313
963,1,Stim,1,1,3182.52973333333,3183.49483333333,-0.0549333333333379,0.965000000000146,999.999999796273,1,1,1,1,0,0,0,0,NaN,NaN,NaN,NaN,NaN,NaN,NaN,10.6382494060813,7.9968376257095,13.2311564610009,7.99683485666944
965,1,Stim,1,1,3189.58903333333,3190.55473333333,-0.0698333333334631,0.965000000000146,999.999999796273,3,-0.3636,-1,0,0,0,0,0,NaN,NaN,NaN,NaN,NaN,NaN,NaN,7.97867996188786,6.66402854081637,11.968032792953,7.99683781663849
966,1,Stim,1,1,3192.91486666667,3193.90583333333,-0.0578000000004977,0.99100000000044,999.999999796273,2,-0.4545,-1,0,1,1,1,1.00908173562014,0.329718987984851,31.1354793266531,20.0000000040745,0.387312878304875,-0.92194833602496,292.787401834363,1,11.9680321814437,13.3280629356842,14.6275950601571,5.33122514458007
967,1,NonStim,0,1,3196.2403,3197.20686666667,NaN,0.966000000000349,999.999999796273,4,-0.3636,-1,1,0,0,0,0,NaN,NaN,NaN,NaN,NaN,NaN,NaN,7.97868754734754,11.9952402411348,11.9680315641069,5.33122172405417
968,1,NonStim,0,1,3199.54843333333,3200.524,NaN,0.976000000000113,999.999999796273,4,-1,-1,1,0,1,0,0,NaN,NaN,NaN,NaN,NaN,NaN,NaN,10.6382373943952,11.9952439349421,11.9680302749186,6.66402851883991
969,1,Stim,1,1,3202.9241,3203.89706666667,-0.065900000000056,0.972999999999956,999.999999796273,3,0.4545,1,1,0,0,0,0,NaN,NaN,NaN,NaN,NaN,NaN,NaN,7.97868789254379,7.99683662133476,13.2311547565723,6.66403004220416
970,1,NonStim,0,1,3206.27413333333,3207.24026666667,NaN,0.965999999999894,999.999999796273,3,0.1818,1,0,0,0,0,0,NaN,NaN,NaN,NaN,NaN,NaN,NaN,7.97867773873913,14.6608638541584,11.9680305825708,7.99683772708591
971,1,Stim,1,1,3209.59116666667,3210.5651,-0.0587999999997919,0.97400000000016,999.999999796273,3,0.1818,1,1,0,0,0,0,NaN,NaN,NaN,NaN,NaN,NaN,NaN,10.6382433416862,11.9952543005243,13.2978113845197,7.99683655660426
972,1,Stim,1,1,3213.0424,3214.01643333333,-0.0503333333335831,0.97400000000016,999.999999796273,3,-0.0909,-1,1,0,0,0,0,NaN,NaN,NaN,NaN,NaN,NaN,NaN,11.9680291277341,11.9952404388349,15.9573748630889,7.99683059668768
973,1,Stim,1,1,3216.5673,3217.5345,-0.0528666666668869,0.967000000000098,999.999999796273,1,-1,-1,1,0,0,0,0,NaN,NaN,NaN,NaN,NaN,NaN,NaN,10.6382505574867,11.9952526883011,11.9680327550574,7.99683294503928
974,1,NonStim,0,1,3220.0858,3221.05073333333,NaN,0.9650000000006,999.999999796273,2,-0,-1,0,0,0,0,0,NaN,NaN,NaN,NaN,NaN,NaN,NaN,7.97868630714579,5.33122518428214,14.627582250955,7.99683781424523
975,1,Stim,1,1,3223.5777,3224.55053333333,-0.0532333333335373,0.973000000000411,999.999999796273,4,-0.4545,-1,1,0,0,0,0,NaN,NaN,NaN,NaN,NaN,NaN,NaN,7.97868679619829,5.33122413362664,11.9680323026479,7.99682704400798
976,1,Stim,1,1,3226.9024,3227.86826666667,-0.0644333333339091,0.966000000000349,999.999999796273,2,0.0909,1,1,0,2,0,0,NaN,NaN,NaN,NaN,NaN,NaN,NaN,10.6382502446064,11.9952354923518,13.2978061704213,6.66403141822354
977,1,Stim,1,1,3230.20206666667,3231.19396666667,-0.0497666666665282,0.99100000000044,999.999999796273,1,-0,-1,0,0,0,0,0,NaN,NaN,NaN,NaN,NaN,NaN,NaN,7.97868790743179,11.9952211306081,11.8939265779937,7.99683624195631
978,1,NonStim,0,1,3233.5782,3234.5449,NaN,0.965999999999894,999.999999796273,3,0.3636,1,1,0,1,0,0,NaN,NaN,NaN,NaN,NaN,NaN,NaN,9.30846958774313,11.9952561448006,13.2978095798223,5.33122518080026
979,1,Stim,1,1,3236.97853333333,3237.95406666667,-0.053933333333589,0.976000000000568,999.999999796273,3,0.0909,1,1,0,0,0,0,NaN,NaN,NaN,NaN,NaN,NaN,NaN,7.97868668115497,10.6624269769497,13.2311322772541,11.9951600754673
980,1,Stim,1,1,3240.37063333333,3241.34546666667,-0.0480000000002292,0.974999999999909,999.999999796273,2,-0.0909,-1,0,0,0,0,0,NaN,NaN,NaN,NaN,NaN,NaN,NaN,11.9680321468674,11.995256667594,13.297808741705,5.33122329111066
981,1,Stim,1,1,3243.87173333333,3244.8361,-0.0525333333334856,0.965000000000146,999.999999796273,4,0.1818,1,1,0,0,0,0,NaN,NaN,NaN,NaN,NaN,NaN,NaN,10.6382491501225,11.9952550875422,13.2977977713175,11.9952472622785
982,1,Stim,1,1,3247.38066666667,3248.35326666667,-0.0509666666671365,0.973000000000411,999.999999796273,3,-0.6363,-1,1,0,0,0,0,NaN,NaN,NaN,NaN,NaN,NaN,NaN,11.9680286273197,7.9968277869541,14.627532109378,6.66402342463046
983,1,NonStim,0,1,3250.75566666667,3251.71966666667,NaN,0.964000000000397,999.999999796273,2,-0.6363,-1,1,0,0,0,0,NaN,NaN,NaN,NaN,NaN,NaN,NaN,10.6382506163951,9.32964165244798,11.968029314554,7.99683665243207
984,1,Stim,1,1,3254.28986666667,3255.2748,-0.056999999999789,0.985000000000127,999.999999796273,2,-1,-1,1,0,0,0,0,NaN,NaN,NaN,NaN,NaN,NaN,NaN,7.9786884495896,11.9952351012567,13.2978121130784,6.66402653267065
985,1,Stim,1,1,3257.8062,3258.77503333333,-0.0592666666666446,0.969000000000506,999.999999796273,2,-0.1818,-1,1,0,0,0,0,NaN,NaN,NaN,NaN,NaN,NaN,NaN,9.30846855805595,11.9952461077273,14.6275667139906,6.66403146888785
986,1,NonStim,0,1,3261.28266666667,3262.25623333333,NaN,0.97400000000016,999.999999796273,3,-0.4545,-1,1,0,0,0,0,NaN,NaN,NaN,NaN,NaN,NaN,NaN,10.6382504800688,9.32964068005939,13.2978121853698,6.6640314928948
987,1,Stim,1,1,3264.65703333333,3265.6308,-0.0509000000001834,0.973000000000411,999.999999796273,1,0.0909,1,1,0,1,0,0,NaN,NaN,NaN,NaN,NaN,NaN,NaN,9.30846945746616,10.6624476526994,13.2977562362133,11.9950678170905
988,1,Stim,1,1,3268.00806666667,3268.98196666667,-0.055699999999888,0.973000000000411,999.999999796273,1,-0.4545,-1,1,0,0,0,0,NaN,NaN,NaN,NaN,NaN,NaN,NaN,5.31912570891822,11.9952448824668,11.9680273363047,7.99683537906795
989,1,Stim,1,1,3271.4338,3272.4004,-0.0546333333336406,0.967000000000098,999.999999796273,4,0.3636,1,1,0,0,0,0,NaN,NaN,NaN,NaN,NaN,NaN,NaN,7.97868822080017,7.9968187504422,11.9680319860265,6.66403034181213
990,1,Stim,1,1,3274.77503333333,3275.73303333333,-0.0594666666665944,0.958000000000538,999.999999796273,2,0.1818,1,1,0,0,0,0,NaN,NaN,NaN,NaN,NaN,NaN,NaN,10.6382506212482,13.3280612164846,11.9680327895011,7.99683750783842
991,1,Stim,1,1,3278.10206666667,3279.07533333333,-0.0580666666669458,0.972999999999956,999.999999796273,4,0.4545,1,1,0,0,0,0,NaN,NaN,NaN,NaN,NaN,NaN,NaN,10.6382502781688,7.9968282138807,11.9680318822802,6.66402919174216
992,1,Stim,1,1,3281.47633333333,3282.45143333333,-0.0552999999999884,0.975000000000364,999.999999796273,1,0.6363,1,1,0,0,0,0,NaN,NaN,NaN,NaN,NaN,NaN,NaN,7.97868675121545,7.9968327833041,13.2978101650856,7.99682250723268
993,1,NonStim,0,1,3284.85373333333,3285.86096666667,NaN,1.00700000000052,999.999999796273,4,0.6363,1,1,0,0,0,0,NaN,NaN,NaN,NaN,NaN,NaN,NaN,9.30846199620061,11.9952512981167,11.9680327477533,7.99683501359735
995,1,Stim,1,1,3290.28766666667,3291.26973333333,-0.0643333333332521,0.981999999999971,999.999999796273,3,-0.4545,-1,1,0,0,0,0,NaN,NaN,NaN,NaN,NaN,NaN,NaN,7.9786868118691,5.33121710423597,14.6275847786159,6.66402810630524
996,1,Stim,1,1,3293.6281,3294.61116666667,-0.0528666666668869,0.983000000000175,999.999999796273,2,-0.3636,-1,1,1,0,0,0,NaN,NaN,NaN,NaN,NaN,NaN,NaN,9.30846997230775,3.99841790173572,11.9680327441414,9.32964296371664
997,1,Stim,1,1,3297.04593333333,3298.0222,-0.055766666666841,0.977000000000317,999.999999796273,4,-0.1818,-1,1,0,0,0,0,NaN,NaN,NaN,NaN,NaN,NaN,NaN,6.64890714597403,6.66402848856313,11.9680276290208,6.66402738361203
999,1,NonStim,0,1,3302.12943333333,3303.10643333333,NaN,0.977000000000317,999.999999796273,4,-0,-1,1,0,0,0,0,NaN,NaN,NaN,NaN,NaN,NaN,NaN,8.97601373403909,6.66403141576568,13.2311544371398,6.6640297652331
1009,1,NonStim,0,1,3337.55033333333,3338.53226666667,NaN,0.982000000000426,999.999999796273,2,1,1,1,0,0,0,0,NaN,NaN,NaN,NaN,NaN,NaN,NaN,10.6382513144555,6.66403032411795,11.9680324078417,7.99683438231241
1010,1,NonStim,0,1,3341.09286666667,3342.0788,NaN,0.986000000000331,999.999999796273,3,-0.1818,-1,0,1,0,0,0,NaN,NaN,NaN,NaN,NaN,NaN,NaN,11.9680219320365,5.33122287676702,11.9680281869001,9.32961430287204
1014,1,Stim,1,1,3352.05273333333,3353.01906666667,-0.0565999999998894,0.967000000000098,999.999999796273,4,-0,-1,0,0,0,0,0,NaN,NaN,NaN,NaN,NaN,NaN,NaN,9.30844909903158,6.66401354227028,13.2978086651817,11.9950535823522
1015,1,Stim,1,1,3355.33646666667,3356.311,-0.0526333333332332,0.975000000000364,999.999999796273,1,-0.1818,-1,1,0,0,0,0,NaN,NaN,NaN,NaN,NaN,NaN,NaN,10.6382432752388,9.32964393870341,11.9680324575581,7.99682471184861
1016,1,NonStim,0,1,3358.79526666667,3359.75993333333,NaN,0.964000000000397,999.999999796273,3,-0.0909,-1,1,0,0,0,0,NaN,NaN,NaN,NaN,NaN,NaN,NaN,7.97868481841523,7.99683660678089,13.2978004653356,9.32963356045764
1018,1,NonStim,0,1,3364.02923333333,3365.00416666667,NaN,0.974999999999909,999.999999796273,4,-0.6363,-1,1,0,0,0,0,NaN,NaN,NaN,NaN,NaN,NaN,NaN,9.30846760367772,6.66403064888331,11.9680324868479,5.33122507367347
1019,1,Stim,1,1,3367.60463333333,3368.56933333333,-0.0533000000000357,0.965000000000146,999.999999796273,2,1,1,1,0,0,0,0,NaN,NaN,NaN,NaN,NaN,NaN,NaN,7.97868800142779,10.6624351590437,11.9680324037591,11.9952462014944
1020,1,Stim,1,1,3371.03883333333,3372.00396666667,-0.0592000000001462,0.965000000000146,999.999999796273,2,0.6363,1,1,0,0,0,0,NaN,NaN,NaN,NaN,NaN,NaN,NaN,9.30846932033701,6.66401891646437,11.9680326893547,6.6640301722941
1021,1,Stim,1,1,3374.46586666667,3375.43276666667,-0.0575333333335948,0.967000000000098,999.999999796273,4,0.6363,1,1,0,0,0,0,NaN,NaN,NaN,NaN,NaN,NaN,NaN,7.97868856838094,7.99683671772423,11.9680323611599,11.9952465890888
1022,1,Stim,1,1,3377.9323,3378.8993,-0.0658333333331029,0.967000000000098,999.999999796273,3,-0,-1,1,0,0,0,0,NaN,NaN,NaN,NaN,NaN,NaN,NaN,11.9680327341402,10.6624502727817,11.9680328026023,10.6624351743576
1023,1,NonStim,0,1,3381.62386666667,3382.59643333333,NaN,0.973000000000411,999.999999796273,1,0.6363,1,1,0,0,0,0,NaN,NaN,NaN,NaN,NaN,NaN,NaN,7.97868812044666,5.33122320545782,11.9680288263653,11.9951949967216
1024,1,NonStim,0,1,3384.9736,3385.93386666667,NaN,0.960000000000036,999.999999796273,2,0.1818,1,1,0,0,0,0,NaN,NaN,NaN,NaN,NaN,NaN,NaN,6.64890546214794,11.9952424689029,13.2978047366797,11.9952465814838
1025,1,Stim,1,1,3388.35793333333,3389.3313,-0.0577333333330898,0.97400000000016,999.999999796273,1,-0.6363,-1,1,0,0,0,0,NaN,NaN,NaN,NaN,NaN,NaN,NaN,10.6382180052398,11.9952470865437,13.2977464617526,7.99683353974157
1026,1,Stim,1,1,3391.6493,3392.62406666667,-0.0464333333334253,0.974999999999909,999.999999796273,4,-0.3636,-1,1,1,0,0,0,NaN,NaN,NaN,NaN,NaN,NaN,NaN,9.30846276427463,7.99683243549215,11.9680326715835,7.99683754218414
1027,1,NonStim,0,1,3394.83336666667,3395.79386666667,NaN,0.960000000000491,999.999999796273,3,0.0909,1,1,0,0,0,0,NaN,NaN,NaN,NaN,NaN,NaN,NaN,7.97868771656769,7.99683259518686,11.8939241162389,7.99683732513174
1028,1,NonStim,0,1,3398.3679,3399.34263333333,NaN,0.975000000000364,999.999999796273,1,0.1818,1,1,2,2,2,2.05128205128129,0.265147851201844,28.4308412402998,15.5000000031578,-0.0517417032915956,-0.0262685558032483,206.916282616891,0.0580279319250987,7.9786841551771,6.66402746146693,11.9680327965326,7.99683599989112
1029,1,NonStim,0,1,3401.7673,3402.74083333333,NaN,0.972999999999956,999.999999796273,4,0.0909,1,1,1,1,1,1.02774922918812,0.275761127538703,22.617083798757,16.0000000032596,0.282099851308661,-0.95938504985831,286.385570454596,1,6.64890708453771,7.99683771336605,11.9680159354222,9.32945666001599
1030,1,NonStim,0,1,3405.36883333333,3406.35046666667,NaN,0.981999999999971,999.999999796273,4,-0.0909,-1,1,1,1,1,1.01832993890023,0.222232044830846,24.6817885197495,14.0000000028522,-0.098983259144769,-0.995089098728893,264.319374964324,1,7.97868814547692,7.99681829578536,11.9680253161503,6.66401852518823
1031,1,NonStim,0,1,3408.71813333333,3409.68333333333,NaN,0.965000000000146,999.999999796273,1,1,1,1,0,0,0,0,NaN,NaN,NaN,NaN,NaN,NaN,NaN,10.6382480819624,7.99681920182764,13.297811975467,7.99683391514828
1032,1,Stim,1,1,3411.99326666667,3412.95996666667,-0.0523000000002867,0.965999999999894,999.999999796273,1,-0.0909,-1,1,0,0,0,0,NaN,NaN,NaN,NaN,NaN,NaN,NaN,11.9680248361937,7.99683316195907,14.5670100499534,6.66402301429963
1033,1,Stim,1,1,3415.3364,3416.30106666667,-0.0594666666665944,0.965000000000146,999.999999796273,3,-1,-1,1,0,0,0,0,NaN,NaN,NaN,NaN,NaN,NaN,NaN,7.97868839383636,10.6624492131476,11.9680323193957,7.99683109649223
1034,1,NonStim,0,1,3418.71156666667,3419.69263333333,NaN,0.981000000000222,999.999999796273,1,0.3636,1,1,0,0,0,0,NaN,NaN,NaN,NaN,NaN,NaN,NaN,10.6382336171533,7.99677910230085,13.2978024187022,5.33122502758878
1035,1,NonStim,0,1,3422.20303333333,3423.1721,NaN,0.969000000000051,999.999999796273,3,1,1,1,0,0,0,0,NaN,NaN,NaN,NaN,NaN,NaN,NaN,9.30846897109407,6.66402492082914,13.2978061968229,6.66394692187995
1036,1,NonStim,0,1,3425.5622,3426.54023333333,NaN,0.978000000000065,999.999999796273,2,-0.3636,-1,1,0,0,0,0,NaN,NaN,NaN,NaN,NaN,NaN,NaN,7.97868376446954,7.99683510931668,11.9680325902499,13.3280322910247
1037,1,Stim,1,1,3428.80433333333,3429.7706,-0.0598666666669487,0.966000000000349,999.999999796273,4,1,1,1,0,0,0,0,NaN,NaN,NaN,NaN,NaN,NaN,NaN,7.97868149957136,7.99683443920315,11.9680282269727,7.99683761193548
1038,1,Stim,1,1,3432.27966666667,3433.25383333333,-0.0498000000002321,0.97400000000016,999.999999796273,2,-0.6363,-1,1,0,0,0,0,NaN,NaN,NaN,NaN,NaN,NaN,NaN,11.9680263333537,11.9952103835725,13.297806048727,11.9951511112362
1039,1,NonStim,0,1,3435.6053,3436.5808,NaN,0.974999999999909,999.999999796273,1,-0.4545,-1,1,0,0,0,0,NaN,NaN,NaN,NaN,NaN,NaN,NaN,7.97868831134241,5.33122491218406,11.9680320395234,6.66403135569322
1040,1,Stim,1,1,3438.9722,3439.9385,-0.0677000000000589,0.966000000000349,999.999999796273,3,1,1,1,1,0,0,0,NaN,NaN,NaN,NaN,NaN,NaN,NaN,7.9786869830067,5.33122520242531,11.8939263344116,7.99683332065366
1041,1,NonStim,0,1,3442.53916666667,3443.5203,NaN,0.981000000000222,999.999999796273,1,-0.6363,-1,1,0,0,0,0,NaN,NaN,NaN,NaN,NaN,NaN,NaN,10.638225522524,5.33121216872797,11.9680306866498,7.99683732162979
1042,1,NonStim,0,1,3445.80676666667,3446.77126666667,NaN,0.9650000000006,999.999999796273,3,-0,-1,1,0,0,0,0,NaN,NaN,NaN,NaN,NaN,NaN,NaN,7.97868526138298,5.33122303788303,13.2977918869278,7.99683668626171
1044,1,Stim,1,1,3452.46676666667,3453.45783333333,-0.0582000000003973,0.990999999999985,999.999999796273,2,-0,-1,1,0,0,0,0,NaN,NaN,NaN,NaN,NaN,NaN,NaN,11.968032552201,7.9967956852391,13.231146430029,10.6624112106564
1045,1,Stim,1,1,3455.8495,3456.8145,-0.0531000000000859,0.965000000000146,999.999999796273,4,-1,-1,1,1,1,1,1.03626943005166,0.176034580862499,13.8352173240677,17.0000000034634,0.0151154009987635,-0.999885755800455,270.86608166473,1,10.6382504118289,6.66402969927902,11.968032720598,6.66403065810171
1046,1,Stim,1,1,3459.23373333333,3460.21636666667,-0.0546999999996842,0.983000000000175,999.999999796273,4,0.0909,1,1,0,0,0,0,NaN,NaN,NaN,NaN,NaN,NaN,NaN,11.9680304808603,7.99681949234581,13.2978140390938,9.32964095638704
1047,1,Stim,1,1,3462.58436666667,3463.5589,-0.0545999999999367,0.97400000000016,999.999999796273,2,0.3636,1,1,0,0,0,0,NaN,NaN,NaN,NaN,NaN,NaN,NaN,7.97868613868419,5.33122446078976,11.9680281256946,7.99683142749015
1049,1,NonStim,0,1,3469.10136666667,3470.08363333333,NaN,0.982000000000426,999.999999796273,2,-0.4545,-1,1,0,0,0,0,NaN,NaN,NaN,NaN,NaN,NaN,NaN,11.9680327662428,5.33122353867146,14.5670162023189,7.99683147591498
1050,1,NonStim,0,1,3472.694,3473.66756666667,NaN,0.97400000000016,999.999999796273,4,0.4545,1,1,1,0,0,0,NaN,NaN,NaN,NaN,NaN,NaN,NaN,7.97868829658509,5.33121969729889,11.9680308072898,7.9968316402399
1051,1,Stim,1,1,3476.1948,3477.15163333333,-0.0689666666667108,0.95699999999988,999.999999796273,3,0.3636,1,1,0,0,0,0,NaN,NaN,NaN,NaN,NaN,NaN,NaN,10.6382496965648,9.32961628742289,11.9680327305489,13.3280629457089
1052,1,NonStim,0,1,3479.58693333333,3480.55073333333,NaN,0.964000000000397,999.999999796273,2,0.0909,1,1,0,0,0,0,NaN,NaN,NaN,NaN,NaN,NaN,NaN,10.6382475430716,11.3484139355014,11.9680322291211,7.99683651778747
1054,1,NonStim,0,1,3486.16286666667,3487.1269,NaN,0.964000000000397,999.999999796273,3,-1,-1,1,0,0,0,0,NaN,NaN,NaN,NaN,NaN,NaN,NaN,7.97868835954789,6.66403107813258,11.8939266066559,10.6624475266938
1055,1,NonStim,0,1,3489.55466666667,3490.5374,NaN,0.983000000000175,999.999999796273,4,-0.4545,-1,1,0,0,0,0,NaN,NaN,NaN,NaN,NaN,NaN,NaN,10.6382491025331,7.99683693132089,13.2978135559847,7.99683746533018
1056,1,NonStim,0,1,3492.9296,3493.8946,NaN,0.965000000000146,999.999999796273,3,0.4545,1,1,1,0,0,0,NaN,NaN,NaN,NaN,NaN,NaN,NaN,7.9786858331698,5.33120578190236,11.9680324010397,6.66403033133166
1057,1,NonStim,0,1,3496.2716,3497.24533333333,NaN,0.97400000000016,999.999999796273,4,-0.1818,-1,1,0,0,0,0,NaN,NaN,NaN,NaN,NaN,NaN,NaN,7.97868601465789,5.33122518959919,11.9680312886893,6.6640309098492
1058,1,NonStim,0,1,3499.7721,3500.7535,NaN,0.981000000000222,999.999999796273,1,-0.1818,-1,1,1,0,0,0,NaN,NaN,NaN,NaN,NaN,NaN,NaN,7.97868665046808,5.33122075208687,13.2978083089915,7.99683367279803
1059,1,NonStim,0,1,3503.16426666667,3504.12093333333,NaN,0.956000000000131,999.999999796273,3,0.6363,1,1,1,0,0,0,NaN,NaN,NaN,NaN,NaN,NaN,NaN,13.2977915040762,7.99676828598283,17.2871099279892,9.32954339174137
1061,1,NonStim,0,1,3509.87303333333,3510.84643333333,NaN,0.973000000000411,999.999999796273,2,0.4545,1,1,0,0,0,0,NaN,NaN,NaN,NaN,NaN,NaN,NaN,11.9679888450394,6.66403144480688,13.2978118087697,7.99681140715017
1062,1,NonStim,0,1,3513.2406,3514.23343333333,NaN,0.993000000000393,999.999999796273,4,0.1818,1,1,0,1,0,0,NaN,NaN,NaN,NaN,NaN,NaN,NaN,19.9467174876128,10.6624338450558,21.2764980654174,7.99683702746585
1063,1,Stim,1,1,3516.88413333333,3517.84803333333,-0.0540000000000873,0.963999999999942,999.999999796273,4,-0.6363,-1,1,0,0,0,0,NaN,NaN,NaN,NaN,NaN,NaN,NaN,7.97868806575088,6.66403152080525,11.9680283918627,5.33122516453539
1064,1,NonStim,0,1,3520.36623333333,3521.36696666667,NaN,1,999.999999796273,4,1,1,1,0,0,0,0,NaN,NaN,NaN,NaN,NaN,NaN,NaN,10.6382511790816,5.33122468808699,11.9680260815843,7.99683210688804
1065,1,Stim,1,1,3524.0428,3525.0106,-0.0570666666667421,0.968000000000302,999.999999796273,1,0.4545,1,1,0,0,0,0,NaN,NaN,NaN,NaN,NaN,NaN,NaN,7.97868235498412,7.99683461643042,11.8939258619182,5.33122520049068
1066,1,Stim,1,1,3527.46706666667,3528.44283333333,-0.0506000000000313,0.975000000000364,999.999999796273,3,0.6363,1,1,0,0,0,0,NaN,NaN,NaN,NaN,NaN,NaN,NaN,9.30846924695538,5.3312248531529,13.2978141988289,7.99682760054643
1067,1,NonStim,0,1,3530.94343333333,3531.9184,NaN,0.975000000000364,999.999999796273,2,-0.0909,-1,1,0,0,0,0,NaN,NaN,NaN,NaN,NaN,NaN,NaN,7.97868550837639,6.66403112951526,14.6275893498993,9.32963655804498
1070,1,NonStim,0,1,3541.85483333333,3542.85266666667,NaN,0.998000000000047,999.999999796273,1,-1,-1,1,0,0,0,0,NaN,NaN,NaN,NaN,NaN,NaN,NaN,7.97868223827424,5.33122491364197,11.9680251550811,7.99683758220628
1071,1,NonStim,0,1,3545.2539,3546.21963333333,NaN,0.966000000000349,999.999999796273,3,-0.6363,-1,1,2,2,2,2.07039337474045,0.227549299145812,20.8708581377926,16.0000000032596,0.290949236827495,0.118408976614721,22.1450792604618,0.314121225251411,7.97863272946264,5.33122519478462,14.6275169830698,5.33122520762739
1072,1,Stim,1,1,3548.72843333333,3549.7011,-0.0551000000000386,0.973000000000411,999.999999796273,2,0.4545,1,1,0,0,0,0,NaN,NaN,NaN,NaN,NaN,NaN,NaN,10.6382506035412,5.3312251318581,13.2978059259195,7.99683704067647
1073,1,NonStim,0,1,3552.08706666667,3553.05413333333,NaN,0.967000000000098,999.999999796273,1,0.0909,1,1,0,0,0,0,NaN,NaN,NaN,NaN,NaN,NaN,NaN,6.6489068679597,6.66401161692678,11.9680262985574,7.99683673570288
1074,1,NonStim,0,1,3555.689,3556.66306666667,NaN,0.97400000000016,999.999999796273,3,-0.3636,-1,1,0,0,0,0,NaN,NaN,NaN,NaN,NaN,NaN,NaN,11.967967819613,5.33122509602087,11.9680288015243,8.6887692203356
1075,1,NonStim,0,1,3559.06386666667,3560.03843333333,NaN,0.975000000000364,999.999999796273,2,0.3636,1,1,0,1,0,0,NaN,NaN,NaN,NaN,NaN,NaN,NaN,11.9680220544706,6.66402910401692,11.9680319388359,6.66403134293024
1076,1,NonStim,0,1,3562.73906666667,3563.71413333333,NaN,0.975000000000364,999.999999796273,1,-0.3636,-1,1,2,2,2,2.05128205128129,0.357422278617532,30.8258697160988,19.5000000039727,0.0354322434802441,-0.0156714229915012,336.14054277439,0.0387432236219685,9.30846707229493,5.33122430078384,13.297813018298,6.66403144266357
1079,1,NonStim,0,1,3572.60776666667,3573.58133333333,NaN,0.97400000000016,999.999999796273,4,0.3636,1,1,2,2,2,2.05338809034874,0.293162398551254,28.1717094686409,17.0000000034634,0.037789531727546,0.0339486898304732,41.9353279803515,0.0507992347323547,7.97868605962839,5.33122404579407,13.2977359739055,7.99679250671851
1080,1,Stim,1,1,3575.95766666667,3576.93096666667,-0.0533000000000357,0.972999999999956,999.999999796273,4,-0.0909,-1,1,0,0,0,0,NaN,NaN,NaN,NaN,NaN,NaN,NaN,7.97868808999915,5.33122520602806,11.9680284396536,6.66403087727576
1084,1,Stim,1,1,3587.9007,3588.86576666667,-0.0522333333333336,0.965000000000146,999.999999796273,1,0.3636,1,1,0,0,0,0,NaN,NaN,NaN,NaN,NaN,NaN,NaN,9.30846881808145,7.99683770177997,11.9680322573967,5.33122492395232
1085,1,NonStim,0,1,3591.24473333333,3592.21973333333,NaN,0.975000000000364,999.999999796273,1,-0,-1,1,0,0,0,0,NaN,NaN,NaN,NaN,NaN,NaN,NaN,7.97868847901409,7.99683391669143,11.9680317482994,10.6624382725462
1086,1,Stim,1,1,3594.77616666667,3595.74106666667,-0.0571333333336952,0.965000000000146,999.999999796273,1,0.1818,1,1,1,0,0,0,NaN,NaN,NaN,NaN,NaN,NaN,NaN,10.6382514022294,5.33122432213857,14.6275906783359,5.3312251794426
1087,1,NonStim,0,1,3598.10243333333,3599.0587,NaN,0.956000000000131,999.999999796273,2,-0.1818,-1,1,0,0,0,0,NaN,NaN,NaN,NaN,NaN,NaN,NaN,11.9680318085446,9.32963121893142,13.2978139243297,7.99681338476189
1088,1,NonStim,0,1,3601.43533333333,3602.404,NaN,0.969000000000051,999.999999796273,2,-1,-1,1,0,0,0,0,NaN,NaN,NaN,NaN,NaN,NaN,NaN,13.2977940632652,11.9951996574749,11.968032751047,11.9952566664635
1089,1,NonStim,0,1,3604.9192,3605.89406666667,NaN,0.974999999999909,999.999999796273,1,0.4545,1,1,0,0,0,0,NaN,NaN,NaN,NaN,NaN,NaN,NaN,11.9680254775698,7.99683523220505,11.9680282891556,7.99683429749933
1090,1,Stim,1,1,3608.2115,3609.1851,-0.0556000000001404,0.97400000000016,999.999999796273,1,-0.3636,-1,1,1,0,0,0,NaN,NaN,NaN,NaN,NaN,NaN,NaN,7.97868842156169,6.66403075169401,13.2311538507725,7.99682894075724
1091,1,Stim,1,1,3611.6455,3612.6374,-0.0537666666668883,0.992000000000189,999.999999796273,3,-0.1818,-1,1,0,0,0,0,NaN,NaN,NaN,NaN,NaN,NaN,NaN,7.9786836385472,10.662450007302,13.9785156319077,11.9952409453946
1092,1,NonStim,0,1,3615.07116666667,3616.04426666667,NaN,0.972999999999956,999.999999796273,2,0.6363,1,1,0,0,0,0,NaN,NaN,NaN,NaN,NaN,NaN,NaN,17.2871571119487,10.6624502769466,19.9023405219299,11.9952280773078
1093,1,Stim,1,1,3618.4882,3619.4529,-0.0665000000003602,0.964000000000397,999.999999796273,2,-0.0909,-1,1,0,0,0,0,NaN,NaN,NaN,NaN,NaN,NaN,NaN,9.30846995886417,3.99841887815086,13.2977958674599,5.33122515742645
1094,1,NonStim,0,1,3621.80586666667,3622.77903333333,NaN,0.97400000000016,999.999999796273,4,0.3636,1,1,0,0,0,0,NaN,NaN,NaN,NaN,NaN,NaN,NaN,9.30846989940963,11.3484056418813,14.6275899643778,7.99681431183217
1095,1,Stim,1,1,3624.98046666667,3625.95393333333,-0.0544333333336908,0.972999999999956,999.999999796273,3,-0.0909,-1,0,0,1,0,0,NaN,NaN,NaN,NaN,NaN,NaN,NaN,11.9679874478454,6.66402984246603,11.9680301964203,5.33122404793231
1096,1,Stim,1,1,3628.4563,3629.43116666667,-0.0513333333333321,0.975000000000364,999.999999796273,2,-0,-1,1,0,0,0,0,NaN,NaN,NaN,NaN,NaN,NaN,NaN,7.97868846988963,7.99683773562492,13.297811170166,10.6624141362173
1097,1,Stim,1,1,3631.89073333333,3632.8553,-0.0501000000003842,0.965000000000146,999.999999796273,1,0.3636,1,1,0,0,0,0,NaN,NaN,NaN,NaN,NaN,NaN,NaN,19.9466635407424,6.66402583017072,19.9467122459327,6.66400714564858
1098,1,Stim,1,1,3635.23266666667,3636.20623333333,-0.0510333333331801,0.97400000000016,999.999999796273,1,-0.0909,-1,1,0,0,0,0,NaN,NaN,NaN,NaN,NaN,NaN,NaN,9.30846600167345,7.99683694743973,13.2978096358972,9.32962732501357
1099,1,NonStim,0,1,3638.6827,3639.64746666667,NaN,0.965000000000146,999.999999796273,3,0.6363,1,1,0,0,0,0,NaN,NaN,NaN,NaN,NaN,NaN,NaN,7.97868851744674,5.3312234426503,13.2311541530059,10.6623957175272
1100,1,Stim,1,1,3642.0416,3643.0182,-0.0512666666668338,0.977000000000317,999.999999796273,2,0.0909,1,0,1,0,0,0,NaN,NaN,NaN,NaN,NaN,NaN,NaN,11.9680326189566,3.99841890776277,13.2978069336819,9.32964172471721
1101,1,Stim,1,1,3645.4251,3646.3982,-0.0563666666666904,0.973000000000411,999.999999796273,1,-0,-1,0,1,0,0,0,NaN,NaN,NaN,NaN,NaN,NaN,NaN,10.6382510766723,5.33122456120851,14.6275892482225,7.99682799641943
1102,1,NonStim,0,1,3648.79266666667,3649.7652,NaN,0.972999999999956,999.999999796273,2,0.3636,1,0,0,0,0,0,NaN,NaN,NaN,NaN,NaN,NaN,NaN,9.30846981440832,7.99683695919077,13.2978058835876,7.9968174532982
1103,1,Stim,1,1,3652.22636666667,3653.1932,-0.0572000000001935,0.967000000000553,999.999999796273,2,0.6363,1,1,0,0,0,0,NaN,NaN,NaN,NaN,NaN,NaN,NaN,7.97868386870215,5.33120606493385,13.2978085053351,9.32963114078513
1104,1,NonStim,0,1,3655.51816666667,3656.4933,NaN,0.975000000000364,999.999999796273,1,0.6363,1,1,0,0,0,0,NaN,NaN,NaN,NaN,NaN,NaN,NaN,9.30846942628018,5.33122172505657,11.9680326518399,5.33122424234933
1105,1,Stim,1,1,3659.08526666667,3660.06063333333,-0.0672000000004118,0.975000000000364,999.999999796273,3,-0.1818,-1,1,0,0,0,0,NaN,NaN,NaN,NaN,NaN,NaN,NaN,7.97868841735342,7.99676360294631,11.9680327957494,9.32964400826681
1106,1,NonStim,0,1,3662.7272,3663.701,NaN,0.97400000000016,999.999999796273,4,-0,-1,1,0,0,0,0,NaN,NaN,NaN,NaN,NaN,NaN,NaN,7.97868133637186,11.9952414367069,11.9680303126271,7.99679799396904
1107,1,NonStim,0,1,3666.2111,3667.18816666667,NaN,0.977000000000317,999.999999796273,4,0.1818,1,1,0,0,0,0,NaN,NaN,NaN,NaN,NaN,NaN,NaN,10.6382061486651,9.32963653428374,11.9680243094402,7.99682328759498
1108,1,NonStim,0,1,3669.621,3670.60286666667,NaN,0.981999999999971,999.999999796273,4,1,1,1,0,1,0,0,NaN,NaN,NaN,NaN,NaN,NaN,NaN,11.9680272165754,11.9952545384816,13.2978128467611,6.66403012548832
1109,1,NonStim,0,1,3673.03723333333,3674.01833333333,NaN,0.981000000000222,999.999999796273,1,-0.3636,-1,1,0,1,0,0,NaN,NaN,NaN,NaN,NaN,NaN,NaN,9.30846979965755,7.9968333542055,13.2978080175487,6.66402794319443
1111,1,Stim,1,1,3679.73836666667,3680.71376666667,-0.053166666667039,0.975000000000364,999.999999796273,3,0.0909,1,1,0,1,0,0,NaN,NaN,NaN,NaN,NaN,NaN,NaN,6.64890625802785,7.99676257801015,11.9680134071634,9.32964238138559
1112,1,NonStim,0,1,3683.13803333333,3684.1228,NaN,0.983999999999924,999.999999796273,1,0.3636,1,1,1,0,0,0,NaN,NaN,NaN,NaN,NaN,NaN,NaN,7.97868686133418,6.66403070527215,13.2311538904092,6.66403129099084
1114,1,Stim,1,1,3688.348,3689.3235,-0.0529000000001361,0.976000000000113,999.999999796273,2,-0.1818,-1,0,0,0,0,0,NaN,NaN,NaN,NaN,NaN,NaN,NaN,7.97868635560085,13.3280086735959,13.2978094671616,9.32962882254675
1116,1,NonStim,0,1,3694.0813,3695.04216666667,NaN,0.96100000000024,999.999999796273,2,-0.4545,-1,1,0,0,0,0,NaN,NaN,NaN,NaN,NaN,NaN,NaN,11.968014556436,11.9952509545607,11.9680289696912,11.9952491140599
1117,1,NonStim,0,1,3697.42343333333,3698.38036666667,NaN,0.957000000000335,999.999999796273,3,-0.4545,-1,1,0,0,0,0,NaN,NaN,NaN,NaN,NaN,NaN,NaN,7.97868780351937,7.99683770805153,13.2978141559583,7.99683780256221
1119,1,Stim,1,1,3703.1165,3704.106,-0.0484999999998763,0.990000000000236,999.999999796273,2,-1,-1,1,1,1,1,1.01010101010077,0.210500169363294,20.1613059812888,13.0000000026484,0.924372780075829,-0.381490450017929,337.573964840804,1,11.9679752654795,11.9952206196685,11.9680210744403,10.6624480001888
1120,1,Stim,1,1,3706.6834,3707.6667,-0.0548333333331357,0.983000000000175,999.999999796273,1,0.0909,1,1,0,0,0,0,NaN,NaN,NaN,NaN,NaN,NaN,NaN,7.97868772040727,6.66403118531548,13.2978051061285,7.99683140757423
1121,1,Stim,1,1,3710.10096666667,3711.06716666667,-0.0629666666668527,0.967000000000098,999.999999796273,2,-0.3636,-1,1,0,0,0,0,NaN,NaN,NaN,NaN,NaN,NaN,NaN,7.978685671872,7.99683766242569,13.2978108255209,7.99683740126121
1122,1,Stim,1,1,3713.50156666667,3714.46956666667,-0.0692333333336137,0.968000000000302,999.999999796273,2,-0.6363,-1,1,1,1,1,1.03305785123935,0.167761317008,17.0000776993983,14.0000000028522,-0.368611586172077,0.929583508104412,111.630015664273,1,11.9680327875488,7.99682238337823,13.2978095394765,7.99682547397973
1123,1,NonStim,0,1,3716.90956666667,3717.87816666667,NaN,0.969000000000506,999.999999796273,3,-0,-1,1,0,0,0,0,NaN,NaN,NaN,NaN,NaN,NaN,NaN,7.97868675565025,7.99683769554062,13.2978124871065,7.9968369769192
1124,1,NonStim,0,1,3720.41876666667,3721.3991,NaN,0.981000000000222,999.999999796273,2,-1,-1,1,0,0,0,0,NaN,NaN,NaN,NaN,NaN,NaN,NaN,9.30846997065763,9.32964366168521,13.2978094681518,7.99683515351268
1125,1,NonStim,0,1,3723.8271,3724.8125,NaN,0.985000000000127,999.999999796273,4,0.6363,1,1,0,0,0,0,NaN,NaN,NaN,NaN,NaN,NaN,NaN,11.9680311707598,6.66402922647873,13.2978002232758,5.33121624793491
1126,1,NonStim,0,1,3727.18636666667,3728.15996666667,NaN,0.973000000000411,999.999999796273,2,-0.1818,-1,1,0,0,0,0,NaN,NaN,NaN,NaN,NaN,NaN,NaN,7.97868067602299,7.99683781683754,11.9680326935912,11.9952558495669
1127,1,Stim,1,1,3730.80383333333,3731.77673333333,-0.0549000000000888,0.972999999999956,999.999999796273,4,1,1,1,0,0,0,0,NaN,NaN,NaN,NaN,NaN,NaN,NaN,10.6382471642382,7.99683678152769,11.8939264927126,9.3296233069684
1128,1,NonStim,0,1,3734.15303333333,3735.11873333333,NaN,0.965000000000146,999.999999796273,2,-0,-1,1,0,0,0,0,NaN,NaN,NaN,NaN,NaN,NaN,NaN,7.9786880184042,6.66403150866781,11.9680315435242,7.99683003474239
1129,1,Stim,1,1,3737.6048,3738.57763333333,-0.0598333333332448,0.973000000000411,999.999999796273,2,0.4545,1,1,0,0,0,0,NaN,NaN,NaN,NaN,NaN,NaN,NaN,7.97868852921089,5.33122409817714,11.9680328034099,7.99683381690199
1130,1,Stim,1,1,3741.08793333333,3742.0564,-0.0550666666667894,0.969000000000051,999.999999796273,4,-0.0909,-1,1,2,1,1,1.03199174406599,0.210059208784531,22.4631199585192,27.0000000055006,0.0269566091609531,-0.999636604583157,271.544687050171,1,7.97868773187164,3.99838680277314,11.9680309941688,6.66403052617465
1131,1,Stim,1,1,3744.38886666667,3745.34703333333,-0.0671666666671626,0.959000000000287,999.999999796273,2,1,1,1,0,0,0,0,NaN,NaN,NaN,NaN,NaN,NaN,NaN,7.97868778897401,10.6624370686579,13.2978140710138,10.6624377338692
1132,1,NonStim,0,1,3747.88903333333,3748.8459,NaN,0.956000000000131,999.999999796273,2,0.1818,1,1,0,0,0,0,NaN,NaN,NaN,NaN,NaN,NaN,NaN,11.9680311110285,7.99683659948956,11.9680326876559,7.99683781994674
1133,1,NonStim,0,1,3751.14763333333,3752.13216666667,NaN,0.985000000000127,999.999999796273,4,-0.4545,-1,1,0,0,0,0,NaN,NaN,NaN,NaN,NaN,NaN,NaN,7.97868647529641,7.99683708669896,13.2977991079661,10.6624468935011
1134,1,NonStim,0,1,3754.5233,3755.48943333333,NaN,0.966000000000349,999.999999796273,1,0.4545,1,1,0,0,0,0,NaN,NaN,NaN,NaN,NaN,NaN,NaN,7.97868672538767,7.99683476536828,13.2977873469503,6.66403023177509
1135,1,NonStim,0,1,3757.8565,3758.82186666667,NaN,0.965000000000146,999.999999796273,4,0.0909,1,0,0,0,0,0,NaN,NaN,NaN,NaN,NaN,NaN,NaN,10.6382507560022,7.99669327682181,13.2978114611632,10.6621315319507
1136,1,Stim,1,1,3761.50736666667,3762.48093333333,-0.0534666666667363,0.973000000000411,999.999999796273,4,-0.4545,-1,0,0,0,0,0,NaN,NaN,NaN,NaN,NaN,NaN,NaN,11.9680302659076,5.33122488684795,11.968027189144,7.9968038174926
1139,1,NonStim,0,1,3770.2508,3771.20723333333,NaN,0.95699999999988,999.999999796273,3,0.4545,1,1,0,0,0,0,NaN,NaN,NaN,NaN,NaN,NaN,NaN,7.9786884249668,6.66402639961024,13.2978120644719,10.662434235906
1145,1,Stim,1,1,3785.06036666667,3786.0293,-0.0605666666665456,0.969000000000051,999.999999796273,2,-0.4545,-1,1,0,0,0,0,NaN,NaN,NaN,NaN,NaN,NaN,NaN,7.97868845465119,3.99841495281486,11.9680308835422,7.99683325291405
1146,1,NonStim,0,1,3788.5444,3789.52166666667,NaN,0.977000000000317,999.999999796273,1,-0.1818,-1,1,0,0,0,0,NaN,NaN,NaN,NaN,NaN,NaN,NaN,11.9680327947451,6.66401734493339,15.9573410951088,7.99678055549017
1149,1,Stim,1,1,3797.48756666667,3798.46403333333,-0.0621000000001004,0.977000000000317,999.999999796273,3,-1,-1,1,1,0,0,0,NaN,NaN,NaN,NaN,NaN,NaN,NaN,7.97868640730213,7.99682858218628,11.9680294841403,7.99683774187772
1150,1,Stim,1,1,3800.96243333333,3801.94406666667,-0.0548333333335904,0.981999999999971,999.999999796273,1,0.1818,1,0,0,0,0,0,NaN,NaN,NaN,NaN,NaN,NaN,NaN,7.97868842654724,7.9968368667718,11.9680327163496,7.99683648893595
1153,1,NonStim,0,1,3810.0303,3811.00746666667,NaN,0.977000000000317,999.999999796273,2,1,1,1,2,0,0,0,NaN,NaN,NaN,NaN,NaN,NaN,NaN,7.97868791665487,5.33121100137698,11.968032535122,5.33120213653769
1158,1,Stim,1,1,3821.23106666667,3822.20593333333,-0.0529333333333852,0.97400000000016,999.999999796273,1,0.6363,1,1,0,0,0,0,NaN,NaN,NaN,NaN,NaN,NaN,NaN,9.30846384198211,6.66403074104927,10.6382512018989,6.66403127009075
1159,1,NonStim,0,1,3824.4829,3825.44743333333,NaN,0.965000000000146,999.999999796273,2,-0.3636,-1,1,1,0,0,0,NaN,NaN,NaN,NaN,NaN,NaN,NaN,10.6382513779198,5.3312193918482,14.627565334281,7.99683538336906
1160,1,Stim,1,1,3828.09953333333,3829.06436666667,-0.0527333333334354,0.965000000000146,999.999999796273,1,1,1,1,2,0,0,0,NaN,NaN,NaN,NaN,NaN,NaN,NaN,10.6382513358644,5.33122394691666,13.2311538620179,11.9951462980873
1161,1,NonStim,0,1,3831.4588,3832.428,NaN,0.970000000000255,999.999999796273,4,0.4545,1,1,2,0,0,0,NaN,NaN,NaN,NaN,NaN,NaN,NaN,6.64890711305324,5.33122146373548,11.9680319473279,10.0182159149405
1163,1,Stim,1,1,3838.41713333333,3839.39456666667,-0.0666333333333569,0.976999999999862,999.999999796273,2,0.3636,1,0,0,0,0,0,NaN,NaN,NaN,NaN,NaN,NaN,NaN,7.97868748130332,5.33121536435362,11.9680307697545,7.99683023485686
1164,1,Stim,1,1,3841.75146666667,3842.72426666667,-0.0589666666669473,0.973000000000411,999.999999796273,2,0.1818,1,0,0,0,0,0,NaN,NaN,NaN,NaN,NaN,NaN,NaN,9.30845792840489,11.9951849774644,13.2311511952158,5.33122521766109
1165,1,NonStim,0,1,3845.34356666667,3846.3083,NaN,0.965000000000146,999.999999796273,3,-0.1818,-1,0,0,0,0,0,NaN,NaN,NaN,NaN,NaN,NaN,NaN,7.97868842448228,6.66403006377523,11.9680325994912,7.99683716905729
1167,1,Stim,1,1,3850.66966666667,3851.63606666667,-0.0559333333335417,0.967000000000098,999.999999796273,4,0.4545,1,1,0,0,0,0,NaN,NaN,NaN,NaN,NaN,NaN,NaN,7.97868858344211,7.99683549260547,11.9680321147655,6.66402550166243
1168,1,NonStim,0,1,3854.07843333333,3855.05243333333,NaN,0.97400000000016,999.999999796273,3,-0.0909,-1,1,0,0,0,0,NaN,NaN,NaN,NaN,NaN,NaN,NaN,10.638233641685,6.66403136441975,14.6275712811587,7.99683783127049
1169,1,NonStim,0,1,3857.4457,3858.41823333333,NaN,0.973000000000411,999.999999796273,4,-1,-1,1,1,0,0,0,NaN,NaN,NaN,NaN,NaN,NaN,NaN,7.97868739545718,7.99683680548861,13.2978138078076,7.99683378729078
1170,1,NonStim,0,1,3860.6701,3861.64306666667,NaN,0.973000000000411,999.999999796273,2,-0.6363,-1,1,0,1,0,0,NaN,NaN,NaN,NaN,NaN,NaN,NaN,13.2978009309507,6.66400599878009,15.9573752981074,5.33122117876269
1171,1,Stim,1,1,3863.91233333333,3864.87016666667,-0.0645666666664511,0.958000000000084,999.999999796273,3,0.3636,1,1,1,0,0,0,NaN,NaN,NaN,NaN,NaN,NaN,NaN,11.9680301678389,7.99681480860496,11.9680319258887,11.9951787254041
1173,1,Stim,1,1,3868.89623333333,3869.8605,-0.0554333333338946,0.964000000000397,999.999999796273,1,-1,-1,1,0,0,0,0,NaN,NaN,NaN,NaN,NaN,NaN,NaN,7.97868848956255,6.66401538259899,11.9680325135229,7.99683043368499
1174,1,NonStim,0,1,3872.33093333333,3873.30723333333,NaN,0.976999999999862,999.999999796273,4,-0.3636,-1,1,0,0,0,0,NaN,NaN,NaN,NaN,NaN,NaN,NaN,7.97868374627816,6.66401311077609,11.9680320023059,5.33122520750479
1175,1,NonStim,0,1,3875.61496666667,3876.5973,NaN,0.983000000000629,999.999999796273,1,1,1,1,1,0,0,0,NaN,NaN,NaN,NaN,NaN,NaN,NaN,7.97868638389019,3.99841832324824,13.2311470535487,7.99683574211988
1177,1,Stim,1,1,3880.59826666667,3881.56546666667,-0.0632666666670048,0.967000000000098,999.999999796273,3,0.6363,1,1,0,0,0,0,NaN,NaN,NaN,NaN,NaN,NaN,NaN,7.97868810008307,7.99682969804837,11.8939191167427,10.6624441596293
1178,1,NonStim,0,1,3883.8824,3884.85636666667,NaN,0.974000000000615,999.999999796273,1,-0.4545,-1,1,0,0,0,0,NaN,NaN,NaN,NaN,NaN,NaN,NaN,7.97868736727071,10.0182220605787,11.9680297075452,9.32956143920267
1179,1,NonStim,0,1,3887.16583333333,3888.13903333333,NaN,0.97400000000016,999.999999796273,1,-0.6363,-1,1,0,0,0,0,NaN,NaN,NaN,NaN,NaN,NaN,NaN,9.30846415142886,10.6624288566947,14.6275938440548,11.9952546622418
1180,1,NonStim,0,1,3890.6571,3891.626,NaN,0.969000000000506,999.999999796273,2,0.4545,1,1,0,0,0,0,NaN,NaN,NaN,NaN,NaN,NaN,NaN,10.6382510154222,6.66402944505418,11.9680315181605,11.9952539815699
1181,1,Stim,1,1,3894.01686666667,3895.0005,-0.0552666666667392,0.984000000000378,999.999999796273,3,-0.4545,-1,1,0,0,0,0,NaN,NaN,NaN,NaN,NaN,NaN,NaN,10.6382508007245,7.99681747867529,11.9680322713899,11.9952525976338
1182,1,NonStim,0,1,3897.28366666667,3898.24946666667,NaN,0.965999999999894,999.999999796273,3,0.1818,1,0,0,0,0,0,NaN,NaN,NaN,NaN,NaN,NaN,NaN,11.9680207034508,5.33122290456379,13.2977588391466,7.99675198650303
1183,1,Stim,1,1,3900.7676,3901.72626666667,-0.0566999999996369,0.959000000000287,999.999999796273,3,-0.6363,-1,1,1,0,0,0,NaN,NaN,NaN,NaN,NaN,NaN,NaN,11.968023767299,2.66561247337242,13.2978140357272,7.99682100749445
1184,1,Stim,1,1,3904.06843333333,3905.05143333333,-0.0584666666668454,0.983000000000175,999.999999796273,4,-0.3636,-1,1,0,0,0,0,NaN,NaN,NaN,NaN,NaN,NaN,NaN,11.9680311904258,5.33122326125299,13.2978074918964,5.33120243417835
1185,1,Stim,1,1,3907.41833333333,3908.39146666667,-0.0520000000001346,0.973000000000411,999.999999796273,3,0.1818,1,1,0,0,0,0,NaN,NaN,NaN,NaN,NaN,NaN,NaN,11.9680241185483,5.33122404636758,14.5670183450946,7.99683559803378
1186,1,NonStim,0,1,3910.79366666667,3911.77173333333,NaN,0.97800000000052,999.999999796273,4,-0.1818,-1,1,0,0,0,0,NaN,NaN,NaN,NaN,NaN,NaN,NaN,7.97868708258882,5.33122197982029,13.2978099244758,11.9952161800367
1187,1,Stim,1,1,3914.17776666667,3915.1523,-0.0500666666666802,0.975000000000364,999.999999796273,1,-0.1818,-1,0,0,0,0,0,NaN,NaN,NaN,NaN,NaN,NaN,NaN,7.97868761301801,9.32962380638427,11.9680327080284,5.33122520727581
1190,1,Stim,1,1,3922.26243333333,3923.2309,-0.0542000000000371,0.968000000000302,999.999999796273,4,-0,-1,0,0,0,0,0,NaN,NaN,NaN,NaN,NaN,NaN,NaN,10.6382514041054,6.66402593857339,13.2978140860009,6.66402704723082
1191,1,NonStim,0,1,3925.7956,3926.79496666667,NaN,0.999000000000251,999.999999796273,4,-0.6363,-1,1,0,0,0,0,NaN,NaN,NaN,NaN,NaN,NaN,NaN,7.9786874043366,5.33121979770127,13.2978097881817,5.33122280987354
1192,1,Stim,1,1,3929.3389,3930.31306666667,-0.0556333333333896,0.975000000000364,999.999999796273,4,-1,-1,1,0,0,0,0,NaN,NaN,NaN,NaN,NaN,NaN,NaN,9.30846882017764,6.66402410687543,11.968030268327,7.99677931024568
1193,1,Stim,1,1,3932.7461,3933.72476666667,-0.0623666666665486,0.97800000000052,999.999999796273,4,-0.1818,-1,0,0,0,0,0,NaN,NaN,NaN,NaN,NaN,NaN,NaN,9.3084692351379,7.99683741614316,13.1473617487242,7.99683610313791
1195,1,NonStim,0,1,3938.07276666667,3939.05503333333,NaN,0.983000000000175,999.999999796273,3,-1,-1,1,0,0,0,0,NaN,NaN,NaN,NaN,NaN,NaN,NaN,7.97868839178366,6.66401580851068,11.8939259339716,7.99681983621996
1196,1,NonStim,0,1,3941.80603333333,3942.7817,NaN,0.975000000000364,999.999999796273,3,0.3636,1,1,1,0,0,0,NaN,NaN,NaN,NaN,NaN,NaN,NaN,7.97868851438976,7.99683106824741,13.2977928170783,11.995244243215
1200,1,Stim,1,1,3955.35896666667,3956.32293333333,-0.056999999999789,0.964000000000397,999.999999796273,3,-0,-1,0,0,0,0,0,NaN,NaN,NaN,NaN,NaN,NaN,NaN,7.97868850107375,10.6624382477595,11.6687848258959,11.9952530427625
1202,1,Stim,1,1,3961.35996666667,3962.33196666667,-0.0491000000001804,0.972000000000207,999.999999796273,3,0.4545,1,1,0,0,0,0,NaN,NaN,NaN,NaN,NaN,NaN,NaN,7.97868759757384,11.9952530095627,11.9680315916254,7.99683729472364
1203,1,NonStim,0,1,3965.6685,3966.65683333333,NaN,0.988000000000284,999.999999796273,2,0.6363,1,0,0,1,0,0,NaN,NaN,NaN,NaN,NaN,NaN,NaN,11.9680209565466,11.995237644487,14.6275952496087,6.66402080590353
1204,1,NonStim,0,1,3969.0765,3970.05063333333,NaN,0.97400000000016,999.999999796273,1,-1,-1,1,0,0,0,0,NaN,NaN,NaN,NaN,NaN,NaN,NaN,11.9680323308607,11.9951954190287,11.9680318907226,11.9952556117011
1207,1,NonStim,0,1,3975.7199,3976.68813333333,NaN,0.969000000000506,999.999999796273,1,-0,-1,1,0,0,0,0,NaN,NaN,NaN,NaN,NaN,NaN,NaN,9.30846975452042,5.33122207939657,11.9680323940952,7.99682671310266
1208,1,NonStim,0,1,3979.18643333333,3980.16833333333,NaN,0.982000000000426,999.999999796273,1,0.0909,1,1,0,0,0,0,NaN,NaN,NaN,NaN,NaN,NaN,NaN,10.6382513663212,7.99683646093626,11.9680291908692,7.99678411678402
1209,1,Stim,1,1,3982.5202,3983.48523333333,-0.0574333333333925,0.965000000000146,999.999999796273,1,-0.6363,-1,1,0,0,0,0,NaN,NaN,NaN,NaN,NaN,NaN,NaN,11.9680326951297,7.99683748742773,17.287158335528,9.32964017471479
1210,1,Stim,1,1,3985.88003333333,3986.8619,-0.0513666666665813,0.981000000000222,999.999999796273,3,1,1,1,1,1,1,1.01936799184483,0.449871457333421,41.9867635279194,21.0000000042783,0.331068440951381,-0.943606744044373,289.333638333525,1,7.97868857035525,7.99683685810738,13.2978102891029,6.66389760376037
1212,1,Stim,1,1,3992.93143333333,3993.90326666667,-0.0460666666667748,0.972000000000207,999.999999796273,3,-0.3636,-1,0,0,0,0,0,NaN,NaN,NaN,NaN,NaN,NaN,NaN,11.9680318908077,7.99683638891946,11.9680270830479,11.9952200983292
1213,1,Stim,1,1,3998.89786666667,3999.87116666667,-0.0570666666667421,0.97400000000016,999.999999796273,4,0.3636,1,1,0,0,0,0,NaN,NaN,NaN,NaN,NaN,NaN,NaN,6.64890711483283,7.99683614153488,11.9680326117066,7.9968363196239
1214,1,NonStim,0,1,4002.38133333333,4003.35476666667,NaN,0.972999999999956,999.999999796273,3,-0.3636,-1,1,0,0,0,0,NaN,NaN,NaN,NaN,NaN,NaN,NaN,7.97868832940998,7.99683714474113,11.8939255625718,6.66403152562602
1215,1,NonStim,0,1,4005.931,4006.90456666667,NaN,0.97400000000016,999.999999796273,1,-0.0909,-1,1,0,0,0,0,NaN,NaN,NaN,NaN,NaN,NaN,NaN,14.6275954486687,9.32963934892705,19.9466905914708,7.99678097750704
1216,1,Stim,1,1,4009.31583333333,4010.28853333333,-0.0492000000003827,0.973000000000411,999.999999796273,4,0.6363,1,1,0,0,0,0,NaN,NaN,NaN,NaN,NaN,NaN,NaN,9.30846970657942,6.66403150777632,11.9680263802302,7.99682450288789
1217,1,Stim,1,1,4012.84093333333,4013.8168,-0.0550333333335402,0.976000000000113,999.999999796273,1,0.4545,1,1,1,1,1,1.02459016393431,0.154315777557765,20.9113617576327,23.0000000046857,0.993625377214893,-0.11273246983262,353.52714540839,1,10.6382431841597,6.66403148294801,11.9680327977786,6.66402949083237
1218,1,Stim,1,1,4016.1831,4017.14773333333,-0.0582666666668956,0.963999999999942,999.999999796273,1,-0.4545,-1,1,2,0,0,0,NaN,NaN,NaN,NaN,NaN,NaN,NaN,7.97868416229181,5.33122494093449,13.2978134036671,10.6624501368607
1219,1,NonStim,0,1,4019.55886666667,4020.53336666667,NaN,0.974999999999909,999.999999796273,2,-0.0909,-1,1,0,0,0,0,NaN,NaN,NaN,NaN,NaN,NaN,NaN,11.968031895396,6.66399047132877,11.9680324997472,6.66398132334145
1220,1,NonStim,0,1,4023.0352,4023.99203333333,NaN,0.957000000000335,999.999999796273,3,0.0909,1,0,0,0,0,0,NaN,NaN,NaN,NaN,NaN,NaN,NaN,10.63825135866,7.99683382863294,14.5670175041105,11.995155167886
1221,1,Stim,1,1,4026.60156666667,4027.58333333333,-0.0531000000005406,0.982000000000426,999.999999796273,1,-0.3636,-1,1,0,0,0,0,NaN,NaN,NaN,NaN,NaN,NaN,NaN,7.97868646672003,6.03452312276283,13.2978090773117,7.9968116904299
1224,1,Stim,1,1,4033.93516666667,4034.91683333333,-0.0503666666668323,0.981000000000222,999.999999796273,4,0.1818,1,1,0,0,0,0,NaN,NaN,NaN,NaN,NaN,NaN,NaN,7.97868279081639,10.6624461884274,11.9680312319225,7.99683204943099
1225,1,NonStim,0,1,4037.35253333333,4038.33453333333,NaN,0.981999999999971,999.999999796273,3,1,1,1,0,0,0,0,NaN,NaN,NaN,NaN,NaN,NaN,NaN,11.9680209789053,5.33122515758591,12.6853056784779,10.6624421255754
1226,1,Stim,1,1,4041.04443333333,4042.0099,-0.0620000000003529,0.965000000000146,999.999999796273,4,0.0909,1,0,1,1,1,1.03626943005166,0.254521542301965,25.1129673822791,16.0000000032596,0.245707217452137,-0.96934408921287,284.223631922973,1,6.64890612031216,7.99683191099506,13.2978117367598,7.99680573477302
1228,1,NonStim,0,1,4047.5709,4048.53736666667,NaN,0.967000000000098,999.999999796273,3,-0.6363,-1,1,0,0,0,0,NaN,NaN,NaN,NaN,NaN,NaN,NaN,7.97868321326495,14.660867038559,11.9680125561056,9.32957152565083
1229,1,NonStim,0,1,4050.99606666667,4051.9645,NaN,0.968000000000302,999.999999796273,1,0.1818,1,1,0,0,0,0,NaN,NaN,NaN,NaN,NaN,NaN,NaN,13.2978023086605,7.99683306211602,17.2871029121461,7.99683571445274
1230,1,Stim,1,1,4054.3965,4055.3695,-0.0550333333335402,0.973000000000411,999.999999796273,4,-0.6363,-1,1,1,0,0,0,NaN,NaN,NaN,NaN,NaN,NaN,NaN,11.9680163124806,5.33122101704639,13.2978069748635,7.99683586044273
1231,1,NonStim,0,1,4057.78016666667,4058.7532,NaN,0.973000000000411,999.999999796273,2,0.0909,1,0,0,0,0,0,NaN,NaN,NaN,NaN,NaN,NaN,NaN,9.3084699789537,10.6624483300539,11.9680258679008,7.99682849736796
1232,1,NonStim,0,1,4061.1148,4062.09743333333,NaN,0.983000000000629,999.999999796273,4,-0.0909,-1,1,2,2,2,2.03458799592952,0.379555842848829,30.6343097769855,20.0000000040745,-0.0798590646280052,-0.0780534987471464,224.344910914634,0.111668343186109,10.6382513906034,10.6624307612741,13.2978050198553,13.3276919963684
1233,1,NonStim,0,1,4064.39783333333,4065.37466666667,NaN,0.976999999999862,999.999999796273,2,-0.4545,-1,1,0,0,0,0,NaN,NaN,NaN,NaN,NaN,NaN,NaN,10.6382504618963,6.66401889564252,11.968030140753,5.33121426110183
1234,1,NonStim,0,1,4067.87386666667,4068.8295,NaN,0.956000000000586,999.999999796273,3,-0.0909,-1,1,0,0,0,0,NaN,NaN,NaN,NaN,NaN,NaN,NaN,9.30846994517537,6.66401437334253,11.9680326347041,6.66401661027547
1236,1,NonStim,0,1,4073.07506666667,4074.03876666667,NaN,0.963000000000193,999.999999796273,4,-0.0909,-1,1,0,0,0,0,NaN,NaN,NaN,NaN,NaN,NaN,NaN,7.97868458125615,5.33122366560436,11.9680322932816,7.99683230165839
1237,1,Stim,1,1,4076.3996,4077.37423333333,-0.0524666666669873,0.974999999999909,999.999999796273,2,-0.3636,-1,1,0,0,0,0,NaN,NaN,NaN,NaN,NaN,NaN,NaN,7.97868314468014,6.6640198372678,13.2978046620412,5.33122518044024
1238,1,NonStim,0,1,4079.8583,4080.81836666667,NaN,0.960000000000491,999.999999796273,3,-0.1818,-1,0,0,0,0,0,NaN,NaN,NaN,NaN,NaN,NaN,NaN,7.97868708271769,5.33122520710813,11.6687751862697,6.66403142341969
1240,1,Stim,1,1,4084.92556666667,4085.8921,-0.0576666666665915,0.967000000000098,999.999999796273,4,0.1818,1,0,0,0,0,0,NaN,NaN,NaN,NaN,NaN,NaN,NaN,10.6382434777855,5.33122196629664,13.2978120746002,7.99683772676858
1242,1,NonStim,0,1,4090.02626666667,4091.0108,NaN,0.984000000000378,999.999999796273,1,-0.1818,-1,1,0,0,0,0,NaN,NaN,NaN,NaN,NaN,NaN,NaN,9.30846561095181,7.99682975389997,11.8939273665085,11.9952044572784
1243,1,Stim,1,1,4093.60276666667,4094.5686,-0.0615333333335002,0.966000000000349,999.999999796273,2,0.1818,1,1,5,1,1,1.03519668737023,0.16413466819313,16.2682341717854,15.0000000030559,0.514830109126665,-0.857292224819884,300.986099920779,1,11.9680302918947,1.33280593627554,11.9680327726851,5.33122073733629
1244,1,NonStim,0,1,4096.97743333333,4097.93476666667,NaN,0.957000000000335,999.999999796273,3,-0.4545,-1,1,0,0,0,0,NaN,NaN,NaN,NaN,NaN,NaN,NaN,7.97868536042336,6.66402049630525,13.2978136196325,7.99683597846112
1245,1,NonStim,0,1,4100.54473333333,4101.52136666667,NaN,0.976999999999862,999.999999796273,4,-0.4545,-1,1,0,0,0,0,NaN,NaN,NaN,NaN,NaN,NaN,NaN,7.9786884405985,6.66403028091906,11.9680326530745,7.99681082212438
