TrialIndex,TrialType,IsStim,Condition,SignedCoherence,ElectricalStimOnRelVisualS,EventNumberInTrial,DetectionSource,OnsetRelVisualStimS,OffsetRelVisualStimS,OnsetRelElectricalStimS,DurationMs,LeftAmplitudeDeg,RightAmplitudeDeg,MeanAmplitudeDeg,LeftPeakVelocityDegS,RightPeakVelocityDegS,PeakVelocityDegS,MeanDXDeg,MeanDYDeg,DirectionDeg,InterocularOnsetLagMs,InterocularDirectionDiffDeg
5,NonStim,0,4,0.6363,NaN,1,Left,0.0762666666666689,0.084266666666668,NaN,9.000000000011,0.0810663854277476,NaN,0.0810663854277476,12.2675383318101,NaN,12.2675383318101,0.0132978129200086,0.0799682875761672,80.5587564194518,NaN,NaN
5,NonStim,0,4,0.6363,NaN,2,Left,0.107266666666668,0.11226666666667,NaN,6.00000000000733,0.0480214805937287,NaN,0.0480214805937287,11.0976508946185,NaN,11.0976508946185,0.026595628146506,-0.0399841863979579,303.630010439824,NaN,NaN
5,NonStim,0,4,0.6363,NaN,3,Left,0.19326666666667,0.19926666666667,NaN,7.00000000000855,0.0405332294309225,NaN,0.0405332294309225,9.41367506082186,NaN,9.41367506082186,-0.00664890710288432,0.0399841809024146,99.441235871158,NaN,NaN
5,NonStim,0,4,0.6363,NaN,4,Right,0.42026666666667,0.425266666666669,NaN,6.00000000000733,NaN,0.0613802921733401,0.0613802921733401,NaN,14.4579997031506,14.4579997031506,-0.039893433331351,-0.0466481965816648,229.463012317035,NaN,NaN
6,NonStim,0,4,0.4545,NaN,1,Right,0.106366666666666,0.111366666666669,NaN,6.00000000000733,NaN,0.0533121967454538,0.0533121967454538,NaN,12.2173806143128,12.2173806143128,0,-0.0533121967454538,270,NaN,NaN
6,NonStim,0,4,0.4545,NaN,2,Right,0.701366666666669,0.706366666666668,NaN,6.00000000000733,NaN,0.051999328765709,0.051999328765709,NaN,11.0976426325515,11.0976426325515,0.0332445188734891,-0.0399841488211831,309.741573643128,NaN,NaN
6,NonStim,0,4,0.4545,NaN,3,Left,0.912366666666667,0.921366666666668,NaN,10.0000000000122,0.0745007190587304,NaN,0.0745007190587304,11.1618610729296,NaN,11.1618610729296,-0.0132978109548733,0.0733043338696719,100.281957742289,NaN,NaN
6,NonStim,0,4,0.4545,NaN,4,Left,0.965366666666668,0.971366666666668,NaN,7.00000000000855,0.0421374015642092,NaN,0.0421374015642092,9.15759155398836,NaN,9.15759155398836,0.0132978133179494,0.0399841064867578,71.6040365707043,NaN,NaN
7,NonStim,0,4,1,NaN,1,Left,0.496200000000002,0.508200000000002,NaN,13.0000000000159,0.101658628889837,NaN,0.101658628889837,12.9309359872721,NaN,12.9309359872721,0.0531912442958366,-0.0866323747684564,301.549428457967,NaN,NaN
9,NonStim,0,4,-0.6363,NaN,1,Left,0.499266666666664,0.506266666666669,NaN,7.99999999998136,0.0666403056099902,NaN,0.0666403056099902,11.1618634795047,NaN,11.1618634795047,0,-0.0666403056099902,270,NaN,NaN
13,NonStim,0,2,1,NaN,1,Merged,0.0732333333333202,0.0782333333333298,NaN,6.00000000002865,0.0446833995041804,0.0470683509995787,0.0458758752518795,10.4713810078917,9.41367032526134,10.4713810078917,-0.0265956194472563,0.0366521587297357,125.965471444825,0,18.4218914729017
13,NonStim,0,2,1,NaN,2,Right,0.233233333333317,0.238233333333326,NaN,6.00000000002865,NaN,0.0358756515438637,0.0358756515438637,NaN,7.02290878339649,7.02290878339649,0.0132978120139912,-0.0333201225888694,291.756572863399,NaN,NaN
14,Stim,1,2,-0.0909,-0.0648333333333397,1,Left,0.780499999999989,0.78649999999999,0.845333333333329,7.00000000003342,0.0399841870097326,NaN,0.0399841870097326,8.00357973565042,NaN,8.00357973565042,-4.5102810375397e-17,-0.0399841870097326,270,NaN,NaN
14,Stim,1,2,-0.0909,-0.0648333333333397,2,Left,0.882499999999993,0.887499999999989,0.947333333333333,6.00000000002865,0.0480214651909881,NaN,0.0480214651909881,11.0976468800657,NaN,11.0976468800657,0.0265956281617761,-0.039984167888926,303.630022685534,NaN,NaN
18,Stim,1,3,-0.6363,-0.0568666666666644,1,Left,0.165866666666659,0.178866666666664,0.222733333333323,14.0000000000668,0.0426328515830976,NaN,0.0426328515830976,8.95420813984236,NaN,8.95420813984236,0.0265956275542169,0.0333201534976027,51.4036776994219,NaN,NaN
18,Stim,1,3,-0.6363,-0.0568666666666644,2,Left,0.792866666666669,0.798866666666669,0.849733333333333,7.00000000003342,0.0778440752104974,NaN,0.0778440752104974,14.4108020940955,NaN,14.4108020940955,0.0731379087449027,0.0266560752887567,20.0249362096466,NaN,NaN
18,Stim,1,3,-0.6363,-0.0568666666666644,3,Left,0.80286666666666,0.810866666666669,0.859733333333324,9.00000000004297,0.0684913529724264,NaN,0.0684913529724264,12.5515465106939,NaN,12.5515465106939,-0.0598401098410346,-0.0333200643187616,209.109857864468,NaN,NaN
24,NonStim,0,1,1,NaN,1,Right,0.468433333333309,0.479433333333304,NaN,12.0000000000573,NaN,0.143502627998874,0.143502627998874,NaN,14.4338683636648,14.4338683636648,-0.0531912395455477,0.133280517249114,111.756565727431,NaN,NaN
24,NonStim,0,1,1,NaN,2,Right,0.483433333333323,0.489433333333324,NaN,7.00000000003342,NaN,0.0745006249022453,0.0745006249022453,NaN,13.7363967952723,13.7363967952723,0.0132978069065767,-0.0733042389108601,280.281967714085,NaN,NaN
25,Stim,1,3,-1,-0.0507333333333122,1,Left,0.640833333333347,0.646833333333348,0.69156666666666,7.00000000003342,0.0421374241999983,NaN,0.0421374241999983,8.66654904727363,NaN,8.66654904727363,-0.0132978138956775,0.0399841301494297,108.395954020856,NaN,NaN
27,Stim,1,1,0.3636,-0.0557333333333645,1,Right,0.269266666666653,0.275266666666653,0.325000000000017,7.00000000003342,NaN,0.0399841466955211,0.0399841466955211,NaN,7.447232197524,7.447232197524,0,-0.0399841466955211,270,NaN,NaN
27,Stim,1,1,0.3636,-0.0557333333333645,2,Left,0.619266666666647,0.626266666666652,0.675000000000011,8.0000000000382,0.06589566337044,NaN,0.06589566337044,11.0905838229296,NaN,11.0905838229296,0.0465423424125711,-0.0466481383742302,314.934954091477,NaN,NaN
28,NonStim,0,1,-0,NaN,1,Left,0.329933333333315,0.334933333333311,NaN,6.00000000002865,0.0446833904333267,NaN,0.0446833904333267,10.4713795458552,NaN,10.4713795458552,-0.0199467120606752,0.0399841726009883,116.513011939017,NaN,NaN
29,NonStim,0,3,-0.6363,NaN,1,Left,0.09699999999998,0.101999999999975,NaN,6.00000000002865,0.0446833970182996,NaN,0.0446833970182996,9.54703931535506,NaN,9.54703931535506,0.0199467212825528,-0.0399841753593986,296.513020941366,NaN,NaN
32,NonStim,0,1,0.6363,NaN,1,Merged,0.313666666666649,0.324666666666644,NaN,12.0000000000573,0.0866033368764161,0.101467766487011,0.0940355516817133,9.41367358363405,12.4167862005571,12.4167862005571,-0.0365689820242727,-0.0866323906976815,247.114577995687,-1.00000000000477,0.577803334188843
32,NonStim,0,1,0.6363,NaN,2,Right,0.757666666666637,0.763666666666637,NaN,7.00000000003342,NaN,0.0446833902739218,0.0446833902739218,NaN,8.66655720208017,8.66655720208017,0.0199467211229764,-0.0399841679019812,296.513025026914,NaN,NaN
34,NonStim,0,2,-0.1818,NaN,1,Left,0.11809999999997,0.123099999999994,NaN,6.00000000002865,0.0405332355722652,NaN,0.0405332355722652,9.15761363206907,NaN,9.15761363206907,-0.00664890657101224,-0.0399841872165322,260.55876633456,NaN,NaN
35,Stim,1,1,0.1818,-0.056366666666662,1,Right,0.41913333333332,0.426133333333325,0.475499999999982,8.0000000000382,NaN,0.10834882116902,0.10834882116902,NaN,17.326019689252,17.326019689252,0.0797868521268866,-0.073304333271633,317.424693617073,NaN,NaN
36,Stim,1,2,-0.4545,-0.0533333333333417,1,Merged,0.221266666666651,0.228266666666656,0.274599999999992,8.0000000000382,0.107626956976714,0.0960429004928586,0.101834928734786,16.9112875787028,16.6464650574815,16.9112875787028,0.0465423213111715,-0.0899643486855664,297.354416470442,-1.00000000000477,11.8734550811229
37,Stim,1,1,0.0909,-0.0645666666666784,1,Left,0.0357999999999663,0.0437999999999761,0.100366666666645,9.00000000004297,0.0426115934459672,NaN,0.0426115934459672,8.9542091414287,NaN,8.9542091414287,-0.0332445343359277,-0.0266561218633117,218.723324987857,NaN,NaN
39,NonStim,0,4,0.0909,NaN,1,Left,0.408166666666688,0.414166666666659,NaN,7.00000000003342,0.056921526496853,NaN,0.056921526496853,11.1618464993726,NaN,11.1618464993726,-0.0199467204192512,0.053312179877099,110.513306295574,NaN,NaN
39,NonStim,0,4,0.0909,NaN,2,Left,0.68216666666666,0.687166666666684,NaN,6.00000000002865,0.0471196786457881,NaN,0.0471196786457881,11.1067187903642,NaN,11.1067187903642,-0.00664890586507848,0.0466482171843648,98.1118955646474,NaN,NaN
40,Stim,1,2,-0.6363,-0.0504999999999995,1,Right,0.662666666666667,0.670666666666648,0.713166666666666,9.00000000004297,NaN,0.086603291402301,0.086603291402301,NaN,13.909428654905,13.909428654905,0.033244519869299,-0.07996831860413,292.573688346257,NaN,NaN
41,NonStim,0,1,0.0909,NaN,1,Left,0.0302333333333422,0.0362333333333424,NaN,7.00000000003342,0.0536971342618749,NaN,0.0536971342618749,10.4713806338084,NaN,10.4713806338084,-0.0265956271197715,0.0466482030312411,119.688842522629,NaN,NaN
42,NonStim,0,3,-0.0909,NaN,1,Left,0.381399999999985,0.386399999999981,NaN,6.00000000002865,0.0507338816004636,NaN,0.0507338816004636,11.5935824255988,NaN,11.5935824255988,0.0199467032892357,-0.0466482129361999,293.151476578,NaN,NaN
42,NonStim,0,3,-0.0909,NaN,2,Right,0.431399999999996,0.436399999999992,NaN,6.00000000002865,NaN,0.0569215838252675,0.0569215838252675,NaN,13.415087730467,13.415087730467,0.019946719014776,-0.0533122416122463,290.513283195759,NaN,NaN
43,NonStim,0,1,0.1818,NaN,1,Left,0.235666666666674,0.241666666666674,NaN,7.00000000003342,0.0332445345301522,NaN,0.0332445345301522,8.66656016247766,NaN,8.66656016247766,-0.0332445345301522,0,180,NaN,NaN
43,NonStim,0,1,0.1818,NaN,2,Left,0.606666666666683,0.611666666666679,NaN,6.00000000002865,0.0358166906793461,NaN,0.0358166906793461,8.66656059941255,NaN,8.66656059941255,-0.0332445193938275,-0.013328062931026,201.846346879362,NaN,NaN
44,Stim,1,4,0.0909,-0.0491666666666504,1,Left,0.363533333333351,0.370533333333356,0.412700000000001,8.0000000000382,0.0569215644555064,NaN,0.0569215644555064,9.48692711223394,NaN,9.48692711223394,0.0199467211590565,-0.0533122201288337,290.513292795083,NaN,NaN
45,Stim,1,3,-0.3636,-0.0595333333333485,1,Right,0.581500000000005,0.595499999999987,0.641033333333354,15.0000000000716,NaN,0.139944503577696,0.139944503577696,NaN,12.4120576598573,12.4120576598573,0,-0.139944503577696,270,NaN,NaN
46,Stim,1,2,-1,-0.0520333333333554,1,Right,0.738033333333306,0.743033333333329,0.790066666666661,6.00000000002865,NaN,0.0519993241452334,0.0519993241452334,NaN,11.0976433499823,11.0976433499823,-0.0332444707111744,0.0399841828564111,129.741508861326,NaN,NaN
46,Stim,1,2,-1,-0.0520333333333554,2,Left,0.787033333333312,0.792033333333308,0.839066666666668,6.00000000002865,0.0358756746848017,NaN,0.0358756746848017,8.00357822868831,NaN,8.00357822868831,-0.0132978128302382,0.0333201471788717,111.756559517487,NaN,NaN
46,Stim,1,2,-1,-0.0520333333333554,3,Left,0.934033333333332,0.941033333333309,0.986066666666687,8.0000000000382,0.0333201555763427,NaN,0.0333201555763427,7.84472934330196,NaN,7.84472934330196,0,0.0333201555763427,90,NaN,NaN
47,NonStim,0,3,0.0909,NaN,1,Left,0.0435333333333006,0.048533333333296,NaN,6.00000000002865,0.0358756728003347,NaN,0.0358756728003347,8.66655811640054,NaN,8.66655811640054,0.0132978123650947,-0.0333201453355085,291.756559918762,NaN,NaN
47,NonStim,0,3,0.0909,NaN,2,Left,0.615533333333303,0.620533333333299,NaN,6.00000000002865,0.0358166971089233,NaN,0.0358166971089233,8.66655595473616,NaN,8.66655595473616,0.0332445314753657,0.0133280500740269,21.8463205972711,NaN,NaN
48,Stim,1,4,-1,-0.0570000000000164,1,Right,0.882233333333318,0.887233333333313,0.939233333333334,6.00000000002865,NaN,0.0446834014820196,0.0446834014820196,NaN,11.0976492084036,11.0976492084036,-0.0199467184387692,0.0399841817663913,116.513014011002,NaN,NaN
50,NonStim,0,2,-0.6363,NaN,1,Right,0.540866666666659,0.545866666666655,NaN,6.00000000002865,NaN,0.0867479538446688,0.0867479538446688,NaN,18.4555773947162,18.4555773947162,0.0731379304398665,-0.0466481578115369,327.469831734519,NaN,NaN
51,NonStim,0,2,0.6363,NaN,1,Left,0.00839999999999463,0.0153999999999996,NaN,8.0000000000382,0.0333201458486189,NaN,0.0333201458486189,7.84472821749109,NaN,7.84472821749109,0,0.0333201458486189,90,NaN,NaN
51,NonStim,0,2,0.6363,NaN,2,Left,0.0213999999999999,0.0433999999999912,NaN,23.0000000001098,0.0210304749954184,NaN,0.0210304749954184,7.02291080007375,NaN,7.02291080007375,-0.0199467195243476,-0.00666402721707591,198.474029942193,NaN,NaN
51,NonStim,0,2,0.6363,NaN,3,Left,0.0454000000000008,0.0553999999999917,NaN,11.0000000000525,0.0297889321748032,NaN,0.0297889321748032,7.44723229796168,NaN,7.44723229796168,0.0132978125876451,-0.026656118631543,296.513016705008,NaN,NaN
51,NonStim,0,2,0.6363,NaN,4,Left,0.107400000000013,0.118400000000008,NaN,12.0000000000573,0.0388343105201444,NaN,0.0388343105201444,6.47238590924373,NaN,6.47238590924373,-0.0199467178804374,0.0333201458486189,120.906357723568,NaN,NaN
51,NonStim,0,2,0.6363,NaN,5,Left,0.180399999999992,0.189400000000006,NaN,10.0000000000477,0.0132978096794646,NaN,0.0132978096794646,6.74103197250865,NaN,6.74103197250865,-0.0132978096794646,0,180,NaN,NaN
51,NonStim,0,2,0.6363,NaN,6,Left,0.196400000000011,0.219400000000007,NaN,24.0000000001146,0.0358756412391894,NaN,0.0358756412391894,9.41366719878855,NaN,9.41366719878855,0.0132978096794646,0.0333201124255571,68.2434245829835,NaN,NaN
51,NonStim,0,2,0.6363,NaN,7,Left,0.221399999999988,0.228399999999993,NaN,8.0000000000382,0.0333201124255571,NaN,0.0333201124255571,6.66402345403909,NaN,6.66402345403909,0,-0.0333201124255571,270,NaN,NaN
51,NonStim,0,2,0.6363,NaN,8,Left,0.242400000000004,0.260400000000004,NaN,19.0000000000907,0.0199467129809421,NaN,0.0199467129809421,6.6640296879039,NaN,6.6640296879039,0.0199467129809421,0,0,NaN,NaN
51,NonStim,0,2,0.6363,NaN,9,Left,0.299399999999991,0.310399999999987,NaN,12.0000000000573,0.00664890529279238,NaN,0.00664890529279238,9.41367303852622,NaN,9.41367303852622,0.00664890529279238,0,0,NaN,NaN
51,NonStim,0,2,0.6363,NaN,10,Left,0.312399999999997,0.319400000000002,NaN,8.0000000000382,0.0333201458486189,NaN,0.0333201458486189,6.6640296879039,NaN,6.6640296879039,0,-0.0333201458486189,270,NaN,NaN
51,NonStim,0,2,0.6363,NaN,11,Left,0.322399999999988,0.329399999999993,NaN,8.0000000000382,0.0388343122254454,NaN,0.0388343122254454,7.84472861211297,NaN,7.84472861211297,0.0199467212004916,0.0333201458486189,59.0936380735863,NaN,NaN
51,NonStim,0,2,0.6363,NaN,12,Left,0.340399999999988,0.347399999999993,NaN,8.0000000000382,0.0339770521180674,NaN,0.0339770521180674,6.6640296879039,NaN,6.6640296879039,-0.00664890601983747,-0.0333201458486189,258.715074580254,NaN,NaN
51,NonStim,0,2,0.6363,NaN,13,Left,0.360399999999998,0.368400000000008,NaN,9.00000000004297,0.0388343080035852,NaN,0.0388343080035852,8.66300768525018,NaN,8.66300768525018,0.0199467129809421,0.0333201458486189,59.0936484786886,NaN,NaN
51,NonStim,0,2,0.6363,NaN,14,Left,0.370399999999989,0.37639999999999,NaN,7.00000000003342,0.0388343113645167,NaN,0.0388343113645167,7.8447282174911,NaN,7.8447282174911,0.0199467195243476,-0.0333201458486189,300.906359804588,NaN,NaN
51,NonStim,0,2,0.6363,NaN,15,Left,0.403400000000005,0.41040000000001,NaN,8.0000000000382,0.0358756739063302,NaN,0.0358756739063302,7.84472735745078,NaN,7.84472735745078,-0.0132978140632248,0.0333201458486189,111.756562133853,NaN,NaN
51,NonStim,0,2,0.6363,NaN,16,Left,0.427400000000006,0.434400000000011,NaN,8.0000000000382,0.0333201458486189,NaN,0.0333201458486189,6.6640296879039,NaN,6.6640296879039,0,-0.0333201458486189,270,NaN,NaN
51,NonStim,0,2,0.6363,NaN,17,Left,0.456400000000002,0.464400000000012,NaN,9.00000000004297,0.0332929424840007,NaN,0.0332929424840007,9.41367161180104,NaN,9.41367161180104,-0.0199467129809421,0.026656118631543,126.807425465377,NaN,NaN
51,NonStim,0,2,0.6363,NaN,18,Left,0.486400000000003,0.493400000000008,NaN,8.0000000000382,0.0484130785556723,NaN,0.0484130785556723,8.86520582736532,NaN,8.86520582736532,-0.0465423352194014,-0.0133280609078201,195.979819603123,NaN,NaN
51,NonStim,0,2,0.6363,NaN,19,Left,0.495399999999989,0.508399999999995,NaN,14.0000000000668,0,NaN,0,5.55335952599541,NaN,5.55335952599541,0,0,0,NaN,NaN
51,NonStim,0,2,0.6363,NaN,20,Left,0.5154,0.520399999999995,NaN,6.00000000002865,0.0274728342982748,NaN,0.0274728342982748,7.02291078236638,NaN,7.02291078236638,-0.00664890696893604,0.026656118631543,104.005646123417,NaN,NaN
51,NonStim,0,2,0.6363,NaN,21,Left,0.522400000000005,0.537399999999991,NaN,16.0000000000764,0.0297889326224637,NaN,0.0297889326224637,7.44723240241581,NaN,7.44723240241581,0.0132978135904662,-0.026656118631543,296.513018430977,NaN,NaN
51,NonStim,0,2,0.6363,NaN,22,Left,0.549399999999991,0.571400000000011,NaN,23.0000000001098,0.0470683667250501,NaN,0.0470683667250501,9.41367488797299,NaN,9.41367488797299,0.0332445337881367,0.0333201458486189,45.0650833160506,NaN,NaN
51,NonStim,0,2,0.6363,NaN,23,Left,0.577400000000011,0.584399999999988,NaN,8.0000000000382,0.0333201458486189,NaN,0.0333201458486189,6.6640296879039,NaN,6.6640296879039,0,-0.0333201458486189,270,NaN,NaN
51,NonStim,0,2,0.6363,NaN,24,Left,0.683400000000006,0.690400000000011,NaN,8.0000000000382,0.0339770523037948,NaN,0.0339770523037948,7.02291078236638,NaN,7.02291078236638,-0.00664890696893604,0.0333201458486189,101.284926989275,NaN,NaN
51,NonStim,0,2,0.6363,NaN,25,Left,0.698399999999992,0.704399999999993,NaN,7.00000000003342,0.0339770523037948,NaN,0.0339770523037948,6.75553777859047,NaN,6.75553777859047,0.00664890696893604,-0.0333201458486189,281.284926989275,NaN,NaN
51,NonStim,0,2,0.6363,NaN,26,Left,0.706400000000002,0.712400000000002,NaN,7.00000000003342,0.0519780601293595,NaN,0.0519780601293595,11.0905913372251,NaN,11.0905913372251,-0.0398934407570728,0.0333201458486189,140.130399564064,NaN,NaN
51,NonStim,0,2,0.6363,NaN,27,Left,0.733399999999989,0.740399999999994,NaN,8.0000000000382,0.0470683400922384,NaN,0.0470683400922384,9.41366853949068,NaN,9.41366853949068,-0.03324452957987,0.0333201124255571,134.934941793874,NaN,NaN
51,NonStim,0,2,0.6363,NaN,28,Left,0.745399999999989,0.760400000000004,NaN,16.0000000000764,0,NaN,0,8.00357210245542,NaN,8.00357210245542,0,0,0,NaN,NaN
51,NonStim,0,2,0.6363,NaN,29,Left,0.766400000000004,0.773400000000009,NaN,8.0000000000382,0.0426328163990486,NaN,0.0426328163990486,8.00357313603373,NaN,8.00357313603373,0.026595622610934,-0.0333201124255571,308.596351542579,NaN,NaN
51,NonStim,0,2,0.6363,NaN,30,Left,0.776399999999995,0.788399999999996,NaN,13.0000000000621,0.0470683400922384,NaN,0.0470683400922384,7.02290549527462,NaN,7.02290549527462,-0.03324452957987,0.0333201124255571,134.934941793874,NaN,NaN
51,NonStim,0,2,0.6363,NaN,31,Left,0.790400000000005,0.798399999999987,NaN,9.00000000004297,0.0333201124255571,NaN,0.0333201124255571,5.55335247401889,NaN,5.55335247401889,0,-0.0333201124255571,270,NaN,NaN
51,NonStim,0,2,0.6363,NaN,32,Left,0.805399999999992,0.825400000000002,NaN,21.0000000001003,0.0339770190447387,NaN,0.0339770190447387,9.41366093560505,NaN,9.41366093560505,0.00664890450486184,0.0333201124255571,78.7150660562765,NaN,NaN
51,NonStim,0,2,0.6363,NaN,33,Left,0.885400000000004,0.892400000000009,NaN,8.0000000000382,0.0388342339443674,NaN,0.0388342339443674,8.66654677044005,NaN,8.66654677044005,-0.0199467181060721,0.0333200564651795,120.906425745394,NaN,NaN
51,NonStim,0,2,0.6363,NaN,34,Left,0.899399999999986,0.914400000000001,NaN,16.0000000000764,0.019946720727733,NaN,0.019946720727733,7.02289552437414,NaN,7.02289552437414,-0.019946720727733,0,180,NaN,NaN
51,NonStim,0,2,0.6363,NaN,35,Left,0.941399999999987,0.953399999999988,NaN,13.0000000000621,0.03324452957987,NaN,0.03324452957987,9.41365014088424,NaN,9.41365014088424,0.03324452957987,0,0,NaN,NaN
52,Stim,1,1,-0.6363,-0.0529666666666628,1,Right,0.165233333333333,0.170233333333329,0.218199999999996,6.00000000002865,NaN,0.0426327812320765,0.0426327812320765,NaN,9.41366459993749,9.41366459993749,-0.0265956270103096,0.0333200639181647,128.596396831562,NaN,NaN
52,Stim,1,1,-0.6363,-0.0529666666666628,2,Merged,0.184233333333339,0.197233333333315,0.237200000000001,14.0000000000668,0.08427477842679,0.0970128691124157,0.0906438237696028,11.0905835527296,14.4108007856254,14.4108007856254,-0.0265956109392331,-0.0866321674723524,252.933794518778,-6.00000000002865,2.48487762667463
52,Stim,1,1,-0.6363,-0.0529666666666628,3,Merged,0.199233333333325,0.210233333333321,0.252199999999988,12.0000000000573,0.0895429000715556,0.0989660268794152,0.0942544634754854,16.8848083560468,15.5141156305872,16.8848083560468,-0.0664890451391952,0.0666400882326069,134.934994483592,2.00000000000955,5.73910257746442
52,Stim,1,1,-0.6363,-0.0529666666666628,4,Left,0.245233333333317,0.251233333333317,0.29819999999998,7.00000000003342,0.0480214383908452,NaN,0.0480214383908452,9.41366571865585,NaN,9.41366571865585,-0.0265956109705891,0.0399841471364192,123.630019320194,NaN,NaN
53,Stim,1,4,0.3636,-0.0573666666666668,1,Right,0.392500000000013,0.398500000000013,0.449866666666679,7.00000000003342,NaN,0.0480214787586382,0.0480214787586382,NaN,10.2300506735668,10.2300506735668,0.0265956281653863,-0.0399841841814342,303.630011923231,NaN,NaN
53,Stim,1,4,0.3636,-0.0573666666666668,2,Merged,0.920500000000004,0.932500000000005,0.977866666666671,13.0000000000621,0.138459497989107,0.181572986301398,0.160016242145252,15.9931761750184,22.4533589028272,22.4533589028272,-0.136302254325974,0.0833003643344263,148.569044212204,-1.00000000000477,6.78138814932964
54,NonStim,0,2,0.4545,NaN,1,Right,0.492566666666676,0.503566666666671,NaN,12.0000000000573,NaN,0.11777568119042,0.11777568119042,NaN,13.8923342578671,13.8923342578671,0.0797868567089523,-0.0866323760286679,312.644512782708,NaN,NaN
54,NonStim,0,2,0.4545,NaN,2,Right,0.655566666666687,0.660566666666682,NaN,6.00000000002865,NaN,0.0519993513351597,0.0519993513351597,NaN,11.0976479060812,11.0976479060812,-0.0332445262103924,0.0399841720725077,129.741563480089,NaN,NaN
57,Stim,1,4,-0.1818,-0.0501999999999896,1,Right,0.887400000000014,0.893400000000014,0.937600000000003,7.00000000003342,NaN,0.061380288772834,0.061380288772834,NaN,12.9309305642477,12.9309305642477,0.0398934097645747,-0.0466482122614814,310.536961451596,NaN,NaN
59,NonStim,0,3,0.3636,NaN,1,Left,0.645299999999992,0.650299999999987,NaN,6.00000000002865,0.0572822107104344,NaN,0.0572822107104344,12.9447666889546,NaN,12.9447666889546,0.033244534598935,-0.0466481787766127,305.476150574699,NaN,NaN
60,NonStim,0,3,-0.4545,NaN,1,Left,0.574099999999987,0.579099999999983,NaN,6.00000000002865,0.0387928155289818,NaN,0.0387928155289818,8.93451187375206,NaN,8.93451187375206,-0.0332445321152807,-0.0199920889629293,211.02121681997,NaN,NaN
61,NonStim,0,3,0.4545,NaN,1,Right,0.510633333333374,0.516633333333345,NaN,6.99999999983447,NaN,0.0399841869687237,0.0399841869687237,NaN,6.66403144486288,6.66403144486288,0,-0.0399841869687237,270,NaN,NaN
62,NonStim,0,3,-0.1818,NaN,1,Left,0.081133333333355,0.0991333333333273,NaN,18.9999999995507,0.275239719118361,NaN,0.275239719118361,22.2134203949429,NaN,22.2134203949429,0.0332445302818376,-0.273224640518922,276.937346570724,NaN,NaN
62,NonStim,0,3,-0.1818,NaN,2,Left,0.467133333333379,0.482133333333365,NaN,15.9999999996217,0.215824456910166,NaN,0.215824456910166,23.1871660578595,NaN,23.1871660578595,0.0332445334335605,0.21324867455005,81.1391627335884,NaN,NaN
63,Stim,1,2,0.1818,-0.0600666666666712,1,Merged,0.346533333333355,0.356533333333346,0.406600000000026,10.9999999997399,0.157151193677682,0.147850313022093,0.152500753349887,21.3164187984373,20.0089314699628,21.3164187984373,0.089760182654809,-0.123284472820406,306.057378146669,-0.999999999976353,0.546336551949707
66,Stim,1,3,0.4545,-0.0623666666666622,1,Left,0.548833333333334,0.554833333333363,0.611199999999997,6.99999999983447,0.0446834073668626,NaN,0.0446834073668626,10.4609625619886,NaN,10.4609625619886,0.019946721111093,-0.0399841870097326,296.513014075948,NaN,NaN
67,NonStim,0,2,-0.3636,NaN,1,Right,0.526766666666674,0.532766666666703,NaN,6.99999999983447,NaN,0.0333201507159058,0.0333201507159058,NaN,8.66301048439512,8.66301048439512,0,0.0333201507159058,90,NaN,NaN
67,NonStim,0,2,-0.3636,NaN,2,Left,0.82176666666669,0.827766666666719,NaN,6.99999999983447,0.0564820346828377,NaN,0.0564820346828377,9.41367276152293,NaN,9.41367276152293,-0.0398934342544046,0.0399841736853817,134.934913121109,NaN,NaN
71,NonStim,0,3,-1,NaN,1,Left,0.324600000000032,0.33460000000008,NaN,10.9999999997399,0.1553862037335,NaN,0.1553862037335,23.9897638489311,NaN,23.9897638489311,0.113031385009219,-0.106624473333313,316.670726890312,NaN,NaN
72,Stim,1,3,0.3636,-0.0510999999999626,1,Left,0.808699999999988,0.815699999999993,0.85979999999995,7.99999999981083,0.075874236860436,NaN,0.075874236860436,11.0905913463391,NaN,11.0905913463391,0.0598401519873189,-0.0466482157138739,322.06190698737,NaN,NaN
73,Stim,1,4,0.1818,-0.0541000000000054,1,Left,0.200133333333326,0.208133333333308,0.254233333333332,8.99999999978718,0.0602100511343301,NaN,0.0602100511343301,10.4609570080203,NaN,10.4609570080203,-0.0598401285997997,-0.00666402781792511,186.354496298386,NaN,NaN
73,Stim,1,4,0.1818,-0.0541000000000054,2,Merged,0.209133333333341,0.218133333333299,0.263233333333346,9.99999999976353,0.0533122478322709,0.0569215833230898,0.0551169155776804,6.66403144466599,9.41367432802932,9.41367432802932,-0.00997335900556132,-0.0533122446419285,259.403900514756,-2.99999999992906,20.5132823062363
74,NonStim,0,1,-0.1818,NaN,1,Right,0.303966666666668,0.309966666666696,NaN,6.99999999983447,NaN,0.10727044454251,0.10727044454251,NaN,19.9914674476403,19.9914674476403,0.0930846520099129,-0.0533122484288655,330.198996268976,NaN,NaN
75,Stim,1,4,-0.3636,-0.0530333333333601,1,Left,0.0402333333333331,0.0462333333333049,0.0932666666666933,6.99999999983447,0.0421374335860428,NaN,0.0421374335860428,7.0229085097549,NaN,7.0229085097549,0.0132978078370541,-0.039984142055907,288.395941094544,NaN,NaN
75,Stim,1,4,-0.3636,-0.0530333333333601,2,Right,0.764233333333323,0.770233333333351,0.817266666666683,6.99999999983447,NaN,0.0519993626548268,0.0519993626548268,NaN,9.41367381004807,9.41367381004807,0.0332445301663698,-0.0399841835045499,309.741558778576,NaN,NaN
76,Stim,1,1,-0.4545,-0.054366666666624,1,Left,0.674733333333393,0.684733333333384,0.729100000000017,10.9999999997399,0.0602100786367634,NaN,0.0602100786367634,9.41367370470392,NaN,9.41367370470392,-0.0598401558599475,0.00666403152021565,173.645503071275,NaN,NaN
80,NonStim,0,4,-0.3636,NaN,1,Merged,0.418733333333364,0.43573333333336,NaN,17.9999999995744,0.29442024221088,0.28185586222787,0.288138052219375,31.0987722532476,24.5350545470991,31.0987722532476,0.0299200804368111,0.286552490859942,84.039120507513,-3.99999999990541,1.59101262546494
83,Stim,1,1,-0.0909,-0.0568666666666786,1,Merged,0.267600000000016,0.277600000000007,0.324466666666694,10.9999999997399,0.0932964083568657,0.0810664422883907,0.0871814253226282,11.1067187666399,11.0976501492457,11.1067187666399,-0.00664890705774449,-0.0866323766878361,265.611237082399,1.99999999995271,9.44123775432939
85,NonStim,0,4,-0.1818,NaN,1,Left,0.818700000000035,0.824700000000007,NaN,6.99999999983447,0.0507338632412236,NaN,0.0507338632412236,8.95420624529482,NaN,8.95420624529482,-0.019946720645202,0.0466481855475799,113.151506761269,NaN,NaN
86,Stim,1,2,1,-0.052066666666633,1,Merged,0.229666666666731,0.239666666666722,0.281733333333364,10.9999999997399,0.143502637040672,0.101467739031852,0.122485188036262,21.0687344178423,15.9008150175063,21.0687344178423,0.0465422577155614,-0.113288489763206,292.334306400703,0,1.3949451187587
86,Stim,1,2,1,-0.052066666666633,2,Left,0.318666666666729,0.325666666666677,0.370733333333362,7.99999999981083,0.0333201364670715,NaN,0.0333201364670715,7.84471167142514,NaN,7.84471167142514,4.16333634234434e-17,0.0333201364670715,89.9999999999999,NaN,NaN
86,Stim,1,2,1,-0.052066666666633,3,Right,0.723666666666702,0.729666666666731,0.775733333333335,6.99999999983447,NaN,0.0446833840827603,0.0446833840827603,NaN,8.66655543022881,8.66655543022881,-0.0199466980174445,0.0399841725097363,116.512995877909,NaN,NaN
87,Stim,1,2,0.6363,-0.0627000000000066,1,Left,0.366199999999992,0.372199999999964,0.428899999999999,6.99999999983447,0.0421374777453411,NaN,0.0421374777453411,8.66656057250134,NaN,8.66656057250134,-0.0132978119795803,0.0399841872156338,108.395927061062,NaN,NaN
88,Stim,1,2,-0.1818,-0.0560666666666521,1,Right,0.249433333333343,0.255433333333372,0.305499999999995,6.99999999983447,NaN,0.0405332234981815,0.0405332234981815,NaN,7.02290881762301,7.02290881762301,0.00664890004385284,-0.0399841760620421,279.441227150372,NaN,NaN
89,Stim,1,3,0.1818,-0.0542666666666491,1,Left,0.83813333333336,0.847133333333318,0.892400000000009,9.99999999976353,0.0533121022754385,NaN,0.0533121022754385,7.84471292212639,NaN,7.84471292212639,-4.5102810375397e-17,-0.0533121022754385,270,NaN,NaN
90,NonStim,0,4,0.3636,NaN,1,Left,0.0883000000000607,0.0973000000000184,NaN,9.99999999976353,0.0470683355975036,NaN,0.0470683355975036,8.95419876585064,NaN,8.95419876585064,0.033244533976183,-0.0333201016899054,314.934954812561,NaN,NaN
90,NonStim,0,4,0.3636,NaN,2,Left,0.551300000000026,0.557300000000055,NaN,6.99999999983447,0.0405331879388183,NaN,0.0405331879388183,7.44722980439364,NaN,7.44722980439364,-0.00664890436572398,0.0399841392957136,99.4412417019358,NaN,NaN
91,NonStim,0,2,0.0909,NaN,1,Right,0.0604999999999905,0.0665000000000191,NaN,6.99999999983447,NaN,0.0421374788025879,0.0421374788025879,NaN,8.66656152424219,8.66656152424219,-0.0132978142141315,-0.0399841875866571,251.604070215018,NaN,NaN
94,NonStim,0,2,-0,NaN,1,Left,0.190966666666668,0.196966666666697,NaN,6.99999999983447,0.0668221483951852,NaN,0.0668221483951852,11.3019542539015,NaN,11.3019542539015,-0.0664890234361285,0.00666402871078139,174.276501323349,NaN,NaN
96,NonStim,0,4,-1,NaN,1,Left,0.0399333333333516,0.0459333333333802,NaN,6.99999999983447,0.0405332356872396,NaN,0.0405332356872396,7.44723431049202,NaN,7.44723431049202,-0.00664890551824572,0.0399841875081482,99.4412321298409,NaN,NaN
96,NonStim,0,4,-1,NaN,2,Left,0.484933333333345,0.490933333333373,NaN,6.99999999983447,0.0519993662441786,NaN,0.0519993662441786,9.4136748131613,NaN,9.4136748131613,-0.0332445325605651,0.0399841861818613,129.741558921055,NaN,NaN
97,Stim,1,4,0.4545,-0.0529999999999973,1,Right,0.0106333333333168,0.0226333333333173,0.0636333333333141,12.9999999996926,NaN,0.0332445146246501,0.0332445146246501,NaN,7.43708491771024,7.43708491771024,0.0332445146246501,0,0,NaN,NaN
97,Stim,1,4,0.4545,-0.0529999999999973,2,Right,0.0376333333333605,0.0446333333333087,0.0906333333333578,7.99999999981083,NaN,0.0388343121449687,0.0388343121449687,NaN,8.00357830054476,8.00357830054476,0.0199467124777028,-0.0333201509766196,300.90634699819,NaN,NaN
97,Stim,1,4,0.4545,-0.0529999999999973,3,Right,0.0916333333333341,0.0996333333333155,0.144633333333331,8.99999999978718,NaN,0.0333201235935852,0.0333201235935852,NaN,5.55335429524822,5.55335429524822,0,-0.0333201235935852,270,NaN,NaN
97,Stim,1,4,0.4545,-0.0529999999999973,4,Right,0.101633333333325,0.114633333333359,0.154633333333322,13.9999999996689,NaN,0.0239897558584319,0.0239897558584319,NaN,9.41367092210073,9.41367092210073,-0.0199467192886463,0.0133280447090753,146.24985506615,NaN,NaN
97,Stim,1,4,0.4545,-0.0529999999999973,5,Right,0.116633333333311,0.126633333333359,0.169633333333309,10.9999999997399,NaN,0.029748351756038,0.029748351756038,NaN,7.43708725248808,7.43708725248808,0.0265956276323897,0.0133280539854939,26.6171453318335,NaN,NaN
97,Stim,1,4,0.4545,-0.0529999999999973,6,Right,0.139633333333336,0.152633333333313,0.192633333333333,13.9999999996689,NaN,0.0333201235935852,0.0333201235935852,NaN,7.84472382040487,7.84472382040487,0,-0.0333201235935852,270,NaN,NaN
97,Stim,1,4,0.4545,-0.0529999999999973,7,Right,0.160633333333351,0.169633333333309,0.213633333333348,9.99999999976353,NaN,0.033292929224577,0.033292929224577,NaN,7.01015878332315,7.01015878332315,0.0199467211431492,0.0266560959630277,53.1925399150649,NaN,NaN
97,Stim,1,4,0.4545,-0.0529999999999973,8,Right,0.188633333333314,0.195633333333319,0.241633333333311,7.99999999981083,NaN,0.0388342931009996,0.0388342931009996,NaN,8.00357555373596,8.00357555373596,0.0199467211431492,-0.0333201235935852,300.90637871902,NaN,NaN
97,Stim,1,4,0.4545,-0.0529999999999973,9,Right,0.197633333333329,0.204633333333334,0.250633333333326,7.99999999981083,NaN,0.0426328284620449,0.0426328284620449,NaN,8.93451267476718,8.93451267476718,-0.0265956279561576,0.0333201235935852,128.596347793892,NaN,NaN
97,Stim,1,4,0.4545,-0.0529999999999973,10,Right,0.256633333333355,0.26363333333336,0.309633333333352,7.99999999981083,NaN,0.0339770300280082,0.0339770300280082,NaN,7.02290600347156,7.02290600347156,0.00664890466410654,-0.0333201235935852,281.284930521719,NaN,NaN
97,Stim,1,4,0.4545,-0.0529999999999973,11,Right,0.277633333333313,0.292633333333356,0.33063333333331,15.9999999996217,NaN,0.0199467198957112,0.0199467198957112,NaN,9.41366902193702,9.41366902193702,0.0199467198957112,0,0,NaN,NaN
97,Stim,1,4,0.4545,-0.0529999999999973,12,Right,0.325633333333315,0.33263333333332,0.378633333333312,7.99999999981083,NaN,0.0339770298256706,0.0339770298256706,NaN,7.02290576709727,7.02290576709727,-0.00664890363012705,0.0333201235935852,101.284928811821,NaN,NaN
97,Stim,1,4,0.4545,-0.0529999999999973,13,Right,0.362633333333349,0.369633333333354,0.415633333333346,7.99999999981083,NaN,0.0358756482012901,0.0358756482012901,NaN,7.43708081697741,7.43708081697741,0.0132978004786857,-0.0333201235935852,291.756555158288,NaN,NaN
97,Stim,1,4,0.4545,-0.0529999999999973,14,Right,0.37263333333334,0.379633333333345,0.425633333333337,7.99999999981083,NaN,0.0426328150932064,0.0426328150932064,NaN,8.00357379797613,8.00357379797613,-0.0265956065258857,0.0333201235935852,128.596325284241,NaN,NaN
97,Stim,1,4,0.4545,-0.0529999999999973,15,Right,0.394633333333331,0.40063333333336,0.447633333333329,6.99999999983447,NaN,0.0266561021473066,0.0266561021473066,NaN,5.55335429524822,5.55335429524822,0,-0.0266561021473066,270,NaN,NaN
97,Stim,1,4,0.4545,-0.0529999999999973,16,Right,0.402633333333313,0.416633333333323,0.45563333333331,14.9999999996453,NaN,0.0297483249786773,0.0297483249786773,NaN,9.41366614869807,9.41366614869807,-0.0265956005992232,0.0133280481618127,153.382841368846,NaN,NaN
97,Stim,1,4,0.4545,-0.0529999999999973,17,Right,0.440633333333324,0.447633333333329,0.493633333333321,7.99999999981083,NaN,0.0426328150932064,0.0426328150932064,NaN,8.66655357949637,8.66655357949637,0.0265956065258857,0.0333201235935852,51.403674715759,NaN,NaN
97,Stim,1,4,0.4545,-0.0529999999999973,18,Right,0.46963333333332,0.478633333333335,0.522633333333317,9.99999999976353,NaN,0.0398934167090034,0.0398934167090034,NaN,7.99658303960892,7.99658303960892,-0.0398934167090034,0,180,NaN,NaN
97,Stim,1,4,0.4545,-0.0529999999999973,19,Right,0.502633333333335,0.51363333333336,0.555633333333333,11.9999999997162,NaN,0.0199467163779586,0.0199467163779586,NaN,9.13927035703637,9.13927035703637,-0.0199467163779586,0,180,NaN,NaN
97,Stim,1,4,0.4545,-0.0529999999999973,20,Right,0.516633333333345,0.529633333333322,0.569633333333343,13.9999999996689,NaN,0.0332445042293502,0.0332445042293502,NaN,9.41366719520296,9.41366719520296,-0.0332445042293502,0,180,NaN,NaN
97,Stim,1,4,0.4545,-0.0529999999999973,21,Right,0.542633333333356,0.555633333333333,0.595633333333353,13.9999999996689,NaN,0.0470169873571781,0.0470169873571781,NaN,8.66300535882505,8.66300535882505,-0.0465423229038442,0.00666402872587924,171.851650737274,NaN,NaN
97,Stim,1,4,0.4545,-0.0529999999999973,22,Right,0.65063333333336,0.66263333333336,0.703633333333357,12.9999999996926,NaN,0.00941366918967265,0.00941366918967265,NaN,10.2264894246708,10.2264894246708,-0.00664890241707291,-0.00666402763055753,225.065095401308,NaN,NaN
97,Stim,1,4,0.4545,-0.0529999999999973,23,Right,0.677633333333347,0.699633333333338,0.730633333333344,22.9999999994561,NaN,0.0332444963733372,0.0332444963733372,NaN,6.74102999088311,6.74102999088311,0.0332444963733372,0,0,NaN,NaN
97,Stim,1,4,0.4545,-0.0529999999999973,24,Right,0.757633333333331,0.76363333333336,0.810633333333328,6.99999999983447,NaN,0.0388342958834041,0.0388342958834041,NaN,8.66655359740716,8.66655359740716,0.0199466808179971,-0.0333201509766196,300.906306920248,NaN,NaN
97,Stim,1,4,0.4545,-0.0529999999999973,25,Right,0.777633333333313,0.790633333333346,0.83063333333331,13.9999999996689,NaN,0.00664889770346457,0.00664889770346457,NaN,5.97927778874377,5.97927778874377,0.00664889770346457,0,0,NaN,NaN
97,Stim,1,4,0.4545,-0.0529999999999973,26,Right,0.796633333333318,0.804633333333356,0.849633333333315,8.99999999978718,NaN,0.0426115481041909,0.0426115481041909,NaN,7.99657845467777,7.99657845467777,-0.0332444779752031,0.0266561196724507,141.276629903573,NaN,NaN
97,Stim,1,4,0.4545,-0.0529999999999973,27,Right,0.839633333333325,0.849633333333315,0.892633333333322,10.9999999997399,NaN,0.0388342813073912,0.0388342813073912,NaN,7.43708081697741,7.43708081697741,0.0199466981821503,-0.0333201235935852,300.906349652748,NaN,NaN
97,Stim,1,4,0.4545,-0.0529999999999973,28,Right,0.853633333333335,0.864633333333359,0.906633333333332,11.9999999997162,NaN,0.0852655193366455,0.0852655193366455,NaN,12.5515460276317,12.5515460276317,0.0531912512219781,-0.0666400748888255,308.596417557073,NaN,NaN
97,Stim,1,4,0.4545,-0.0529999999999973,29,Right,0.877633333333335,0.88463333333334,0.930633333333333,7.99999999981083,NaN,0.0333200012156358,0.0333200012156358,NaN,6.75550715619428,6.75550715619428,0,0.0333200012156358,90,NaN,NaN
97,Stim,1,4,0.4545,-0.0529999999999973,30,Right,0.923633333333328,0.929633333333356,0.976633333333325,6.99999999983447,NaN,0.0470682617181911,0.0470682617181911,NaN,9.41365384219893,9.41365384219893,-0.033244530078829,0.0333200012156358,134.935037839566,NaN,NaN
97,Stim,1,4,0.4545,-0.0529999999999973,31,Right,0.945633333333319,0.962633333333315,0.998633333333316,17.9999999995744,NaN,0.0333200012156358,0.0333200012156358,NaN,9.41365384219893,9.41365384219893,0,-0.0333200012156358,270,NaN,NaN
100,NonStim,0,2,-1,NaN,1,Left,0.00570000000004711,0.0127000000000521,NaN,7.99999999981083,0.0536971375454813,NaN,0.0536971375454813,9.41367250071093,NaN,9.41367250071093,-0.0265956132615301,0.0466482147120494,119.688823503659,NaN,NaN
100,NonStim,0,2,-1,NaN,2,Merged,0.203700000000026,0.212700000000041,NaN,9.99999999976353,0.0537252287068647,0.0603436450686407,0.0570344368877527,7.02290501562326,7.02291213807436,7.02291213807436,-0.00664890703725954,0.0566442197187736,96.694752396503,-2.99999999992906,0.783091061690982
101,Stim,1,2,-0.3636,-0.0652000000000044,1,Right,0.517800000000022,0.523799999999994,0.583000000000027,6.99999999983447,NaN,0.0868315374915787,0.0868315374915787,NaN,15.4210634358077,15.4210634358077,0.0465423475645635,-0.0733043367498186,302.412257337442,NaN,NaN
104,NonStim,0,3,-0,NaN,1,Left,0.84286666666668,0.848866666666709,NaN,6.99999999983447,0.0421374720620863,NaN,0.0421374720620863,9.41367409039503,NaN,9.41367409039503,0.013297812521244,-0.0399841810461707,288.395930407304,NaN,NaN
105,Stim,1,4,0.6363,-0.0606999999999402,1,Left,0.00296666666667988,0.00896666666670853,0.0636666666666201,6.99999999983447,0.00666403083358579,NaN,0.00666403083358579,6.47238646782305,NaN,6.47238646782305,0,-0.00666403083358579,270,NaN,NaN
105,Stim,1,4,0.6363,-0.0606999999999402,2,Left,0.0249666666667281,0.0319666666666762,0.0856666666666683,7.99999999981083,0.0333201503140172,NaN,0.0333201503140172,6.66403047840215,NaN,6.66403047840215,0,-0.0333201503140172,270,NaN,NaN
105,Stim,1,4,0.6363,-0.0606999999999402,3,Left,0.0519666666667149,0.0589666666667199,0.112666666666655,7.99999999981083,0.0339770567163183,NaN,0.0339770567163183,6.66403047840215,NaN,6.66403047840215,0.00664890713991488,0.0333201503140172,78.7150742015153,NaN,NaN
105,Stim,1,4,0.6363,-0.0606999999999402,4,Left,0.0619666666667058,0.0709666666667204,0.122666666666646,9.99999999976353,0.0388343151709706,NaN,0.0388343151709706,6.66403047840215,NaN,6.66403047840215,-0.0199467194758832,-0.0333201503140172,239.093643640706,NaN,NaN
105,Stim,1,4,0.6363,-0.0606999999999402,5,Left,0.0769666666666922,0.0869666666666831,0.137666666666632,10.9999999997399,0.00941367443904196,NaN,0.00941367443904196,8.66656109655302,NaN,8.66656109655302,-0.00664890599741507,-0.00666403147365091,225.065096495828,NaN,NaN
105,Stim,1,4,0.6363,-0.0606999999999402,6,Left,0.0999666666667167,0.106966666666722,0.160666666666657,7.99999999981083,0.0339770564927447,NaN,0.0339770564927447,6.66403047840215,NaN,6.66403047840215,0.00664890599741507,0.0333201503140172,78.7150760908731,NaN,NaN
105,Stim,1,4,0.6363,-0.0606999999999402,7,Left,0.119966666666699,0.135966666666718,0.180666666666639,16.999999999598,0.0333201503140172,NaN,0.0333201503140172,7.44723448712783,NaN,7.44723448712783,0,-0.0333201503140172,270,NaN,NaN
105,Stim,1,4,0.6363,-0.0606999999999402,8,Left,0.1559666666667,0.170966666666686,0.21666666666664,15.9999999996217,0.0339770564927447,NaN,0.0339770564927447,8.88537118156237,NaN,8.88537118156237,0.00664890599741507,0.0333201503140172,78.7150760908731,NaN,NaN
105,Stim,1,4,0.6363,-0.0606999999999402,9,Left,0.174966666666705,0.193966666666711,0.235666666666646,19.9999999995271,0.038834311781066,NaN,0.038834311781066,9.41367373456913,NaN,9.41367373456913,-0.019946712876069,-0.0333201503140172,239.09365199539,NaN,NaN
105,Stim,1,4,0.6363,-0.0606999999999402,10,Left,0.199966666666683,0.206966666666688,0.260666666666623,7.99999999981083,0.0358756764051525,NaN,0.0358756764051525,7.02291219403994,NaN,7.02291219403994,0.0132978096158169,0.0333201503140172,68.2434471063932,NaN,NaN
105,Stim,1,4,0.6363,-0.0606999999999402,11,Left,0.217966666666712,0.224966666666717,0.278666666666652,7.99999999981083,0.0333201503140172,NaN,0.0333201503140172,6.66403047840215,NaN,6.66403047840215,0,-0.0333201503140172,270,NaN,NaN
105,Stim,1,4,0.6363,-0.0606999999999402,12,Left,0.254966666666689,0.263966666666704,0.31566666666663,9.99999999976353,0.0333201503140172,NaN,0.0333201503140172,5.5533586044145,NaN,5.5533586044145,0,0.0333201503140172,90,NaN,NaN
105,Stim,1,4,0.6363,-0.0606999999999402,13,Left,0.273966666666695,0.2809666666667,0.334666666666635,7.99999999981083,0.0333201503140172,NaN,0.0333201503140172,6.66403047840215,NaN,6.66403047840215,0,-0.0333201503140172,270,NaN,NaN
105,Stim,1,4,0.6363,-0.0606999999999402,14,Left,0.305966666666677,0.322966666666673,0.366666666666617,17.9999999995744,0.0132978125490678,NaN,0.0132978125490678,9.41367393630693,NaN,9.41367393630693,-0.0132978125490678,0,180,NaN,NaN
105,Stim,1,4,0.6363,-0.0606999999999402,15,Left,0.360966666666684,0.367966666666689,0.421666666666624,7.99999999981083,0.0388343151709706,NaN,0.0388343151709706,7.84472858881252,NaN,7.84472858881252,-0.0199467194758832,0.0333201503140172,120.906356359294,NaN,NaN
105,Stim,1,4,0.6363,-0.0606999999999402,16,Left,0.376966666666704,0.383966666666709,0.437666666666644,7.99999999981083,0.0339770566012024,NaN,0.0339770566012024,8.00357955241502,NaN,8.00357955241502,-0.00664890655165283,-0.0333201503140172,258.715075174327,NaN,NaN
105,Stim,1,4,0.6363,-0.0606999999999402,17,Left,0.394966666666676,0.400966666666704,0.455666666666616,6.99999999983447,0.0297889325501508,NaN,0.0297889325501508,6.4723851984312,NaN,6.4723851984312,0.0132978125490678,0.0266561190702489,63.4869837380626,NaN,NaN
105,Stim,1,4,0.6363,-0.0606999999999402,18,Left,0.416966666666724,0.430966666666677,0.477666666666664,14.9999999996453,0.0470683698512315,NaN,0.0470683698512315,6.74103522058802,NaN,6.74103522058802,0.0332445337387008,-0.0333201503140172,314.934912802113,NaN,NaN
105,Stim,1,4,0.6363,-0.0606999999999402,19,Left,0.440966666666725,0.453966666666702,0.501666666666665,13.9999999996689,0.00941367375836491,NaN,0.00941367375836491,6.66403047840215,NaN,6.66403047840215,0.00664890526410231,-0.00666403124376835,314.934901332818,NaN,NaN
105,Stim,1,4,0.6363,-0.0606999999999402,20,Left,0.460966666666707,0.467966666666712,0.521666666666647,7.99999999981083,0.0333201503140172,NaN,0.0333201503140172,6.66403047840215,NaN,6.66403047840215,0,0.0333201503140172,90,NaN,NaN
105,Stim,1,4,0.6363,-0.0606999999999402,21,Left,0.474966666666717,0.481966666666722,0.535666666666657,7.99999999981083,0.0333201503140172,NaN,0.0333201503140172,6.66403047840215,NaN,6.66403047840215,0,-0.0333201503140172,270,NaN,NaN
105,Stim,1,4,0.6363,-0.0606999999999402,22,Left,0.484966666666708,0.493966666666722,0.545666666666648,9.99999999976353,0.00664890435171461,NaN,0.00664890435171461,7.99658528977458,NaN,7.99658528977458,-0.00664890435171461,0,180,NaN,NaN
105,Stim,1,4,0.6363,-0.0606999999999402,23,Left,0.574966666666683,0.585966666666707,0.635666666666623,11.9999999997162,0,NaN,0,6.75553943889981,NaN,6.75553943889981,0,0,0,NaN,NaN
105,Stim,1,4,0.6363,-0.0606999999999402,24,Left,0.69596666666672,0.702966666666725,0.756666666666661,7.99999999981083,0.0405332355652938,NaN,0.0405332355652938,7.02291318221504,NaN,7.02291318221504,0.00664890599741502,-0.0399841873048477,279.441232845136,NaN,NaN
105,Stim,1,4,0.6363,-0.0606999999999402,25,Left,0.730966666666689,0.737966666666694,0.791666666666629,7.99999999981083,0.0388343131869723,NaN,0.0388343131869723,7.02291219403994,NaN,7.02291219403994,-0.0199467156132319,0.0333201503140172,120.906351469576,NaN,NaN
105,Stim,1,4,0.6363,-0.0606999999999402,26,Left,0.739966666666703,0.753966666666713,0.800666666666643,14.9999999996453,0.0679541184779382,NaN,0.0679541184779382,7.02291314372059,NaN,7.02291314372059,0.0132978112615173,-0.0666403063750965,281.284922354548,NaN,NaN
105,Stim,1,4,0.6363,-0.0606999999999402,27,Left,0.757966666666675,0.76496666666668,0.818666666666616,7.99999999981083,0.0339770619851936,NaN,0.0339770619851936,7.0229130665806,NaN,7.0229130665806,-0.00664890526410231,0.0333201560610793,101.284920799969,NaN,NaN
105,Stim,1,4,0.6363,-0.0606999999999402,28,Left,0.782966666666709,0.800966666666682,0.84366666666665,18.9999999995507,0.00664890655165274,NaN,0.00664890655165274,6.75553853182535,NaN,6.75553853182535,-0.00664890655165274,0,180,NaN,NaN
105,Stim,1,4,0.6363,-0.0606999999999402,29,Left,0.802966666666691,0.813966666666715,0.863666666666631,11.9999999997162,0.00664890599741502,NaN,0.00664890599741502,6.75553943889981,NaN,6.75553943889981,-0.00664890599741502,0,180,NaN,NaN
105,Stim,1,4,0.6363,-0.0606999999999402,30,Left,0.875966666666727,0.890966666666714,0.936666666666667,15.9999999996217,0.0265956265987859,NaN,0.0265956265987859,7.8447286286988,NaN,7.8447286286988,-0.0265956265987859,0,180,NaN,NaN
105,Stim,1,4,0.6363,-0.0606999999999402,31,Left,0.930966666666677,0.937966666666682,0.991666666666617,7.99999999981083,0.0426328484989069,NaN,0.0426328484989069,8.66656055932623,NaN,8.66656055932623,-0.0265956265987859,0.0333201503140172,128.5963239661,NaN,NaN
105,Stim,1,4,0.6363,-0.0606999999999402,32,Left,0.939966666666692,0.946966666666697,1.00066666666663,7.99999999981083,0.0426328484989069,NaN,0.0426328484989069,8.66656055932623,NaN,8.66656055932623,0.0265956265987859,-0.0333201503140172,308.5963239661,NaN,NaN
105,Stim,1,4,0.6363,-0.0606999999999402,33,Left,0.962966666666716,0.969966666666721,1.02366666666666,7.99999999981083,0.0333201503140172,NaN,0.0333201503140172,6.66403047840215,NaN,6.66403047840215,0,0.0333201503140172,90,NaN,NaN
109,Stim,1,4,-0.4545,-0.0632999999999697,1,Merged,0.857533333333379,0.870533333333356,0.920833333333348,13.9999999996689,0.160330387904611,0.23267948673204,0.196504937318325,18.0617016213582,23.5288798432336,23.5288798432336,0.0997335753673197,-0.166600575884874,300.906377413658,-3.99999999990541,17.9872684151816
110,NonStim,0,3,1,NaN,1,Merged,0.364366666666683,0.376366666666684,NaN,12.9999999996926,0.122377740529758,0.118546904164608,0.120462322347183,13.5368320037033,14.9273826638212,14.9273826638212,0.0797868462221707,-0.0899643743860761,311.568907181951,0,6.8409152714388
112,NonStim,0,2,0.6363,NaN,1,Merged,0.200466666666728,0.213466666666704,NaN,13.9999999996689,0.262014381192919,0.200031104991104,0.231022743092011,31.1185342527651,22.4608128931326,31.1185342527651,0.0199467188361314,-0.229908676516254,274.958526108345,0.999999999976353,5.38454441244085
112,NonStim,0,2,0.6363,NaN,2,Left,0.445466666666732,0.45246666666668,NaN,7.99999999981083,0.0466480553069022,NaN,0.0466480553069022,7.0228997861152,NaN,7.0228997861152,0,-0.0466480553069022,270,NaN,NaN
115,Stim,1,1,-0.3636,-0.0518000000000143,1,Left,0.832699999999988,0.839699999999993,0.884500000000003,7.99999999981083,0.0471196717297496,NaN,0.0471196717297496,7.4472345559182,NaN,7.4472345559182,0.00664890614014416,-0.0466482101592217,278.111897101149,NaN,NaN
117,NonStim,0,2,0.4545,NaN,1,Left,0.532666666666728,0.539666666666733,NaN,7.99999999981083,0.0471196766198916,NaN,0.0471196766198916,7.44723277515317,NaN,7.44723277515317,-0.0066489018596999,0.0466482157088911,98.1118909961495,NaN,NaN
118,NonStim,0,4,-0,NaN,1,Merged,0.84263333333331,0.855633333333344,NaN,13.9999999996689,0.0665858858963848,0.111686944953014,0.0891364154246992,9.41367395045565,13.3280605652488,13.3280605652488,0.0365689816819111,-0.0799683435590329,294.574297101394,3.99999999990541,19.4904435431177
119,NonStim,0,4,-0.1818,NaN,1,Right,0.960700000000088,0.970700000000079,NaN,10.9999999997399,NaN,0.187065940445438,0.187065940445438,NaN,27.0221401043846,27.0221401043846,0.0132978139641201,-0.186592696048135,274.076379510085,NaN,NaN
120,NonStim,0,4,1,NaN,1,Left,0.601133333333394,0.609133333333375,NaN,8.99999999978718,0.027417814967124,NaN,0.027417814967124,8.00357851385001,NaN,8.00357851385001,0.0265956251274325,-0.00666403043604456,345.93309481734,NaN,NaN
122,Stim,1,1,-0.0909,-0.0548666666666122,1,Merged,0.809300000000064,0.822300000000041,0.864166666666677,13.9999999996689,0.146222073321002,0.17320649028804,0.159714281804521,13.5473667098213,21.0687304096699,21.0687304096699,-0.0698135045715656,-0.143276507191785,244.021686114564,0.999999999976353,7.43848201056198
123,Stim,1,1,0.6363,-0.0559666666666772,1,Right,0.220799999999997,0.226799999999969,0.276766666666674,6.99999999983447,NaN,0.0421374769471489,0.0421374769471489,NaN,8.00358013415243,8.00358013415243,-0.0132978127228905,0.0399841861272483,108.395928487152,NaN,NaN
125,Stim,1,3,0.3636,-0.055533333333301,1,Right,0.324766666666676,0.330766666666705,0.380299999999977,6.99999999983447,NaN,0.0446834058112055,0.0446834058112055,NaN,9.41367393966199,9.41367393966199,-0.0199467170362067,0.0399841873040628,116.513009231911,NaN,NaN
125,Stim,1,3,0.3636,-0.055533333333301,2,Right,0.741766666666706,0.750766666666664,0.797300000000007,9.99999999976353,NaN,0.0942390128765268,0.0942390128765268,NaN,13.3280145986997,13.3280145986997,-0.0132978106751351,0.0932960866231293,98.1119247629373,NaN,NaN
126,NonStim,0,1,-1,NaN,1,Right,0.671800000000019,0.677800000000047,NaN,6.99999999983447,NaN,0.040533232399069,0.040533232399069,NaN,7.02291088057137,7.02291088057137,-0.00664888609880236,0.0399841874040487,99.4412050754433,NaN,NaN
127,NonStim,0,2,0.0909,NaN,1,Left,0.0111333333333619,0.0381333333333487,NaN,27.9999999993379,0.00664890686159115,NaN,0.00664890686159115,8.66655944528196,NaN,8.66655944528196,-0.00664890686159115,0,180,NaN,NaN
127,NonStim,0,2,0.0909,NaN,2,Left,0.0611333333333164,0.0681333333333214,NaN,7.99999999981083,0.0388343071683389,NaN,0.0388343071683389,7.44723130174706,NaN,7.44723130174706,0.0199467212749293,0.0333201399100482,59.0936334790201,NaN,NaN
127,NonStim,0,2,0.0909,NaN,3,Left,0.0761333333333596,0.0851333333333173,NaN,9.99999999976353,0.0388343070830739,NaN,0.0388343070830739,6.66402860810807,NaN,6.66402860810807,-0.0199467211089266,-0.0333201399100482,239.093633689162,NaN,NaN
127,NonStim,0,2,0.0909,NaN,4,Left,0.0921333333333223,0.0981333333333509,NaN,6.99999999983447,0.0339770624165006,NaN,0.0339770624165006,6.6640314117725,NaN,6.6640314117725,-0.0066489068615911,-0.033320156182117,258.715076598197,NaN,NaN
127,NonStim,0,2,0.0909,NaN,5,Left,0.10013333333336,0.106133333333332,NaN,6.99999999983447,0.0339770623355866,NaN,0.0339770623355866,7.02291301435766,NaN,7.02291301435766,-0.00664890644810649,0.033320156182117,101.284922718021,NaN,NaN
127,NonStim,0,2,0.0909,NaN,6,Left,0.121133333333319,0.128133333333324,NaN,7.99999999981083,0.0388343070830739,NaN,0.0388343070830739,7.84472801737541,NaN,7.84472801737541,-0.0199467211089266,0.0333201399100482,120.906366310838,NaN,NaN
127,NonStim,0,2,0.0909,NaN,7,Left,0.130133333333333,0.137133333333338,NaN,7.99999999981083,0.0339770463781191,NaN,0.0339770463781191,7.02291054387082,NaN,7.02291054387082,0.00664890644810644,-0.0333201399100482,281.284928087649,NaN,NaN
127,NonStim,0,2,0.0909,NaN,8,Left,0.152133333333325,0.161133333333339,NaN,9.99999999976353,0.0333201399100482,NaN,0.0333201399100482,7.10193090219971,NaN,7.10193090219971,0,0.0333201399100482,90,NaN,NaN
127,NonStim,0,2,0.0909,NaN,9,Left,0.184133333333364,0.191133333333312,NaN,7.99999999981083,0.0333201399100482,NaN,0.0333201399100482,6.66402860810807,NaN,6.66402860810807,0,-0.0333201399100482,270,NaN,NaN
127,NonStim,0,2,0.0909,NaN,10,Left,0.200133333333326,0.207133333333331,NaN,7.99999999981083,0.0388343051716465,NaN,0.0388343051716465,8.66655802543604,NaN,8.66655802543604,-0.019946717387565,0.0333201399100482,120.906361599977,NaN,NaN
127,NonStim,0,2,0.0909,NaN,11,Left,0.223133333333351,0.240133333333347,NaN,17.9999999995744,0.0066489068615911,NaN,0.0066489068615911,5.97927384611799,NaN,5.97927384611799,0.0066489068615911,0,0,NaN,NaN
127,NonStim,0,2,0.0909,NaN,12,Left,0.248133333333328,0.256133333333366,NaN,8.99999999978718,0.0148741724292984,NaN,0.0148741724292984,4.70683447558113,NaN,4.70683447558113,-0.0132978123036531,0.00666402231338639,153.382868172556,NaN,NaN
127,NonStim,0,2,0.0909,NaN,13,Left,0.264133333333348,0.274133333333339,NaN,10.9999999997399,0.0333201011005521,NaN,0.0333201011005521,7.10192682908862,NaN,7.10192682908862,0,0.0333201011005521,90,NaN,NaN
127,NonStim,0,2,0.0909,NaN,14,Left,0.285133333333363,0.292133333333311,NaN,7.99999999981083,0.0358756324140446,NaN,0.0358756324140446,7.44722395691814,NaN,7.44722395691814,0.0132978142473354,-0.0333201011005521,291.756588896675,NaN,NaN
127,NonStim,0,2,0.0909,NaN,15,Left,0.29813333333334,0.309133333333364,NaN,11.9999999997162,0.0132978139575918,NaN,0.0132978139575918,6.46546923107021,NaN,6.46546923107021,-0.0132978139575918,0,180,NaN,NaN
127,NonStim,0,2,0.0909,NaN,16,Left,0.323133333333317,0.330133333333322,NaN,7.99999999981083,0.0339770083189601,NaN,0.0339770083189601,6.75552751107609,NaN,6.75552751107609,-0.00664890644810644,0.0333201011005521,101.284940894433,NaN,NaN
127,NonStim,0,2,0.0909,NaN,17,Left,0.33813333333336,0.345133333333365,NaN,7.99999999981083,0.035875632306647,NaN,0.035875632306647,7.44722391380411,NaN,7.44722391380411,-0.0132978139575917,-0.0333201011005521,248.243411533103,NaN,NaN
127,NonStim,0,2,0.0909,NaN,18,Left,0.385133333333329,0.394133333333343,NaN,9.99999999976353,0.0333201399100482,NaN,0.0333201399100482,7.84472640934789,NaN,7.84472640934789,-4.46691295064028e-17,-0.0333201399100482,270,NaN,NaN
127,NonStim,0,2,0.0909,NaN,19,Left,0.40713333333332,0.42113333333333,NaN,14.9999999996453,0.0404462106434473,NaN,0.0404462106434473,7.01015906586505,NaN,7.01015906586505,0.0398934413094046,-0.00666403000497433,350.516545987112,NaN,NaN
127,NonStim,0,2,0.0909,NaN,20,Left,0.470133333333365,0.484133333333318,NaN,14.9999999996453,0.0148944546860399,NaN,0.0148944546860399,7.01015830879467,NaN,7.01015830879467,-0.00664890672477768,0.013328046359452,116.513040437171,NaN,NaN
127,NonStim,0,2,0.0909,NaN,21,Merged,0.486133333333328,0.504133333333357,NaN,18.9999999995507,0.246568578633779,0.199920569442211,0.223244574037995,24.43475495186,22.8940049627097,24.43475495186,0,-0.223244574037995,270,4.99999999988177,0
127,NonStim,0,2,0.0909,NaN,22,Left,0.506133333333366,0.512133333333338,NaN,6.99999999983447,0.0333198994819419,NaN,0.0333198994819419,6.66398212531821,NaN,6.66398212531821,0,0.0333198994819419,90,NaN,NaN
127,NonStim,0,2,0.0909,NaN,23,Left,0.525133333333315,0.539133333333325,NaN,14.9999999996453,0.0132978137523716,NaN,0.0132978137523716,7.84471260877535,NaN,7.84471260877535,0.0132978137523716,0,0,NaN,NaN
127,NonStim,0,2,0.0909,NaN,24,Left,0.568133333333321,0.575133333333326,NaN,7.99999999981083,0.0426327286860651,NaN,0.0426327286860651,8.66653813996847,NaN,8.66653813996847,-0.026595627999707,0.0333199958961707,128.596454899751,NaN,NaN
127,NonStim,0,2,0.0909,NaN,25,Left,0.582133333333331,0.589133333333336,NaN,7.99999999981083,0.0358755345202493,NaN,0.0358755345202493,7.4472074803541,NaN,7.4472074803541,0.0132978137523716,-0.0333199958961707,291.756650441082,NaN,NaN
127,NonStim,0,2,0.0909,NaN,26,Left,0.616133333333323,0.623133333333328,NaN,7.99999999981083,0.0333199958961707,NaN,0.0333199958961707,6.755506057748,NaN,6.755506057748,0,0.0333199958961707,90,NaN,NaN
127,NonStim,0,2,0.0909,NaN,27,Left,0.638133333333315,0.64513333333332,NaN,7.99999999981083,0.0388341834126996,NaN,0.0388341834126996,7.84470778674025,NaN,7.84470778674025,-0.0199467209037064,-0.0333199958961707,239.09352481277,NaN,NaN
127,NonStim,0,2,0.0909,NaN,28,Left,0.649133333333339,0.656133333333344,NaN,7.99999999981083,0.0358755347037152,NaN,0.0358755347037152,8.66653822497559,NaN,8.66653822497559,-0.0132978142473355,0.0333199958961707,111.756651175265,NaN,NaN
127,NonStim,0,2,0.0909,NaN,29,Left,0.707133333333331,0.714133333333336,NaN,7.99999999981083,0.0333199958961707,NaN,0.0333199958961707,6.66400095743201,NaN,6.66400095743201,0,-0.0333199958961707,270,NaN,NaN
127,NonStim,0,2,0.0909,NaN,30,Left,0.720133333333365,0.727133333333313,NaN,7.99999999981083,0.0388341822035323,NaN,0.0388341822035323,8.00355188402873,NaN,8.00355188402873,-0.0199467185495838,0.0333199958961707,120.906472207148,NaN,NaN
127,NonStim,0,2,0.0909,NaN,31,Left,0.741133333333323,0.751133333333314,NaN,10.9999999997399,0.00664890474187843,NaN,0.00664890474187843,7.84471640385553,NaN,7.84471640385553,-0.00664890474187843,0,180,NaN,NaN
127,NonStim,0,2,0.0909,NaN,32,Left,0.790133333333358,0.797133333333363,NaN,7.99999999981083,0.0470683051197558,NaN,0.0470683051197558,9.41366234476502,NaN,9.41366234476502,-0.0332445228140177,0.0333200697735567,134.934972634702,NaN,NaN
127,NonStim,0,2,0.0909,NaN,33,Left,0.833133333333365,0.840133333333313,NaN,7.99999999981083,0.0358756028442403,NaN,0.0358756028442403,7.02289787732276,NaN,7.02289787732276,0.0132978129676639,-0.0333200697735567,291.756605543363,NaN,NaN
127,NonStim,0,2,0.0909,NaN,34,Left,0.85013333333336,0.857133333333365,NaN,7.99999999981083,0.0333200697735567,NaN,0.0333200697735567,6.66401528217001,NaN,6.66401528217001,0,0.0333200697735567,90,NaN,NaN
127,NonStim,0,2,0.0909,NaN,35,Left,0.861133333333328,0.880133333333333,NaN,19.9999999995271,0.0094136674228066,NaN,0.0094136674228066,9.41366057191036,NaN,9.41366057191036,-0.00664890672477768,0.00666402083673336,134.934952364903,NaN,NaN
127,NonStim,0,2,0.0909,NaN,36,Left,0.912133333333315,0.92113333333333,NaN,9.99999999976353,0.0094136567572839,NaN,0.0094136567572839,6.75552097605961,NaN,6.75552097605961,-0.0066489037227621,-0.0066640087657053,225.065008677806,NaN,NaN
127,NonStim,0,2,0.0909,NaN,37,Left,0.927133333333359,0.936133333333316,NaN,9.99999999976353,0.0132978118248061,NaN,0.0132978118248061,7.43708311974976,NaN,7.43708311974976,0.0132978118248061,0,0,NaN,NaN
127,NonStim,0,2,0.0909,NaN,38,Left,0.967133333333322,0.973133333333351,NaN,6.99999999983447,0.0339769770643188,NaN,0.0339769770643188,7.84471863643484,NaN,7.84471863643484,-0.00664890372276206,0.0333200697735567,101.284946725155,NaN,NaN
127,NonStim,0,2,0.0909,NaN,39,Left,0.97513333333336,0.982133333333365,NaN,7.99999999981083,0.0274727782119135,NaN,0.0274727782119135,6.47237637279778,NaN,6.47237637279778,-0.00664890624288626,-0.0266560610078514,255.994326260856,NaN,NaN
128,Stim,1,2,0.6363,-0.0491999999999848,1,Merged,0.358699999999999,0.369700000000023,0.407899999999984,11.9999999997162,0.196686024012036,0.132105786214641,0.164395905113339,22.4743333746184,15.8678796133691,22.4743333746184,0.0964091155968264,-0.129948471087786,306.57181777302,-3.99999999990541,20.7747355176809
129,Stim,1,2,-0,-0.0622333333332676,1,Merged,0.145766666666702,0.159766666666712,0.20799999999997,14.9999999996453,0.173392065846885,0.166733080346898,0.170062573096892,19.9920750146946,19.992069006987,19.9920750146946,0.00664890690846913,-0.169932497856811,272.240654883935,2.99999999992906,0.0878138062294056
130,NonStim,0,4,0.1818,NaN,1,Merged,0.83656666666667,0.856566666666652,NaN,20.9999999995034,0.15193928549471,0.242196907015358,0.197068096255034,11.1618634398178,16.9885215107613,16.9885215107613,-0.0365689671382609,-0.193256489249601,259.284893805178,-1.99999999995271,7.33265520861784
131,NonStim,0,1,0.1818,NaN,1,Right,0.070033333333356,0.0760333333333278,NaN,6.99999999983447,NaN,0.0421374733749061,0.0421374733749061,NaN,8.00357793623405,8.00357793623405,-0.0132978102087246,0.0399841831987808,108.395926499876,NaN,NaN
133,NonStim,0,3,-1,NaN,1,Left,0.579700000000003,0.586700000000008,NaN,7.99999999981083,0.0265956252000743,NaN,0.0265956252000743,7.84472867714303,NaN,7.84472867714303,-0.0265956252000743,0,180,NaN,NaN
133,NonStim,0,3,-1,NaN,2,Left,0.642699999999991,0.649699999999996,NaN,7.99999999981083,0.0801652072961544,NaN,0.0801652072961544,13.5473647108211,NaN,13.5473647108211,0.0531912426927563,-0.0599762633183803,311.568907023299,NaN,NaN
134,Stim,1,2,-0.1818,-0.0642999999999461,1,Right,0.344033333333414,0.350033333333386,0.40833333333336,6.99999999983447,NaN,0.0399841643832079,0.0399841643832079,NaN,9.4136742868701,9.4136742868701,0,0.0399841643832079,90,NaN,NaN
135,NonStim,0,2,0.1818,NaN,1,Left,0.536633333333384,0.543633333333389,NaN,7.99999999981083,0.0797868672182561,NaN,0.0797868672182561,13.297813291373,NaN,13.297813291373,0.0797868672182561,0,0,NaN,NaN
139,Stim,1,1,-0.6363,-0.0531999999999471,1,Right,0.660633333333351,0.668633333333332,0.713833333333298,8.99999999978718,NaN,0.0736051557523779,0.0736051557523779,NaN,11.1067102081765,11.1067102081765,0.0066489068657873,-0.0733042358313754,275.182711728749,NaN,NaN
140,NonStim,0,4,0.6363,NaN,1,Right,0.274133333333339,0.283133333333353,NaN,9.99999999976353,NaN,0.120136518796055,0.120136518796055,NaN,16.988506930602,16.988506930602,0.00664890630355625,-0.119952387193425,273.172632440113,NaN,NaN
140,NonStim,0,4,0.6363,NaN,2,Right,0.325133333333383,0.331133333333355,NaN,6.99999999983447,NaN,0.0421374681086244,0.0421374681086244,NaN,8.00357740844698,8.00357740844698,0.0132978086826809,-0.0399841781564177,288.395926694612,NaN,NaN
144,Stim,1,3,-0.0909,-0.0568333333333157,1,Left,0.596833333333393,0.605833333333408,0.653666666666709,9.99999999976353,0.0239897656173867,NaN,0.0239897656173867,8.06884762275246,NaN,8.06884762275246,0.0199467190412475,0.0133280626449114,33.7501808796617,NaN,NaN
147,Stim,1,2,1,-0.0612999999999602,1,Right,0.538466666666636,0.547466666666651,0.599766666666596,9.99999999976353,NaN,0.0779797574186192,0.0779797574186192,NaN,12.4120528949706,12.4120528949706,-0.0265956281280881,0.0733042640747394,109.941352523308,NaN,NaN
153,NonStim,0,3,0.6363,NaN,1,Merged,0.0452999999999975,0.0593000000000075,NaN,14.9999999996453,0.166813996221776,0.227084476108734,0.196949236165255,20.7053429933087,25.3073771957503,25.3073771957503,0.172871442085588,-0.0932962385298335,331.644899705256,0.999999999976353,8.3395522255592
153,NonStim,0,3,0.6363,NaN,2,Right,0.182299999999941,0.188299999999913,NaN,6.99999999983447,NaN,0.0446833479146263,0.0446833479146263,NaN,9.41366158180194,9.41366158180194,-0.0199466930581251,0.0399841345649056,116.513011907266,NaN,NaN
153,NonStim,0,3,0.6363,NaN,3,Right,0.823299999999904,0.829299999999989,NaN,6.99999999983447,NaN,0.0799682070823762,0.0799682070823762,NaN,15.5493775470495,15.5493775470495,0,-0.0799682070823762,270,NaN,NaN
154,Stim,1,2,-1,-0.0625999999999749,1,Merged,0.565966666666668,0.574966666666683,0.628566666666643,9.99999999976353,0.155407506770245,0.153180243992047,0.154293875381146,20.4600969135318,18.8890335786247,20.4600969135318,0.116355828326314,-0.0999602636667304,319.334416092442,0.999999999976353,12.3596855707367
157,Stim,1,2,-0.4545,-0.0599333333332197,1,Right,0.397100000000137,0.403100000000109,0.457033333333356,6.99999999983447,NaN,0.0446833987123008,0.0446833987123008,NaN,9.41367255352777,9.41367255352777,0.0199467212682078,-0.039984177259647,296.513019837199,NaN,NaN
157,Stim,1,2,-0.4545,-0.0599333333332197,2,Right,0.737100000000055,0.74310000000014,0.797033333333275,6.99999999983447,NaN,0.0519993067361733,0.0519993067361733,NaN,9.41366285370867,9.41366285370867,-0.0332444502122048,0.039984177259647,129.741495436023,NaN,NaN
158,NonStim,0,4,-0.6363,NaN,1,Right,0.146399999999971,0.152399999999943,NaN,6.99999999983447,NaN,0.0405332347078569,0.0405332347078569,NaN,7.02291268233809,7.02291268233809,-0.00664890618543727,0.0399841864043708,99.4412333161112,NaN,NaN
158,NonStim,0,4,-0.6363,NaN,2,Merged,0.692399999999907,0.712400000000002,NaN,20.9999999995034,0.236050096378334,0.27368677247457,0.254868434426452,18.8479918511899,21.3057731583612,21.3057731583612,0.179519699084783,-0.179928286308893,314.934871485242,0,8.51917747094228
158,NonStim,0,4,-0.6363,NaN,3,Merged,0.891399999999976,0.901399999999967,NaN,10.9999999997399,0.179136508241072,0.190471499041009,0.184804003641041,23.9896462660213,25.2737044093385,25.2737044093385,-0.16289765687841,0.0866320286124013,151.995117138045,-0.999999999976353,6.56198765831152
160,NonStim,0,3,-0.3636,NaN,1,Right,0.810866666666584,0.81686666666667,NaN,6.99999999983447,NaN,0.0405332319177013,0.0405332319177013,NaN,8.00357627783307,8.00357627783307,-0.00664890111646338,-0.039984184418813,260.558773291685,NaN,NaN
160,NonStim,0,3,-0.3636,NaN,2,Right,0.912866666666673,0.918866666666645,NaN,6.99999999983447,NaN,0.0405332327566436,0.0405332327566436,NaN,11.0905912446594,11.0905912446594,-0.00664890623084679,-0.039984184418813,260.558766160172,NaN,NaN
163,NonStim,0,3,-0,NaN,1,Right,0.923633333333441,0.936633333333361,NaN,13.9999999996689,NaN,0.248799763350746,0.248799763350746,NaN,24.4598912507871,24.4598912507871,0.0332445157234521,-0.246568701212665,277.678803499122,NaN,NaN
164,Stim,1,1,0.1818,-0.0526333333333469,1,Left,0.0426333333332423,0.0496333333333041,0.0952666666665891,7.99999999981083,0.0507338523775984,NaN,0.0507338523775984,9.41366789594793,NaN,9.41366789594793,-0.0199467141466067,0.0466481765112583,113.151504025445,NaN,NaN
164,Stim,1,1,0.1818,-0.0526333333333469,2,Left,0.503633333333255,0.50963333333334,0.556266666666602,6.99999999983447,0.0332445348668746,NaN,0.0332445348668746,8.66655412630388,NaN,8.66655412630388,0.0332445348668746,0,0,NaN,NaN
164,Stim,1,1,0.1818,-0.0526333333333469,3,Left,0.624633333333236,0.635633333333317,0.677266666666583,11.9999999997162,0.103550090703382,NaN,0.103550090703382,12.944703039893,NaN,12.944703039893,0.0731379033508575,0.073303945174317,45.0649642962436,NaN,NaN
164,Stim,1,1,0.1818,-0.0526333333333469,4,Left,0.638633333333246,0.645633333333308,0.691266666666593,7.99999999981083,0.0834563050509165,NaN,0.0834563050509165,12.9447286615879,NaN,12.9447286615879,-0.0398933683846333,-0.0733039836003444,241.444159272893,NaN,NaN
165,NonStim,0,4,-0.0909,NaN,1,Merged,0.00830000000007658,0.0183000000000675,NaN,10.9999999997399,0.139626791578474,0.146275738296737,0.142951264937606,17.7651552327812,16.622262435038,17.7651552327812,0.142951264937606,0,0,0.999999999976353,0
165,NonStim,0,4,-0.0909,NaN,2,Left,0.174300000000017,0.186300000000074,NaN,12.9999999996926,0.0132977903960714,NaN,0.0132977903960714,12.0053625108496,NaN,12.0053625108496,-0.0132977903960714,0,180,NaN,NaN
167,Stim,1,4,-0.3636,-0.0517999999999574,1,Left,0.109800000000064,0.115800000000036,0.161600000000021,6.99999999983447,0.0333201408869127,NaN,0.0333201408869127,8.66300744418916,NaN,8.66300744418916,-4.5102810375397e-17,-0.0333201408869127,270,NaN,NaN
167,Stim,1,4,-0.3636,-0.0517999999999574,2,Left,0.134800000000041,0.140800000000013,0.186599999999999,6.99999999983447,0.0480214762916603,NaN,0.0480214762916603,9.41367392323711,NaN,9.41367392323711,-0.0265956281549226,0.0399841812255244,123.630013866065,NaN,NaN
167,Stim,1,4,-0.3636,-0.0517999999999574,3,Left,0.673800000000028,0.679800000000114,0.725599999999986,6.99999999983447,0.0707698751502943,NaN,0.0707698751502943,14.210935185707,NaN,14.210935185707,0.0465423429721451,-0.0533121518928983,311.121468266906,NaN,NaN
174,Stim,1,3,0.0909,-0.0639333333333525,1,Merged,0.549600000000055,0.56860000000006,0.613533333333407,19.9999999995271,0.166252138379266,0.299316472355253,0.232784305367259,16.4780930822525,26.1918655664221,26.1918655664221,0.159573607507913,-0.149940253702666,316.782706564005,-0.999999999976353,41.4877786359898
175,NonStim,0,2,-0,NaN,1,Merged,0.794466666666608,0.806466666666665,NaN,12.9999999996926,0.192085754525033,0.216096412352274,0.204091083438653,24.3703523363599,25.9996612108137,25.9996612108137,0.113031382530456,-0.169932565750114,303.630036976509,-1.99999999995271,9.48876686379663e-06
176,NonStim,0,2,1,NaN,1,Left,0.306433333333302,0.314433333333227,NaN,8.99999999978718,0.111686901055903,NaN,0.111686901055903,18.6144897845135,NaN,18.6144897845135,0.033244534874084,-0.106624409815375,287.317010302584,NaN,NaN
176,NonStim,0,2,1,NaN,2,Left,0.319433333333222,0.326433333333284,NaN,7.99999999981083,0.0753093122526159,NaN,0.0753093122526159,12.5515535092816,NaN,12.5515535092816,-0.0531912493124319,0.0533121328455795,134.934968137655,NaN,NaN
176,NonStim,0,2,1,NaN,3,Left,0.543433333333269,0.550433333333331,NaN,7.99999999981083,0.080244297935156,NaN,0.080244297935156,13.5110784337106,NaN,13.5110784337106,0.00664890630024047,0.0799683649708852,85.2471198794094,NaN,NaN
176,NonStim,0,2,1,NaN,4,Left,0.908433333333278,0.91443333333325,NaN,6.99999999983447,0.0399841837619663,NaN,0.0399841837619663,6.66403143489598,NaN,6.66403143489598,0,0.0399841837619663,90,NaN,NaN
177,Stim,1,3,0.1818,-0.0512666666666064,1,Right,0.875166666666701,0.883166666666625,0.926433333333307,8.99999999978718,NaN,0.080244297433905,0.080244297433905,NaN,11.3256874484852,11.3256874484852,0.00664890695179633,-0.0799683644137316,274.752880617175,NaN,NaN
178,Stim,1,1,-1,-0.0504999999999427,1,Merged,0.730599999999981,0.740599999999972,0.781099999999924,10.9999999997399,0.101931166710844,0.0866323728300817,0.0942817697704631,13.3740485980567,11.9585587133321,13.3740485980567,0.00997336038287087,0.0932964101983721,83.8982692609165,0.999999999976353,11.2849258092575
179,NonStim,0,2,0.3636,NaN,1,Right,0.613633333333269,0.62063333333333,NaN,7.99999999981083,NaN,0.0960429504839437,0.0960429504839437,NaN,16.6464751234532,16.6464751234532,-0.0531912491836532,-0.0799683646696853,236.369990406666,NaN,NaN
183,Stim,1,1,-0.1818,-0.0541000000000622,1,Left,0.272899999999936,0.278899999999908,0.326999999999998,6.99999999983447,0.0603436978380969,NaN,0.0603436978380969,11.3256875423217,NaN,11.3256875423217,0.0066489069117207,-0.0599762778576231,276.325919515152,NaN,NaN
183,Stim,1,1,-0.1818,-0.0541000000000622,2,Left,0.550899999999956,0.564899999999966,0.605000000000018,14.9999999996453,0.170005223573354,NaN,0.170005223573354,17.353185921349,NaN,17.353185921349,0.14627578560589,-0.0866323876365292,329.363701222289,NaN,NaN
185,NonStim,0,1,-0.4545,NaN,1,Left,0.276766666666731,0.283766666666679,NaN,7.99999999981083,0.0333201383439439,NaN,0.0333201383439439,7.84472605223897,NaN,7.84472605223897,4.16333634234434e-17,0.0333201383439439,89.9999999999999,NaN,NaN
185,NonStim,0,1,-0.4545,NaN,2,Left,0.948766666666756,0.954766666666728,NaN,6.99999999983447,0.0421373796535606,NaN,0.0421373796535606,8.66654189590325,NaN,8.66654189590325,-0.01329781371977,0.0399840832625008,108.395973913483,NaN,NaN
186,Stim,1,3,-0,-0.0700333333332992,1,Left,0.0769000000000233,0.0849000000000615,0.146933333333322,8.99999999978718,0.0533122450587735,NaN,0.0533122450587735,9.41367498386502,NaN,9.41367498386502,-4.42354486374086e-17,0.0533122450587735,90,NaN,NaN
186,Stim,1,3,-0,-0.0700333333332992,2,Merged,0.645900000000097,0.665900000000079,0.715933333333396,20.9999999995034,0.29995400139183,0.34012396074859,0.32003898107021,31.8016036915437,27.4728239789673,31.8016036915437,-0.00997335955330052,-0.319872105205474,268.214141409752,-0.999999999976353,0.970515759851992
187,Stim,1,3,0.6363,-0.050133333333406,1,Left,0.00789999999994961,0.0148999999998978,0.0580333333333556,7.99999999981083,0.0339770625678855,NaN,0.0339770625678855,6.75553948446136,NaN,6.75553948446136,0.00664890619131991,-0.0333201564702364,281.284922198295,NaN,NaN
187,Stim,1,3,0.6363,-0.050133333333406,2,Left,0.036899999999946,0.0528999999999087,0.0870333333333519,16.999999999598,0.0388343188547678,NaN,0.0388343188547678,8.66656076958979,NaN,8.66656076958979,-0.0199467163641723,0.0333201564702364,120.906347754919,NaN,NaN
187,Stim,1,3,0.6363,-0.050133333333406,3,Left,0.081899999999905,0.0888999999999669,0.132033333333311,7.99999999981083,0.0339770625678855,NaN,0.0339770625678855,7.02291320284575,NaN,7.02291320284575,0.00664890619131987,-0.0333201564702364,281.284922198295,NaN,NaN
187,Stim,1,3,0.6363,-0.050133333333406,4,Left,0.0948999999999387,0.110899999999901,0.145033333333345,16.999999999598,0.0333201564702364,NaN,0.0333201564702364,8.88537500845581,NaN,8.88537500845581,0,0.0333201564702364,90,NaN,NaN
187,Stim,1,3,0.6363,-0.050133333333406,5,Left,0.120900000000006,0.127899999999954,0.171033333333412,7.99999999981083,0.0339770550180952,NaN,0.0339770550180952,6.66403019106934,NaN,6.66403019106934,-0.00664890668914892,0.0333201486722622,101.284925594814,NaN,NaN
187,Stim,1,3,0.6363,-0.050133333333406,6,Left,0.129899999999907,0.141899999999964,0.180033333333313,12.9999999996926,0.0679541175859807,NaN,0.0679541175859807,8.66656131047851,NaN,8.66656131047851,0.0132978128804688,-0.0666403051424986,281.284923896555,NaN,NaN
187,Stim,1,3,0.6363,-0.050133333333406,7,Left,0.144899999999893,0.155899999999974,0.195033333333299,11.9999999997162,0.0666403051424986,NaN,0.0666403051424986,8.88537500845581,NaN,8.88537500845581,0,0.0666403051424986,90,NaN,NaN
187,Stim,1,3,0.6363,-0.050133333333406,8,Left,0.16089999999997,0.167899999999918,0.211033333333376,7.99999999981083,0.0388343146198975,NaN,0.0388343146198975,7.84472774047584,NaN,7.84472774047584,0.0199467211454796,-0.0333201486722622,300.906359716977,NaN,NaN
187,Stim,1,3,0.6363,-0.050133333333406,9,Merged,0.197900000000004,0.214899999999943,0.24803333333341,17.9999999995744,0,0.0240107366767362,0.0120053683383681,6.66403019106934,9.41367297706711,9.41367297706711,0.00664890661346738,-0.00999604470704692,303.630013760308,10.9999999997399,56.369986239692
187,Stim,1,3,0.6363,-0.050133333333406,10,Left,0.227899999999977,0.234899999999925,0.278033333333383,7.99999999981083,0.033977054920676,NaN,0.033977054920676,7.02291122402648,NaN,7.02291122402648,0.00664890619131987,0.0333201486722622,78.7150752284483,NaN,NaN
187,Stim,1,3,0.6363,-0.050133333333406,11,Left,0.264899999999898,0.27189999999996,0.315033333333304,7.99999999981083,0.0333201486722622,NaN,0.0333201486722622,6.66403019106934,NaN,6.66403019106934,0,-0.0333201486722622,270,NaN,NaN
187,Stim,1,3,0.6363,-0.050133333333406,12,Left,0.288899999999899,0.298900000000003,0.339033333333305,10.9999999997399,0.0426328430914957,NaN,0.0426328430914957,7.01015701266998,NaN,7.01015701266998,-0.026595619987555,0.0333201486722622,128.596318398308,NaN,NaN
187,Stim,1,3,0.6363,-0.050133333333406,13,Left,0.331899999999905,0.338899999999967,0.382033333333311,7.99999999981083,0.0426328407321321,NaN,0.0426328407321321,9.41367284560657,NaN,9.41367284560657,0.0265956162054892,-0.0333201486722622,308.596314425752,NaN,NaN
187,Stim,1,3,0.6363,-0.050133333333406,14,Left,0.344899999999939,0.351900000000001,0.395033333333345,7.99999999981083,0.0333201486722622,NaN,0.0333201486722622,6.66403019106934,NaN,6.66403019106934,0,0.0333201486722622,90,NaN,NaN
187,Stim,1,3,0.6363,-0.050133333333406,15,Left,0.358899999999949,0.367899999999963,0.409033333333355,9.99999999976353,0.0470683606782051,NaN,0.0470683606782051,8.66300895388221,NaN,8.66300895388221,0.0332445223968091,-0.0333201486722622,314.934904440001,NaN,NaN
187,Stim,1,3,0.6363,-0.050133333333406,16,Left,0.372899999999959,0.385899999999992,0.423033333333365,13.9999999996689,0,NaN,0,6.75553811219759,NaN,6.75553811219759,0,0,0,NaN,NaN
187,Stim,1,3,0.6363,-0.050133333333406,17,Left,0.449899999999957,0.458899999999971,0.500033333333363,9.99999999976353,0.0339770539079377,NaN,0.0339770539079377,5.97927889410425,NaN,5.97927889410425,-0.00664890101605109,0.0333201486722622,101.284916213182,NaN,NaN
187,Stim,1,3,0.6363,-0.050133333333406,18,Left,0.460899999999924,0.467899999999986,0.51103333333333,7.99999999981083,0.0358756735521898,NaN,0.0358756735521898,7.44723274413992,NaN,7.44723274413992,0.0132978060326368,-0.0333201486722622,291.756548550547,NaN,NaN
187,Stim,1,3,0.6363,-0.050133333333406,19,Left,0.473899999999958,0.47989999999993,0.524033333333364,6.99999999983447,0.0339770539079377,NaN,0.0339770539079377,6.7555373598596,NaN,6.7555373598596,-0.00664890101605109,0.0333201486722622,101.284916213182,NaN,NaN
187,Stim,1,3,0.6363,-0.050133333333406,20,Left,0.481899999999996,0.487899999999968,0.532033333333402,6.99999999983447,0.0470683570228976,NaN,0.0470683570228976,9.41367138348351,NaN,9.41367138348351,0.0332445172215403,-0.0333201486722622,314.934899980314,NaN,NaN
187,Stim,1,3,0.6363,-0.050133333333406,21,Left,0.497899999999959,0.504899999999907,0.548033333333365,7.99999999981083,0.0333201486722622,NaN,0.0333201486722622,6.75553739794881,NaN,6.75553739794881,0,0.0333201486722622,90,NaN,NaN
187,Stim,1,3,0.6363,-0.050133333333406,22,Left,0.528899999999908,0.543899999999894,0.579033333333314,15.9999999996217,0.00664890240925411,NaN,0.00664890240925411,9.41367284560657,NaN,9.41367284560657,0.00664890240925411,0,0,NaN,NaN
187,Stim,1,3,0.6363,-0.050133333333406,23,Left,0.54989999999998,0.556899999999928,0.600033333333386,7.99999999981083,0.0339770244316336,NaN,0.0339770244316336,7.02290629174206,NaN,7.02290629174206,0.00664890240925411,0.0333201183368253,78.7150714724623,NaN,NaN
187,Stim,1,3,0.6363,-0.050133333333406,24,Left,0.558899999999994,0.564899999999966,0.6090333333334,6.99999999983447,0.0470683392034601,NaN,0.0470683392034601,9.41366769166798,NaN,9.41366769166798,0.0332445223968091,-0.0333201183368253,314.93493052165,NaN,NaN
187,Stim,1,3,0.6363,-0.050133333333406,25,Left,0.566899999999919,0.578899999999976,0.617033333333325,12.9999999996926,0.0332445223968091,NaN,0.0332445223968091,7.44722693277037,NaN,7.44722693277037,-0.0332445223968091,0,180,NaN,NaN
187,Stim,1,3,0.6363,-0.050133333333406,26,Left,0.593899999999962,0.600899999999911,0.644033333333368,7.99999999981083,0.0333201183368253,NaN,0.0333201183368253,6.6640245747299,NaN,6.6640245747299,0,0.0333201183368253,90,NaN,NaN
187,Stim,1,3,0.6363,-0.050133333333406,27,Left,0.630899999999997,0.641899999999964,0.681033333333403,11.9999999997162,0.0148741658575418,NaN,0.0148741658575418,9.41366886974632,NaN,9.41366886974632,0.0132978060326368,-0.00666402015873528,333.382864770136,NaN,NaN
187,Stim,1,3,0.6363,-0.050133333333406,28,Left,0.650899999999979,0.657899999999927,0.701033333333385,7.99999999981083,0.0339770244316336,NaN,0.0339770244316336,7.02290629174206,NaN,7.02290629174206,0.00664890240925411,0.0333201183368253,78.7150714724623,NaN,NaN
187,Stim,1,3,0.6363,-0.050133333333406,29,Left,0.675899999999956,0.685899999999947,0.726033333333362,10.9999999997399,0.0339770244316336,NaN,0.0339770244316336,5.9694464900242,NaN,5.9694464900242,0.00664890240925411,-0.0333201183368253,281.284928527538,NaN,NaN
187,Stim,1,3,0.6363,-0.050133333333406,30,Left,0.689899999999966,0.696899999999914,0.740033333333372,7.99999999981083,0.0358756453776329,NaN,0.0358756453776329,7.44722771845404,NaN,7.44722771845404,-0.0132978060326368,0.0333201183368253,111.756566508345,NaN,NaN
187,Stim,1,3,0.6363,-0.050133333333406,31,Left,0.711899999999901,0.718899999999962,0.762033333333306,7.99999999981083,0.0333200654640486,NaN,0.0333200654640486,6.66401445091884,NaN,6.66401445091884,0,0.0333200654640486,90,NaN,NaN
187,Stim,1,3,0.6363,-0.050133333333406,32,Left,0.725899999999911,0.736899999999991,0.776033333333316,11.9999999997162,0.0266560576828468,NaN,0.0266560576828468,7.02289653871797,NaN,7.02289653871797,0,-0.0266560576828468,270,NaN,NaN
187,Stim,1,3,0.6363,-0.050133333333406,33,Left,0.803899999999999,0.816899999999919,0.854033333333405,13.9999999996689,0.0132977894144965,NaN,0.0132977894144965,7.44722434140725,NaN,7.44722434140725,0.0132977894144965,0,0,NaN,NaN
187,Stim,1,3,0.6363,-0.050133333333406,34,Left,0.880899999999997,0.887899999999945,0.931033333333403,7.99999999981083,0.0470682741922909,NaN,0.0470682741922909,9.41365532183245,NaN,9.41365532183245,0.0332444303524761,-0.0333201183368253,314.934851204139,NaN,NaN
187,Stim,1,3,0.6363,-0.050133333333406,35,Left,0.889899999999898,0.898899999999912,0.940033333333304,9.99999999976353,0.0426327756807877,NaN,0.0426327756807877,7.99656944459155,NaN,7.99656944459155,-0.026595549933557,0.0333201183368253,128.596270248655,NaN,NaN
188,Stim,1,4,-0.0909,-0.0561333333333778,1,Left,0.576900000000023,0.582899999999995,0.633033333333401,6.99999999983447,0.0519993400839047,NaN,0.0519993400839047,9.41367139639206,NaN,9.41367139639206,-0.0332445315538155,0.0399841529975182,129.741581444619,NaN,NaN
190,Stim,1,3,-0.3636,-0.064899999999966,1,Right,0.0112333333333936,0.0172333333333654,0.0761333333333596,6.99999999983447,NaN,0.0399841823978146,0.0399841823978146,NaN,6.75553943379424,6.75553943379424,0,0.0399841823978146,90,NaN,NaN
190,Stim,1,3,-0.3636,-0.064899999999966,2,Left,0.821233333333339,0.83123333333333,0.886133333333305,10.9999999997399,0.0664890262130752,NaN,0.0664890262130752,11.0815052644808,NaN,11.0815052644808,0.0664890262130752,0,0,NaN,NaN
190,Stim,1,3,-0.3636,-0.064899999999966,3,Left,0.865233333333322,0.871233333333407,0.930133333333288,6.99999999983447,0.0484130600821946,NaN,0.0484130600821946,11.1370260645803,NaN,11.1370260645803,0.0465423167759734,0.0133280582099242,15.9798225426539,NaN,NaN
191,NonStim,0,2,-1,NaN,1,Right,0.311066666666648,0.317066666666619,NaN,6.99999999983447,NaN,0.0405332328787509,0.0405332328787509,NaN,8.66655850120254,8.66655850120254,-0.00664890394091135,-0.0399841849233867,260.558769470263,NaN,NaN
191,NonStim,0,2,-1,NaN,2,Merged,0.61906666666664,0.63206666666656,NaN,13.9999999996689,0.169828290222758,0.155997893055773,0.162913091639266,18.472987732551,15.0949044918112,18.472987732551,0.0864356452211015,-0.136612536057065,302.321804776812,-6.99999999983447,14.2322261521072
196,Stim,1,3,1,-0.0583666666666431,1,Right,0.693199999999933,0.699200000000019,0.751566666666577,6.99999999983447,NaN,0.0405332337984339,0.0405332337984339,NaN,8.66656076221501,8.66656076221501,0.00664890573343756,-0.0399841855576222,279.44123288218,NaN,NaN
197,NonStim,0,1,-0.3636,NaN,1,Left,0.325066666666658,0.331066666666629,NaN,6.99999999983447,0.048021470614628,NaN,0.048021470614628,9.41367206061209,NaN,9.41367206061209,-0.0265956122545195,0.0399841849835511,123.629995586775,NaN,NaN
197,NonStim,0,1,-0.3636,NaN,2,Right,0.497066666666683,0.503066666666655,NaN,6.99999999983447,NaN,0.0824182535924487,0.0824182535924487,NaN,15.9007705797004,15.9007705797004,0.0199467058800023,0.0799681027020516,75.994321413651,NaN,NaN
197,NonStim,0,1,-0.3636,NaN,3,Merged,0.504066666666631,0.516066666666688,NaN,12.9999999996926,0.135908195348541,0.115030805624003,0.125469500486272,14.4338907102819,15.5887950255781,15.5887950255781,-0.023271163662209,-0.123284382858686,259.310618221304,1.99999999995271,1.29917977521245
198,Stim,1,1,-0,-0.0557999999999765,1,Right,0.632066666666674,0.639066666666622,0.68786666666665,7.99999999981083,NaN,0.086603266207104,0.086603266207104,NaN,14.8944577300824,14.8944577300824,0.0332444880990953,-0.0799683045260285,292.573672513105,NaN,NaN
199,NonStim,0,3,-0.4545,NaN,1,Left,0.815600000000018,0.824599999999919,NaN,9.99999999976353,0.0717499668340309,NaN,0.0717499668340309,11.7948184205197,NaN,11.7948184205197,0.0265956002081883,-0.0666388159427428,291.756978240531,NaN,NaN
200,Stim,1,4,0.3636,-0.0616666666664969,1,Merged,0.497200000000134,0.508200000000102,0.558866666666631,11.9999999997162,0.168243561447809,0.195698771326747,0.181971166387278,20.2230971131164,23.3909388230657,23.3909388230657,0.159573541838125,-0.0833003614316436,332.434602298529,0,16.8985907606587
202,NonStim,0,1,0.4545,NaN,1,Right,0.429133333333311,0.435133333333283,NaN,6.99999999983447,NaN,0.08128414909839,0.08128414909839,NaN,14.2109389463334,14.2109389463334,0.0465423056882219,-0.066640278179742,304.930873260021,NaN,NaN
203,Stim,1,4,0.1818,-0.0564000000000533,1,Left,0.839833333333218,0.850833333333298,0.896233333333271,11.9999999997162,0.116368340902065,NaN,0.116368340902065,12.4120561083756,NaN,12.4120561083756,0.026595625638493,-0.113288408326697,283.21153781008,NaN,NaN
206,Stim,1,4,0.4545,-0.0556666666666388,1,Right,0.553099999999972,0.565100000000029,0.608766666666611,12.9999999996926,NaN,0.143011925889031,0.143011925889031,NaN,17.3768348233583,17.3768348233583,0.0664890542005933,-0.12661602038447,297.705021910704,NaN,NaN
208,Stim,1,4,-0.1818,-0.0597666666667465,1,Left,0.483366666666598,0.489366666666569,0.543133333333344,6.99999999983447,0.0405332358018028,NaN,0.0405332358018028,9.41367486797726,NaN,9.41367486797726,0.00664890673142182,0.0399841874225475,80.558766158654,NaN,NaN
208,Stim,1,4,-0.1818,-0.0597666666667465,2,Left,0.830366666666578,0.839366666666592,0.890133333333324,9.99999999976353,0.0895643134048913,NaN,0.0895643134048913,13.5473610971949,NaN,13.5473610971949,-0.059840155210542,0.0666402435474829,131.92251438289,NaN,NaN
209,Stim,1,1,-0.4545,-0.0532000000000608,1,Merged,0.710566666666637,0.721566666666604,0.763766666666697,11.9999999997162,0.0989448477619942,0.14249683054369,0.120720839152842,13.7089062584738,20.4600514457135,20.4600514457135,0.0797868537299099,-0.0899642032534066,311.568963962805,-1.99999999995271,10.3188943552443
211,NonStim,0,2,-0.6363,NaN,1,Merged,0.380766666666659,0.394766666666669,NaN,14.9999999996453,0.119155705742362,0.13405015508439,0.126602930413376,12.9309349136783,12.6368519127721,12.9309349136783,-0.0565157027434806,0.113288469548602,116.51302339687,-0.999999999976353,5.62539639759052e-07
214,NonStim,0,1,0.0909,NaN,1,Left,0.344333333333338,0.351333333333287,NaN,7.99999999981083,0.021030477506761,NaN,0.021030477506761,7.4472324966307,NaN,7.4472324966307,-0.0199467211760758,0.00666403019848128,161.52596377973,NaN,NaN
214,NonStim,0,1,0.0909,NaN,2,Left,0.707333333333281,0.715333333333319,NaN,8.99999999978718,0.0549456377162336,NaN,0.0549456377162336,8.00357135467394,NaN,8.00357135467394,0.0132978112010846,0.0533122061192735,75.9943487858529,NaN,NaN
214,NonStim,0,1,0.0909,NaN,3,Merged,0.900333333333379,0.92033333333336,NaN,20.9999999995034,0.313208503962625,0.299880216516399,0.306544360239512,24.4347719938288,26.6560924474632,26.6560924474632,0,-0.306544360239512,270,0,0
215,Stim,1,2,0.4545,-0.0573333333333039,1,Right,0.170766666666736,0.176766666666708,0.22810000000004,6.99999999983447,NaN,0.0519993607383252,0.0519993607383252,NaN,9.41367379019933,9.41367379019933,-0.0332445228418891,0.0399841871020231,129.741550038642,NaN,NaN
216,Stim,1,2,-0.6363,-0.0512666666666064,1,Right,0.886600000000044,0.898599999999988,0.93786666666665,12.9999999996926,NaN,0.14660806779591,0.14660806779591,NaN,13.7363456812472,13.7363456812472,0,-0.14660806779591,270,NaN,NaN
217,Stim,1,2,0.1818,-0.0655333333332919,1,Right,0.496200000000044,0.504200000000083,0.561733333333336,8.99999999978718,NaN,0.0990424732370988,0.0990424732370988,NaN,14.8944621651084,14.8944621651084,0.0332445233925449,-0.0932963727554505,289.612632254811,NaN,NaN
218,Stim,1,4,1,-0.049733333333279,1,Left,0.530200000000036,0.537199999999984,0.579933333333315,7.99999999981083,0.0666402659588814,NaN,0.0666402659588814,12.0053669033912,NaN,12.0053669033912,0,0.0666402659588814,90,NaN,NaN
218,Stim,1,4,1,-0.049733333333279,2,Merged,0.540200000000027,0.550200000000018,0.589933333333306,10.9999999997399,0.104261199149406,0.0953763790784893,0.0998187891139478,16.5070756323803,12.9447720821932,16.5070756323803,0.0432178903308177,-0.0899643567503886,295.65911908633,-2.99999999992906,1.78738484150495
219,NonStim,0,3,0.1818,NaN,1,Right,0.0495333333333292,0.0565333333333911,NaN,7.99999999981083,NaN,0.0470683702847472,0.0470683702847472,NaN,9.41367445732132,9.41367445732132,-0.0332445281899671,0.0333201564625461,134.934902734254,NaN,NaN
219,NonStim,0,3,0.1818,NaN,2,Right,0.0625333333333629,0.0775333333333492,NaN,15.9999999996217,NaN,0.0332445281899671,0.0332445281899671,NaN,9.41367435763749,9.41367435763749,0.0332445281899671,0,0,NaN,NaN
219,NonStim,0,3,0.1818,NaN,3,Right,0.112533333333317,0.123533333333398,NaN,11.9999999997162,NaN,0.0332445281899671,0.0332445281899671,NaN,9.41367435763749,9.41367435763749,0.0332445281899671,0,0,NaN,NaN
219,NonStim,0,3,0.1818,NaN,4,Right,0.189533333333316,0.202533333333349,NaN,13.9999999996689,NaN,0.00666403083058054,0.00666403083058054,NaN,8.66301057062634,8.66301057062634,0,0.00666403083058054,90,NaN,NaN
219,NonStim,0,3,0.1818,NaN,5,Right,0.223533333333307,0.230533333333369,NaN,7.99999999981083,NaN,0.0519780627277946,0.0519780627277946,NaN,10.4609618075781,10.4609618075781,-0.0398934352775741,-0.0333201564625461,219.869613287554,NaN,NaN
219,NonStim,0,3,0.1818,NaN,6,Right,0.236533333333341,0.255533333333346,NaN,19.9999999995271,NaN,0.0405332350394432,0.0405332350394432,NaN,7.99658831242862,7.99658831242862,-0.00664890641965642,0.0399841867015624,99.4412335737964,NaN,NaN
219,NonStim,0,3,0.1818,NaN,7,Right,0.280533333333324,0.286533333333296,NaN,6.99999999983447,NaN,0.0426328500280101,0.0426328500280101,NaN,9.41367435763749,9.41367435763749,0.0265956213467978,-0.0333201564625461,308.596313294745,NaN,NaN
219,NonStim,0,3,0.1818,NaN,8,Right,0.293533333333357,0.302533333333372,NaN,9.99999999976353,NaN,0.0148944670547001,0.0148944670547001,NaN,5.97928003426594,5.97928003426594,-0.00664890293485491,0.0133280620724255,116.513000408927,NaN,NaN
219,NonStim,0,3,0.1818,NaN,9,Right,0.313533333333339,0.322533333333354,NaN,9.99999999976353,NaN,0.0265956178619963,0.0265956178619963,NaN,9.9161149223471,9.9161149223471,0.0265956178619963,0,0,NaN,NaN
219,NonStim,0,3,0.1818,NaN,10,Right,0.352533333333326,0.358533333333298,NaN,6.99999999983447,NaN,0.0274728312274904,0.0274728312274904,NaN,6.7410342988894,6.7410342988894,-0.00664890641965643,0.0266561156036814,104.005646540202,NaN,NaN
219,NonStim,0,3,0.1818,NaN,11,Right,0.374533333333375,0.387533333333295,NaN,13.9999999996689,NaN,0,0,NaN,9.41367219369119,9.41367219369119,0,0,0,NaN,NaN
219,NonStim,0,3,0.1818,NaN,12,Right,0.42053333333331,0.435533333333296,NaN,15.9999999996217,NaN,0.039893431124822,0.039893431124822,NaN,9.47070387859346,9.47070387859346,-0.039893431124822,0,180,NaN,NaN
219,NonStim,0,3,0.1818,NaN,13,Right,0.443533333333335,0.454533333333302,NaN,11.9999999997162,NaN,0.0339770481847302,0.0339770481847302,NaN,7.43708723057849,7.43708723057849,-0.00664890684316929,0.0333201416734434,101.284928159063,NaN,NaN
219,NonStim,0,3,0.1818,NaN,14,Right,0.471533333333355,0.480533333333369,NaN,9.99999999976353,NaN,0.0479795237644006,0.0479795237644006,NaN,8.06884864755917,8.06884864755917,-0.039893438355876,-0.0266561114344271,213.750166941054,NaN,NaN
219,NonStim,0,3,0.1818,NaN,15,Right,0.496533333333332,0.503533333333394,NaN,7.99999999981083,NaN,0.0333201416734434,0.0333201416734434,NaN,6.66402893112786,6.66402893112786,0,0.0333201416734434,90,NaN,NaN
219,NonStim,0,3,0.1818,NaN,16,Right,0.512533333333295,0.523533333333376,NaN,11.9999999997162,NaN,0.0132978142405764,0.0132978142405764,NaN,6.75553600712022,6.75553600712022,0.0132978142405764,0,0,NaN,NaN
219,NonStim,0,3,0.1818,NaN,17,Right,0.572533333333354,0.581533333333368,NaN,9.99999999976353,NaN,0.0332445343009073,0.0332445343009073,NaN,7.43708786148956,7.43708786148956,-0.0332445343009073,0,180,NaN,NaN
219,NonStim,0,3,0.1818,NaN,18,Right,0.590533333333383,0.611533333333341,NaN,21.9999999994798,NaN,0.0358756349746198,0.0358756349746198,NaN,6.74103494831505,6.74103494831505,-0.0132978130210742,0.0333201043469062,111.756585155996,NaN,NaN
219,NonStim,0,3,0.1818,NaN,19,Right,0.620533333333356,0.626533333333327,NaN,6.99999999983447,NaN,0.0339770115609356,0.0339770115609356,NaN,6.66402191656744,6.66402191656744,-0.00664890674646868,-0.0333201043469062,258.715059683432,NaN,NaN
219,NonStim,0,3,0.1818,NaN,20,Right,0.645533333333333,0.652533333333395,NaN,7.99999999981083,NaN,0.0333201043469062,0.0333201043469062,NaN,7.02290226307615,7.02290226307615,0,0.0333201043469062,90,NaN,NaN
219,NonStim,0,3,0.1818,NaN,21,Right,0.681533333333391,0.688533333333339,NaN,7.99999999981083,NaN,0.0470683262137776,0.0470683262137776,NaN,9.41366504882115,9.41366504882115,0.0332445180274563,-0.0333201043469062,314.934938784635,NaN,NaN
219,NonStim,0,3,0.1818,NaN,22,Right,0.692533333333358,0.702533333333349,NaN,10.9999999997399,NaN,0.0339770113412164,0.0339770113412164,NaN,4.96481839919765,4.96481839919765,0.00664890562366727,0.0333201043469062,78.7150615402165,NaN,NaN
219,NonStim,0,3,0.1818,NaN,23,Right,0.704533333333302,0.713533333333316,NaN,9.99999999976353,NaN,0.00664890562366727,0.00664890562366727,NaN,4.44267541309621,4.44267541309621,0.00664890562366727,0,0,NaN,NaN
219,NonStim,0,3,0.1818,NaN,24,Right,0.72653333333335,0.737533333333317,NaN,11.9999999997162,NaN,0.019992056866867,0.019992056866867,NaN,9.41366354514656,9.41366354514656,0,-0.019992056866867,270,NaN,NaN
219,NonStim,0,3,0.1818,NaN,25,Right,0.748533333333398,0.755533333333346,NaN,7.99999999981083,NaN,0.0470682838356435,0.0470682838356435,NaN,9.41365749235542,9.41365749235542,-0.0332445180274563,0.033320044483086,134.934990254139,NaN,NaN
219,NonStim,0,3,0.1818,NaN,26,Right,0.763533333333385,0.780533333333324,NaN,17.9999999995744,NaN,0.0376546181325052,0.0376546181325052,NaN,9.13926541698462,9.13926541698462,-0.0265956072929893,-0.0266560300761738,225.065011502899,NaN,NaN
219,NonStim,0,3,0.1818,NaN,27,Right,0.798533333333353,0.811533333333387,NaN,13.9999999996689,NaN,0.00664889170687075,0.00664889170687075,NaN,7.02289145351315,7.02289145351315,-0.00664889170687075,0,180,NaN,NaN
219,NonStim,0,3,0.1818,NaN,28,Right,0.852533333333326,0.877533333333304,NaN,25.9999999993852,NaN,0.0358755692393709,0.0358755692393709,NaN,8.66653859244879,8.66653859244879,0.0132977856763474,0.033320044483086,68.2434199666119,NaN,NaN
219,NonStim,0,3,0.1818,NaN,29,Right,0.881533333333323,0.892533333333404,NaN,11.9999999997162,NaN,0.0426114931442557,0.0426114931442557,NaN,9.41365312369358,9.41365312369358,0.0332444793696798,-0.0266560300761738,321.276725065736,NaN,NaN
219,NonStim,0,3,0.1818,NaN,30,Right,0.897533333333399,0.904533333333347,NaN,7.99999999981083,NaN,0.0297888477205415,0.0297888477205415,NaN,5.66282586412818,5.66282586412818,-0.0132978009120202,0.0266560300761738,116.513072644088,NaN,NaN
219,NonStim,0,3,0.1818,NaN,31,Right,0.922533333333377,0.930533333333301,NaN,8.99999999978718,NaN,0.0332717165285447,0.0332717165285447,NaN,8.66654275749319,8.66654275749319,-0.0265956072929893,0.0199920182441125,143.067677411556,NaN,NaN
219,NonStim,0,3,0.1818,NaN,32,Right,0.932533333333367,0.938533333333339,NaN,6.99999999983447,NaN,0.0470682796396236,0.0470682796396236,NaN,10.2264806749621,10.2264806749621,0.0332445120866433,-0.033320044483086,314.934985134759,NaN,NaN
219,NonStim,0,3,0.1818,NaN,33,Right,0.950533333333397,0.957533333333345,NaN,7.99999999981083,NaN,0.038834218272537,0.038834218272537,NaN,7.84471521103916,7.84471521103916,-0.019946707610135,0.033320044483086,120.906421538841,NaN,NaN
219,NonStim,0,3,0.1818,NaN,34,Right,0.970533333333378,0.97653333333335,NaN,6.99999999983447,NaN,0.0339769527621786,0.0339769527621786,NaN,6.66401039454617,6.66401039454617,-0.00664890627460552,-0.033320044483086,258.715040709181,NaN,NaN
223,Stim,1,4,0.6363,-0.0581333333333305,1,Merged,0.0343666666666422,0.0453666666667232,0.0924999999999727,11.9999999997162,0.0942393425137665,0.0876470384232803,0.0909431904685234,10.4713829913144,10.4713813248503,10.4713829913144,0.0132978120938896,0.0899644062672903,81.5918823232176,0.999999999976353,0.614718678643214
224,NonStim,0,1,1,NaN,1,Right,0.616000000000099,0.622000000000071,NaN,6.99999999983447,NaN,0.0480214668073577,0.0480214668073577,NaN,9.41367176889246,9.41367176889246,-0.0265956219637676,0.0399841739528344,123.630012521252,NaN,NaN
227,Stim,1,1,1,-0.0540333333333365,1,Right,0.529933333333361,0.536933333333309,0.583966666666697,7.99999999981083,NaN,0.0779797056739208,0.0779797056739208,NaN,12.4120464328006,12.4120464328006,0.0265956094491681,-0.0733042158065867,289.941351717484,NaN,NaN
229,NonStim,0,3,0.6363,NaN,1,Merged,0.2261666666667,0.241166666666686,NaN,15.9999999996217,0.182974081287231,0.175293935012378,0.179134008149804,18.9738612089638,17.5572752084199,18.9738612089638,0.0299200770532718,-0.176596641653929,279.616082825986,-0.999999999976353,1.74157519879509
230,NonStim,0,4,0.4545,NaN,1,Right,0.804899999999975,0.8128999999999,NaN,8.99999999978718,NaN,0.118065288374507,0.118065288374507,NaN,18.377385362042,18.377385362042,0.0332445318791307,-0.113288187464947,286.354379008475,NaN,NaN
231,NonStim,0,1,0.4545,NaN,1,Merged,0.00220000000001619,0.0122000000000071,NaN,10.9999999997399,0.14120509134894,0.150933974038511,0.146069532693726,17.3260205136237,18.8961549528731,18.8961549528731,-0.0997335664685274,-0.106624470302662,226.912564482332,0,3.57582416814526
233,NonStim,0,3,-0,NaN,1,Right,0.0173000000000911,0.0233000000000629,NaN,6.99999999983447,NaN,0.0405332238685224,0.0405332238685224,NaN,7.02291209056604,7.02291209056604,-0.00664890714696693,-0.0399841752563032,260.558762758191,NaN,NaN
233,NonStim,0,3,-0,NaN,2,Right,0.405300000000011,0.411300000000097,NaN,6.99999999983447,NaN,0.040533223088799,0.040533223088799,NaN,9.41367113771102,9.41367113771102,-0.00664890239359726,0.0399841752563032,99.4412306136932,NaN,NaN
236,Stim,1,3,-0.1818,-0.0628999999998996,1,Left,0.209066666666672,0.218066666666687,0.271966666666572,9.99999999976353,0.143839073797476,NaN,0.143839073797476,17.937834864992,NaN,17.937834864992,0.0332445343280198,-0.139944560766858,283.363203041259,NaN,NaN
236,Stim,1,3,-0.1818,-0.0628999999998996,2,Left,0.560066666666671,0.566066666666757,0.622966666666571,6.99999999983447,0.0507338778976103,NaN,0.0507338778976103,8.95420635265185,NaN,8.95420635265185,0.0199467200911034,0.0466482017245767,66.8485009969399,NaN,NaN
237,NonStim,0,4,1,NaN,1,Left,0.326399999999921,0.332399999999893,NaN,6.99999999983447,0.0507338866409899,NaN,0.0507338866409899,11.1618633485451,NaN,11.1618633485451,-0.0199467186615567,-0.0466482118450163,246.848506975,NaN,NaN
237,NonStim,0,4,1,NaN,2,Left,0.37639999999999,0.383399999999938,NaN,7.99999999981083,0.0533122433101092,NaN,0.0533122433101092,10.4713827357178,NaN,10.4713827357178,-4.5102810375397e-17,-0.0533122433101092,270,NaN,NaN
237,NonStim,0,4,1,NaN,3,Left,0.516399999999976,0.523399999999924,NaN,7.99999999981083,0.0399840865711629,NaN,0.0399840865711629,8.66655002734714,NaN,8.66655002734714,-4.5102810375397e-17,-0.0399840865711629,270,NaN,NaN
237,NonStim,0,4,1,NaN,4,Left,0.704399999999964,0.711399999999912,NaN,7.99999999981083,0.0471196018078004,NaN,0.0471196018078004,7.44722867519764,NaN,7.44722867519764,0.00664890641451699,0.0466481394914809,81.8880904433262,NaN,NaN
239,NonStim,0,3,0.1818,NaN,1,Right,0.302166666666722,0.308166666666693,NaN,6.99999999983447,NaN,0.0399841568381494,0.0399841568381494,NaN,8.00357480212911,8.00357480212911,0,0.0399841568381494,90,NaN,NaN
239,NonStim,0,3,0.1818,NaN,2,Right,0.499166666666724,0.505166666666696,NaN,6.99999999983447,NaN,0.0480214524356027,0.0480214524356027,NaN,9.4136681327821,9.4136681327821,-0.0265955804339962,0.0399841843158478,123.629964416314,NaN,NaN
239,NonStim,0,3,0.1818,NaN,3,Merged,0.562166666666712,0.57316666666668,NaN,11.9999999997162,0.116339816567783,0.176425058756617,0.1463824376622,13.3740420970588,20.2665914893808,20.2665914893808,0.0398933912241517,-0.139944487514024,285.911040203603,-2.99999999992906,12.7201958434035
239,NonStim,0,3,0.1818,NaN,4,Right,0.767166666666753,0.776166666666654,NaN,9.99999999976353,NaN,0.120136536693218,0.120136536693218,NaN,16.6600482647435,16.6600482647435,0.00664889982935546,-0.119952405476923,273.172628874561,NaN,NaN
240,NonStim,0,3,0.4545,NaN,1,Right,0.366833333333261,0.376833333333252,NaN,10.9999999997399,NaN,0.138564860022858,0.138564860022858,NaN,17.3331210545826,17.3331210545826,0.0797868728707243,-0.113288460801024,305.156296239253,NaN,NaN
241,NonStim,0,2,1,NaN,1,Left,0.319766666666624,0.328766666666638,NaN,9.99999999976353,0.115030937287095,NaN,0.115030937287095,15.5493938787057,NaN,15.5493938787057,-0.0199467060219244,-0.113288328842924,260.014265859113,NaN,NaN
241,NonStim,0,2,1,NaN,2,Right,0.33476666666661,0.341766666666672,NaN,7.99999999981083,NaN,0.0804904772883992,0.0804904772883992,NaN,12.9447683391958,12.9447683391958,-0.0332444919894812,0.073304301964316,114.394934453835,NaN,NaN
241,NonStim,0,2,1,NaN,3,Right,0.653766666666684,0.664766666666651,NaN,11.9999999997162,NaN,0.119155704313253,0.119155704313253,NaN,13.5473601021024,13.5473601021024,0.0531912042763247,-0.106624470259044,296.512997796184,NaN,NaN
244,NonStim,0,2,-0.3636,NaN,1,Left,0.00420000000008258,0.0102000000000544,NaN,6.99999999983447,0.0376546829073102,NaN,0.0376546829073102,7.84472529569806,NaN,7.84472529569806,-0.0265956170671183,0.026656111825795,134.934911167471,NaN,NaN
244,NonStim,0,2,-0.3636,NaN,2,Left,0.0271999999999935,0.0392000000000507,NaN,12.9999999996926,0.0199467201359725,NaN,0.0199467201359725,8.66655877061464,NaN,8.66655877061464,-0.0199467201359725,0,180,NaN,NaN
244,NonStim,0,2,-0.3636,NaN,3,Left,0.0412000000000035,0.0472000000000889,NaN,6.99999999983447,0.038834303691417,NaN,0.038834303691417,8.66655877061465,NaN,8.66655877061465,0.0199467201359725,-0.0333201365395521,300.90636763339,NaN,NaN
244,NonStim,0,2,-0.3636,NaN,4,Left,0.0552000000000135,0.0622000000000753,NaN,7.99999999981083,0.0627657585221789,NaN,0.0627657585221789,11.0905904694856,NaN,11.0905904694856,-0.0531912487524976,0.0333201365395521,147.936090424464,NaN,NaN
244,NonStim,0,2,-0.3636,NaN,5,Left,0.0672000000000708,0.0732000000000426,NaN,6.99999999983447,0.0333201365395521,NaN,0.0333201365395521,6.66402798665625,NaN,6.66402798665625,0,-0.0333201365395521,270,NaN,NaN
244,NonStim,0,2,-0.3636,NaN,6,Left,0.0751999999999953,0.0812000000000808,NaN,6.99999999983447,0.0333201365395521,NaN,0.0333201365395521,6.66402798665624,NaN,6.66402798665624,0,0.0333201365395521,90,NaN,NaN
244,NonStim,0,2,-0.3636,NaN,7,Left,0.105200000000082,0.11220000000003,NaN,7.99999999981083,0.0339770615850677,NaN,0.0339770615850677,6.66403131679622,NaN,6.66403131679622,-0.00664890631181741,0.0333201554439976,101.284922736212,NaN,NaN
244,NonStim,0,2,-0.3636,NaN,8,Left,0.116200000000049,0.123199999999997,NaN,7.99999999981083,0.0339770615850677,NaN,0.0339770615850677,6.66403131679622,NaN,6.66403131679622,0.00664890631181746,-0.0333201554439976,281.284922736212,NaN,NaN
244,NonStim,0,2,-0.3636,NaN,9,Left,0.133199999999988,0.14020000000005,NaN,7.99999999981083,0.0358756824550539,NaN,0.0358756824550539,7.44723456641422,NaN,7.44723456641422,-0.0132978130835,0.0333201554439976,111.756555000411,NaN,NaN
244,NonStim,0,2,-0.3636,NaN,10,Left,0.185200000000009,0.193200000000047,NaN,8.99999999978718,0.0133280627534773,NaN,0.0133280627534773,5.55335954622582,NaN,5.55335954622582,0,0.0133280627534773,90,NaN,NaN
244,NonStim,0,2,-0.3636,NaN,11,Left,0.216200000000072,0.227200000000039,NaN,11.9999999997162,0.014874177185909,NaN,0.014874177185909,5.55335883981033,NaN,5.55335883981033,0.0132978130835,-0.00666403137403414,333.382838315427,NaN,NaN
244,NonStim,0,2,-0.3636,NaN,12,Left,0.308200000000056,0.315200000000004,NaN,7.99999999981083,0.0333201518109527,NaN,0.0333201518109527,6.66403073550896,NaN,6.66403073550896,0,0.0333201518109527,90,NaN,NaN
244,NonStim,0,2,-0.3636,NaN,13,Left,0.318200000000047,0.329200000000014,NaN,11.9999999997162,0.0210304761372396,NaN,0.0210304761372396,7.84472800225292,NaN,7.84472800225292,0.0199467201359725,-0.00666402898974718,341.525966005203,NaN,NaN
244,NonStim,0,2,-0.3636,NaN,14,Left,0.331200000000081,0.339200000000005,NaN,8.99999999978718,0.0339058748250791,NaN,0.0339058748250791,7.99658841496066,NaN,7.99658841496066,-0.0332445343669865,0.00666402898974718,168.665009687963,NaN,NaN
244,NonStim,0,2,-0.3636,NaN,15,Left,0.344200000000001,0.351200000000063,NaN,7.99999999981083,0.0339770581122536,NaN,0.0339770581122536,7.02291203098483,NaN,7.02291203098483,0.00664890677168254,-0.0333201518109527,281.284924695563,NaN,NaN
244,NonStim,0,2,-0.3636,NaN,16,Left,0.355200000000082,0.367200000000025,NaN,12.9999999996926,0.0536971377122392,NaN,0.0536971377122392,8.66656112885139,NaN,8.66656112885139,-0.0265956280551691,0.0466482064696841,119.688841572537,NaN,NaN
244,NonStim,0,2,-0.3636,NaN,17,Left,0.37620000000004,0.389200000000073,NaN,13.9999999996689,0.0282410151942071,NaN,0.0282410151942071,7.99658723654714,NaN,7.99658723654714,-0.0199467209783423,0.0199920799671169,134.93492850459,NaN,NaN
244,NonStim,0,2,-0.3636,NaN,18,Left,0.406200000000013,0.413200000000074,NaN,7.99999999981083,0.0388342949292927,NaN,0.0388342949292927,7.84472666679896,NaN,7.84472666679896,-0.0199467212834865,0.0333201256404323,120.906377345541,NaN,NaN
244,NonStim,0,2,-0.3636,NaN,19,Left,0.44620000000009,0.464200000000005,NaN,18.9999999995507,0.0332929057385678,NaN,0.0332929057385678,9.41367126938287,NaN,9.41367126938287,-0.0199467212834865,0.026656066524453,126.807490631696,NaN,NaN
244,NonStim,0,2,-0.3636,NaN,20,Left,0.496200000000044,0.503199999999993,NaN,7.99999999981083,0.0333201256404323,NaN,0.0333201256404323,6.66402595215331,NaN,6.66402595215331,0,-0.0333201256404323,270,NaN,NaN
244,NonStim,0,2,-0.3636,NaN,21,Left,0.521200000000022,0.528200000000083,NaN,7.99999999981083,0.0339770322326865,NaN,0.0339770322326865,7.02290652104913,NaN,7.02290652104913,-0.00664890567287724,0.0333201256404323,101.284931514489,NaN,NaN
244,NonStim,0,2,-0.3636,NaN,22,Left,0.542200000000093,0.549200000000042,NaN,7.99999999981083,0.0339770323577195,NaN,0.0339770323577195,6.75553259819924,NaN,6.75553259819924,0.00664890631181746,-0.0333201256404323,281.284932571108,NaN,NaN
244,NonStim,0,2,-0.3636,NaN,23,Left,0.567200000000071,0.574200000000019,NaN,7.99999999981083,0.0339770323577195,NaN,0.0339770323577195,6.66402595215331,NaN,6.66402595215331,0.00664890631181746,0.0333201256404323,78.7150674288916,NaN,NaN
244,NonStim,0,2,-0.3636,NaN,24,Left,0.591200000000072,0.597200000000043,NaN,6.99999999983447,0.0333201256404323,NaN,0.0333201256404323,6.66402595215331,NaN,6.66402595215331,0,-0.0333201256404323,270,NaN,NaN
244,NonStim,0,2,-0.3636,NaN,25,Left,0.623199999999997,0.634200000000078,NaN,11.9999999997162,0,NaN,0,6.66402595215331,NaN,6.66402595215331,0,0,0,NaN,NaN
244,NonStim,0,2,-0.3636,NaN,26,Left,0.660200000000032,0.66820000000007,NaN,8.99999999978718,0.0332717696007995,NaN,0.0332717696007995,7.01015873516857,NaN,7.01015873516857,0.0265956272901598,-0.0199920799671169,323.067613140545,NaN,NaN
244,NonStim,0,2,-0.3636,NaN,27,Left,0.68119999999999,0.687200000000075,NaN,6.99999999983447,0.0148944589203014,NaN,0.0148944589203014,8.66300662538152,NaN,8.66300662538152,-0.00664890485486205,0.0133280520241909,116.513024272943,NaN,NaN
244,NonStim,0,2,-0.3636,NaN,28,Left,0.689200000000028,0.707200000000057,NaN,18.9999999995507,0.0210687260306579,NaN,0.0210687260306579,6.75553818857925,NaN,6.75553818857925,-0.00664890631181741,-0.0199920799671169,251.604060401296,NaN,NaN
244,NonStim,0,2,-0.3636,NaN,29,Left,0.710199999999986,0.72320000000002,NaN,13.9999999996689,0.0531912385294586,NaN,0.0531912385294586,9.41366932915889,NaN,9.41366932915889,0.0531912385294586,0,0,NaN,NaN
244,NonStim,0,2,-0.3636,NaN,30,Left,0.796199999999999,0.810200000000009,NaN,14.9999999996453,0.0332445183934862,NaN,0.0332445183934862,9.41367229337741,NaN,9.41367229337741,-0.0332445183934862,0,180,NaN,NaN
244,NonStim,0,2,-0.3636,NaN,31,Left,0.840200000000095,0.84820000000002,NaN,8.99999999978718,0.0405332273503883,NaN,0.0405332273503883,6.75553730389353,NaN,6.75553730389353,0.00664890132636787,-0.0399841797538787,279.441228082678,NaN,NaN
244,NonStim,0,2,-0.3636,NaN,32,Left,0.851200000000063,0.860200000000077,NaN,9.99999999976353,0.0470683600725559,NaN,0.0470683600725559,8.66300791266589,NaN,8.66300791266589,-0.0332445183934862,0.0333201518109527,134.93489829165,NaN,NaN
244,NonStim,0,2,-0.3636,NaN,33,Left,0.872200000000021,0.885200000000054,NaN,13.9999999996689,0.0332444800356587,NaN,0.0332444800356587,9.41366316676654,NaN,9.41366316676654,-0.0332444800356587,0,180,NaN,NaN
244,NonStim,0,2,-0.3636,NaN,34,Left,0.925200000000018,0.93220000000008,NaN,7.99999999981083,0.0333201256404323,NaN,0.0333201256404323,7.84472485305651,NaN,7.84472485305651,0,0.0333201256404323,90,NaN,NaN
244,NonStim,0,2,-0.3636,NaN,35,Left,0.934200000000033,0.943200000000047,NaN,9.99999999976353,0.0333201256404323,NaN,0.0333201256404323,7.43708572569902,NaN,7.43708572569902,0,-0.0333201256404323,270,NaN,NaN
244,NonStim,0,2,-0.3636,NaN,36,Left,0.955199999999991,0.962200000000053,NaN,7.99999999981083,0.0358756538271548,NaN,0.0358756538271548,6.75553405801482,NaN,6.75553405801482,-0.0132978105277392,0.0333201256404323,111.75656885239,NaN,NaN
249,NonStim,0,3,-0.0909,NaN,1,Left,0.513466666666659,0.521466666666697,NaN,8.99999999978718,0.0658957226223203,NaN,0.0658957226223203,10.4609625190969,NaN,10.4609625190969,0.0465423475736509,0.0466482169246719,45.0650909715633,NaN,NaN
250,Stim,1,1,-0.0909,-0.0482666666666773,1,Merged,0.255400000000009,0.272399999999948,0.303666666666686,17.9999999995744,0.218268695357209,0.187626331813671,0.20294751358544,20.9427611450612,18.8719373099782,20.9427611450612,0.0498667831146171,0.196588726079253,75.7665362394342,-0.999999999976353,4.15698748765652
250,Stim,1,1,-0.0909,-0.0482666666666773,2,Left,0.645399999999995,0.652399999999943,0.693666666666672,7.99999999981083,0.0332445333371247,NaN,0.0332445333371247,7.84470672961571,NaN,7.84470672961571,-0.0332445333371247,0,180,NaN,NaN
252,Stim,1,4,-0.0909,-0.0549333333333379,1,Right,0.0224333333334243,0.0294333333333725,0.0773666666667623,7.99999999981083,NaN,0.0470683678317867,0.0470683678317867,NaN,9.41367395962498,9.41367395962498,-0.0332445348373383,0.0333201463651854,134.934917143947,NaN,NaN
252,Stim,1,4,-0.0909,-0.0549333333333379,2,Right,0.0314333333333252,0.0414333333334298,0.0863666666666631,10.9999999997399,NaN,0.0470683678317867,0.0470683678317867,NaN,7.99658843053968,7.99658843053968,0.0332445348373383,-0.0333201463651854,314.934917143947,NaN,NaN
252,Stim,1,4,-0.0909,-0.0549333333333379,3,Right,0.0734333333333552,0.0854333333334125,0.128366666666693,12.9999999996926,NaN,0.0199467205084375,0.0199467205084375,NaN,10.5152372527814,10.5152372527814,-0.0199467205084375,0,180,NaN,NaN
252,Stim,1,4,-0.0909,-0.0549333333333379,4,Right,0.0994333333334225,0.112433333333342,0.15436666666676,13.9999999996689,NaN,0.0274178168385451,0.0274178168385451,NaN,10.2264965935088,10.2264965935088,-0.026595628156391,-0.00666402604729233,194.066894747922,NaN,NaN
252,Stim,1,4,-0.0909,-0.0549333333333379,5,Right,0.114433333333409,0.130433333333372,0.169366666666747,16.999999999598,NaN,0.0274178074584667,0.0274178074584667,NaN,8.6665536000953,8.6665536000953,-0.0265956184863327,0.00666402604729233,165.93310034048,NaN,NaN
252,Stim,1,4,-0.0909,-0.0549333333333379,6,Right,0.163433333333387,0.170433333333335,0.218366666666725,7.99999999981083,NaN,0.0339770198049023,0.0339770198049023,NaN,6.75552997843723,6.75552997843723,0.00664890313526,-0.0333201134740062,281.284931332825,NaN,NaN
252,Stim,1,4,-0.0909,-0.0549333333333379,7,Right,0.173433333333378,0.180433333333326,0.228366666666716,7.99999999981083,NaN,0.0339770198049023,0.0339770198049023,NaN,6.66402365328071,6.66402365328071,-0.00664890313526,0.0333201134740062,101.284931332825,NaN,NaN
252,Stim,1,4,-0.0909,-0.0549333333333379,8,Right,0.187433333333388,0.19343333333336,0.242366666666726,6.99999999983447,NaN,0.0470683608753136,0.0470683608753136,NaN,9.41367288453354,9.41367288453354,0.0332445249882047,0.0333201463651854,45.0650913433487,NaN,NaN
252,Stim,1,4,-0.0909,-0.0549333333333379,9,Right,0.195433333333426,0.201433333333398,0.250366666666764,6.99999999983447,NaN,0.0339770527189751,0.0339770527189751,NaN,6.66402978076892,6.66402978076892,-0.00664890650187209,-0.0333201463651854,258.715073953573,NaN,NaN
252,Stim,1,4,-0.0909,-0.0549333333333379,10,Right,0.227433333333352,0.238433333333433,0.28236666666669,11.9999999997162,NaN,0.0199467153510727,0.0199467153510727,NaN,8.66655806995316,8.66655806995316,0.0199467153510727,0,0,NaN,NaN
252,Stim,1,4,-0.0909,-0.0549333333333379,11,Right,0.241433333333362,0.248433333333423,0.2963666666667,7.99999999981083,NaN,0.0333201463651854,0.0333201463651854,NaN,6.66402978076892,6.66402978076892,0,0.0333201463651854,90,NaN,NaN
252,Stim,1,4,-0.0909,-0.0549333333333379,12,Right,0.255433333333372,0.262433333333433,0.31036666666671,7.99999999981083,NaN,0.0470683608753136,0.0470683608753136,NaN,9.41367167780129,9.41367167780129,0.0332445249882047,-0.0333201463651854,314.934908656651,NaN,NaN
252,Stim,1,4,-0.0909,-0.0549333333333379,13,Right,0.271433333333334,0.278433333333396,0.326366666666672,7.99999999981083,NaN,0.0470683608753136,0.0470683608753136,NaN,9.41367229007148,9.41367229007148,-0.0332445249882047,0.0333201463651854,134.934908656651,NaN,NaN
252,Stim,1,4,-0.0909,-0.0549333333333379,14,Right,0.341433333333384,0.348433333333332,0.396366666666722,7.99999999981083,NaN,0.0333201567189111,0.0333201567189111,NaN,6.66403143736529,6.66403143736529,0,0.0333201567189111,90,NaN,NaN
252,Stim,1,4,-0.0909,-0.0549333333333379,15,Right,0.365433333333385,0.372433333333333,0.420366666666723,7.99999999981083,NaN,0.0358756833971839,0.0358756833971839,NaN,8.00358007424664,8.00358007424664,0.0132978124307036,-0.0333201567189111,291.756553277402,NaN,NaN
252,Stim,1,4,-0.0909,-0.0549333333333379,16,Right,0.377433333333329,0.384433333333391,0.432366666666667,7.99999999981083,NaN,0.0339770622137181,0.0339770622137181,NaN,7.02291288005749,7.02291288005749,0.00664890313526,0.0333201567189111,78.7150829375861,NaN,NaN
252,Stim,1,4,-0.0909,-0.0549333333333379,17,Right,0.4994333333334,0.506433333333348,0.554366666666738,7.99999999981083,NaN,0.0470683595798078,0.0470683595798078,NaN,9.41367198725216,9.41367198725216,-0.0332445249882047,0.0333201445351414,134.934910230077,NaN,NaN
252,Stim,1,4,-0.0909,-0.0549333333333379,18,Right,0.525433333333353,0.532433333333415,0.580366666666691,7.99999999981083,NaN,0.0388342768680406,0.0388342768680406,NaN,7.84472320804569,7.84472320804569,-0.0199467125575012,0.0333201098139256,120.906378292908,NaN,NaN
252,Stim,1,4,-0.0909,-0.0549333333333379,19,Right,0.535433333333344,0.542433333333406,0.590366666666682,7.99999999981083,NaN,0.0426328138850451,0.0426328138850451,NaN,8.66655315027968,8.66655315027968,0.0265956218529447,-0.0333201098139256,308.596352935971,NaN,NaN
252,Stim,1,4,-0.0909,-0.0549333333333379,20,Right,0.573433333333355,0.580433333333417,0.628366666666693,7.99999999981083,NaN,0.0388342768680406,0.0388342768680406,NaN,7.84472320804569,7.84472320804569,-0.0199467125575012,0.0333201098139256,120.906378292908,NaN,NaN
252,Stim,1,4,-0.0909,-0.0549333333333379,21,Right,0.594433333333427,0.604433333333418,0.649366666666765,10.9999999997399,NaN,0.035816692862447,0.035816692862447,NaN,8.66300599892733,8.66300599892733,-0.0332445316139848,-0.0133280383166326,201.84630305722,NaN,NaN
252,Stim,1,4,-0.0909,-0.0549333333333379,22,Right,0.606433333333371,0.612433333333342,0.661366666666709,6.99999999983447,NaN,0.0426115714427439,0.0426115714427439,NaN,7.99658494201631,7.99658494201631,0.0332445249882047,-0.0266560983478208,321.276691817907,NaN,NaN
252,Stim,1,4,-0.0909,-0.0549333333333379,23,Merged,0.627433333333329,0.65143333333333,0.682366666666667,24.9999999994088,0.108348747227461,0.10395603082584,0.106152389026651,18.8480447236574,16.8848032997091,18.8480447236574,0.079786868149592,0.0699721870995096,41.2503984809404,-4.99999999988177,2.70570636455645
252,Stim,1,4,-0.0909,-0.0549333333333379,24,Right,0.662433333333411,0.675433333333331,0.717366666666749,13.9999999996689,NaN,0.0358166878345074,0.0358166878345074,NaN,7.01015739837946,7.01015739837946,-0.0332445341210374,-0.0133280185515224,201.846272217328,NaN,NaN
252,Stim,1,4,-0.0909,-0.0549333333333379,25,Right,0.67943333333335,0.692433333333383,0.734366666666688,13.9999999996689,NaN,0.0484130785050983,0.0484130785050983,NaN,9.41366046922676,9.41366046922676,0.0465423442595791,-0.0133280291552666,344.020219468603,NaN,NaN
252,Stim,1,4,-0.0909,-0.0549333333333379,26,Right,0.727433333333352,0.736433333333366,0.78236666666669,9.99999999976353,NaN,0.026595628156391,0.026595628156391,NaN,7.10192576883257,7.10192576883257,0.026595628156391,0,0,NaN,NaN
252,Stim,1,4,-0.0909,-0.0549333333333379,27,Right,0.822433333333379,0.829433333333327,0.877366666666717,7.99999999981083,NaN,0.0358755871181981,0.0358755871181981,NaN,7.0228947680656,7.0228947680656,-0.01329781368423,0.0333200525554047,111.756616798994,NaN,NaN
252,Stim,1,4,-0.0909,-0.0549333333333379,28,Right,0.834433333333436,0.841433333333384,0.889366666666774,7.99999999981083,NaN,0.0388342296713714,0.0388342296713714,NaN,7.0228946795286,7.0228946795286,0.0199467163180784,-0.0333200525554047,300.906426444871,NaN,NaN
252,Stim,1,4,-0.0909,-0.0549333333333379,29,Right,0.848433333333332,0.862433333333342,0.90336666666667,14.9999999996453,NaN,0.00666401581295285,0.00666401581295285,NaN,7.99658241864651,7.99658241864651,0,-0.00666401581295285,270,NaN,NaN
252,Stim,1,4,-0.0909,-0.0549333333333379,30,Right,0.864433333333409,0.8744333333334,0.919366666666747,10.9999999997399,NaN,0.0333200525554047,0.0333200525554047,NaN,6.2757710302828,6.2757710302828,0,0.0333200525554047,90,NaN,NaN
252,Stim,1,4,-0.0909,-0.0549333333333379,31,Right,0.884433333333391,0.891433333333339,0.939366666666729,7.99999999981083,NaN,0.0388342307199402,0.0388342307199402,NaN,7.44721712818123,7.44721712818123,0.0199467183595352,-0.0333200525554047,300.906429029148,NaN,NaN
252,Stim,1,4,-0.0909,-0.0549333333333379,32,Right,0.899433333333377,0.912433333333411,0.954366666666715,13.9999999996689,NaN,0.0132978116785879,0.0132978116785879,NaN,7.44721725341983,7.44721725341983,0.0132978116785879,0,0,NaN,NaN
252,Stim,1,4,-0.0909,-0.0549333333333379,33,Right,0.914433333333363,0.923433333333378,0.969366666666701,9.99999999976353,NaN,0.0358755863747774,0.0358755863747774,NaN,5.97926487588491,5.97926487588491,-0.0132978116785879,0.0333200525554047,111.756613824016,NaN,NaN
252,Stim,1,4,-0.0909,-0.0549333333333379,34,Right,0.937433333333388,0.946433333333403,0.992366666666726,9.99999999976353,NaN,0.00664890617953674,0.00664890617953674,NaN,4.96480811042026,4.96480811042026,-0.00664890617953674,0,180,NaN,NaN
252,Stim,1,4,-0.0909,-0.0549333333333379,35,Right,0.951433333333398,0.958433333333346,1.00636666666674,7.99999999981083,NaN,0.0339768825051165,0.0339768825051165,NaN,7.02288005219281,7.02288005219281,-0.0066489066809473,0.033319972759811,101.284983630979,NaN,NaN
252,Stim,1,4,-0.0909,-0.0549333333333379,36,Right,0.963433333333342,0.970433333333403,1.01836666666668,7.99999999981083,NaN,0.0339768821056257,0.0339768821056257,NaN,6.75550494927986,6.75550494927986,-0.00664890463949051,-0.033319972759811,258.715019745005,NaN,NaN
253,Stim,1,1,0.6363,-0.0516000000000076,1,Merged,0.290200000000027,0.303199999999947,0.341800000000035,13.9999999996689,0.0895643575149269,0.133171741831884,0.111368049673405,8.66656029132925,12.9447732925384,12.9447732925384,0.0698135113877346,-0.086632365619962,308.863932685649,-0.999999999976353,5.11503970112517
255,Stim,1,4,1,-0.0589666666667199,1,Left,0.538399999999911,0.545399999999972,0.59736666666663,7.99999999981083,0.0707485889921042,NaN,0.0707485889921042,11.9948782086808,NaN,11.9948782086808,0.0531912265950025,0.0466482181620347,41.250465426525,NaN,NaN
255,Stim,1,4,1,-0.0589666666667199,2,Merged,0.831399999999917,0.839399999999955,0.890366666666637,8.99999999978718,0.0685737027249593,0.113843143061987,0.0912084228934729,9.54704026787148,16.5070885153587,16.5070885153587,0.0365689852980154,-0.0833003666142964,293.701546018999,-0.999999999976353,8.48608656676862
256,NonStim,0,3,-1,NaN,1,Merged,0.741466666666724,0.750466666666625,NaN,9.99999999976353,0.0998788154307987,0.110837994759344,0.105358405095071,16.490811429797,15.7641572093016,16.490811429797,0.059840157858384,0.0866323589249836,55.3657351609005,0,4.13139536648123
257,Stim,1,3,-0.0909,-0.056233333333239,1,Left,0.895200000000045,0.90420000000006,0.951433333333284,9.99999999976353,0.0945848424489797,NaN,0.0945848424489797,12.930930525496,NaN,12.930930525496,0.0731378726709846,0.0599761952966437,39.3532233125807,NaN,NaN
259,NonStim,0,2,-0.4545,NaN,1,Right,0.507366666666712,0.51436666666666,NaN,7.99999999981083,NaN,0.0632062088233158,0.0632062088233158,NaN,11.0976478543652,11.0976478543652,-0.0199467126704342,-0.0599762743712857,251.604075651126,NaN,NaN
261,Stim,1,2,0.3636,-0.0546333333332996,1,Right,0.516100000000051,0.522100000000137,0.570733333333351,6.99999999983447,NaN,0.0399841793999977,0.0399841793999977,NaN,6.75553528616459,6.75553528616459,0,0.0399841793999977,90,NaN,NaN
262,NonStim,0,4,0.0909,NaN,1,Left,0.419366666666747,0.425366666666719,NaN,6.99999999983447,0.0333201450823444,NaN,0.0333201450823444,8.66300911927062,NaN,8.66300911927062,-4.5102810375397e-17,0.0333201450823444,90.0000000000001,NaN,NaN
263,Stim,1,3,-0.3636,-0.0635333333333392,1,Right,0.501166666666677,0.508166666666625,0.564700000000016,7.99999999981083,NaN,0.0537252579058832,0.0537252579058832,NaN,9.15761300679191,9.15761300679191,-0.00664890343769542,-0.0533122445609812,262.890991539449,NaN,NaN
265,NonStim,0,2,0.3636,NaN,1,Left,0.856200000000058,0.864200000000096,NaN,8.99999999978718,0.0694296332590357,NaN,0.0694296332590357,9.91611653925807,NaN,9.91611653925807,-0.0664890234844214,-0.0199920917007764,196.735117720166,NaN,NaN
267,NonStim,0,2,-0,NaN,1,Left,0.0666333333333569,0.0726333333333287,NaN,6.99999999983447,0.0572822340716466,NaN,0.0572822340716466,11.0976493906068,NaN,11.0976493906068,0.0332445336365383,-0.0466482081491667,305.476132739974,NaN,NaN
267,NonStim,0,2,-0,NaN,2,Left,0.0896333333333814,0.0956333333333532,NaN,6.99999999983447,0.0572822376535298,NaN,0.0572822376535298,11.0976498827535,NaN,11.0976498827535,0.0332445336365383,-0.0466482125475837,305.476130186689,NaN,NaN
267,NonStim,0,2,-0,NaN,3,Left,0.328633333333414,0.335633333333362,NaN,7.99999999981083,0.0537252599175639,NaN,0.0537252599175639,9.15761267624412,NaN,9.15761267624412,-0.00664890189407115,-0.0533122467807615,262.890993465977,NaN,NaN
267,NonStim,0,2,-0,NaN,4,Left,0.849633333333372,0.855633333333344,NaN,6.99999999983447,0.0339769499454565,NaN,0.0339769499454565,9.53999462357998,NaN,9.53999462357998,-0.00664890651868508,0.0333200415621265,101.28496065835,NaN,NaN
268,NonStim,0,3,-0.3636,NaN,1,Left,0.183266666666668,0.191266666666706,NaN,8.99999999978718,0.0595778657505007,NaN,0.0595778657505007,9.41367152252057,NaN,9.41367152252057,-0.0265956129456073,0.0533122449295857,116.513002889424,NaN,NaN
270,NonStim,0,1,1,NaN,1,Right,0.403666666666822,0.416666666666742,NaN,13.9999999996689,NaN,0.220012927632501,0.220012927632501,NaN,22.4607441138858,22.4607441138858,0.00664890708303958,0.219912437938433,88.2682275604127,NaN,NaN
271,Stim,1,4,-0.6363,-0.0558666666667023,1,Left,0.190000000000055,0.196000000000026,0.245866666666757,6.99999999983447,0.0484130623923985,NaN,0.0484130623923985,9.13926987821769,NaN,9.13926987821769,-0.0465423179163417,-0.0133280626193173,195.979827187882,NaN,NaN
271,Stim,1,4,-0.6363,-0.0558666666667023,2,Left,0.538000000000011,0.543999999999983,0.593866666666713,6.99999999983447,0.0421374102351039,NaN,0.0421374102351039,7.44722399185331,NaN,7.44722399185331,-0.0132978130342513,0.0399841157189644,108.395959101634,NaN,NaN
272,Stim,1,1,0.3636,-0.0544666666667126,1,Right,0.937999999999988,0.959999999999923,0.992466666666701,22.9999999994561,NaN,0.318759602647855,0.318759602647855,NaN,19.4170926050691,19.4170926050691,0.139626970839163,-0.28655190331683,295.978395175203,NaN,NaN
273,Stim,1,1,-0.1818,-0.0518666666666832,1,Left,0.00210000000004129,0.0121000000000322,0.0539666666667244,10.9999999997399,0.140102373490202,NaN,0.140102373490202,17.8052618397784,NaN,17.8052618397784,0.00664890576958991,-0.139944514396439,272.720135090685,NaN,NaN
279,Stim,1,3,0.6363,-0.0655333333332919,1,Merged,0.414900000000102,0.428900000000112,0.480433333333394,14.9999999996453,0.194225247409997,0.173206588968552,0.183715918189274,17.376877255429,16.9112944678574,17.376877255429,0.0698135070733895,-0.169932597353602,292.334357433419,2.99999999992906,0.452766202398095
280,Stim,1,2,-1,-0.0471999999999753,1,Right,0.592366666666749,0.59836666666672,0.639566666666724,6.99999999983447,NaN,0.0421374689093677,0.0421374689093677,NaN,9.41367116804506,9.41367116804506,0.0132978106927512,0.0399841783317812,71.6040707871443,NaN,NaN
281,Stim,1,3,0.4545,-0.0570333333332655,1,Right,0.590066666666644,0.596066666666729,0.647099999999909,6.99999999983447,NaN,0.113483331770938,0.113483331770938,NaN,19.9920822568459,19.9920822568459,0.00664890626898255,-0.113288387027352,273.358841774365,NaN,NaN
282,Stim,1,1,1,-0.0550333333333128,1,Left,0.395666666666671,0.406666666666752,0.450699999999983,11.9999999997162,0.143838965141753,NaN,0.143838965141753,16.5070461655963,NaN,16.5070461655963,-0.0332445275778798,0.139944450690887,103.363210559282,NaN,NaN
282,Stim,1,1,1,-0.0550333333333128,2,Merged,0.408666666666704,0.416666666666742,0.463700000000017,8.99999999978718,0.0842747390015916,0.0906227980509062,0.0874487685262489,13.9094003120703,14.4338818882919,14.4338818882919,0.0265956203719285,-0.0833002500403053,287.706940988514,-0.999999999976353,1.32979220531951
282,Stim,1,1,1,-0.0550333333333128,3,Left,0.595666666666716,0.604666666666731,0.650700000000029,9.99999999976353,0.0599761039699509,NaN,0.0599761039699509,8.00356724685916,NaN,8.00356724685916,0,0.0599761039699509,90,NaN,NaN
283,Stim,1,4,0.4545,-0.0567999999999529,1,Left,0.214033333333305,0.221033333333366,0.270833333333258,7.99999999981083,0.0536971377966438,NaN,0.0536971377966438,9.41367260276722,NaN,9.41367260276722,0.0265956237783593,-0.0466482090051882,299.688836268188,NaN,NaN
283,Stim,1,4,0.4545,-0.0567999999999529,2,Left,0.513033333333283,0.519033333333368,0.569833333333236,6.99999999983447,0.0531912490065121,NaN,0.0531912490065121,8.86520936060228,NaN,8.86520936060228,0.0531912490065121,0,0,NaN,NaN
283,Stim,1,4,0.4545,-0.0567999999999529,3,Merged,0.763033333333283,0.77503333333334,0.819833333333236,12.9999999996926,0.126790987769372,0.12817793000659,0.127484458887981,15.706554565797,13.7363850568046,15.706554565797,0.0132978056497631,-0.126616462505674,275.995470187734,-2.99999999992906,5.94664235247797
287,Stim,1,3,-0.6363,-0.0497333333333927,1,Right,0.145366666666632,0.152366666666694,0.195100000000025,7.99999999981083,NaN,0.0665858692164007,0.0665858692164007,NaN,12.551561704862,12.551561704862,0.0398934355386447,-0.0533122104233881,306.807445900103,NaN,NaN
289,Stim,1,3,0.3636,-0.0505666666665547,1,Right,0.829900000000066,0.838900000000081,0.880466666666621,9.99999999976353,NaN,0.116339867204853,0.116339867204853,NaN,16.6464728898772,16.6464728898772,0.0465423462354847,-0.106624456425996,293.581617193478,NaN,NaN
289,Stim,1,3,0.3636,-0.0505666666665547,2,Right,0.843900000000076,0.849900000000048,0.894466666666631,6.99999999983447,NaN,0.0399841156815499,0.0399841156815499,NaN,6.66402488592715,6.66402488592715,0,-0.0399841156815499,270,NaN,NaN
292,Stim,1,4,0.1818,-0.0581666666666933,1,Right,0.165966666666577,0.171966666666663,0.22413333333327,6.99999999983447,NaN,0.0421374784735373,0.0421374784735373,NaN,8.00357984637435,8.00357984637435,-0.013297813885327,0.0399841873492388,108.39592946262,NaN,NaN
292,Stim,1,4,0.1818,-0.0581666666666933,2,Left,0.340966666666645,0.34996666666666,0.399133333333339,9.99999999976353,0.0595778607561497,NaN,0.0595778607561497,7.84472878886673,NaN,7.84472878886673,-0.0265956250008621,-0.0533122333343171,243.486981758469,NaN,NaN
292,Stim,1,4,0.1818,-0.0581666666666933,3,Left,0.433966666666606,0.442966666666621,0.4921333333333,9.99999999976353,0.0743708755094042,NaN,0.0743708755094042,9.41367475492693,NaN,9.41367475492693,0.0664890559659154,-0.0333201524725905,333.382838081964,NaN,NaN
292,Stim,1,4,0.1818,-0.0581666666666933,4,Left,0.569966666666573,0.576966666666635,0.628133333333267,7.99999999981083,0.033320079667618,NaN,0.033320079667618,7.84471902475692,NaN,7.84471902475692,0,0.033320079667618,90,NaN,NaN
293,NonStim,0,3,-0.4545,NaN,1,Left,0.191533333333496,0.198533333333444,NaN,7.99999999981083,0.047119656192053,NaN,0.047119656192053,7.44722718848984,NaN,7.44722718848984,-0.00664890700444442,0.0466481943412982,98.1119008556416,NaN,NaN
296,NonStim,0,1,0.1818,NaN,1,Merged,0.635233333333304,0.648233333333337,NaN,13.9999999996689,0.0864647441624137,0.122760282297639,0.104612513230026,11.0814857563012,14.2038227646355,14.2038227646355,0.0797866718255076,0.0633081729312841,38.4308759982352,4.99999999988177,26.796879064951
298,NonStim,0,3,1,NaN,1,Right,0.364233333333459,0.370233333333317,NaN,6.99999999983447,NaN,0.0834566329239683,0.0834566329239683,NaN,16.0071573983023,16.0071573983023,0.0398934221171673,-0.0733043276402389,298.555760224057,NaN,NaN
301,NonStim,0,1,0.6363,NaN,1,Left,0.489766666666583,0.495766666666668,NaN,6.99999999983447,0.0421374662377204,NaN,0.0421374662377204,8.00357851776733,NaN,8.00357851776733,0.0132978136008481,-0.0399841745490903,288.395934588209,NaN,NaN
302,Stim,1,1,0.1818,-0.0493333333333794,1,Left,0.093599999999924,0.100599999999986,0.142933333333303,7.99999999981083,0.0507338884819279,NaN,0.0507338884819279,8.88537410994828,NaN,8.88537410994828,-0.0199467144425684,-0.0466482156512264,246.848513045979,NaN,NaN
302,Stim,1,1,0.1818,-0.0493333333333794,2,Merged,0.293599999999969,0.304599999999937,0.342933333333349,11.9999999997162,0.128178070062907,0.0999603239589612,0.114069197010934,16.507084175772,13.3280475337385,16.507084175772,0.00997335722128423,-0.113288428082727,275.03106876485,2.99999999992906,8.95259451363523
305,NonStim,0,1,-0.6363,NaN,1,Right,0.909133333333102,0.915133333333188,NaN,6.99999999983447,NaN,0.0812208191370417,0.0812208191370417,NaN,14.2038357811026,14.2038357811026,0.0664888705200371,-0.0466481677910481,324.946745084002,NaN,NaN
306,Stim,1,3,0.1818,-0.051833333333434,1,Merged,0.792666666666491,0.812666666666473,0.844499999999925,20.9999999995034,0.20437375387417,0.194025572331599,0.199199663102884,19.6774585454976,17.2395944198213,19.6774585454976,0.0598401401577667,0.189923998429214,72.5117083864718,-5.99999999985812,3.07451191059366
307,Stim,1,3,-0.4545,-0.0535333333332346,1,Merged,0.675099999999929,0.688100000000077,0.728633333333164,13.9999999996689,0.109142397257024,0.113376566551358,0.111259481904191,13.3950590923805,11.0905780506109,13.3950590923805,0.0797868552137936,0.0766360686752662,43.8460619632103,1.99999999995271,12.1961876662269
307,Stim,1,3,-0.4545,-0.0535333333332346,2,Right,0.692099999999982,0.699100000000044,0.745633333333217,7.99999999981083,NaN,0.0733038898585604,0.0733038898585604,NaN,11.1066661545438,11.1066661545438,0,-0.0733038898585604,270,NaN,NaN
308,NonStim,0,4,0.3636,NaN,1,Merged,0.95069999999987,0.961699999999837,NaN,11.9999999997162,0.120053655496812,0.189618481635074,0.154836068565943,16.9112946287165,21.0687371996537,21.0687371996537,0.0631646071459864,-0.139944541505497,294.292253671393,-1.99999999995271,15.2340742365269
310,NonStim,0,1,-1,NaN,1,Right,0.0980333333332055,0.104033333333291,NaN,6.99999999983447,NaN,0.0399841875761631,0.0399841875761631,NaN,6.66403144315147,6.66403144315147,0,-0.0399841875761631,270,NaN,NaN
311,Stim,1,1,-0.6363,-0.0570666666669695,1,Merged,0.60093333333316,0.610933333333151,0.658000000000129,10.9999999997399,0.143838830860988,0.160488243024585,0.152163536942786,19.1718127235978,22.2134001560829,22.2134001560829,0.0232711701260339,0.149940343934337,81.1779170631032,0.999999999976353,8.61033601063525
311,Stim,1,1,-0.6363,-0.0570666666669695,2,Merged,0.612933333333103,0.620933333333141,0.670000000000073,8.99999999978718,0.100840807862303,0.0935326655173666,0.0971867366898347,14.8944185275473,15.7065075088726,15.7065075088726,-0.00997335862930921,-0.0966281091668463,264.107148914783,0.999999999976353,3.50123735708013
311,Stim,1,1,-0.6363,-0.0570666666669695,3,Left,0.627933333332976,0.633933333333061,0.684999999999945,6.99999999983447,0.0446833617911178,NaN,0.0446833617911178,9.41366762747913,NaN,9.41366762747913,0.0199467195353329,0.0399841368636951,63.4869590283446,NaN,NaN
313,NonStim,0,1,-0.3636,NaN,1,Left,0.51299999999992,0.519999999999982,NaN,7.99999999981083,0.0398933862214667,NaN,0.0398933862214667,8.66655822662863,NaN,8.66655822662863,0.0398933862214667,0,0,NaN,NaN
313,NonStim,0,1,-0.3636,NaN,2,Merged,0.808999999999969,0.823999999999842,NaN,15.9999999996217,0.238088495408592,0.289284806725193,0.263686651066892,21.8694798052181,26.8299435246027,26.8299435246027,0.0731379029710649,-0.253231657216462,286.109678201055,-0.999999999976353,3.24523437446402
313,NonStim,0,1,-0.3636,NaN,3,Merged,0.826999999999998,0.836999999999989,NaN,10.9999999997399,0.0970127917100477,0.0970114318923332,0.0970121118011904,13.9094163651779,11.1064606116969,13.9094163651779,-0.0265956125074869,0.0932953548224323,105.911207714461,-2.99999999992906,0.000220133241896292
315,Stim,1,4,-1,-0.0498666666667305,1,Right,0.692266666666683,0.698266666666541,0.742133333333413,6.99999999983447,NaN,0.0564820470403351,0.0564820470403351,NaN,11.0905925360209,11.0905925360209,-0.039893441285152,0.0399841841269115,134.934910688814,NaN,NaN
321,NonStim,0,1,-0.4545,NaN,1,Left,0.00296666666667988,0.0279666666665435,NaN,25.9999999993852,0.0358756804959201,NaN,0.0358756804959201,8.6665604981088,NaN,8.6665604981088,-0.0132978133171258,0.0333201532413676,111.756556650848,NaN,NaN
321,NonStim,0,1,-0.4545,NaN,2,Left,0.0299666666664962,0.0359666666665817,NaN,6.99999999983447,0.0333201532413676,NaN,0.0333201532413676,6.66403097462382,NaN,6.66403097462382,0,-0.0333201532413676,270,NaN,NaN
321,NonStim,0,1,-0.4545,NaN,3,Left,0.0479666666665253,0.0579666666665162,NaN,10.9999999997399,0.0332717782551275,NaN,0.0332717782551275,9.41367488386877,NaN,9.41367488386877,-0.0265956275654427,0.0199920940038466,143.06759410362,NaN,NaN
321,NonStim,0,1,-0.4545,NaN,4,Left,0.0889666666666926,0.105966666666518,NaN,17.9999999995744,0.0210304771879818,NaN,0.0210304771879818,7.01015917322693,NaN,7.01015917322693,-0.019946720414423,0.00666403147224457,161.525959830766,NaN,NaN
321,NonStim,0,1,-0.4545,NaN,5,Left,0.113966666666556,0.122966666666571,NaN,9.99999999976353,0.00664890586167833,NaN,0.00664890586167833,4.44268757103958,NaN,4.44268757103958,0.00664890586167833,0,0,NaN,NaN
321,NonStim,0,1,-0.4545,NaN,6,Left,0.170966666666573,0.18196666666654,NaN,11.9999999997162,0.0199467122485967,NaN,0.0199467122485967,7.10193087417658,NaN,7.10193087417658,-0.0199467122485967,0,180,NaN,NaN
321,NonStim,0,1,-0.4545,NaN,7,Left,0.211966666666513,0.219966666666551,NaN,8.99999999978718,0.0188273452950656,NaN,0.0188273452950656,7.99658589506382,NaN,7.99658589506382,0.0132978071569415,0.0133280627128036,45.0651064141783,NaN,NaN
321,NonStim,0,1,-0.4545,NaN,8,Left,0.226966666666613,0.232966666666698,NaN,6.99999999983447,0.0339770593369361,NaN,0.0339770593369361,7.02291272776523,NaN,7.02291272776523,-0.00664890586167833,-0.0333201532413676,258.715077281339,NaN,NaN
321,NonStim,0,1,-0.4545,NaN,9,Left,0.263966666666647,0.271966666666685,NaN,8.99999999978718,0.0066489050916552,NaN,0.0066489050916552,4.44268757103958,NaN,4.44268757103958,0.0066489050916552,0,0,NaN,NaN
321,NonStim,0,1,-0.4545,NaN,10,Left,0.273966666666638,0.279966666666496,NaN,6.99999999983447,0.0426328505855082,NaN,0.0426328505855082,8.6665604981088,NaN,8.6665604981088,-0.0265956262761013,0.0333201532413676,128.596321172912,NaN,NaN
321,NonStim,0,1,-0.4545,NaN,11,Left,0.285966666666582,0.292966666666644,NaN,7.99999999981083,0.0388343175300698,NaN,0.0388343175300698,8.00357927984662,NaN,8.00357927984662,0.0199467191788041,-0.0333201532413676,300.906353764835,NaN,NaN
321,NonStim,0,1,-0.4545,NaN,12,Left,0.312966666666625,0.318966666666483,NaN,6.99999999983447,0.0333201532413676,NaN,0.0333201532413676,6.75553852228067,NaN,6.75553852228067,0,0.0333201532413676,90,NaN,NaN
321,NonStim,0,1,-0.4545,NaN,13,Left,0.320966666666664,0.327966666666498,NaN,7.99999999981083,0.0297889348603939,NaN,0.0297889348603939,4.57880623752236,NaN,4.57880623752236,-0.0132978123143048,-0.026656121769123,243.486986459381,NaN,NaN
321,NonStim,0,1,-0.4545,NaN,14,Left,0.329966666666678,0.342966666666598,NaN,13.9999999996689,0.0239897657694796,NaN,0.0239897657694796,6.66403097462382,NaN,6.66403097462382,0.0199467191788041,-0.0133280627128036,326.24981916804,NaN,NaN
321,NonStim,0,1,-0.4545,NaN,15,Left,0.373966666666547,0.380966666666609,NaN,7.99999999981083,0.0333201532413676,NaN,0.0333201532413676,6.66403097462382,NaN,6.66403097462382,0,0.0333201532413676,90,NaN,NaN
321,NonStim,0,1,-0.4545,NaN,16,Left,0.3909666666666,0.397966666666662,NaN,7.99999999981083,0.0684914271586581,NaN,0.0684914271586581,12.3951455241755,NaN,12.3951455241755,-0.0598401585034188,0.0333201294192487,150.890114359081,NaN,NaN
321,NonStim,0,1,-0.4545,NaN,17,Merged,0.401966666666567,0.423966666666502,NaN,22.9999999994561,0.0388342944414933,0.0507338715027358,0.0447840829721145,11.0976447278619,11.7949851591022,11.7949851591022,0.0199467138361562,-0.0399841634713462,296.513019202055,-1.99999999995271,7.75487110795058
321,NonStim,0,1,-0.4545,NaN,18,Left,0.485966666666627,0.491966666666485,NaN,6.99999999983447,0.0339770589164218,NaN,0.0339770589164218,7.02291202523842,NaN,7.02291202523842,0.00664890371277696,-0.0333201532413676,281.284919165012,NaN,NaN
321,NonStim,0,1,-0.4545,NaN,19,Left,0.493966666666665,0.499966666666523,NaN,6.99999999983447,0.0333201532413676,NaN,0.0333201532413676,6.66403097462382,NaN,6.66403097462382,0,0.0333201532413676,90,NaN,NaN
321,NonStim,0,1,-0.4545,NaN,20,Left,0.526966666666567,0.533966666666629,NaN,7.99999999981083,0.035875676911583,NaN,0.035875676911583,8.00357767979566,NaN,8.00357767979566,-0.0132978036470716,-0.0333201532413676,248.243457692756,NaN,NaN
321,NonStim,0,1,-0.4545,NaN,21,Left,0.549966666666705,0.555966666666563,NaN,6.99999999983447,0.0339770589164218,NaN,0.0339770589164218,7.02291202523842,NaN,7.02291202523842,-0.00664890371277696,0.0333201532413676,101.284919165012,NaN,NaN
321,NonStim,0,1,-0.4545,NaN,22,Left,0.557966666666516,0.563966666666602,NaN,6.99999999983447,0.0339770589164218,NaN,0.0339770589164218,7.02291202523842,NaN,7.02291202523842,0.00664890371277702,-0.0333201532413676,281.284919165012,NaN,NaN
321,NonStim,0,1,-0.4545,NaN,23,Left,0.578966666666702,0.585966666666536,NaN,7.99999999981083,0.0148944653529922,NaN,0.0148944653529922,6.74102702330651,NaN,6.74102702330651,0.00664889783912045,-0.0133280627128036,296.51298176858,NaN,NaN
321,NonStim,0,1,-0.4545,NaN,24,Left,0.621966666666594,0.628966666666656,NaN,7.99999999981083,0.0388343114594254,NaN,0.0388343114594254,9.41367109570378,NaN,9.41367109570378,-0.0199467073598486,0.0333201532413676,120.906338803256,NaN,NaN
321,NonStim,0,1,-0.4545,NaN,25,Left,0.635966666666491,0.642966666666553,NaN,7.99999999981083,0.033977059116166,NaN,0.033977059116166,7.02291260908833,NaN,7.02291260908833,0.00664890473350492,-0.0333201532413676,281.284920852995,NaN,NaN
321,NonStim,0,1,-0.4545,NaN,26,Left,0.649966666666614,0.660966666666582,NaN,11.9999999997162,0.0132978062257514,NaN,0.0132978062257514,7.43708423015991,NaN,7.43708423015991,-0.0132978062257514,0,180,NaN,NaN
321,NonStim,0,1,-0.4545,NaN,27,Left,0.670966666666573,0.677966666666634,NaN,7.99999999981083,0.0339770589164218,NaN,0.0339770589164218,7.02291202523842,NaN,7.02291202523842,-0.00664890371277696,0.0333201532413676,101.284919165012,NaN,NaN
321,NonStim,0,1,-0.4545,NaN,28,Left,0.698966666666593,0.710966666666536,NaN,12.9999999996926,0.00941367144892011,NaN,0.00941367144892011,5.9694485557236,NaN,5.9694485557236,0.00664890473350497,-0.00666402851081752,314.934910795267,NaN,NaN
321,NonStim,0,1,-0.4545,NaN,29,Left,0.727966666666589,0.738966666666556,NaN,11.9999999997162,0.0333201294192487,NaN,0.0333201294192487,5.66283840055362,NaN,5.66283840055362,0,0.0333201294192487,90,NaN,NaN
321,NonStim,0,1,-0.4545,NaN,30,Left,0.749966666666523,0.755966666666609,NaN,6.99999999983447,0.0358756126850253,NaN,0.0358756126850253,7.44721974046008,NaN,7.44721974046008,-0.0132978062257513,0.0333200830597452,111.756587677952,NaN,NaN
321,NonStim,0,1,-0.4545,NaN,31,Left,0.757966666666562,0.763966666666647,NaN,6.99999999983447,0.0358756126850253,NaN,0.0358756126850253,8.00356571814942,NaN,8.00356571814942,0.0132978062257514,-0.0333200830597452,291.756587677952,NaN,NaN
321,NonStim,0,1,-0.4545,NaN,32,Left,0.7809666666667,0.79396666666662,NaN,13.9999999996689,0.0332445047751149,NaN,0.0332445047751149,6.74102994811563,NaN,6.74102994811563,0.0332445047751149,0,0,NaN,NaN
321,NonStim,0,1,-0.4545,NaN,33,Left,0.841966666666622,0.850966666666636,NaN,9.99999999976353,0,NaN,0,4.44268001648062,NaN,4.44268001648062,0,0,0,NaN,NaN
321,NonStim,0,1,-0.4545,NaN,34,Left,0.864966666666533,0.879966666666633,NaN,15.9999999996217,0.0332445047751149,NaN,0.0332445047751149,7.44722860411895,NaN,7.44722860411895,-0.0332445047751149,0,180,NaN,NaN
321,NonStim,0,1,-0.4545,NaN,35,Left,0.885966666666491,0.892966666666553,NaN,7.99999999981083,0.0426328199021528,NaN,0.0426328199021528,8.66655457985255,NaN,8.66655457985255,0.0265956069359944,-0.0333201294192487,308.596320830846,NaN,NaN
321,NonStim,0,1,-0.4545,NaN,36,Left,0.921966666666549,0.928966666666611,NaN,7.99999999981083,0.0388342910198567,NaN,0.0388342910198567,8.66655494361169,NaN,8.66655494361169,-0.0199467073598486,0.0333201294192487,120.906356856001,NaN,NaN
321,NonStim,0,1,-0.4545,NaN,37,Left,0.932966666666516,0.939966666666578,NaN,7.99999999981083,0.0358756557422037,NaN,0.0358756557422037,7.44722815948416,NaN,7.44722815948416,0.0132978062257514,-0.0333201294192487,291.75656023428,NaN,NaN
321,NonStim,0,1,-0.4545,NaN,38,Left,0.952966666666498,0.960966666666536,NaN,8.99999999978718,0.014894461332747,NaN,0.014894461332747,8.66655378156713,NaN,8.66655378156713,0.00664890251297429,-0.0133280558884504,296.513009575887,NaN,NaN
325,Stim,1,3,-1,-0.0627666666666755,1,Right,0.248533333333398,0.258533333333389,0.311300000000074,10.9999999997399,NaN,0.107450486626423,0.107450486626423,NaN,14.4338900475041,14.4338900475041,-0.0132978092947712,-0.106624459408782,262.890988298474,NaN,NaN
326,NonStim,0,4,-0.6363,NaN,1,Right,0.170166666666546,0.176166666666631,NaN,6.99999999983447,NaN,0.0446834072067532,0.0446834072067532,NaN,9.41367481305154,9.41367481305154,-0.0199467205489913,0.039984187111219,116.513013372897,NaN,NaN
326,NonStim,0,4,-0.6363,NaN,2,Merged,0.46016666666651,0.470166666666501,NaN,10.9999999997399,0.117775684861372,0.0812841959199365,0.0995299403906541,14.2109501302223,12.6527815489102,14.2109501302223,0.0631645949672595,-0.0766363500092141,309.495754487589,-0.999999999976353,7.71361714905169
326,NonStim,0,4,-0.6363,NaN,3,Left,0.48816666666653,0.494166666666615,NaN,6.99999999983447,0.0405332016636366,NaN,0.0405332016636366,8.66655992427629,NaN,8.66655992427629,-0.00664890714877906,0.0399841527462062,99.4412424638274,NaN,NaN
328,Stim,1,1,-0.4545,-0.0570999999999913,1,Right,0.648033333333387,0.657033333333402,0.705133333333379,9.99999999976353,NaN,0.0866031992317662,0.0866031992317662,NaN,12.0053448230786,12.0053448230786,0.0332445315800519,0.0799682139177807,67.42627791291,NaN,NaN
329,Stim,1,4,-0.3636,-0.0535000000002128,1,Left,0.225866666666434,0.232866666666496,0.279366666666647,7.99999999981083,0.0332445324471769,NaN,0.0332445324471769,7.84472817077167,NaN,7.84472817077167,-0.0332445324471769,0,180,NaN,NaN
329,Stim,1,4,-0.3636,-0.0535000000002128,2,Merged,0.74186666666651,0.752866666666478,0.795366666666723,11.9999999997162,0.117775506114225,0.117775494008494,0.117775500061359,15.9007723336988,14.1204964253497,15.9007723336988,0.0797868642837587,0.0866321228094295,47.3554010540576,2.99999999992906,1.4674354190447e-05
329,Stim,1,4,-0.3636,-0.0535000000002128,3,Right,0.755866666666407,0.763866666666445,0.809366666666619,8.99999999978718,NaN,0.0669709147105388,0.0669709147105388,NaN,11.5935311120419,11.5935311120419,-0.00664890471951693,-0.0666400441416199,264.302261027883,NaN,NaN
330,NonStim,0,2,-1,NaN,1,Merged,0.734066666666649,0.749066666666522,NaN,15.9999999996217,0.173384254145759,0.200080898721494,0.186732576433627,16.8847939993823,18.8480399546794,18.8480399546794,0.179520048873211,0.0433161762252634,13.5655336524284,4.99999999988177,17.0834388420789
331,NonStim,0,1,-0,NaN,1,Right,0.342499999999973,0.352499999999964,NaN,10.9999999997399,NaN,0.094627530243961,0.094627530243961,NaN,11.0976507836688,11.0976507836688,0.0598401514390485,-0.0733043365417319,309.225616268974,NaN,NaN
334,NonStim,0,2,-0.6363,NaN,1,Left,0.768800000000056,0.776799999999866,NaN,8.99999999978718,0.0537248010046507,NaN,0.0537248010046507,12.4119639571445,NaN,12.4119639571445,0.00664890709801128,0.0533117836635704,82.8909268350383,NaN,NaN
339,NonStim,0,3,0.0909,NaN,1,Right,0.450799999999845,0.45679999999993,NaN,6.99999999983447,NaN,0.0399841551851615,0.0399841551851615,NaN,6.66402941986334,6.66402941986334,0,0.0399841551851615,90,NaN,NaN
340,Stim,1,4,0.6363,-0.0485333333333529,1,Left,0.161833333333334,0.167833333333192,0.210366666666687,6.99999999983447,0.054945672729114,NaN,0.054945672729114,11.1067184150548,NaN,11.1067184150548,-0.013297808085647,-0.0533122429820037,255.994361240977,NaN,NaN
341,Stim,1,3,0.0909,-0.053766666666661,1,Right,0.603966666666565,0.613966666666556,0.657733333333226,10.9999999997399,NaN,0.0925263399083692,0.0925263399083692,NaN,11.593583207815,11.593583207815,-0.0465423430566798,-0.0799683304792179,239.800180199346,NaN,NaN
342,Stim,1,2,0.4545,-0.0647333333333791,1,Left,0.751033333333226,0.759033333333264,0.815766666666605,8.99999999978718,0.059976266778935,NaN,0.059976266778935,9.54704030302746,NaN,9.54704030302746,4.5102810375397e-17,-0.059976266778935,270,NaN,NaN
342,Stim,1,2,0.4545,-0.0647333333333791,2,Left,0.815033333333076,0.823033333333115,0.879766666666455,8.99999999978718,0.0666403063750965,NaN,0.0666403063750965,9.15761305057501,NaN,9.15761305057501,0,-0.0666403063750965,270,NaN,NaN
342,Stim,1,2,0.4545,-0.0647333333333791,3,Left,0.869033333333164,0.875033333333249,0.933766666666543,6.99999999983447,0.0471196788549234,NaN,0.0471196788549234,9.54703639220944,NaN,9.54703639220944,-0.00664890065351024,-0.0466482181384334,261.888110872719,NaN,NaN
343,NonStim,0,4,-0.1818,NaN,1,Left,0.470799999999826,0.476799999999685,NaN,6.99999999983447,0.0405332351046617,NaN,0.0405332351046617,7.02291295569766,NaN,7.02291295569766,0.00664890380212101,0.0399841872029421,80.5587701923598,NaN,NaN
344,NonStim,0,2,0.4545,NaN,1,Right,0.387466666666796,0.398466666666764,NaN,11.9999999997162,NaN,0.140574950138587,0.140574950138587,NaN,14.0458239405175,14.0458239405175,0.0132978047476484,-0.139944578299267,275.428058088584,NaN,NaN
344,NonStim,0,2,0.4545,NaN,2,Right,0.9684666666667,0.974466666666785,NaN,6.99999999983447,NaN,0.0480213757512272,0.0480213757512272,NaN,9.41365999544274,9.41365999544274,-0.0265956262925404,0.0399840617139891,123.630090987807,NaN,NaN
345,NonStim,0,1,-0.0909,NaN,1,Right,0.0323333333333267,0.0393333333331611,NaN,7.99999999981083,NaN,0.0339770046730583,0.0339770046730583,NaN,6.75552680153873,6.75552680153873,0.00664889871263821,0.0333200989263553,78.7150711803029,NaN,NaN
345,NonStim,0,1,-0.0909,NaN,2,Right,0.0483333333331757,0.0553333333332375,NaN,7.99999999981083,NaN,0.0339770062738172,0.0339770062738172,NaN,6.66402088149831,6.66402088149831,-0.00664890689278432,-0.0333200989263553,258.715057652733,NaN,NaN
345,NonStim,0,1,-0.0909,NaN,3,Right,0.0653333333332284,0.077333333333172,NaN,12.9999999996926,NaN,0.0470170053512925,0.0470170053512925,NaN,11.0905846805553,11.0905846805553,0.0465423429721451,-0.00666401552119125,351.851670132549,NaN,NaN
345,NonStim,0,1,-0.0909,NaN,4,Right,0.0883333333331393,0.0993333333331066,NaN,11.9999999997162,NaN,0.0743708473459641,0.0743708473459641,NaN,11.1370319404175,11.1370319404175,-0.0664890512978986,0.0333200989263553,153.38287335118,NaN,NaN
345,NonStim,0,1,-0.0909,NaN,5,Right,0.105333333333192,0.111333333333278,NaN,6.99999999983447,NaN,0.0358756668294307,0.0358756668294307,NaN,7.84472762953922,7.84472762953922,0.0132978128704943,0.0333201387049579,68.2434354064627,NaN,NaN
345,NonStim,0,1,-0.0909,NaN,6,Merged,0.131333333333259,0.144333333333179,NaN,13.9999999996689,0.0533122457217696,0.0695614862116909,0.0614368659667303,8.00357807916693,9.41367089297677,9.41367089297677,-0.0099733581705761,0.0599762701864328,99.4412337426846,0.999999999976353,16.6634486871592
345,NonStim,0,1,-0.0909,NaN,7,Merged,0.148333333333312,0.156333333333123,NaN,8.99999999978718,0.075309394640136,0.0684914401593063,0.0719004173997211,11.0976503599329,13.8923427772285,13.8923427772285,0.056515705719306,-0.0433162008339538,322.531806990066,-1.99999999995271,15.955185641098
345,NonStim,0,1,-0.0909,NaN,8,Right,0.188333333333276,0.19733333333329,NaN,9.99999999976353,NaN,0.0339770613112621,0.0339770613112621,NaN,7.84472663667519,7.84472663667519,0.00664890239620852,0.033320155946138,78.7150839047517,NaN,NaN
345,NonStim,0,1,-0.0909,NaN,9,Right,0.228333333333239,0.245333333333292,NaN,17.9999999995744,NaN,0.0519780485325647,0.0519780485325647,NaN,8.00357792804638,8.00357792804638,-0.0398934165924127,0.0333201566898756,140.130373316698,NaN,NaN
345,NonStim,0,1,-0.0909,NaN,10,Right,0.285333333333256,0.292333333333318,NaN,7.99999999981083,NaN,0.0388343109295568,0.0388343109295568,NaN,8.66655830054962,8.66655830054962,-0.0199467106573089,0.0333201506498259,120.906344941408,NaN,NaN
345,NonStim,0,1,-0.0909,NaN,11,Right,0.311333333333323,0.32233333333329,NaN,11.9999999997162,NaN,0.00664889942714667,0.00664889942714667,NaN,7.83616054772731,7.83616054772731,0.00664889942714667,0,0,NaN,NaN
345,NonStim,0,1,-0.0909,NaN,12,Right,0.358333333333121,0.365333333333183,NaN,7.99999999981083,NaN,0.0333201228160429,0.0333201228160429,NaN,7.84472342507367,7.84472342507367,-1.38777878078145e-17,0.0333201228160429,90,NaN,NaN
345,NonStim,0,1,-0.0909,NaN,13,Right,0.370333333333292,0.385333333333165,NaN,15.9999999996217,NaN,0.0132978033974232,0.0132978033974232,NaN,8.66655436666614,8.66655436666614,-0.0132978033974232,0,180,NaN,NaN
345,NonStim,0,1,-0.0909,NaN,14,Right,0.427333333333308,0.433333333333167,NaN,6.99999999983447,NaN,0.0426327783193227,0.0426327783193227,NaN,8.66654507094571,8.66654507094571,0.0265956116585236,0.033320072444902,51.4036264421734,NaN,NaN
345,NonStim,0,1,-0.0909,NaN,15,Right,0.456333333333305,0.462333333333163,NaN,6.99999999983447,NaN,0.0470682514086852,0.0470682514086852,NaN,9.41364959383601,9.41364959383601,-0.033244517165266,0.0333199995366076,134.935028155149,NaN,NaN
345,NonStim,0,1,-0.0909,NaN,16,Right,0.498333333333221,0.512333333333117,NaN,14.9999999996453,NaN,0.0132978004283614,0.0132978004283614,NaN,6.7555066087536,6.7555066087536,-0.0132978004283614,0,180,NaN,NaN
345,NonStim,0,1,-0.0909,NaN,17,Right,0.582333333333281,0.589333333333116,NaN,7.99999999981083,NaN,0.0426326310298816,0.0426326310298816,NaN,8.00353307320059,8.00353307320059,-0.0265955864734399,0.0333199040914556,128.596488250232,NaN,NaN
345,NonStim,0,1,-0.0909,NaN,18,Right,0.599333333333107,0.612333333333254,NaN,13.9999999996689,NaN,0.00664889942714667,0.00664889942714667,NaN,6.66398302783966,6.66398302783966,-0.00664889942714667,0,180,NaN,NaN
345,NonStim,0,1,-0.0909,NaN,19,Right,0.614333333333207,0.629333333333307,NaN,15.9999999996217,NaN,0.0199467028245699,0.0199467028245699,NaN,8.66650027484153,8.66650027484153,0.0199467028245699,0,0,NaN,NaN
345,NonStim,0,1,-0.0909,NaN,20,Right,0.638333333333321,0.645333333333156,NaN,7.99999999981083,NaN,0.0358754430830782,0.0358754430830782,NaN,8.66651919632781,8.66651919632781,0.0132977971011513,-0.0333199040914556,291.75668008874,NaN,NaN
345,NonStim,0,1,-0.0909,NaN,21,Right,0.66933333333327,0.677333333333308,NaN,8.99999999978718,NaN,0.0398934165924127,0.0398934165924127,NaN,7.996570295706,7.996570295706,0.0398934165924127,0,0,NaN,NaN
345,NonStim,0,1,-0.0909,NaN,22,Right,0.748333333333221,0.755333333333283,NaN,7.99999999981083,NaN,0.042632705625913,0.042632705625913,NaN,9.41364673476207,9.41364673476207,0.0265955864734399,-0.0333199995366076,308.596408229771,NaN,NaN
345,NonStim,0,1,-0.0909,NaN,23,Right,0.792333333333318,0.801333333333105,NaN,9.99999999976353,NaN,0.0297888215115805,0.0297888215115805,NaN,7.84470147959245,7.84470147959245,0.0132977893722886,-0.0266560065437238,296.513072988002,NaN,NaN
345,NonStim,0,1,-0.0909,NaN,24,Right,0.857333333333145,0.868333333333112,NaN,11.9999999997162,NaN,0.0199466738413401,0.0199466738413401,NaN,6.74102236996304,6.74102236996304,-0.0199466738413401,0,180,NaN,NaN
345,NonStim,0,1,-0.0909,NaN,25,Right,0.931333333333214,0.940333333333228,NaN,9.99999999976353,NaN,0.0274177559700733,0.0274177559700733,NaN,10.2264731017586,10.2264731017586,-0.0265955695831289,0.00666400937750207,165.933109292382,NaN,NaN
345,NonStim,0,1,-0.0909,NaN,26,Right,0.948333333333267,0.955333333333328,NaN,7.99999999981083,NaN,0.0470682752268549,0.0470682752268549,NaN,9.41365531019682,9.41365531019682,0.0332444778135775,-0.033320072444902,314.934931559668,NaN,NaN
345,NonStim,0,1,-0.0909,NaN,27,Right,0.957333333333281,0.964333333333116,NaN,7.99999999981083,NaN,0.0426327575631967,0.0426327575631967,NaN,8.66654220129862,8.66654220129862,-0.0265955783864309,0.033320072444902,128.596338609883,NaN,NaN
347,NonStim,0,3,-0.4545,NaN,1,Left,0.125533333333351,0.132533333333186,NaN,7.99999999981083,0.0332445313577211,NaN,0.0332445313577211,7.844727086618,NaN,7.844727086618,0.0332445313577211,0,0,NaN,NaN
347,NonStim,0,3,-0.4545,NaN,2,Left,0.360533333333251,0.366533333333336,NaN,6.99999999983447,0.0480214784987358,NaN,0.0480214784987358,8.66656139213532,NaN,8.66656139213532,-0.0265956271405273,0.0399841845509771,123.630010660911,NaN,NaN
347,NonStim,0,3,-0.4545,NaN,3,Left,0.483533333333298,0.489533333333156,NaN,6.99999999983447,0.0339058732875478,NaN,0.0339058732875478,7.84472858455969,NaN,7.84472858455969,-0.0332445327186924,-0.00666402938971877,191.334991522195,NaN,NaN
348,Stim,1,4,0.4545,-0.0536666666666861,1,Left,0.00246666666657802,0.00846666666666351,0.0561333333332641,6.99999999983447,0.0630914099383011,NaN,0.0630914099383011,12.6368552205851,NaN,12.6368552205851,0.0598401387925442,0.0199920933694249,18.4740457277122,NaN,NaN
348,Stim,1,4,0.4545,-0.0536666666666861,2,Merged,0.7184666666667,0.726466666666738,0.772133333333386,8.99999999978718,0.0799683628598351,0.0745007065439034,0.0772345347018693,12.2173906206946,11.5935838811848,12.2173906206946,-0.00664890704033614,-0.0766363417216953,265.041480808432,-0.999999999976353,10.2819619314345
349,NonStim,0,1,0.4545,NaN,1,Left,0.0281666666667206,0.0371666666667352,NaN,9.99999999976353,0.0358756351945369,NaN,0.0358756351945369,7.75705820873339,NaN,7.75705820873339,-0.013297814248317,-0.0333201040939064,248.243412873862,NaN,NaN
349,NonStim,0,1,0.4545,NaN,2,Left,0.0471666666667261,0.0661666666667315,NaN,19.9999999995271,0.0426328127100234,NaN,0.0426328127100234,9.41366821603066,NaN,9.41366821603066,-0.0265956271356623,0.0333201040939064,128.596363280356,NaN,NaN
349,NonStim,0,1,0.4545,NaN,3,Left,0.0681666666666843,0.0811666666666042,NaN,13.9999999996689,0.0199467212739841,NaN,0.0199467212739841,8.66655430374458,NaN,8.66655430374458,-0.0199467212739841,0,180,NaN,NaN
349,NonStim,0,1,0.4545,NaN,4,Left,0.134166666666715,0.144166666666706,NaN,10.9999999997399,0.0339770112553257,NaN,0.0339770112553257,4.96481747237203,NaN,4.96481747237203,-0.00664890645262639,-0.0333201040939064,258.715060085873,NaN,NaN
349,NonStim,0,1,0.4545,NaN,5,Left,0.146166666666659,0.153166666666721,NaN,7.99999999981083,0.0572399851948717,NaN,0.0572399851948717,9.41366404214754,NaN,9.41366404214754,-0.0465423094429184,0.0333201040939064,144.400746140558,NaN,NaN
349,NonStim,0,1,0.4545,NaN,6,Left,0.185166666666646,0.192166666666708,NaN,7.99999999981083,0.0333201415376379,NaN,0.0333201415376379,6.66402890631066,NaN,6.66402890631066,0,0.0333201415376379,90,NaN,NaN
349,NonStim,0,1,0.4545,NaN,7,Left,0.194166666666661,0.205166666666628,NaN,11.9999999997162,0.0132978047215214,NaN,0.0132978047215214,7.02291024993795,NaN,7.02291024993795,-0.0132978047215214,0,180,NaN,NaN
349,NonStim,0,1,0.4545,NaN,8,Left,0.207166666666581,0.214166666666642,NaN,7.99999999981083,0.0339770473023027,NaN,0.0339770473023027,6.75553689947482,NaN,6.75553689947482,0.00664890301438438,-0.0333201415376379,281.284921872194,NaN,NaN
349,NonStim,0,1,0.4545,NaN,9,Left,0.216166666666595,0.22516666666661,NaN,9.99999999976353,0.00666402603322534,NaN,0.00666402603322534,6.66402785930929,NaN,6.66402785930929,0,0.00666402603322534,90,NaN,NaN
349,NonStim,0,1,0.4545,NaN,10,Left,0.241166666666686,0.248166666666521,NaN,7.99999999981083,0.0297889309817809,NaN,0.0297889309817809,5.97927882919191,NaN,5.97927882919191,0.0132978092342123,-0.0266561189712195,296.513010641719,NaN,NaN
349,NonStim,0,1,0.4545,NaN,11,Left,0.250166666666701,0.261166666666668,NaN,11.9999999997162,0.0537252580295241,NaN,0.0537252580295241,6.66403143682078,NaN,6.66403143682078,-0.00664890414255712,0.0533122445976722,97.1090092016354,NaN,NaN
349,NonStim,0,1,0.4545,NaN,12,Left,0.270166666666682,0.279166666666697,NaN,9.99999999976353,0.0537252597871743,NaN,0.0537252597871743,7.02291284743549,NaN,7.02291284743549,-0.00664890414255712,0.053312246368939,97.1090089678596,NaN,NaN
349,NonStim,0,1,0.4545,NaN,13,Left,0.28116666666665,0.298166666666702,NaN,17.9999999995744,0.0266561207424863,NaN,0.0266561207424863,8.88537501923186,NaN,8.88537501923186,0,-0.0266561207424863,270,NaN,NaN
349,NonStim,0,1,0.4545,NaN,14,Left,0.325166666666519,0.340166666666619,NaN,15.9999999996217,0.019946719178804,NaN,0.019946719178804,7.84472852047841,NaN,7.84472852047841,-0.019946719178804,0,180,NaN,NaN
349,NonStim,0,1,0.4545,NaN,15,Left,0.351166666666586,0.358166666666648,NaN,7.99999999981083,0.0333201488127389,NaN,0.0333201488127389,6.75553740975854,NaN,6.75553740975854,0,0.0333201488127389,90,NaN,NaN
349,NonStim,0,1,0.4545,NaN,16,Left,0.377166666666653,0.390166666666573,NaN,13.9999999996689,0.00941367264216796,NaN,0.00941367264216796,8.94951832118489,NaN,8.94951832118489,-0.00664890686449937,0.0066640280702526,134.934921870911,NaN,NaN
349,NonStim,0,1,0.4545,NaN,17,Left,0.426166666666631,0.444166666666661,NaN,18.9999999995507,0.0133280523399656,NaN,0.0133280523399656,8.00357460270781,NaN,8.00357460270781,0,0.0133280523399656,90,NaN,NaN
349,NonStim,0,1,0.4545,NaN,18,Left,0.453166666666675,0.46016666666651,NaN,7.99999999981083,0.0339770256047859,NaN,0.0339770256047859,7.44722849467595,NaN,7.44722849467595,0.00664890686449937,-0.0333201186440788,281.284935793816,NaN,NaN
349,NonStim,0,1,0.4545,NaN,19,Left,0.482166666666672,0.489166666666733,NaN,7.99999999981083,0.0333201488127389,NaN,0.0333201488127389,6.66403021582913,NaN,6.66403021582913,0,-0.0333201488127389,270,NaN,NaN
349,NonStim,0,1,0.4545,NaN,20,Left,0.493166666666639,0.506166666666559,NaN,13.9999999996689,0.0132978139617966,NaN,0.0132978139617966,7.02291211323677,NaN,7.02291211323677,-0.0132978139617966,0,180,NaN,NaN
349,NonStim,0,1,0.4545,NaN,21,Left,0.532166666666626,0.539166666666688,NaN,7.99999999981083,0.0358756838155189,NaN,0.0358756838155189,8.00358043981654,NaN,8.00358043981654,0.013297814248317,-0.0333201564439356,291.756556136248,NaN,NaN
349,NonStim,0,1,0.4545,NaN,22,Left,0.546166666666522,0.55916666666667,NaN,13.9999999996689,0.0685737040089634,NaN,0.0685737040089634,9.4136751414461,NaN,9.4136751414461,-0.0332445342329595,0.0599762771864218,118.999372202084,NaN,NaN
349,NonStim,0,1,0.4545,NaN,23,Left,0.561166666666622,0.594166666666524,NaN,33.999999999196,0.0599762771864218,NaN,0.0599762771864218,12.4120574755774,NaN,12.4120574755774,0,-0.0599762771864218,270,NaN,NaN
349,NonStim,0,1,0.4545,NaN,24,Left,0.622166666666544,0.637166666666644,NaN,15.9999999996217,0.013297814248317,NaN,0.013297814248317,7.02291330197402,NaN,7.02291330197402,-0.013297814248317,0,180,NaN,NaN
349,NonStim,0,1,0.4545,NaN,25,Left,0.695166666666637,0.702166666666699,NaN,7.99999999981083,0.0358756838155189,NaN,0.0358756838155189,7.44723468738616,NaN,7.44723468738616,-0.013297814248317,0.0333201564439356,111.756556136248,NaN,NaN
349,NonStim,0,1,0.4545,NaN,26,Left,0.707166666666581,0.714166666666642,NaN,7.99999999981083,0.0426328542503178,NaN,0.0426328542503178,7.84472913892013,NaN,7.84472913892013,0.0265956281384835,-0.0333201564439356,308.596320444108,NaN,NaN
349,NonStim,0,1,0.4545,NaN,27,Left,0.739166666666733,0.749166666666724,NaN,10.9999999997399,0.0333201564439356,NaN,0.0333201564439356,4.44268765301456,NaN,4.44268765301456,0,0.0333201564439356,90,NaN,NaN
349,NonStim,0,1,0.4545,NaN,28,Left,0.755166666666582,0.762166666666644,NaN,7.99999999981083,0.0339770621411748,NaN,0.0339770621411748,6.66403143682078,NaN,6.66403143682078,0.00664890414255712,-0.0333201564439356,281.284918818925,NaN,NaN
349,NonStim,0,1,0.4545,NaN,29,Left,0.792166666666617,0.799166666666679,NaN,7.99999999981083,0.0339770621411748,NaN,0.0339770621411748,7.84472822978113,NaN,7.84472822978113,-0.00664890414255712,0.0333201564439356,101.284918818925,NaN,NaN
349,NonStim,0,1,0.4545,NaN,30,Left,0.808166666666693,0.823166666666566,NaN,15.9999999996217,0.0332445002087061,NaN,0.0332445002087061,9.41367071278593,NaN,9.41367071278593,0.0332445002087061,0,0,NaN,NaN
349,NonStim,0,1,0.4545,NaN,31,Left,0.826166666666722,0.83516666666651,NaN,9.99999999976353,0.0339770621411748,NaN,0.0339770621411748,5.6509775573335,NaN,5.6509775573335,0.00664890414255712,-0.0333201564439356,281.284918818925,NaN,NaN
349,NonStim,0,1,0.4545,NaN,32,Left,0.880166666666582,0.887166666666644,NaN,7.99999999981083,0.0333201415376379,NaN,0.0333201415376379,6.66402890631067,NaN,6.66402890631067,0,-0.0333201415376379,270,NaN,NaN
350,Stim,1,1,-1,-0.0587000000000444,1,Right,0.0326999999999771,0.0387000000000626,0.0914000000000215,6.99999999983447,NaN,0.0446834046322532,0.0446834046322532,NaN,9.41367367287263,9.41367367287263,-0.0199467209017844,0.0399841840581496,116.51301552528,NaN,NaN
350,Stim,1,1,-1,-0.0587000000000444,2,Left,0.604699999999866,0.614699999999857,0.663399999999911,10.9999999997399,0.0933229132298128,NaN,0.0933229132298128,13.3950589799263,NaN,13.3950589799263,0.0930846760991143,-0.00666402350102014,355.905125042839,NaN,NaN
351,NonStim,0,4,-0.4545,NaN,1,Left,0.431533333333164,0.437533333333249,NaN,6.99999999983447,0.0339058731102045,NaN,0.0339058731102045,7.84472265220856,NaN,7.84472265220856,-0.0332445348743957,0.0066640177333481,168.665028507075,NaN,NaN
351,NonStim,0,4,-0.4545,NaN,2,Left,0.695533333333287,0.701533333333145,NaN,6.99999999983447,0.0332445348743957,NaN,0.0332445348743957,8.6665501148588,NaN,8.6665501148588,0.0332445348743957,0,0,NaN,NaN
351,NonStim,0,4,-0.4545,NaN,3,Merged,0.963533333333316,0.970533333333151,NaN,7.99999999981083,0.0656084785396294,0.0802442961692495,0.0729263873544394,11.593569974288,13.3280623120791,13.3280623120791,-0.0166222637912364,-0.0699722851264409,256.636800446281,0,19.1613502782328
352,NonStim,0,3,0.3636,NaN,1,Right,0.641766666666626,0.648766666666461,NaN,7.99999999981083,NaN,0.0824182771952906,0.0824182771952906,NaN,14.4338565254132,14.4338565254132,0.0199466848217299,-0.0799681322806925,284.005659405687,NaN,NaN
353,NonStim,0,1,1,NaN,1,Merged,0.441833333333307,0.470833333333303,NaN,29.9999999992906,0.394630368906591,0.501840331698868,0.44823535030273,22.2131637418525,23.9728292239751,23.9728292239751,0.11968018801836,-0.429825647024641,285.559272027534,-4.99999999988177,11.0671354792004
353,NonStim,0,1,1,NaN,2,Merged,0.686833333333198,0.699833333333345,NaN,13.9999999996689,0.214505470947948,0.250366913635007,0.232436192291477,22.3416007859645,25.3378068417599,25.3378068417599,-0.106382333377286,0.206582808613549,117.246754698389,-2.99999999992906,2.83764226155867
354,Stim,1,3,0.6363,-0.0495666666668058,1,Right,0.229099999999789,0.235099999999875,0.278666666666595,6.99999999983447,NaN,0.0519993575919592,0.0519993575919592,NaN,9.41367336756816,9.41367336756816,0.0332445345019949,-0.0399841733154772,309.741569629599,NaN,NaN
354,Stim,1,3,0.6363,-0.0495666666668058,2,Left,0.829099999999926,0.83609999999976,0.878666666666732,7.99999999981083,0.0778441264690031,NaN,0.0778441264690031,13.8923386431886,NaN,13.8923386431886,0.0731379569922412,0.0266560926004399,20.0249360210683,NaN,NaN
355,NonStim,0,3,0.1818,NaN,1,Merged,0.484299999999848,0.498299999999972,NaN,14.9999999996453,0.259981761011346,0.273224530879157,0.266603145945252,29.2156634566523,25.6413837650787,29.2156634566523,0.00332445164544878,-0.266560628399245,270.714536031858,-2.99999999992906,1.4654706360667
356,Stim,1,1,0.4545,-0.0563666666666904,1,Merged,0.797366666666676,0.809366666666619,0.853733333333366,12.9999999996926,0.0694296691975464,0.114564446683787,0.0919970579406667,12.2675306825424,15.4210618184702,15.4210618184702,0.0664890455400217,-0.0366521682456927,331.134194807106,4.99999999988177,71.2589847222147
358,NonStim,0,1,-0.4545,NaN,1,Left,0.646366666666609,0.652366666666694,NaN,6.99999999983447,0.0421374653005672,NaN,0.0421374653005672,8.00357679366452,NaN,8.00357679366452,-0.01329780780913,0.0399841754876595,108.395926712696,NaN,NaN
361,NonStim,0,2,0.3636,NaN,1,Right,0.106899999999996,0.112899999999854,NaN,6.99999999983447,NaN,0.0564820470869117,0.0564820470869117,NaN,9.41367492666446,9.41367492666446,-0.0398934379219724,0.0399841875482527,134.934905822368,NaN,NaN
361,NonStim,0,2,0.3636,NaN,2,Merged,0.227899999999863,0.234899999999925,NaN,7.99999999981083,0.0960428933178268,0.111686816206937,0.103864854762382,17.3331073971189,17.9378235635299,17.9378235635299,0.0432178886463266,-0.0932963103997322,294.855108126435,-0.999999999976353,16.3130058647588
366,Stim,1,2,-0.4545,-0.0536999999999352,1,Left,0.10349999999994,0.110500000000002,0.157199999999875,7.99999999981083,0.0471196620432076,NaN,0.0471196620432076,8.00357970917589,NaN,8.00357970917589,-0.00664890655494199,-0.0466482003156579,261.888100710553,NaN,NaN
368,NonStim,0,4,0.1818,NaN,1,Left,0.248633333333146,0.254633333333231,NaN,6.99999999983447,0.0549456018181724,NaN,0.0549456018181724,12.6615963515399,NaN,12.6615963515399,0.0132978142431193,0.0533121683625478,75.9943361793629,NaN,NaN
369,NonStim,0,4,-0.6363,NaN,1,Left,0.119533333333266,0.1265333333331,NaN,7.99999999981083,0.0536971430387555,NaN,0.0536971430387555,9.41367381698054,NaN,9.41367381698054,0.0265956273213275,-0.0466482130194676,299.688837430858,NaN,NaN
369,NonStim,0,4,-0.6363,NaN,2,Left,0.963533333333089,0.969533333333175,NaN,6.99999999983447,0.0333201448149488,NaN,0.0333201448149488,8.66300989771478,NaN,8.66300989771478,-4.16333634234434e-17,-0.0333201448149488,270,NaN,NaN
370,Stim,1,3,-1,-0.059633333333295,1,Merged,0.490600000000086,0.514599999999973,0.550233333333381,24.9999999994088,0.290307680055679,0.129192659950732,0.209750170003206,26.7480925326021,22.8577897433521,26.7480925326021,-0.0764624023027295,-0.106624155774665,234.354904921405,-5.99999999985812,115.343780282463
370,Stim,1,3,-1,-0.059633333333295,2,Merged,0.842600000000175,0.848600000000033,0.90223333333347,6.99999999983447,0.0834562507969891,0.0717511557383068,0.0776037032676479,15.4209952606546,12.4120103361703,15.4209952606546,-0.0332445332485174,0.0699719841013945,115.412956312456,0,6.79929725637169
371,NonStim,0,4,0.4545,NaN,1,Right,0.863000000000056,0.875999999999976,NaN,13.9999999996689,NaN,0.126790905644353,0.126790905644353,NaN,12.6616179554366,12.6616179554366,0.00664890596434962,-0.126616451551891,273.005965335005,NaN,NaN
372,Stim,1,4,-0.3636,-0.0506000000002587,1,Left,0.964299999999866,0.972299999999905,1.01490000000013,8.99999999978718,0.0745007179370439,NaN,0.0745007179370439,11.1067188601921,NaN,11.1067188601921,0.013297814099398,-0.0733043321592443,280.281960356586,NaN,NaN
379,Stim,1,1,-0.0909,-0.0558333333333394,1,Right,0.645600000000059,0.651599999999917,0.701433333333398,6.99999999983447,NaN,0.0480214799079959,0.0480214799079959,NaN,9.41367495851618,9.41367495851618,-0.0265956254857909,0.0399841873441689,123.63000717133,NaN,NaN
379,Stim,1,1,-0.0909,-0.0558333333333394,2,Right,0.821599999999989,0.828600000000051,0.877433333333329,7.99999999981083,NaN,0.10165863590584,0.10165863590584,NaN,17.8990476484669,17.8990476484669,-0.0531912336428444,-0.0866323895421826,238.450581015452,NaN,NaN
380,NonStim,0,3,1,NaN,1,Left,0.00733333333346309,0.0143333333332976,NaN,7.99999999981083,0.0333201567334181,NaN,0.0333201567334181,6.75553945400059,NaN,6.75553945400059,0,0.0333201567334181,90,NaN,NaN
380,NonStim,0,3,1,NaN,2,Left,0.0233333333333121,0.030333333333374,NaN,7.99999999981083,0.0333201567334181,NaN,0.0333201567334181,6.66403143053047,NaN,6.66403143053047,0,-0.0333201567334181,270,NaN,NaN
380,NonStim,0,3,1,NaN,3,Left,0.0323333333333267,0.0393333333333885,NaN,7.99999999981083,0.0333201567334181,NaN,0.0333201567334181,6.66403143053047,NaN,6.66403143053047,0,0.0333201567334181,90,NaN,NaN
380,NonStim,0,3,1,NaN,4,Left,0.0413333333333412,0.0483333333334031,NaN,7.99999999981083,0.0333201567334181,NaN,0.0333201567334181,6.66403143053047,NaN,6.66403143053047,0,-0.0333201567334181,270,NaN,NaN
380,NonStim,0,3,1,NaN,5,Left,0.0513333333333321,0.058333333333394,NaN,7.99999999981083,0.0426328525391158,NaN,0.0426328525391158,8.66656140729065,NaN,8.66656140729065,-0.0265956250327464,0.0333201567334181,128.596316939247,NaN,NaN
380,NonStim,0,3,1,NaN,6,Left,0.0823333333335086,0.089333333333343,NaN,7.99999999981083,0.0388343095622607,NaN,0.0388343095622607,7.8447262265781,NaN,7.8447262265781,-0.0199467159415907,0.0333201458928826,120.906355235644,NaN,NaN
380,NonStim,0,3,1,NaN,7,Left,0.0933333333334758,0.10033333333331,NaN,7.99999999981083,0.0388343095622607,NaN,0.0388343095622607,7.84472622657811,NaN,7.84472622657811,0.0199467159415908,-0.0333201458928826,300.906355235644,NaN,NaN
380,NonStim,0,3,1,NaN,8,Left,0.108333333333348,0.119333333333316,NaN,11.9999999997162,0.0199467159415908,NaN,0.0199467159415908,7.44723274031113,NaN,7.44723274031113,0.0199467159415908,0,0,NaN,NaN
380,NonStim,0,3,1,NaN,9,Left,0.131333333333487,0.144333333333407,NaN,13.9999999996689,0.00666402722953463,NaN,0.00666402722953463,7.02291150047426,NaN,7.02291150047426,-4.85722573273506e-17,0.00666402722953463,90.0000000000004,NaN,NaN
380,NonStim,0,3,1,NaN,10,Left,0.162333333333436,0.177333333333308,NaN,15.9999999996217,0.0332445295180891,NaN,0.0332445295180891,9.41367294840682,NaN,9.41367294840682,0.0332445295180891,0,0,NaN,NaN
380,NonStim,0,3,1,NaN,11,Left,0.204333333333352,0.210333333333438,NaN,6.99999999983447,0.0426328179796708,NaN,0.0426328179796708,8.66655503692159,NaN,8.66655503692159,-0.0265956250327464,0.0333201125148955,128.59635401147,NaN,NaN
380,NonStim,0,3,1,NaN,12,Left,0.21233333333339,0.218333333333476,NaN,6.99999999983447,0.0426328179796708,NaN,0.0426328179796708,8.66655530024271,NaN,8.66655530024271,0.0265956250327464,-0.0333201125148955,308.59635401147,NaN,NaN
380,NonStim,0,3,1,NaN,13,Left,0.272333333333336,0.279333333333398,NaN,7.99999999981083,0.0333201125148955,NaN,0.0333201125148955,6.66402347119469,NaN,6.66402347119469,0,0.0333201125148955,90,NaN,NaN
380,NonStim,0,3,1,NaN,14,Merged,0.286333333333459,0.302333333333308,NaN,16.999999999598,0.168710138136215,0.128178071480162,0.148444104808188,20.7456895480314,15.5888376981831,20.7456895480314,-0.0232711711452877,-0.146608601893494,260.980691103039,0.999999999976353,0.117396806559725
380,NonStim,0,3,1,NaN,15,Left,0.306333333333441,0.313333333333503,NaN,7.99999999981083,0.0426328176687336,NaN,0.0426328176687336,8.00357323387379,NaN,8.00357323387379,-0.0265956266802382,0.0333201108020499,128.596357177969,NaN,NaN
380,NonStim,0,3,1,NaN,16,Left,0.315333333333456,0.330333333333328,NaN,15.9999999996217,0.0332929440018487,NaN,0.0332929440018487,9.41367262659783,NaN,9.41367262659783,0.0199467212064011,0.02665611437221,53.1925588091445,NaN,NaN
380,NonStim,0,3,1,NaN,17,Left,0.345333333333429,0.354333333333443,NaN,9.99999999976353,0.0332445338158934,NaN,0.0332445338158934,7.43708721419241,NaN,7.43708721419241,-0.0332445338158934,0,180,NaN,NaN
380,NonStim,0,3,1,NaN,18,Left,0.440333333333456,0.446333333333314,NaN,6.99999999983447,0.0333201108020499,NaN,0.0333201108020499,6.66402314575391,NaN,6.66402314575391,0,-0.0333201108020499,270,NaN,NaN
380,NonStim,0,3,1,NaN,19,Left,0.448333333333494,0.454333333333352,NaN,6.99999999983447,0.0339770176099979,NaN,0.0339770176099979,6.66402314575391,NaN,6.66402314575391,-0.00664890530908818,0.0333201108020499,101.284935809421,NaN,NaN
380,NonStim,0,3,1,NaN,20,Left,0.474333333333334,0.481333333333396,NaN,7.99999999981083,0.0339770511825235,NaN,0.0339770511825235,7.02291131011543,NaN,7.02291131011543,-0.00664890530908823,0.033320145036458,101.284924512381,NaN,NaN
380,NonStim,0,3,1,NaN,21,Left,0.49033333333341,0.498333333333449,NaN,8.99999999978718,0,NaN,0,3.33201425761511,NaN,3.33201425761511,0,0,0,NaN,NaN
380,NonStim,0,3,1,NaN,22,Left,0.523333333333312,0.530333333333374,NaN,7.99999999981083,0.0339770511825235,NaN,0.0339770511825235,6.75553758917857,NaN,6.75553758917857,-0.00664890530908818,0.033320145036458,101.284924512381,NaN,NaN
380,NonStim,0,3,1,NaN,23,Left,0.57433333333347,0.581333333333305,NaN,7.99999999981083,0.0333201567334181,NaN,0.0333201567334181,6.66403143053047,NaN,6.66403143053047,0,0.0333201567334181,90,NaN,NaN
380,NonStim,0,3,1,NaN,24,Left,0.591333333333296,0.598333333333358,NaN,7.99999999981083,0.0333201567334181,NaN,0.0333201567334181,6.66403143053047,NaN,6.66403143053047,0,-0.0333201567334181,270,NaN,NaN
380,NonStim,0,3,1,NaN,25,Left,0.607333333333372,0.616333333333387,NaN,9.99999999976353,0.0332445157293083,NaN,0.0332445157293083,9.47070219647328,NaN,9.47070219647328,0.0332445157293083,0,0,NaN,NaN
380,NonStim,0,3,1,NaN,26,Left,0.618333333333339,0.631333333333487,NaN,13.9999999996689,0.0744723312363609,NaN,0.0744723312363609,8.66655829009455,NaN,8.66655829009455,-0.0332445211373742,0.0666403026263007,116.513007515224,NaN,NaN
380,NonStim,0,3,1,NaN,27,Left,0.641333333333478,0.648333333333312,NaN,7.99999999981083,0.0333201458928826,NaN,0.0333201458928826,6.66402969604453,NaN,6.66402969604453,0,-0.0333201458928826,270,NaN,NaN
380,NonStim,0,3,1,NaN,28,Left,0.651333333333469,0.658333333333303,NaN,7.99999999981083,0.0426328378732502,NaN,0.0426328378732502,8.00357797047095,NaN,8.00357797047095,-0.0265956151048223,0.0333201458928826,128.596315599841,NaN,NaN
380,NonStim,0,3,1,NaN,29,Left,0.713333333333367,0.720333333333429,NaN,7.99999999981083,0.0339770521639633,NaN,0.0339770521639633,7.02291069331984,NaN,7.02291069331984,0.00664890603255181,-0.0333201458928826,281.284925426165,NaN,NaN
380,NonStim,0,3,1,NaN,30,Left,0.723333333333358,0.730333333333419,NaN,7.99999999981083,0.0333201458928826,NaN,0.0333201458928826,6.66402969604453,NaN,6.66402969604453,0,0.0333201458928826,90,NaN,NaN
380,NonStim,0,3,1,NaN,31,Left,0.746333333333496,0.765333333333501,NaN,19.9999999995271,0.0332717730027774,NaN,0.0332717730027774,6.74103512072559,NaN,6.74103512072559,-0.0265956277833415,0.019992084972766,143.067606760505,NaN,NaN
380,NonStim,0,3,1,NaN,32,Left,0.782333333333327,0.795333333333474,NaN,13.9999999996689,0.0265956266802382,NaN,0.0265956266802382,9.41367305088461,NaN,9.41367305088461,0.0265956266802382,0,0,NaN,NaN
380,NonStim,0,3,1,NaN,33,Left,0.799333333333379,0.806333333333441,NaN,7.99999999981083,0.0426328450943352,NaN,0.0426328450943352,8.66655929224056,NaN,8.66655929224056,-0.0265956266802382,-0.0333201458928826,231.403672241727,NaN,NaN
380,NonStim,0,3,1,NaN,34,Left,0.817333333333409,0.82433333333347,NaN,7.99999999981083,0.0333201458928826,NaN,0.0333201458928826,6.66402969604453,NaN,6.66402969604453,0,0.0333201458928826,90,NaN,NaN
380,NonStim,0,3,1,NaN,35,Left,0.875333333333401,0.892333333333454,NaN,17.9999999995744,0.0274178164395248,NaN,0.0274178164395248,9.41366927030963,NaN,9.41366927030963,-0.0265956277833415,0.00666402589441472,165.933105372492,NaN,NaN
380,NonStim,0,3,1,NaN,36,Left,0.898333333333312,0.904333333333398,NaN,6.99999999983447,0.0339770194313009,NaN,0.0339770194313009,7.02290562574825,NaN,7.02290562574825,-0.00664890603255186,0.0333201125148955,101.284936440594,NaN,NaN
380,NonStim,0,3,1,NaN,37,Left,0.919333333333498,0.931333333333441,NaN,12.9999999996926,0.0265956266802382,NaN,0.0265956266802382,8.00357210184734,NaN,8.00357210184734,-0.0265956266802382,0,180,NaN,NaN
380,NonStim,0,3,1,NaN,38,Left,0.933333333333394,0.941333333333432,NaN,8.99999999978718,0.00664890603255181,NaN,0.00664890603255181,4.96481617814033,NaN,4.96481617814033,0.00664890603255181,0,0,NaN,NaN
381,NonStim,0,2,-0,NaN,1,Merged,0.868233333333364,0.882233333333261,NaN,14.9999999996453,0.219782221144136,0.312088312229776,0.265935266686956,23.1871503935345,33.4071123944089,33.4071123944089,-0.069813507312532,-0.25656420739634,254.777842333335,-1.99999999995271,2.07313543076305
383,NonStim,0,3,0.4545,NaN,1,Merged,0.783666666666704,0.803666666666686,NaN,20.9999999995034,0.254625507684299,0.306832958811491,0.280729233247895,17.7707417562095,20.0227066621857,20.0227066621857,-0.0199467207712602,-0.279888704535906,265.923615597108,0,3.51156214330751
384,NonStim,0,4,0.0909,NaN,1,Left,0.63266666666641,0.638666666666495,NaN,6.99999999983447,0.048021339000247,NaN,0.048021339000247,10.2264768005004,NaN,10.2264768005004,-0.0265956220143574,0.0399840204212392,123.630114023568,NaN,NaN
384,NonStim,0,4,0.0909,NaN,2,Left,0.74466666666649,0.750666666666575,NaN,6.99999999983447,0.0666398880180908,NaN,0.0666398880180908,12.2173113753259,NaN,12.2173113753259,0,-0.0666398880180908,270,NaN,NaN
387,Stim,1,1,-0.6363,-0.054833333333363,1,Merged,0.578199999999924,0.596199999999953,0.633033333333287,18.9999999995507,0.129379585263589,0.0906224891582072,0.110001037210898,14.8944670258153,16.5070208376095,16.5070208376095,6.03131626759901e-09,-0.0199922574868148,270.00001728514,-7.99999999981083,174.796212114762
389,Stim,1,3,0.1818,-0.0490666666669313,1,Merged,0.488299999999754,0.507299999999759,0.537366666666685,19.9999999995271,0.348118073447266,0.421144201662443,0.384631137554855,31.0987623199587,33.3201261200744,33.3201261200744,0.0332445321626621,-0.383178529815483,274.958559670609,-2.99999999992906,0.952416177807208
389,Stim,1,3,0.1818,-0.0490666666669313,2,Right,0.75429999999983,0.765299999999797,0.803366666666761,11.9999999997162,NaN,0.221513400579475,0.221513400579475,NaN,29.6328473041577,29.6328473041577,-0.0265956155338862,0.2199110271693,96.8957520802768,NaN,NaN
390,NonStim,0,4,-0,NaN,1,Left,0.0179666666665526,0.0259666666665908,NaN,8.99999999978718,0.0603436983433204,NaN,0.0603436983433204,8.95421080502055,NaN,8.95421080502055,-0.00664890713750229,-0.0599762783409118,263.674080322336,NaN,NaN
390,NonStim,0,4,-0,NaN,2,Left,0.0729666666666162,0.0799666666666781,NaN,7.99999999981083,0.0332445347921357,NaN,0.0332445347921357,7.84472878398658,NaN,7.84472878398658,0.0332445347921357,0,0,NaN,NaN
390,NonStim,0,4,-0,NaN,3,Merged,0.847966666666707,0.861966666666603,NaN,14.9999999996453,0.353441988614574,0.366520008862791,0.359980998738683,39.9994381192887,40.1220897152589,40.1220897152589,0.00664890629217782,-0.359855876053793,271.058509677273,0.999999999976353,2.15619091622045
393,Stim,1,2,0.1818,-0.0544000000002143,1,Left,0.530766666666523,0.538766666666561,0.585166666666737,8.99999999978718,0.0603436932547203,NaN,0.0603436932547203,11.1618624216928,NaN,11.1618624216928,0.00664890709801123,0.0599762732255164,83.6740798244388,NaN,NaN
394,Stim,1,3,-0.3636,-0.0474333333334016,1,Left,0.176433333333307,0.183433333333369,0.223866666666709,7.99999999981083,0.053725167613498,NaN,0.053725167613498,8.95419889927789,NaN,8.95419889927789,0.00664890687440581,0.0533121531404795,82.8909758366014,NaN,NaN
394,Stim,1,3,-0.3636,-0.0474333333334016,2,Left,0.538433333333387,0.545433333333222,0.585866666666789,7.99999999981083,0.0707699027448016,NaN,0.0707699027448016,12.6527754239332,NaN,12.6527754239332,0.0465422993800287,-0.0533122265801051,311.121401913745,NaN,NaN
396,Stim,1,3,1,-0.0641333333335297,1,Left,0.39746666666656,0.404466666666622,0.461600000000089,7.99999999981083,0.0822534408657569,NaN,0.0822534408657569,13.3441162201475,NaN,13.3441162201475,0.0797868706563369,0.0199920935653457,14.0669075079641,NaN,NaN
396,Stim,1,3,1,-0.0641333333335297,2,Right,0.646466666666583,0.653466666666418,0.710600000000113,7.99999999981083,NaN,0.0833540462647257,0.0833540462647257,NaN,15.0754529052862,15.0754529052862,0.0731379647123815,-0.0399841862044542,331.334777004591,NaN,NaN
400,Stim,1,4,0.1818,-0.0546333333334132,1,Right,0.0754333333334216,0.0814333333332797,0.130066666666835,6.99999999983447,NaN,0.0405332346179228,0.0405332346179228,NaN,7.02291327646104,7.02291327646104,-0.00664890715460127,0.039984186152041,99.441234726025,NaN,NaN
400,Stim,1,4,0.1818,-0.0546333333334132,2,Left,0.0864333333333889,0.092433333333247,0.141066666666802,6.99999999983447,0.0519993630511246,NaN,0.0519993630511246,9.41367392762189,NaN,9.41367392762189,0.0332445282968164,0.0399841855743598,50.2584442634815,NaN,NaN
400,Stim,1,4,0.1818,-0.0546333333334132,3,Merged,0.619433333333291,0.646433333333334,0.674066666666704,27.9999999993379,0.262433304241978,0.365251797714106,0.313842550978042,22.8578195289208,27.7439269822205,27.7439269822205,0.099733251572124,-0.296547850701007,288.588522813455,-13.9999999996689,9.14958456164675
401,Stim,1,2,0.3636,-0.0638333333333776,1,Right,0.590999999999894,0.611999999999853,0.654833333333272,21.9999999994798,NaN,0.244377398882822,0.244377398882822,NaN,16.6600563633523,16.6600563633523,0.0465423466801224,-0.239904403982589,280.97920711038,NaN,NaN
403,Stim,1,4,-0,-0.0568000000000666,1,Right,0.58829999999989,0.594299999999976,0.645099999999957,6.99999999983447,NaN,0.0720317491596649,0.0720317491596649,NaN,13.5472908131221,13.5472908131221,0.0398934245433833,0.0599757247993075,56.3697568633376,NaN,NaN
407,NonStim,0,2,-0.3636,NaN,1,Left,0.185066666666444,0.194066666666458,NaN,9.99999999976353,0.086603339393399,NaN,0.086603339393399,11.9585593348134,NaN,11.9585593348134,0.0332445337600219,-0.0799683648023831,292.573685099394,NaN,NaN
407,NonStim,0,2,-0.3636,NaN,2,Left,0.619066666666413,0.625066666666498,NaN,6.99999999983447,0.0446834034958708,NaN,0.0446834034958708,9.41367217444993,NaN,9.41367217444993,-0.0199467129210952,0.0399841867694994,116.513004816179,NaN,NaN
408,Stim,1,3,-0.1818,-0.0562333333334664,1,Right,0.923333333333176,0.929333333333261,0.979566666666642,6.99999999983447,NaN,0.0519991368801584,0.0519991368801584,NaN,9.41363955553303,9.41363955553303,0.0332445348386701,-0.0399838859997612,309.741772313755,NaN,NaN
409,Stim,1,3,-0.4545,-0.0661000000000058,1,Left,0.829166666666652,0.836166666666713,0.895266666666657,7.99999999981083,0.0707698037487105,NaN,0.0707698037487105,11.0976278005905,NaN,11.0976278005905,0.046542313299997,0.0533120830142278,48.8785131557996,NaN,NaN
410,NonStim,0,3,-1,NaN,1,Merged,0.455299999999852,0.483299999999872,NaN,28.9999999993142,0.179406911917697,0.0930845824347239,0.13624574717621,15.5888427680012,21.0686051367465,21.0686051367465,-0.0698134573263106,-0.0866323429147035,231.136081654789,-13.9999999996689,74.9641547345889
411,Stim,1,1,-0.4545,-0.0508333333332303,1,Merged,0.0189666666667563,0.0309666666666999,0.0697999999999865,12.9999999996926,0.0932964077208426,0.0736052492784494,0.083450828499646,11.1067147669948,8.66656159372103,11.1067147669948,-0.00332445349787072,-0.083300368725217,267.714582458839,2.99999999992906,5.18270522692171
412,Stim,1,2,-0.0909,-0.0596333333335224,1,Left,0.431599999999889,0.437599999999748,0.491233333333412,6.99999999983447,0.0613589817134744,NaN,0.0613589817134744,10.2264970933203,NaN,10.2264970933203,0.0465423442132888,0.0399841822730717,40.6656304701784,NaN,NaN
412,Stim,1,2,-0.0909,-0.0596333333335224,2,Left,0.640599999999722,0.646599999999808,0.700233333333244,6.99999999983447,0.0519993626580524,NaN,0.0519993626580524,9.41367424958163,NaN,9.41367424958163,-0.0332445316525505,0.0399841822730717,129.74156090526,NaN,NaN
413,NonStim,0,4,-0.0909,NaN,1,Left,0.235899999999901,0.242899999999963,NaN,7.99999999981083,0.0485065691435927,NaN,0.0485065691435927,10.4609598618678,NaN,10.4609598618678,-0.0132978126634727,-0.0466482092737687,254.088957233159,NaN,NaN
414,Stim,1,4,0.0909,-0.0518666666669105,1,Left,0.481133333333219,0.487133333333077,0.533000000000129,6.99999999983447,0.0485065750961811,NaN,0.0485065750961811,9.15761310105826,NaN,9.15761310105826,0.0132978141270156,-0.0466482150462887,285.911042560093,NaN,NaN
414,Stim,1,4,0.0909,-0.0518666666669105,2,Left,0.690133333333051,0.698133333333089,0.741999999999962,8.99999999978718,0.0274178176765593,NaN,0.0274178176765593,7.84472932604797,NaN,7.84472932604797,-0.0265956277182383,0.00666403124376835,165.933094495951,NaN,NaN
415,Stim,1,3,-0.0909,-0.0563000000001921,1,Left,0.00289999999972679,0.0118999999997413,0.0591999999999189,9.99999999976353,0.0421374740501938,NaN,0.0421374740501938,6.74103524043268,NaN,6.74103524043268,-0.013297813882717,0.0399841826885504,108.395931459188,NaN,NaN
415,Stim,1,3,-0.0909,-0.0563000000001921,2,Left,0.0418999999997141,0.0548999999998614,0.0981999999999061,13.9999999996689,0,NaN,0,6.66403108110225,NaN,6.66403108110225,0,0,0,NaN,NaN
415,Stim,1,3,-0.0909,-0.0563000000001921,3,Left,0.0598999999997432,0.0708999999997104,0.116199999999935,11.9999999997162,0.0332445348769139,NaN,0.0332445348769139,9.41367490728192,NaN,9.41367490728192,0.0332445348769139,0,0,NaN,NaN
415,Stim,1,3,-0.0909,-0.0563000000001921,4,Left,0.0848999999998341,0.115899999999783,0.141200000000026,31.9999999992433,0.009413673765173,NaN,0.009413673765173,8.95421077120813,NaN,8.95421077120813,0.00664890681063359,0.00666402971036419,45.0650854118096,NaN,NaN
415,Stim,1,3,-0.0909,-0.0563000000001921,5,Left,0.117899999999736,0.124899999999798,0.174199999999928,7.99999999981083,0.0333201539427909,NaN,0.0333201539427909,7.02291250645103,NaN,7.02291250645103,-4.42354486374086e-17,-0.0333201539427909,270,NaN,NaN
415,Stim,1,3,-0.0909,-0.0563000000001921,6,Left,0.138899999999694,0.146899999999732,0.195199999999886,8.99999999978718,0.0358756806620125,NaN,0.0358756806620125,9.41367334229276,NaN,9.41367334229276,0.013297812120617,-0.0333201538977159,291.756554487524,NaN,NaN
415,Stim,1,3,-0.0909,-0.0563000000001921,7,Left,0.148899999999685,0.1578999999997,0.205199999999877,9.99999999976353,0.0148944668333006,NaN,0.0148944668333006,6.75553913655068,NaN,6.75553913655068,-0.00664890637010858,0.0133280601112773,116.513015601553,NaN,NaN
415,Stim,1,3,-0.0909,-0.0563000000001921,8,Left,0.193899999999758,0.201899999999796,0.25019999999995,8.99999999978718,0.0333201538977159,NaN,0.0333201538977159,7.44723413658742,NaN,7.44723413658742,4.85722573273506e-17,-0.0333201538977159,270,NaN,NaN
415,Stim,1,3,-0.0909,-0.0563000000001921,9,Left,0.316899999999805,0.323899999999867,0.373199999999997,7.99999999981083,0.0339770369774664,NaN,0.0339770369774664,6.66402701533924,NaN,6.66402701533924,0.00664890148135936,-0.0333201313151568,281.284922710343,NaN,NaN
415,Stim,1,3,-0.0909,-0.0563000000001921,10,Left,0.32589999999982,0.331899999999678,0.382200000000012,6.99999999983447,0.0333201313151568,NaN,0.0333201313151568,6.66402701533924,NaN,6.66402701533924,0,0.0333201313151568,90,NaN,NaN
415,Stim,1,3,-0.0909,-0.0563000000001921,11,Left,0.356899999999769,0.36389999999983,0.413199999999961,7.99999999981083,0.0333201313151568,NaN,0.0333201313151568,6.66402701533924,NaN,6.66402701533924,0,0.0333201313151568,90,NaN,NaN
415,Stim,1,3,-0.0909,-0.0563000000001921,12,Left,0.400899999999865,0.4078999999997,0.457200000000057,7.99999999981083,0.0358756517653692,NaN,0.0358756517653692,7.44722695360025,NaN,7.44722695360025,-0.0132977907462384,0.0333201313151568,111.756536151153,NaN,NaN
415,Stim,1,3,-0.0909,-0.0563000000001921,13,Left,0.439899999999852,0.448899999999867,0.496200000000044,9.99999999976353,0.0266561025243223,NaN,0.0266561025243223,6.66402701533924,NaN,6.66402701533924,0,-0.0266561025243223,270,NaN,NaN
415,Stim,1,3,-0.0909,-0.0563000000001921,14,Left,0.457899999999654,0.464899999999716,0.514199999999846,7.99999999981083,0.0339770363494993,NaN,0.0339770363494993,6.75553356876374,NaN,6.75553356876374,0.00664889827233808,0.0333201313151568,78.7150825964348,NaN,NaN
415,Stim,1,3,-0.0909,-0.0563000000001921,15,Left,0.483899999999721,0.510899999999765,0.540199999999913,27.9999999993379,0.0274728348935453,NaN,0.0274728348935453,7.43707964985611,NaN,7.43707964985611,-0.00664889434702175,0.0266561223933666,104.005618683686,NaN,NaN
415,Stim,1,3,-0.0909,-0.0563000000001921,16,Left,0.512899999999718,0.518899999999803,0.56919999999991,6.99999999983447,0.0426115595515524,NaN,0.0426115595515524,7.9965806450699,NaN,7.9965806450699,0.0332444904663216,-0.0266561223933666,321.27663755595,NaN,NaN
415,Stim,1,3,-0.0909,-0.0563000000001921,17,Left,0.525899999999865,0.5328999999997,0.582200000000057,7.99999999981083,0.0333201538977159,NaN,0.0333201538977159,6.66403108110225,NaN,6.66403108110225,0,0.0333201538977159,90,NaN,NaN
415,Stim,1,3,-0.0909,-0.0563000000001921,18,Left,0.549899999999752,0.56089999999972,0.606199999999944,11.9999999997162,0.0614327719025793,NaN,0.0614327719025793,7.02291193859303,NaN,7.02291193859303,-0.0132978014477451,0.0599762781463695,102.501257194796,NaN,NaN
415,Stim,1,3,-0.0909,-0.0563000000001921,19,Left,0.562899999999672,0.568899999999758,0.619199999999864,6.99999999983447,0.0426328398816954,NaN,0.0426328398816954,8.00357854292295,NaN,8.00357854292295,0.026595608239087,-0.0333201539427909,308.596301639368,NaN,NaN
415,Stim,1,3,-0.0909,-0.0563000000001921,20,Left,0.594899999999825,0.602899999999863,0.651200000000017,8.99999999978718,0.0333201539427909,NaN,0.0333201539427909,7.84472788395166,NaN,7.84472788395166,4.85722573273506e-17,0.0333201539427909,89.9999999999999,NaN,NaN
415,Stim,1,3,-0.0909,-0.0563000000001921,21,Left,0.620899999999665,0.62689999999975,0.677199999999857,6.99999999983447,0.0333201539427909,NaN,0.0333201539427909,6.66403108831425,NaN,6.66403108831425,0,-0.0333201539427909,270,NaN,NaN
415,Stim,1,3,-0.0909,-0.0563000000001921,22,Left,0.648899999999685,0.665899999999738,0.705199999999877,17.9999999995744,0.0358756807038767,NaN,0.0358756807038767,9.41367366776488,NaN,9.41367366776488,-0.013297812120617,0.0333201539427909,111.756554460841,NaN,NaN
415,Stim,1,3,-0.0909,-0.0563000000001921,23,Left,0.66789999999969,0.679899999999861,0.724199999999882,12.9999999996926,0.0265956210465336,NaN,0.0265956210465336,8.66300944644884,NaN,8.66300944644884,-0.0265956210465336,0,180,NaN,NaN
415,Stim,1,3,-0.0909,-0.0563000000001921,24,Left,0.68289999999979,0.689899999999852,0.739199999999983,7.99999999981083,0.0388343143126875,NaN,0.0388343143126875,9.41367334995093,NaN,9.41367334995093,0.0199467117431752,-0.0333201539427909,300.906343820548,NaN,NaN
415,Stim,1,3,-0.0909,-0.0563000000001921,25,Left,0.699899999999843,0.706899999999678,0.756200000000035,7.99999999981083,0.0358756787285082,NaN,0.0358756787285082,7.44723363382771,NaN,7.44723363382771,-0.0132978067913419,0.0333201539427909,111.75654655592,NaN,NaN
415,Stim,1,3,-0.0909,-0.0563000000001921,26,Left,0.71089999999981,0.727899999999863,0.767200000000003,17.9999999995744,0.0132978067913419,NaN,0.0132978067913419,7.84472726488542,NaN,7.84472726488542,0.0132978067913419,0,0,NaN,NaN
415,Stim,1,3,-0.0909,-0.0563000000001921,27,Left,0.740899999999783,0.747899999999845,0.797199999999975,7.99999999981083,0.0426328456549831,NaN,0.0426328456549831,8.00357897004385,NaN,8.00357897004385,0.0265956174936836,-0.0333201539427909,308.59631136009,NaN,NaN
415,Stim,1,3,-0.0909,-0.0563000000001921,28,Left,0.749899999999798,0.760899999999765,0.80619999999999,11.9999999997162,0.0199467117431752,NaN,0.0199467117431752,5.96944864901995,NaN,5.96944864901995,-0.0199467117431752,0,180,NaN,NaN
415,Stim,1,3,-0.0909,-0.0563000000001921,29,Left,0.774899999999661,0.787899999999809,0.831199999999853,13.9999999996689,0.0199467170724503,NaN,0.0199467170724503,9.41367366776488,NaN,9.41367366776488,-0.0199467170724503,0,180,NaN,NaN
415,Stim,1,3,-0.0909,-0.0563000000001921,30,Left,0.878899999999703,0.89189999999985,0.935199999999895,13.9999999996689,0.00666403150434925,NaN,0.00666403150434925,7.02291220865411,NaN,7.02291220865411,0,-0.00666403150434925,270,NaN,NaN
415,Stim,1,3,-0.0909,-0.0563000000001921,31,Left,0.925899999999729,0.931899999999814,0.982199999999921,6.99999999983447,0.0339770591676223,NaN,0.0339770591676223,7.02291237486338,NaN,7.02291237486338,-0.00664890148135936,0.0333201539427909,101.284915243442,NaN,NaN
415,Stim,1,3,-0.0909,-0.0563000000001921,32,Left,0.961899999999787,0.968899999999849,1.01819999999998,7.99999999981083,0.0426328456549831,NaN,0.0426328456549831,8.66655924563462,NaN,8.66655924563462,0.0265956174936836,0.0333201539427909,51.4036886399102,NaN,NaN
418,NonStim,0,2,0.0909,NaN,1,Merged,0.508000000000038,0.521999999999935,NaN,14.9999999996453,0.123775016070504,0.177315348288383,0.150545182179443,14.8741578336104,18.8272987040219,18.8272987040219,0.0997335378237257,0.109956069002549,47.7910040780441,-4.99999999988177,19.4578270333602
420,Stim,1,1,0.1818,-0.0538666666666359,1,Left,0.52523333333329,0.536233333333257,0.579099999999926,11.9999999997162,0.140345583933686,NaN,0.140345583933686,18.6144867002214,NaN,18.6144867002214,-0.119680250912269,-0.0733043004963816,211.487520474844,NaN,NaN
421,NonStim,0,2,0.6363,NaN,1,Right,0.0892666666663899,0.100266666666357,NaN,11.9999999997162,NaN,0.109891224649543,0.109891224649543,NaN,13.7363928567538,13.7363928567538,0.0265955095374951,0.106624388051784,75.9944028305648,NaN,NaN
421,NonStim,0,2,0.6363,NaN,2,Right,0.849266666666381,0.855266666666466,NaN,6.99999999983447,NaN,0.0564820237161781,0.0564820237161781,NaN,9.41367215773901,9.41367215773901,0.0398934336031634,-0.0399841588435333,314.93492328732,NaN,NaN
421,NonStim,0,2,0.6363,NaN,3,Right,0.949266666666517,0.955266666666375,NaN,6.99999999983447,NaN,0.0480214576565301,0.0480214576565301,NaN,9.41367369785014,9.41367369785014,0.026595628156391,-0.0399841588435333,303.630028657271,NaN,NaN
422,NonStim,0,2,1,NaN,1,Left,0.464099999999917,0.470099999999775,NaN,6.99999999983447,0.0446833832436815,NaN,0.0446833832436815,8.6665483539391,NaN,8.6665483539391,0.0199466666554406,-0.0399841872174296,296.512951474111,NaN,NaN
423,Stim,1,1,0.3636,-0.0591333333334205,1,Merged,0.217199999999821,0.226199999999835,0.276333333333241,9.99999999976353,0.209242577200076,0.158379248766282,0.183810912983179,27.2258796578971,22.3237247584058,27.2258796578971,-0.0365689838563638,-0.179928689783675,258.511596170456,0,5.44720043890533
424,NonStim,0,1,0.3636,NaN,1,Left,0.00786666666658675,0.0148666666666486,NaN,7.99999999981083,0.0274728219280919,NaN,0.0274728219280919,5.66283956814222,NaN,5.66283956814222,-0.00664890694909227,0.0266561058873002,104.005652515768,NaN,NaN
424,NonStim,0,1,0.3636,NaN,2,Left,0.0228666666666868,0.0288666666665449,NaN,6.99999999983447,0.0358756573302561,NaN,0.0358756573302561,8.66655612010878,NaN,8.66655612010878,0.0132978126365998,-0.0333201285705779,291.756570245895,NaN,NaN
424,NonStim,0,1,0.3636,NaN,3,Left,0.0618666666666741,0.0688666666667359,NaN,7.99999999981083,0.018827345159415,NaN,0.018827345159415,3.99829383789977,NaN,3.99829383789977,0.0132978140799459,-0.0133280556138898,314.934923758892,NaN,NaN
424,NonStim,0,1,0.3636,NaN,4,Left,0.0778666666667505,0.0888666666667177,NaN,11.9999999997162,0.0376546975838037,NaN,0.0376546975838037,7.01015931479744,NaN,7.01015931479744,-0.0265956281706364,-0.0266561214796333,225.065087247389,NaN,NaN
424,NonStim,0,1,0.3636,NaN,5,Left,0.105866666666543,0.112866666666605,NaN,7.99999999981083,0.0470683724357064,NaN,0.0470683724357064,9.41367443852644,NaN,9.41367443852644,-0.0332445347723227,0.0333201529335955,134.93491144057,NaN,NaN
424,NonStim,0,1,0.3636,NaN,6,Left,0.126866666666729,0.133866666666563,NaN,7.99999999981083,0.0333201529335955,NaN,0.0333201529335955,6.6640309238874,NaN,6.6640309238874,0,-0.0333201529335955,270,NaN,NaN
424,NonStim,0,1,0.3636,NaN,7,Left,0.147866666666687,0.157866666666678,NaN,10.9999999997399,0.0339770591799252,NaN,0.0339770591799252,6.27578315917282,NaN,6.27578315917282,0.00664890660168635,0.0333201529335955,78.7150759560223,NaN,NaN
424,NonStim,0,1,0.3636,NaN,8,Left,0.165866666666716,0.18786666666665,NaN,22.9999999994561,0.00666402935887621,NaN,0.00666402935887621,7.99658862046525,NaN,7.99658862046525,0,-0.00666402935887621,270,NaN,NaN
424,NonStim,0,1,0.3636,NaN,9,Merged,0.206866666666656,0.232866666666723,NaN,26.9999999993615,0.127312788227509,0.0925263416763491,0.109919564951929,17.8990419606691,17.3768784867575,17.8990419606691,0.0299200790383369,-0.103292368193924,286.154398712125,10.9999999997399,24.2043463135238
424,NonStim,0,1,0.3636,NaN,10,Left,0.300866666666707,0.310866666666698,NaN,10.9999999997399,0.0339769981408795,NaN,0.0339769981408795,4.57879609740086,NaN,4.57879609740086,0.00664890606714694,0.0333200907978293,78.7150563357518,NaN,NaN
424,NonStim,0,1,0.3636,NaN,11,Left,0.321866666666665,0.328866666666727,NaN,7.99999999981083,0.0333200907978293,NaN,0.0333200907978293,6.66401932520774,NaN,6.66401932520774,0,-0.0333200907978293,270,NaN,NaN
424,NonStim,0,1,0.3636,NaN,12,Left,0.352866666666614,0.373866666666572,NaN,21.9999999994798,0.0358756227871538,NaN,0.0358756227871538,7.44723008502965,NaN,7.44723008502965,0.0132978140906904,0.0333200907978293,68.2434052367158,NaN,NaN
424,NonStim,0,1,0.3636,NaN,13,Left,0.408866666666654,0.415866666666716,NaN,7.99999999981083,0.0333201340471828,NaN,0.0333201340471828,6.66402752433238,NaN,6.66402752433238,0,0.0333201340471828,90,NaN,NaN
424,NonStim,0,1,0.3636,NaN,14,Left,0.447866666666641,0.463866666666718,NaN,16.999999999598,0.00941367345645786,NaN,0.00941367345645786,6.75553670371873,NaN,6.75553670371873,-0.00664890606714694,0.00666403001606954,134.934910070578,NaN,NaN
424,NonStim,0,1,0.3636,NaN,15,Left,0.514866666666649,0.52486666666664,NaN,10.9999999997399,0.0519780659046182,NaN,0.0519780659046182,7.99658905529403,NaN,7.99658905529403,0.0398934408394696,0.0333201547591329,39.8696079162432,NaN,NaN
424,NonStim,0,1,0.3636,NaN,16,Left,0.541866666666692,0.548866666666754,NaN,7.99999999981083,0.0426328527368784,NaN,0.0426328527368784,8.66656149525431,NaN,8.66656149525431,0.0265956278232304,-0.0333201547591329,308.596321525491,NaN,NaN
424,NonStim,0,1,0.3636,NaN,17,Left,0.554866666666612,0.561866666666674,NaN,7.99999999981083,0.0470683737280219,NaN,0.0470683737280219,9.4136746873387,NaN,9.4136746873387,-0.0332445347723227,0.0333201547591329,134.934909871019,NaN,NaN
424,NonStim,0,1,0.3636,NaN,18,Left,0.59086666666667,0.597866666666732,NaN,7.99999999981083,0.0388343198815502,NaN,0.0388343198815502,8.6665614952543,NaN,8.6665614952543,0.0199467212215441,-0.0333201547591329,300.906355200549,NaN,NaN
424,NonStim,0,1,0.3636,NaN,19,Left,0.60386666666659,0.612866666666605,NaN,9.99999999976353,0.033977060970168,NaN,0.033977060970168,5.55335929478322,NaN,5.55335929478322,-0.00664890660168635,0.0333201547591329,101.284923441568,NaN,NaN
424,NonStim,0,1,0.3636,NaN,20,Left,0.616866666666738,0.63686666666672,NaN,20.9999999995034,0.0358756819951643,NaN,0.0358756819951643,9.41367468733869,NaN,9.41367468733869,0.013297813558837,-0.0333201547591329,291.756556110901,NaN,NaN
424,NonStim,0,1,0.3636,NaN,21,Left,0.685866666666698,0.707866666666632,NaN,22.9999999994561,0.00664890606714694,NaN,0.00664890606714694,8.6665606232422,NaN,8.6665606232422,0.00664890606714694,0,0,NaN,NaN
424,NonStim,0,1,0.3636,NaN,22,Left,0.7338666666667,0.746866666666619,NaN,13.9999999996689,0.00664890660168635,NaN,0.00664890660168635,8.00357996434485,NaN,8.00357996434485,-0.00664890660168635,0,180,NaN,NaN
424,NonStim,0,1,0.3636,NaN,23,Left,0.767866666666578,0.778866666666545,NaN,11.9999999997162,0.026595619270601,NaN,0.026595619270601,8.6665577846065,NaN,8.6665577846065,0.026595619270601,0,0,NaN,NaN
424,NonStim,0,1,0.3636,NaN,24,Left,0.782866666666678,0.795866666666598,NaN,13.9999999996689,0,NaN,0,5.97928006660203,NaN,5.97928006660203,0,0,0,NaN,NaN
424,NonStim,0,1,0.3636,NaN,25,Left,0.908866666666654,0.916866666666692,NaN,8.99999999978718,0.0132978055273185,NaN,0.0132978055273185,6.74103210659205,NaN,6.74103210659205,-0.0132978055273185,0,180,NaN,NaN
424,NonStim,0,1,0.3636,NaN,26,Merged,0.918866666666645,0.961866666666538,NaN,43.9999999989595,0.426540147303926,0.439815015934415,0.43317758161917,28.5512865551689,39.2657691269995,39.2657691269995,-0.00332445106911992,-0.43315166929549,269.560261938232,12.9999999996926,0.893162021719661
425,Stim,1,4,1,-0.0621333333333496,1,Left,0.516100000000051,0.524100000000089,0.578233333333401,8.99999999978718,0.0669711416394238,NaN,0.0669711416394238,9.92964441046241,NaN,9.92964441046241,-0.00664890609381666,-0.0666402720600942,264.302279216734,NaN,NaN
426,Stim,1,2,-1,-0.0645666666666784,1,Left,0.44159999999988,0.449599999999919,0.506166666666559,8.99999999978718,0.0804903349939266,NaN,0.0804903349939266,11.1618447071256,NaN,11.1618447071256,-0.0332444847651205,-0.0733041489967395,245.605025256419,NaN,NaN
427,NonStim,0,3,-0,NaN,1,Merged,0.632733333333363,0.646733333333486,NaN,14.9999999996453,0.238801932117845,0.11650291088455,0.177652421501198,21.4442312646817,14.2109437121169,21.4442312646817,0.0764623662762618,-0.15993658938085,295.551496121944,0.999999999976353,7.96441206474645
427,NonStim,0,3,-0,NaN,2,Merged,0.647733333333463,0.65873333333343,NaN,11.9999999997162,0.0990424037021314,0.0953763726561352,0.0972093881791333,13.9094320295398,12.652774098144,13.9094320295398,-0.0365689418631525,0.0899643446310534,112.120887144526,-3.99999999990541,5.11304076194895
428,Stim,1,1,-0.1818,-0.0571999999999662,1,Merged,0.812466666666751,0.824466666666694,0.869666666666717,12.9999999996926,0.147635299209671,0.175604925740562,0.161620112475117,17.7303782363391,18.8480293368549,18.8480293368549,0.152924319694379,0.0266559552742909,9.88777881941963,0.999999999976353,32.4555243303377
429,NonStim,0,3,-0.0909,NaN,1,Merged,0.0820666666663783,0.101066666666384,NaN,19.9999999995271,0.58739920385119,0.525430975852174,0.556415089851682,50.2582199764214,41.9503277878469,50.2582199764214,0.275928210235744,-0.483138355829053,299.731393586104,-0.999999999976353,1.28326364196744
429,NonStim,0,3,-0.0909,NaN,2,Merged,0.273066666666409,0.288066666666509,NaN,15.9999999996217,0.332512278090281,0.331707051936056,0.332109665013169,34.47880286159,37.7921625519005,37.7921625519005,-0.192817350944992,0.269892033783055,125.542924530763,0,5.74077415600618
432,NonStim,0,4,1,NaN,1,Left,0.359066666666649,0.366066666666711,NaN,7.99999999981083,0.0905694915772065,NaN,0.0905694915772065,14.927391599459,NaN,14.927391599459,0.0531912329279111,-0.0733043350980172,305.96546183647,NaN,NaN
432,NonStim,0,4,1,NaN,2,Left,0.708066666666809,0.71606666666662,NaN,8.99999999978718,0.0733042787644386,NaN,0.0733042787644386,11.5935692699089,NaN,11.5935692699089,0,-0.0733042787644386,270,NaN,NaN
436,Stim,1,4,-0.0909,-0.053533333333462,1,Left,0.0136333333332459,0.0206333333333077,0.0671666666667079,7.99999999981083,0.0569215464245556,NaN,0.0569215464245556,8.95420390833847,NaN,8.95420390833847,-0.0199467208272742,0.053312201001287,110.513299229128,NaN,NaN
436,Stim,1,4,-0.0909,-0.053533333333462,2,Left,0.89763333333326,0.903633333333119,0.951166666666722,6.99999999983447,0.07360512807299,NaN,0.07360512807299,13.5110609665899,NaN,13.5110609665899,-0.00664890463474276,-0.0733042082407235,264.817288060768,NaN,NaN
437,Stim,1,2,-0.3636,-0.0628000000001521,1,Left,0.492466666666587,0.499466666666649,0.555266666666739,7.99999999981083,0.0333201411530804,NaN,0.0333201411530804,7.84472800990863,NaN,7.84472800990863,-4.46691295064028e-17,0.0333201411530804,90.0000000000001,NaN,NaN
437,Stim,1,2,-0.3636,-0.0628000000001521,2,Left,0.8134666666665,0.819466666666585,0.876266666666652,6.99999999983447,0.0333201411530804,NaN,0.0333201411530804,8.66301041300988,NaN,8.66301041300988,4.42354486374086e-17,-0.0333201411530804,270,NaN,NaN
437,Stim,1,2,-0.3636,-0.0628000000001521,3,Right,0.939466666666704,0.945466666666562,1.00226666666686,6.99999999983447,NaN,0.0519993683401742,0.0519993683401742,NaN,9.41367513547518,9.41367513547518,-0.0332445344054407,0.0399841873737929,129.741559644488,NaN,NaN
437,Stim,1,2,-0.3636,-0.0628000000001521,4,Left,0.947466666666514,0.954466666666576,1.01026666666667,7.99999999981083,0.0484130858611195,NaN,0.0484130858611195,8.66300954878929,NaN,8.66300954878929,0.0465423432068678,0.0133280595515721,15.9798154576627,NaN,NaN
438,Stim,1,2,0.6363,-0.0557000000001153,1,Merged,0.464133333333166,0.476133333333109,0.519833333333281,12.9999999996926,0.180051474119959,0.140102451733,0.160076962926479,20.4775894966783,14.4719234259726,20.4775894966783,-1.11035806851095e-10,-0.159936630057811,269.999999960222,0,4.83642300788534
438,Stim,1,2,0.6363,-0.0557000000001153,2,Left,0.846133333333228,0.85313333333329,0.901833333333343,7.99999999981083,0.0332445345684743,NaN,0.0332445345684743,7.8447286362844,NaN,7.8447286362844,0.0332445345684743,0,0,NaN,NaN
439,Stim,1,3,0.4545,-0.0578666666667687,1,Right,0.362466666666705,0.368466666666563,0.420333333333474,6.99999999983447,NaN,0.0480214618420252,0.0480214618420252,NaN,9.4136700820418,9.4136700820418,0.0265956117362508,0.039984174792281,56.3699981938285,NaN,NaN
439,Stim,1,3,0.4545,-0.0578666666667687,2,Merged,0.434466666666594,0.449466666666694,0.492333333333363,15.9999999996217,0.150933983572068,0.170531356017703,0.160732669794886,15.7712564768934,18.0617025098844,18.0617025098844,0.103058032884139,-0.123284526070831,309.893481059112,-6.99999999983447,2.76277144013079
440,Stim,1,1,0.6363,-0.0579000000000178,1,Right,0.692900000000009,0.699900000000071,0.750800000000027,7.99999999981083,NaN,0.10399869547063,0.10399869547063,NaN,17.3331195328239,17.3331195328239,0.066489051735267,-0.0799683353517991,309.741566286852,NaN,NaN
441,NonStim,0,3,-0.3636,NaN,1,Left,0.633633333333364,0.63963333333345,NaN,6.99999999983447,0.0507338856634238,NaN,0.0507338856634238,8.95420868328092,NaN,8.95420868328092,-0.0199467165891728,0.0466482116679791,113.15149095166,NaN,NaN
442,NonStim,0,3,-0.6363,NaN,1,Right,0.0162666666665245,0.02226666666661,NaN,6.99999999983447,NaN,0.0199920898568271,0.0199920898568271,NaN,4.44268689138215,4.44268689138215,0,0.0199920898568271,90,NaN,NaN
442,NonStim,0,3,-0.6363,NaN,2,Right,0.0252666666665391,0.03526666666653,NaN,10.9999999997399,NaN,0.0210687351633428,0.0210687351633428,NaN,9.41367415099503,9.41367415099503,0.00664890551441577,-0.0199920898568271,288.395929053512,NaN,NaN
442,NonStim,0,3,-0.6363,NaN,3,Right,0.0422666666665918,0.0492666666666537,NaN,7.99999999981083,NaN,0.0388343164104782,0.0388343164104782,NaN,8.0035794700898,8.0035794700898,-0.0199467183948846,0.0333201524057786,120.906353405695,NaN,NaN
442,NonStim,0,3,-0.6363,NaN,4,Right,0.0582666666666682,0.0642666666665264,NaN,6.99999999983447,NaN,0.0358756791225687,0.0358756791225687,NaN,7.02291202923582,7.02291202923582,0.0132978117057357,-0.0333201524057786,291.756554755318,NaN,NaN
442,NonStim,0,3,-0.6363,NaN,5,Right,0.0662666666664791,0.0722666666665646,NaN,6.99999999983447,NaN,0.0426328493876459,0.0426328493876459,NaN,9.41367425828946,9.41367425828946,-0.0265956254027874,0.0333201524057786,128.596320956159,NaN,NaN
442,NonStim,0,3,-0.6363,NaN,6,Right,0.0822666666665555,0.0982666666666319,NaN,16.999999999598,NaN,0.0199467208446333,0.0199467208446333,NaN,7.01015904202206,7.01015904202206,-0.0199467208446333,0,180,NaN,NaN
442,NonStim,0,3,-0.6363,NaN,7,Right,0.14726666666661,0.153266666666468,NaN,6.99999999983447,NaN,0.0297889383272849,0.0297889383272849,NaN,7.84472905713736,7.84472905713736,0.0132978136970518,0.0266561249536628,63.486986813774,NaN,NaN
442,NonStim,0,3,-0.6363,NaN,8,Right,0.156266666666625,0.169266666666545,NaN,13.9999999996689,NaN,0.0148741756833732,0.0148741756833732,NaN,8.00357983038607,8.00357983038607,0.0132978117057357,-0.00666403076963562,333.382838019087,NaN,NaN
442,NonStim,0,3,-0.6363,NaN,9,Right,0.242266666666637,0.250266666666676,NaN,8.99999999978718,NaN,0.042611591504771,0.042611591504771,NaN,7.99658820211289,7.99658820211289,-0.0332445325503689,-0.0266561209870628,218.723325570538,NaN,NaN
442,NonStim,0,3,-0.6363,NaN,10,Right,0.335266666666485,0.342266666666546,NaN,7.99999999981083,NaN,0.0358756760533146,0.0358756760533146,NaN,6.75553874829682,6.75553874829682,0.0132978034253052,0.0333201524057786,68.2434575270556,NaN,NaN
442,NonStim,0,3,-0.6363,NaN,11,Right,0.370266666666566,0.377266666666628,NaN,7.99999999981083,NaN,0.0426328504064628,0.0426328504064628,NaN,8.00357983770516,8.00357983770516,-0.0265956270359532,-0.0333201524057786,231.403677328418,NaN,NaN
442,NonStim,0,3,-0.6363,NaN,12,Right,0.392266666666501,0.399266666666563,NaN,7.99999999981083,NaN,0.0333201524057786,0.0333201524057786,NaN,6.66403083590324,6.66403083590324,0,0.0333201524057786,90,NaN,NaN
442,NonStim,0,3,-0.6363,NaN,13,Right,0.411266666666506,0.422266666666474,NaN,11.9999999997162,NaN,0.0199467137962351,0.0199467137962351,NaN,10.2264946005544,10.2264946005544,-0.0199467137962351,0,180,NaN,NaN
442,NonStim,0,3,-0.6363,NaN,14,Right,0.431266666666488,0.448266666666541,NaN,17.9999999995744,NaN,0.0426115939861187,0.0426115939861187,NaN,9.41367425828946,9.41367425828946,-0.0332445325503689,-0.0266561249536628,218.723329731614,NaN,NaN
442,NonStim,0,3,-0.6363,NaN,15,Right,0.454266666666626,0.461266666666688,NaN,7.99999999981083,NaN,0.0333201551102785,0.0333201551102785,NaN,6.66403126862329,6.66403126862329,0,0.0333201551102785,90,NaN,NaN
442,NonStim,0,3,-0.6363,NaN,16,Right,0.493266666666614,0.503266666666605,NaN,10.9999999997399,NaN,0.0266561249536628,0.0266561249536628,NaN,9.413674610485,9.413674610485,0,-0.0266561249536628,270,NaN,NaN
442,NonStim,0,3,-0.6363,NaN,17,Right,0.505266666666557,0.52226666666661,NaN,17.9999999995744,NaN,0.0426328515013763,0.0426328515013763,NaN,9.41367432210752,9.41367432210752,-0.0265956254027874,0.0333201551102785,128.596318688744,NaN,NaN
442,NonStim,0,3,-0.6363,NaN,18,Merged,0.555266666666512,0.603266666666514,NaN,48.9999999988413,0.0988685299653422,0.192309143968892,0.145588836967117,15.5141030691185,23.5899334656149,23.5899334656149,0.0698134899513932,0.0766359813881028,47.6672513408285,-19.9999999995271,95.6894129300975
442,NonStim,0,3,-0.6363,NaN,19,Right,0.607266666666646,0.613266666666505,NaN,6.99999999983447,NaN,0.0333198305734253,0.0333198305734253,NaN,6.66396861495131,6.66396861495131,0,-0.0333198305734253,270,NaN,NaN
442,NonStim,0,3,-0.6363,NaN,20,Right,0.658266666666577,0.672266666666474,NaN,14.9999999996453,NaN,0.00664889944377375,0.00664889944377375,NaN,9.41361849117052,9.41361849117052,-0.00664889944377375,0,180,NaN,NaN
442,NonStim,0,3,-0.6363,NaN,21,Right,0.711266666666688,0.718266666666523,NaN,7.99999999981083,NaN,0.0358753748150064,0.0358753748150064,NaN,7.02285269543412,7.02285269543412,-0.0132977971361962,-0.0333198305734253,248.243276337916,NaN,NaN
442,NonStim,0,3,-0.6363,NaN,22,Right,0.721266666666679,0.735266666666575,NaN,14.9999999996453,NaN,0.0265956005615014,0.0265956005615014,NaN,8.66650620337067,8.66650620337067,0.0265956005615014,0,0,NaN,NaN
442,NonStim,0,3,-0.6363,NaN,23,Right,0.741266666666661,0.748266666666495,NaN,7.99999999981083,NaN,0.0519778190502335,0.0519778190502335,NaN,9.53996671895078,9.53996671895078,-0.039893389975998,0.0333198305734253,140.13063041311,NaN,NaN
442,NonStim,0,3,-0.6363,NaN,24,Right,0.75726666666651,0.763266666666595,NaN,6.99999999983447,NaN,0.0339767416515354,0.0339767416515354,NaN,7.44717712556716,7.44717712556716,0.00664889944377375,-0.0333198305734253,281.285018583543,NaN,NaN
442,NonStim,0,3,-0.6363,NaN,25,Right,0.765266666666548,0.771266666666634,NaN,6.99999999983447,NaN,0.0470681275504345,0.0470681275504345,NaN,9.41362343913025,9.41362343913025,-0.0332445111508984,0.0333198305734253,134.935168243648,NaN,NaN
442,NonStim,0,3,-0.6363,NaN,26,Right,0.779266666666672,0.798266666666677,NaN,19.9999999995271,NaN,0.0132978060326369,0.0132978060326369,NaN,9.4136199178815,9.4136199178815,-0.0132978060326369,0,180,NaN,NaN
442,NonStim,0,3,-0.6363,NaN,27,Right,0.802266666666583,0.809266666666645,NaN,7.99999999981083,NaN,0.038834034448251,0.038834034448251,NaN,9.41362687245975,9.41362687245975,-0.019946707048688,-0.0333198305734253,239.093417066613,NaN,NaN
442,NonStim,0,3,-0.6363,NaN,28,Merged,0.823266666666541,0.834266666666508,NaN,11.9999999997162,0.0595778454679534,0.0426325893128474,0.0511052173904004,8.88537488413101,6.66396861495131,8.88537488413101,0.0265955930226089,0.0433160360483234,58.4505102619283,-3.99999999990541,12.0836052642545
442,NonStim,0,3,-0.6363,NaN,29,Right,0.887266666666619,0.894266666666681,NaN,7.99999999981083,NaN,0.0339766113535352,0.0339766113535352,NaN,7.02282797403277,7.02282797403277,0.00664889769242247,0.033319698056028,78.7149405823069,NaN,NaN
442,NonStim,0,3,-0.6363,NaN,30,Right,0.907266666666601,0.914266666666663,NaN,7.99999999981083,NaN,0.0388339105046891,0.0388339105046891,NaN,7.02282787249724,7.02282787249724,0.019946687106919,-0.033319698056028,300.906658114255,NaN,NaN
442,NonStim,0,3,-0.6363,NaN,31,Right,0.918266666666568,0.92526666666663,NaN,7.99999999981083,NaN,0.0426324746431202,0.0426324746431202,NaN,7.84467387595204,7.84467387595204,-0.0265955939142447,0.033319698056028,128.596668805264,NaN,NaN
442,NonStim,0,3,-0.6363,NaN,32,Right,0.928266666666559,0.941266666666479,NaN,13.9999999996689,NaN,0.0132978004598248,0.0132978004598248,NaN,8.00350294123769,8.00350294123769,0.0132978004598248,0,0,NaN,NaN
443,NonStim,0,2,-1,NaN,1,Left,0.297433333333174,0.30343333333326,NaN,6.99999999983447,0.0333201545359779,NaN,0.0333201545359779,8.66301087633696,NaN,8.66301087633696,4.5102810375397e-17,-0.0333201545359779,270,NaN,NaN
443,NonStim,0,2,-1,NaN,2,Left,0.67843333333326,0.687433333333274,NaN,9.99999999976353,0.0598401448650299,NaN,0.0598401448650299,9.54000761184729,NaN,9.54000761184729,0.0598401448650299,0,0,NaN,NaN
443,NonStim,0,2,-1,NaN,3,Left,0.866433333333134,0.875433333333149,NaN,9.99999999976353,0.0717512338911689,NaN,0.0717512338911689,9.41367010016169,NaN,9.41367010016169,-0.0265956215207672,0.0666401716746688,111.756592759923,NaN,NaN
444,NonStim,0,1,0.1818,NaN,1,Right,0.231133333333219,0.237133333333304,NaN,6.99999999983447,NaN,0.0421374116553118,0.0421374116553118,NaN,7.44722216541623,7.44722216541623,-0.0132978105799088,0.0399841180319145,108.395954942408,NaN,NaN
444,NonStim,0,1,0.1818,NaN,2,Right,0.564133333333302,0.574133333333293,NaN,10.9999999997399,NaN,0.0866030000643181,0.0866030000643181,NaN,9.54702078872862,9.54702078872862,-0.0332445235236856,-0.079968001574526,247.426228906562,NaN,NaN
446,NonStim,0,4,0.3636,NaN,1,Left,0.155300000000125,0.161299999999983,NaN,6.99999999983447,0.0519992751384973,NaN,0.0519992751384973,9.41366080991868,NaN,9.41366080991868,-0.0332445310552328,0.0399840689506058,129.741640228705,NaN,NaN
446,NonStim,0,4,0.3636,NaN,2,Merged,0.269300000000158,0.286299999999983,NaN,17.9999999995744,0.33298000916609,0.245683565628844,0.289331787397467,26.3917123645188,20.0089433535977,26.3917123645188,0.12300467927028,-0.259896656432396,295.327399836034,1.99999999995271,12.9256715149285
446,NonStim,0,4,0.3636,NaN,3,Merged,0.509299999999939,0.523300000000063,NaN,14.9999999996453,0.158854585702559,0.168075052682779,0.163464819192669,15.9008080980498,18.4730011057598,18.4730011057598,-0.0897601379746314,0.136612458956575,123.306599091696,-1.99999999995271,0.665607655710005
447,Stim,1,4,-1,-0.0485666666668294,1,Right,0.658866666666654,0.664866666666512,0.707433333333483,6.99999999983447,NaN,0.051999365603446,0.051999365603446,NaN,9.41367449587124,9.41367449587124,0.0332445334431931,-0.0399841846147356,309.741560772821,NaN,NaN
447,Stim,1,4,-1,-0.0485666666668294,2,Left,0.941866666666556,0.948866666666618,0.990433333333385,7.99999999981083,0.07530934936934,NaN,0.07530934936934,14.4108070204255,NaN,14.4108070204255,-0.0531911861490515,0.0533122482970871,134.934872080043,NaN,NaN
447,Stim,1,4,-1,-0.0485666666668294,3,Left,0.960866666666561,0.967866666666623,1.00943333333339,7.99999999981083,0.0572822295004153,NaN,0.0572822295004153,12.3951450342733,NaN,12.3951450342733,0.0332445117017217,-0.0466482181680322,305.476109057008,NaN,NaN
450,Stim,1,4,-0.6363,-0.0594000000003234,1,Right,0.837666666666337,0.851666666666461,0.89706666666666,14.9999999996453,NaN,0.184139744136858,0.184139744136858,NaN,16.8847907476262,16.8847907476262,0.119680248762381,0.139943143551093,49.4627319668016,NaN,NaN
451,NonStim,0,1,-0.3636,NaN,1,Merged,0.65336666666667,0.659366666666756,NaN,6.99999999983447,0.110733191215851,0.0988682733003983,0.104800732258125,19.9913983903257,17.5253343626565,19.9913983903257,0.0930843502975428,0.0466481995549027,26.6172359567312,0,13.0994062121859
456,Stim,1,4,0.6363,-0.0566000000001168,1,Left,0.374766666666574,0.381766666666636,0.43136666666669,7.99999999981083,0.0485065510264289,NaN,0.0485065510264289,9.41366865713741,NaN,9.41366865713741,-0.0132978106317117,0.0466481910140435,105.911046371715,NaN,NaN
457,Stim,1,3,0.3636,-0.052366666666785,1,Merged,0.222866666666505,0.2338666666667,0.27523333333329,11.9999999997162,0.122865514364332,0.101931132533235,0.112398323448783,13.7364150588631,13.7364100405065,13.7364150588631,0.0232711737525632,-0.109956466784633,281.94973919265,0,1.21634181044328
457,Stim,1,3,0.3636,-0.052366666666785,2,Left,0.844866666666576,0.850866666666661,0.897233333333361,6.99999999983447,0.0507336603637802,NaN,0.0507336603637802,8.95415893108195,NaN,8.95415893108195,-0.0199467095413731,0.0466479696490586,113.151591093795,NaN,NaN
459,NonStim,0,4,-0.1818,NaN,1,Merged,0.10253333333344,0.118533333333289,NaN,16.999999999598,0.60930529209696,0.625961659660088,0.617633475878524,51.6762842323626,54.2369849675873,54.2369849675873,0.132978007580731,-0.6030864013148,282.434510525152,-2.99999999992906,1.60431096580453
459,NonStim,0,4,-0.1818,NaN,2,Right,0.282533333333276,0.295533333333424,NaN,13.9999999996689,NaN,0.375246574244174,0.375246574244174,NaN,41.2087187795173,41.2087187795173,-0.106382470049571,0.359851026882154,106.469217765788,NaN,NaN
460,NonStim,0,1,-0.6363,NaN,1,Left,0.388799999999947,0.394800000000032,NaN,6.99999999983447,0.0506544536255141,NaN,0.0506544536255141,8.93451320658325,NaN,8.93451320658325,0.0465423475659794,0.019992087313408,23.2457564500993,NaN,NaN
460,NonStim,0,1,-0.6363,NaN,2,Left,0.947799999999916,0.953800000000001,NaN,6.99999999983447,0.053697064003737,NaN,0.053697064003737,10.4713673100381,NaN,10.4713673100381,-0.0265956213029545,0.0466481254728554,119.688878119042,NaN,NaN
461,Stim,1,4,-0.4545,-0.0518666666666832,1,Right,0.0244000000000142,0.0304000000000997,0.0762666666666973,6.99999999983447,NaN,0.051999200045307,0.051999200045307,NaN,9.4136481428775,9.4136481428775,-0.0332444949825869,0.0399840012843213,129.741657333241,NaN,NaN
461,Stim,1,4,-0.4545,-0.0518666666666832,2,Merged,0.594399999999951,0.611400000000003,0.646266666666634,17.9999999995744,0.218157599020375,0.268485009112052,0.243321304066213,20.0089121403748,26.7217022698552,26.7217022698552,-0.123004616681952,0.209916304168494,120.369015021815,-3.99999999990541,1.51716214404189
461,Stim,1,4,-0.4545,-0.0518666666666832,3,Left,0.615399999999909,0.621399999999994,0.667266666666592,6.99999999983447,0.0717509489905067,NaN,0.0717509489905067,12.9447070660319,NaN,12.9447070660319,0.0265956274737473,-0.0666398625472469,291.756688673333,NaN,NaN
469,Stim,1,1,0.0909,-0.0527999999999338,1,Right,0.0118999999999687,0.0179000000000542,0.0646999999999025,6.99999999983447,NaN,0.0446832942148408,0.0446832942148408,NaN,9.41365409918055,9.41365409918055,-0.0199467122236522,0.0399840649929047,116.513073721315,NaN,NaN
469,Stim,1,1,0.0909,-0.0527999999999338,2,Right,0.151900000000069,0.16190000000006,0.204700000000003,10.9999999997399,NaN,0.149712111000495,0.149712111000495,NaN,18.6144420404153,18.6144420404153,0.0531912514255594,0.139944299462348,69.1887666095435,NaN,NaN
469,Stim,1,1,0.0909,-0.0527999999999338,3,Right,0.251899999999978,0.259900000000016,0.304699999999912,8.99999999978718,NaN,0.0733041833048756,0.0733041833048756,NaN,11.3256545024504,11.3256545024504,0,-0.0733041833048756,270,NaN,NaN
470,NonStim,0,1,0.6363,NaN,1,Right,0.711566666666613,0.721566666666604,NaN,10.9999999997399,NaN,0.0804904399374978,0.0804904399374978,NaN,9.41366372887842,9.41366372887842,-0.0332445213055096,-0.0733042476565953,245.605030574443,NaN,NaN
471,NonStim,0,4,-0.1818,NaN,1,Right,0.26633333333325,0.272333333333108,NaN,6.99999999983447,NaN,0.0775856110884432,0.0775856110884432,NaN,13.892338274225,13.892338274225,0.066489058194562,-0.0399841492139986,328.978799053538,NaN,NaN
476,NonStim,0,4,0.0909,NaN,1,Left,0.544666666666444,0.552666666666482,NaN,8.99999999978718,0.0274728409946078,NaN,0.0274728409946078,7.84472848646946,NaN,7.84472848646946,-0.00664890690994795,-0.0266561255477583,255.994357486823,NaN,NaN
477,NonStim,0,3,-0.1818,NaN,1,Merged,0.0297999999997955,0.0397999999997865,NaN,10.9999999997399,0.202665984475209,0.193713312416091,0.19818964844565,24.659893049542,23.5598236847212,24.659893049542,-0.00997337177705304,0.196588545504808,92.9042517305106,-0.999999999976353,13.3775011591736
477,NonStim,0,3,-0.1818,NaN,2,Left,0.0587999999997919,0.0657999999996264,NaN,7.99999999981083,0.170446313503771,NaN,0.170446313503771,25.9890303432131,NaN,25.9890303432131,0.132978083511906,-0.106624458228524,321.276671356623,NaN,NaN
479,NonStim,0,4,0.1818,NaN,1,Merged,0.809366666666619,0.820366666666587,NaN,11.9999999997162,0.134764704915845,0.220012624625904,0.177388664770874,16.6600563284848,29.2155714523011,29.2155714523011,-0.0132978134763729,-0.176596246780459,265.693717012372,0,6.77993062807957
479,NonStim,0,4,0.1818,NaN,2,Left,0.823366666666516,0.830366666666578,NaN,7.99999999981083,0.0804903660375543,NaN,0.0804903660375543,12.9447472206462,NaN,12.9447472206462,0.0332445347382362,0.0733041604201131,65.6049962183063,NaN,NaN
480,Stim,1,2,-0.3636,-0.0677333333333081,1,Merged,0.513999999999896,0.526000000000067,0.581733333333204,12.9999999996926,0.207293124874113,0.203704343061663,0.205498733967888,24.3330713819138,23.9897528526725,24.3330713819138,0.156249109732531,-0.13328054728953,319.535809549303,1.99999999995271,4.03139836911896
480,Stim,1,2,-0.3636,-0.0677333333333081,2,Left,0.917999999999893,0.923999999999978,0.985733333333201,6.99999999983447,0.0480214498839587,NaN,0.0480214498839587,9.41367071028527,NaN,9.41367071028527,0.0265956044748046,-0.0399841652604792,303.630000890883,NaN,NaN
481,NonStim,0,1,-0.4545,NaN,1,Left,0.206266666666579,0.212266666666437,NaN,6.99999999983447,0.0446833932648368,NaN,0.0446833932648368,8.66655657388864,NaN,8.66655657388864,-0.0199467017173163,-0.0399841809252168,243.487004693863,NaN,NaN
482,Stim,1,1,-0.4545,-0.0586666666667952,1,Left,0.0277666666665937,0.0337666666666792,0.0864333333333889,6.99999999983447,0.0613802898929758,NaN,0.0613802898929758,11.7949869922266,NaN,11.7949869922266,-0.0398934128103496,-0.0466482111306402,229.46303570162,NaN,NaN
484,Stim,1,3,-0.1818,-0.0620333333333747,1,Merged,0.739333333333207,0.749333333333198,0.801366666666581,10.9999999997399,0.178489653770094,0.185271264454807,0.18188045911245,21.8362125872334,25.7857720003121,25.7857720003121,0.166222410703995,-0.0733041025314003,336.202515109432,0.999999999976353,5.53598519893285
484,Stim,1,3,-0.1818,-0.0620333333333747,2,Left,0.752333333333354,0.762333333333345,0.814366666666729,10.9999999997399,0.0952355937503206,NaN,0.0952355937503206,12.9308965362906,NaN,12.9308965362906,-0.0864354834088322,0.0399840658870205,155.175278771116,NaN,NaN
485,Stim,1,2,-1,-0.0632333333335282,1,Left,0.0214999999998327,0.0274999999996908,0.0847333333333609,6.99999999983447,0.0446834034545917,NaN,0.0446834034545917,8.00357991282741,NaN,8.00357991282741,0.019946718082002,0.0399841841487725,63.4869877620376,NaN,NaN
485,Stim,1,2,-1,-0.0632333333335282,2,Merged,0.220499999999674,0.229499999999689,0.283733333333203,9.99999999976353,0.0946272286025178,0.084723034323597,0.0896751314630574,14.2038252226662,11.9948793760292,14.2038252226662,0.0598401578301982,0.0666400856075169,48.0774168648918,0,5.70915908817841
485,Stim,1,2,-1,-0.0632333333335282,3,Left,0.357499999999845,0.363499999999704,0.420733333333374,6.99999999983447,0.084274826530632,NaN,0.084274826530632,16.9112714968144,NaN,16.9112714968144,0.0265955994627666,-0.0799682466731902,288.395938668797,NaN,NaN
485,Stim,1,2,-1,-0.0632333333335282,4,Left,0.497499999999718,0.506499999999733,0.560733333333246,9.99999999976353,0.074472307682063,NaN,0.074472307682063,9.41366970340817,NaN,9.41366970340817,0.033244494872631,-0.0666402894063004,296.512993973667,NaN,NaN
487,NonStim,0,3,1,NaN,1,Left,0.284466666666503,0.297466666666651,NaN,13.9999999996689,0.158350612809161,NaN,0.158350612809161,18.8719271316336,NaN,18.8719271316336,0.0598401581758222,-0.146608567439047,292.203453932489,NaN,NaN
487,NonStim,0,3,1,NaN,2,Left,0.304466666666713,0.310466666666571,NaN,6.99999999983447,0.0446833400653379,NaN,0.0446833400653379,8.6665562335053,NaN,8.6665562335053,-0.0199467210283298,0.0399841118397372,116.513057008549,NaN,NaN
487,NonStim,0,3,1,NaN,3,Right,0.6884666666665,0.694466666666585,NaN,6.99999999983447,NaN,0.0421374577094161,0.0421374577094161,NaN,11.9948515344954,11.9948515344954,-0.0132977576220639,0.0399841841787184,108.395858229411,NaN,NaN
487,NonStim,0,3,1,NaN,4,Left,0.723466666666582,0.732466666666596,NaN,9.99999999976353,0.0866033146674619,NaN,0.0866033146674619,12.3951441199719,NaN,12.3951441199719,-0.0332445060606359,-0.079968349540151,247.426327946151,NaN,NaN
487,NonStim,0,3,1,NaN,5,Right,0.84146666666652,0.847466666666605,NaN,6.99999999983447,NaN,0.0564819893762115,0.0564819893762115,NaN,11.0905792199423,11.0905792199423,-0.0398934410296475,-0.0399841029248939,225.065031315092,NaN,NaN
488,Stim,1,1,-0.0909,-0.0564999999999145,1,Merged,0.572799999999916,0.580799999999954,0.62929999999983,8.99999999978718,0.126328891467842,0.121338442055109,0.123833666761476,19.9466827164575,19.9466938822747,19.9466938822747,0.123004512874358,0.00999603645042895,4.64596679769142,1.99999999995271,9.48346079679359
489,Stim,1,2,0.3636,-0.0467000000001008,1,Right,0.305566666666664,0.312566666666498,0.352266666666765,7.99999999981083,NaN,0.104119216207917,0.104119216207917,NaN,17.9083510233796,17.9083510233796,0.0930846658609921,0.0466482171717034,26.6171668229462,NaN,NaN
490,NonStim,0,4,-0.6363,NaN,1,Merged,0.731166666666468,0.741166666666459,NaN,10.9999999997399,0.147850186061665,0.181138651194947,0.164494418628306,18.0616814491455,21.8930622228503,21.8930622228503,0.0964090031216404,0.133280323065906,54.1197111755753,0.999999999976353,0.189656259150382
490,NonStim,0,4,-0.6363,NaN,2,Left,0.751166666666677,0.757166666666535,NaN,6.99999999983447,0.0421373891711773,NaN,0.0421373891711773,8.00354969088191,NaN,8.00354969088191,-0.0132976983690987,-0.0399841316555421,251.604195683876,NaN,NaN
491,Stim,1,2,-0,-0.0508000000002085,1,Merged,0.569633333333286,0.580633333333253,0.620433333333494,11.9999999997162,0.127160771967156,0.109142335895705,0.118151553931431,14.1204822570772,14.4108116019221,14.4108116019221,0.089760067711941,0.0766362454866291,40.4903673742827,0.999999999976353,5.31233587258566
491,Stim,1,2,-0,-0.0508000000002085,2,Right,0.85963333333325,0.86963333333324,0.910433333333458,10.9999999997399,NaN,0.100840816306035,0.100840816306035,NaN,11.1066874418844,11.1066874418844,0.0132978136810022,-0.0999601839962932,277.577628728184,NaN,NaN
492,NonStim,0,1,-0,NaN,1,Right,0.202333333333399,0.208333333333258,NaN,6.99999999983447,NaN,0.0405332358302593,0.0405332358302593,NaN,7.02291314079264,7.02291314079264,0.00664890711332075,-0.0399841873878893,279.441234381903,NaN,NaN
493,NonStim,0,3,-0.3636,NaN,1,Left,0.069700000000239,0.0777000000000498,NaN,8.99999999978718,0.0758211240223649,NaN,0.0758211240223649,11.9388939705219,NaN,11.9388939705219,0.0731379458555159,0.0199920915376669,15.2882019914681,NaN,NaN
496,Stim,1,3,-1,-0.0472333333334518,1,Left,0.0822333333333063,0.0892333333331408,0.129466666666758,7.99999999981083,0.0519993563775428,NaN,0.0519993563775428,7.99658643311074,NaN,7.99658643311074,0.0332445154354014,-0.0399841875888964,309.741543420472,NaN,NaN
501,Stim,1,3,-0.0909,-0.0502666666668574,1,Left,0.0107666666665409,0.0177666666663754,0.0610333333333983,7.99999999981083,0.0333201448982582,NaN,0.0333201448982582,7.84472842456128,NaN,7.84472842456128,0,0.0333201448982582,90,NaN,NaN
501,Stim,1,3,-0.0909,-0.0502666666668574,2,Left,0.0237666666664609,0.0307666666665227,0.0740333333333183,7.99999999981083,0.0333201448982582,NaN,0.0333201448982582,6.6640295169526,NaN,6.6640295169526,0,-0.0333201448982582,270,NaN,NaN
501,Stim,1,3,-0.0909,-0.0502666666668574,3,Left,0.0677666666665573,0.0777666666665482,0.118033333333415,10.9999999997399,0.0339770513811996,NaN,0.0339770513811996,9.41367362187342,NaN,9.41367362187342,0.00664890701692821,0.0333201448982582,78.7150726177499,NaN,NaN
501,Stim,1,3,-0.0909,-0.0502666666668574,4,Left,0.0967666666665536,0.104766666666592,0.147033333333411,8.99999999978718,0.0358756725999175,NaN,0.0358756725999175,9.41367377871033,NaN,9.41367377871033,0.0132978129200087,-0.0333201448982582,291.756561000708,NaN,NaN
501,Stim,1,3,-0.0909,-0.0502666666668574,5,Left,0.11076666666645,0.124766666666574,0.161033333333307,14.9999999996453,0.0333201448982582,NaN,0.0333201448982582,5.96944862257151,NaN,5.96944862257151,0,0.0333201448982582,90,NaN,NaN
501,Stim,1,3,-0.0909,-0.0502666666668574,6,Left,0.140766666666423,0.147766666666485,0.19103333333328,7.99999999981083,0.0358756716069224,NaN,0.0358756716069224,7.44723248453961,NaN,7.44723248453961,0.0132978102410442,-0.0333201448982582,291.756557026996,NaN,NaN
501,Stim,1,3,-0.0909,-0.0502666666668574,7,Left,0.178766666666434,0.185766666666495,0.229033333333291,7.99999999981083,0.0333201448982582,NaN,0.0333201448982582,6.6640295169526,NaN,6.6640295169526,0,0.0333201448982582,90,NaN,NaN
501,Stim,1,3,-0.0909,-0.0502666666668574,8,Left,0.191766666666581,0.200766666666595,0.242033333333438,9.99999999976353,0.0333201448982582,NaN,0.0333201448982582,5.97927850350459,NaN,5.97927850350459,0,-0.0333201448982582,270,NaN,NaN
501,Stim,1,3,-0.0909,-0.0502666666668574,9,Left,0.20776666666643,0.214766666666492,0.258033333333287,7.99999999981083,0.033977051093147,NaN,0.033977051093147,7.02291131126333,NaN,7.02291131126333,-0.00664890554493017,0.0333201448982582,101.284924947999,NaN,NaN
501,Stim,1,3,-0.0909,-0.0502666666668574,10,Left,0.244766666666465,0.251766666666526,0.295033333333322,7.99999999981083,0.0358756716069224,NaN,0.0358756716069224,7.447232687319,NaN,7.447232687319,0.0132978102410442,-0.0333201448982582,291.756557026996,NaN,NaN
501,Stim,1,3,-0.0909,-0.0502666666668574,11,Left,0.257766666666384,0.264766666666446,0.308033333333242,7.99999999981083,0.033977051093147,NaN,0.033977051093147,7.02291131126333,NaN,7.02291131126333,-0.00664890554493017,0.0333201448982582,101.284924947999,NaN,NaN
501,Stim,1,3,-0.0909,-0.0502666666668574,12,Left,0.296766666666599,0.303766666666434,0.347033333333457,7.99999999981083,0.0333201448982582,NaN,0.0333201448982582,6.6640295169526,NaN,6.6640295169526,0,-0.0333201448982582,270,NaN,NaN
501,Stim,1,3,-0.0909,-0.0502666666668574,13,Left,0.307766666666566,0.314766666666401,0.358033333333424,7.99999999981083,0.0333201448982582,NaN,0.0333201448982582,6.6640295169526,NaN,6.6640295169526,0,0.0333201448982582,90,NaN,NaN
501,Stim,1,3,-0.0909,-0.0502666666668574,14,Left,0.326766666666572,0.333766666666406,0.377033333333429,7.99999999981083,0.0339770628276311,NaN,0.0339770628276311,7.44723468718921,NaN,7.44723468718921,-0.00664890621467129,0.0333201567304431,101.284922151046,NaN,NaN
501,Stim,1,3,-0.0909,-0.0502666666668574,15,Left,0.338766666666515,0.345766666666577,0.389033333333373,7.99999999981083,0.0339770626965707,NaN,0.0339770626965707,7.0229131290561,NaN,7.0229131290561,0.00664890554493017,-0.0333201567304431,281.284921043492,NaN,NaN
501,Stim,1,3,-0.0909,-0.0502666666668574,16,Left,0.356766666666545,0.371766666666417,0.407033333333402,15.9999999996217,0,NaN,0,7.0229131290561,NaN,7.0229131290561,0,0,0,NaN,NaN
501,Stim,1,3,-0.0909,-0.0502666666668574,17,Left,0.378766666666479,0.385766666666541,0.429033333333336,7.99999999981083,0.0333201567304431,NaN,0.0333201567304431,6.66403143263998,NaN,6.66403143263998,0,0.0333201567304431,90,NaN,NaN
501,Stim,1,3,-0.0909,-0.0502666666668574,18,Left,0.396766666666508,0.405766666666523,0.447033333333366,9.99999999976353,0.00664890621467129,NaN,0.00664890621467129,7.10193241125607,NaN,7.10193241125607,0.00664890621467129,0,0,NaN,NaN
501,Stim,1,3,-0.0909,-0.0502666666668574,19,Left,0.441766666666581,0.456766666666454,0.492033333333438,15.9999999996217,0.0132978102410442,NaN,0.0132978102410442,7.0229131290561,NaN,7.0229131290561,0.0132978102410442,0,0,NaN,NaN
501,Stim,1,3,-0.0909,-0.0502666666668574,20,Left,0.487766666666403,0.499766666666574,0.53803333333326,12.9999999996926,0.0132978137222656,NaN,0.0132978137222656,7.8447283211283,NaN,7.8447283211283,0.0132978137222656,0,0,NaN,NaN
501,Stim,1,3,-0.0909,-0.0502666666668574,21,Left,0.508766666666588,0.519766666666555,0.559033333333446,11.9999999997162,0.00664890710288432,NaN,0.00664890710288432,8.6630107810999,NaN,8.6630107810999,-0.00664890710288432,0,180,NaN,NaN
501,Stim,1,3,-0.0909,-0.0502666666668574,22,Left,0.52876666666657,0.534766666666428,0.579033333333427,6.99999999983447,0.0240107359993536,NaN,0.0240107359993536,6.74103524874537,NaN,6.74103524874537,-0.0132978141663721,-0.0199920879756789,236.369982472177,NaN,NaN
501,Stim,1,3,-0.0909,-0.0502666666668574,23,Left,0.555766666666386,0.562766666666448,0.606033333333244,7.99999999981083,0.0388343124122156,NaN,0.0388343124122156,7.84472739035077,NaN,7.84472739035077,-0.0199467212692564,0.0333201460251326,120.906361879698,NaN,NaN
501,Stim,1,3,-0.0909,-0.0502666666668574,24,Left,0.577766666666548,0.588766666666515,0.628033333333406,11.9999999997162,0.0199467212692564,NaN,0.0199467212692564,7.4472324937216,NaN,7.4472324937216,-0.0199467212692564,0,180,NaN,NaN
501,Stim,1,3,-0.0909,-0.0502666666668574,25,Left,0.593766666666397,0.608766666666497,0.644033333333255,15.9999999996217,0.0265956279745938,NaN,0.0265956279745938,8.66655967271788,NaN,8.66655967271788,0.0265956279745938,0,0,NaN,NaN
501,Stim,1,3,-0.0909,-0.0502666666668574,26,Left,0.61076666666645,0.619766666666465,0.661033333333307,9.99999999976353,0.00664890687724957,NaN,0.00664890687724957,5.54882216745114,NaN,5.54882216745114,0.00664890687724957,0,0,NaN,NaN
501,Stim,1,3,-0.0909,-0.0502666666668574,27,Left,0.623766666666597,0.632766666666384,0.674033333333455,9.99999999976353,0.00664890687724957,NaN,0.00664890687724957,4.57880453786919,NaN,4.57880453786919,-0.00664890687724957,0,180,NaN,NaN
501,Stim,1,3,-0.0909,-0.0502666666668574,28,Left,0.635766666666541,0.658766666666452,0.686033333333398,23.9999999994325,0.0470683436004611,NaN,0.0470683436004611,9.41366953481656,NaN,9.41366953481656,-0.0332445341892651,0.0333201127823699,134.93494545915,NaN,NaN
501,Stim,1,3,-0.0909,-0.0502666666668574,29,Left,0.667766666666466,0.674766666666528,0.718033333333324,7.99999999981083,0.0339770197292427,NaN,0.0339770197292427,7.44722601526257,NaN,7.44722601526257,0.00664890621467129,-0.0333201127823699,281.284936653502,NaN,NaN
501,Stim,1,3,-0.0909,-0.0502666666668574,30,Left,0.68176666666659,0.688766666666424,0.732033333333447,7.99999999981083,0.0358756423416173,NaN,0.0358756423416173,6.75552990092612,NaN,6.75552990092612,-0.0132978117596015,0.0333201127823699,111.756578291264,NaN,NaN
501,Stim,1,3,-0.0909,-0.0502666666668574,31,Left,0.693766666666534,0.700766666666595,0.744033333333391,7.99999999981083,0.0333201127823699,NaN,0.0333201127823699,6.66402352198509,NaN,6.66402352198509,0,-0.0333201127823699,270,NaN,NaN
501,Stim,1,3,-0.0909,-0.0502666666668574,32,Left,0.708766666666406,0.715766666666468,0.759033333333264,7.99999999981083,0.0333201127823699,NaN,0.0333201127823699,6.66402352198509,NaN,6.66402352198509,0,0.0333201127823699,90,NaN,NaN
501,Stim,1,3,-0.0909,-0.0502666666668574,33,Merged,0.725766666666459,0.739766666666583,0.776033333333316,14.9999999996453,0.100841045372039,0.236627804896783,0.168734425134411,11.1067180276916,22.8940292111109,22.8940292111109,-0.0265956222789179,-0.166600566142502,260.930000863893,0.999999999976353,2.12832599004668
501,Stim,1,3,-0.0909,-0.0502666666668574,34,Left,0.801766666666481,0.812766666666448,0.852033333333338,11.9999999997162,0,NaN,0,6.66403141010248,NaN,6.66403141010248,0,0,0,NaN,NaN
501,Stim,1,3,-0.0909,-0.0502666666668574,35,Left,0.874766666666574,0.880766666666432,0.925033333333431,6.99999999983447,0.0388343112411539,NaN,0.0388343112411539,8.00357878515344,NaN,8.00357878515344,0.0199467208717095,-0.0333201448982582,300.906362230407,NaN,NaN
501,Stim,1,3,-0.0909,-0.0502666666668574,36,Left,0.889766666666446,0.898766666666461,0.940033333333304,9.99999999976353,0.0297483517658983,NaN,0.0297483517658983,7.43708792373643,NaN,7.43708792373643,0.0265956270863808,-0.0133280550970423,333.382852283041,NaN,NaN
501,Stim,1,3,-0.0909,-0.0502666666668574,37,Left,0.928766666666434,0.943766666666534,0.979033333333291,15.9999999996217,0.0132978137222656,NaN,0.0132978137222656,6.47238539137314,NaN,6.47238539137314,-0.0132978137222656,0,180,NaN,NaN
501,Stim,1,3,-0.0909,-0.0502666666668574,38,Left,0.953766666666525,0.961766666666563,1.00403333333338,8.99999999978718,0.033977051320225,NaN,0.033977051320225,8.00357805676446,NaN,8.00357805676446,-0.00664890670533736,0.0333201448982582,101.284926866971,NaN,NaN
502,Stim,1,4,0.1818,-0.0521666666666079,1,Right,0.66636666666659,0.685366666666596,0.718533333333198,19.9999999995271,NaN,0.226753672193219,0.226753672193219,NaN,22.8304573723679,22.8304573723679,0.14627573726591,-0.173264643076492,310.172162742466,NaN,NaN
503,Stim,1,2,-0.6363,-0.0590333333334456,1,Left,0.526299999999765,0.535299999999779,0.58533333333321,9.99999999976353,0.124473918879591,NaN,0.124473918879591,17.5572593669295,NaN,17.5572593669295,0.03324448943484,-0.119952325544192,285.490581148176,NaN,NaN
505,Stim,1,1,-0,-0.0553000000002157,1,Right,0.914199999999937,0.920199999999795,0.969500000000153,6.99999999983447,NaN,0.140102444169614,0.140102444169614,NaN,24.4347772451309,24.4347772451309,-0.00664889224774856,-0.139944585798013,267.279871818691,NaN,NaN
506,NonStim,0,1,0.1818,NaN,1,Right,0.4530666666667,0.459066666666786,NaN,6.99999999983447,NaN,0.0399841627541942,0.0399841627541942,NaN,8.66655745682933,8.66655745682933,0,0.0399841627541942,90,NaN,NaN
506,NonStim,0,1,0.1818,NaN,2,Merged,0.749066666666749,0.756066666666811,NaN,7.99999999981083,0.0731379032383619,0.0905060080255469,0.0818219556319544,11.0815049657025,15.4038115379678,15.4038115379678,0.0731379302545972,-0.0266560344714392,339.975097438228,0.999999999976353,36.0892344180921
507,Stim,1,4,0.0909,-0.0536000000001877,1,Merged,0.592466666666496,0.609466666666549,0.646066666666684,17.9999999995744,0.187065856875532,0.193256723764213,0.190161290319873,16.9885299765354,24.2532862862637,24.2532862862637,0.00664890712143573,-0.189924668005312,272.004999172393,5.99999999985812,4.07638141984245
510,Stim,1,3,0.3636,-0.0545666666664602,1,Left,0.0569666666667672,0.0669666666667581,0.111533333333227,10.9999999997399,0.0745006156244803,NaN,0.0745006156244803,8.88536848124618,NaN,8.88536848124618,0.0132978141749232,-0.0733042281631542,280.281974689509,NaN,NaN
510,Stim,1,3,0.3636,-0.0545666666664602,2,Left,0.160966666666809,0.167966666666871,0.215533333333269,7.99999999981083,0.0717508377972264,NaN,0.0717508377972264,11.1617848419457,NaN,11.1617848419457,0.0265956202355923,-0.0666397457144612,291.756717886549,NaN,NaN
510,Stim,1,3,0.3636,-0.0545666666664602,3,Left,0.220966666666754,0.231966666666722,0.275533333333215,11.9999999997162,0.123859190655083,NaN,0.123859190655083,16.4907668845564,NaN,16.4907668845564,-0.0731379309059031,0.0999597027433337,126.1919697398,NaN,NaN
510,Stim,1,3,0.3636,-0.0545666666664602,4,Merged,0.346966666666731,0.355966666666745,0.401533333333191,9.99999999976353,0.118483176096995,0.12795795621405,0.123220566155522,17.3260176624799,17.3532062449796,17.3532062449796,-0.103057978803297,0.0666402733592098,147.112121295617,-1.99999999995271,10.2693714842105
511,NonStim,0,2,0.3636,NaN,1,Merged,0.0363333333332321,0.0493333333333794,NaN,13.9999999996689,0.0927920577166051,0.122476413520574,0.10763423561859,11.0905918746171,14.2109502130861,14.2109502130861,-0.039893433783978,-0.0999604306850101,248.243440668393,-6.99999999983447,1.34039956944804
513,Stim,1,4,-0.4545,-0.0569666666667672,1,Left,0.512433333333092,0.519433333333154,0.56939999999986,7.99999999981083,0.0802441897130026,NaN,0.0802441897130026,13.7363937403082,NaN,13.7363937403082,-0.00664890084134481,-0.0799682568291839,265.247117365843,NaN,NaN
513,Stim,1,4,-0.4545,-0.0569666666667672,2,Merged,0.589433333333091,0.604433333333191,0.646399999999858,15.9999999996217,0.12618282049589,0.1237751875442,0.124979004020045,15.6894496098286,11.994878450721,15.6894496098286,0.109706923819147,0.0566442142486459,27.3083498472811,8.99999999978718,17.8418700979493
513,Stim,1,4,-0.4545,-0.0569666666667672,3,Left,0.83143333333328,0.838433333333114,0.888400000000047,7.99999999981083,0.0398933751334609,NaN,0.0398933751334609,9.53999981006854,NaN,9.53999981006854,-0.0398933751334609,0,180,NaN,NaN
514,NonStim,0,3,0.0909,NaN,1,Left,0.182066666666742,0.189066666666577,NaN,7.99999999981083,0.0485065753836043,NaN,0.0485065753836043,8.66655965701393,NaN,8.66655965701393,0.0132978120820297,-0.0466482159281179,285.911039951553,NaN,NaN
514,NonStim,0,3,0.0909,NaN,2,Left,0.338066666666691,0.345066666666526,NaN,7.99999999981083,0.0536352311329713,NaN,0.0536352311329713,9.41367188062814,NaN,9.41367188062814,-0.0465423419003924,0.0266561142913636,150.199013906482,NaN,NaN
514,NonStim,0,3,0.0909,NaN,3,Left,0.359066666666649,0.366066666666711,NaN,7.99999999981083,0.0506544558650975,NaN,0.0506544558650975,8.86520888735701,NaN,8.86520888735701,0.0465423469596236,-0.019992094399515,336.754235914709,NaN,NaN
514,NonStim,0,3,0.0909,NaN,4,Left,0.655066666666698,0.662066666666533,NaN,7.99999999981083,0.0569215856567911,NaN,0.0569215856567911,8.95421037549175,NaN,8.95421037549175,0.0199467169675622,0.0533122443337304,69.4867196941917,NaN,NaN
516,Stim,1,3,1,-0.0591999999999189,1,Right,0.276299999999992,0.283300000000054,0.335499999999911,7.99999999981083,NaN,0.112964072983683,0.112964072983683,NaN,18.8273478890659,18.8273478890659,0.0797868594494831,-0.0799683615203611,314.934904799376,NaN,NaN
517,Stim,1,1,-0.3636,-0.0545333333334383,1,Right,0.916433333333316,0.926433333333307,0.970966666666754,10.9999999997399,NaN,0.0970131135966418,0.0970131135966418,NaN,12.4120541827926,12.4120541827926,-0.0265955968603472,-0.0932964009882311,254.088970558363,NaN,NaN
518,NonStim,0,3,-0.0909,NaN,1,Right,0.609400000000051,0.615399999999909,NaN,6.99999999983447,NaN,0.0480214740511199,0.0480214740511199,NaN,9.4136730920493,9.4136730920493,0.0265956225344729,-0.0399841822730717,303.630007590302,NaN,NaN
519,NonStim,0,4,1,NaN,1,Left,0.0691666666666606,0.0771666666666988,NaN,8.99999999978718,0.0297889221947153,NaN,0.0297889221947153,6.66402947924512,NaN,6.66402947924512,-0.0132977919054464,-0.0266561177961503,243.487018174157,NaN,NaN
519,NonStim,0,4,1,NaN,2,Left,0.0941666666667516,0.105166666666719,NaN,11.9999999997162,0.0297889234982242,NaN,0.0297889234982242,7.84472473059296,NaN,7.84472473059296,-0.0132978022996625,0.0266561140675483,116.513002916876,NaN,NaN
519,NonStim,0,4,1,NaN,3,Left,0.109166666666624,0.116166666666686,NaN,7.99999999981083,0.0333201446894371,NaN,0.0333201446894371,6.66402947924512,NaN,6.66402947924512,0,-0.0333201446894371,270,NaN,NaN
519,NonStim,0,4,1,NaN,4,Left,0.167166666666617,0.174166666666679,NaN,7.99999999981083,0.0339770619738545,NaN,0.0339770619738545,6.66403143549999,NaN,6.66403143549999,0.0066489018817104,-0.0333201567244594,281.284914987582,NaN,NaN
519,NonStim,0,4,1,NaN,5,Left,0.196166666666613,0.203166666666675,NaN,7.99999999981083,0.0470683682858103,NaN,0.0470683682858103,9.41367404800455,NaN,9.41367404800455,-0.033244525097317,0.0333201567244594,134.934899844037,NaN,NaN
519,NonStim,0,4,1,NaN,6,Left,0.208166666666557,0.217166666666571,NaN,9.99999999976353,0.0210304744575638,NaN,0.0210304744575638,7.10193194477834,NaN,7.10193194477834,0.0199467176589189,-0.00666403110328983,341.525958405328,NaN,NaN
519,NonStim,0,4,1,NaN,7,Left,0.229166666666742,0.236166666666577,NaN,7.99999999981083,0.0339770629977366,NaN,0.0339770629977366,8.66301133186482,NaN,8.66301133186482,0.0066489071139265,0.0333201567244594,78.7150763598768,NaN,NaN
519,NonStim,0,4,1,NaN,8,Left,0.310166666666646,0.317166666666708,NaN,7.99999999981083,0.0333201567244594,NaN,0.0333201567244594,6.66403143549999,NaN,6.66403143549999,0,-0.0333201567244594,270,NaN,NaN
519,NonStim,0,4,1,NaN,9,Left,0.333166666666557,0.341166666666595,NaN,8.99999999978718,0.0358166925495318,NaN,0.0358166925495318,8.66300835447291,NaN,8.66300835447291,0.0332445221783931,-0.0133280610111906,338.15365762882,NaN,NaN
519,NonStim,0,4,1,NaN,10,Left,0.352166666666562,0.360166666666601,NaN,8.99999999978718,0.0199920942167787,NaN,0.0199920942167787,4.00179007127385,NaN,4.00179007127385,0,0.0199920942167787,90,NaN,NaN
519,NonStim,0,4,1,NaN,11,Left,0.362166666666553,0.370166666666591,NaN,8.99999999978718,0.053312240438765,NaN,0.053312240438765,8.88537478776859,NaN,8.88537478776859,0,-0.053312240438765,270,NaN,NaN
519,NonStim,0,4,1,NaN,12,Left,0.374166666666724,0.386166666666668,NaN,12.9999999996926,0.0133280557860987,NaN,0.0133280557860987,9.413672509038,NaN,9.413672509038,0,0.0133280557860987,90,NaN,NaN
519,NonStim,0,4,1,NaN,13,Left,0.398166666666611,0.411166666666759,NaN,13.9999999996689,0.0333201567244594,NaN,0.0333201567244594,8.66300913001479,NaN,8.66300913001479,0,0.0333201567244594,90,NaN,NaN
519,NonStim,0,4,1,NaN,14,Left,0.413166666666712,0.424166666666679,NaN,11.9999999997162,0.0333201567244594,NaN,0.0333201567244594,7.10547563756861,NaN,7.10547563756861,0,-0.0333201567244594,270,NaN,NaN
519,NonStim,0,4,1,NaN,15,Left,0.43416666666667,0.441166666666732,NaN,7.99999999981083,0.035875680989263,NaN,0.035875680989263,7.84472731897892,NaN,7.84472731897892,0.0132978059205581,0.0333201567244594,68.2434563823887,NaN,NaN
519,NonStim,0,4,1,NaN,16,Left,0.454166666666652,0.461166666666713,NaN,7.99999999981083,0.047068366224166,NaN,0.047068366224166,9.41367369860662,NaN,9.41367369860662,0.0332445221783931,-0.0333201567244594,314.934897328712,NaN,NaN
519,NonStim,0,4,1,NaN,17,Left,0.470166666666728,0.481166666666695,NaN,11.9999999997162,0.0426115862350247,NaN,0.0426115862350247,9.41367367690847,NaN,9.41367367690847,-0.0332445221783931,0.0266561254985656,141.276660972566,NaN,NaN
519,NonStim,0,4,1,NaN,18,Left,0.491166666666686,0.499166666666724,NaN,8.99999999978718,0.00666403110328983,NaN,0.00666403110328983,4.4426875026653,NaN,4.4426875026653,0,0.00666403110328983,90,NaN,NaN
519,NonStim,0,4,1,NaN,19,Left,0.529166666666697,0.535166666666555,NaN,6.99999999983447,0.0332929484902205,NaN,0.0332929484902205,8.66655963632118,NaN,8.66655963632118,0.0199467136651855,-0.0266561256211696,306.807419201373,NaN,NaN
519,NonStim,0,4,1,NaN,20,Left,0.543166666666593,0.557166666666717,NaN,14.9999999996453,0.0470683716957459,NaN,0.0470683716957459,4.95805912563749,NaN,4.95805912563749,-0.0332445299251825,0.0333201567244594,134.934904004355,NaN,NaN
519,NonStim,0,4,1,NaN,21,Left,0.560166666666646,0.567166666666708,NaN,7.99999999981083,0.035875683110394,NaN,0.035875683110394,7.02291316781934,NaN,7.02291316781934,0.0132978116430815,-0.0333201567244594,291.756552105837,NaN,NaN
519,NonStim,0,4,1,NaN,22,Left,0.588166666666666,0.595166666666728,NaN,7.99999999981083,0.0358756838607159,NaN,0.0358756838607159,8.0035803059435,NaN,8.0035803059435,0.0132978136673475,0.0333201567244594,68.2434448915673,NaN,NaN
519,NonStim,0,4,1,NaN,23,Left,0.619166666666615,0.630166666666582,NaN,11.9999999997162,0.0339058748747465,NaN,0.0339058748747465,11.7914350045993,NaN,11.7914350045993,-0.0332445340904711,0.00666403062188878,168.665006891849,NaN,NaN
519,NonStim,0,4,1,NaN,24,Left,0.642166666666753,0.649166666666588,NaN,7.99999999981083,0.0333201446894371,NaN,0.0333201446894371,6.66402947924512,NaN,6.66402947924512,0,0.0333201446894371,90,NaN,NaN
519,NonStim,0,4,1,NaN,25,Left,0.651166666666541,0.657166666666626,NaN,6.99999999983447,0.0274728295093611,NaN,0.0274728295093611,5.97927880184439,NaN,5.97927880184439,-0.00664890547897001,-0.0266561140675483,255.994354587973,NaN,NaN
519,NonStim,0,4,1,NaN,26,Left,0.659166666666579,0.66916666666657,NaN,10.9999999997399,0.014874177370899,NaN,0.014874177370899,7.10547440835688,NaN,7.10547440835688,0.0132978136673475,-0.00666403062188878,333.382841913271,NaN,NaN
519,NonStim,0,4,1,NaN,27,Left,0.679166666666561,0.686166666666622,NaN,7.99999999981083,0.0339770510095297,NaN,0.0339770510095297,7.02291045610069,NaN,7.02291045610069,0.00664890616411154,0.0333201446894371,78.7150739591484,NaN,NaN
519,NonStim,0,4,1,NaN,28,Left,0.690166666666755,0.69716666666659,NaN,7.99999999981083,0.0333201446894371,NaN,0.0333201446894371,6.66402947924512,NaN,6.66402947924512,0,-0.0333201446894371,270,NaN,NaN
519,NonStim,0,4,1,NaN,29,Left,0.701166666666722,0.708166666666557,NaN,7.99999999981083,0.0339770510095297,NaN,0.0339770510095297,7.02291134061686,NaN,7.02291134061686,-0.00664890616411154,0.0333201446894371,101.284926040852,NaN,NaN
519,NonStim,0,4,1,NaN,30,Left,0.713166666666666,0.723166666666657,NaN,10.9999999997399,0.042632844931137,NaN,0.042632844931137,6.27578256588138,NaN,6.27578256588138,-0.0265956279263595,-0.0333201446894371,231.40366992389,NaN,NaN
519,NonStim,0,4,1,NaN,31,Left,0.742166666666662,0.749166666666724,NaN,7.99999999981083,0.0333201446894371,NaN,0.0333201446894371,7.02291050933581,NaN,7.02291050933581,0,0.0333201446894371,90,NaN,NaN
519,NonStim,0,4,1,NaN,32,Left,0.777166666666744,0.787166666666735,NaN,10.9999999997399,0.0148944673885387,NaN,0.0148944673885387,8.66655918651408,NaN,8.66655918651408,-0.00664890667017809,-0.0133280605820766,243.486984174,NaN,NaN
519,NonStim,0,4,1,NaN,33,Left,0.797166666666726,0.804166666666561,NaN,7.99999999981083,0.0426328398799508,NaN,0.0426328398799508,8.66655935160484,NaN,8.66655935160484,-0.026595619829297,0.0333201446894371,128.596321571225,NaN,NaN
519,NonStim,0,4,1,NaN,34,Merged,0.80916666666667,0.828166666666675,NaN,19.9999999995271,0.304560714850037,0.351655273970796,0.328107994410416,24.8334807752631,33.3935895115839,33.3935895115839,0.0565156902129066,-0.32320315344062,279.918528804433,1.99999999995271,0.260707875721323
519,NonStim,0,4,1,NaN,35,Left,0.833166666666557,0.839166666666642,NaN,6.99999999983447,0.0339765267324871,NaN,0.0339765267324871,6.66392520080355,NaN,6.66392520080355,0.00664890690369213,0.0333196099285308,78.7148962673252,NaN,NaN
519,NonStim,0,4,1,NaN,36,Left,0.897166666666635,0.904166666666697,NaN,7.99999999981083,0.0470680843634748,NaN,0.0470680843634748,9.41361537074871,NaN,9.41361537074871,-0.033244525097317,0.0333197556518808,134.935244678029,NaN,NaN
519,NonStim,0,4,1,NaN,37,Left,0.929166666666561,0.936166666666622,NaN,7.99999999981083,0.0339766689070181,NaN,0.0339766689070181,7.02283419993821,NaN,7.02283419993821,0.00664890316639431,-0.0333197556518808,281.285049463606,NaN,NaN
519,NonStim,0,4,1,NaN,38,Left,0.94716666666659,0.954166666666652,NaN,7.99999999981083,0.0426325350467218,NaN,0.0426325350467218,8.00351514847962,NaN,8.00351514847962,-0.0265956185829343,0.0333197556518808,128.596646428205,NaN,NaN
521,NonStim,0,2,0.0909,NaN,1,Merged,0.607099999999946,0.618099999999913,NaN,11.9999999997162,0.118546899637969,0.108348739874873,0.113447819756421,15.7641483979919,14.2109419299538,15.7641483979919,-0.0764623264943642,-0.0833003456158937,227.450826898437,-0.999999999976353,9.33073200176247
522,Stim,1,3,0.1818,-0.0505333333335329,1,Left,0.203099999999722,0.21109999999976,0.253633333333255,8.99999999978718,0.0599762710876271,NaN,0.0599762710876271,9.15761074366829,NaN,9.15761074366829,0,-0.0599762710876271,270,NaN,NaN
524,Stim,1,1,0.0909,-0.0498000000000047,1,Merged,0.383266666666486,0.396266666666634,0.433066666666491,13.9999999996689,0.155407558243968,0.169446071686468,0.162426814965218,16.635880580177,21.3057926256648,21.3057926256648,0.113031376612649,-0.116620486465616,314.104626873356,0,1.73558197695633
527,NonStim,0,4,-0.3636,NaN,1,Right,0.744133333333139,0.752133333333177,NaN,8.99999999978718,NaN,0.120686595845886,0.120686595845886,NaN,19.1717280785212,19.1717280785212,-0.0132978135395201,0.11995175101655,96.3259614747,NaN,NaN
527,NonStim,0,4,-0.3636,NaN,2,Right,0.755133333333333,0.7661333333333,NaN,11.9999999997162,NaN,0.116367686369366,0.116367686369366,NaN,14.4337804212832,14.4337804212832,0.026595627803928,-0.113287735490979,283.211614561782,NaN,NaN
529,Stim,1,4,-0.6363,-0.0504666666668072,1,Left,0.244333333333088,0.250333333333174,0.294799999999896,6.99999999983447,0.0405332334142979,NaN,0.0405332334142979,7.44723336453661,NaN,7.44723336453661,0.00664890706162892,0.0399841849473485,80.5587651242801,NaN,NaN
530,NonStim,0,3,-0,NaN,1,Left,0.262066666666669,0.269066666666731,NaN,7.99999999981083,0.0470170103641277,NaN,0.0470170103641277,9.41367241167488,NaN,9.41367241167488,0.0465423462097047,-0.00666402827698661,351.851655304234,NaN,NaN
530,NonStim,0,3,-0,NaN,2,Merged,0.631066666666584,0.641066666666575,NaN,10.9999999997399,0.118546917813268,0.129297864863095,0.123922391338181,20.4600956215556,20.4529950119845,20.4600956215556,0.073137958736416,-0.0999604135278425,306.191785976403,-0.999999999976353,3.64623049037039
531,Stim,1,1,0.1818,-0.0563333333334413,1,Right,0.498599999999897,0.504599999999982,0.554933333333338,6.99999999983447,NaN,0.04468340678781,0.04468340678781,NaN,9.41367437852037,9.41367437852037,-0.0199467192192225,0.0399841873064141,116.513011735378,NaN,NaN
531,Stim,1,1,0.1818,-0.0563333333334413,2,Merged,0.904599999999846,0.916599999999789,0.960933333333287,12.9999999996926,0.176425120743899,0.221515130901479,0.198970125822689,22.2410535237819,26.7480969880774,26.7480969880774,-0.0299200724136705,-0.196588689570902,261.346204212557,0.999999999976353,3.96571706520342
534,NonStim,0,2,1,NaN,1,Merged,0.444433333333109,0.467433333333247,NaN,23.9999999994325,0.16048850021667,0.122268338490003,0.141378419353337,20.0227804502812,23.9729873208478,23.9729873208478,-0.0232711680520425,-0.0266562558315891,228.878727478684,-11.9999999997162,155.450642931183
534,NonStim,0,2,1,NaN,2,Right,0.815433333333203,0.826433333333171,NaN,11.9999999997162,NaN,0.106623861344674,0.106623861344674,NaN,11.1066774425198,11.1066774425198,0,-0.106623861344674,270,NaN,NaN
535,NonStim,0,3,0.1818,NaN,1,Left,0.686066666666648,0.696066666666638,NaN,10.9999999997399,0.15540739002759,NaN,0.15540739002759,20.4600761232188,NaN,20.4600761232188,0.106382433142646,0.113288281802833,46.8006301402893,NaN,NaN
536,NonStim,0,2,-1,NaN,1,Right,0.787733333333335,0.793733333333421,NaN,6.99999999983447,NaN,0.0519993676196213,0.0519993676196213,NaN,9.41367502946347,9.41367502946347,-0.0332445330779132,0.0399841875404772,129.741558402312,NaN,NaN
536,NonStim,0,2,-1,NaN,2,Right,0.85273333333339,0.858733333333248,NaN,6.99999999983447,NaN,0.0405332359285081,0.0405332359285081,NaN,9.41367444401442,9.41367444401442,0.00664890679465782,-0.0399841875404772,279.441233902178,NaN,NaN
539,NonStim,0,4,-1,NaN,1,Left,0.317566666666835,0.330566666666755,NaN,13.9999999996689,0.116502677297984,NaN,0.116502677297984,12.9309175652329,NaN,12.9309175652329,0.0598401062003673,0.0999601696053331,59.0935946117098,NaN,NaN
539,NonStim,0,4,-1,NaN,2,Left,0.376566666666804,0.385566666666818,NaN,9.99999999976353,0.090569501222591,NaN,0.090569501222591,14.2109496598812,NaN,14.2109496598812,-0.0531912493365748,0.0733043351086635,125.965470234107,NaN,NaN
539,NonStim,0,4,-1,NaN,3,Right,0.427566666666735,0.43356666666682,NaN,6.99999999983447,NaN,0.0405331660197178,0.0405331660197178,NaN,11.090556680484,11.090556680484,-0.00664888326609021,0.0399841205842508,99.4412166191854,NaN,NaN
539,NonStim,0,4,-1,NaN,4,Right,0.472566666666808,0.478566666666666,NaN,6.99999999983447,NaN,0.0569213052101216,0.0569213052101216,NaN,11.325621163479,11.325621163479,0.0199466867789019,0.0533119561952869,69.4866465195999,NaN,NaN
539,NonStim,0,4,-1,NaN,5,Left,0.748566666666648,0.754566666666733,NaN,6.99999999983447,0.0665433371791049,NaN,0.0665433371791049,11.090561827525,NaN,11.090561827525,-0.0531910316967113,0.0399841202225522,143.0675251595,NaN,NaN
541,NonStim,0,1,0.4545,NaN,1,Left,0.501033333333226,0.507033333333084,NaN,6.99999999983447,0.0446833482788953,NaN,0.0446833482788953,9.48691878369395,NaN,9.48691878369395,0.0199466921421431,0.0399841354289376,63.4869896383165,NaN,NaN
541,NonStim,0,1,0.4545,NaN,2,Left,0.545033333333095,0.552033333333156,NaN,7.99999999981083,0.0333200883217001,NaN,0.0333200883217001,7.84470822687589,NaN,7.84470822687589,0,0.0333200883217001,90,NaN,NaN
541,NonStim,0,1,0.4545,NaN,3,Merged,0.643033333333278,0.654033333333246,NaN,11.9999999997162,0.0942389901954093,0.0471195039650569,0.0706792470802331,12.9447209853525,8.66654093642049,12.9447209853525,-0.0033244514529705,0.0699720521950256,92.7201418783392,4.99999999988177,16.2238535462272
542,Stim,1,1,1,-0.0583666666666431,1,Left,0.304366666666738,0.311366666666572,0.362733333333381,7.99999999981083,0.0613803067459316,NaN,0.0613803067459316,12.3951427520371,NaN,12.3951427520371,-0.0398934349959933,0.0466482143328673,130.536978094428,NaN,NaN
542,Stim,1,1,1,-0.0583666666666431,2,Right,0.399366666666765,0.406366666666599,0.457733333333408,7.99999999981083,NaN,0.0888990012849002,0.0888990012849002,NaN,15.5888347569979,15.5888347569979,0.0199467122890581,0.0866323328689135,77.0338720965492,NaN,NaN
542,Stim,1,1,1,-0.0583666666666431,3,Merged,0.409366666666756,0.424366666666629,0.467733333333399,15.9999999996217,0.195077692921484,0.153272612808044,0.174175152864764,18.3773738941366,20.0178850901666,20.0178850901666,0.0132977941236295,-0.173264435022648,274.388764377657,3.99999999990541,7.83572600705696
542,Stim,1,1,1,-0.0583666666666431,4,Merged,0.657366666666576,0.670366666666723,0.715733333333219,13.9999999996689,0.202459022369663,0.197888252379174,0.200173637374418,21.353573214372,23.7492549529582,23.7492549529582,0.142951285767877,0.139943426422315,44.3908293626402,0.999999999976353,4.0592264589084
545,Stim,1,2,1,-0.0568666666665649,1,Left,0.521799999999985,0.528800000000047,0.57866666666655,7.99999999981083,0.0759694795054274,NaN,0.0759694795054274,12.2173651912206,NaN,12.2173651912206,-0.0199467124037205,-0.0733040959333708,254.777852486325,NaN,NaN
546,NonStim,0,3,0.6363,NaN,1,Left,0.0539666666666108,0.0599666666666963,NaN,6.99999999983447,0.0519993518149168,NaN,0.0519993518149168,9.41367286119454,NaN,9.41367286119454,0.0332445306306831,-0.0399841690212148,309.741569374676,NaN,NaN
546,NonStim,0,3,0.6363,NaN,2,Left,0.874966666666751,0.882966666666562,NaN,8.99999999978718,0.0744722985667346,NaN,0.0744722985667346,10.4713792452159,NaN,10.4713792452159,-0.0332445056497168,0.0666402738433659,116.513006738067,NaN,NaN
546,NonStim,0,3,0.6363,NaN,3,Left,0.906966666666676,0.913966666666738,NaN,7.99999999981083,0.0685736862122234,NaN,0.0685736862122234,11.0976458366198,NaN,11.0976458366198,-0.0332445056497168,-0.0599762726821068,241.000646861443,NaN,NaN
549,Stim,1,1,-1,-0.0516666666667334,1,Right,0.599533333333284,0.605533333333369,0.651200000000017,6.99999999983447,NaN,0.0519992274492584,0.0519992274492584,NaN,9.41365769635776,9.41365769635776,0.0332445347661554,-0.0399840038453078,309.74168923608,NaN,NaN
549,Stim,1,1,-1,-0.0516666666667334,2,Right,0.707533333333231,0.717533333333222,0.759199999999964,10.9999999997399,NaN,0.128120473916437,0.128120473916437,NaN,14.4337918630599,14.4337918630599,0.0598401427081891,0.113287303601224,62.1562784180128,NaN,NaN
551,NonStim,0,2,-0.1818,NaN,1,Left,0.448599999999942,0.455599999999777,NaN,7.99999999981083,0.0446833935774811,NaN,0.0446833935774811,7.99658221729688,NaN,7.99658221729688,-0.0199466968122417,-0.0399841837215741,243.487011922635,NaN,NaN
554,NonStim,0,1,-0.6363,NaN,1,Merged,0.429699999999912,0.443699999999808,NaN,14.9999999996453,0.200362508732203,0.173392210083478,0.18687735940784,17.9378405296642,17.937840002121,17.9378405296642,-0.00997335946332945,-0.186592712778293,266.940458419341,-0.999999999976353,1.60784166871969
554,NonStim,0,1,-0.6363,NaN,2,Merged,0.902699999999868,0.920699999999897,NaN,18.9999999995507,0.403358396056252,0.358224856464567,0.380791626260409,37.9084030174105,29.0680654930326,37.9084030174105,0.0565156903641158,0.376513641579705,81.4634832285707,-0.999999999976353,2.03840910736704
555,Stim,1,3,-0.4545,-0.0676000000003114,1,Left,0.025599999999713,0.0325999999997748,0.0932000000000244,7.99999999981083,0.0664890486641525,NaN,0.0664890486641525,11.0815059262376,NaN,11.0815059262376,0.0664890486641525,0,0,NaN,NaN
558,Stim,1,1,0.6363,-0.0571333333334678,1,Left,0.2194333333332,0.226433333333262,0.276566666666668,7.99999999981083,0.0332445118945855,NaN,0.0332445118945855,7.84472549909769,NaN,7.84472549909769,-0.0332445118945855,0,180,NaN,NaN
558,Stim,1,1,0.6363,-0.0571333333334678,2,Left,0.3744333333334,0.388433333333296,0.431566666666868,14.9999999996453,0.14627574126801,NaN,0.14627574126801,14.8741436105708,NaN,14.8741436105708,0.14627574126801,0,0,NaN,NaN
558,Stim,1,1,0.6363,-0.0571333333334678,3,Left,0.744433333333291,0.750433333333376,0.801566666666758,6.99999999983447,0.0333201567329786,NaN,0.0333201567329786,8.66300093178707,NaN,8.66300093178707,0,0.0333201567329786,90,NaN,NaN
559,NonStim,0,2,0.4545,NaN,1,Left,0.156966666666449,0.162966666666534,NaN,6.99999999983447,0.0446834011373857,NaN,0.0446834011373857,8.66655926210648,NaN,8.66655926210648,-0.0199467210637545,0.0399841800717396,116.513017992958,NaN,NaN
560,NonStim,0,1,1,NaN,1,Left,0.0900333333333947,0.0960333333332528,NaN,6.99999999983447,0.0519993135829348,NaN,0.0519993135829348,9.41366937957167,NaN,9.41366937957167,0.0332445346087375,-0.0399841159930396,309.741610100561,NaN,NaN
560,NonStim,0,1,1,NaN,2,Merged,0.330033333333404,0.357033333333447,NaN,27.9999999993379,0.37958011999241,0.346293723788295,0.362936921890352,35.4795804480517,34.8464706287102,35.4795804480517,0.222736654363627,-0.286551040924392,307.857989280219,0.999999999976353,0.0963973617954252
560,NonStim,0,1,1,NaN,3,Merged,0.485033333333377,0.502033333333429,NaN,17.9999999995744,0.277751589760079,0.280818792749588,0.279285191254834,25.3053985017319,21.9650894562551,25.3053985017319,-0.209439608207435,0.183258724714315,138.814219311673,1.99999999995271,9.64718177373874
564,Stim,1,2,-0.0909,-0.0658333333335577,1,Left,0.0614333333330705,0.0684333333331324,0.127266666666628,7.99999999981083,0.0339770572444253,NaN,0.0339770572444253,6.66403059842786,NaN,6.66403059842786,0.00664890635680105,-0.0333201510088031,281.284924274173,NaN,NaN
564,Stim,1,2,-0.0909,-0.0658333333335577,2,Left,0.0994333333330815,0.10743333333312,0.165266666666639,8.99999999978718,0.0536971442856634,NaN,0.0536971442856634,8.94952463363837,NaN,8.94952463363837,-0.0265956280864711,0.0466482140185609,119.688837612103,NaN,NaN
564,Stim,1,2,-0.0909,-0.0658333333335577,3,Left,0.109433333333072,0.121433333333243,0.17526666666663,12.9999999996926,0.05728223931963,NaN,0.05728223931963,9.41367398444504,NaN,9.41367398444504,0.0332445344432721,-0.0466482140185609,305.47612998991,NaN,NaN
564,Stim,1,2,-0.0909,-0.0658333333335577,4,Left,0.132433333333211,0.139433333333045,0.198266666666768,7.99999999981083,0.0358756783636294,NaN,0.0358756783636294,8.00357954057328,NaN,8.00357954057328,-0.013297813158604,0.0333201510088031,111.756557737332,NaN,NaN
564,Stim,1,2,-0.0909,-0.0658333333335577,5,Left,0.161433333333207,0.181433333333189,0.227266666666765,20.9999999995034,0.0519993616572501,NaN,0.0519993616572501,9.41367101258075,NaN,9.41367101258075,-0.0332445344432721,-0.0399841786512063,230.25843417888,NaN,NaN
564,Stim,1,2,-0.0909,-0.0658333333335577,6,Left,0.200433333333194,0.211433333333161,0.266266666666752,11.9999999997162,0.027472835359328,NaN,0.027472835359328,6.66403059842786,NaN,6.66403059842786,-0.00664890706235735,0.0266561197018035,104.005645772258,NaN,NaN
564,Stim,1,2,-0.0909,-0.0658333333335577,7,Left,0.21743333333302,0.23243333333312,0.283266666666577,15.9999999996217,0.0282410241862795,NaN,0.0282410241862795,8.66656030228218,NaN,8.66656030228218,-0.0199467210241137,-0.0199920926237401,225.065089566079,NaN,NaN
564,Stim,1,2,-0.0909,-0.0658333333335577,8,Left,0.266433333333225,0.280433333333121,0.332266666666783,14.9999999996453,0.0339770573824943,NaN,0.0339770573824943,7.02291246855856,NaN,7.02291246855856,0.00664890706235735,-0.0333201510088031,281.284925440955,NaN,NaN
564,Stim,1,2,-0.0909,-0.0658333333335577,9,Left,0.283433333333051,0.289433333333136,0.349266666666608,6.99999999983447,0.0199920887671235,NaN,0.0199920887671235,3.33201494680257,NaN,3.33201494680257,0,0.0199920887671235,90,NaN,NaN
564,Stim,1,2,-0.0909,-0.0658333333335577,10,Left,0.313433333333023,0.320433333333085,0.379266666666581,7.99999999981083,0.042632847262078,NaN,0.042632847262078,8.66656015201749,NaN,8.66656015201749,0.0265956237456884,-0.0333201510088031,308.596320386802,NaN,NaN
564,Stim,1,2,-0.0909,-0.0658333333335577,11,Left,0.332433333333029,0.347433333333129,0.398266666666586,15.9999999996217,0.0332445276608001,NaN,0.0332445276608001,9.41367379757485,NaN,9.41367379757485,0.0332445276608001,0,0,NaN,NaN
564,Stim,1,2,-0.0909,-0.0658333333335577,12,Left,0.353433333333214,0.360433333333049,0.419266666666772,7.99999999981083,0.0426328338230965,NaN,0.0426328338230965,8.66655761660128,NaN,8.66655761660128,-0.0265956022029643,0.0333201510088031,128.596297759037,NaN,NaN
564,Stim,1,2,-0.0909,-0.0658333333335577,13,Left,0.363433333333205,0.381433333333234,0.429266666666763,18.9999999995507,0.0470683708217457,NaN,0.0470683708217457,9.54000390732629,NaN,9.54000390732629,-0.0332445344164108,-0.0333201510088031,225.065087211243,NaN,NaN
564,Stim,1,2,-0.0909,-0.0658333333335577,14,Left,0.383433333333187,0.390433333333021,0.449266666666745,7.99999999981083,0.0358756786211709,NaN,0.0358756786211709,6.66403059842786,NaN,6.66403059842786,0.0132978138534157,0.0333201510088031,68.2434412320526,NaN,NaN
564,Stim,1,2,-0.0909,-0.0658333333335577,15,Left,0.428433333333032,0.434433333333118,0.49426666666659,6.99999999983447,0.0426328454679779,NaN,0.0426328454679779,9.41367379757485,NaN,9.41367379757485,0.0265956208697417,-0.0333201510088031,308.596317366004,NaN,NaN
564,Stim,1,2,-0.0909,-0.0658333333335577,16,Left,0.436433333333071,0.446433333333061,0.502266666666628,10.9999999997399,0,NaN,0,4.5788055584945,NaN,4.5788055584945,0,0,0,NaN,NaN
564,Stim,1,2,-0.0909,-0.0658333333335577,17,Left,0.450433333333194,0.457433333333029,0.516266666666752,7.99999999981083,0.0388343132262327,NaN,0.0388343132262327,7.84472762242536,NaN,7.84472762242536,-0.0199467145290574,0.0333201510088031,120.906349570605,NaN,NaN
564,Stim,1,2,-0.0909,-0.0658333333335577,18,Left,0.512433333333092,0.524433333333036,0.57826666666665,12.9999999996926,0.0446834014829552,NaN,0.0446834014829552,8.00357982354728,NaN,8.00357982354728,0.01994671695463,-0.0399841825078222,296.513011883689,NaN,NaN
564,Stim,1,2,-0.0909,-0.0658333333335577,19,Left,0.533433333333051,0.553433333333032,0.599266666666608,20.9999999995034,0.0332717743725583,NaN,0.0332717743725583,8.00357906703829,NaN,8.00357906703829,0.0265956237456884,0.0199920926237401,36.9324079490741,NaN,NaN
564,Stim,1,2,-0.0909,-0.0658333333335577,20,Left,0.617433333333111,0.656433333333098,0.683266666666668,39.9999999990541,0.0666402746796467,NaN,0.0666402746796467,12.2173515182673,NaN,12.2173515182673,0,-0.0666402746796467,270,NaN,NaN
564,Stim,1,2,-0.0909,-0.0658333333335577,21,Left,0.666433333333089,0.673433333333151,0.732266666666646,7.99999999981083,0.0358756069080256,NaN,0.0358756069080256,7.84472096347305,NaN,7.84472096347305,0.0132978138534157,-0.0333200737955227,291.756604476293,NaN,NaN
564,Stim,1,2,-0.0909,-0.0658333333335577,22,Left,0.685433333333094,0.701433333333171,0.751266666666652,16.999999999598,0,NaN,0,6.66401605726495,NaN,6.66401605726495,0,0,0,NaN,NaN
564,Stim,1,2,-0.0909,-0.0658333333335577,23,Left,0.710433333333185,0.723433333333105,0.776266666666743,13.9999999996689,0.0465423418777386,NaN,0.0465423418777386,9.41366350375079,NaN,9.41366350375079,0.0465423418777386,0,0,NaN,NaN
564,Stim,1,2,-0.0909,-0.0658333333335577,24,Left,0.739433333333182,0.746433333333243,0.805266666666739,7.99999999981083,0.0333200013830428,NaN,0.0333200013830428,6.66400202550858,NaN,6.66400202550858,0,-0.0333200013830428,270,NaN,NaN
564,Stim,1,2,-0.0909,-0.0658333333335577,25,Left,0.785433333333231,0.798433333333151,0.851266666666788,13.9999999996689,0.0132978131317427,NaN,0.0132978131317427,6.75549219803437,NaN,6.75549219803437,0.0132978131317427,0,0,NaN,NaN
564,Stim,1,2,-0.0909,-0.0658333333335577,26,Left,0.864433333333182,0.87243333333322,0.930266666666739,8.99999999978718,0.0332927858859458,NaN,0.0332927858859458,9.41364108844948,NaN,9.41364108844948,0.0199467212846681,-0.0266559168298372,306.807644980431,NaN,NaN
564,Stim,1,2,-0.0909,-0.0658333333335577,27,Left,0.887433333333092,0.893433333333178,0.95326666666665,6.99999999983447,0.0333199064336979,NaN,0.0333199064336979,6.6639834863721,NaN,6.6639834863721,0,0.0333199064336979,90,NaN,NaN
564,Stim,1,2,-0.0909,-0.0658333333335577,28,Left,0.895433333333131,0.907433333333074,0.961266666666688,12.9999999996926,0.00666398960386066,NaN,0.00666398960386066,7.02286776401867,NaN,7.02286776401867,0,-0.00666398960386066,270,NaN,NaN
564,Stim,1,2,-0.0909,-0.0658333333335577,29,Left,0.942433333333156,0.950433333333194,1.00826666666671,8.99999999978718,0.0266559168298372,NaN,0.0266559168298372,6.6639834863721,NaN,6.6639834863721,0,0.0266559168298372,90,NaN,NaN
564,Stim,1,2,-0.0909,-0.0658333333335577,30,Left,0.952433333333147,0.958433333333232,1.0182666666667,6.99999999983447,0.033319984196112,NaN,0.033319984196112,6.66400202550858,NaN,6.66400202550858,0,0.033319984196112,90,NaN,NaN
565,Stim,1,4,-0.3636,-0.0543666666667377,1,Merged,0.578199999999924,0.592200000000048,0.632566666666662,14.9999999996453,0.187770495570168,0.22610195742975,0.206936226499959,16.478066598938,23.5341085090569,23.5341085090569,0.169546216915906,0.113288270908288,33.750259473758,1.99999999995271,19.700061955046
566,NonStim,0,2,-0.3636,NaN,1,Left,0.213166666666666,0.220166666666501,NaN,7.99999999981083,0.0707486038058786,NaN,0.0707486038058786,13.8923417956544,NaN,13.8923417956544,-0.0531912489454683,-0.0466482151438017,221.250451654183,NaN,NaN
567,Stim,1,3,0.4545,-0.0640333333333274,1,Right,0.541966666666667,0.551966666666658,0.605999999999995,10.9999999997399,NaN,0.151748425908649,0.151748425908649,NaN,19.9914692991893,19.9914692991893,0.11968026555721,-0.0932964029419592,322.061906551894,NaN,NaN
567,Stim,1,3,0.4545,-0.0640333333333274,2,Merged,0.720966666666527,0.729966666666542,0.784999999999854,9.99999999976353,0.137147250639377,0.120053471809808,0.128600361224592,19.7578010873871,20.4600578270538,20.4600578270538,0.0664889151039684,-0.109956378619918,301.160702157574,1.99999999995271,4.63061752784733
570,NonStim,0,2,-0.0909,NaN,1,Right,0.633666666666613,0.639666666666471,NaN,6.99999999983447,NaN,0.0421374750317067,0.0421374750317067,NaN,7.02291303236856,7.02291303236856,0.0132978112776285,-0.0399841845893133,288.395927282341,NaN,NaN
571,Stim,1,2,0.1818,-0.0569666666667672,1,Merged,0.311166666666622,0.321166666666613,0.36813333333339,10.9999999997399,0.124973126042761,0.153180398506463,0.139076762274612,17.5253948038952,18.4555867134134,18.4555867134134,0.119680268773604,-0.0699723193989264,329.686862594787,-1.99999999995271,9.18971941397018
576,NonStim,0,1,-0.1818,NaN,1,Right,0.0114333333333434,0.023433333333287,NaN,12.9999999996926,NaN,0.157151215876631,0.157151215876631,NaN,17.2584016993899,17.2584016993899,-0.0930846792452677,-0.126616535813096,233.677789974595,NaN,NaN
578,Stim,1,4,1,-0.054833333333363,1,Left,0.0171666666667534,0.0241666666668152,0.0720000000001164,7.99999999981083,0.0358756663793135,NaN,0.0358756663793135,8.00357676978949,NaN,8.00357676978949,-0.0132978130816598,0.0333201381360438,111.756565243542,NaN,NaN
578,Stim,1,4,1,-0.054833333333363,2,Left,0.0301666666666733,0.0371666666667352,0.0850000000000364,7.99999999981083,0.0333201381360438,NaN,0.0333201381360438,6.6640282816142,NaN,6.6640282816142,0,-0.0333201381360438,270,NaN,NaN
578,Stim,1,4,1,-0.054833333333363,3,Left,0.0671666666667079,0.0731666666667934,0.122000000000071,6.99999999983447,0.0358756666541131,NaN,0.0358756666541131,8.66300864759356,NaN,8.66300864759356,-0.0132978138230312,0.0333201381360438,111.756566343219,NaN,NaN
578,Stim,1,4,1,-0.054833333333363,4,Left,0.0751666666667461,0.0811666666668316,0.130000000000109,6.99999999983447,0.0339770447015881,NaN,0.0339770447015881,8.00357663292543,NaN,8.00357663292543,-0.00664890677094157,-0.0333201381360438,258.715070793072,NaN,NaN
578,Stim,1,4,1,-0.054833333333363,5,Left,0.11516666666671,0.122166666666772,0.170000000000073,7.99999999981083,0.0470683616727363,NaN,0.0470683616727363,9.41367291828623,NaN,9.41367291828623,-0.0332445343650722,0.0333201381360438,134.934923812189,NaN,NaN
578,Stim,1,4,1,-0.054833333333363,6,Left,0.135166666666692,0.142166666666753,0.190000000000055,7.99999999981083,0.0339770447765799,NaN,0.0339770447765799,7.02291029759667,NaN,7.02291029759667,-0.00664890715416255,-0.0333201381360438,258.715070159337,NaN,NaN
578,Stim,1,4,1,-0.054833333333363,7,Left,0.148166666666839,0.157166666666853,0.203000000000202,9.99999999976353,0.0333201381360438,NaN,0.0333201381360438,5.55335665435433,NaN,5.55335665435433,0,0.0333201381360438,90,NaN,NaN
578,Stim,1,4,1,-0.054833333333363,8,Left,0.236166666666804,0.249166666666724,0.291000000000167,13.9999999996689,0.0265956280543539,NaN,0.0265956280543539,9.41367291828623,NaN,9.41367291828623,-0.0265956280543539,0,180,NaN,NaN
578,Stim,1,4,1,-0.054833333333363,9,Left,0.267166666666753,0.274166666666815,0.322000000000116,7.99999999981083,0.0388343208265342,NaN,0.0388343208265342,7.84472898607193,NaN,7.84472898607193,-0.0199467212834123,0.033320155823466,120.906354472301,NaN,NaN
578,Stim,1,4,1,-0.054833333333363,10,Left,0.28116666666665,0.288166666666712,0.336000000000013,7.99999999981083,0.0470683741938313,NaN,0.0470683741938313,9.41367496808053,NaN,9.41367496808053,0.0332445343650722,-0.033320155823466,314.934908604993,NaN,NaN
578,Stim,1,4,1,-0.054833333333363,11,Left,0.294166666666797,0.301166666666859,0.34900000000016,7.99999999981083,0.0388343208265342,NaN,0.0388343208265342,7.84472898607193,NaN,7.84472898607193,-0.0199467212834123,0.033320155823466,120.906354472301,NaN,NaN
578,Stim,1,4,1,-0.054833333333363,12,Left,0.307166666666717,0.321166666666841,0.36200000000008,14.9999999996453,0.0333201509733963,NaN,0.0333201509733963,9.4136747475253,NaN,9.4136747475253,0,0.0333201509733963,90,NaN,NaN
578,Stim,1,4,1,-0.054833333333363,13,Left,0.323166666666793,0.329166666666652,0.378000000000156,6.99999999983447,0.0358756787283626,NaN,0.0358756787283626,6.75553867584269,NaN,6.75553867584269,0.0132978142313228,-0.0333201509733963,291.756559349457,NaN,NaN
578,Stim,1,4,1,-0.054833333333363,14,Left,0.331166666666832,0.342166666666799,0.386000000000195,11.9999999997162,0.00664890631071825,NaN,0.00664890631071825,6.6640313683494,NaN,6.6640313683494,0.00664890631071825,0,0,NaN,NaN
578,Stim,1,4,1,-0.054833333333363,15,Left,0.347166666666681,0.354166666666742,0.402000000000044,7.99999999981083,0.033320155823466,NaN,0.033320155823466,6.6640313683494,NaN,6.6640313683494,0,-0.033320155823466,270,NaN,NaN
578,Stim,1,4,1,-0.054833333333363,16,Merged,0.362166666666781,0.371166666666795,0.417000000000144,9.99999999976353,0.0426328537129007,0.0536971439996375,0.0481649988562691,8.66656137048717,9.41367506739575,9.41367506739575,-0.0265956280387271,0.0399841847744549,123.630011405543,2.99999999992906,8.90748316766479
578,Stim,1,4,1,-0.054833333333363,17,Left,0.373166666666748,0.379166666666833,0.428000000000111,6.99999999983447,0.0333201509733963,NaN,0.0333201509733963,6.66403059233813,NaN,6.66403059233813,0,0.0333201509733963,90,NaN,NaN
578,Stim,1,4,1,-0.054833333333363,18,Left,0.381166666666786,0.387166666666644,0.436000000000149,6.99999999983447,0.0358756787283626,NaN,0.0358756787283626,8.66656052034226,NaN,8.66656052034226,0.0132978142313227,-0.0333201509733963,291.756559349457,NaN,NaN
578,Stim,1,4,1,-0.054833333333363,19,Left,0.398166666666839,0.409166666666806,0.453000000000202,11.9999999997162,0,NaN,0,2.22134383724935,NaN,2.22134383724935,0,0,0,NaN,NaN
578,Stim,1,4,1,-0.054833333333363,20,Left,0.425166666666655,0.438166666666802,0.480000000000018,13.9999999996689,0.0332445348754365,NaN,0.0332445348754365,9.41367396230804,NaN,9.41367396230804,0.0332445348754365,0,0,NaN,NaN
578,Stim,1,4,1,-0.054833333333363,21,Left,0.552166666666835,0.56116666666685,0.607000000000198,9.99999999976353,0.0132978142313228,NaN,0.0132978142313228,6.74103529943625,NaN,6.74103529943625,0.0132978142313228,0,0,NaN,NaN
578,Stim,1,4,1,-0.054833333333363,22,Left,0.565166666666755,0.573166666666793,0.620000000000118,8.99999999978718,0.0332929503541861,NaN,0.0332929503541861,7.84472905201725,NaN,7.84472905201725,-0.0199467212834123,0.0266561222485223,126.807433175911,NaN,NaN
578,Stim,1,4,1,-0.054833333333363,23,Left,0.619166666666843,0.63016666666681,0.674000000000206,11.9999999997162,0.0266561021414825,NaN,0.0266561021414825,6.75553370806716,NaN,6.75553370806716,0,0.0266561021414825,90,NaN,NaN
578,Stim,1,4,1,-0.054833333333363,24,Left,0.641166666666777,0.648166666666839,0.69600000000014,7.99999999981083,0.047068316030231,NaN,0.047068316030231,9.41366411087143,NaN,9.41366411087143,-0.0332445343650722,0.0333200736609515,134.934979246304,NaN,NaN
578,Stim,1,4,1,-0.054833333333363,25,Left,0.651166666666768,0.65816666666683,0.706000000000131,7.99999999981083,0.0333200736609515,NaN,0.0333200736609515,6.66401603134234,NaN,6.66401603134234,0,-0.0333200736609515,270,NaN,NaN
578,Stim,1,4,1,-0.054833333333363,26,Left,0.665166666666664,0.677166666666835,0.720000000000027,12.9999999996926,0,NaN,0,9.41366352273251,NaN,9.41366352273251,0,0,0,NaN,NaN
578,Stim,1,4,1,-0.054833333333363,27,Left,0.682166666666717,0.697166666666817,0.73700000000008,15.9999999996217,0.0148741728686258,NaN,0.0148741728686258,7.84472093599974,NaN,7.84472093599974,-0.0132978142313228,0.00666401944737509,153.382881369305,NaN,NaN
578,Stim,1,4,1,-0.054833333333363,28,Left,0.718166666666775,0.732166666666672,0.773000000000138,14.9999999996453,0.0736052256869989,NaN,0.0736052256869989,8.66655976419653,NaN,8.66655976419653,0.00664890682108258,-0.0733043060571383,275.182706756077,NaN,NaN
578,Stim,1,4,1,-0.054833333333363,29,Left,0.741166666666686,0.754166666666833,0.796000000000049,13.9999999996689,0,NaN,0,7.0229124659384,NaN,7.0229124659384,0,0,0,NaN,NaN
578,Stim,1,4,1,-0.054833333333363,30,Left,0.801166666666859,0.80916666666667,0.856000000000222,8.99999999978718,0.0240107394185099,NaN,0.0240107394185099,7.43708752548015,NaN,7.43708752548015,0.0132978107501011,-0.0199920943544713,303.630002310078,NaN,NaN
578,Stim,1,4,1,-0.054833333333363,31,Left,0.821166666666841,0.828166666666675,0.876000000000204,7.99999999981083,0.0358756812881119,NaN,0.0358756812881119,6.75553935527437,NaN,6.75553935527437,0.0132978089844204,0.033320155823466,68.2434513043936,NaN,NaN
578,Stim,1,4,1,-0.054833333333363,32,Left,0.831166666666832,0.85216666666679,0.886000000000195,21.9999999994798,0.0358756828532733,NaN,0.0358756828532733,8.66656016347739,NaN,8.66656016347739,-0.0132978132070125,-0.033320155823466,248.243445041018,NaN,NaN
578,Stim,1,4,1,-0.054833333333363,33,Left,0.90616666666665,0.913166666666712,0.961000000000013,7.99999999981083,0.0470683696721238,NaN,0.0470683696721238,9.41367388287077,NaN,9.41367388287077,0.0332445279631348,0.033320155823466,45.0650969117496,NaN,NaN
578,Stim,1,4,1,-0.054833333333363,34,Left,0.927166666666835,0.93416666666667,0.982000000000198,7.99999999981083,0.0426328494008039,NaN,0.0426328494008039,8.00357965314798,NaN,8.00357965314798,0.0265956211420522,-0.033320155823466,308.596313615483,NaN,NaN
582,NonStim,0,3,-1,NaN,1,Left,0.929133333333311,0.93513333333317,NaN,6.99999999983447,0.0405331878931579,NaN,0.0405331878931579,9.41365897774719,NaN,9.41365897774719,0.00664888629605744,0.0399841422542005,80.5587841804883,NaN,NaN
586,Stim,1,3,0.0909,-0.0556333333333896,1,Right,0.633600000000115,0.646600000000035,0.689233333333505,13.9999999996689,NaN,0.170446297777175,0.170446297777175,NaN,17.8783997634106,17.8783997634106,0.132978082568943,-0.106624434264537,321.276677443064,NaN,NaN
590,Stim,1,1,0.4545,-0.0558000000003176,1,Left,0.525599999999713,0.535599999999704,0.581400000000031,10.9999999997399,0.0297483495877454,NaN,0.0297483495877454,9.41366756592224,NaN,9.41366756592224,-0.0265956274495592,-0.0133280495106734,206.617137784421,NaN,NaN
591,NonStim,0,1,0.3636,NaN,1,Left,0.0181999999999789,0.0271999999997661,NaN,9.99999999976353,0.0537251763406852,NaN,0.0537251763406852,9.41365867188254,NaN,9.41365867188254,-0.00664889593304724,0.053312163299844,97.1090112437128,NaN,NaN
591,NonStim,0,1,0.3636,NaN,2,Merged,0.0301999999999225,0.0441999999998188,NaN,14.9999999996453,0.145998438737415,0.157045470767648,0.151521954752532,12.9447650283057,16.6358825406759,16.6358825406759,0.113031356697663,-0.0999604112185753,318.511741261567,6.99999999983447,10.4660025152489
591,NonStim,0,1,0.3636,NaN,3,Left,0.323199999999815,0.329199999999901,NaN,6.99999999983447,0.0519993673501211,NaN,0.0519993673501211,9.41367495059226,NaN,9.41367495059226,-0.0332445348606068,0.0399841857077863,129.74156120374,NaN,NaN
591,NonStim,0,1,0.3636,NaN,4,Left,0.351199999999835,0.357199999999921,NaN,6.99999999983447,0.0536971448514237,NaN,0.0536971448514237,10.4713827005186,NaN,10.4713827005186,-0.0265956281374,0.0466482146407761,119.688837330482,NaN,NaN
594,NonStim,0,1,0.6363,NaN,1,Right,0.725933333333387,0.736933333333354,NaN,11.9999999997162,NaN,0.143501921162854,0.143501921162854,NaN,16.9111969077227,16.9111969077227,0.0531912523943008,0.133279751073281,68.2433161181954,NaN,NaN
594,NonStim,0,1,0.6363,NaN,2,Merged,0.737933333333331,0.752933333333203,NaN,15.9999999996217,0.153848400723069,0.0906220914774549,0.122235246100262,13.7364155547282,11.1617753611338,13.7364155547282,-0.0199467179328597,-0.119952120276859,260.558733047718,8.99999999978718,12.1077966987438
595,Stim,1,2,-0.0909,-0.051833333333434,1,Left,0.814166666666551,0.820166666666637,0.865999999999985,6.99999999983447,0.0480214508601278,NaN,0.0480214508601278,8.66655776439231,NaN,8.66655776439231,0.0265956182276189,-0.039984157285135,303.630019823441,NaN,NaN
596,NonStim,0,4,0.6363,NaN,1,Left,0.0056333333332077,0.0146333333332223,NaN,9.99999999976353,0.0199467211712396,NaN,0.0199467211712396,7.10193276513652,NaN,7.10193276513652,-0.0199467211712396,0,180,NaN,NaN
596,NonStim,0,4,0.6363,NaN,2,Left,0.0486333333331004,0.0556333333331622,NaN,7.99999999981083,0.0333201564906554,NaN,0.0333201564906554,6.66403144012469,NaN,6.66403144012469,0,-0.0333201564906554,270,NaN,NaN
596,NonStim,0,4,0.6363,NaN,3,Left,0.0576333333331149,0.0646333333331768,NaN,7.99999999981083,0.0388343195615681,NaN,0.0388343195615681,7.84472871461703,NaN,7.84472871461703,-0.0199467177061347,0.0333201564906554,120.906349438231,NaN,NaN
596,NonStim,0,4,0.6363,NaN,4,Left,0.123633333333146,0.130633333333208,NaN,7.99999999981083,0.0470683681910569,NaN,0.0470683681910569,9.41367408561053,NaN,9.41367408561053,0.0332445251974988,-0.0333201564906554,314.934900131386,NaN,NaN
596,NonStim,0,4,0.6363,NaN,5,Left,0.133633333333137,0.140633333333199,NaN,7.99999999981083,0.0339770623975551,NaN,0.0339770623975551,7.43708685755846,NaN,7.43708685755846,-0.0066489052185747,0.0333201564906554,101.284920582924,NaN,NaN
596,NonStim,0,4,0.6363,NaN,6,Left,0.142633333333151,0.151633333333166,NaN,9.99999999976353,0.00664890319502627,NaN,0.00664890319502627,4.96482226053968,NaN,4.96482226053968,-0.00664890319502627,0,180,NaN,NaN
596,NonStim,0,4,0.6363,NaN,7,Left,0.158633333333228,0.165633333333062,NaN,7.99999999981083,0.0339770542217507,NaN,0.0339770542217507,7.02291168451465,NaN,7.02291168451465,-0.00664890319502631,0.0333201485574563,101.28491985445,NaN,NaN
596,NonStim,0,4,0.6363,NaN,8,Left,0.170633333333171,0.181633333333139,NaN,11.9999999997162,0.0776686280531394,NaN,0.0776686280531394,11.0976494161321,NaN,11.0976494161321,0.0398934271121389,-0.0666403050481116,300.906347190622,NaN,NaN
596,NonStim,0,4,0.6363,NaN,9,Left,0.183633333333091,0.204633333333277,NaN,21.9999999994798,0.01329781248756,NaN,0.01329781248756,9.41367408561053,NaN,9.41367408561053,0.01329781248756,0,0,NaN,NaN
596,NonStim,0,4,0.6363,NaN,10,Left,0.207633333333206,0.214633333333268,NaN,7.99999999981083,0.0470683681910569,NaN,0.0470683681910569,9.41367408561054,NaN,9.41367408561054,-0.0332445251974988,0.0333201564906554,134.934900131386,NaN,NaN
596,NonStim,0,4,0.6363,NaN,11,Left,0.225633333333235,0.240633333333108,NaN,15.9999999996217,0.00666403138467509,NaN,0.00666403138467509,9.41367408561054,NaN,9.41367408561054,0,-0.00666403138467509,270,NaN,NaN
596,NonStim,0,4,0.6363,NaN,12,Left,0.24263333333306,0.250633333333099,NaN,8.99999999978718,0.0332929491630295,NaN,0.0332929491630295,9.41367340302184,NaN,9.41367340302184,0.0199467154766492,-0.0266561251059803,306.807422228572,NaN,NaN
596,NonStim,0,4,0.6363,NaN,13,Left,0.252633333333279,0.264633333333222,NaN,12.9999999996926,0.0426328504590083,NaN,0.0426328504590083,7.99658790874724,NaN,7.99658790874724,-0.0265956220024726,0.0333201564906554,128.596313959878,NaN,NaN
596,NonStim,0,4,0.6363,NaN,14,Left,0.27563333333319,0.282633333333251,NaN,7.99999999981083,0.0426328520900084,NaN,0.0426328520900084,11.4152400828718,NaN,11.4152400828718,0.0265956246169697,-0.0333201564906554,308.596316706058,NaN,NaN
596,NonStim,0,4,0.6363,NaN,15,Left,0.288633333333109,0.295633333333171,NaN,7.99999999981083,0.0339770626533681,NaN,0.0339770626533681,6.75553949496707,NaN,6.75553949496707,-0.00664890652582342,0.0333201564906554,101.284922744727,NaN,NaN
596,NonStim,0,4,0.6363,NaN,16,Left,0.30363333333321,0.318633333333082,NaN,15.9999999996217,0.0094136747492715,NaN,0.0094136747492715,7.02291311273832,NaN,7.02291311273832,-0.00664890652582342,0.00666403138467509,134.934906163394,NaN,NaN
596,NonStim,0,4,0.6363,NaN,17,Left,0.365633333333108,0.37263333333317,NaN,7.99999999981083,0.0333201485574563,NaN,0.0333201485574563,6.66403017081264,NaN,6.66403017081264,0,0.0333201485574563,90,NaN,NaN
596,NonStim,0,4,0.6363,NaN,18,Left,0.413633333333109,0.420633333333171,NaN,7.99999999981083,0.03587564819515,NaN,0.03587564819515,8.0035746890726,NaN,8.0035746890726,0.0132978142604045,0.0333201180867948,68.2434211393757,NaN,NaN
596,NonStim,0,4,0.6363,NaN,19,Left,0.433633333333091,0.439633333333177,NaN,6.99999999983447,0.0240107176984308,NaN,0.0240107176984308,6.64890707066774,NaN,6.64890707066774,-0.0132978142604045,-0.0199920659335028,236.369953154926,NaN,NaN
596,NonStim,0,4,0.6363,NaN,20,Left,0.441633333333129,0.453633333333073,NaN,12.9999999996926,0.0297483511850983,NaN,0.0297483511850983,8.66655495766473,NaN,8.66655495766473,0.0265956279119533,-0.013328052153292,333.382858064266,NaN,NaN
596,NonStim,0,4,0.6363,NaN,21,Left,0.458633333333182,0.465633333333244,NaN,7.99999999981083,0.0388342881974021,NaN,0.0388342881974021,8.66655495766472,NaN,8.66655495766472,-0.0199467207951817,0.0333201180867948,120.906382451659,NaN,NaN
596,NonStim,0,4,0.6363,NaN,22,Merged,0.477633333333188,0.49263333333306,NaN,15.9999999996217,0.116502893099323,0.124474089795478,0.120488491447401,12.4120552320698,17.3768795176626,17.3768795176626,0.0465423170440956,-0.10995645722378,292.941945628841,5.99999999985812,15.4157606057336
596,NonStim,0,4,0.6363,NaN,23,Left,0.499633333333122,0.506633333333184,NaN,7.99999999981083,0.0333201564906554,NaN,0.0333201564906554,6.66403144012469,NaN,6.66403144012469,0,0.0333201564906554,90,NaN,NaN
596,NonStim,0,4,0.6363,NaN,24,Left,0.528633333333119,0.543633333333219,NaN,15.9999999996217,0.0265955860084189,NaN,0.0265955860084189,6.75553799781462,NaN,6.75553799781462,-0.0265955860084189,0,180,NaN,NaN
596,NonStim,0,4,0.6363,NaN,25,Left,0.545633333333171,0.560633333333271,NaN,15.9999999996217,0.0132978002388285,NaN,0.0132978002388285,9.41366903901362,NaN,9.41366903901362,0.0132978002388285,0,0,NaN,NaN
596,NonStim,0,4,0.6363,NaN,26,Left,0.593633333333173,0.600633333333235,NaN,7.99999999981083,0.0333201564906554,NaN,0.0333201564906554,6.66403144012469,NaN,6.66403144012469,0,-0.0333201564906554,270,NaN,NaN
596,NonStim,0,4,0.6363,NaN,27,Left,0.687633333333224,0.694633333333059,NaN,7.99999999981083,0.0333201564906554,NaN,0.0333201564906554,6.66403144012469,NaN,6.66403144012469,0,0.0333201564906554,90,NaN,NaN
596,NonStim,0,4,0.6363,NaN,28,Left,0.700633333333144,0.70663333333323,NaN,6.99999999983447,0.033977061554775,NaN,0.033977061554775,6.75553920986937,NaN,6.75553920986937,0.00664890091182049,-0.0333201564906554,281.284913460823,NaN,NaN
596,NonStim,0,4,0.6363,NaN,29,Left,0.708633333333182,0.717633333333197,NaN,9.99999999976353,0.0405332349807997,NaN,0.0405332349807997,7.02291264878383,NaN,7.02291264878383,-0.00664890091182049,0.0399841875580024,99.441225695067,NaN,NaN
596,NonStim,0,4,0.6363,NaN,30,Left,0.751633333333075,0.75763333333316,NaN,6.99999999983447,0.0266561256396684,NaN,0.0266561256396684,5.55335954265257,NaN,5.55335954265257,0,-0.0266561256396684,270,NaN,NaN
596,NonStim,0,4,0.6363,NaN,31,Left,0.780633333333071,0.799633333333077,NaN,19.9999999995271,0.0282410011766137,NaN,0.0282410011766137,8.66655374116756,NaN,8.66655374116756,-0.0199466866814108,-0.0199920943848093,225.065141413225,NaN,NaN
596,NonStim,0,4,0.6363,NaN,32,Left,0.804633333333186,0.814633333333177,NaN,10.9999999997399,0.0358166605286749,NaN,0.0358166605286749,9.41366903901362,NaN,9.41366903901362,-0.0332444869202394,0.0133280629063782,158.153633826454,NaN,NaN
596,NonStim,0,4,0.6363,NaN,33,Left,0.823633333333191,0.834633333333159,NaN,11.9999999997162,0.0199466866814108,NaN,0.0199466866814108,7.01014931010807,NaN,7.01014931010807,-0.0199466866814108,0,180,NaN,NaN
596,NonStim,0,4,0.6363,NaN,34,Left,0.837633333333088,0.844633333333149,NaN,7.99999999981083,0.0333201564906554,NaN,0.0333201564906554,6.66403144012469,NaN,6.66403144012469,0,-0.0333201564906554,270,NaN,NaN
596,NonStim,0,4,0.6363,NaN,35,Left,0.861633333333202,0.888633333333246,NaN,27.9999999993379,0.0332444869202394,NaN,0.0332444869202394,9.41366655776711,NaN,9.41366655776711,-0.0332444869202394,0,180,NaN,NaN
596,NonStim,0,4,0.6363,NaN,36,Left,0.892633333333151,0.899633333333213,NaN,7.99999999981083,0.0339770479529663,NaN,0.0339770479529663,7.84472734934317,NaN,7.84472734934317,-0.00664890459181169,-0.0333201418863599,258.71507563428,NaN,NaN
596,NonStim,0,4,0.6363,NaN,37,Merged,0.959633333333159,0.970633333333126,NaN,11.9999999997162,0,0.0533122468648887,0.0266561234324443,4.44268451998181,9.41367500309468,9.41367500309468,0,0.0266561234324443,90,-1.99999999995271,90
597,Stim,1,3,-0.4545,-0.0592666666666446,1,Right,0.595666666666602,0.601666666666688,0.654933333333247,6.99999999983447,NaN,0.0868871318111312,0.0868871318111312,NaN,16.5070848128289,16.5070848128289,0.00664889658486113,-0.0866323602851077,274.388756859452,NaN,NaN
599,Stim,1,4,-0,-0.056633333333366,1,Merged,0.926033333333407,0.943033333333233,0.982666666666773,17.9999999995744,0.187688211757155,0.186573394325037,0.187130803041096,15.9008109185703,17.5483386887383,17.5483386887383,0.0964091114974534,0.159936403857358,58.9185725140703,4.99999999988177,7.34233808830299
601,Stim,1,2,-0.4545,-0.0544000000002143,1,Right,0.0482999999999265,0.0542999999997846,0.102700000000141,6.99999999983447,NaN,0.044683386097342,0.044683386097342,NaN,9.41367345250836,9.41367345250836,-0.0199467203959529,0.039984163597227,116.513026656775,NaN,NaN
603,Stim,1,2,-0.6363,-0.0460333333335257,1,Left,0.115099999999984,0.121099999999842,0.16113333333351,6.99999999983447,0.0333201548060673,NaN,0.0333201548060673,8.66300826205427,NaN,8.66300826205427,-4.16333634234434e-17,0.0333201548060673,90.0000000000001,NaN,NaN
603,Stim,1,2,-0.6363,-0.0460333333335257,2,Left,0.166099999999915,0.172099999999773,0.212133333333441,6.99999999983447,0.0537252618278977,NaN,0.0537252618278977,11.4289498805767,NaN,11.4289498805767,-0.00664890512674672,0.0533122483027276,97.1090097541626,NaN,NaN
603,Stim,1,2,-0.6363,-0.0460333333335257,3,Left,0.352099999999837,0.359099999999899,0.398133333333362,7.99999999981083,0.0507338761816986,NaN,0.0507338761816986,8.66655769182454,NaN,8.66655769182454,0.0199467152011651,-0.0466482019493092,293.151493825601,NaN,NaN
603,Stim,1,2,-0.6363,-0.0460333333335257,4,Left,0.631099999999833,0.637099999999919,0.677133333333359,6.99999999983447,0.0405332358251141,NaN,0.0405332358251141,7.02291322289947,NaN,7.02291322289947,0.00664890647303371,-0.0399841874891458,279.441233465606,NaN,NaN
606,Stim,1,2,-1,-0.0553333333334649,1,Right,0.404866666666521,0.410866666666607,0.460199999999986,6.99999999983447,NaN,0.0446834018528035,0.0446834018528035,NaN,9.41367466450176,9.41367466450176,0.0199467187349051,-0.0399841820330203,296.513014198172,NaN,NaN
607,NonStim,0,2,-1,NaN,1,Right,0.404233333333195,0.412233333333234,NaN,8.99999999978718,NaN,0.110264595496815,0.110264595496815,NaN,16.6464732812345,16.6464732812345,-0.0465423475559611,0.0999604466979633,114.96704657623,NaN,NaN
607,NonStim,0,2,-1,NaN,2,Left,0.419233333333295,0.425233333333153,NaN,6.99999999983447,0.0446833853757363,NaN,0.0446833853757363,9.41366716283233,NaN,9.41366716283233,-0.0199466935297477,-0.0399841761934254,243.487011379872,NaN,NaN
608,Stim,1,2,0.0909,-0.0571333333332404,1,Merged,0.370933333333369,0.379933333333383,0.428066666666609,9.99999999976353,0.0927920748380121,0.0866033391497059,0.089697706993859,12.9447708211557,12.9447731519481,12.9447731519481,0.033244531965485,-0.0833003754514095,291.756557675232,-1.99999999995271,1.57975342885283
610,Stim,1,4,-1,-0.0588999999999942,1,Merged,0.304200000000037,0.315200000000004,0.363100000000031,11.9999999997162,0.195078167033345,0.137335566197924,0.166206866615634,25.7608568744859,18.6144954074371,25.7608568744859,-0.0398934323634956,-0.159936638874606,255.994350929905,0.999999999976353,14.9514132084396
613,NonStim,0,2,0.1818,NaN,1,Left,0.536000000000058,0.542000000000144,NaN,6.99999999983447,0.0446833526332242,NaN,0.0446833526332242,9.41366445618698,NaN,9.41366445618698,-0.0199467172200531,0.0399841277845135,116.513043512038,NaN,NaN
615,Stim,1,1,-0.3636,-0.0535666666667112,1,Merged,0.590166666666619,0.603166666666539,0.64373333333333,13.9999999996689,0.131791399616496,0.113088370672301,0.122439885144399,13.5368336336605,12.9309369273783,13.5368336336605,0.0964091280346399,0.0733043046210047,37.2474016995125,5.99999999985812,16.938509808648
621,NonStim,0,2,1,NaN,1,Right,0.240299999999934,0.245300000000043,NaN,6.00000000122236,NaN,0.0470683751405881,0.0470683751405881,NaN,9.41367514470534,9.41367514470534,0.0332445348599013,-0.0333201566671578,314.934908306018,NaN,NaN
623,NonStim,0,1,0.3636,NaN,1,Right,0.321666666666715,0.326666666666824,NaN,6.00000000122236,NaN,0.0421374564392652,0.0421374564392652,NaN,9.48692658359104,9.48692658359104,-0.0132978137810293,0.0399841641630288,108.395939277425,NaN,NaN
623,NonStim,0,1,0.3636,NaN,2,Right,0.483666666666522,0.489666666666835,NaN,7.00000000142609,NaN,0.0812209538254018,0.0812209538254018,NaN,14.4579955999385,14.4579955999385,0.0664890540687726,-0.0466481406847893,324.946835103081,NaN,NaN
626,Stim,1,4,0.1818,-0.0578000000004977,1,Left,0.33813333333319,0.343133333332844,0.395933333333687,6.00000000122236,0.0399841790640887,NaN,0.0399841790640887,8.88537374096991,NaN,8.88537374096991,0,-0.0399841790640887,270,NaN,NaN
630,Stim,1,4,-0.4545,-0.0593666666668469,1,Merged,0.644600000000082,0.654599999999846,0.703966666666929,11.000000002241,0.113231550854701,0.126412060744211,0.119821805799456,17.376870961027,14.8944443044707,17.376870961027,0.0465423297332673,0.109956273520515,67.058014402288,1.00000000020373,9.62250734016234
631,Stim,1,3,-0,-0.052833333333183,1,Right,0.432833333333292,0.438833333333605,0.485666666666475,7.00000000142609,NaN,0.0519993681256841,0.0519993681256841,NaN,10.2264981094419,10.2264981094419,0.0332445338227765,-0.0399841875793003,309.741559006054,NaN,NaN
631,Stim,1,3,-0,-0.052833333333183,2,Merged,0.48183333333327,0.487833333333583,0.534666666666453,7.00000000142609,0.108370164760723,0.0952358521738851,0.101803008467304,18.4729856261258,16.884812827415,18.4729856261258,0.0797868281863154,-0.0599762584088478,323.067586132305,0,22.7296584830135
633,NonStim,0,3,0.1818,NaN,1,Merged,0.788933333333262,0.800933333333433,NaN,13.0000000026484,0.148944626941577,0.154936384724608,0.151940505833093,16.4908127897857,16.9112944353758,16.9112944353758,0.0664890484815532,-0.136612578947462,295.952087309458,5.00000000101863,1.10015979309497
634,NonStim,0,4,-0.6363,NaN,1,Left,0.449633333333168,0.455633333333026,NaN,7.00000000142609,0.104119117009793,NaN,0.104119117009793,18.8480466358274,NaN,18.8480466358274,0.0930845601421735,-0.0466482067183404,333.382812255351,NaN,NaN
634,NonStim,0,4,-0.6363,NaN,2,Left,0.674633333333077,0.679633333333186,NaN,6.00000000122236,0.0446833977898299,NaN,0.0446833977898299,10.4713812096794,NaN,10.4713812096794,0.0199467138245737,-0.0399841799421313,296.513009760841,NaN,NaN
635,NonStim,0,2,0.4545,NaN,1,Merged,0.583599999999933,0.590599999999995,NaN,8.00000000162981,0.0632062090052905,0.0834566188552266,0.0733314139302586,12.4120563400839,12.9447709262812,12.9447709262812,0.029920073113353,-0.0666402908898676,294.179066010267,-2.00000000040745,10.1598351990777
635,NonStim,0,2,0.4545,NaN,2,Left,0.891599999999926,0.89659999999958,NaN,6.00000000122236,0.0421373871761327,NaN,0.0421373871761327,9.54702147419591,NaN,9.54702147419591,-0.01329781415826,0.0399840910443603,108.395971139979,NaN,NaN
636,Stim,1,4,0.6363,-0.0485666666668294,1,Left,0.426500000000033,0.431500000000142,0.475066666666862,6.00000000122236,0.0399841235252288,NaN,0.0399841235252288,9.15760094369013,NaN,9.15760094369013,4.16333634234434e-17,0.0399841235252288,89.9999999999999,NaN,NaN
636,Stim,1,4,0.6363,-0.0485666666668294,2,Left,0.518500000000131,0.524499999999989,0.56706666666696,7.00000000142609,0.0333201515787926,NaN,0.0333201515787926,8.66301121268443,NaN,8.66301121268443,4.5102810375397e-17,-0.0333201515787926,270,NaN,NaN
637,NonStim,0,1,-0.6363,NaN,1,Right,0.420433333333222,0.433433333333141,NaN,14.0000000028522,NaN,0.116339879189616,0.116339879189616,NaN,11.7914339408757,11.7914339408757,-0.0465423416679768,0.106624471496536,113.58161216267,NaN,NaN
637,NonStim,0,1,-0.6363,NaN,2,Left,0.693433333332905,0.698433333333014,NaN,6.00000000122236,0.0507336518355661,NaN,0.0507336518355661,11.5935218887559,NaN,11.5935218887559,-0.0199467122330104,-0.046647959222949,246.848401481828,NaN,NaN
637,NonStim,0,1,-0.6363,NaN,3,Right,0.733433333332869,0.747433333332992,NaN,15.0000000030559,NaN,0.154936016355183,0.154936016355183,NaN,14.894444806611,14.894444806611,0.0664890638682531,-0.139944180121707,295.4129218035,NaN,NaN
637,NonStim,0,1,-0.6363,NaN,4,Left,0.895433333333131,0.90043333333324,NaN,6.00000000122236,0.0507338667191994,NaN,0.0507338667191994,11.5935790815011,NaN,11.5935790815011,-0.0199467109759035,-0.0466481934647555,246.848506794606,NaN,NaN
638,Stim,1,1,0.6363,-0.0549666666665871,1,Merged,0.328133333333426,0.339133333333393,0.383100000000013,12.0000000024447,0.0932963434033649,0.130908169469174,0.11210225643627,12.2173735887218,14.8944687306414,14.8944687306414,-0.0166222672277658,-0.109956444783889,261.403607564585,-4.00000000081491,14.7115598203878
638,Stim,1,1,0.6363,-0.0549666666665871,2,Left,0.634133333333466,0.640133333333324,0.689100000000053,7.00000000142609,0.0485062375610636,NaN,0.0485062375610636,11.0975912027605,NaN,11.0975912027605,0.0132978116704155,0.0466478647647296,74.0888468020426,NaN,NaN
638,Stim,1,1,0.6363,-0.0549666666665871,3,Left,0.689133333333302,0.69513333333316,0.744099999999889,7.00000000142609,0.0405329240459712,NaN,0.0405329240459712,8.66650927692721,NaN,8.66650927692721,-0.00664890463379268,-0.0399838717345782,260.558695883514,NaN,NaN
638,Stim,1,1,0.6363,-0.0549666666665871,4,Merged,0.73813333333328,0.750133333333451,0.793099999999868,13.0000000026484,0.099878618227742,0.148944343166139,0.124411480696941,9.4136671307835,17.8990222404417,17.8990222404417,0.0631646083999582,-0.106624160653403,300.642681672341,2.00000000040745,10.2944492928522
639,Stim,1,1,0.1818,-0.0524000000000342,1,Merged,0.244033333333391,0.260033333333467,0.296433333333425,17.0000000034634,0.266643623089627,0.227453087162605,0.247048355126116,24.8335672674666,24.4347781826088,24.8335672674666,-0.00664890154651429,-0.246568744898662,268.4553528851,5.00000000101863,6.45991854845863
639,Stim,1,1,0.1818,-0.0524000000000342,2,Left,0.265033333333577,0.270033333333231,0.317433333333611,6.00000000122236,0.0426326999685873,NaN,0.0426326999685873,9.41364565909717,NaN,9.41364565909717,-0.0265956253628178,0.0333199612570636,128.596481171182,NaN,NaN
639,Stim,1,1,0.1818,-0.0524000000000342,3,Left,0.415033333333213,0.420033333333322,0.467433333333247,6.00000000122236,0.0536967442607599,NaN,0.0536967442607599,12.4119558865666,NaN,12.4119558865666,-0.0265956096042113,0.0466477640834567,119.689058264427,NaN,NaN
640,Stim,1,4,0.4545,-0.0539666666663834,1,Left,0.0522666666670375,0.0572666666671466,0.106233333333421,6.00000000122236,0.0333201561781071,NaN,0.0333201561781071,7.84472904866993,NaN,7.84472904866993,0,0.0333201561781071,90,NaN,NaN
640,Stim,1,4,0.4545,-0.0539666666663834,2,Left,0.154266666666899,0.160266666666757,0.208233333333283,7.00000000142609,0.0421374778075697,NaN,0.0421374778075697,7.84472879270959,NaN,7.84472879270959,-0.013297814177936,0.0399841865500914,108.395930183079,NaN,NaN
640,Stim,1,4,0.4545,-0.0539666666663834,3,Left,0.163266666666914,0.168266666667023,0.217233333333297,6.00000000122236,0.0446834066667121,NaN,0.0446834066667121,9.54704025752792,NaN,9.54704025752792,0.0199467185427224,-0.0399841875085663,296.513010843443,NaN,NaN
640,Stim,1,4,0.4545,-0.0539666666663834,4,Right,0.362266666666983,0.369266666667045,0.416233333333366,8.00000000162981,NaN,0.103998723721772,0.103998723721772,NaN,17.2584036904249,17.2584036904249,0.0664890605273419,-0.0799683647822616,309.741559645357,NaN,NaN
640,Stim,1,4,0.4545,-0.0539666666663834,5,Right,0.900266666666994,0.905266666667103,0.954233333333377,6.00000000122236,NaN,0.0446833877624599,0.0446833877624599,NaN,10.4713782703577,10.4713782703577,-0.0199467179678451,0.0399841666693405,116.513022112253,NaN,NaN
640,Stim,1,4,0.4545,-0.0539666666663834,6,Right,0.915266666666867,0.920266666666976,0.96923333333325,6.00000000122236,NaN,0.0421374744286644,0.0421374744286644,NaN,9.48693123823715,9.48693123823715,0.0132978027634808,-0.0399841867854019,288.395915354605,NaN,NaN
642,Stim,1,3,0.3636,-0.0514000000002852,1,Right,0.406666666666297,0.41266666666661,0.458066666666582,7.00000000142609,NaN,0.0446834034685767,0.0446834034685767,NaN,9.41367207134764,9.41367207134764,-0.0199467115630286,0.0399841874164894,116.513002887582,NaN,NaN
642,Stim,1,3,0.3636,-0.0514000000002852,2,Right,0.834666666666635,0.847666666666555,0.88606666666692,14.0000000028522,NaN,0.173774160095653,0.173774160095653,NaN,15.7065587292216,15.7065587292216,0.0132978120506602,-0.173264615290067,274.388765722814,NaN,NaN
643,Stim,1,4,0.0909,-0.0583666666670979,1,Left,0.287033333333056,0.292033333333166,0.345400000000154,6.00000000122236,0.0333201565725003,NaN,0.0333201565725003,6.6640314428082,NaN,6.6640314428082,0,-0.0333201565725003,270,NaN,NaN
643,Stim,1,4,0.0909,-0.0583666666670979,2,Left,0.5640333333331,0.569033333333209,0.622400000000198,6.00000000122236,0.0537252611833483,NaN,0.0537252611833483,11.1618632683267,NaN,11.1618632683267,-0.00664890591020909,0.0533122475554744,97.109010681894,NaN,NaN
644,NonStim,0,3,-0.4545,NaN,1,Left,0.222999999999956,0.228000000000065,NaN,6.00000000122236,0.0297889294522195,NaN,0.0297889294522195,7.84472772375021,NaN,7.84472772375021,0.0132978133522158,0.0266561152075643,63.486979039236,NaN,NaN
644,NonStim,0,3,-0.4545,NaN,2,Left,0.260000000000218,0.26700000000028,NaN,8.00000000162981,0.0569215856738335,NaN,0.0569215856738335,8.95421025387052,NaN,8.95421025387052,-0.0199467192429894,-0.053312243500578,249.486717255161,NaN,NaN
644,NonStim,0,3,-0.4545,NaN,3,Right,0.333000000000084,0.340999999999894,NaN,9.00000000183354,NaN,0.0537252599509757,0.0537252599509757,NaN,7.02291259537942,7.02291259537942,-0.00664890649993665,0.0533122462400058,97.109011479598,NaN,NaN
644,NonStim,0,3,-0.4545,NaN,4,Left,0.537000000000262,0.545000000000073,NaN,9.00000000183354,0.0733043200892869,NaN,0.0733043200892869,11.106712296012,NaN,11.106712296012,0,0.0733043200892869,90,NaN,NaN
644,NonStim,0,3,-0.4545,NaN,5,Left,0.548000000000229,0.554000000000087,NaN,7.00000000142609,0.0485065473301789,NaN,0.0485065473301789,9.54703490678825,NaN,9.54703490678825,0.0132978139814861,-0.0466481862156363,285.911051730684,NaN,NaN
644,NonStim,0,3,-0.4545,NaN,6,Left,0.583000000000084,0.590999999999894,NaN,9.00000000183354,0.0537252569463705,NaN,0.0537252569463705,9.41367269102377,NaN,9.41367269102377,-0.00664890418705293,0.053312243500578,97.1090093935206,NaN,NaN
644,NonStim,0,3,-0.4545,NaN,7,Merged,0.760999999999967,0.771999999999935,NaN,12.0000000024447,0.142497083073054,0.132148456799089,0.137322769936071,20.4600978877122,18.0616951298112,20.4600978877122,0.0864357261814289,-0.106624446586397,309.030153908402,2.00000000040745,3.50738669167953
645,NonStim,0,3,1,NaN,1,Left,0.10723333333317,0.112233333333279,NaN,6.00000000122236,0.039893417795781,NaN,0.039893417795781,9.54000531926323,NaN,9.54000531926323,-0.039893417795781,0,180,NaN,NaN
645,NonStim,0,3,1,NaN,2,Merged,0.283233333333101,0.293233333333319,NaN,11.000000002241,0.166600586587564,0.129379502341014,0.147990044464289,24.4347637282378,16.9885239663124,24.4347637282378,-0.0132978136484429,-0.146608523869856,264.817290138981,-1.00000000020373,11.8624533788837
645,NonStim,0,3,1,NaN,3,Left,0.560233333333144,0.568233333332955,NaN,9.00000000183354,0.0599761165792299,NaN,0.0599761165792299,11.5935523088568,NaN,11.5935523088568,0,-0.0599761165792299,270,NaN,NaN
645,NonStim,0,3,1,NaN,4,Merged,0.616233333333184,0.626233333332948,NaN,11.000000002241,0.0803703466303906,0.0847230528971015,0.0825466997637461,10.2177374391275,13.4150886018438,13.4150886018438,0.0664890495348594,0.0466482043148224,35.0532034788829,5.00000000101863,20.5720768109014
645,NonStim,0,3,1,NaN,5,Left,0.713233333332937,0.718233333333046,NaN,6.00000000122236,0.0569215751795121,NaN,0.0569215751795121,13.4150841448522,NaN,13.4150841448522,0.0199467172471751,-0.0533122330425025,290.513284552147,NaN,NaN
646,Stim,1,2,1,-0.0471999999999753,1,Merged,0.592733333333399,0.612733333333381,0.639933333333374,21.0000000042783,0.0717512836151733,0.0656084931143352,0.0686798883647542,14.8944600213322,11.0976483617926,14.8944600213322,0.0265956186166197,0.0633082251358577,67.212852295094,5.00000000101863,2.15765094197178
646,Stim,1,2,1,-0.0471999999999753,2,Left,0.89373333333333,0.899733333333188,0.940933333333305,7.00000000142609,0.0470170111444475,NaN,0.0470170111444475,9.54000532725063,NaN,9.54000532725063,0.0465423475736509,-0.00666402425645175,351.851660389852,NaN,NaN
647,NonStim,0,1,1,NaN,1,Left,0.548200000000179,0.553200000000288,NaN,6.00000000122236,0.0399841874400727,NaN,0.0399841874400727,8.95421079917812,NaN,8.95421079917812,4.5102810375397e-17,-0.0399841874400727,270,NaN,NaN
647,NonStim,0,1,1,NaN,2,Right,0.561200000000099,0.568200000000161,NaN,8.00000000162981,NaN,0.0733043216200757,0.0733043216200757,NaN,11.5935828496873,11.5935828496873,0,0.0733043216200757,90,NaN,NaN
648,NonStim,0,1,-0,NaN,1,Left,0.27143333333288,0.277433333332738,NaN,7.00000000142609,0.0507337056969222,NaN,0.0507337056969222,9.54700527060936,NaN,9.54700527060936,-0.0199466774539041,0.0466480326733276,113.151529790383,NaN,NaN
648,NonStim,0,1,-0,NaN,2,Left,0.282433333332847,0.287433333332956,NaN,6.00000000122236,0.0536969555321649,NaN,0.0536969555321649,12.4120153422683,NaN,12.4120153422683,0.0265955650650904,-0.0466480326733276,299.688875032464,NaN,NaN
648,NonStim,0,1,-0,NaN,3,Merged,0.35743333333312,0.37043333333304,NaN,14.0000000028522,0.291954018582392,0.231334666942179,0.261644342762285,28.2809940722372,23.4871303332858,28.2809940722372,0.216089054965277,-0.136612511381857,327.698734273049,0,24.7432763781796
649,NonStim,0,2,-0.3636,NaN,1,Right,0.403033333333497,0.409033333333355,NaN,7.00000000142609,NaN,0.0446834009984977,0.0446834009984977,NaN,9.41367466931215,9.41367466931215,-0.0199467204469907,0.0399841802242106,116.513017198002,NaN,NaN
650,NonStim,0,4,0.3636,NaN,1,Merged,0.830733333333228,0.842733333333399,NaN,13.0000000026484,0.11323162297139,0.184298010192806,0.148764816582098,16.5070892448717,19.6775722913798,19.6775722913798,0.0465423464744824,-0.139944480550569,288.395950156005,0,15.5171800205243
652,NonStim,0,3,-0,NaN,1,Left,0.166866666666465,0.171866666666574,NaN,6.00000000122236,0.039984183180269,NaN,0.039984183180269,8.88537452165384,NaN,8.88537452165384,0,0.039984183180269,90,NaN,NaN
652,NonStim,0,3,-0,NaN,2,Right,0.267866666666578,0.273866666666436,NaN,7.00000000142609,NaN,0.042137477927016,0.042137477927016,NaN,9.41367434001569,9.41367434001569,-0.0132978137352734,0.0399841868231897,108.395929494745,NaN,NaN
652,NonStim,0,3,-0,NaN,3,Merged,0.566866666666556,0.572866666666414,NaN,7.00000000142609,0.0519993458901287,0.042137437407617,0.0470683916488729,9.41367253188439,7.44723171076892,9.41367253188439,-0.0232711707564933,0.0399841527911635,120.199826729544,0,21.3456356925866
653,Stim,1,1,0.3636,-0.0654666666669073,1,Left,0.345066666666753,0.350066666666407,0.41053333333366,6.00000000122236,0.0297483520614785,NaN,0.0297483520614785,7.84472727859793,NaN,7.84472727859793,-0.0265956272946466,0.0133280553411937,153.382852042351,NaN,NaN
657,NonStim,0,4,0.1818,NaN,1,Left,0.00359999999955107,0.00959999999986394,NaN,7.00000000142609,0.0339770615618359,NaN,0.0339770615618359,7.84472923319117,NaN,7.84472923319117,0.00664890715219309,0.033320155252614,78.7150758109004,NaN,NaN
657,NonStim,0,4,0.1818,NaN,2,Right,0.335599999999886,0.341599999999744,NaN,7.00000000142609,NaN,0.0421374781289492,0.0421374781289492,NaN,9.41367479384416,9.41367479384416,0.0132978133602813,-0.0399841871607113,288.395928866079,NaN,NaN
658,NonStim,0,4,-0,NaN,1,Right,0.450333333333674,0.456333333333532,NaN,7.00000000142609,NaN,0.0405332359959181,0.0405332359959181,NaN,8.66656137052814,8.66656137052814,-0.00664890704822162,0.0399841875666481,99.4412342496796,NaN,NaN
660,NonStim,0,3,0.3636,NaN,1,Merged,0.355466666666416,0.364466666666431,NaN,10.0000000020373,0.086603339499359,0.104261268904191,0.0954323042017749,11.5935839971506,14.4719239782178,14.4719239782178,0.0398934407087144,-0.086632392717704,294.725646910152,-1.00000000020373,3.93933096539286
660,NonStim,0,3,0.3636,NaN,2,Merged,0.899466666666285,0.911466666666456,NaN,13.0000000026484,0.14971231306318,0.164539666364157,0.157125989713669,14.8944689523953,17.9378345241771,17.9378345241771,0.0565156742721712,-0.14660851651283,291.081001649041,0,0.515281273066705
661,NonStim,0,3,-0.3636,NaN,1,Left,0.611466666666729,0.620466666666744,NaN,10.0000000020373,0.120136643201548,NaN,0.120136643201548,16.6600768859555,NaN,16.6600768859555,-0.00664890216100032,-0.119952512019505,266.827372827323,NaN,NaN
661,NonStim,0,3,-0.3636,NaN,2,Right,0.683466666666391,0.6884666666665,NaN,6.00000000122236,NaN,0.0426328040736161,0.0426328040736161,NaN,9.41366796813404,9.41366796813404,-0.026595617230039,0.0333201009502161,128.596355511447,NaN,NaN
666,Stim,1,1,-0.4545,-0.0532666666667865,1,Merged,0.594700000000103,0.601700000000164,0.647966666666889,8.00000000162981,0.0519992837376886,0.0658956150392249,0.0589474493884567,7.44722497870761,12.3951331331393,12.3951331331393,-0.0398934084720139,-0.00333199870770347,184.774407363188,1.00000000020373,95.3234465329589
666,Stim,1,1,-0.4545,-0.0532666666667865,2,Merged,0.833700000000135,0.847700000000259,0.886966666666922,15.0000000030559,0.194026024178782,0.247255233107331,0.220640628643057,20.1145501787461,22.4608225403032,22.4608225403032,0.0565157055861076,-0.213248679397788,284.843433486105,-1.00000000020373,1.90540343179219
667,Stim,1,3,0.0909,-0.05026666666663,1,Left,0.377899999999954,0.383900000000267,0.428166666666584,7.00000000142609,0.0507337747984953,NaN,0.0507337747984953,8.95418996773632,NaN,8.95418996773632,0.0199467176510196,0.046648090638899,66.8484542068602,NaN,NaN
667,Stim,1,3,0.0909,-0.05026666666663,2,Left,0.647899999999936,0.652900000000045,0.698166666666566,6.00000000122236,0.0479794991845189,NaN,0.0479794991845189,10.4609552311098,NaN,10.4609552311098,0.039893426956782,-0.0266560842518392,326.249852486248,NaN,NaN
667,Stim,1,3,0.0909,-0.05026666666663,3,Left,0.656899999999951,0.663900000000012,0.707166666666581,8.00000000162981,0.0685736883130471,NaN,0.0685736883130471,12.4167874416803,NaN,12.4167874416803,-0.0332445149126887,-0.0599762699496638,241.000638985418,NaN,NaN
667,Stim,1,3,0.0909,-0.05026666666663,4,Left,0.840900000000147,0.845900000000256,0.891166666666777,6.00000000122236,0.0274728389541239,NaN,0.0274728389541239,8.00357666436524,NaN,8.00357666436524,-0.00664889876818865,0.0266561254755752,104.005626074406,NaN,NaN
667,Stim,1,3,0.0909,-0.05026666666663,5,Left,0.880900000000111,0.88590000000022,0.931166666666741,6.00000000122236,0.0404461323141653,NaN,0.0404461323141653,9.13925688136171,NaN,9.13925688136171,0.0398933616883252,0.00666403124088076,9.48347432346566,NaN,NaN
668,NonStim,0,4,1,NaN,1,Left,0.00430000000005748,0.0113000000001193,NaN,8.00000000162981,0.035875680167539,NaN,0.035875680167539,6.75553850065294,NaN,6.75553850065294,0.0132978127165792,0.0333201531274743,68.2434441725218,NaN,NaN
668,NonStim,0,4,1,NaN,2,Left,0.0293000000001484,0.0362999999997555,NaN,8.00000000162981,0.0339770592709127,NaN,0.0339770592709127,6.75553850065294,NaN,6.75553850065294,0.00664890609504909,-0.0333201531274743,281.284923142171,NaN,NaN
668,NonStim,0,4,1,NaN,3,Left,0.038300000000163,0.0452999999997701,NaN,8.00000000162981,0.0426328508375293,NaN,0.0426328508375293,8.6665609647087,NaN,8.6665609647087,-0.0265956268227821,0.0333201531274743,128.596321842614,NaN,NaN
668,NonStim,0,4,1,NaN,4,Left,0.0482999999999265,0.0552999999999884,NaN,8.00000000162981,0.042632852000081,NaN,0.042632852000081,8.00358011428625,NaN,8.00358011428625,0.0265956268227821,0.0333201546149493,51.4036794044644,NaN,NaN
668,NonStim,0,4,1,NaN,5,Left,0.0612999999998465,0.0742999999997664,NaN,14.0000000028522,0.0332445339493043,NaN,0.0332445339493043,9.41367494244673,NaN,9.41367494244673,-0.0332445339493043,0,180,NaN,NaN
668,NonStim,0,4,1,NaN,6,Left,0.0942999999997483,0.0992999999998574,NaN,6.00000000122236,0.0133280572140737,NaN,0.0133280572140737,3.50507956055897,NaN,3.50507956055897,0,0.0133280572140737,90,NaN,NaN
668,NonStim,0,4,1,NaN,7,Left,0.10129999999981,0.106299999999919,NaN,6.00000000122236,0.0148944645784513,NaN,0.0148944645784513,5.65097932515198,NaN,5.65097932515198,0.00664890712652225,-0.0133280572140737,296.513023180404,NaN,NaN
668,NonStim,0,4,1,NaN,8,Left,0.108299999999872,0.120300000000043,NaN,13.0000000026484,0.00664890696893609,NaN,0.00664890696893609,7.43708818301642,NaN,7.43708818301642,-0.00664890696893609,0,180,NaN,NaN
668,NonStim,0,4,1,NaN,9,Left,0.14429999999993,0.153299999999945,NaN,10.0000000020373,0.0333201335649373,NaN,0.0333201335649373,5.55335591365769,NaN,5.55335591365769,0,0.0333201335649373,90,NaN,NaN
668,NonStim,0,4,1,NaN,10,Left,0.161299999999756,0.168299999999817,NaN,8.00000000162981,0.0339770400865944,NaN,0.0339770400865944,6.66402743312926,NaN,6.66402743312926,-0.00664890609504909,-0.0333201335649373,258.715070402377,NaN,NaN
668,NonStim,0,4,1,NaN,11,Left,0.190299999999752,0.197299999999814,NaN,8.00000000162981,0.0333201335649373,NaN,0.0333201335649373,6.66402743312926,NaN,6.66402743312926,0,0.0333201335649373,90,NaN,NaN
668,NonStim,0,4,1,NaN,12,Left,0.211299999999937,0.218299999999999,NaN,8.00000000162981,0.035875661998498,NaN,0.035875661998498,6.75553426958584,NaN,6.75553426958584,-0.0132978127165792,-0.0333201335649373,248.243432592005,NaN,NaN
668,NonStim,0,4,1,NaN,13,Left,0.235299999999825,0.242299999999886,NaN,8.00000000162981,0.0339770402905441,NaN,0.0339770402905441,8.00357595543595,NaN,8.00357595543595,-0.0066489071372668,0.0333201335649373,101.284931321145,NaN,NaN
668,NonStim,0,4,1,NaN,14,Left,0.274300000000039,0.281300000000101,NaN,8.00000000162981,0.0333201335649373,NaN,0.0333201335649373,6.66402743312926,NaN,6.66402743312926,0,-0.0333201335649373,270,NaN,NaN
668,NonStim,0,4,1,NaN,15,Left,0.288300000000163,0.307299999999941,NaN,20.0000000040745,0.0333201335649373,NaN,0.0333201335649373,8.66655223022266,NaN,8.66655223022266,-9.0205620750794e-17,0.0333201335649373,90.0000000000002,NaN,NaN
668,NonStim,0,4,1,NaN,16,Left,0.313299999999799,0.323300000000017,NaN,11.000000002241,0.0066489069367025,NaN,0.0066489069367025,8.66655756796412,NaN,8.66655756796412,-0.0066489069367025,0,180,NaN,NaN
668,NonStim,0,4,1,NaN,17,Left,0.32529999999997,0.331299999999828,NaN,7.00000000142609,0.033977040251296,NaN,0.033977040251296,6.75553427820245,NaN,6.75553427820245,0.0066489069367025,-0.0333201335649373,281.284930989471,NaN,NaN
668,NonStim,0,4,1,NaN,18,Left,0.336299999999937,0.353299999999763,NaN,18.0000000036671,0.0358756625719929,NaN,0.0358756625719929,8.00357707942428,NaN,8.00357707942428,-0.0132978142637891,0.0333201335649373,111.756569702975,NaN,NaN
668,NonStim,0,4,1,NaN,19,Left,0.39429999999993,0.403299999999945,NaN,10.0000000020373,0,NaN,0,4.96481710311985,NaN,4.96481710311985,0,0,0,NaN,NaN
668,NonStim,0,4,1,NaN,20,Left,0.432299999999941,0.43730000000005,NaN,6.00000000122236,0.027472820451091,NaN,0.027472820451091,7.02290822033151,NaN,7.02290822033151,0.00664890662153017,-0.0266561044467502,284.005652580032,NaN,NaN
668,NonStim,0,4,1,NaN,21,Left,0.439300000000003,0.444300000000112,NaN,6.00000000122236,0.0297889202300165,NaN,0.0297889202300165,8.6665585868111,NaN,8.6665585868111,-0.0132978142637891,0.0266561044467502,116.513031768971,NaN,NaN
668,NonStim,0,4,1,NaN,22,Left,0.473300000000108,0.479299999999967,NaN,7.00000000142609,0.0333201335649373,NaN,0.0333201335649373,6.66402743312926,NaN,6.66402743312926,0,-0.0333201335649373,270,NaN,NaN
668,NonStim,0,4,1,NaN,23,Left,0.481299999999919,0.487299999999777,NaN,7.00000000142609,0.0333201335649373,NaN,0.0333201335649373,6.66402743312926,NaN,6.66402743312926,0,0.0333201335649373,90,NaN,NaN
668,NonStim,0,4,1,NaN,24,Left,0.524300000000039,0.538300000000163,NaN,15.0000000030559,0.0358756622905556,NaN,0.0358756622905556,7.44723001186368,NaN,7.44723001186368,0.0132978135045101,-0.0333201335649373,291.756568576735,NaN,NaN
668,NonStim,0,4,1,NaN,25,Left,0.540300000000116,0.546299999999974,NaN,7.00000000142609,0.033977040251296,NaN,0.033977040251296,6.66402743312926,NaN,6.66402743312926,-0.00664890693670255,0.0333201335649373,101.284930989471,NaN,NaN
668,NonStim,0,4,1,NaN,26,Left,0.561299999999846,0.596300000000156,NaN,36.0000000073342,0.042137455746695,NaN,0.042137455746695,11.0976479145254,NaN,11.0976479145254,-0.0132978135045101,-0.0399841635251251,251.604060805625,NaN,NaN
668,NonStim,0,4,1,NaN,27,Left,0.598300000000108,0.608299999999872,NaN,11.000000002241,0.0376546998306537,NaN,0.0376546998306537,7.44723459225034,NaN,7.44723459225034,0.0265956281694276,-0.0266561246547614,314.934909338942,NaN,NaN
668,NonStim,0,4,1,NaN,28,Left,0.610299999999825,0.616300000000138,NaN,7.00000000142609,0.0358756821225514,NaN,0.0358756821225514,7.44723460317539,NaN,7.44723460317539,-0.0132978142637891,0.0333201546149493,111.75655724191,NaN,NaN
668,NonStim,0,4,1,NaN,29,Left,0.623299999999745,0.630299999999806,NaN,8.00000000162981,0.0358756815012657,NaN,0.0358756815012657,8.66656121449673,NaN,8.66656121449673,0.0132978125876451,-0.0333201546149493,291.756554755684,NaN,NaN
668,NonStim,0,4,1,NaN,30,Left,0.633299999999963,0.648299999999836,NaN,16.0000000032596,0.0669711577266345,NaN,0.0669711577266345,6.75553926177275,NaN,6.75553926177275,-0.0066489065678076,0.0666402881798865,95.6977198176079,NaN,NaN
668,NonStim,0,4,1,NaN,31,Left,0.661299999999756,0.668299999999817,NaN,8.00000000162981,0.0339770402905441,NaN,0.0339770402905441,7.02290950014151,NaN,7.02290950014151,-0.0066489071372668,-0.0333201335649373,258.715068678855,NaN,NaN
668,NonStim,0,4,1,NaN,32,Left,0.691299999999956,0.698300000000017,NaN,8.00000000162981,0.033977040251296,NaN,0.033977040251296,7.02290825348574,NaN,7.02290825348574,-0.0066489069367025,0.0333201335649373,101.284930989471,NaN,NaN
668,NonStim,0,4,1,NaN,33,Left,0.705300000000079,0.710300000000188,NaN,6.00000000122236,0.0274728203236733,NaN,0.0274728203236733,6.66402743312926,NaN,6.66402743312926,0.00664890609504909,-0.0266561044467502,284.005651514674,NaN,NaN
668,NonStim,0,4,1,NaN,34,Left,0.712300000000141,0.720299999999952,NaN,9.00000000183354,0.0332929351437896,NaN,0.0332929351437896,7.01015844528189,NaN,7.01015844528189,-0.0199467196855153,0.0266561044467502,126.807449329123,NaN,NaN
668,NonStim,0,4,1,NaN,35,Left,0.722299999999905,0.728299999999763,NaN,7.00000000142609,0.0388343017025066,NaN,0.0388343017025066,7.84472745287604,NaN,7.84472745287604,0.0199467212327251,-0.0333201335649373,300.906371275973,NaN,NaN
668,NonStim,0,4,1,NaN,36,Left,0.744299999999839,0.751299999999901,NaN,8.00000000162981,0.0339770402884415,NaN,0.0339770402884415,6.66402743312926,NaN,6.66402743312926,0.00664890712652225,0.0333201335649373,78.7150686966234,NaN,NaN
668,NonStim,0,4,1,NaN,37,Left,0.755299999999806,0.762299999999868,NaN,8.00000000162981,0.0333201335649373,NaN,0.0333201335649373,6.66402743312926,NaN,6.66402743312926,0,-0.0333201335649373,270,NaN,NaN
668,NonStim,0,4,1,NaN,38,Left,0.767299999999977,0.772300000000087,NaN,6.00000000122236,0.0479795248588262,NaN,0.0479795248588262,11.0905905249126,NaN,11.0905905249126,-0.0398934408860069,0.026656109617748,146.249836541367,NaN,NaN
668,NonStim,0,4,1,NaN,39,Left,0.774300000000039,0.779300000000148,NaN,6.00000000122236,0.0332929401916313,NaN,0.0332929401916313,7.44723121022692,NaN,7.44723121022692,0.0199467212004916,-0.026656109617748,306.807446084915,NaN,NaN
668,NonStim,0,4,1,NaN,40,Left,0.794300000000021,0.801300000000083,NaN,8.00000000162981,0.0388343017025066,NaN,0.0388343017025066,7.84472562257704,NaN,7.84472562257704,0.0199467212327251,0.0333201335649373,59.0936287240273,NaN,NaN
668,NonStim,0,4,1,NaN,41,Left,0.810300000000097,0.817300000000159,NaN,8.00000000162981,0.0339770400865944,NaN,0.0339770400865944,7.02290816494889,NaN,7.02290816494889,-0.00664890609504909,-0.0333201335649373,258.715070402377,NaN,NaN
668,NonStim,0,4,1,NaN,42,Left,0.837300000000141,0.844299999999748,NaN,8.00000000162981,0.0388343009078029,NaN,0.0388343009078029,8.00357574650334,NaN,8.00357574650334,-0.0199467196855153,0.0333201335649373,120.906369317364,NaN,NaN
668,NonStim,0,4,1,NaN,43,Left,0.864300000000185,0.872299999999996,NaN,9.00000000183354,0.0332929351437896,NaN,0.0332929351437896,7.02290939163679,NaN,7.02290939163679,-0.0199467196855153,-0.0266561044467502,233.192550670877,NaN,NaN
668,NonStim,0,4,1,NaN,44,Left,0.887299999999868,0.897300000000087,NaN,11.000000002241,0.0421374481379122,NaN,0.0421374481379122,8.6665582570873,NaN,8.6665582570873,-0.0132978127165792,0.0399841557686294,108.395941506119,NaN,NaN
668,NonStim,0,4,1,NaN,45,Left,0.931299999999737,0.936299999999846,NaN,6.00000000122236,0.0132978098943548,NaN,0.0132978098943548,5.54882204309228,NaN,5.54882204309228,0.0132978098943548,0,0,NaN,NaN
669,Stim,1,1,1,-0.0508333333332303,1,Merged,0.757733333333363,0.769733333333534,0.808566666666593,13.0000000026484,0.120136626905712,0.106831524202399,0.113484075554055,13.3740418727762,13.7364152714359,13.7364152714359,-0.00664890601475097,-0.113288456969867,266.64116042272,3.00000000061118,0.395612475595271
673,NonStim,0,1,-0.0909,NaN,1,Left,0.18369999999959,0.189699999999903,NaN,7.00000000142609,0.0480214806649485,NaN,0.0480214806649485,9.41367477082386,NaN,9.41367477082386,-0.0265956266875355,0.0399841874539332,123.630008292655,NaN,NaN
673,NonStim,0,1,-0.0909,NaN,2,Left,0.195699999999761,0.20069999999987,NaN,6.00000000122236,0.0405332356001161,NaN,0.0405332356001161,8.95421077600927,NaN,8.95421077600927,0.00664890531315099,-0.0399841874539332,279.441231856427,NaN,NaN
673,NonStim,0,1,-0.0909,NaN,3,Left,0.729699999999866,0.734699999999975,NaN,6.00000000122236,0.0388343102186762,NaN,0.0388343102186762,8.66655891112365,NaN,8.66655891112365,-0.0199467179280826,0.0333201454687383,120.906358071761,NaN,NaN
673,NonStim,0,1,-0.0909,NaN,4,Left,0.863699999999881,0.86869999999999,NaN,6.00000000122236,0.0405331868107311,NaN,0.0405331868107311,9.54703246632396,NaN,9.54703246632396,0.00664890063213008,-0.0399841387729896,279.441236617,NaN,NaN
674,NonStim,0,2,-0,NaN,1,Right,0.701400000000376,0.707400000000234,NaN,7.00000000142609,NaN,0.0405332167194312,0.0405332167194312,NaN,11.4152396186263,11.4152396186263,0.00664890646012745,-0.0399841681232567,279.44123793804,NaN,NaN
676,NonStim,0,3,0.0909,NaN,1,Left,0.772066666666888,0.779066666666949,NaN,8.00000000162981,0.0536971377696125,NaN,0.0536971377696125,9.41367180570657,NaN,9.41367180570657,-0.0265956100399992,-0.0466482168067445,240.311180589542,NaN,NaN
677,Stim,1,3,0.4545,-0.0562666666664882,1,Left,0.559833333333245,0.564833333333354,0.616099999999733,6.00000000122236,0.0665434537654573,NaN,0.0665434537654573,15.084329422824,NaN,15.084329422824,-0.0531911310208882,0.0399841821193615,143.067533945773,NaN,NaN
677,Stim,1,3,0.4545,-0.0562666666664882,2,Merged,0.892833333333328,0.905833333333248,0.949099999999817,14.0000000028522,0.122377407591925,0.20572084081831,0.164049124205118,14.2109091239161,19.757803737157,19.757803737157,0.0930843074351853,-0.133280532730742,304.930790205468,-1.00000000020373,15.9354174853051
678,NonStim,0,2,-0.6363,NaN,1,Right,0.238933333333534,0.243933333333189,NaN,6.00000000122236,NaN,0.0446833797302981,0.0446833797302981,NaN,10.4713780896888,10.4713780896888,0.0199467204526735,-0.0399841564535868,296.513030810899,NaN,NaN
678,NonStim,0,2,-0.6363,NaN,2,Right,0.484933333333174,0.491933333333236,NaN,8.00000000162981,NaN,0.0707486040466518,0.0707486040466518,NaN,11.0905896505415,11.0905896505415,0.0531912513075589,0.0466482128155628,41.2504489752796,NaN,NaN
678,NonStim,0,2,-0.6363,NaN,3,Left,0.499933333333502,0.50593333333336,NaN,7.00000000142609,0.0658957024625694,NaN,0.0658957024625694,12.9309361866479,NaN,12.9309361866479,-0.046542331635416,-0.0466482043488752,225.065093058785,NaN,NaN
678,NonStim,0,2,-0.6363,NaN,4,Right,0.770933333333232,0.776933333333545,NaN,7.00000000142609,NaN,0.0480214768686333,0.0480214768686333,NaN,9.41367448171522,9.41367448171522,-0.0265956243644379,0.0399841844397307,123.630007976554,NaN,NaN
680,NonStim,0,4,-0.1818,NaN,1,Left,0.177266666666128,0.183266666666441,NaN,7.00000000142609,0.0480214762793708,NaN,0.0480214762793708,9.41367376210059,NaN,9.41367376210059,-0.0265956260314359,0.0399841826232097,123.630010832944,NaN,NaN
680,NonStim,0,4,-0.1818,NaN,2,Left,0.190266666666048,0.196266666666361,NaN,7.00000000142609,0.0536971389989681,NaN,0.0536971389989681,9.9296451607061,NaN,9.9296451607061,0.0265956239226466,-0.0466482103069309,299.688835713986,NaN,NaN
680,NonStim,0,4,-0.1818,NaN,3,Left,0.743266666666386,0.748266666666041,NaN,6.00000000122236,0.0471196534440549,NaN,0.0471196534440549,11.1618564850962,NaN,11.1618564850962,-0.00664890568160607,-0.0466481917540749,261.888100292869,NaN,NaN
681,NonStim,0,4,-1,NaN,1,Right,0.0743666666667195,0.0793666666668287,NaN,6.00000000122236,NaN,0.0426328512730068,0.0426328512730068,NaN,9.4136743670114,9.4136743670114,-0.0265956278196938,0.0333201528889446,128.596323089717,NaN,NaN
681,NonStim,0,4,-1,NaN,2,Left,0.706366666666781,0.711366666666891,NaN,6.00000000122236,0.0549456079603648,NaN,0.0549456079603648,13.4150751353278,NaN,13.4150751353278,0.0132978096467864,-0.0533121758394078,284.00565728326,NaN,NaN
681,NonStim,0,4,-1,NaN,3,Left,0.720366666666905,0.725366666666559,NaN,6.00000000122236,0.0426328167233465,NaN,0.0426328167233465,9.413667121593,NaN,9.413667121593,-0.026595618935423,0.0333201157742321,128.596344874457,NaN,NaN
682,Stim,1,2,-0.3636,-0.0576666666670462,1,Left,0.182599999999638,0.187599999999748,0.240266666666685,6.00000000122236,0.0405332339815244,NaN,0.0405332339815244,8.95421010451344,NaN,8.95421010451344,0.00664890662371264,-0.0399841855951844,279.441234114872,NaN,NaN
682,Stim,1,2,-0.3636,-0.0576666666670462,2,Right,0.458599999999478,0.468599999999697,0.516266666666525,11.000000002241,NaN,0.116502930974689,0.116502930974689,NaN,12.9447704312189,12.9447704312189,0.059840156662804,-0.0999604350543966,300.906359627888,NaN,NaN
682,Stim,1,2,-0.3636,-0.0576666666670462,3,Merged,0.744599999999537,0.749599999999646,0.802266666666583,6.00000000122236,0.0595777824870329,0.0707698454084409,0.0651738139477369,14.4719014533254,17.2583785208013,17.2583785208013,0.0365689818772493,-0.0533121309440674,304.447827721692,0,14.6084293814721
683,NonStim,0,2,-0.1818,NaN,1,Left,0.0483333333327209,0.0533333333328301,NaN,6.00000000122236,0.0480214771946081,NaN,0.0480214771946081,11.0976500309658,NaN,11.0976500309658,0.0265956228675472,-0.0399841858268925,303.63000557287,NaN,NaN
683,NonStim,0,2,-0.1818,NaN,2,Left,0.104333333332761,0.10933333333287,NaN,6.00000000122236,0.0387928048391305,NaN,0.0387928048391305,9.47070108166383,NaN,9.47070108166383,-0.0332445168371092,-0.019992093626082,211.021234351449,NaN,NaN
683,NonStim,0,2,-0.1818,NaN,3,Left,0.24733333333279,0.252333333332899,NaN,6.00000000122236,0.050733890503607,NaN,0.050733890503607,11.3256870148965,NaN,11.3256870148965,0.0199467162065761,-0.0466482170956865,293.151488144391,NaN,NaN
683,NonStim,0,2,-0.1818,NaN,4,Left,0.618333333332885,0.624333333332743,NaN,7.00000000142609,0.0799682298625794,NaN,0.0799682298625794,15.54938607187,NaN,15.54938607187,0,-0.0799682298625794,270,NaN,NaN
683,NonStim,0,2,-0.1818,NaN,5,Right,0.884333333332961,0.88933333333307,NaN,6.00000000122236,NaN,0.0446833257785207,0.0446833257785207,NaN,9.92962943772856,9.92962943772856,-0.0199467206738858,0.0399840960506473,116.513065639602,NaN,NaN
684,NonStim,0,3,0.4545,NaN,1,Left,0.243933333333189,0.248933333333298,NaN,6.00000000122236,0.0446834022103456,NaN,0.0446834022103456,9.92964469364073,NaN,9.92964469364073,0.019946721221544,-0.0399841811920854,296.513017532718,NaN,NaN
684,NonStim,0,3,0.4545,NaN,2,Left,0.253933333333407,0.259933333333265,NaN,7.00000000142609,0.0446834022067483,NaN,0.0446834022067483,8.00357893491844,NaN,8.00357893491844,-0.0199467212134857,0.0399841811920854,116.513017523472,NaN,NaN
684,NonStim,0,3,0.4545,NaN,3,Merged,0.533933333333152,0.543933333333371,NaN,11.000000002241,0.0595778011666169,0.0533121187443831,0.0564449599555,8.0035745369515,8.00356712673103,8.0035745369515,-0.0132978112416044,0.0533121433708755,104.005667090925,-4.00000000081491,26.5130441242628
687,NonStim,0,3,-0.0909,NaN,1,Right,0.00436666666655583,0.0113666666661629,NaN,8.00000000162981,NaN,0.00666402538452706,0.00666402538452706,NaN,4.44268405485449,4.44268405485449,0,-0.00666402538452706,270,NaN,NaN
687,NonStim,0,3,-0.0909,NaN,2,Right,0.0273666666662393,0.0503666666663776,NaN,24.0000000048894,NaN,0.00664890674263647,0.00664890674263647,NaN,9.13927042197216,9.13927042197216,-0.00664890674263647,0,180,NaN,NaN
687,NonStim,0,3,-0.0909,NaN,3,Right,0.0573666666664394,0.0643666666665013,NaN,8.00000000162981,NaN,0.0333200996388084,0.0333200996388084,NaN,6.66402101616327,6.66402101616327,0,-0.0333200996388084,270,NaN,NaN
687,NonStim,0,3,-0.0909,NaN,4,Right,0.066366666666454,0.0733666666665158,NaN,8.00000000162981,NaN,0.0388342724394569,0.0388342724394569,NaN,9.4136663499767,9.4136663499767,-0.0199467209325704,0.0333200996388084,120.906396605753,NaN,NaN
687,NonStim,0,3,-0.0909,NaN,5,Right,0.107366666666167,0.114366666666228,NaN,8.00000000162981,NaN,0.0358756308831459,0.0358756308831459,NaN,8.6665520523469,8.6665520523469,0.0132978137798517,-0.0333200996388084,291.756589068571,NaN,NaN
687,NonStim,0,3,-0.0909,NaN,6,Right,0.117366666666385,0.124366666666447,NaN,8.00000000162981,NaN,0.0426328098456379,0.0426328098456379,NaN,8.66655204185221,8.66655204185221,-0.0265956281255811,0.0333200996388084,128.596368055234,NaN,NaN
687,NonStim,0,3,-0.0909,NaN,7,Right,0.165366666666159,0.170366666666268,NaN,6.00000000122236,NaN,0.0376546887901833,0.0376546887901833,NaN,9.41367305468363,9.41367305468363,-0.0265956280217175,0.0266561092062588,134.934925782622,NaN,NaN
687,NonStim,0,3,-0.0909,NaN,8,Right,0.172366666666221,0.17736666666633,NaN,6.00000000122236,NaN,0.0266561092062588,0.0266561092062588,NaN,6.6640284580325,6.6640284580325,0,-0.0266561092062588,270,NaN,NaN
687,NonStim,0,3,-0.0909,NaN,9,Right,0.209366666666483,0.222366666666403,NaN,14.0000000028522,NaN,0.0148741766914212,0.0148741766914212,NaN,9.41367294654204,9.41367294654204,-0.0132978132712781,0.00666402989562917,153.382843730817,NaN,NaN
687,NonStim,0,3,-0.0909,NaN,10,Right,0.229366666666465,0.240366666666432,NaN,12.0000000024447,NaN,0.0332445348682175,0.0332445348682175,NaN,9.41367305468363,9.41367305468363,0.0332445348682175,0,0,NaN,NaN
687,NonStim,0,3,-0.0909,NaN,11,Right,0.248366666666243,0.255366666666305,NaN,8.00000000162981,NaN,0.0388343063791053,0.0388343063791053,NaN,8.66655932454891,8.66655932454891,0.0199467210883659,-0.0333201391018879,300.906366897245,NaN,NaN
687,NonStim,0,3,-0.0909,NaN,12,Right,0.265366666666523,0.274366666666538,NaN,10.0000000020373,NaN,0.0572822287559564,0.0572822287559564,NaN,9.54703821852687,9.54703821852687,-0.0332445348682175,0.0466482007439257,125.476138041989,NaN,NaN
687,NonStim,0,3,-0.0909,NaN,13,Right,0.27636666666649,0.285366666666505,NaN,10.0000000020373,NaN,0.057240041426335,0.057240041426335,NaN,8.6630097558082,8.6630097558082,0.0465423467534537,-0.0333201485766469,324.400731676123,NaN,NaN
687,NonStim,0,3,-0.0909,NaN,14,Right,0.287366666666458,0.294366666666519,NaN,8.00000000162981,NaN,0.0210687324225929,0.0210687324225929,NaN,5.65097829365569,5.65097829365569,-0.00664890561625356,0.0199920869346092,108.395931824194,NaN,NaN
687,NonStim,0,3,-0.0909,NaN,15,Right,0.319366666666156,0.32836666666617,NaN,10.0000000020373,NaN,0.0339770622416377,0.0339770622416377,NaN,5.66284384591114,5.66284384591114,0.00664890674263647,0.0333201560275435,78.7150767439054,NaN,NaN
687,NonStim,0,3,-0.0909,NaN,16,Right,0.349366666666356,0.35836666666637,NaN,10.0000000020373,NaN,0.021030477681176,0.021030477681176,NaN,8.66656154769926,8.66656154769926,0.0199467209325704,-0.00666403147776175,341.525960263826,NaN,NaN
687,NonStim,0,3,-0.0909,NaN,17,Right,0.360366666666323,0.365366666666432,NaN,6.00000000122236,NaN,0.0266561245497818,0.0266561245497818,NaN,7.02291313256134,7.02291313256134,0,-0.0266561245497818,270,NaN,NaN
687,NonStim,0,3,-0.0909,NaN,18,Right,0.368366666666589,0.375366666666196,NaN,8.00000000162981,NaN,0.0339770622416377,0.0339770622416377,NaN,7.02291300200491,7.02291300200491,-0.00664890674263647,0.0333201560275435,101.284923256095,NaN,NaN
687,NonStim,0,3,-0.0909,NaN,19,Right,0.386366666666163,0.397366666666585,NaN,12.0000000024447,NaN,0.0199467200488342,0.0199467200488342,NaN,7.44723471760408,7.44723471760408,-0.0199467200488342,0,180,NaN,NaN
687,NonStim,0,3,-0.0909,NaN,20,Right,0.448366666666516,0.456366666666327,NaN,9.00000000183354,NaN,0.0388343160064284,0.0388343160064284,NaN,6.47238615144601,6.47238615144601,0.0199467209325704,0.0333201504157064,59.0936418737516,NaN,NaN
687,NonStim,0,3,-0.0909,NaN,21,Right,0.458366666666279,0.469366666666247,NaN,12.0000000024447,NaN,0,0,NaN,5.55335839412403,5.55335839412403,0,0,0,NaN,NaN
687,NonStim,0,3,-0.0909,NaN,22,Right,0.492366666666385,0.503366666666352,NaN,12.0000000024447,NaN,0.0148741743460009,0.0148741743460009,NaN,9.41367048596011,9.41367048596011,-0.0132978118852361,0.00666402742642204,153.382849842206,NaN,NaN
687,NonStim,0,3,-0.0909,NaN,23,Right,0.505366666666305,0.51336666666657,NaN,9.00000000183354,NaN,0.00941367176577878,0.00941367176577878,NaN,6.75553344614953,6.75553344614953,0.00664890626898255,-0.00666402742642204,314.934922072784,NaN,NaN
687,NonStim,0,3,-0.0909,NaN,24,Right,0.515366666666523,0.525366666666287,NaN,11.000000002241,NaN,0.0339770291332259,0.0339770291332259,NaN,5.66283971850574,5.66283971850574,-0.00664890674263647,0.0333201222663994,101.284934396957,NaN,NaN
687,NonStim,0,3,-0.0909,NaN,25,Right,0.576366666666217,0.588366666666388,NaN,13.0000000026484,NaN,0.0332445230268736,0.0332445230268736,NaN,7.43708475625258,7.43708475625258,0.0332445230268736,0,0,NaN,NaN
687,NonStim,0,3,-0.0909,NaN,26,Right,0.605366666666214,0.614366666666228,NaN,10.0000000020373,NaN,0.00664890258361721,0.00664890258361721,NaN,7.43708343410354,7.43708343410354,0.00664890258361721,0,0,NaN,NaN
687,NonStim,0,3,-0.0909,NaN,27,Right,0.627366666666148,0.640366666666523,NaN,14.0000000028522,NaN,0,0,NaN,8.00357359330519,8.00357359330519,0,0,0,NaN,NaN
687,NonStim,0,3,-0.0909,NaN,28,Right,0.642366666666476,0.648366666666334,NaN,7.00000000142609,NaN,0.0358756045380529,0.0358756045380529,NaN,8.00356704872035,8.00356704872035,-0.013297813011619,0.0333200715797367,111.756604539346,NaN,NaN
687,NonStim,0,3,-0.0909,NaN,29,Right,0.650366666666287,0.656366666666145,NaN,7.00000000142609,NaN,0.0426327831233258,0.0426327831233258,NaN,10.4609519968405,10.4609519968405,0.0265956204432564,-0.0333200715797367,308.596383510368,NaN,NaN
687,NonStim,0,3,-0.0909,NaN,30,Right,0.668366666666316,0.67736666666633,NaN,10.0000000020373,NaN,0.0132978118852361,0.0132978118852361,NaN,6.74103308579203,6.74103308579203,-0.0132978118852361,0,180,NaN,NaN
687,NonStim,0,3,-0.0909,NaN,31,Right,0.680366666666487,0.689366666666501,NaN,10.0000000020373,NaN,0.0199467166696857,0.0199467166696857,NaN,7.10192797524242,7.10192797524242,0.0199467166696857,0,0,NaN,NaN
687,NonStim,0,3,-0.0909,NaN,32,Right,0.694366666666156,0.706366666666327,NaN,13.0000000026484,NaN,0.00664890377357073,0.00664890377357073,NaN,9.5400002361703,9.5400002361703,0.00664890377357073,0,0,NaN,NaN
687,NonStim,0,3,-0.0909,NaN,33,Right,0.713366666666388,0.72036666666645,NaN,8.00000000162981,NaN,0.038834246174987,0.038834246174987,NaN,7.84472016161453,7.84472016161453,-0.0199467166696857,0.0333200715797367,120.906412473003,NaN,NaN
687,NonStim,0,3,-0.0909,NaN,34,Right,0.726366666666308,0.73336666666637,NaN,8.00000000162981,NaN,0.0426327831233258,0.0426327831233258,NaN,8.00356670374987,8.00356670374987,0.0265956204432564,-0.0333200715797367,308.596383510368,NaN,NaN
687,NonStim,0,3,-0.0909,NaN,35,Right,0.748366666666243,0.760366666666414,NaN,13.0000000026484,NaN,0.0484130786869658,0.0484130786869658,NaN,8.9345125633559,8.9345125633559,0.0465423467534537,0.0133280211071119,15.9797705621102,NaN,NaN
687,NonStim,0,3,-0.0909,NaN,36,Right,0.779366666666192,0.786366666666254,NaN,8.00000000162981,NaN,0.0358756041205427,0.0358756041205427,NaN,8.00356477734452,8.00356477734452,0.0132978118852361,-0.0333200715797367,291.756602868578,NaN,NaN
687,NonStim,0,3,-0.0909,NaN,37,Right,0.810366666666596,0.817366666666203,NaN,8.00000000162981,NaN,0.0339769792061129,0.0339769792061129,NaN,8.00356433319711,8.00356433319711,-0.00664890561625356,0.0333200715797367,101.284949260413,NaN,NaN
687,NonStim,0,3,-0.0909,NaN,38,Right,0.826366666666217,0.833366666666279,NaN,8.00000000162981,NaN,0.0426327831233258,0.0426327831233258,NaN,8.00356670374987,8.00356670374987,0.0265956204432564,-0.0333200715797367,308.596383510368,NaN,NaN
687,NonStim,0,3,-0.0909,NaN,39,Right,0.835366666666232,0.842366666666294,NaN,8.00000000162981,NaN,0.0333200715797367,0.0333200715797367,NaN,7.02289559477082,7.02289559477082,0,0.0333200715797367,90,NaN,NaN
687,NonStim,0,3,-0.0909,NaN,40,Right,0.848366666666152,0.855366666666214,NaN,8.00000000162981,NaN,0.051978007505023,0.051978007505023,NaN,11.9948732245797,11.9948732245797,0.0398934342231081,-0.0333200715797367,320.130457780502,NaN,NaN
687,NonStim,0,3,-0.0909,NaN,41,Right,0.869366666666338,0.886366666666163,NaN,18.0000000036671,NaN,0.0199467166696857,0.0199467166696857,NaN,7.84471808868717,7.84471808868717,0.0199467166696857,0,0,NaN,NaN
687,NonStim,0,3,-0.0909,NaN,42,Right,0.926366666666581,0.933366666666188,NaN,8.00000000162981,NaN,0.0426328275304606,0.0426328275304606,NaN,7.44722934458211,7.44722934458211,0.0265956281255811,-0.0333201222663994,308.596349084544,NaN,NaN
688,Stim,1,3,-0.0909,-0.0579333333334944,1,Right,0.158866666666654,0.163866666666763,0.216800000000148,6.00000000122236,NaN,0.0628282869679731,0.0628282869679731,NaN,13.9094410775619,13.9094410775619,-0.0332445347778925,0.0533122364071465,121.946909746088,NaN,NaN
689,Stim,1,1,0.4545,-0.0500000000001819,1,Right,0.309733333333043,0.315733333332901,0.359733333333224,7.00000000142609,NaN,0.0405332312105848,0.0405332312105848,NaN,7.0229124868162,7.0229124868162,-0.00664890173503689,0.0399841835991251,99.4412277609191,NaN,NaN
689,Stim,1,1,0.4545,-0.0500000000001819,2,Left,0.425733333333028,0.434733333333043,0.47573333333321,10.0000000020373,0.0533122471584279,NaN,0.0533122471584279,9.41367424588072,NaN,9.41367424588072,0,0.0533122471584279,90,NaN,NaN
689,Stim,1,1,0.4545,-0.0500000000001819,3,Merged,0.660733333333155,0.677733333332981,0.710733333333337,18.0000000036671,0.121599224391917,0.105343670040896,0.113471447216407,11.5935603113997,11.1067186676305,11.5935603113997,-0.0265956162616009,-0.00999581266857142,200.598447820572,7.00000000142609,152.162806763994
689,Stim,1,1,0.4545,-0.0500000000001819,4,Left,0.831733333332977,0.839733333332788,0.881733333333159,9.00000000183354,0.0603435786438604,NaN,0.0603435786438604,12.41203436744,NaN,12.41203436744,-0.00664890456780454,0.0599761581930353,96.3259298223426,NaN,NaN
690,Stim,1,1,-0.0909,-0.0559666666663361,1,Right,0.299600000000282,0.307600000000093,0.355566666666618,9.00000000183354,NaN,0.113843131708488,0.113843131708488,NaN,17.3768729726586,17.3768729726586,0.0398934256313201,-0.106624449487884,290.513283301481,NaN,NaN
690,Stim,1,1,-0.0909,-0.0559666666663361,2,Right,0.313600000000406,0.320600000000468,0.369566666666742,8.00000000162981,NaN,0.092792080327434,0.092792080327434,NaN,16.9112975470372,16.9112975470372,-0.0332445348740841,0.0866323904350952,110.993933366932,NaN,NaN
691,Stim,1,2,-0,-0.0549333333333379,1,Merged,0.331266666667034,0.340266666667048,0.386200000000372,10.0000000020373,0.127898427782794,0.160980873004682,0.144439650393738,17.3331095986275,24.37035462943,24.37035462943,0.0731379656761405,-0.123284393219456,300.678364992217,0,14.201385319527
693,Stim,1,1,-1,-0.0518000000001848,1,Right,0.00199999999995271,0.012000000000171,0.0538000000001375,11.000000002241,NaN,0.0358166985053659,0.0358166985053659,NaN,11.0905910603041,11.0905910603041,0.0332445305864444,-0.0133280560439715,338.153670009324,NaN,NaN
693,Stim,1,1,-1,-0.0518000000001848,2,Right,0.0219999999999345,0.0399999999999636,0.0738000000001193,19.0000000038708,NaN,0.01329781048179,0.01329781048179,NaN,9.15761277922773,9.15761277922773,0.01329781048179,0,0,NaN,NaN
693,Stim,1,1,-1,-0.0518000000001848,3,Right,0.0520000000001346,0.0590000000001965,0.103800000000319,8.00000000162981,NaN,0.0388343124038105,0.0388343124038105,NaN,9.54000745875854,9.54000745875854,0.0199467201046544,0.033320146712512,59.0936401154737,NaN,NaN
693,Stim,1,1,-1,-0.0518000000001848,4,Right,0.0850000000000364,0.0920000000000982,0.136800000000221,8.00000000162981,NaN,0.033320146712512,0.033320146712512,NaN,6.75553791160018,6.75553791160018,0,-0.033320146712512,270,NaN,NaN
693,Stim,1,1,-1,-0.0518000000001848,5,Right,0.0990000000001601,0.106000000000222,0.150800000000345,8.00000000162981,NaN,0.033320146712512,0.033320146712512,NaN,7.44723335448447,7.44723335448447,0,0.033320146712512,90,NaN,NaN
693,Stim,1,1,-1,-0.0518000000001848,6,Right,0.117999999999938,0.125,0.169800000000123,8.00000000162981,NaN,0.0426328474748481,0.0426328474748481,NaN,8.66655973997088,8.66655973997088,-0.0265956169551634,0.0333201567011304,128.596308481893,NaN,NaN
693,Stim,1,1,-1,-0.0518000000001848,7,Right,0.130000000000109,0.137000000000171,0.181800000000294,8.00000000162981,NaN,0.0388343202577877,0.0388343202577877,NaN,7.44723470747307,7.44723470747307,0.0199467187100168,-0.0333201567011304,300.906350549541,NaN,NaN
693,Stim,1,1,-1,-0.0518000000001848,8,Right,0.157000000000153,0.16800000000012,0.208800000000338,12.0000000024447,NaN,0.0376546924650101,0.0376546924650101,NaN,7.01015749912528,7.01015749912528,0.0265956169551634,0.026656125438794,45.0651035832607,NaN,NaN
693,Stim,1,1,-1,-0.0518000000001848,9,Right,0.175999999999931,0.182000000000244,0.227800000000116,7.00000000142609,NaN,0.0339770505995834,0.0339770505995834,NaN,7.02291130963998,7.02291130963998,-0.00664890676124319,0.0333201441522534,101.284927205597,NaN,NaN
693,Stim,1,1,-1,-0.0518000000001848,10,Right,0.184000000000196,0.190000000000055,0.235800000000381,7.00000000142609,NaN,0.0470683580821372,0.0470683580821372,NaN,9.41367173533181,9.41367173533181,0.0332445232515273,-0.0333201441522534,314.934909062726,NaN,NaN
693,Stim,1,1,-1,-0.0518000000001848,11,Right,0.199000000000069,0.210000000000036,0.250800000000254,12.0000000024447,NaN,0.0132978119487736,0.0132978119487736,NaN,8.44240836318127,8.44240836318127,0.0132978119487736,0,0,NaN,NaN
693,Stim,1,1,-1,-0.0518000000001848,12,Right,0.217000000000098,0.235000000000127,0.268800000000283,19.0000000038708,NaN,0.0332445232515273,0.0332445232515273,NaN,7.84472502644724,7.84472502644724,-0.0332445232515273,0,180,NaN,NaN
693,Stim,1,1,-1,-0.0518000000001848,13,Right,0.248000000000047,0.255000000000109,0.299800000000232,8.00000000162981,NaN,0.0426328445843689,0.0426328445843689,NaN,9.41367301883395,9.41367301883395,-0.0265956280434962,0.0333201441522534,128.596330649514,NaN,NaN
693,Stim,1,1,-1,-0.0518000000001848,14,Right,0.2800000000002,0.286999999999807,0.331800000000385,8.00000000162981,NaN,0.0339770505995834,0.0339770505995834,NaN,7.02291130963998,7.02291130963998,0.00664890676124319,-0.0333201441522534,281.284927205597,NaN,NaN
693,Stim,1,1,-1,-0.0518000000001848,15,Right,0.289000000000215,0.295999999999822,0.340800000000399,8.00000000162981,NaN,0.033977050508612,0.033977050508612,NaN,7.02291035671755,7.02291035671755,-0.00664890629636396,0.0333201441522534,101.284926436824,NaN,NaN
693,Stim,1,1,-1,-0.0518000000001848,16,Right,0.311999999999898,0.317000000000007,0.363800000000083,6.00000000122236,NaN,0.0199920710923093,0.0199920710923093,NaN,5.55335336405759,5.55335336405759,0,0.0199920710923093,90,NaN,NaN
693,Stim,1,1,-1,-0.0518000000001848,17,Right,0.333000000000084,0.340000000000146,0.384800000000268,8.00000000162981,NaN,0.0426328143525024,0.0426328143525024,NaN,7.44722687196903,7.44722687196903,0.0265956235393971,-0.0333201090659319,308.596355334474,NaN,NaN
693,Stim,1,1,-1,-0.0518000000001848,18,Right,0.342999999999847,0.349999999999909,0.394800000000032,8.00000000162981,NaN,0.0358756389600317,0.0358756389600317,NaN,6.75553097942679,6.75553097942679,-0.0132978119487736,0.0333201090659319,111.756580771903,NaN,NaN
693,Stim,1,1,-1,-0.0518000000001848,19,Right,0.356999999999971,0.362999999999829,0.408800000000156,7.00000000142609,NaN,0.0297483330520642,0.0297483330520642,NaN,7.01015584685676,7.01015584685676,0.0265956169551634,-0.013328033544029,333.382880652827,NaN,NaN
693,Stim,1,1,-1,-0.0518000000001848,20,Right,0.371000000000095,0.380000000000109,0.422800000000279,10.0000000020373,NaN,0.02659562060543,0.02659562060543,NaN,7.99658129179374,7.99658129179374,-0.02659562060543,0,180,NaN,NaN
693,Stim,1,1,-1,-0.0518000000001848,21,Right,0.385000000000218,0.396000000000186,0.436800000000403,12.0000000024447,NaN,0,0,NaN,8.00357115588243,8.00357115588243,0,0,0,NaN,NaN
693,Stim,1,1,-1,-0.0518000000001848,22,Right,0.434000000000196,0.438999999999851,0.485800000000381,6.00000000122236,NaN,0.042611560940155,0.042611560940155,NaN,9.41366577422639,9.41366577422639,0.0332445232515273,-0.0266560837246435,321.276705697279,NaN,NaN
693,Stim,1,1,-1,-0.0518000000001848,23,Right,0.440999999999804,0.445999999999913,0.492799999999988,6.00000000122236,NaN,0.042611560940155,0.042611560940155,NaN,9.41366577422639,9.41366577422639,-0.0332445232515273,0.0266560837246435,141.276705697279,NaN,NaN
693,Stim,1,1,-1,-0.0518000000001848,24,Right,0.452000000000226,0.46100000000024,0.50380000000041,10.0000000020373,NaN,0.0265956169551634,0.0265956169551634,NaN,7.43708265886337,7.43708265886337,0.0265956169551634,0,0,NaN,NaN
693,Stim,1,1,-1,-0.0518000000001848,25,Right,0.467000000000098,0.487999999999829,0.518800000000283,22.000000004482,NaN,0.0133280287538402,0.0133280287538402,NaN,9.41365729668468,9.41365729668468,0,0.0133280287538402,90,NaN,NaN
693,Stim,1,1,-1,-0.0518000000001848,26,Right,0.496000000000095,0.505000000000109,0.547800000000279,10.0000000020373,NaN,0.00666400459678838,0.00666400459678838,NaN,6.75551733708941,6.75551733708941,0,0.00666400459678838,90,NaN,NaN
693,Stim,1,1,-1,-0.0518000000001848,27,Right,0.548000000000229,0.554000000000087,0.599800000000414,7.00000000142609,NaN,0.0339768808542278,0.0339768808542278,NaN,8.66653039144867,8.66653039144867,-0.00664890565240963,0.0333199712816165,101.284982417868,NaN,NaN
693,Stim,1,1,-1,-0.0518000000001848,28,Right,0.55600000000004,0.561999999999898,0.607800000000225,7.00000000142609,NaN,0.042632702558406,0.042632702558406,NaN,9.41364562832082,9.41364562832082,0.0265956169551634,-0.0333199712816165,308.596463935547,NaN,NaN
693,Stim,1,1,-1,-0.0518000000001848,29,Right,0.577000000000226,0.588000000000193,0.62880000000041,12.0000000024447,NaN,0.027417804300381,0.027417804300381,NaN,7.43708113720193,7.43708113720193,0.0265956206054301,-0.00666400459678838,345.93314489834,NaN,NaN
693,Stim,1,1,-1,-0.0518000000001848,30,Right,0.590000000000146,0.599999999999909,0.64180000000033,11.000000002241,NaN,0.0480212991106096,0.0480212991106096,NaN,7.84470918280589,7.84470918280589,-0.0265956169551634,0.0399839758784049,123.630138431108,NaN,NaN
693,Stim,1,1,-1,-0.0518000000001848,31,Right,0.702000000000226,0.71100000000024,0.75380000000041,10.0000000020373,NaN,0.0265956169551634,0.0265956169551634,NaN,7.43706966334451,7.43706966334451,0.0265956169551634,0,0,NaN,NaN
693,Stim,1,1,-1,-0.0518000000001848,32,Right,0.719000000000051,0.730000000000018,0.770800000000236,12.0000000024447,NaN,0.0132978064733734,0.0132978064733734,NaN,8.66649852360318,8.66649852360318,-0.0132978064733734,0,180,NaN,NaN
693,Stim,1,1,-1,-0.0518000000001848,33,Right,0.740000000000236,0.746999999999844,0.791800000000421,8.00000000162981,NaN,0.0358752972662416,0.0358752972662416,NaN,7.02283695125715,7.02283695125715,-0.0132978064733734,0.0333197433504208,111.756789146734,NaN,NaN
693,Stim,1,1,-1,-0.0518000000001848,34,Right,0.753999999999905,0.760999999999967,0.80580000000009,8.00000000162981,NaN,0.0426325108398216,0.0426325108398216,NaN,8.6664964067203,8.6664964067203,0.0265955951911137,-0.0333197433504208,308.596632171664,NaN,NaN
693,Stim,1,1,-1,-0.0518000000001848,35,Right,0.786000000000058,0.802000000000135,0.837800000000243,17.0000000034634,NaN,0.0358752972662416,0.0358752972662416,NaN,6.75546050581828,6.75546050581828,0.0132978064733734,0.0333197433504208,68.2432108532664,NaN,NaN
693,Stim,1,1,-1,-0.0518000000001848,36,Right,0.822999999999865,0.829999999999927,0.87480000000005,8.00000000162981,NaN,0.0339766574559026,0.0339766574559026,NaN,6.66395147388142,6.66395147388142,-0.00664890629636396,-0.0333197433504208,258.714941300832,NaN,NaN
693,Stim,1,1,-1,-0.0518000000001848,37,Right,0.840000000000146,0.847000000000207,0.89180000000033,8.00000000162981,NaN,0.0470680743515098,0.0470680743515098,NaN,9.41361658459321,9.41361658459321,-0.0332445232515273,0.0333197433504208,134.935253664066,NaN,NaN
693,Stim,1,1,-1,-0.0518000000001848,38,Right,0.875,0.885999999999967,0.926800000000185,12.0000000024447,NaN,0.0358752992957948,0.0358752992957948,NaN,5.54878539071488,5.54878539071488,0.0132978119487736,-0.0333197433504208,291.756797268474,NaN,NaN
693,Stim,1,1,-1,-0.0518000000001848,39,Right,0.893000000000029,0.900000000000091,0.944800000000214,8.00000000162981,NaN,0.0358752992957948,0.0358752992957948,NaN,6.75546060561522,6.75546060561522,-0.0132978119487736,0.0333197433504208,111.756797268474,NaN,NaN
693,Stim,1,1,-1,-0.0518000000001848,40,Right,0.903999999999996,0.911000000000058,0.955800000000181,8.00000000162981,NaN,0.0426325266941321,0.0426325266941321,NaN,8.66649945782619,8.66649945782619,0.0265956206054301,-0.0333197433504208,308.596658866099,NaN,NaN
693,Stim,1,1,-1,-0.0518000000001848,41,Right,0.916000000000167,0.920999999999822,0.967800000000352,6.00000000122236,NaN,0.0332926927951068,0.0332926927951068,NaN,9.41361658459321,9.41361658459321,-0.0199467143090661,0.0266558057807648,126.807749869957,NaN,NaN
693,Stim,1,1,-1,-0.0518000000001848,42,Right,0.923000000000229,0.927999999999884,0.974800000000414,6.00000000122236,NaN,0.0266558057807648,0.0266558057807648,NaN,6.66395147388142,6.66395147388142,0,-0.0266558057807648,270,NaN,NaN
693,Stim,1,1,-1,-0.0518000000001848,43,Right,0.945000000000164,0.952000000000226,0.996800000000349,8.00000000162981,NaN,0.0339766575603316,0.0339766575603316,NaN,6.66395147388143,6.66395147388143,-0.0066489068300081,0.0333197433504208,101.285059581668,NaN,NaN
693,Stim,1,1,-1,-0.0518000000001848,44,Right,0.963000000000193,0.969000000000051,1.01480000000038,7.00000000142609,NaN,0.0266558057807648,0.0266558057807648,NaN,6.66395147388142,6.66395147388142,0,-0.0266558057807648,270,NaN,NaN
694,Stim,1,4,0.3636,-0.0561000000002423,1,Right,0.729299999999967,0.738299999999981,0.785400000000209,10.0000000020373,NaN,0.119155715389688,0.119155715389688,NaN,16.0071570456734,16.0071570456734,0.0531912321143482,-0.106624468749842,296.513010098243,NaN,NaN
700,NonStim,0,2,-0.0909,NaN,1,Right,0.341999999999643,0.346999999999753,NaN,6.00000000122236,NaN,0.0421374724292126,0.0421374724292126,NaN,10.4713814938844,10.4713814938844,-0.0132978120025498,0.0399841816055736,108.395929498015,NaN,NaN
700,NonStim,0,2,-0.0909,NaN,2,Left,0.371000000000095,0.375999999999749,NaN,6.00000000122236,0.0446833692859234,NaN,0.0446833692859234,11.0976419745961,NaN,11.0976419745961,-0.019946718799049,0.039984145606651,116.513035122337,NaN,NaN
700,NonStim,0,2,-0.0909,NaN,3,Left,0.539999999999964,0.545000000000073,NaN,6.00000000122236,0.0519993616728662,NaN,0.0519993616728662,11.0976498207462,NaN,11.0976498207462,-0.0332445331613,0.0399841797374008,129.741563969797,NaN,NaN
700,NonStim,0,2,-0.0909,NaN,4,Merged,0.588999999999942,0.596000000000004,NaN,8.00000000162981,0.0628282646833583,0.0572821785556922,0.0600552216195252,11.0976463578131,9.41366646647714,11.0976463578131,-0.0332445338191435,0.0499801752657904,123.630039874503,1.00000000020373,3.52925266461523
701,Stim,1,3,1,-0.0500000000001819,1,Left,0.53229999999985,0.539299999999912,0.582300000000032,8.00000000162981,0.107270378720507,NaN,0.107270378720507,18.4555711650851,NaN,18.4555711650851,0.0930846746594573,0.0533120764403706,29.8009180035751,NaN,NaN
701,Stim,1,3,1,-0.0500000000001819,2,Right,0.893300000000181,0.898299999999836,0.943300000000363,6.00000000122236,NaN,0.0564820394434708,0.0564820394434708,NaN,12.5515651305416,12.5515651305416,0.0398934353855565,-0.0399841792817138,314.934909923746,NaN,NaN
702,NonStim,0,1,-1,NaN,1,Right,0.317766666666103,0.322766666666212,NaN,6.00000000122236,NaN,0.0470683617769462,0.0470683617769462,NaN,9.54703856194067,9.54703856194067,0.0332445204087066,-0.0333201522079444,314.934899686903,NaN,NaN
702,NonStim,0,1,-1,NaN,2,Left,0.76376666666647,0.768766666666124,NaN,6.00000000122236,0.0399841822900154,NaN,0.0399841822900154,9.15761287991718,NaN,9.15761287991718,4.5102810375397e-17,0.0399841822900154,89.9999999999999,NaN,NaN
702,NonStim,0,1,-1,NaN,3,Right,0.786766666666153,0.793766666666215,NaN,8.00000000162981,NaN,0.0658956700413112,0.0658956700413112,NaN,11.0905841306763,11.0905841306763,0.0465422887853344,-0.0466482013031145,314.934882436525,NaN,NaN
704,Stim,1,3,-0.3636,-0.0568666666667923,1,Left,0.69380000000001,0.698799999999665,0.750666666666802,6.00000000122236,0.035875678236252,NaN,0.035875678236252,7.44723450872207,NaN,7.44723450872207,0.013297813466417,-0.0333201507488106,291.756558347821,NaN,NaN
704,Stim,1,3,-0.3636,-0.0568666666667923,2,Left,0.860799999999927,0.868799999999737,0.917666666666719,9.00000000183354,0.0533122459544107,NaN,0.0533122459544107,9.41367489314586,NaN,9.41367489314586,4.85722573273506e-17,-0.0533122459544107,270,NaN,NaN
705,Stim,1,3,-1,-0.0704333333333125,1,Left,0.0972666666666555,0.102266666666765,0.167699999999968,6.00000000122236,0.0594966704149765,NaN,0.0594966704149765,13.8923347243664,NaN,13.8923347243664,0.0531912220848032,-0.026656100307312,333.382846950588,NaN,NaN
705,Stim,1,3,-1,-0.0704333333333125,2,Merged,0.380266666667012,0.400266666666994,0.450700000000325,21.0000000042783,0.113376900059826,0.101717604190286,0.107547252125056,20.7456883019659,20.3962911691069,20.7456883019659,-0.0864357502962337,-0.0333201360607798,201.08116307608,-4.00000000081491,61.1628260160861
706,Stim,1,3,-0.6363,-0.0560333333332892,1,Right,0.676266666666834,0.681266666666943,0.732300000000123,6.00000000122236,NaN,0.0405330024818122,0.0405330024818122,NaN,9.54700885065883,9.54700885065883,-0.0066489069291193,-0.0399839508657975,260.558711031525,NaN,NaN
709,Stim,1,2,0.1818,-0.0537666666664336,1,Left,0.0278000000002976,0.0328000000004067,0.0815666666667312,6.00000000122236,0.0332929518376898,NaN,0.0332929518376898,8.00358027318308,NaN,8.00358027318308,0.0199467192385436,0.0266561256315588,53.1925731298551,NaN,NaN
709,Stim,1,2,0.1818,-0.0537666666664336,2,Left,0.0348000000003594,0.0398000000000138,0.088566666666793,6.00000000122236,0.0274728411338794,NaN,0.0274728411338794,7.44723478753528,NaN,7.44723478753528,0.00664890714944388,-0.0266561256315588,284.00564295551,NaN,NaN
709,Stim,1,2,0.1818,-0.0537666666664336,3,Left,0.0498000000002321,0.0608000000001994,0.103566666666666,12.0000000024447,0.0132978139801339,NaN,0.0132978139801339,6.75553950720757,NaN,6.75553950720757,0.0132978139801339,0,0,NaN,NaN
709,Stim,1,2,0.1818,-0.0537666666664336,4,Left,0.139800000000378,0.152800000000298,0.193566666666811,14.0000000028522,0.00941367508817074,NaN,0.00941367508817074,4.96482247441237,NaN,4.96482247441237,-0.00664890714944388,0.00666403124120232,134.934909467128,NaN,NaN
709,Stim,1,2,0.1818,-0.0537666666664336,5,Left,0.169800000000123,0.18080000000009,0.223566666666557,12.0000000024447,0.0148741779100872,NaN,0.0148741779100872,8.45564898242576,NaN,8.45564898242576,-0.0132978141663721,0.00666403082957735,153.382842059258,NaN,NaN
709,Stim,1,2,0.1818,-0.0537666666664336,6,Left,0.191800000000057,0.196800000000167,0.245566666666491,6.00000000122236,0.0332929528161642,NaN,0.0332929528161642,7.84472924296516,NaN,7.84472924296516,-0.0199467208717094,0.0266561256315588,126.80742912047,NaN,NaN
709,Stim,1,2,0.1818,-0.0537666666664336,7,Left,0.198800000000119,0.203800000000228,0.252566666666553,6.00000000122236,0.0266561256315588,NaN,0.0266561256315588,6.66403143658208,NaN,6.66403143658208,0,-0.0266561256315588,270,NaN,NaN
709,Stim,1,2,0.1818,-0.0537666666664336,8,Left,0.209800000000087,0.216800000000148,0.26356666666652,8.00000000162981,0.0388343213810936,NaN,0.0388343213810936,7.44723473823933,NaN,7.44723473823933,0.0199467208717094,0.0333201567162607,59.0936467254452,NaN,NaN
709,Stim,1,2,0.1818,-0.0537666666664336,9,Left,0.226800000000367,0.233800000000429,0.2805666666668,8.00000000162981,0.0333201567162607,NaN,0.0333201567162607,6.66403143658208,NaN,6.66403143658208,0,-0.0333201567162607,270,NaN,NaN
709,Stim,1,2,0.1818,-0.0537666666664336,10,Left,0.237800000000334,0.244800000000396,0.291566666666768,8.00000000162981,0.0339770629966467,NaN,0.0339770629966467,7.02291330142272,NaN,7.02291330142272,-0.00664890714944388,0.0333201567162607,101.284923701564,NaN,NaN
709,Stim,1,2,0.1818,-0.0537666666664336,11,Left,0.252800000000207,0.259800000000268,0.30656666666664,8.00000000162981,0.0333201567162607,NaN,0.0333201567162607,6.66403143658208,NaN,6.66403143658208,0,-0.0333201567162607,270,NaN,NaN
709,Stim,1,2,0.1818,-0.0537666666664336,12,Left,0.267800000000079,0.273800000000392,0.321566666666513,7.00000000142609,0.0333201567162607,NaN,0.0333201567162607,6.66403143658208,NaN,6.66403143658208,0,0.0333201567162607,90,NaN,NaN
709,Stim,1,2,0.1818,-0.0537666666664336,13,Left,0.275800000000345,0.284800000000359,0.329566666666778,10.0000000020373,0.0210687395272802,NaN,0.0210687395272802,7.02291319309078,NaN,7.02291319309078,0.00664890687724957,-0.0199920940025311,288.395929012401,NaN,NaN
709,Stim,1,2,0.1818,-0.0537666666664336,14,Left,0.307800000000043,0.316800000000057,0.361566666666477,10.0000000020373,0,NaN,0,4.44268757033811,NaN,4.44268757033811,0,0,0,NaN,NaN
709,Stim,1,2,0.1818,-0.0537666666664336,15,Left,0.336800000000039,0.341800000000148,0.390566666666473,6.00000000122236,0.0148944677344437,NaN,0.0148944677344437,7.01015875099474,NaN,7.01015875099474,-0.00664890647253959,-0.0133280610672298,243.486985687426,NaN,NaN
709,Stim,1,2,0.1818,-0.0537666666664336,16,Left,0.367800000000443,0.372800000000097,0.421566666666877,6.00000000122236,0.0297889377364612,NaN,0.0297889377364612,7.44723443110939,NaN,7.44723443110939,-0.0132978110146488,0.0266561256315588,116.513007987461,NaN,NaN
709,Stim,1,2,0.1818,-0.0537666666664336,17,Left,0.37480000000005,0.379800000000159,0.428566666666484,6.00000000122236,0.0274728404161805,NaN,0.0274728404161805,6.75553942740616,NaN,6.75553942740616,0.00664890418395928,-0.0266561256315588,284.005636954723,NaN,NaN
709,Stim,1,2,0.1818,-0.0537666666664336,18,Left,0.411800000000312,0.424800000000232,0.465566666666746,14.0000000028522,0.0265956092934803,NaN,0.0265956092934803,8.66655834907052,NaN,8.66655834907052,-0.0265956092934803,0,180,NaN,NaN
709,Stim,1,2,0.1818,-0.0537666666664336,19,Left,0.426800000000185,0.433800000000247,0.480566666666618,8.00000000162981,0.0388343064589376,NaN,0.0388343064589376,7.8447264007202,NaN,7.8447264007202,0.019946709009774,-0.03332014642564,300.906346056946,NaN,NaN
709,Stim,1,2,0.1818,-0.0537666666664336,20,Left,0.438800000000356,0.445800000000418,0.492566666666789,8.00000000162981,0.057240029295436,NaN,0.057240029295436,11.0905897974335,NaN,11.0905897974335,-0.0465423333742119,0.03332014642564,144.400725631018,NaN,NaN
709,Stim,1,2,0.1818,-0.0537666666664336,21,Left,0.457800000000134,0.465800000000399,0.511566666666567,9.00000000183354,0.03332014642564,NaN,0.03332014642564,5.55335798537922,NaN,5.55335798537922,0,-0.03332014642564,270,NaN,NaN
709,Stim,1,2,0.1818,-0.0537666666664336,22,Left,0.467800000000352,0.47380000000021,0.521566666666786,7.00000000142609,0.03332014642564,NaN,0.03332014642564,6.66402979008251,NaN,6.66402979008251,0,0.03332014642564,90,NaN,NaN
709,Stim,1,2,0.1818,-0.0537666666664336,23,Left,0.477800000000116,0.482800000000225,0.531566666666549,6.00000000122236,0.0266561256315588,NaN,0.0266561256315588,6.66403143658208,NaN,6.66403143658208,0,0.0266561256315588,90,NaN,NaN
709,Stim,1,2,0.1818,-0.0537666666664336,24,Left,0.484800000000178,0.489800000000287,0.538566666666611,6.00000000122236,0.033292950788405,NaN,0.033292950788405,8.00357996639619,NaN,8.00357996639619,0.0199467174871884,-0.0266561256315588,306.807424456967,NaN,NaN
709,Stim,1,2,0.1818,-0.0537666666664336,25,Left,0.517800000000079,0.524800000000141,0.571566666666513,8.00000000162981,0.0339770626006622,NaN,0.0339770626006622,7.02291308855773,NaN,7.02291308855773,-0.00664890512589436,0.0333201567162607,101.28492035521,NaN,NaN
709,Stim,1,2,0.1818,-0.0537666666664336,26,Left,0.530799999999999,0.536800000000312,0.584566666666433,7.00000000142609,0.0388343196426805,NaN,0.0388343196426805,8.66656091989702,NaN,8.66656091989702,0.0199467174871884,-0.0333201567162607,300.906348990101,NaN,NaN
709,Stim,1,2,0.1818,-0.0537666666664336,27,Left,0.538800000000265,0.552800000000389,0.592566666666698,15.0000000030559,0.0426328533421003,NaN,0.0426328533421003,9.4136748481892,NaN,9.4136748481892,-0.026595626341428,0.0333201567162607,128.596318328227,NaN,NaN
709,Stim,1,2,0.1818,-0.0537666666664336,28,Left,0.573800000000119,0.580800000000181,0.627566666666553,8.00000000162981,0.0339770505905663,NaN,0.0339770505905663,7.02291029950801,NaN,7.02291029950801,0.00664890512589436,0.033320144469386,78.715075603439,NaN,NaN
709,Stim,1,2,0.1818,-0.0537666666664336,29,Left,0.602800000000116,0.608800000000429,0.656566666666549,7.00000000142609,0.0426115862105045,NaN,0.0426115862105045,8.66300970302033,NaN,8.66300970302033,0.0332445314673223,-0.0266561138745593,321.276680979698,NaN,NaN
709,Stim,1,2,0.1818,-0.0537666666664336,30,Left,0.626800000000003,0.644800000000032,0.680566666666437,19.0000000038708,0.0132978123612941,NaN,0.0132978123612941,8.66655929177228,NaN,8.66655929177228,-0.0132978123612941,0,180,NaN,NaN
709,Stim,1,2,0.1818,-0.0537666666664336,31,Left,0.656800000000203,0.673800000000028,0.710566666666637,18.0000000036671,0.0426328153510777,NaN,0.0426328153510777,9.54703315338615,NaN,9.54703315338615,-0.026595624364438,0.0333201096850655,128.596355681995,NaN,NaN
709,Stim,1,2,0.1818,-0.0537666666664336,32,Left,0.714800000000196,0.722800000000007,0.768566666666629,9.00000000183354,0.0266560842441104,NaN,0.0266560842441104,6.66402293184,NaN,6.66402293184,0,-0.0266560842441104,270,NaN,NaN
709,Stim,1,2,0.1818,-0.0537666666664336,33,Left,0.752800000000207,0.761800000000221,0.80656666666664,10.0000000020373,0.033320144469386,NaN,0.033320144469386,5.55335767237854,NaN,5.55335767237854,0,-0.033320144469386,270,NaN,NaN
709,Stim,1,2,0.1818,-0.0537666666664336,34,Left,0.76680000000033,0.775800000000345,0.820566666666764,10.0000000020373,0.0666402541544515,NaN,0.0666402541544515,11.1067099249749,NaN,11.1067099249749,0,0.0666402541544515,90,NaN,NaN
709,Stim,1,2,0.1818,-0.0537666666664336,35,Left,0.777800000000298,0.783800000000156,0.831566666666731,7.00000000142609,0.0333201096850655,NaN,0.0333201096850655,6.75552930177313,NaN,6.75552930177313,0,-0.0333201096850655,270,NaN,NaN
709,Stim,1,2,0.1818,-0.0537666666664336,36,Left,0.79280000000017,0.80580000000009,0.846566666666604,14.0000000028522,0.0148741761192128,NaN,0.0148741761192128,7.44722720875882,NaN,7.44722720875882,-0.0132978141663721,-0.00666402683232838,206.617144175045,NaN,NaN
709,Stim,1,2,0.1818,-0.0537666666664336,37,Left,0.837800000000243,0.843800000000101,0.891566666666677,7.00000000142609,0.0388343108731782,NaN,0.0388343108731782,8.66655920934133,NaN,8.66655920934133,-0.0199467208717094,-0.033320144469386,239.093637444588,NaN,NaN
709,Stim,1,2,0.1818,-0.0537666666664336,38,Left,0.860800000000381,0.867800000000443,0.914566666666815,8.00000000162981,0.0339770509865509,NaN,0.0339770509865509,7.02291140493027,NaN,7.02291140493027,-0.00664890714944388,0.033320144469386,101.284927742916,NaN,NaN
709,Stim,1,2,0.1818,-0.0537666666664336,39,Left,0.87480000000005,0.881800000000112,0.928566666666484,8.00000000162981,0.0339770509774398,NaN,0.0339770509774398,6.75553660777163,NaN,6.75553660777163,0.00664890710288436,-0.033320144469386,281.28492766592,NaN,NaN
709,Stim,1,2,0.1818,-0.0537666666664336,40,Left,0.89180000000033,0.901800000000094,0.945566666666764,11.000000002241,0.0399841755540879,NaN,0.0399841755540879,8.00357773462903,NaN,8.00357773462903,0,0.0399841755540879,90,NaN,NaN
709,Stim,1,2,0.1818,-0.0537666666664336,41,Left,0.90480000000025,0.911800000000312,0.958566666666684,8.00000000162981,0.033320144469386,NaN,0.033320144469386,6.75553660542164,NaN,6.75553660542164,0,-0.033320144469386,270,NaN,NaN
710,Stim,1,1,-0.1818,-0.0539333333331342,1,Right,0.572300000000268,0.579299999999876,0.626233333333403,8.00000000162981,NaN,0.13733527495756,0.13733527495756,NaN,21.4441949714653,21.4441949714653,0.0531912433440733,0.12661622873542,67.2128141479762,NaN,NaN
712,NonStim,0,2,0.3636,NaN,1,Left,0.225333333332856,0.231333333333168,NaN,7.00000000142609,0.039984186641437,NaN,0.039984186641437,7.44723239367697,NaN,7.44723239367697,0,0.039984186641437,90,NaN,NaN
712,NonStim,0,2,0.3636,NaN,2,Merged,0.555333333333238,0.564333333333252,NaN,10.0000000020373,0.128665094528975,0.155561979702736,0.142113537115855,18.0789934102669,22.4606732102539,22.4606732102539,-0.0365689859304739,-0.136611902154876,255.014112738467,0,11.3627125304627
712,NonStim,0,2,0.3636,NaN,3,Right,0.569333333332906,0.577333333333172,NaN,9.00000000183354,NaN,0.0733040617897301,0.0733040617897301,NaN,11.9585094151486,11.9585094151486,0,0.0733040617897301,90,NaN,NaN
713,NonStim,0,2,0.6363,NaN,1,Right,0.231866666666974,0.236866666666629,NaN,6.00000000122236,NaN,0.0405332348267533,0.0405332348267533,NaN,9.15761342611682,9.15761342611682,0.00664890463474278,-0.0399841867827623,279.441231066079,NaN,NaN
713,NonStim,0,2,0.6363,NaN,2,Right,0.866866666666738,0.872866666666596,NaN,7.00000000142609,NaN,0.0519993239234107,0.0519993239234107,NaN,9.41366783075029,9.41366783075029,-0.033244514810911,0.039984145901581,129.741572257781,NaN,NaN
713,NonStim,0,2,0.6363,NaN,3,Left,0.940866666666807,0.945866666666916,NaN,6.00000000122236,0.0480214700656225,NaN,0.0480214700656225,11.0976478415729,NaN,11.0976478415729,-0.0265956073476431,0.0399841875880137,123.62998899111,NaN,NaN
714,NonStim,0,4,0.4545,NaN,1,Left,0.172033333333275,0.177033333333384,NaN,6.00000000122236,0.0533122480029068,NaN,0.0533122480029068,12.2173906249844,NaN,12.2173906249844,0,-0.0533122480029068,270,NaN,NaN
714,NonStim,0,4,0.4545,NaN,2,Left,0.268033333333278,0.274033333333136,NaN,7.00000000142609,0.0333201519029107,NaN,0.0333201519029107,8.66300442619963,NaN,8.66300442619963,-4.16333634234434e-17,0.0333201519029107,90.0000000000001,NaN,NaN
714,NonStim,0,4,0.4545,NaN,3,Right,0.682033333333038,0.687033333333147,NaN,6.00000000122236,NaN,0.0480214596506929,0.0480214596506929,NaN,11.097644945588,11.097644945588,0.0265955900490639,0.0399841865857649,56.3700275316557,NaN,NaN
715,Stim,1,2,-0.1818,-0.0627666666669029,1,Merged,0.329200000000128,0.343199999999797,0.391966666667031,15.0000000030559,0.101931165596579,0.0868871635238419,0.0944091645602106,14.8944687142679,13.9094408233508,14.8944687142679,0.00664890760399008,-0.0932964189170472,274.07637680303,-2.00000000040745,15.6736871175452
715,Stim,1,2,-0.1818,-0.0627666666669029,2,Left,0.797199999999975,0.802200000000084,0.859966666666878,6.00000000122236,0.0388343094344564,NaN,0.0388343094344564,9.54703849861868,NaN,9.54703849861868,0.0199467160938362,-0.033320145652788,300.906355610318,NaN,NaN
715,Stim,1,2,-0.1818,-0.0627666666669029,3,Left,0.864199999999983,0.870199999999841,0.926966666666885,7.00000000142609,0.0569215851084901,NaN,0.0569215851084901,11.1618619802854,NaN,11.1618619802854,-0.0199467160938363,0.053312244075212,110.513279573292,NaN,NaN
717,NonStim,0,4,-0.4545,NaN,1,Right,0.707866666666632,0.715866666666898,NaN,9.00000000183354,NaN,0.0824175705047689,0.0824175705047689,NaN,12.4166680144983,12.4166680144983,-0.0199466340610407,0.0799674165991592,104.005745578492,NaN,NaN
718,NonStim,0,1,0.4545,NaN,1,Left,0.575433333333422,0.589433333333545,NaN,15.0000000030559,0.158708198382264,NaN,0.158708198382264,18.4555583169961,NaN,18.4555583169961,0.132977900803296,-0.0866323850052217,326.916578461368,NaN,NaN
718,NonStim,0,1,0.4545,NaN,2,Left,0.627433333333556,0.642433333333429,NaN,16.0000000032596,0.242149189830048,NaN,0.242149189830048,18.4729989830118,NaN,18.4729989830118,-0.126329131512962,0.206584560571524,121.446325406665,NaN,NaN
718,NonStim,0,1,0.4545,NaN,3,Left,0.772433333333538,0.777433333333192,NaN,6.00000000122236,0.0405329819222637,NaN,0.0405329819222637,10.4713407588164,NaN,10.4713407588164,0.00664890599290417,-0.0399839301796119,279.441292459632,NaN,NaN
718,NonStim,0,1,0.4545,NaN,4,Left,0.846433333333607,0.856433333333371,NaN,11.000000002241,0.139122705771073,NaN,0.139122705771073,18.3774139057096,NaN,18.3774139057096,0.0398934060959517,-0.133280318918916,286.663470128334,NaN,NaN
718,NonStim,0,1,0.4545,NaN,5,Left,0.875433333333604,0.881433333333462,NaN,7.00000000142609,0.0572821984107492,NaN,0.0572821984107492,10.226486868645,NaN,10.226486868645,0.0332444746160648,0.0466482064207216,54.5239143318126,NaN,NaN
718,NonStim,0,1,0.4545,NaN,6,Left,0.886433333333571,0.891433333333225,NaN,6.00000000122236,0.0426328061944549,NaN,0.0426328061944549,8.66655332744276,NaN,8.66655332744276,-0.0265955666898939,-0.033320144004151,231.403733670149,NaN,NaN
719,NonStim,0,3,0.6363,NaN,1,Merged,0.650466666666489,0.659466666666503,NaN,10.0000000020373,0.122865342216309,0.0983429751102516,0.11060415866328,16.9885112432348,11.5935596678835,16.9885112432348,-0.036568981569665,0.103292311657756,109.495689886317,1.00000000020373,15.7451857433693
719,NonStim,0,3,0.6363,NaN,2,Merged,0.663466666666864,0.674466666666831,NaN,12.0000000024447,0.216948164973665,0.1685497769125,0.192748970943083,25.9932569079109,21.8695043674525,25.9932569079109,0.0465423384662237,-0.186592669353686,284.005654755016,0,7.79982514702112
720,NonStim,0,1,-0.1818,NaN,1,Right,0.876566666666349,0.881566666666458,NaN,6.00000000122236,NaN,0.0952357497981692,0.0952357497981692,NaN,19.8321944135256,19.8321944135256,0.0864356373020682,0.0399841048893783,24.8247036539197,NaN,NaN
720,NonStim,0,1,-0.1818,NaN,2,Merged,0.885566666666364,0.899566666666487,NaN,15.0000000030559,0.202458952122089,0.221639286426122,0.212049119274106,20.4600703448373,23.0765800047089,23.0765800047089,-0.152924531087282,-0.146608503555357,223.792026057705,-1.00000000020373,4.98491917138344
722,NonStim,0,1,0.4545,NaN,1,Left,0.170033333333322,0.175033333333431,NaN,6.00000000122236,0.0507338912545994,NaN,0.0507338912545994,11.5935834896571,NaN,11.5935834896571,-0.0199467201281825,0.0466482162355805,113.151492598456,NaN,NaN
722,NonStim,0,1,0.4545,NaN,2,Merged,0.584033333333082,0.599033333333409,NaN,16.0000000032596,0.148944459277858,0.122268532027028,0.135606495652443,23.3504132525166,20.1145506634073,23.3504132525166,0.0631645886030171,0.119952364284151,62.2295791485697,6.00000000122236,2.7891414174224
722,NonStim,0,1,0.4545,NaN,3,Merged,0.602033333333111,0.610033333333377,NaN,9.00000000183354,0.100181143880728,0.0866322795177996,0.0934067116992639,13.5110466676333,13.3740384801311,13.5110466676333,-0.0033244480861634,-0.0932962702332712,267.959229371832,1.00000000020373,3.80544583086089
722,NonStim,0,1,0.4545,NaN,4,Left,0.722033333333457,0.728033333333315,NaN,7.00000000142609,0.0507338437679745,NaN,0.0507338437679745,11.1067109729804,NaN,11.1067109729804,-0.019946707839154,-0.0466481698446218,246.848499564078,NaN,NaN
722,NonStim,0,1,0.4545,NaN,5,Left,0.733033333333424,0.739033333333282,NaN,7.00000000142609,0.0519993218293979,NaN,0.0519993218293979,9.4136681921609,NaN,9.4136681921609,0.0332445056858786,0.0399841507652581,50.2584388996592,NaN,NaN
722,NonStim,0,1,0.4545,NaN,6,Merged,0.806033333333289,0.817033333333256,NaN,12.0000000024447,0.10745040110456,0.11328848665574,0.11036944388015,12.9447646412162,11.1067186488577,12.9447646412162,-0.00664889513593267,-0.109956431126291,266.539626366186,1.00000000020373,7.10900716677418
722,NonStim,0,1,0.4545,NaN,7,Left,0.931033333333289,0.936033333333398,NaN,6.00000000122236,0.0332928862894037,NaN,0.0332928862894037,8.9541941171556,NaN,8.9541941171556,0.0199466821195423,0.0266560715391653,53.1925685025885,NaN,NaN
724,NonStim,0,1,0.0909,NaN,1,Right,0.100366666666559,0.105366666666669,NaN,6.00000000122236,NaN,0.0446832857978424,0.0446832857978424,NaN,9.48690298402635,9.48690298402635,-0.0199467015979192,0.039984060887499,116.51306387918,NaN,NaN
724,NonStim,0,1,0.0909,NaN,2,Right,0.497366666666494,0.502366666666603,NaN,6.00000000122236,NaN,0.0421374787728794,0.0421374787728794,NaN,9.15761368420057,9.15761368420057,-0.0132978142637674,0.039984187538841,108.395929869543,NaN,NaN
725,NonStim,0,3,-0.0909,NaN,1,Left,0.31766666666681,0.322666666666464,NaN,6.00000000122236,0.0388343212723976,NaN,0.0388343212723976,10.4609624737842,NaN,10.4609624737842,0.0199467207027026,-0.0333201566907505,300.906353079942,NaN,NaN
725,NonStim,0,3,-0.0909,NaN,2,Left,0.500666666666802,0.505666666666912,NaN,6.00000000122236,0.0519993198538573,NaN,0.0519993198538573,11.0976411047637,NaN,11.0976411047637,-0.0332445256987819,0.0399841315564911,129.741591587936,NaN,NaN
725,NonStim,0,3,-0.0909,NaN,3,Merged,0.611666666666679,0.629666666666708,NaN,19.0000000038708,0.187771155490389,0.179054364702875,0.183412760096632,18.8385679245824,20.7053202718573,20.7053202718573,0.172871222106048,-0.0599761630181284,340.866228730183,4.00000000081491,7.87763009080231
726,Stim,1,1,0.1818,-0.0557999999996355,1,Left,0.233266666667078,0.238266666666732,0.289066666666713,6.00000000122236,0.044683403698753,NaN,0.044683403698753,9.9296455855329,NaN,9.9296455855329,-0.0199467151601898,0.0399841858792197,116.513007894935,NaN,NaN
726,Stim,1,1,0.1818,-0.0557999999996355,2,Right,0.368266666666841,0.378266666667059,0.424066666666477,11.000000002241,NaN,0.128121515580232,0.128121515580232,NaN,17.258395780502,17.258395780502,0.0598401556721518,-0.113288474805288,297.843482079658,NaN,NaN
729,Stim,1,3,1,-0.0554999999999382,1,Left,0.0129333333334216,0.0209333333336872,0.0684333333333598,9.00000000183354,0.0297889339949615,NaN,0.0297889339949615,8.66655922620436,NaN,8.66655922620436,0.013297813167486,0.0266561203763565,63.4869837951237,NaN,NaN
729,Stim,1,3,1,-0.0554999999999382,2,Left,0.0229333333336399,0.028933333333498,0.078433333333578,7.00000000142609,0.0199920893371349,NaN,0.0199920893371349,8.00357904726642,NaN,8.00357904726642,-4.16333634234434e-17,-0.0199920893371349,270,NaN,NaN
729,Stim,1,3,1,-0.0554999999999382,3,Left,0.0309333333334507,0.0359333333335599,0.0864333333333889,6.00000000122236,0.0274728329230665,NaN,0.0274728329230665,7.022911278101,NaN,7.022911278101,-0.00664890680534863,0.0266561172550039,104.005646487182,NaN,NaN
729,Stim,1,3,1,-0.0554999999999382,4,Left,0.0489333333334798,0.0619333333333998,0.104433333333418,14.0000000028522,0.0199467202369706,NaN,0.0199467202369706,7.84472345410029,NaN,7.84472345410029,-0.0199467202369706,0,180,NaN,NaN
729,Stim,1,3,1,-0.0554999999999382,5,Left,0.0819333333333816,0.0889333333334434,0.13743333333332,8.00000000162981,0.0339770244879769,NaN,0.0339770244879769,6.75553091660308,NaN,6.75553091660308,-0.00664890680534859,0.0333201175170552,101.284936067905,NaN,NaN
729,Stim,1,3,1,-0.0554999999999382,6,Left,0.0959333333335053,0.102933333333567,0.151433333333443,8.00000000162981,0.0333201175170552,NaN,0.0333201175170552,6.6640244180953,NaN,6.6640244180953,0,-0.0333201175170552,270,NaN,NaN
729,Stim,1,3,1,-0.0554999999999382,7,Left,0.106933333333473,0.113933333333534,0.162433333333411,8.00000000162981,0.040533184440738,NaN,0.040533184440738,8.08441762256399,NaN,8.08441762256399,-0.00664890680534859,0.039984135343917,99.4412460200774,NaN,NaN
729,Stim,1,3,1,-0.0554999999999382,8,Left,0.125933333333705,0.13093333333336,0.181433333333644,6.00000000122236,0.0266560908302734,NaN,0.0266560908302734,6.6640244180953,NaN,6.6640244180953,0,-0.0266560908302734,270,NaN,NaN
729,Stim,1,3,1,-0.0554999999999382,9,Left,0.132933333333767,0.137933333333422,0.188433333333705,6.00000000122236,0.0426115689367901,NaN,0.0426115689367901,9.41366824848659,NaN,9.41366824848659,-0.0332445278038811,0.0266560908302734,141.276702072391,NaN,NaN
729,Stim,1,3,1,-0.0554999999999382,10,Left,0.149933333333593,0.156933333333654,0.205433333333531,8.00000000162981,0.0333200642025485,NaN,0.0333200642025485,6.66401420593814,NaN,6.66401420593814,0,0.0333200642025485,90,NaN,NaN
729,Stim,1,3,1,-0.0554999999999382,11,Left,0.165933333333669,0.174933333333684,0.221433333333607,10.0000000020373,0.0421373656249246,NaN,0.0421373656249246,6.66401420593814,NaN,6.66401420593814,0.0132978131674861,-0.039984068662046,288.395979466088,NaN,NaN
729,Stim,1,3,1,-0.0554999999999382,12,Left,0.182933333333494,0.193933333333462,0.238433333333433,12.0000000024447,0.0332445278038811,NaN,0.0332445278038811,7.99658177795898,NaN,7.99658177795898,-0.0332445278038811,0,180,NaN,NaN
729,Stim,1,3,1,-0.0554999999999382,13,Left,0.197933333333367,0.204933333333429,0.253433333333305,8.00000000162981,0.0388342867388948,NaN,0.0388342867388948,7.84472305094066,NaN,7.84472305094066,0.0199467189073373,-0.0333201175170552,300.906380493599,NaN,NaN
729,Stim,1,3,1,-0.0554999999999382,14,Left,0.206933333333382,0.213933333333443,0.26243333333332,8.00000000162981,0.0426328211487242,NaN,0.0426328211487242,8.66655461062482,NaN,8.66655461062482,-0.0265956238458273,0.0333201175170552,128.596348571022,NaN,NaN
729,Stim,1,3,1,-0.0554999999999382,15,Left,0.218933333333553,0.231933333333473,0.274433333333491,14.0000000028522,0.00664890680534863,NaN,0.00664890680534863,8.00356589276044,NaN,8.00356589276044,0.00664890680534863,0,0,NaN,NaN
729,Stim,1,3,1,-0.0554999999999382,16,Left,0.246933333333345,0.253933333333407,0.302433333333283,8.00000000162981,0.0339770244879769,NaN,0.0339770244879769,6.6640244180953,NaN,6.6640244180953,0.00664890680534863,-0.0333201175170552,281.284936067905,NaN,NaN
729,Stim,1,3,1,-0.0554999999999382,17,Left,0.260933333333469,0.267933333333531,0.316433333333407,8.00000000162981,0.0388342845451819,NaN,0.0388342845451819,7.84472442658675,NaN,7.84472442658675,-0.0199467146363951,0.0333201175170552,120.906375087025,NaN,NaN
729,Stim,1,3,1,-0.0554999999999382,18,Left,0.269933333333483,0.278933333333498,0.325433333333422,10.0000000020373,0.0603436548857507,NaN,0.0603436548857507,9.54703729983778,NaN,9.54703729983778,0.00664890573985126,-0.0599762347720592,276.325922916803,NaN,NaN
729,Stim,1,3,1,-0.0554999999999382,19,Left,0.280933333333451,0.28593333333356,0.336433333333389,6.00000000122236,0.0376546915385222,NaN,0.0376546915385222,8.66655969035526,NaN,8.66655969035526,-0.0265956238458273,0.0266561172550039,134.934912634374,NaN,NaN
729,Stim,1,3,1,-0.0554999999999382,20,Left,0.327933333333476,0.334933333333538,0.383433333333414,8.00000000162981,0.0333201482942256,NaN,0.0333201482942256,6.66403012278147,NaN,6.66403012278147,0,-0.0333201482942256,270,NaN,NaN
729,Stim,1,3,1,-0.0554999999999382,21,Left,0.338933333333443,0.345933333333505,0.394433333333382,8.00000000162981,0.0333201482942256,NaN,0.0333201482942256,6.66403012278146,NaN,6.66403012278146,0,0.0333201482942256,90,NaN,NaN
729,Stim,1,3,1,-0.0554999999999382,22,Left,0.355933333333724,0.366933333333691,0.411433333333662,12.0000000024447,0.0388343055921352,NaN,0.0388343055921352,7.01015311588141,NaN,7.01015311588141,-0.0199467042007986,-0.0333201482942256,239.093661446763,NaN,NaN
729,Stim,1,3,1,-0.0554999999999382,23,Left,0.369933333333393,0.374933333333502,0.425433333333331,6.00000000122236,0.0266561203763565,NaN,0.0266561203763565,6.66403012278146,NaN,6.66403012278146,0,0.0266561203763565,90,NaN,NaN
729,Stim,1,3,1,-0.0554999999999382,24,Left,0.382933333333767,0.390933333333578,0.438433333333705,9.00000000183354,0.0470683437554812,NaN,0.0470683437554812,8.663004477108,NaN,8.663004477108,-0.0332444988161194,0.0333201482942256,134.934884444823,NaN,NaN
729,Stim,1,3,1,-0.0554999999999382,25,Left,0.445933333333414,0.454933333333429,0.501433333333352,10.0000000020373,0.0199467042007986,NaN,0.0199467042007986,7.43708262067669,NaN,7.43708262067669,0.0199467042007986,0,0,NaN,NaN
729,Stim,1,3,1,-0.0554999999999382,26,Left,0.493933333333644,0.502933333333658,0.549433333333582,10.0000000020373,0.0426328318533283,NaN,0.0426328318533283,7.43708262067669,NaN,7.43708262067669,0.0265956024463628,-0.0333201482942256,308.596300290559,NaN,NaN
729,Stim,1,3,1,-0.0554999999999382,27,Merged,0.512933333333422,0.538933333333716,0.56843333333336,27.0000000055006,0.1279579850714,0.0941367370691164,0.111047361070258,16.6358845818938,18.8273462897219,18.8273462897219,0.0897602198416725,-0.0633082881972523,324.804510371681,3.00000000061118,17.1139490237659
729,Stim,1,3,1,-0.0554999999999382,28,Left,0.585933333333742,0.602933333333567,0.64143333333368,18.0000000036671,0.0132978105977574,NaN,0.0132978105977574,7.10547308334835,NaN,7.10547308334835,0.0132978105977574,0,0,NaN,NaN
729,Stim,1,3,1,-0.0554999999999382,29,Left,0.614933333333738,0.627933333333658,0.670433333333676,14.0000000028522,0.00664890633527622,NaN,0.00664890633527622,7.02290437152053,NaN,7.02290437152053,0.00664890633527622,0,0,NaN,NaN
729,Stim,1,3,1,-0.0554999999999382,30,Left,0.635933333333469,0.644933333333483,0.691433333333407,10.0000000020373,0.0333201422361489,NaN,0.0333201422361489,5.66284170866379,NaN,5.66284170866379,0,0.0333201422361489,90,NaN,NaN
729,Stim,1,3,1,-0.0554999999999382,31,Left,0.665933333333669,0.688933333333352,0.721433333333607,24.0000000048894,0.0265956280720018,NaN,0.0265956280720018,11.1618537882738,NaN,11.1618537882738,-0.0265956280720018,0,180,NaN,NaN
729,Stim,1,3,1,-0.0554999999999382,32,Left,0.692933333333713,0.721933333333709,0.748433333333651,30.0000000061118,0.0470683646050496,NaN,0.0470683646050496,9.41367332212824,NaN,9.41367332212824,0.033244534407278,-0.0333201422361489,314.934920323392,NaN,NaN
729,Stim,1,3,1,-0.0554999999999382,33,Left,0.752933333333658,0.75993333333372,0.808433333333596,8.00000000162981,0.0339770123905857,NaN,0.0339770123905857,6.66402211603003,NaN,6.66402211603003,-0.00664890570403618,-0.0333201054009265,258.715061755127,NaN,NaN
729,Stim,1,3,1,-0.0554999999999382,34,Left,0.769933333333483,0.776933333333545,0.825433333333422,8.00000000162981,0.033977012514112,NaN,0.033977012514112,7.02290254569207,NaN,7.02290254569207,-0.00664890633527622,0.0333201054009265,101.284939288759,NaN,NaN
729,Stim,1,3,1,-0.0554999999999382,35,Left,0.802933333333385,0.817933333333713,0.858433333333323,16.0000000032596,0.0265956237204747,NaN,0.0265956237204747,9.41366855566018,NaN,9.41366855566018,-0.0265956237204747,0,180,NaN,NaN
729,Stim,1,3,1,-0.0554999999999382,36,Left,0.822933333333367,0.838933333333443,0.878433333333305,17.0000000034634,0.00941367095970326,NaN,0.00941367095970326,6.66402903232742,NaN,6.66402903232742,-0.00664890633527622,0.00666402622160839,134.934927537763,NaN,NaN
729,Stim,1,3,1,-0.0554999999999382,37,Left,0.876933333333454,0.885933333333469,0.932433333333393,10.0000000020373,0.0333201422361489,NaN,0.0333201422361489,5.55335731384503,NaN,5.55335731384503,0,0.0333201422361489,90,NaN,NaN
729,Stim,1,3,1,-0.0554999999999382,38,Left,0.915933333333669,0.921933333333527,0.971433333333607,7.00000000142609,0.014894467788769,NaN,0.014894467788769,3.13789141948424,NaN,3.13789141948424,0.00664890633527622,-0.0133280611964157,296.513013618244,NaN,NaN
729,Stim,1,3,1,-0.0554999999999382,39,Left,0.924933333333684,0.930933333333542,0.980433333333622,7.00000000142609,0,NaN,0,2.22134318622764,NaN,2.22134318622764,0,0,0,NaN,NaN
729,Stim,1,3,1,-0.0554999999999382,40,Left,0.939933333333556,0.946933333333618,0.995433333333494,8.00000000162981,0.027472831605714,NaN,0.027472831605714,5.66284216590487,NaN,5.66284216590487,0.00664890633527622,0.0266561160145405,75.994353837921,NaN,NaN
730,Stim,1,2,0.4545,-0.0644000000002052,1,Left,0.0440999999996166,0.0500999999999294,0.108499999999822,7.00000000142609,0.0658957138778501,NaN,0.0658957138778501,12.3951467108842,NaN,12.3951467108842,0.046542342109651,-0.0466482100237479,314.934909903254,NaN,NaN
730,Stim,1,2,0.4545,-0.0644000000002052,2,Right,0.163099999999758,0.168099999999868,0.227499999999964,6.00000000122236,NaN,0.04711959784687,0.04711959784687,NaN,10.5343506860237,10.5343506860237,0.00664890576747618,-0.046648135582743,278.111909448433,NaN,NaN
730,Stim,1,2,0.4545,-0.0644000000002052,3,Left,0.181099999999788,0.187099999999646,0.245499999999993,7.00000000142609,0.0405332306905135,NaN,0.0405332306905135,8.66655901503239,NaN,8.66655901503239,0.0066489056881357,0.0399841824145581,80.5587664521976,NaN,NaN
730,Stim,1,2,0.4545,-0.0644000000002052,4,Left,0.330099999999675,0.335099999999784,0.39449999999988,6.00000000122236,0.0388342991121687,NaN,0.0388342991121687,9.41367253927264,NaN,9.41367253927264,0.0199467187908711,0.0333201320077112,59.0936306350739,NaN,NaN
730,Stim,1,2,0.4545,-0.0644000000002052,5,Left,0.494099999999889,0.500099999999748,0.558500000000095,7.00000000142609,0.0485064991575433,NaN,0.0485064991575433,8.95419245141828,NaN,8.95419245141828,0.0132978142108528,0.0466481360585221,74.0889317669322,NaN,NaN
730,Stim,1,2,0.4545,-0.0644000000002052,6,Right,0.619099999999889,0.625099999999748,0.683500000000095,7.00000000142609,NaN,0.0446832292075438,0.0446832292075438,NaN,9.4136482514031,9.4136482514031,0.0199467147402217,-0.0399839910900115,296.513118911324,NaN,NaN
730,Stim,1,2,0.4545,-0.0644000000002052,7,Left,0.762099999999919,0.767099999999573,0.826500000000124,6.00000000122236,0.0405332091256376,NaN,0.0405332091256376,8.95420573480661,NaN,8.95420573480661,0.00664889828481884,-0.0399841617846467,279.441228008111,NaN,NaN
731,Stim,1,3,0.6363,-0.0569666666665398,1,Right,0.0585000000000946,0.0635000000002037,0.115466666666634,6.00000000122236,NaN,0.051999354407791,0.051999354407791,NaN,11.0976485610899,11.0976485610899,-0.0332445126264312,0.0399841873627326,129.741541199873,NaN,NaN
731,Stim,1,3,0.6363,-0.0569666666665398,2,Left,0.682499999999891,0.6875,0.739466666666431,6.00000000122236,0.0399841848969037,NaN,0.0399841848969037,8.88537482812348,NaN,8.88537482812348,0,0.0399841848969037,90,NaN,NaN
731,Stim,1,3,0.6363,-0.0569666666665398,3,Merged,0.741500000000087,0.752500000000055,0.798466666666627,12.0000000024447,0.121599560979587,0.133280536441974,0.127440048710781,14.8944550853805,16.6600751255971,16.6600751255971,0.00997335993188336,-0.126616475164042,274.503789945829,1.00000000020373,9.44124515630421
731,Stim,1,3,0.6363,-0.0569666666665398,4,Left,0.782500000000255,0.788500000000113,0.839466666666794,7.00000000142609,0.0507337991404863,NaN,0.0507337991404863,10.2300369427384,NaN,10.2300369427384,-0.0199467205084375,0.0466481158910571,113.151537547879,NaN,NaN
731,Stim,1,3,0.6363,-0.0569666666665398,5,Left,0.796499999999924,0.801500000000033,0.853466666666463,6.00000000122236,0.0387928094266702,NaN,0.0387928094266702,8.93451324373784,NaN,8.93451324373784,0.0332445341210375,-0.0199920737866067,328.978803915833,NaN,NaN
731,Stim,1,3,0.6363,-0.0569666666665398,6,Left,0.958500000000186,0.963500000000295,1.01546666666673,6.00000000122236,0.0507337986758068,NaN,0.0507337986758068,11.5935625659065,NaN,11.5935625659065,-0.0199467193265411,0.0466481158910571,113.151536320605,NaN,NaN
732,Stim,1,4,0.4545,-0.0589333333336981,1,Merged,0.435966666666445,0.452966666666725,0.494900000000143,18.0000000036671,0.0925263697514894,0.0970131261807612,0.0947697479661253,9.91611765647331,8.66300582698617,9.91611765647331,0.0365689850003457,-0.0866323853172526,292.885424949826,-4.00000000081491,14.2887626741402
732,Stim,1,4,0.4545,-0.0589333333336981,2,Right,0.505966666666609,0.510966666666718,0.564900000000307,6.00000000122236,NaN,0.0399841387215907,0.0399841387215907,NaN,8.95420114009605,8.95420114009605,0,-0.0399841387215907,270,NaN,NaN
732,Stim,1,4,0.4545,-0.0589333333336981,3,Left,0.839966666666442,0.846966666666503,0.89890000000014,8.00000000162981,0.0519993448434443,NaN,0.0519993448434443,8.66655655248913,NaN,8.66655655248913,-0.0332445348614686,-0.0399841564371695,230.258418175997,NaN,NaN
733,Stim,1,1,0.6363,-0.0532333333330826,1,Right,0.291766666666717,0.297766666666575,0.3449999999998,7.00000000142609,NaN,0.0753093966943237,0.0753093966943237,NaN,14.2038646892841,14.2038646892841,0.0531912530200875,-0.0533122484295686,314.934908024367,NaN,NaN
734,Stim,1,1,0.0909,-0.0586333333330913,1,Merged,0.0219999999999345,0.0300000000002001,0.0806333333330258,9.00000000183354,0.0852231785024587,0.0945849353297795,0.0899040569161191,15.0843541826022,16.494370166056,16.494370166056,0.0698135087048031,-0.0566442397431906,320.94533320311,3.00000000061118,0.629889799870966
734,Stim,1,1,0.0909,-0.0586333333330913,2,Right,0.682000000000244,0.686999999999898,0.740633333333335,6.00000000122236,NaN,0.051999335742536,0.051999335742536,NaN,11.0976446667905,11.0976446667905,-0.0332445229114262,0.0399841545372243,129.74157303766,NaN,NaN
734,Stim,1,1,0.0909,-0.0586333333330913,3,Right,0.894000000000233,0.900000000000091,0.952633333333324,7.00000000142609,NaN,0.048021456870435,0.048021456870435,NaN,8.66655622947692,8.66655622947692,0.0265955873957461,-0.0399841850115052,303.629970872691,NaN,NaN
734,Stim,1,1,0.0909,-0.0586333333330913,4,Left,0.91800000000012,0.925000000000182,0.976633333333211,8.00000000162981,0.0549456509253726,NaN,0.0549456509253726,9.41367191845799,NaN,9.41367191845799,0.0132978031871669,-0.0533122217320594,284.005639165702,NaN,NaN
736,NonStim,0,1,-1,NaN,1,Right,0.428833333333387,0.43883333333315,NaN,11.000000002241,NaN,0.158854507481834,0.158854507481834,NaN,20.4600558192801,20.4600558192801,-0.0864357764803584,0.133280197672173,122.964488624899,NaN,NaN
736,NonStim,0,1,-1,NaN,2,Left,0.439833333333354,0.448833333333369,NaN,10.0000000020373,0.146608606608996,NaN,0.146608606608996,19.9920921652089,NaN,19.9920921652089,0,-0.146608606608996,270,NaN,NaN
737,Stim,1,4,0.6363,-0.0541000000002896,1,Left,0.00713333333305854,0.0121333333331677,0.0612333333333481,6.00000000122236,0.0446833960139101,NaN,0.0446833960139101,10.4713802423401,NaN,10.4713802423401,-0.0199467202327222,0.0399841747606903,116.513020079483,NaN,NaN
737,Stim,1,4,0.6363,-0.0541000000002896,2,Left,0.198133333332862,0.204133333333175,0.252233333333152,7.00000000142609,0.0685736915717872,NaN,0.0685736915717872,13.9094402420931,NaN,13.9094402420931,-0.0332445344485476,0.0599762628469125,118.999378168105,NaN,NaN
737,Stim,1,4,0.6363,-0.0541000000002896,3,Right,0.549133333332975,0.554133333333084,0.603233333333264,6.00000000122236,NaN,0.0519992866155405,0.0519992866155405,NaN,11.0976352256312,11.0976352256312,-0.0332444749998122,0.0399841304833804,129.741549388819,NaN,NaN
737,Stim,1,4,0.6363,-0.0541000000002896,4,Merged,0.560133333332942,0.576133333333019,0.614233333333232,17.0000000034634,0.300739402635503,0.348280015244987,0.324509708940245,25.8618542192836,32.2273325077968,32.2273325077968,0.295875171092235,-0.129948527811273,336.288894043462,1.00000000020373,10.5051689041095
737,Stim,1,4,0.6363,-0.0541000000002896,5,Merged,0.709133333332829,0.719133333333048,0.763233333333119,11.000000002241,0.145877592219353,0.145877669760655,0.145877630990004,16.8848165614062,18.5797332570389,18.5797332570389,-0.132977928063022,0.0599762775713964,155.723468115841,-2.00000000040745,1.41220556599819e-05
737,Stim,1,4,0.6363,-0.0541000000002896,6,Left,0.797133333333022,0.802133333333131,0.851233333333312,6.00000000122236,0.0421374666325828,NaN,0.0421374666325828,9.54703712714024,NaN,9.54703712714024,-0.0132978142158253,0.0399841747606903,108.395935290884,NaN,NaN
737,Stim,1,4,0.6363,-0.0541000000002896,7,Right,0.8761333333332,0.881133333332855,0.93023333333349,6.00000000122236,NaN,0.0480214716642493,0.0480214716642493,NaN,11.0976483066908,11.0976483066908,-0.0265956102939274,0.0399841875482527,123.62999194433,NaN,NaN
740,Stim,1,1,-0.4545,-0.0540333333337912,1,Right,0.450799999999617,0.45679999999993,0.504833333333409,7.00000000142609,NaN,0.0421374681944139,0.0421374681944139,NaN,9.41367430082439,9.41367430082439,-0.0132978106639022,0.0399841775879191,108.39592949483,NaN,NaN
740,Stim,1,1,-0.4545,-0.0540333333337912,2,Left,0.601799999999912,0.606799999999566,0.655833333333703,6.00000000122236,0.03998416606629,NaN,0.03998416606629,9.15760952078604,NaN,9.15760952078604,-4.5102810375397e-17,0.03998416606629,90.0000000000001,NaN,NaN
740,Stim,1,1,-0.4545,-0.0540333333337912,3,Right,0.749799999999595,0.754799999999705,0.803833333333387,6.00000000122236,NaN,0.0358755896044816,0.0358755896044816,NaN,7.44722205970999,7.44722205970999,-0.0132978067357112,0.0333200580054847,111.756603265905,NaN,NaN
740,Stim,1,1,-0.4545,-0.0540333333337912,4,Right,0.793799999999919,0.798799999999574,0.84783333333371,6.00000000122236,NaN,0.0480214422096686,0.0480214422096686,NaN,10.4713753547096,10.4713753547096,0.026595627381978,-0.0399841408067688,303.630039806424,NaN,NaN
741,Stim,1,4,-0.4545,-0.0518666666666832,1,Left,0.0949333333333016,0.10093333333316,0.146799999999985,7.00000000142609,0.0446833835270816,NaN,0.0446833835270816,9.41367089702337,NaN,9.41367089702337,-0.0199467211397099,0.0399841603538566,116.513029366684,NaN,NaN
741,Stim,1,4,-0.4545,-0.0518666666666832,2,Merged,0.75593333333336,0.762933333333422,0.807800000000043,8.00000000162981,0.0533122458213087,0.0614327295451789,0.0573724876832438,8.88537449356886,12.9966294204682,12.9966294204682,0.00664890712612964,-0.0566442388713291,276.69475024209,2.00000000040745,12.5012781860099
741,Stim,1,4,-0.4545,-0.0518666666666832,3,Right,0.769933333333483,0.775933333333342,0.821800000000167,7.00000000142609,NaN,0.0685736381454453,0.0685736381454453,NaN,12.4120376342913,12.4120376342913,-0.0332445301801255,0.059976204128014,118.999398833982,NaN,NaN
742,Stim,1,2,0.0909,-0.0651333333339608,1,Right,0.0499333333327741,0.0559333333330869,0.115066666666735,7.00000000142609,NaN,0.0480214583057135,0.0480214583057135,NaN,9.41367311489262,9.41367311489262,-0.0265956267595237,0.0399841605523423,123.630026140412,NaN,NaN
745,Stim,1,3,0.3636,-0.0560333333332892,1,Left,0.10226666666631,0.107266666666419,0.158299999999599,6.00000000122236,0.0405332357185231,NaN,0.0405332357185231,10.2300523786628,NaN,10.2300523786628,0.00664890702716696,0.0399841872889452,80.5587657152873,NaN,NaN
745,Stim,1,3,0.3636,-0.0560333333332892,2,Left,0.526266666666288,0.531266666666397,0.582299999999577,6.00000000122236,0.0426328533134066,NaN,0.0426328533134066,9.41367480071726,NaN,9.41367480071726,-0.0265956271441687,0.0333201560388123,128.596319739362,NaN,NaN
745,Stim,1,3,0.3636,-0.0560333333332892,3,Left,0.810266666666394,0.815266666666503,0.866299999999683,6.00000000122236,0.0399841872889452,NaN,0.0399841872889452,9.54703832642952,NaN,9.54703832642952,-4.85722573273506e-17,-0.0399841872889452,270,NaN,NaN
746,NonStim,0,3,-0.3636,NaN,1,Merged,0.646899999999732,0.653899999999794,NaN,8.00000000162981,0.0745006679563707,0.0804905004189214,0.077495584187646,11.5935698836247,13.4150821228645,13.4150821228645,-0.0232711673158737,-0.0733042978912449,252.387449397566,0,14.1129819560965
747,NonStim,0,3,0.6363,NaN,1,Merged,0.572700000000168,0.587700000000495,NaN,16.0000000032596,0.177314724452643,0.077844103039651,0.127579413746147,22.8577643275045,10.5343329998359,22.8577643275045,0.0864357637586704,0.0599757000480956,34.7558516881535,-4.00000000081491,75.798334139013
747,NonStim,0,3,0.6363,NaN,2,Left,0.772700000000441,0.779700000000503,NaN,8.00000000162981,0.0471193408441061,NaN,0.0471193408441061,8.66653102515024,NaN,8.66653102515024,-0.0066489048639286,-0.0466478761112816,261.888047118599,NaN,NaN
747,NonStim,0,3,0.6363,NaN,3,Merged,0.948700000000372,0.966700000000401,NaN,19.0000000038708,0.166569794876735,0.172979594592972,0.169774694734853,16.9884615105671,17.7707460111093,17.7707460111093,0.046542329088232,-0.16326795020049,285.911110197052,6.00000000122236,0.616887115513634
748,Stim,1,4,1,-0.0548666666668396,1,Left,0.339333333333343,0.344333333332997,0.394200000000183,6.00000000122236,0.0421374716670355,NaN,0.0421374716670355,9.92964396402068,NaN,9.92964396402068,0.0132978096848998,-0.0399841815731472,288.395926521582,NaN,NaN
749,Stim,1,2,0.6363,-0.0655666666666548,1,Merged,0.271099999999933,0.2820999999999,0.336666666666588,12.0000000024447,0.134846002058872,0.109206040319901,0.122026021189386,14.9273894346456,14.2109456062083,14.9273894346456,0.0698134891088591,-0.0999604384413756,304.930879343285,2.00000000040745,4.65979106585127
754,NonStim,0,2,-0.6363,NaN,1,Left,0.581900000000132,0.587900000000445,NaN,7.00000000142609,0.0333201527881948,NaN,0.0333201527881948,8.66301058138721,NaN,8.66301058138721,0,0.0333201527881948,90,NaN,NaN
754,NonStim,0,2,-0.6363,NaN,2,Left,0.834900000000289,0.840900000000147,NaN,7.00000000142609,0.0332445348153438,NaN,0.0332445348153438,8.66656110825383,NaN,8.66656110825383,-0.0332445348153438,0,180,NaN,NaN
754,NonStim,0,2,-0.6363,NaN,3,Left,0.956900000000132,0.961900000000242,NaN,6.00000000122236,0.0426115947843671,NaN,0.0426115947843671,9.54000793447776,NaN,9.54000793447776,-0.0332445336925423,0.0266561248052398,141.276671384804,NaN,NaN
755,Stim,1,3,0.4545,-0.0599000000001979,1,Left,0.110133333333124,0.116133333332982,0.170033333333322,7.00000000142609,0.0480214572297722,NaN,0.0480214572297722,9.41367321476736,NaN,9.41367321476736,0.0265956240158731,-0.039984161085074,303.630023062748,NaN,NaN
755,Stim,1,3,0.4545,-0.0599000000001979,2,Merged,0.643133333333026,0.650133333333088,0.703033333333224,8.00000000162981,0.080490445151288,0.0536971364746167,0.0670937908129524,12.4120384006099,10.4609603942914,12.4120384006099,0.0299200799999318,-0.0599762269503535,296.51303324124,0,5.29386111103622
755,Stim,1,3,0.4545,-0.0599000000001979,3,Right,0.868133333332935,0.873133333333044,0.928033333333133,6.00000000122236,NaN,0.0405332346947887,0.0405332346947887,NaN,8.9542106835604,8.9542106835604,-0.0066489036726914,0.0399841868089635,99.4412297185161,NaN,NaN
755,Stim,1,3,0.4545,-0.0599000000001979,4,Right,0.877133333332949,0.883133333333262,0.937033333333147,7.00000000142609,NaN,0.0480214781807943,0.0480214781807943,NaN,9.41367466216641,9.41367466216641,0.026595623171763,-0.0399841868089635,303.630005226149,NaN,NaN
756,Stim,1,4,-0.0909,-0.0558666666670433,1,Right,0.920799999999872,0.925799999999981,0.976666666666915,6.00000000122236,NaN,0.0480214281939261,0.0480214281939261,NaN,11.0976405766748,11.0976405766748,-0.0265956275082819,0.039984123889678,123.630051110521,NaN,NaN
757,Stim,1,1,-0.1818,-0.0475000000001273,1,Merged,0.448133333333317,0.457133333333331,0.495633333333444,10.0000000020373,0.0358756825673595,0.0519993437139019,0.0439375131406307,7.84472875384284,11.0976461001896,11.0976461001896,-0.0232711728760381,0.0366521564198206,122.412264784448,4.00000000081491,17.985021263927
757,Stim,1,1,-0.1818,-0.0475000000001273,2,Left,0.51913333333323,0.526133333333291,0.566633333333357,8.00000000162981,0.0333201551188314,NaN,0.0333201551188314,7.84472875384284,NaN,7.84472875384284,4.5102810375397e-17,0.0333201551188314,89.9999999999999,NaN,NaN
757,Stim,1,1,-0.1818,-0.0475000000001273,3,Left,0.875133333332997,0.880133333333106,0.922633333333124,6.00000000122236,0.0480214493547109,NaN,0.0480214493547109,10.471375207047,NaN,10.471375207047,-0.0265956272607155,0.0399841494687101,123.630033962247,NaN,NaN
758,Stim,1,2,-1,-0.0620666666668512,1,Left,0.108833333333223,0.113833333333332,0.170900000000074,6.00000000122236,0.0339770627605056,NaN,0.0339770627605056,8.66656019641216,NaN,8.66656019641216,0.00664890590553156,0.0333201567236819,78.7150783579488,NaN,NaN
758,Stim,1,2,-1,-0.0620666666668512,2,Merged,0.618833333332987,0.637833333333219,0.680899999999838,20.0000000040745,0.22745296648394,0.0759165539657542,0.151684760224847,14.8944679777016,15.5887916930936,15.5887916930936,-0.0332445335966954,-0.0833002745761123,248.243417470691,-1.00000000020373,137.156932495711
758,Stim,1,2,-1,-0.0620666666668512,3,Left,0.931833333333088,0.936833333333198,0.99389999999994,6.00000000122236,0.0470683432626232,NaN,0.0470683432626232,9.41366902023722,NaN,9.41366902023722,0.033244524840367,0.0333201216328264,45.0650702064827,NaN,NaN
759,Stim,1,2,1,-0.0503666666668323,1,Right,0.589933333333192,0.596933333333254,0.640300000000025,8.00000000162981,NaN,0.0833540138063584,0.0833540138063584,NaN,12.3951453552242,12.3951453552242,0.0731379351913865,-0.0399841725382823,331.334775513155,NaN,NaN
762,Stim,1,4,-0.6363,-0.0487666666667792,1,Left,0.180566666666437,0.185566666666546,0.229333333333216,6.00000000122236,0.0421374646964753,NaN,0.0421374646964753,8.95420704659632,NaN,8.95420704659632,0.0132978117273507,-0.0399841735479256,288.395932600536,NaN,NaN
763,Stim,1,4,0.3636,-0.0548333333335904,1,Left,0.0329666666666526,0.0389666666665107,0.087800000000243,7.00000000142609,0.047068370543932,NaN,0.047068370543932,8.00357979347731,NaN,8.00357979347731,-0.0332445321969601,0.0333201528307745,134.934909309705,NaN,NaN
763,Stim,1,4,0.3636,-0.0548333333335904,2,Left,0.435966666666445,0.445966666666664,0.490800000000036,11.000000002241,0.139122833673357,NaN,0.139122833673357,16.1688429531889,NaN,16.1688429531889,-0.0398934407650188,-0.133280442050709,253.336530734403,NaN,NaN
765,NonStim,0,2,0.0909,NaN,1,Left,0.143566666666629,0.152566666666644,NaN,10.0000000020373,0.0569215904610947,NaN,0.0569215904610947,7.84472855708252,NaN,7.84472855708252,0.0199467198013142,-0.0533122484030494,290.513281541959,NaN,NaN
765,NonStim,0,2,0.0909,NaN,2,Left,0.205566666666527,0.210566666666637,NaN,6.00000000122236,0.0297483518455324,NaN,0.0297483518455324,7.44723062900901,NaN,7.44723062900901,-0.0265956279119533,-0.0133280536273877,206.617144473974,NaN,NaN
765,NonStim,0,2,0.0909,NaN,3,Left,0.251566666666804,0.260566666666818,NaN,10.0000000020373,0.0536352235123848,NaN,0.0536352235123848,9.54000030479151,NaN,9.54000030479151,-0.0465423405413077,-0.0266561013308478,209.800974800921,NaN,NaN
765,NonStim,0,2,0.0909,NaN,4,Right,0.532566666666753,0.537566666666862,NaN,6.00000000122236,NaN,0.0405331968971309,0.0405331968971309,NaN,10.2300440237664,10.2300440237664,-0.00664890651102632,0.0399841480202995,99.4412426703547,NaN,NaN
765,NonStim,0,2,0.0909,NaN,5,Left,0.705566666666527,0.710566666666637,NaN,6.00000000122236,0.05724000770452,NaN,0.05724000770452,13.3573020916166,NaN,13.3573020916166,-0.0465423405413077,0.0333200993238384,144.400768143315,NaN,NaN
765,NonStim,0,2,0.0909,NaN,6,Left,0.798566666666829,0.805566666666437,NaN,8.00000000162981,0.0426328094662025,NaN,0.0426328094662025,8.95419562060293,NaN,8.95419562060293,0.0265956279119533,-0.0333200993238384,308.596368094913,NaN,NaN
765,NonStim,0,2,0.0909,NaN,7,Left,0.809566666666797,0.815566666666655,NaN,7.00000000142609,0.0533121482545331,NaN,0.0533121482545331,12.0053599039451,NaN,12.0053599039451,-4.42354486374086e-17,0.0533121482545331,90,NaN,NaN
766,NonStim,0,1,-0.6363,NaN,1,Left,0.194566666666105,0.199566666666215,NaN,6.00000000122236,0.054945676346442,NaN,0.054945676346442,12.6616197201295,NaN,12.6616197201295,0.0132978110192244,0.0533122459784331,75.9943590290712,NaN,NaN
767,NonStim,0,2,-0,NaN,1,Left,0.0400000000004184,0.0450000000000728,NaN,6.00000000122236,0.0470683718568266,NaN,0.0470683718568266,9.41367469973572,NaN,9.41367469973572,-0.0332445348389338,0.0333201520494044,134.934912258175,NaN,NaN
767,NonStim,0,2,-0,NaN,2,Left,0.460000000000036,0.465000000000146,NaN,6.00000000122236,0.0485065672337858,NaN,0.0485065672337858,11.1618617073592,NaN,11.1618617073592,-0.0132978140039803,0.0466482069057464,105.91104505639,NaN,NaN
768,Stim,1,1,-0.0909,-0.059633333333295,1,Left,0.105633333333117,0.110633333333226,0.165266666666412,6.00000000122236,0.0274728359784219,NaN,0.0274728359784219,8.0035798301143,NaN,8.0035798301143,-0.00664890710463854,-0.0266561203293195,255.994354458915,NaN,NaN
768,Stim,1,1,-0.0909,-0.059633333333295,2,Right,0.673633333333328,0.678633333333437,0.733266666666623,6.00000000122236,NaN,0.0446833218326123,0.0446833218326123,NaN,10.471363344487,10.471363344487,-0.0199467106234906,0.0399840966547893,116.513053761855,NaN,NaN
768,Stim,1,1,-0.0909,-0.059633333333295,3,Left,0.867633333333288,0.87463333333335,0.927266666666583,8.00000000162981,0.0537252453944736,NaN,0.0537252453944736,11.5935793246883,NaN,11.5935793246883,-0.00664890701402638,-0.0533122315066181,262.890986031814,NaN,NaN
771,Stim,1,4,0.1818,-0.0536666666662313,1,Right,0.0184000000003834,0.027400000000398,0.0720666666666148,10.0000000020373,NaN,0.0265956276677932,0.0265956276677932,NaN,7.4370889384789,7.4370889384789,0.0265956276677932,0,0,NaN,NaN
771,Stim,1,4,0.1818,-0.0536666666662313,2,Right,0.0434000000004744,0.0524000000004889,0.0970666666667057,10.0000000020373,NaN,0.0066489071457169,0.0066489071457169,NaN,6.74103531817292,6.74103531817292,0.0066489071457169,0,0,NaN,NaN
771,Stim,1,4,0.1818,-0.0536666666662313,3,Right,0.0574000000001433,0.0664000000001579,0.111066666666375,10.0000000020373,NaN,0.0426328544831881,0.0426328544831881,NaN,7.43708902579631,7.43708902579631,-0.0265956281584593,0.0333201567259469,128.596320228655,NaN,NaN
771,Stim,1,4,0.1818,-0.0536666666662313,4,Right,0.119400000000496,0.130400000000463,0.173066666666728,12.0000000024447,NaN,0.0332445346675638,0.0332445346675638,NaN,8.66656165284384,8.66656165284384,0.0332445346675638,0,0,NaN,NaN
771,Stim,1,4,0.1818,-0.0536666666662313,5,Right,0.165400000000318,0.170400000000427,0.219066666666549,6.00000000122236,NaN,0.019992090415144,0.019992090415144,NaN,4.70683674780705,4.70683674780705,0,0.019992090415144,90,NaN,NaN
771,Stim,1,4,0.1818,-0.0536666666662313,6,Right,0.17240000000038,0.177400000000489,0.226066666666611,6.00000000122236,NaN,0.0282410222682026,0.0282410222682026,NaN,7.99658831332163,7.99658831332163,0.0199467205220763,-0.019992090415144,314.934912877711,NaN,NaN
771,Stim,1,4,0.1818,-0.0536666666662313,7,Right,0.183400000000347,0.190400000000409,0.237066666666578,8.00000000162981,NaN,0.0470683675796464,0.0470683675796464,NaN,9.413673885453,9.413673885453,-0.0332445346675638,0.0333201461783988,134.934917158242,NaN,NaN
771,Stim,1,4,0.1818,-0.0536666666662313,8,Right,0.199400000000423,0.210400000000391,0.253066666666655,12.0000000024447,NaN,0.00664890699977058,0.00664890699977058,NaN,9.41367335433434,9.41367335433434,0.00664890699977058,0,0,NaN,NaN
771,Stim,1,4,0.1818,-0.0536666666662313,9,Right,0.221400000000358,0.259400000000369,0.275066666666589,39.0000000079453,NaN,0.018827345311444,0.018827345311444,NaN,9.41367397209275,9.41367397209275,0.0132978141454875,-0.0133280557632547,314.934923579039,NaN,NaN
771,Stim,1,4,0.1818,-0.0536666666662313,10,Right,0.282400000000507,0.289400000000569,0.336066666666738,8.00000000162981,NaN,0.0358756742431106,0.0358756742431106,NaN,8.66655969618934,8.66655969618934,-0.0132978141454875,0.0333201461783988,111.756562060652,NaN,NaN
771,Stim,1,4,0.1818,-0.0536666666662313,11,Right,0.29740000000038,0.307400000000143,0.351066666666611,11.000000002241,NaN,0.0210304759712012,0.0210304759712012,NaN,7.43708832355577,7.43708832355577,0.0199467205220763,0.00666402731007681,18.4740293211713,NaN,NaN
771,Stim,1,4,0.1818,-0.0536666666662313,12,Right,0.312400000000252,0.318400000000565,0.366066666666484,7.00000000142609,NaN,0.0333201130933979,0.0333201130933979,NaN,6.66402357952025,6.66402357952025,0,0.0333201130933979,90,NaN,NaN
771,Stim,1,4,0.1818,-0.0536666666662313,13,Right,0.320400000000518,0.326400000000376,0.374066666666749,7.00000000142609,NaN,0.0426328200756262,0.0426328200756262,NaN,9.41366826436937,9.41366826436937,0.0265956276677932,-0.0333201130933979,308.596356294227,NaN,NaN
771,Stim,1,4,0.1818,-0.0536666666662313,14,Right,0.334400000000187,0.341400000000249,0.388066666666418,8.00000000162981,NaN,0.0470683441584647,0.0470683441584647,NaN,9.41366826436937,9.41366826436937,-0.0332445346675638,0.0333201130933979,134.9349456039,NaN,NaN
771,Stim,1,4,0.1818,-0.0536666666662313,15,Right,0.364400000000387,0.369400000000496,0.418066666666618,6.00000000122236,NaN,0.0274727692133973,0.0274727692133973,NaN,6.66401290580009,6.66401290580009,0.0066489071457169,0.0266560515084329,75.9943196391974,NaN,NaN
771,Stim,1,4,0.1818,-0.0536666666662313,16,Right,0.371400000000449,0.376400000000558,0.42506666666668,6.00000000122236,NaN,0.0297888724777188,0.0297888724777188,NaN,8.66654519208884,8.66654519208884,0.0132978134094883,-0.0266560515084329,296.513075751791,NaN,NaN
771,Stim,1,4,0.1818,-0.0536666666662313,17,Right,0.406400000000303,0.413400000000365,0.460066666666535,8.00000000162981,NaN,0.0470683047829304,0.0470683047829304,NaN,9.41366196428282,9.41366196428282,-0.0332445346675638,0.0333200574710786,134.934993426646,NaN,NaN
771,Stim,1,4,0.1818,-0.0536666666662313,18,Right,0.420400000000427,0.431400000000394,0.474066666666658,12.0000000024447,NaN,0.0332445346675638,0.0332445346675638,NaN,9.41366015681651,9.41366015681651,0.0332445346675638,0,0,NaN,NaN
771,Stim,1,4,0.1818,-0.0536666666662313,19,Right,0.483400000000529,0.488400000000183,0.53706666666676,6.00000000122236,NaN,0.0376546047079629,0.0376546047079629,NaN,9.41365121742519,9.41365121742519,-0.0265956276677932,0.0266559907838568,134.935052672427,NaN,NaN
771,Stim,1,4,0.1818,-0.0536666666662313,20,Right,0.490400000000136,0.503400000000511,0.544066666666367,14.0000000028522,NaN,0.0479794586055172,0.0479794586055172,NaN,7.10191800373826,7.10191800373826,0.0398934406063138,-0.0266559907838568,326.249954347968,NaN,NaN
771,Stim,1,4,0.1818,-0.0536666666662313,21,Right,0.507400000000416,0.514400000000478,0.561066666666648,8.00000000162981,NaN,0.0339768888966707,0.0339768888966707,NaN,7.02287785055972,7.02287785055972,-0.00664890650910449,0.0333199793116666,101.284981184729,NaN,NaN
771,Stim,1,4,0.1818,-0.0536666666662313,22,Right,0.516400000000431,0.525400000000445,0.570066666666662,10.0000000020373,NaN,0.0339768888966707,0.0339768888966707,NaN,5.66281550275554,5.66281550275554,0.00664890650910447,-0.0333199793116666,281.284981184729,NaN,NaN
771,Stim,1,4,0.1818,-0.0536666666662313,23,Right,0.549400000000333,0.555400000000191,0.603066666666564,7.00000000142609,NaN,0.0333200574710786,0.0333200574710786,NaN,6.66401290580009,6.66401290580009,0,-0.0333200574710786,270,NaN,NaN
771,Stim,1,4,0.1818,-0.0536666666662313,24,Right,0.557400000000143,0.563400000000456,0.611066666666375,7.00000000142609,NaN,0.0426327766034523,0.0426327766034523,NaN,8.66654731378364,8.66654731378364,-0.0265956276677932,0.0333200574710786,128.596402927327,NaN,NaN
771,Stim,1,4,0.1818,-0.0536666666662313,25,Merged,0.580400000000282,0.596400000000358,0.634066666666513,17.0000000034634,0.220314349073356,0.194283369072591,0.207298859072974,23.350392975678,20.7456894861836,23.350392975678,0.0166222647903286,-0.206584687969279,274.600235731708,-5.00000000101863,2.43245271554389
771,Stim,1,4,0.1818,-0.0536666666662313,26,Merged,0.598400000000311,0.605400000000373,0.652066666666542,8.00000000162981,0.053311947125073,0.027472808219661,0.040392377672367,8.95416338730099,7.44722533960598,8.95416338730099,-0.00332445296937501,0.0399840195679711,94.7528991405643,-2.00000000040745,14.0056574752654
771,Stim,1,4,0.1818,-0.0536666666662313,27,Right,0.606400000000122,0.613400000000183,0.660066666666353,8.00000000162981,NaN,0.0470683665585583,0.0470683665585583,NaN,9.41367378829683,9.41367378829683,-0.0332445346675638,0.0333201447359995,134.93491839838,NaN,NaN
771,Stim,1,4,0.1818,-0.0536666666662313,28,Right,0.627400000000307,0.632400000000416,0.681066666666538,6.00000000122236,NaN,0.0332929468011355,0.0332929468011355,NaN,7.84472850340318,7.84472850340318,-0.0199467212580754,-0.0266561178297943,233.192562302967,NaN,NaN
771,Stim,1,4,0.1818,-0.0536666666662313,29,Right,0.634400000000369,0.645400000000336,0.6880666666666,12.0000000024447,NaN,0.00941367168410657,0.00941367168410657,NaN,8.66655970531934,8.66655970531934,-0.00664890667474906,-0.00666402690620523,225.065073942563,NaN,NaN
771,Stim,1,4,0.1818,-0.0536666666662313,30,Right,0.651400000000194,0.660400000000209,0.705066666666426,10.0000000020373,NaN,0.0358756729034576,0.0358756729034576,NaN,7.10547437354868,7.10547437354868,-0.0132978141454875,0.0333201447359995,111.756562914515,NaN,NaN
771,Stim,1,4,0.1818,-0.0536666666662313,31,Right,0.675400000000536,0.682400000000143,0.729066666666768,8.00000000162981,NaN,0.0426328451123191,0.0426328451123191,NaN,8.66656013083084,8.66656013083084,-0.0265956281584593,-0.0333201447359995,231.403669719138,NaN,NaN
771,Stim,1,4,0.1818,-0.0536666666662313,32,Right,0.703400000000329,0.710400000000391,0.75706666666656,8.00000000162981,NaN,0.0358756728543389,0.0358756728543389,NaN,7.84472833012369,7.84472833012369,-0.0132978140129718,0.0333201447359995,111.756562717954,NaN,NaN
771,Stim,1,4,0.1818,-0.0536666666662313,33,Right,0.720400000000154,0.727400000000216,0.774066666666386,8.00000000162981,NaN,0.035875672945275,0.035875672945275,NaN,8.66655999869328,8.66655999869328,0.0132978142583049,-0.0333201447359995,291.756563081857,NaN,NaN
771,Stim,1,4,0.1818,-0.0536666666662313,34,Right,0.739400000000387,0.763400000000274,0.793066666666618,25.0000000050932,NaN,0.0358756714086548,0.0358756714086548,NaN,8.66300875633479,8.66300875633479,0.0132978101127145,0.0333201447359995,68.2434430673029,NaN,NaN
771,Stim,1,4,0.1818,-0.0536666666662313,35,Right,0.766400000000431,0.773400000000493,0.820066666666662,8.00000000162981,NaN,0.0358756727288869,0.0358756727288869,NaN,6.66402948614089,6.66402948614089,0.0132978136745196,-0.0333201447359995,291.756562215928,NaN,NaN
771,Stim,1,4,0.1818,-0.0536666666662313,36,Right,0.806400000000394,0.818400000000565,0.860066666666626,13.0000000026484,NaN,0.0387928111949872,0.0387928111949872,NaN,10.4609601141962,10.4609601141962,-0.0332445299578865,0.0199920841407069,148.97878764152,NaN,NaN
771,Stim,1,4,0.1818,-0.0536666666662313,37,Right,0.828400000000329,0.847400000000562,0.88206666666656,20.0000000040745,NaN,0.0358756403536568,0.0358756403536568,NaN,9.41366775490978,9.41366775490978,-0.0132978128454014,-0.0333201102086053,248.243418574561,NaN,NaN
771,Stim,1,4,0.1818,-0.0536666666662313,38,Right,0.851400000000467,0.858400000000529,0.905066666666698,8.00000000162981,NaN,0.0333201102086053,0.0333201102086053,NaN,6.66402303140946,6.66402303140946,0,0.0333201102086053,90,NaN,NaN
771,Stim,1,4,0.1818,-0.0536666666662313,39,Right,0.904400000000351,0.911400000000413,0.958066666666582,8.00000000162981,NaN,0.0470683608194675,0.0470683608194675,NaN,9.41367287004219,9.41367287004219,-0.0332445265420283,0.0333201447359995,134.934911396361,NaN,NaN
771,Stim,1,4,0.1818,-0.0536666666662313,40,Right,0.9354000000003,0.96140000000014,0.989066666666531,27.0000000055006,NaN,0.0358756830048246,0.0358756830048246,NaN,9.41367232427535,9.41367232427535,0.0132978128454014,0.0333201561309568,68.2434457594227,NaN,NaN
771,Stim,1,4,0.1818,-0.0536666666662313,41,Right,0.963400000000547,0.968400000000202,1.01706666666678,6.00000000122236,NaN,0.0274728408946087,0.0274728408946087,NaN,6.75553946388745,6.75553946388745,0.00664890667474906,-0.0266561255033616,284.00564205965,NaN,NaN
772,Stim,1,3,0.1818,-0.0525000000002365,1,Right,0.211533333333136,0.216533333333246,0.264033333333373,6.00000000122236,NaN,0.0480214754248652,0.0480214754248652,NaN,10.4713820463463,10.4713820463463,0.0265956186051583,-0.0399841865365533,303.630000869525,NaN,NaN
772,Stim,1,3,0.1818,-0.0525000000002365,2,Right,0.596533333333355,0.601533333333009,0.649033333333591,6.00000000122236,NaN,0.0480214629100264,0.0480214629100264,NaN,10.471378429832,10.471378429832,-0.0265956276821195,0.0399841654685091,123.630023808408,NaN,NaN
773,NonStim,0,1,0.3636,NaN,1,Merged,0.723966666666456,0.73796666666658,NaN,15.0000000030559,0.0834565942258076,0.157903563621753,0.12068007892378,9.13927245993525,15.6894440548162,15.6894440548162,-0.0565156942698164,0.106624231165126,117.92562507843,-6.00000000122236,0.96321811719298
773,NonStim,0,1,0.3636,NaN,2,Merged,0.739966666666533,0.746966666666594,NaN,8.00000000162981,0.0720321865744193,0.0847227692742047,0.078377477924312,12.9447645624755,14.4579669486337,14.4579669486337,0.0498667951911619,-0.0599760512035318,309.741663967901,1.00000000020373,11.3050739531141
775,NonStim,0,2,0.3636,NaN,1,Left,0.683666666666795,0.689666666666653,NaN,7.00000000142609,0.0446833372203905,NaN,0.0446833372203905,8.00356731286927,NaN,8.00356731286927,0.0199467181134601,-0.0399841101145605,296.513054651495,NaN,NaN
775,NonStim,0,2,0.3636,NaN,2,Left,0.921666666667079,0.927666666666937,NaN,7.00000000142609,0.0519993649297111,NaN,0.0519993649297111,9.41367485739716,NaN,9.41367485739716,-0.0332445347925265,0.0399841826166518,129.741563323591,NaN,NaN
777,Stim,1,1,0.3636,-0.0521333333331313,1,Left,0.842999999999847,0.849999999999909,0.895133333332979,8.00000000162981,0.073304214267651,NaN,0.073304214267651,11.1618526716525,NaN,11.1618526716525,0,-0.073304214267651,270,NaN,NaN
778,NonStim,0,1,0.6363,NaN,1,Left,0.055466666666689,0.0614666666665471,NaN,7.00000000142609,0.0549456440591797,NaN,0.0549456440591797,11.1067090366694,NaN,11.1067090366694,-0.0132978131416292,-0.0533122121725255,255.994348350118,NaN,NaN
778,NonStim,0,1,0.6363,NaN,2,Right,0.366466666666383,0.373466666666445,NaN,8.00000000162981,NaN,0.0804905000825452,0.0804905000825452,NaN,13.9094368944794,13.9094368944794,0.0332445307810055,-0.0733043094005325,294.394957415347,NaN,NaN
778,NonStim,0,1,0.6363,NaN,3,Left,0.402466666666442,0.407466666666551,NaN,6.00000000122236,0.0480214756203003,NaN,0.0480214756203003,10.4713815578485,NaN,10.4713815578485,-0.0265956209310603,0.0399841852241914,123.630004047351,NaN,NaN
778,NonStim,0,1,0.6363,NaN,4,Left,0.524466666666285,0.531466666666347,NaN,8.00000000162981,0.0549456769552917,NaN,0.0549456769552917,10.4713829142206,NaN,10.4713829142206,-0.0132978142189457,0.0533122458078225,104.005644251373,NaN,NaN
780,NonStim,0,3,-0.4545,NaN,1,Right,0.832099999999627,0.837099999999737,NaN,6.00000000122236,NaN,0.0421373362456182,0.0421373362456182,NaN,9.92961320655615,9.92961320655615,-0.0132977960259213,0.0399840434014531,108.395968188686,NaN,NaN
780,NonStim,0,3,-0.4545,NaN,2,Left,0.909099999999398,0.914099999999507,NaN,6.00000000122236,0.0707485661391701,NaN,0.0707485661391701,15.764154467999,NaN,15.764154467999,-0.0531912439542215,0.0466481637082428,138.749576998374,NaN,NaN
781,Stim,1,1,0.4545,-0.0516666666667334,1,Right,0.608733333333021,0.616733333333286,0.660399999999754,9.00000000183354,NaN,0.105343645899918,0.105343645899918,NaN,15.90081053207,15.90081053207,0.0332444940901565,-0.0999604288915212,288.395915273734,NaN,NaN
781,Stim,1,1,0.4545,-0.0516666666667334,2,Right,0.71273333333329,0.717733333332944,0.764400000000023,6.00000000122236,NaN,0.0421374408657653,0.0421374408657653,NaN,9.92963469714067,9.92963469714067,0.0132977789397844,-0.0399841593382241,288.395896393837,NaN,NaN
781,Stim,1,1,0.4545,-0.0516666666667334,3,Right,0.806733333333341,0.814733333333152,0.858400000000074,9.00000000183354,NaN,0.0717512686610641,0.0717512686610641,NaN,9.92963842989433,9.92963842989433,-0.0265956103949973,-0.0666402135515014,248.243427886551,NaN,NaN
782,NonStim,0,4,0.0909,NaN,1,Right,0.182999999999993,0.188999999999851,NaN,7.00000000142609,NaN,0.0399841826100896,0.0399841826100896,NaN,6.66403144369789,6.66403144369789,0,0.0399841826100896,90,NaN,NaN
782,NonStim,0,4,0.0909,NaN,2,Right,0.922999999999774,0.929000000000087,NaN,7.00000000142609,NaN,0.0405332338731779,0.0405332338731779,NaN,7.02291316482929,7.02291316482929,0.00664890654466213,0.0399841854984953,80.5587659729364,NaN,NaN
782,NonStim,0,4,0.0909,NaN,3,Merged,0.938999999999851,0.965000000000146,NaN,27.0000000055006,0.819734131704,0.753261818753826,0.786497975228913,58.8641778898594,55.5436518723349,58.8641778898594,-0.00332445321662973,-0.786311969311399,269.757760264362,-1.00000000020373,2.44689492445991
783,Stim,1,3,-0.4545,-0.0513333333337869,1,Right,0.340666666666493,0.346666666666351,0.39200000000028,7.00000000142609,NaN,0.0446834070512353,0.0446834070512353,NaN,9.41367476271403,9.41367476271403,-0.0199467195147074,0.0399841874533918,116.513011990289,NaN,NaN
783,Stim,1,3,-0.4545,-0.0513333333337869,2,Left,0.442666666666355,0.447666666666464,0.494000000000142,6.00000000122236,0.0536971357267024,NaN,0.0536971357267024,12.4120553580616,NaN,12.4120553580616,-0.0265956250008622,0.0466482059254738,119.688839028959,NaN,NaN
783,Stim,1,3,-0.4545,-0.0513333333337869,3,Left,0.738666666666631,0.745666666666239,0.790000000000418,8.00000000162981,0.0507338039705134,NaN,0.0507338039705134,8.88535358911289,NaN,8.88535358911289,-0.0199467207003278,0.0466481210620706,113.15153545112,NaN,NaN
784,NonStim,0,4,0.6363,NaN,1,Left,0.166033333333871,0.175033333333886,NaN,10.0000000020373,0.0358755683180546,NaN,0.0358755683180546,7.84471566312332,NaN,7.84471566312332,-0.0132978137059418,0.0333200323046883,111.756628819164,NaN,NaN
784,NonStim,0,4,0.6363,NaN,2,Left,0.360033333333831,0.366033333333689,NaN,7.00000000142609,0.0333201555618286,NaN,0.0333201555618286,8.663010559788,NaN,8.663010559788,-4.16333634234434e-17,0.0333201555618286,90.0000000000001,NaN,NaN
784,NonStim,0,4,0.6363,NaN,3,Left,0.614033333333737,0.620033333333595,NaN,7.00000000142609,0.0536971255598761,NaN,0.0536971255598761,10.4713791649685,NaN,10.4713791649685,-0.0265956065704108,0.0466482047301396,119.6888225766,NaN,NaN
785,Stim,1,4,-1,-0.0567000000000917,1,Merged,0.515133333333324,0.524133333333339,0.571833333333416,10.0000000020373,0.0866033112608041,0.143839090027269,0.115221200644037,11.5935807333123,20.2666092294844,20.2666092294844,0.0332445060789202,0.109956466878754,73.1777052762015,0,9.21045933323893
786,Stim,1,1,-1,-0.0538333333333867,1,Right,0.0810999999998785,0.0860999999999876,0.134933333333265,6.00000000122236,NaN,0.0421374764513927,0.0421374764513927,NaN,9.54703945858339,9.54703945858339,0.0132978140108453,-0.03998418517645,288.39593055693,NaN,NaN
786,Stim,1,1,-1,-0.0538333333333867,2,Merged,0.498099999999795,0.511099999999715,0.551933333333182,14.0000000028522,0.189531035267944,0.13714725705139,0.163339146159667,20.0178919168654,14.2109389115262,20.0178919168654,-0.0498667882153502,-0.153272519229914,251.977846509471,2.00000000040745,18.897216343475
786,Stim,1,1,-1,-0.0538333333333867,3,Merged,0.641099999999824,0.655099999999948,0.694933333333211,15.0000000030559,0.133942273928258,0.141358733594732,0.137650503761495,16.9112957944798,15.7065034306401,16.9112957944798,-0.00332444929417087,0.136612440947528,91.3940116029851,-1.00000000020373,13.8096312654981
787,NonStim,0,4,0.4545,NaN,1,Right,0.29223333333357,0.302233333333788,NaN,11.000000002241,NaN,0.153818878143335,0.153818878143335,NaN,20.7456852236616,20.7456852236616,-0.0465423301549179,-0.146608522184165,252.387442691911,NaN,NaN
788,NonStim,0,4,-0,NaN,1,Merged,0.0235666666667385,0.0395666666668149,NaN,17.0000000034634,0.164539722356509,0.144064181661423,0.154301952008966,15.6894484796178,15.4392634096527,15.6894484796178,0.0698134773633679,-0.136612427816251,297.068537833671,1.00000000020373,12.3035456189291
788,NonStim,0,4,-0,NaN,2,Left,0.434566666666797,0.439566666666451,NaN,6.00000000122236,0.0339770460454773,NaN,0.0339770460454773,8.66300650072284,NaN,8.66300650072284,0.00664890279979195,-0.0333201402988553,281.284921926108,NaN,NaN
788,NonStim,0,4,-0,NaN,3,Left,0.662566666666407,0.669566666666469,NaN,8.00000000162981,0.0471196767556422,NaN,0.0471196767556422,11.0976471037558,NaN,11.0976471037558,-0.00664890395912381,-0.0466482155467769,261.888106448756,NaN,NaN
789,NonStim,0,2,-0.1818,NaN,1,Right,0.585266666666485,0.590266666666594,NaN,6.00000000122236,NaN,0.0446834013752417,0.0446834013752417,NaN,11.0976487507756,11.0976487507756,-0.0199467087138487,0.0399841864984874,116.513000143872,NaN,NaN
789,NonStim,0,2,-0.1818,NaN,2,Right,0.598266666666404,0.603266666666514,NaN,6.00000000122236,NaN,0.0405332338116638,0.0405332338116638,NaN,8.95421022993877,8.95421022993877,-0.00664890015605458,-0.0399841864984874,260.558775113103,NaN,NaN
790,NonStim,0,4,-0.0909,NaN,1,Merged,0.422466666666878,0.432466666666642,NaN,11.000000002241,0.127182342352791,0.175788752647524,0.151485547500157,18.0616916145897,24.0107298116624,24.0107298116624,-0.0964091130598555,0.116620408296832,129.580253672177,-2.00000000040745,5.57279699899561
791,NonStim,0,4,-1,NaN,1,Merged,0.738699999999881,0.758699999999862,NaN,21.0000000042783,0.185584044152686,0.0707696225695267,0.128176833361107,21.8695072869211,12.4120000199108,21.8695072869211,0.0565156964459349,-0.059976420152933,313.298369307467,12.0000000024447,117.88441661377
792,Stim,1,3,-0,-0.0566333333335933,1,Right,0.341333333332841,0.347333333333154,0.397966666666434,7.00000000142609,NaN,0.051999344933656,0.051999344933656,NaN,9.41367052839117,9.41367052839117,-0.0332444993844174,0.039984186051598,129.741530904108,NaN,NaN
792,Stim,1,3,-0,-0.0566333333335933,2,Right,0.940333333333001,0.946333333332859,0.996966666666594,7.00000000142609,NaN,0.0446829044731835,0.0446829044731835,NaN,9.41359425651578,9.41359425651578,-0.0199466819831973,0.0399836445314936,116.513279699173,NaN,NaN
795,NonStim,0,2,0.6363,NaN,1,Left,0.00246666666680539,0.00746666666645979,NaN,6.00000000122236,0.0399841502816813,NaN,0.0399841502816813,8.88536786594422,NaN,8.88536786594422,0,0.0399841502816813,90,NaN,NaN
795,NonStim,0,2,0.6363,NaN,2,Left,0.0544666666664853,0.0594666666665944,NaN,6.00000000122236,0.0339770286517004,NaN,0.0339770286517004,8.00357719578473,NaN,8.00357719578473,-0.00664890666055056,0.0333201217917606,101.284934417837,NaN,NaN
795,NonStim,0,2,0.6363,NaN,3,Left,0.305466666666689,0.314466666666704,NaN,10.0000000020373,0.115031029239169,NaN,0.115031029239169,15.5888287478851,NaN,15.5888287478851,-0.0199467193969712,-0.113288419854463,260.014267158751,NaN,NaN
795,NonStim,0,2,0.6363,NaN,4,Left,0.74446666666654,0.750466666666398,NaN,7.00000000142609,0.0332445289100391,NaN,0.0332445289100391,8.6665612688847,NaN,8.6665612688847,0.0332445289100391,0,0,NaN,NaN
796,NonStim,0,3,-0.6363,NaN,1,Left,0.00216666666665333,0.00816666666651145,NaN,7.00000000142609,0.0549456767159721,NaN,0.0549456767159721,11.5935840143359,NaN,11.5935840143359,-0.0132978121760184,0.0533122460707431,104.005642118044,NaN,NaN
796,NonStim,0,3,-0.6363,NaN,2,Left,0.0101666666664642,0.0181666666667297,NaN,9.00000000183354,0.0717513596841331,NaN,0.0717513596841331,12.4120570292099,NaN,12.4120570292099,0.0265956211895699,-0.0666403072476616,291.756552386388,NaN,NaN
796,NonStim,0,3,-0.6363,NaN,3,Left,0.0201666666666824,0.0311666666666497,NaN,12.0000000024447,0.0669711766222143,NaN,0.0669711766222143,7.84472818015101,NaN,7.84472818015101,-0.0066489057822383,0.0666403072476616,95.6977175292906,NaN,NaN
796,NonStim,0,3,-0.6363,NaN,4,Left,0.0341666666668061,0.0511666666666315,NaN,18.0000000036671,0.0210304733203566,NaN,0.0210304733203566,8.0035793399633,NaN,8.0035793399633,-0.01994671716764,-0.00666402898496157,198.47403654499,NaN,NaN
796,NonStim,0,3,-0.6363,NaN,5,Left,0.0531666666665842,0.0581666666666933,NaN,6.00000000122236,0.0274728383190268,NaN,0.0274728383190268,7.02291203186991,NaN,7.02291203186991,-0.00664890682624671,-0.0266561228110781,255.994356274891,NaN,NaN
796,NonStim,0,3,-0.6363,NaN,6,Left,0.0741666666667697,0.0831666666667843,NaN,10.0000000020373,0.0399841797332786,NaN,0.0399841797332786,6.66403073146187,NaN,6.66403073146187,0,0.0399841797332786,90,NaN,NaN
796,NonStim,0,3,-0.6363,NaN,7,Left,0.109166666666624,0.131166666666559,NaN,23.0000000046857,0.0358756550445289,NaN,0.0358756550445289,8.00357410576559,NaN,8.00357410576559,0.0132978139058848,0.0333201256029818,68.2434261146296,NaN,NaN
796,NonStim,0,3,-0.6363,NaN,8,Left,0.133166666666511,0.144166666666479,NaN,12.0000000024447,0.0339770322173607,NaN,0.0339770322173607,8.66300509577509,NaN,8.66300509577509,0.0066489057822383,-0.0333201256029818,281.284931707698,NaN,NaN
796,NonStim,0,3,-0.6363,NaN,9,Left,0.147166666666635,0.15616666666665,NaN,10.0000000020373,0.042632829719011,NaN,0.042632829719011,6.66402594359874,NaN,6.66402594359874,-0.0265956274536192,0.0333201256029818,128.59634558139,NaN,NaN
796,NonStim,0,3,-0.6363,NaN,10,Left,0.158166666666602,0.165166666666664,NaN,8.00000000162981,0.0470683531602009,NaN,0.0470683531602009,9.41367021098911,NaN,9.41367021098911,0.0332445348743956,-0.0333201256029818,314.934935026702,NaN,NaN
796,NonStim,0,3,-0.6363,NaN,11,Left,0.173166666666475,0.180166666666537,NaN,8.00000000162981,0.035875654790306,NaN,0.035875654790306,7.02290800964837,NaN,7.02290800964837,-0.0132978132200267,0.0333201256029818,111.756572868036,NaN,NaN
796,NonStim,0,3,-0.6363,NaN,12,Left,0.18616666666685,0.198166666666566,NaN,13.0000000026484,0.0333201256029818,NaN,0.0333201256029818,9.9960344114684,NaN,9.9960344114684,0,-0.0333201256029818,270,NaN,NaN
796,NonStim,0,3,-0.6363,NaN,13,Left,0.223166666666657,0.231166666666468,NaN,9.00000000183354,0.0297889136962116,NaN,0.0297889136962116,8.00357442792508,NaN,8.00357442792508,-0.0132978132200268,0.0266560976657429,116.513035794743,NaN,NaN
796,NonStim,0,3,-0.6363,NaN,14,Left,0.234166666666624,0.241166666666686,NaN,8.00000000162981,0.0333201256029818,NaN,0.0333201256029818,8.44240629509081,NaN,8.44240629509081,-4.5102810375397e-17,-0.0333201256029818,270,NaN,NaN
796,NonStim,0,3,-0.6363,NaN,15,Left,0.244166666666843,0.253166666666857,NaN,10.0000000020373,0.01994671716764,NaN,0.01994671716764,4.96482190029253,NaN,4.96482190029253,-0.01994671716764,0,180,NaN,NaN
796,NonStim,0,3,-0.6363,NaN,16,Left,0.258166666666511,0.271166666666431,NaN,14.0000000028522,0.00664890682624671,NaN,0.00664890682624671,6.66403073146187,NaN,6.66403073146187,0.00664890682624671,0,0,NaN,NaN
796,NonStim,0,3,-0.6363,NaN,17,Left,0.273166666666839,0.280166666666446,NaN,8.00000000162981,0.0399841455971198,NaN,0.0399841455971198,8.45563925974848,NaN,8.45563925974848,0,0.0399841455971198,90,NaN,NaN
796,NonStim,0,3,-0.6363,NaN,18,Left,0.282166666666853,0.290166666666664,NaN,9.00000000183354,0.0480214408189178,NaN,0.0480214408189178,8.66655321733943,NaN,8.66655321733943,0.0265956176689534,-0.0399841455971198,303.630026991744,NaN,NaN
796,NonStim,0,3,-0.6363,NaN,19,Left,0.293166666666821,0.305166666666537,NaN,13.0000000026484,0.0404462000247506,NaN,0.0404462000247506,7.01015715671156,NaN,7.01015715671156,-0.0398934308889802,0.00666402793723891,170.516546444073,NaN,NaN
796,NonStim,0,3,-0.6363,NaN,20,Left,0.30716666666649,0.315166666666755,NaN,9.00000000183354,0.0405332282322446,NaN,0.0405332282322446,6.66403073146187,NaN,6.66403073146187,0.00664890682624671,-0.0399841797332786,279.441235756505,NaN,NaN
796,NonStim,0,3,-0.6363,NaN,21,Left,0.317166666666708,0.323166666666566,NaN,7.00000000142609,0.0333201517960397,NaN,0.0333201517960397,6.66403073146187,NaN,6.66403073146187,0,0.0333201517960397,90,NaN,NaN
796,NonStim,0,3,-0.6363,NaN,22,Left,0.334166666666533,0.347166666666453,NaN,14.0000000028522,0.0132978121760184,NaN,0.0132978121760184,7.84472316177306,NaN,7.84472316177306,-0.0132978121760184,0,180,NaN,NaN
796,NonStim,0,3,-0.6363,NaN,23,Left,0.463166666666439,0.472166666666453,NaN,10.0000000020373,0,NaN,0,4.44268627821029,NaN,4.44268627821029,0,0,0,NaN,NaN
796,NonStim,0,3,-0.6363,NaN,24,Left,0.486166666666577,0.493166666666639,NaN,8.00000000162981,0.0339770318728891,NaN,0.0339770318728891,8.00357470350042,NaN,8.00357470350042,-0.00664890402192995,0.0333201256029818,101.284928796665,NaN,NaN
796,NonStim,0,3,-0.6363,NaN,25,Left,0.496166666666795,0.503166666666857,NaN,8.00000000162981,0.0358756544033297,NaN,0.0358756544033297,6.75553259107074,NaN,6.75553259107074,-0.0132978121760184,-0.0333201256029818,248.243428680544,NaN,NaN
796,NonStim,0,3,-0.6363,NaN,26,Left,0.526166666666541,0.533166666666602,NaN,8.00000000162981,0.0358756544033297,NaN,0.0358756544033297,6.75553259107074,NaN,6.75553259107074,0.0132978121760184,0.0333201256029818,68.2434286805439,NaN,NaN
796,NonStim,0,3,-0.6363,NaN,27,Left,0.535166666666555,0.546166666666522,NaN,12.0000000024447,0.0339770316480891,NaN,0.0339770316480891,5.65097635867551,NaN,5.65097635867551,0.0066489028731636,-0.0333201256029818,281.284926896943,NaN,NaN
796,NonStim,0,3,-0.6363,NaN,28,Left,0.550166666666428,0.555166666666537,NaN,6.00000000122236,0.0274728196322471,NaN,0.0274728196322471,6.66402594359874,NaN,6.66402594359874,-0.00664890639378004,0.0266561036596261,104.005652516462,NaN,NaN
796,NonStim,0,3,-0.6363,NaN,29,Left,0.55716666666649,0.562166666666599,NaN,6.00000000122236,0.0274728196322471,NaN,0.0274728196322471,6.66402594359874,NaN,6.66402594359874,0.00664890639378008,-0.0266561036596261,284.005652516462,NaN,NaN
796,NonStim,0,3,-0.6363,NaN,30,Left,0.573166666666566,0.588166666666439,NaN,16.0000000032596,0.0332445240627335,NaN,0.0332445240627335,8.66655450820559,NaN,8.66655450820559,0.0332445240627335,0,0,NaN,NaN
796,NonStim,0,3,-0.6363,NaN,31,Left,0.616166666666686,0.623166666666748,NaN,8.00000000162981,0.0426328236150461,NaN,0.0426328236150461,9.41366942830478,NaN,9.41366942830478,-0.0265956176689534,0.0333201256029818,128.596335303902,NaN,NaN
796,NonStim,0,3,-0.6363,NaN,32,Left,0.631166666666559,0.636166666666668,NaN,6.00000000122236,0.0519993218590348,NaN,0.0519993218590348,11.0976410728402,NaN,11.0976410728402,0.0332445240627335,-0.0399841355245031,309.741587406534,NaN,NaN
796,NonStim,0,3,-0.6363,NaN,33,Left,0.638166666666621,0.64316666666673,NaN,6.00000000122236,0.0266560976657429,NaN,0.0266560976657429,6.66402594359874,NaN,6.66402594359874,0,0.0266560976657429,90,NaN,NaN
796,NonStim,0,3,-0.6363,NaN,34,Left,0.654166666666697,0.661166666666759,NaN,8.00000000162981,0.0339770323370322,NaN,0.0339770323370322,6.7555340692438,NaN,6.7555340692438,0.00664890639378008,-0.0333201256029818,281.284932719009,NaN,NaN
796,NonStim,0,3,-0.6363,NaN,35,Left,0.66916666666657,0.680166666666537,NaN,12.0000000024447,0.0446833685491314,NaN,0.0446833685491314,7.84472593482058,NaN,7.84472593482058,-0.01994671716764,0.0399841455971198,116.513033255897,NaN,NaN
796,NonStim,0,3,-0.6363,NaN,36,Left,0.790166666666664,0.802166666666835,NaN,13.0000000026484,0.0332445240627335,NaN,0.0332445240627335,8.6665567858443,NaN,8.6665567858443,-0.0332445240627335,0,180,NaN,NaN
796,NonStim,0,3,-0.6363,NaN,37,Left,0.812166666666599,0.821166666666613,NaN,10.0000000020373,0.0132978068950935,NaN,0.0132978068950935,6.74103247999266,NaN,6.74103247999266,0.0132978068950935,0,0,NaN,NaN
796,NonStim,0,3,-0.6363,NaN,38,Left,0.827166666666471,0.836166666666486,NaN,10.0000000020373,0,NaN,0,7.10192568135692,NaN,7.10192568135692,0,0,0,NaN,NaN
796,NonStim,0,3,-0.6363,NaN,39,Left,0.847166666666453,0.852166666666562,NaN,6.00000000122236,0.029788910872753,NaN,0.029788910872753,7.0229063382476,NaN,7.0229063382476,-0.0132978068950935,-0.0266560976657429,243.486975091195,NaN,NaN
796,NonStim,0,3,-0.6363,NaN,40,Left,0.854166666666515,0.86316666666653,NaN,10.0000000020373,0.029788910872753,NaN,0.029788910872753,4.57880113222137,NaN,4.57880113222137,0.0132978068950935,0.0266560976657429,63.4869750911949,NaN,NaN
796,NonStim,0,3,-0.6363,NaN,41,Left,0.899166666666588,0.90616666666665,NaN,8.00000000162981,0.0388342482595528,NaN,0.0388342482595528,7.84471618231973,NaN,7.84471618231973,-0.0199467118867151,0.0333200768725548,120.906402407263,NaN,NaN
796,NonStim,0,3,-0.6363,NaN,42,Left,0.908166666666602,0.915166666666664,NaN,8.00000000162981,0.0388342509720322,NaN,0.0388342509720322,7.44722137876899,NaN,7.44722137876899,0.01994671716764,-0.0333200768725548,300.906409092376,NaN,NaN
796,NonStim,0,3,-0.6363,NaN,43,Left,0.925166666666428,0.93216666666649,NaN,8.00000000162981,0.0339769845487531,NaN,0.0339769845487531,6.66401664825842,NaN,6.66401664825842,0.00664890639378008,0.0333200768725548,78.7150512003711,NaN,NaN
796,NonStim,0,3,-0.6363,NaN,44,Left,0.934166666666442,0.941166666666504,NaN,8.00000000162981,0.0358756071866687,NaN,0.0358756071866687,6.75552243611047,NaN,6.75552243611047,0.0132978068950935,-0.0333200768725548,291.756592333458,NaN,NaN
796,NonStim,0,3,-0.6363,NaN,45,Left,0.947166666666817,0.954166666666424,NaN,8.00000000162981,0.0333200768725548,NaN,0.0333200768725548,6.66401664825842,NaN,6.66401664825842,0,0.0333200768725548,90,NaN,NaN
797,NonStim,0,1,-0.1818,NaN,1,Left,0.0331666666666024,0.0381666666662568,NaN,6.00000000122236,0.0274728399474502,NaN,0.0274728399474502,8.66300855958231,NaN,8.66300855958231,-0.00664890282971323,0.0266561254862601,104.005634287685,NaN,NaN
797,NonStim,0,1,-0.1818,NaN,2,Merged,0.218166666666548,0.232166666666217,NaN,15.0000000030559,0.188484767010012,0.194462978009995,0.191473872510004,20.4529873502958,22.7614380289733,22.7614380289733,0.109706866742246,-0.156604635820797,305.01254796151,-2.00000000040745,6.03697247940494
797,NonStim,0,1,-0.1818,NaN,3,Left,0.248166666666293,0.255166666666355,NaN,8.00000000162981,0.0466480910154009,NaN,0.0466480910154009,9.41365664529054,NaN,9.41365664529054,5.55111512312578e-17,-0.0466480910154009,270,NaN,NaN
797,NonStim,0,1,-0.1818,NaN,4,Left,0.456166666666377,0.462166666666235,NaN,7.00000000142609,0.0399841555608565,NaN,0.0399841555608565,6.66402945662354,NaN,6.66402945662354,0,0.0399841555608565,90,NaN,NaN
797,NonStim,0,1,-0.1818,NaN,5,Left,0.48316666666642,0.48816666666653,NaN,6.00000000122236,0.0339770145721534,NaN,0.0339770145721534,8.66299856125692,NaN,8.66299856125692,-0.00664889436843016,-0.0333201098874806,258.715081981423,NaN,NaN
797,NonStim,0,1,-0.1818,NaN,6,Left,0.755166666666355,0.761166666666213,NaN,7.00000000142609,0.0537251440551897,NaN,0.0537251440551897,11.1618392654696,NaN,11.1618392654696,0.00664888437608528,0.0533121322055715,82.8909968826859,NaN,NaN
797,NonStim,0,1,-0.1818,NaN,7,Left,0.825166666666519,0.831166666666377,NaN,7.00000000142609,0.0339770120403226,NaN,0.0339770120403226,7.84470768775881,NaN,7.84470768775881,0.00664888143031912,-0.0333201098874806,281.284896622728,NaN,NaN
798,Stim,1,2,-0.1818,-0.0630000000001019,1,Left,0.0223000000000866,0.0372999999999593,0.0853000000001884,16.0000000032596,0.00664890529768861,NaN,0.00664890529768861,7.02291160521703,NaN,7.02291160521703,-0.00664890529768861,0,180,NaN,NaN
798,Stim,1,2,-0.1818,-0.0630000000001019,2,Left,0.0723000000002685,0.081300000000283,0.13530000000037,10.0000000020373,0,NaN,0,4.4426873786484,NaN,4.4426873786484,0,0,0,NaN,NaN
798,Stim,1,2,-0.1818,-0.0630000000001019,3,Left,0.10530000000017,0.116300000000138,0.168300000000272,12.0000000024447,0.00664890529768861,NaN,0.00664890529768861,8.6665602616104,NaN,8.6665602616104,-0.00664890529768861,0,180,NaN,NaN
798,Stim,1,2,-0.1818,-0.0630000000001019,4,Left,0.137299999999868,0.14429999999993,0.20029999999997,8.00000000162981,0.0339770612704578,NaN,0.0339770612704578,6.75553927957219,NaN,6.75553927957219,-0.00664890204532757,0.0333201559745461,101.28491550562,NaN,NaN
798,Stim,1,2,-0.1818,-0.0630000000001019,5,Left,0.149300000000039,0.170300000000225,0.212300000000141,22.000000004482,0.0388343130839139,NaN,0.0388343130839139,8.66656008124079,NaN,8.66656008124079,-0.0199467059569084,-0.0333201559745461,239.093665043963,NaN,NaN
798,Stim,1,2,-0.1818,-0.0630000000001019,6,Left,0.183300000000145,0.190300000000207,0.246300000000247,8.00000000162981,0.047068361080323,NaN,0.047068361080323,9.41367281753507,NaN,9.41367281753507,-0.03324451564724,0.0333201559745461,134.934892345374,NaN,NaN
798,Stim,1,2,-0.1818,-0.0630000000001019,7,Left,0.199300000000221,0.208300000000236,0.262300000000323,10.0000000020373,0.0132978053538502,NaN,0.0132978053538502,7.99658621785219,NaN,7.99658621785219,-0.0132978053538502,0,180,NaN,NaN
798,Stim,1,2,-0.1818,-0.0630000000001019,8,Left,0.211299999999937,0.218299999999999,0.274300000000039,8.00000000162981,0.0333201559745461,NaN,0.0333201559745461,6.66403138596176,NaN,6.66403138596176,0,-0.0333201559745461,270,NaN,NaN
798,Stim,1,2,-0.1818,-0.0630000000001019,9,Left,0.235300000000279,0.242299999999886,0.298300000000381,8.00000000162981,0.0339770606709457,NaN,0.0339770606709457,7.44723268976988,NaN,7.44723268976988,-0.00664889898171453,0.0333201559745461,101.284910439308,NaN,NaN
798,Stim,1,2,-0.1818,-0.0630000000001019,10,Left,0.248300000000199,0.254300000000057,0.311300000000301,7.00000000142609,0.0358756790798933,NaN,0.0358756790798933,7.02291264060869,NaN,7.02291264060869,0.0132978026483857,-0.0333201559745461,291.756539207923,NaN,NaN
798,Stim,1,2,-0.1818,-0.0630000000001019,11,Left,0.25630000000001,0.262299999999868,0.319300000000112,7.00000000142609,0.0358756779443241,NaN,0.0358756779443241,7.0229125647498,NaN,7.0229125647498,-0.0132977995847727,0.0333201559745461,111.756534663661,NaN,NaN
798,Stim,1,2,-0.1818,-0.0630000000001019,12,Left,0.267299999999977,0.288300000000163,0.330300000000079,22.000000004482,0.0333201559745461,NaN,0.0333201559745461,6.75553927957219,NaN,6.75553927957219,0,-0.0333201559745461,270,NaN,NaN
798,Stim,1,2,-0.1818,-0.0630000000001019,13,Left,0.293300000000272,0.304300000000239,0.356300000000374,12.0000000024447,0.0210304634791479,NaN,0.0210304634791479,8.00357830987376,NaN,8.00357830987376,0.0199467059569083,0.00666403148374988,18.4740526801351,NaN,NaN
798,Stim,1,2,-0.1818,-0.0630000000001019,14,Left,0.306300000000192,0.31230000000005,0.369300000000294,7.00000000142609,0.0332929403746361,NaN,0.0332929403746361,7.10547366495507,NaN,7.10547366495507,-0.0199467016301003,0.0266561244907962,126.80740378382,NaN,NaN
798,Stim,1,2,-0.1818,-0.0630000000001019,15,Left,0.318299999999908,0.32529999999997,0.38130000000001,8.00000000162981,0.0358756790798933,NaN,0.0358756790798933,6.75553927957219,NaN,6.75553927957219,0.0132978026483857,-0.0333201559745461,291.756539207923,NaN,NaN
798,Stim,1,2,-0.1818,-0.0630000000001019,16,Left,0.343299999999999,0.348300000000108,0.406300000000101,6.00000000122236,0.0266561254290776,NaN,0.0266561254290776,6.75553904817925,NaN,6.75553904817925,0,0.0266561254290776,90,NaN,NaN
798,Stim,1,2,-0.1818,-0.0630000000001019,17,Left,0.350300000000061,0.365299999999934,0.413300000000163,16.0000000032596,0.103234376046545,NaN,0.103234376046545,10.4609596415801,NaN,10.4609596415801,0.0997335819813405,-0.0266561254290776,345.036136756535,NaN,NaN
798,Stim,1,2,-0.1818,-0.0630000000001019,18,Left,0.485300000000279,0.492299999999886,0.548300000000381,8.00000000162981,0.0388343128456476,NaN,0.0388343128456476,8.66300672349824,NaN,8.66300672349824,-0.0199467063920605,0.0333201554363506,120.906335914747,NaN,NaN
798,Stim,1,2,-0.1818,-0.0630000000001019,19,Left,0.499299999999948,0.510299999999916,0.56230000000005,12.0000000024447,0.0133280615959574,NaN,0.0133280615959574,7.02291279714894,NaN,7.02291279714894,0,0.0133280615959574,90,NaN,NaN
798,Stim,1,2,-0.1818,-0.0630000000001019,20,Left,0.512299999999868,0.522300000000087,0.57529999999997,11.000000002241,0.00664890343423325,NaN,0.00664890343423325,7.02291263998843,NaN,7.02291263998843,0.00664890343423325,0,0,NaN,NaN
798,Stim,1,2,-0.1818,-0.0630000000001019,21,Left,0.524300000000039,0.531300000000101,0.587300000000141,8.00000000162981,0.0339770615422499,NaN,0.0339770615422499,6.66403138596176,NaN,6.66403138596176,-0.00664890343423325,-0.0333201559745461,258.715082197539,NaN,NaN
798,Stim,1,2,-0.1818,-0.0630000000001019,22,Left,0.541299999999865,0.547300000000178,0.604299999999967,7.00000000142609,0.0358756817617726,NaN,0.0358756817617726,7.0229129745802,NaN,7.0229129745802,0.0132978098837328,0.0333201559745461,68.243450059878,NaN,NaN
798,Stim,1,2,-0.1818,-0.0630000000001019,23,Left,0.555299999999988,0.568299999999908,0.61830000000009,14.0000000028522,0.00941367263580842,NaN,0.00941367263580842,9.41367442044754,NaN,9.41367442044754,-0.00664890343423325,-0.00666403148374988,225.065107583101,NaN,NaN
798,Stim,1,2,-0.1818,-0.0630000000001019,24,Left,0.596300000000156,0.60530000000017,0.659300000000258,10.0000000020373,0.00664890343423325,NaN,0.00664890343423325,4.44268766688806,NaN,4.44268766688806,0.00664890343423325,0,0,NaN,NaN
798,Stim,1,2,-0.1818,-0.0630000000001019,25,Left,0.615299999999934,0.63130000000001,0.678300000000036,17.0000000034634,0.0148741743744085,NaN,0.0148741743744085,6.7555393860849,NaN,6.7555393860849,0.0132978098837328,0.00666403148374988,26.6171675846121,NaN,NaN
798,Stim,1,2,-0.1818,-0.0630000000001019,26,Left,0.633299999999963,0.646299999999883,0.696300000000065,14.0000000028522,0.00666403148374988,NaN,0.00666403148374988,9.41367415064754,NaN,9.41367415064754,0,-0.00666403148374988,270,NaN,NaN
798,Stim,1,2,-0.1818,-0.0630000000001019,27,Left,0.64830000000029,0.654300000000148,0.711300000000392,7.00000000142609,0.033320150570054,NaN,0.033320150570054,6.66403052124289,NaN,6.66403052124289,0,-0.033320150570054,270,NaN,NaN
798,Stim,1,2,-0.1818,-0.0630000000001019,28,Left,0.656300000000101,0.662299999999959,0.719300000000203,7.00000000142609,0.0519780600407663,NaN,0.0519780600407663,9.41367397435932,NaN,9.41367397435932,-0.0398934366981642,0.033320150570054,140.130392701475,NaN,NaN
798,Stim,1,2,-0.1818,-0.0630000000001019,29,Left,0.680299999999988,0.688300000000254,0.74330000000009,9.00000000183354,0.0339770620622159,NaN,0.0339770620622159,7.84472821325444,NaN,7.84472821325444,0.00664890609134972,0.0333201559745461,78.7150778034528,NaN,NaN
798,Stim,1,2,-0.1818,-0.0630000000001019,30,Left,0.698300000000017,0.707300000000032,0.761300000000119,10.0000000020373,0.0358756823519937,NaN,0.0358756823519937,7.02291275199676,NaN,7.02291275199676,-0.0132978114760689,-0.0333201559745461,248.243447697964,NaN,NaN
798,Stim,1,2,-0.1818,-0.0630000000001019,31,Left,0.754300000000057,0.763300000000072,0.817300000000159,10.0000000020373,0.00664890713679078,NaN,0.00664890713679078,4.96482325348746,NaN,4.96482325348746,-0.00664890713679078,0,180,NaN,NaN
798,Stim,1,2,-0.1818,-0.0630000000001019,32,Left,0.766300000000228,0.783300000000054,0.82930000000033,18.0000000036671,0.00664890713679082,NaN,0.00664890713679082,6.66403138596176,NaN,6.66403138596176,0.00664890713679082,0,0,NaN,NaN
798,Stim,1,2,-0.1818,-0.0630000000001019,33,Left,0.785300000000007,0.791299999999865,0.848300000000108,7.00000000142609,0.047068373899199,NaN,0.047068373899199,9.41367489905296,NaN,9.41367489905296,-0.0332445337965012,0.0333201559745461,134.934907985144,NaN,NaN
798,Stim,1,2,-0.1818,-0.0630000000001019,34,Merged,0.79930000000013,0.81230000000005,0.862300000000232,14.0000000028522,0.080370324706438,0.10130886180379,0.090839593255114,11.0815091337407,15.8678903105861,15.8678903105861,-0.0831112833455337,-0.036652171729493,203.79753456445,6.00000000122236,1.24727210540883
798,Stim,1,2,-0.1818,-0.0630000000001019,35,Left,0.818299999999908,0.82529999999997,0.88130000000001,8.00000000162981,0.0426328223792098,NaN,0.0426328223792098,8.66655585010515,NaN,8.66655585010515,0.0265955844080589,-0.033320150570054,308.596279435686,NaN,NaN
798,Stim,1,2,-0.1818,-0.0630000000001019,36,Left,0.840299999999843,0.85530000000017,0.903299999999945,16.0000000032596,0.0210304487251919,NaN,0.0210304487251919,6.66402985431329,NaN,6.66402985431329,0.0199466913648174,-0.00666402859985177,341.525942174557,NaN,NaN
798,Stim,1,2,-0.1818,-0.0630000000001019,37,Left,0.860300000000279,0.873300000000199,0.923300000000381,14.0000000028522,0.0199466913648174,NaN,0.0199466913648174,6.74102450773238,NaN,6.74102450773238,0.0199466913648174,0,0,NaN,NaN
798,Stim,1,2,-0.1818,-0.0630000000001019,38,Left,0.88130000000001,0.888300000000072,0.944300000000112,8.00000000162981,0.0358756740603781,NaN,0.0358756740603781,8.66655838427688,NaN,8.66655838427688,-0.0132978026483857,0.033320150570054,111.756542407239,NaN,NaN
798,Stim,1,2,-0.1818,-0.0630000000001019,39,Left,0.89830000000029,0.904300000000148,0.961300000000392,7.00000000142609,0.0426115789323733,NaN,0.0426115789323733,8.6630076429781,NaN,8.6630076429781,0.03324451564724,-0.0266561219702022,321.276659180357,NaN,NaN
798,Stim,1,2,-0.1818,-0.0630000000001019,40,Left,0.935300000000097,0.942300000000159,0.998300000000199,8.00000000162981,0.0339770556882202,NaN,0.0339770556882202,6.75553772434443,NaN,6.75553772434443,0.00664890060305817,0.033320150570054,78.7150850960388,NaN,NaN
798,Stim,1,2,-0.1818,-0.0630000000001019,41,Left,0.951300000000174,0.958300000000236,1.01430000000028,8.00000000162981,0.0426328414909138,NaN,0.0426328414909138,8.66655852536347,NaN,8.66655852536347,-0.0265956150441818,-0.033320150570054,231.40368838513,NaN,NaN
799,NonStim,0,1,1,NaN,1,Merged,0.142899999999827,0.14890000000014,NaN,7.00000000142609,0.0507338908005834,0.0572822292194666,0.054008060010025,10.4713827053986,11.0976485339251,11.0976485339251,-0.0265956244244017,0.0466482107083659,119.688835966936,1.00000000020373,12.3246375097575
799,NonStim,0,1,1,NaN,2,Left,0.268900000000031,0.274899999999889,NaN,7.00000000142609,0.0333201567363592,NaN,0.0333201567363592,8.66301136421262,NaN,8.66301136421262,0,0.0333201567363592,90,NaN,NaN
799,NonStim,0,1,1,NaN,3,Right,0.392899999999827,0.402900000000045,NaN,11.000000002241,NaN,0.155562560233833,0.155562560233833,NaN,22.2410189858444,22.2410189858444,0.026595609666048,0.153272253500091,80.1561226973493,NaN,NaN
799,NonStim,0,1,1,NaN,4,Left,0.408899999999903,0.413900000000012,NaN,6.00000000122236,0.0537252560814783,NaN,0.0537252560814783,12.2675431396531,NaN,12.2675431396531,0.00664889233542194,-0.0533122441070753,277.10899677136,NaN,NaN
799,NonStim,0,1,1,NaN,5,Left,0.614900000000034,0.622899999999845,NaN,9.00000000183354,0.0888988035856871,NaN,0.0888988035856871,13.5110408227834,NaN,13.5110408227834,-0.0199467209386948,0.0866321280054946,102.966162961543,NaN,NaN
799,NonStim,0,1,1,NaN,6,Left,0.625900000000001,0.63189999999986,NaN,7.00000000142609,0.0925261437328819,NaN,0.0925261437328819,17.3768315277988,NaN,17.3768315277988,0.0465423424305435,-0.0799681038612017,300.199890054295,NaN,NaN
799,NonStim,0,1,1,NaN,7,Left,0.641900000000078,0.646899999999732,NaN,6.00000000122236,0.0470682469228997,NaN,0.0470682469228997,10.2264734558077,NaN,10.2264734558077,-0.0332445348694711,0.033319975535819,134.935064046766,NaN,NaN
799,NonStim,0,1,1,NaN,8,Left,0.71389999999974,0.718899999999849,NaN,6.00000000122236,0.0332716649204429,NaN,0.0332716649204429,7.84469225227226,NaN,7.84469225227226,-0.0265956234383955,0.0199919108766846,143.067841911295,NaN,NaN
801,Stim,1,2,-0,-0.0657999999998538,1,Right,0.0682666666666591,0.0742666666665173,0.134066666666513,7.00000000142609,NaN,0.0480214758927099,0.0480214758927099,NaN,9.41367440010781,9.41367440010781,-0.0265956252350409,0.0399841826885504,123.6300099986,NaN,NaN
801,Stim,1,2,-0,-0.0657999999998538,2,Left,0.533266666666805,0.541266666666615,0.599066666666658,9.00000000183354,0.0533120918494503,NaN,0.0533120918494503,10.2300295503146,NaN,10.2300295503146,4.16333634234434e-17,0.0533120918494503,90,NaN,NaN
802,NonStim,0,2,0.4545,NaN,1,Right,0.261066666666466,0.266066666666575,NaN,6.00000000122236,NaN,0.0471196790809356,0.0471196790809356,NaN,11.1067185278125,11.1067185278125,-0.00664890659230185,-0.0466482175202569,261.888103617556,NaN,NaN
803,Stim,1,1,-0.6363,-0.0544333333332361,1,Merged,0.638866666666672,0.650866666666843,0.693299999999908,13.0000000026484,0.127160995744195,0.148741590318197,0.137951293031196,14.4579933950683,15.9931578478076,15.9931578478076,-0.113031336183792,-0.00999613579116319,185.05391018913,3.00000000061118,69.5609366747565
806,NonStim,0,4,-0.3636,NaN,1,Merged,0.677866666666887,0.694866666666712,NaN,18.0000000036671,0.241470299683855,0.307634210894916,0.274552255289386,21.8693450220215,25.992895402957,25.992895402957,0.0964091308973065,0.256562466527805,69.405158244245,1.00000000020373,6.78231317589888
807,Stim,1,2,-0.3636,-0.0517666666669356,1,Left,0.111999999999625,0.116999999999734,0.163766666666561,6.00000000122236,0.0358756838948961,NaN,0.0358756838948961,8.00358036688971,NaN,8.00358036688971,-0.0132978137303367,0.0333201567361226,111.75655519496,NaN,NaN
807,Stim,1,2,-0.3636,-0.0517666666669356,2,Left,0.121999999999844,0.126999999999953,0.173766666666779,6.00000000122236,0.0358756840879195,NaN,0.0358756840879195,9.41367476137789,NaN,9.41367476137789,-0.0132978142510874,-0.0333201567361226,248.24344403261,NaN,NaN
807,Stim,1,2,-0.3636,-0.0517666666669356,3,Left,0.203999999999724,0.208999999999833,0.255766666666659,6.00000000122236,0.0446834072190817,NaN,0.0446834072190817,10.4713830756269,NaN,10.4713830756269,-0.0199467199525355,0.0399841874225475,116.513012510313,NaN,NaN
807,Stim,1,2,-0.3636,-0.0517666666669356,4,Right,0.740999999999985,0.750999999999749,0.792766666666921,11.000000002241,NaN,0.122268616914572,0.122268616914572,NaN,14.9273878377828,14.9273878377828,-0.0598400902335995,-0.106624473189962,240.697864166987,NaN,NaN
807,Stim,1,2,-0.3636,-0.0517666666669356,5,Left,0.752999999999702,0.757999999999811,0.804766666666637,6.00000000122236,0.0595778110377483,NaN,0.0595778110377483,13.9094273757174,NaN,13.9094273757174,-0.0265955279632777,0.0533122261812819,116.512937805894,NaN,NaN
807,Stim,1,2,-0.3636,-0.0517666666669356,6,Right,0.881999999999607,0.889999999999873,0.933766666666543,9.00000000183354,NaN,0.0804904294449244,0.0804904294449244,NaN,12.944749660757,12.944749660757,0.0332444018328395,-0.0733042903178597,294.394879431097,NaN,NaN
808,Stim,1,4,0.0909,-0.0550333333330855,1,Left,0.191033333333507,0.196033333333617,0.246066666666593,6.00000000122236,0.0358166962229509,NaN,0.0358166962229509,8.66655487913929,NaN,8.66655487913929,0.0332445316721686,0.013328047202247,21.8463162160627,NaN,NaN
808,Stim,1,4,0.0909,-0.0550333333330855,2,Merged,0.404033333333246,0.410033333333558,0.459066666666331,7.00000000142609,0.0868314858122238,0.0707698542098617,0.0788006700110428,16.6464682180367,13.5473461815128,16.6464682180367,0.0465423374110764,-0.063308206667486,306.322235176022,0,8.70918729281004
808,Stim,1,4,0.0909,-0.0550333333330855,3,Left,0.505033333333358,0.510033333333467,0.560066666666444,6.00000000122236,0.0421374112274453,NaN,0.0421374112274453,9.92963061684409,NaN,9.92963061684409,0.0132978100968758,0.0399841177416516,71.6040455562721,NaN,NaN
808,Stim,1,4,0.0909,-0.0550333333330855,4,Right,0.678033333333588,0.683033333333242,0.733066666666673,6.00000000122236,NaN,0.0480212456305955,0.0480212456305955,NaN,11.0975978057193,11.0975978057193,-0.0265956096773005,0.0399839164890918,123.630170445031,NaN,NaN
811,NonStim,0,3,0.1818,NaN,1,Left,0.384766666666565,0.389766666666219,NaN,6.00000000122236,0.0333201523889944,NaN,0.0333201523889944,7.8447290189921,NaN,7.8447290189921,0,-0.0333201523889944,270,NaN,NaN
811,NonStim,0,3,0.1818,NaN,2,Merged,0.782766666666248,0.800766666666277,NaN,19.0000000038708,0.209024851041179,0.238311236197046,0.223668043619113,21.8930536092553,23.91711869109,23.91711869109,-0.106382434425932,-0.196588479330259,241.580284255797,1.00000000020373,4.08065176449028
813,Stim,1,1,1,-0.0528333333336377,1,Left,0.174866666666276,0.179866666666385,0.227699999999913,6.00000000122236,0.0358756733820847,NaN,0.0358756733820847,8.66655828449453,NaN,8.66655828449453,0.0132978058421433,-0.0333201485651352,291.756548331404,NaN,NaN
813,Stim,1,1,1,-0.0528333333336377,2,Right,0.190866666666352,0.196866666666665,0.24369999999999,7.00000000142609,NaN,0.0405332341112544,0.0405332341112544,NaN,7.02291161958801,7.02291161958801,-0.0066488966062524,0.0399841873924821,99.4412197297486,NaN,NaN
813,Stim,1,1,1,-0.0528333333336377,3,Right,0.391866666666374,0.400866666666388,0.444700000000012,10.0000000020373,NaN,0.109891171631064,0.109891171631064,NaN,14.8944507711313,14.8944507711313,-0.0265955968335518,0.106624311634426,104.005650974027,NaN,NaN
813,Stim,1,1,1,-0.0528333333336377,4,Right,0.745866666666643,0.751866666666501,0.798700000000281,7.00000000142609,NaN,0.0759693964100782,0.0759693964100782,NaN,14.4338438676212,14.4338438676212,0.0199467047152743,-0.0733040119087166,285.22215855736,NaN,NaN
813,Stim,1,1,1,-0.0528333333336377,5,Merged,0.755866666666407,0.763866666666672,0.808700000000044,9.00000000183354,0.109206048399851,0.103550167818202,0.106378108109026,14.8944659177064,15.771218390321,15.771218390321,-0.0698134895394791,0.0799681964615278,131.121469273059,0,7.42933643493365
816,NonStim,0,4,1,NaN,1,Left,0.394266666666681,0.400266666666539,NaN,7.00000000142609,0.0669711693485296,NaN,0.0669711693485296,11.3256844674844,NaN,11.3256844674844,0.00664890494027144,-0.0666403000218686,275.69771742626,NaN,NaN
816,NonStim,0,4,1,NaN,2,Right,0.468266666666295,0.473266666666404,NaN,6.00000000122236,NaN,0.056921506621115,0.056921506621115,NaN,13.4150719393716,13.4150719393716,-0.0199467139934774,0.0533121610599312,110.513306875043,NaN,NaN
816,NonStim,0,4,1,NaN,3,Right,0.64526666666643,0.650266666666539,NaN,6.00000000122236,NaN,0.0426328037411333,0.0426328037411333,NaN,9.41366481191565,9.41366481191565,-0.0265956215792821,-0.0333200970533042,231.403636653127,NaN,NaN
819,Stim,1,4,-0.1818,-0.0543333333334886,1,Right,0.0700999999999112,0.0751000000000204,0.1244333333334,6.00000000122236,NaN,0.048506549131906,0.048506549131906,NaN,11.1618578181976,11.1618578181976,-0.0132978110298881,0.0466481889305404,105.911047498699,NaN,NaN
819,Stim,1,4,-0.1818,-0.0543333333334886,2,Right,0.117099999999937,0.124099999999999,0.171433333333425,8.00000000162981,NaN,0.0736052419960051,0.0736052419960051,NaN,11.161863509953,11.161863509953,0.00664890589547875,0.0733043225170491,84.8172951188846,NaN,NaN
820,Stim,1,3,-1,-0.0582333333331917,1,Left,0.294766666666874,0.300766666666732,0.353000000000065,7.00000000142609,0.0405332218997982,NaN,0.0405332218997982,8.66655660435176,NaN,8.66655660435176,0.00664890565094228,-0.0399841735093167,279.441235560826,NaN,NaN
820,Stim,1,3,-1,-0.0582333333331917,2,Right,0.529766666667001,0.534766666666656,0.588000000000193,6.00000000122236,NaN,0.0405332174537879,0.0405332174537879,NaN,8.95420751464385,8.95420751464385,-0.00664889309714431,0.0399841710898051,99.4412186167827,NaN,NaN
820,Stim,1,3,-1,-0.0582333333331917,3,Merged,0.541766666666717,0.557766666666794,0.599999999999909,17.0000000034634,0.195077702463408,0.115031102030566,0.155054402246987,16.6968637145414,11.3256867466793,16.6968637145414,-0.0232711602116712,-0.153272379870738,261.366785664998,-2.00000000040745,2.14997899104583
820,Stim,1,3,-1,-0.0582333333331917,4,Right,0.814766666666856,0.819766666666965,0.873000000000047,6.00000000122236,NaN,0.0480214693505196,0.0480214693505196,NaN,11.0976485957872,11.0976485957872,0.0265956223540328,-0.0399841767476156,303.630011062199,NaN,NaN
821,NonStim,0,3,0.4545,NaN,1,Merged,0.744899999999689,0.75189999999975,NaN,8.00000000162981,0.0569215807860033,0.0595778710862699,0.0582497259361366,10.4713826563146,9.92964581279188,10.4713826563146,0.0232711740099886,-0.0533122407137135,293.581613073105,2.00000000040745,5.99973015808547
822,NonStim,0,1,0.1818,NaN,1,Merged,0.0833999999999833,0.103399999999965,NaN,21.0000000042783,0.550098863394713,0.535514263811427,0.54280656360307,46.262917153965,48.7452596246281,48.7452596246281,0.335768069636111,-0.426493246109015,308.212523909502,1.00000000020373,0.318792243110124
822,NonStim,0,1,0.1818,NaN,2,Merged,0.226399999999558,0.249399999999696,NaN,24.0000000048894,0.548587937737126,0.611404973302503,0.579996455519814,43.7860674728739,48.386597907452,48.386597907452,-0.315820401751528,0.48646997167407,122.991972587926,-1.00000000020373,0.113476325675038
822,NonStim,0,1,0.1818,NaN,3,Left,0.469399999999951,0.474399999999605,NaN,6.00000000122236,0.033319894221956,NaN,0.033319894221956,6.6639892550595,NaN,6.6639892550595,0,-0.033319894221956,270,NaN,NaN
822,NonStim,0,1,0.1818,NaN,4,Left,0.656399999999849,0.662399999999707,NaN,7.00000000142609,0.0405327674991056,NaN,0.0405327674991056,7.44714885784732,NaN,7.44714885784732,0.0066489071323956,-0.0399837126225333,279.441344495083,NaN,NaN
823,Stim,1,3,-0.6363,-0.061500000000251,1,Merged,0.489166666666279,0.500166666666246,0.55066666666653,12.0000000024447,0.181883226766171,0.186710864501514,0.184297045633842,23.7414749648543,24.4347181412792,24.4347181412792,-0.0166222675121408,-0.183260353170256,264.817281514085,1.00000000020373,6.36736908392976
823,Stim,1,3,-0.6363,-0.061500000000251,2,Left,0.506166666666559,0.511166666666668,0.56766666666681,6.00000000122236,0.047119365478034,NaN,0.047119365478034,11.106639977363,NaN,11.106639977363,-0.0066489040325132,0.0466479011126864,98.1119475907253,NaN,NaN
824,NonStim,0,1,-0.0909,NaN,1,Right,0.2815333333333,0.286533333333409,NaN,6.00000000122236,NaN,0.0519993092024312,0.0519993092024312,NaN,11.0976384490556,11.0976384490556,-0.0332445097287635,0.039984130982481,129.741578461588,NaN,NaN
824,NonStim,0,1,-0.0909,NaN,2,Left,0.382533333333413,0.388533333333271,NaN,7.00000000142609,0.0536971145597286,NaN,0.0536971145597286,10.4713769485789,NaN,10.4713769485789,-0.0265955889249994,0.046648202127982,119.688807595408,NaN,NaN
824,NonStim,0,1,-0.0909,NaN,3,Right,0.409533333333457,0.415533333333315,NaN,7.00000000142609,NaN,0.0572822270628893,0.0572822270628893,NaN,12.9740244818309,12.9740244818309,0.0332445320907613,0.0466482006442988,54.5238641625544,NaN,NaN
824,NonStim,0,1,-0.0909,NaN,4,Left,0.644533333333584,0.652533333333395,NaN,9.00000000183354,0.108474129018509,NaN,0.108474129018509,15.9008008949486,NaN,15.9008008949486,-0.0199467144831787,-0.106624412062391,259.403894846118,NaN,NaN
825,NonStim,0,3,-1,NaN,1,Left,0.150066666666135,0.156066666666447,NaN,7.00000000142609,0.0485065691984446,NaN,0.0485065691984446,8.95420914125235,NaN,8.95420914125235,0.0132978124535536,-0.0466482093906466,285.911042490537,NaN,NaN
825,NonStim,0,3,-1,NaN,2,Left,0.238066666666327,0.245066666666389,NaN,8.00000000162981,0.0744723155934435,NaN,0.0744723155934435,11.9585508826281,NaN,11.9585508826281,-0.033244525072191,0.0666402831819757,116.513016902122,NaN,NaN
825,NonStim,0,3,-1,NaN,3,Left,0.345066666666298,0.350066666666407,NaN,6.00000000122236,0.0333201048414049,NaN,0.0333201048414049,7.84471937702083,NaN,7.84471937702083,-4.85722573273506e-17,0.0333201048414049,90.0000000000001,NaN,NaN
825,NonStim,0,3,-1,NaN,4,Left,0.392066666666324,0.397066666666433,NaN,6.00000000122236,0.0480214265149427,NaN,0.0480214265149427,10.4713726961134,NaN,10.4713726961134,-0.0265955979885542,0.0399841415083686,123.630010142313,NaN,NaN
825,NonStim,0,3,-1,NaN,5,Left,0.505066666666153,0.512066666666215,NaN,8.00000000162981,0.0759694709733845,NaN,0.0759694709733845,11.9585350375093,NaN,11.9585350375093,-0.0199466961150924,0.07330409152338,105.222136533168,NaN,NaN
825,NonStim,0,3,-1,NaN,6,Merged,0.51606666666612,0.52906666666604,NaN,14.0000000028522,0.185052457141909,0.161091341811181,0.173071899476545,21.3535592546086,14.9273926001383,21.3535592546086,0.0864357537550607,-0.149940488440998,299.962032712555,-1.00000000020373,0.510998918755149
825,NonStim,0,3,-1,NaN,7,Merged,0.707066666666378,0.723066666666455,NaN,17.0000000034634,0.268099628964062,0.231885630518827,0.249992629741444,26.3916980248967,22.7650147409943,26.3916980248967,-0.132977981849353,0.209916492397158,122.353456776628,3.00000000061118,12.5968620700848
825,NonStim,0,3,-1,NaN,8,Left,0.916066666666211,0.92106666666632,NaN,6.00000000122236,0.044683011003957,NaN,0.044683011003957,9.92956116509248,NaN,9.92956116509248,-0.0199466961150924,0.0399837565327709,116.513231803361,NaN,NaN
825,NonStim,0,3,-1,NaN,9,Left,0.925066666666226,0.930066666666335,NaN,6.00000000122236,0.0399837565327709,NaN,0.0399837565327709,8.8852827610922,NaN,8.8852827610922,0,-0.0399837565327709,270,NaN,NaN
827,Stim,1,4,-0.3636,-0.0491666666666788,1,Right,0.690233333333254,0.701233333333221,0.739399999999932,12.0000000024447,NaN,0.187653388389017,0.187653388389017,NaN,22.3233639864989,22.3233639864989,0.0199467197631981,0.186590253080293,83.8981862442213,NaN,NaN
827,Stim,1,4,-0.3636,-0.0491666666666788,2,Merged,0.705233333333126,0.712233333333188,0.754399999999805,8.00000000162981,0.106624153825803,0.0744991809472906,0.0905616673865467,16.9884584600005,12.6613397685162,16.9884584600005,-0.00664890713092754,-0.0899634619401905,265.773139939884,0,10.2821749171842
828,NonStim,0,3,-0.1818,NaN,1,Left,0.145333333333383,0.150333333333492,NaN,6.00000000122236,0.05957782621579,NaN,0.05957782621579,13.9094333128742,NaN,13.9094333128742,0.0265956273058138,-0.0533121935846681,296.513037289693,NaN,NaN
828,NonStim,0,3,-0.1818,NaN,2,Left,0.72933333333367,0.736333333333732,NaN,8.00000000162981,0.0519993656432186,NaN,0.0519993656432186,7.99658873436546,NaN,7.99658873436546,0.0332445309921839,0.0399841867043318,50.2584427758168,NaN,NaN
828,NonStim,0,3,-0.1818,NaN,3,Left,0.765333333333729,0.770333333333383,NaN,6.00000000122236,0.0564820433266398,NaN,0.0564820433266398,12.5515651931996,NaN,12.5515651931996,0.0398934400633447,-0.0399841800999437,314.934912696661,NaN,NaN
829,Stim,1,2,0.3636,-0.0551333333337425,1,Left,0.38323333333301,0.388233333333119,0.438366666666752,6.00000000122236,0.0388343130754319,NaN,0.0388343130754319,7.44723274126832,NaN,7.44723274126832,0.0199467181704251,-0.0333201486531843,300.906355965322,NaN,NaN
829,Stim,1,2,0.3636,-0.0551333333337425,2,Right,0.669233333333068,0.674233333333177,0.72436666666681,6.00000000122236,NaN,0.0480214411313303,0.0480214411313303,NaN,11.0976399328718,11.0976399328718,-0.0265955570679811,0.0399841862812485,123.629939904935,NaN,NaN
829,Stim,1,2,0.3636,-0.0551333333337425,3,Merged,0.824233333332813,0.84023333333289,0.879366666666556,17.0000000034634,0.0905060502019325,0.183307093547288,0.13690657187461,12.9447493373128,16.5070872152806,16.5070872152806,0.0664890262347806,-0.113288431149398,300.408689871217,-7.00000000142609,34.8574096366973
830,NonStim,0,4,-0.6363,NaN,1,Right,0.0285333333331437,0.0335333333332528,NaN,6.00000000122236,NaN,0.0426326447361704,0.0426326447361704,NaN,9.41364091684292,9.41364091684292,0.0265956240061085,0.0333198916703855,51.4034619128688,NaN,NaN
835,Stim,1,3,-0.0909,-0.0655666666666548,1,Right,0.110133333333124,0.115133333333233,0.175699999999779,6.00000000122236,NaN,0.0485065674233805,0.0485065674233805,NaN,11.1618622351822,11.1618622351822,0.0132978042048856,0.0466482098962809,74.0889670432125,NaN,NaN
836,NonStim,0,3,1,NaN,1,Right,0.139466666666522,0.14546666666638,NaN,7.00000000142609,NaN,0.0399841665278201,0.0399841665278201,NaN,6.66403049744338,6.66403049744338,0,0.0399841665278201,90,NaN,NaN
836,NonStim,0,3,1,NaN,2,Right,0.310466666666343,0.315466666666453,NaN,6.00000000122236,NaN,0.0613589575883638,0.0613589575883638,NaN,15.4038201626466,15.4038201626466,0.0465423434996289,-0.0399841460818307,319.334394729675,NaN,NaN
836,NonStim,0,3,1,NaN,3,Right,0.690466666666453,0.696466666666311,NaN,7.00000000142609,NaN,0.0519988788936553,0.0519988788936553,NaN,8.66648541638086,8.66648541638086,-0.0332445100298444,0.0399835711145541,129.741973116404,NaN,NaN
840,NonStim,0,3,0.3636,NaN,1,Left,0.109766666666474,0.114766666666128,NaN,6.00000000122236,0.0405332109685596,NaN,0.0405332109685596,9.4869277150769,NaN,9.4869277150769,0.00664890714732855,-0.0399841621791425,279.441240274558,NaN,NaN
840,NonStim,0,3,0.3636,NaN,2,Left,0.176766666666481,0.182766666666339,NaN,7.00000000142609,0.0479795266414935,NaN,0.0479795266414935,9.41367363370082,NaN,9.41367363370082,0.0398934405676336,-0.0266561133029268,326.249832671072,NaN,NaN
840,NonStim,0,3,0.3636,NaN,3,Left,0.37176666666619,0.378766666666252,NaN,8.00000000162981,0.0603436379572681,NaN,0.0603436379572681,12.005363872124,NaN,12.005363872124,-0.00664890618838084,0.0599762176901474,96.3259251271744,NaN,NaN
840,NonStim,0,3,0.3636,NaN,4,Left,0.899766666666437,0.904766666666546,NaN,6.00000000122236,0.0519992803236316,NaN,0.0519992803236316,11.7914185570282,NaN,11.7914185570282,0.0332445266575317,-0.039984079350315,309.741629176681,NaN,NaN
841,Stim,1,3,-0.1818,-0.060500000000502,1,Right,0.657999999999447,0.666999999999462,0.718499999999949,10.0000000020373,NaN,0.11777562944009,0.11777562944009,NaN,19.6400320481366,19.6400320481366,0.0797868603441165,0.0866323023267753,47.3554616268089,NaN,NaN
844,NonStim,0,4,-0.4545,NaN,1,Right,0.639966666666623,0.648966666666638,NaN,10.0000000020373,NaN,0.120687005422205,0.120687005422205,NaN,17.5572216894441,17.5572216894441,-0.0132978071479133,0.119952163810564,96.3259368655952,NaN,NaN
844,NonStim,0,4,-0.4545,NaN,2,Merged,0.650966666666591,0.661966666667013,NaN,12.0000000024447,0.20924254333854,0.0953759787656897,0.152309261052115,23.1871636588374,15.0843229006643,23.1871636588374,-0.0365689594457303,-0.146608331859033,255.994335080286,2.00000000040745,15.5838113362885
844,NonStim,0,4,-0.4545,NaN,3,Left,0.812966666666853,0.819966666666915,NaN,8.00000000162981,0.053696968440979,NaN,0.053696968440979,9.41365190741448,NaN,9.41365190741448,-0.0265955821954187,0.0466480377662151,119.688888219917,NaN,NaN
844,NonStim,0,4,-0.4545,NaN,4,Merged,0.914966666666714,0.927966666666634,NaN,14.0000000028522,0.197331316081584,0.175292856874341,0.186312086477963,20.0227695810193,16.6600143457229,20.0227695810193,0.0332444820611875,0.183260146696199,79.7180182010994,-1.00000000020373,2.93691819742537
846,NonStim,0,4,0.6363,NaN,1,Right,0.286833333333107,0.291833333333216,NaN,6.00000000122236,NaN,0.0405332184063276,0.0405332184063276,NaN,11.0976459119402,11.0976459119402,0.00664890715301743,-0.0399841697180973,279.441238534408,NaN,NaN
846,NonStim,0,4,0.6363,NaN,2,Left,0.610833333333176,0.615833333333285,NaN,6.00000000122236,0.0405332206713558,NaN,0.0405332206713558,9.54703627244364,NaN,9.54703627244364,-0.00664890641965642,-0.0399841721361776,260.558763048882,NaN,NaN
847,Stim,1,4,0.4545,-0.0536666666671408,1,Merged,0.50783333333311,0.524833333332936,0.561500000000251,18.0000000036671,0.207083136810738,0.229310427732246,0.218196782271492,20.7053381944662,24.3129584307157,24.3129584307157,0.212764755111163,-0.0233240630365652,353.744004128719,7.00000000142609,22.4345957597593
849,NonStim,0,1,-0.6363,NaN,1,Right,0.825733333333119,0.831733333332977,NaN,7.00000000142609,NaN,0.0519991469332585,0.0519991469332585,NaN,9.41364115724754,9.41364115724754,-0.0332445345230165,0.03998389933629,129.741762651389,NaN,NaN
850,NonStim,0,2,1,NaN,1,Right,0.0102666666662117,0.0162666666665245,NaN,7.00000000142609,NaN,0.0421374739429496,0.0421374739429496,NaN,8.00357740272539,8.00357740272539,-0.013297801493154,-0.0399841866960106,251.604086246076,NaN,NaN
850,NonStim,0,2,1,NaN,2,Right,0.077266666666219,0.0822666666663281,NaN,6.00000000122236,NaN,0.0405332280103103,0.0405332280103103,NaN,8.95420984216071,8.95420984216071,0.00664886360172731,0.0399841866960106,80.5588261303833,NaN,NaN
850,NonStim,0,2,1,NaN,3,Right,0.0902666666661389,0.0982666666664045,NaN,9.00000000183354,NaN,0.0745005146683095,0.0745005146683095,NaN,11.9585279538523,11.9585279538523,-0.0132976879875041,0.0733041484503434,100.281890143938,NaN,NaN
850,NonStim,0,2,1,NaN,4,Right,0.152266666666492,0.159266666666554,NaN,8.00000000162981,NaN,0.0603436040560441,0.0603436040560441,NaN,9.54703482792132,9.54703482792132,-0.00664890269804613,-0.0599761839681764,263.674074638737,NaN,NaN
850,NonStim,0,2,1,NaN,5,Right,0.68826666666655,0.696266666666361,NaN,9.00000000183354,NaN,0.0847228736490525,0.0847228736490525,NaN,12.5515378131502,12.5515378131502,-0.0598400023138445,0.0599761572829771,134.934891071794,NaN,NaN
850,NonStim,0,2,1,NaN,6,Right,0.706266666666124,0.716266666666343,NaN,11.000000002241,NaN,0.108370199278569,0.108370199278569,NaN,13.3950565230088,13.3950565230088,0.0731379688484989,0.0799683537681792,47.5543877207184,NaN,NaN
852,NonStim,0,2,-0.6363,NaN,1,Right,0.0506333333328257,0.0556333333329349,NaN,6.00000000122236,NaN,0.0485064614332087,0.0485064614332087,NaN,11.3256574778668,11.3256574778668,-0.0132978070845551,0.0466480988627974,105.911072182695,NaN,NaN
852,NonStim,0,2,-0.6363,NaN,2,Right,0.251633333332848,0.256633333332957,NaN,6.00000000122236,NaN,0.0628282735161471,0.0628282735161471,NaN,13.9094382662214,13.9094382662214,-0.0332445283036803,0.0533122245914161,121.946910437774,NaN,NaN
853,NonStim,0,1,-0.0909,NaN,1,Merged,0.00253333333330374,0.0115333333333183,NaN,10.0000000020373,0.103437944188201,0.139122918727623,0.121280431457912,14.0458203001016,17.9378310832983,17.9378310832983,0.0332445219322698,-0.116620467229316,285.911045595103,0,1.76440928318391
853,NonStim,0,1,-0.0909,NaN,2,Left,0.183533333333344,0.189533333333202,NaN,7.00000000142609,0.0405331970779335,NaN,0.0405331970779335,9.4136663632382,NaN,9.4136663632382,-0.00664890412070632,0.0399841486010675,99.4412392026172,NaN,NaN
854,Stim,1,1,-0.3636,-0.0541000000002896,1,Left,0.117766666666284,0.123766666666143,0.171866666666574,7.00000000142609,0.0446834077070289,NaN,0.0446834077070289,9.41367473716002,NaN,9.41367473716002,-0.0199467211084918,0.0399841873911753,116.513013854625,NaN,NaN
854,Stim,1,1,-0.3636,-0.0541000000002896,2,Merged,0.78976666666631,0.806766666666135,0.843866666666599,18.0000000036671,0.235551129534581,0.137089016100726,0.186320072817653,22.3112287295205,16.4780887128069,22.3112287295205,0.146275761823693,-0.103292383208414,324.772237449734,6.00000000122236,33.2886453892671
855,NonStim,0,1,0.1818,NaN,1,Merged,0.362033333332874,0.371033333332889,NaN,10.0000000020373,0.0847230464786855,0.0998788373657903,0.0923009419222379,13.8923349095796,14.1205122814039,14.1205122814039,0.0598401425093343,-0.0699723156282587,310.536975746857,1.00000000020373,8.12745712828479
856,NonStim,0,2,0.0909,NaN,1,Right,0.14143333333368,0.146433333333334,NaN,6.00000000122236,NaN,0.0519993620930859,0.0519993620930859,NaN,11.7949912044506,11.7949912044506,0.0332445348569358,-0.0399841788740727,309.741566014602,NaN,NaN
856,NonStim,0,2,0.0909,NaN,2,Left,0.513433333333523,0.518433333333633,NaN,6.00000000122236,0.0446225155453625,NaN,0.0446225155453625,8.66655819092256,NaN,8.66655819092256,0.0398934232447899,0.0199920903211289,26.6171665289412,NaN,NaN
856,NonStim,0,2,0.0909,NaN,3,Left,0.64143333333368,0.646433333333334,NaN,6.00000000122236,0.0405332357958596,NaN,0.0405332357958596,8.95421070037421,NaN,8.95421070037421,0.0066489061753957,-0.0399841875089833,279.441233045979,NaN,NaN
856,NonStim,0,2,0.0909,NaN,4,Merged,0.665433333333567,0.673433333333378,NaN,9.00000000183354,0.07163340330031,0.105205950191081,0.0884196767456954,13.8923426206645,15.9931728000126,15.9931728000126,0.0764624197724941,-0.0433161786260767,330.468322920849,2.00000000040745,12.9097470792361
856,NonStim,0,2,0.0909,NaN,5,Left,0.852433333333465,0.857433333333574,NaN,6.00000000122236,0.0404461956773106,NaN,0.0404461956773106,9.54000189153134,NaN,9.54000189153134,-0.0398934268732085,0.00666402559113252,170.516548784841,NaN,NaN
856,NonStim,0,2,0.0909,NaN,6,Left,0.900433333333694,0.906433333333553,NaN,7.00000000142609,0.0507338855322378,NaN,0.0507338855322378,8.95420873440884,NaN,8.95420873440884,-0.0199467153687342,0.0466482120471611,113.151489516004,NaN,NaN
857,NonStim,0,4,0.0909,NaN,1,Left,0.0644333333329996,0.0714333333330615,NaN,8.00000000162981,0.0507338691907946,NaN,0.0507338691907946,9.41367414728086,NaN,9.41367414728086,-0.0199467212820958,0.0466481917459085,113.15150467046,NaN,NaN
857,NonStim,0,4,0.0909,NaN,2,Merged,0.161433333333207,0.173433333332923,NaN,13.0000000026484,0.0802442711387845,0.0736052547791872,0.0769247629589858,9.99603863005817,8.95421072914532,9.99603863005817,2.64669513735938e-10,0.0766363367235109,89.9999998021246,-5.00000000101863,9.93558558428347
857,NonStim,0,4,0.0909,NaN,3,Right,0.271433333333334,0.277433333333192,NaN,7.00000000142609,NaN,0.0405330481341321,0.0405330481341321,NaN,9.41365674359423,9.41365674359423,0.00664890399645686,0.0399839976326751,80.5587259649502,NaN,NaN
858,Stim,1,3,0.4545,-0.0518666666662284,1,Left,0.0423333333337723,0.0473333333334267,0.0942000000000007,6.00000000122236,0.0446833613196687,NaN,0.0446833613196687,10.4713724194408,NaN,10.4713724194408,0.019946719869938,-0.0399841361699147,296.513041752707,NaN,NaN
858,Stim,1,3,0.4545,-0.0518666666662284,2,Left,0.239333333333434,0.244333333333543,0.291199999999662,6.00000000122236,0.0421374248609042,NaN,0.0421374248609042,9.54702859605431,NaN,9.54702859605431,-0.0132978141512537,-0.0399841307609289,251.604045911786,NaN,NaN
858,Stim,1,3,0.4545,-0.0518666666662284,3,Merged,0.825333333333674,0.837333333333845,0.877199999999903,13.0000000026484,0.178732535766496,0.192309334214623,0.18552093499056,17.5571384546198,22.8939727615568,22.8939727615568,0.0631646040903481,-0.173263922399215,290.029689170762,1.00000000020373,12.5075030709107
859,Stim,1,4,0.0909,-0.0536666666671408,1,Right,0.0089999999995598,0.0149999999998727,0.0626666666667006,7.00000000142609,NaN,0.155230016693715,0.155230016693715,NaN,27.1691320740709,27.1691320740709,0.152924227197745,0.0266559340242222,9.88777695508587,NaN,NaN
859,Stim,1,4,0.0909,-0.0536666666671408,2,Left,0.0189999999997781,0.0239999999998872,0.0726666666669189,6.00000000122236,0.0405331226006049,NaN,0.0405331226006049,8.9541837017917,NaN,8.9541837017917,0.00664890633365027,0.0399840727330523,80.5587401198292,NaN,NaN
859,Stim,1,4,0.0909,-0.0536666666671408,3,Left,0.0829999999996289,0.0889999999999418,0.13666666666677,7.00000000142609,0.0833540196917491,NaN,0.0833540196917491,14.8741744685462,NaN,14.8741744685462,0.0731379337247854,-0.039984187490074,331.334766011672,NaN,NaN
859,Stim,1,4,0.0909,-0.0536666666671408,4,Left,0.215999999999894,0.220999999999549,0.269666666667035,6.00000000122236,0.05648203358083,NaN,0.05648203358083,12.5515637951948,NaN,12.5515637951948,-0.0398934188580601,0.039984187490074,134.934892174092,NaN,NaN
859,Stim,1,4,0.0909,-0.0536666666671408,5,Left,0.341999999999643,0.348999999999705,0.395666666666784,8.00000000162981,0.0824184468357135,NaN,0.0824184468357135,13.7364065080539,NaN,13.7364065080539,0.0199466996622822,0.0799683034170042,75.9943593771803,NaN,NaN
859,Stim,1,4,0.0909,-0.0536666666671408,6,Left,0.629999999999654,0.634999999999764,0.683666666666795,6.00000000122236,0.0519993402697297,NaN,0.0519993402697297,11.0976461757761,NaN,11.0976461757761,0.0332444903592421,-0.039984187490074,309.741522244138,NaN,NaN
860,NonStim,0,4,-0.6363,NaN,1,Left,0.0140333333329181,0.0190333333330273,NaN,6.00000000122236,0.044683407792376,NaN,0.044683407792376,9.92964629312368,NaN,9.92964629312368,-0.019946720913875,0.0399841875836405,116.513013521152,NaN,NaN
860,NonStim,0,4,-0.6363,NaN,2,Left,0.381033333332653,0.386033333332762,NaN,6.00000000122236,0.0333201566657262,NaN,0.0333201566657262,6.7555390805254,NaN,6.7555390805254,0,-0.0333201566657262,270,NaN,NaN
860,NonStim,0,4,-0.6363,NaN,3,Left,0.725033333332703,0.730033333332813,NaN,6.00000000122236,0.0339770533555289,NaN,0.0339770533555289,7.02290996053556,NaN,7.02290996053556,0.00664890559390496,-0.0333201471954701,281.284924270931,NaN,NaN
861,NonStim,0,1,-0.3636,NaN,1,Merged,0.0722000000000662,0.0892000000003463,NaN,18.0000000036671,0.124474087424391,0.156836493202751,0.140655290313571,11.5935840225517,11.1067187425114,11.5935840225517,0.0332445324322936,-0.136612539036546,283.677030954639,-4.00000000081491,3.25279090848159
861,NonStim,0,1,-0.3636,NaN,2,Left,0.558200000000397,0.563200000000052,NaN,6.00000000122236,0.0480211536318757,NaN,0.0480211536318757,11.0975765817955,NaN,11.0975765817955,-0.0265955697936528,-0.0399838325262493,236.369813694804,NaN,NaN
861,NonStim,0,1,-0.3636,NaN,3,Left,0.568200000000161,0.57320000000027,NaN,6.00000000122236,0.0470680519762807,NaN,0.0470680519762807,9.41361101096381,NaN,9.41361101096381,-0.0332443854922904,0.0333198491905629,134.935043952872,NaN,NaN
861,NonStim,0,1,-0.3636,NaN,4,Right,0.588200000000143,0.594200000000001,NaN,7.00000000142609,NaN,0.053696876391918,0.053696876391918,NaN,14.4579722355332,14.4579722355332,-0.0265955991541161,0.0466479221389603,119.68896504718,NaN,NaN
861,NonStim,0,1,-0.3636,NaN,5,Left,0.649200000000292,0.654200000000401,NaN,6.00000000122236,0.0446834014439008,NaN,0.0446834014439008,10.4713813352162,NaN,10.4713813352162,-0.0199467070994855,0.039984187380565,116.512997786633,NaN,NaN
861,NonStim,0,1,-0.3636,NaN,6,Right,0.792200000000321,0.797199999999975,NaN,6.00000000122236,NaN,0.0519992938989314,0.0519992938989314,NaN,11.0976378433781,11.0976378433781,-0.0332444273070526,0.0399841796091096,129.741474374378,NaN,NaN
864,NonStim,0,2,0.4545,NaN,1,Merged,0.573299999999563,0.583299999999781,NaN,11.000000002241,0.113483398601194,0.118065462073989,0.115774430337592,15.5494045960634,16.9112685290574,16.9112685290574,-0.0199467209637856,-0.113288410779207,260.014265606327,1.00000000020373,12.9955155021796
864,NonStim,0,2,0.4545,NaN,2,Merged,0.587299999999686,0.595299999999497,NaN,9.00000000183354,0.0656084648061138,0.097013025481837,0.0813107451439754,11.0976403352723,14.4338755481924,14.4338755481924,-0.0265956265963394,0.0766362452632698,109.1386755819,-1.00000000020373,8.00317748280455
864,NonStim,0,2,0.4545,NaN,3,Left,0.721299999999701,0.727299999999559,NaN,7.00000000142609,0.0332929285124353,NaN,0.0332929285124353,8.93450858114489,NaN,8.93450858114489,-0.0199467106099482,-0.0266561029555542,233.192561638495,NaN,NaN
864,NonStim,0,2,0.4545,NaN,4,Left,0.790299999999661,0.798299999999472,NaN,9.00000000183354,0.0595778322547204,NaN,0.0595778322547204,9.15760947806073,NaN,9.15760947806073,-0.0265956004103565,0.0533122137505492,116.513005487344,NaN,NaN
865,Stim,1,4,-0.3636,-0.0530666666668367,1,Right,0.00736666666671226,0.0133666666665704,0.0604333333335489,7.00000000142609,NaN,0.0572400448839709,0.0572400448839709,NaN,11.9948834009867,11.9948834009867,-0.0465423461403891,0.0333201553727953,144.400725787519,NaN,NaN
865,Stim,1,4,-0.3636,-0.0530666666668367,2,Right,0.0153666666665231,0.021366666666836,0.0684333333333598,7.00000000142609,NaN,0.0358756827619907,0.0358756827619907,NaN,8.00358030042662,8.00358030042662,0.0132978140899842,-0.0333201553727953,291.75655653548,NaN,NaN
865,Stim,1,4,-0.3636,-0.0530666666668367,3,Right,0.0323666666668032,0.0413666666668178,0.0854333333336399,10.0000000020373,NaN,0.0388343187378287,0.0388343187378287,NaN,7.99658864768914,7.99658864768914,-0.0199467179697326,0.0333201553727953,120.906350619049,NaN,NaN
865,Stim,1,4,-0.3636,-0.0530666666668367,4,Right,0.0433666666667705,0.0503666666668323,0.0964333333336072,8.00000000162981,NaN,0.0388343187378287,0.0388343187378287,NaN,9.41367428198533,9.41367428198533,0.0199467179697326,-0.0333201553727953,300.906350619049,NaN,NaN
865,Stim,1,4,-0.3636,-0.0530666666668367,5,Right,0.0563666666666904,0.0633666666667523,0.109433333333527,8.00000000162981,NaN,0.0470683735129754,0.0470683735129754,NaN,10.4609623994161,10.4609623994161,-0.0332445338527967,0.0333201553727953,134.934908551025,NaN,NaN
865,Stim,1,4,-0.3636,-0.0530666666668367,6,Right,0.0753666666664685,0.0803666666665777,0.128433333333305,6.00000000122236,NaN,0.0274728387489813,0.0274728387489813,NaN,7.02291289101778,7.02291289101778,0.0066489044332704,-0.0266561238510921,284.005638357883,NaN,NaN
865,Stim,1,4,-0.3636,-0.0530666666668367,7,Right,0.107366666666621,0.113366666666479,0.160433333333458,7.00000000142609,NaN,0.0426328514049774,0.0426328514049774,NaN,9.4136745040722,9.4136745040722,-0.0265956249193672,0.0333201553727953,128.596317960885,NaN,NaN
865,Stim,1,4,-0.3636,-0.0530666666668367,8,Right,0.115366666666432,0.120366666666541,0.168433333333269,6.00000000122236,NaN,0.0470683722399407,0.0470683722399407,NaN,9.41367482191981,9.41367482191981,0.0332445320504049,-0.0333201553727953,314.93490699785,NaN,NaN
865,Stim,1,4,-0.3636,-0.0530666666668367,9,Right,0.122366666666494,0.140366666666523,0.175433333333331,19.0000000038708,NaN,0.0332717774650385,0.0332717774650385,NaN,8.66656107048123,8.66656107048123,-0.0265956278031941,0.019992092372661,143.067596594981,NaN,NaN
865,Stim,1,4,-0.3636,-0.0530666666668367,10,Right,0.142366666666476,0.148366666666789,0.195433333333312,7.00000000142609,NaN,0.0426115929063343,0.0426115929063343,NaN,7.99658864768914,7.99658864768914,0.0332445320504049,-0.0266561238510921,321.276671004478,NaN,NaN
865,Stim,1,4,-0.3636,-0.0530666666668367,11,Right,0.158366666666552,0.164366666666865,0.211433333333389,7.00000000142609,NaN,0.0519780650272442,0.0519780650272442,NaN,11.0905924630411,11.0905924630411,-0.0398934391837706,0.0333201553727953,140.130390394623,NaN,NaN
865,Stim,1,4,-0.3636,-0.0530666666668367,12,Right,0.166366666666818,0.172366666666676,0.219433333333654,7.00000000142609,NaN,0.0339770616760093,0.0339770616760093,NaN,6.75553937842609,6.75553937842609,0.00664890713336571,-0.0333201553727953,281.284924118306,NaN,NaN
865,Stim,1,4,-0.3636,-0.0530666666668367,13,Right,0.178366666666534,0.185366666666596,0.231433333333371,8.00000000162981,NaN,0.0426328525279101,0.0426328525279101,NaN,9.4136745040722,9.4136745040722,-0.026595626719431,0.0333201553727953,128.596319851611,NaN,NaN
865,Stim,1,4,-0.3636,-0.0530666666668367,14,Right,0.214366666666592,0.222366666666858,0.267433333333429,9.00000000183354,NaN,0.0507338929288081,0.0507338929288081,NaN,10.2300523117845,10.2300523117845,0.0199467206698284,-0.0466482178248174,293.151492455251,NaN,NaN
865,Stim,1,4,-0.3636,-0.0530666666668367,15,Right,0.226366666666763,0.243366666666589,0.2794333333336,18.0000000036671,NaN,0.0426328525279101,0.0426328525279101,NaN,10.4713826022649,10.4713826022649,-0.026595626719431,0.0333201553727953,128.596319851611,NaN,NaN
865,Stim,1,4,-0.3636,-0.0530666666668367,16,Right,0.247366666666494,0.258366666666461,0.300433333333331,12.0000000024447,NaN,0,0,NaN,6.46546974696058,6.46546974696058,0,0,0,NaN,NaN
865,Stim,1,4,-0.3636,-0.0530666666668367,17,Right,0.291366666666818,0.313366666666752,0.344433333333654,23.0000000046857,NaN,0.00664890695661847,0.00664890695661847,NaN,8.06884873306639,8.06884873306639,0.00664890695661847,0,0,NaN,NaN
865,Stim,1,4,-0.3636,-0.0530666666668367,18,Right,0.331366666666781,0.336366666666436,0.384433333333618,6.00000000122236,NaN,0.0274178178112809,0.0274178178112809,NaN,8.06884872459488,8.06884872459488,-0.0265956278218179,0.00666403138467509,165.933094262935,NaN,NaN
865,Stim,1,4,-0.3636,-0.0530666666668367,19,Right,0.338366666666843,0.343366666666498,0.39143333333368,6.00000000122236,NaN,0.021030477422349,0.021030477422349,NaN,5.65097901056543,5.65097901056543,0.0199467206907802,-0.00666403138467509,341.525960295626,NaN,NaN
865,Stim,1,4,-0.3636,-0.0530666666668367,20,Right,0.360366666666778,0.369366666666792,0.413433333333614,10.0000000020373,NaN,0.0210687386774356,0.0210687386774356,NaN,10.4609618476383,10.4609618476383,-0.00664890713336572,0.0199920930217411,108.395930515037,NaN,NaN
865,Stim,1,4,-0.3636,-0.0530666666668367,21,Right,0.391366666666727,0.398366666666789,0.444433333333563,8.00000000162981,NaN,0.0339770583165413,0.0339770583165413,NaN,6.66403075707538,6.66403075707538,0.00664890713336571,-0.0333201519470954,281.284925248754,NaN,NaN
865,Stim,1,4,-0.3636,-0.0530666666668367,22,Right,0.414366666666865,0.419366666666519,0.467433333333702,6.00000000122236,NaN,0.0332717761665619,0.0332717761665619,NaN,7.99658852486888,7.99658852486888,0.0265956249752386,-0.0199920939737252,323.067591464909,NaN,NaN
865,Stim,1,4,-0.3636,-0.0530666666668367,23,Right,0.433366666666643,0.440366666666705,0.48643333333348,8.00000000162981,NaN,0.0339770582123237,0.0339770582123237,NaN,6.75553880855473,6.75553880855473,-0.00664890660079601,0.0333201519470954,101.284924368041,NaN,NaN
865,Stim,1,4,-0.3636,-0.0530666666668367,24,Right,0.450366666666469,0.45736666666653,0.503433333333305,8.00000000162981,NaN,0.0358756795768617,0.0358756795768617,NaN,8.00357935293003,8.00357935293003,-0.0132978140806723,-0.0333201519470954,248.243441450407,NaN,NaN
865,Stim,1,4,-0.3636,-0.0530666666668367,25,Right,0.465366666666796,0.476366666666763,0.518433333333633,12.0000000024447,NaN,0.0132978114178242,0.0132978114178242,NaN,9.41367482849684,9.41367482849684,0.0132978114178242,0,0,NaN,NaN
865,Stim,1,4,-0.3636,-0.0530666666668367,26,Right,0.485366666666778,0.491366666666636,0.538433333333614,7.00000000142609,NaN,0.0274728378454906,0.0274728378454906,NaN,5.66284297144815,5.66284297144815,-0.00664890445887818,0.0266561229135321,104.005638882923,NaN,NaN
865,Stim,1,4,-0.3636,-0.0530666666668367,27,Right,0.493366666666589,0.498366666666698,0.546433333333425,6.00000000122236,NaN,0.0376546976001918,0.0376546976001918,NaN,9.41367444048303,9.41367444048303,0.0265956267566786,-0.0266561229135321,314.934909688512,NaN,NaN
865,Stim,1,4,-0.3636,-0.0530666666668367,28,Right,0.520366666666632,0.527366666666694,0.573433333333469,8.00000000162981,NaN,0.0358756795768617,0.0358756795768617,NaN,7.44723367439695,7.44723367439695,0.0132978140806723,0.0333201519470954,68.2434414504074,NaN,NaN
865,Stim,1,4,-0.3636,-0.0530666666668367,29,Right,0.544366666666519,0.550366666666832,0.597433333333356,7.00000000142609,NaN,0.0339770582805873,0.0339770582805873,NaN,7.02291203995945,7.02291203995945,0.00664890694963453,-0.0333201519470954,281.284924944917,NaN,NaN
865,Stim,1,4,-0.3636,-0.0530666666668367,30,Right,0.552366666666785,0.562366666666549,0.605433333333622,11.000000002241,NaN,0.0388343174649443,0.0388343174649443,NaN,7.01015905644974,7.01015905644974,-0.019946721214038,0.0333201519470954,120.906357322049,NaN,NaN
865,Stim,1,4,-0.3636,-0.0530666666668367,31,Right,0.579366666666829,0.586366666666436,0.632433333333665,8.00000000162981,NaN,0.0358756554631186,0.0358756554631186,NaN,6.75553416002011,6.75553416002011,-0.0132978140806723,0.0333201259839195,111.756573919128,NaN,NaN
865,Stim,1,4,-0.3636,-0.0530666666668367,32,Right,0.591366666666545,0.614366666666683,0.644433333333382,24.0000000048894,NaN,0,0,NaN,9.4707039580483,9.4707039580483,0,0,0,NaN,NaN
865,Stim,1,4,-0.3636,-0.0530666666668367,33,Right,0.676366666666581,0.683366666666643,0.729433333333418,8.00000000162981,NaN,0.0339769849397826,0.0339769849397826,NaN,6.75552262834959,6.75552262834959,-0.00664890533097396,0.0333200774833727,101.284946840492,NaN,NaN
865,Stim,1,4,-0.3636,-0.0530666666668367,34,Right,0.693366666666861,0.702366666666876,0.746433333333698,10.0000000020373,NaN,0.0426327916526384,0.0426327916526384,NaN,8.66300211841652,8.66300211841652,0.026595626719431,-0.0333200774833727,308.596385153115,NaN,NaN
865,Stim,1,4,-0.3636,-0.0530666666668367,35,Right,0.730366666666669,0.73736666666673,0.783433333333505,8.00000000162981,NaN,0.0470683171012982,0.0470683171012982,NaN,9.41366452936995,9.41366452936995,-0.0332445320504049,0.0333200774833727,134.934973965258,NaN,NaN
865,Stim,1,4,-0.3636,-0.0530666666668367,36,Right,0.740366666666432,0.747366666666494,0.793433333333269,8.00000000162981,NaN,0.0470683171012982,0.0470683171012982,NaN,9.41366452936995,9.41366452936995,0.0332445320504049,-0.0333200774833727,314.934973965258,NaN,NaN
865,Stim,1,4,-0.3636,-0.0530666666668367,37,Right,0.751366666666854,0.761366666666618,0.804433333333691,11.000000002241,NaN,0.0132978126387587,0.0132978126387587,NaN,8.9345128580521,8.9345128580521,-0.0132978126387587,0,180,NaN,NaN
865,Stim,1,4,-0.3636,-0.0530666666668367,38,Right,0.812366666666549,0.818366666666861,0.865433333333385,7.00000000142609,NaN,0.04263283024643,0.04263283024643,NaN,10.4609606308279,10.4609606308279,0.0265956278218179,-0.0333201259839195,308.596345648761,NaN,NaN
865,Stim,1,4,-0.3636,-0.0530666666668367,39,Right,0.820366666666814,0.833366666666734,0.873433333333651,14.0000000028522,NaN,0.03883429490881,0.03883429490881,NaN,8.66300723569816,8.66300723569816,-0.0199467206698284,0.0333201259839195,120.906376308413,NaN,NaN
865,Stim,1,4,-0.3636,-0.0530666666668367,40,Right,0.842366666666749,0.852366666666512,0.895433333333585,11.000000002241,NaN,0.0358756554665702,0.0358756554665702,NaN,6.74103488705591,6.74103488705591,-0.0132978140899842,-0.0333201259839195,248.24342606706,NaN,NaN
865,Stim,1,4,-0.3636,-0.0530666666668367,41,Right,0.873366666666698,0.879366666666556,0.926433333333534,7.00000000142609,NaN,0.0333201519470954,0.0333201519470954,NaN,6.66403075707538,6.66403075707538,0,-0.0333201519470954,270,NaN,NaN
865,Stim,1,4,-0.3636,-0.0530666666668367,42,Right,0.881366666666509,0.887366666666821,0.934433333333345,7.00000000142609,NaN,0.042632847204276,0.042632847204276,NaN,8.66656049698619,8.66656049698619,-0.0265956224774983,0.0333201519470954,128.596318268086,NaN,NaN
865,Stim,1,4,-0.3636,-0.0530666666668367,43,Right,0.89336666666668,0.91836666666677,0.946433333333516,26.0000000052969,NaN,0.0388343158236613,0.0388343158236613,NaN,9.54000643334522,9.54000643334522,0.0199467180186202,-0.0333201519470954,300.90635327698,NaN,NaN
865,Stim,1,4,-0.3636,-0.0530666666668367,44,Right,0.926366666666581,0.933366666666643,0.979433333333418,8.00000000162981,NaN,0.0388343147234944,0.0388343147234944,NaN,8.00357935074595,8.00357935074595,-0.0199467158767023,0.0333201519470954,120.906350565533,NaN,NaN
865,Stim,1,4,-0.3636,-0.0530666666668367,45,Right,0.952366666666876,0.95736666666653,1.00543333333371,6.00000000122236,NaN,0.0297889333804066,0.0297889333804066,NaN,6.75553820921907,6.75553820921907,-0.0132978114178242,-0.0266561205624203,243.486986966247,NaN,NaN
866,NonStim,0,4,0.1818,NaN,1,Right,0.818666666666104,0.836666666666133,NaN,19.0000000038708,NaN,0.158379085359234,0.158379085359234,NaN,15.6894496434747,15.6894496434747,0.0398934318388617,-0.153272465809569,284.589128187617,NaN,NaN
868,NonStim,0,4,-1,NaN,1,Right,0.605633333333571,0.61963333333324,NaN,15.0000000030559,NaN,0.16807496092932,0.16807496092932,NaN,15.6894181422165,15.6894181422165,0.0930846390390222,0.139944426349774,56.3699637649762,NaN,NaN
868,NonStim,0,4,-1,NaN,2,Merged,0.621633333333648,0.633633333333364,NaN,13.0000000026484,0.105290030136182,0.103998463086681,0.104644246611432,12.6527618292758,13.5368031013411,13.5368031013411,-0.0631644682269019,-0.0833002386878329,232.827876048056,5.00000000101863,5.10745444169703
869,NonStim,0,3,0.1818,NaN,1,Right,0.275366666666741,0.284366666666756,NaN,10.0000000020373,NaN,0.0927920651908331,0.0927920651908331,NaN,13.3608695969431,13.3608695969431,-0.033244530971053,-0.0866323757200188,249.006065627826,NaN,NaN
869,NonStim,0,3,0.1818,NaN,2,Right,0.711366666666891,0.716366666667,NaN,6.00000000122236,NaN,0.0405332309455651,0.0405332309455651,NaN,8.95420947735532,8.95420947735532,0.0066488982830364,-0.0399841839044934,279.441222876631,NaN,NaN
871,Stim,1,4,-0.0909,-0.0400333333336675,1,Left,0.543133333333117,0.548133333333226,0.583166666666784,6.00000000122236,0.0297889192784761,NaN,0.0297889192784761,7.84472229652393,NaN,7.84472229652393,-0.013297798434631,0.0266561112799953,116.512998658116,NaN,NaN
871,Stim,1,4,-0.0909,-0.0400333333336675,2,Merged,0.706133333333128,0.716133333333346,0.746166666666795,11.000000002241,0.155171203320661,0.147212903929972,0.151192053625317,17.3532047168706,15.8678133361009,17.3532047168706,0.136302347266465,-0.0633082238638916,335.086589491005,2.00000000040745,12.5471574406313
871,Stim,1,4,-0.0909,-0.0400333333336675,3,Left,0.890133333333324,0.895133333332979,0.930166666666992,6.00000000122236,0.0358166840293191,NaN,0.0358166840293191,8.66300626135699,NaN,8.66300626135699,-0.033244512322405,0.0133280626987402,158.153649256086,NaN,NaN
872,Stim,1,1,1,-0.0553666666664867,1,Merged,0.341699999999946,0.352699999999913,0.397066666666433,12.0000000024447,0.0801652196008173,0.101467758142144,0.0908164888714805,16.4943777747554,17.8052620031594,17.8052620031594,0.0465423463658033,0.0166600667296944,19.6950831943963,5.00000000101863,115.279593317918
872,Stim,1,1,1,-0.0553666666664867,2,Right,0.364700000000084,0.369700000000194,0.420066666666571,6.00000000122236,NaN,0.0405332341902929,0.0405332341902929,NaN,9.48693103909628,9.48693103909628,-0.00664890312685699,-0.0399841863883061,260.558770945058,NaN,NaN
872,Stim,1,1,1,-0.0553666666664867,3,Merged,0.577700000000277,0.589699999999993,0.633066666666764,13.0000000026484,0.141539794443889,0.122717862700929,0.132128828572409,19.3963984298676,15.7641436959043,19.3963984298676,0.093084619773465,0.0932963603885654,45.0650916116383,2.00000000040745,8.21291171013138
872,Stim,1,1,1,-0.0553666666664867,4,Merged,0.830699999999979,0.841699999999946,0.886066666666466,12.0000000024447,0.12013665228658,0.120687341412247,0.120411996849414,13.3280598583437,13.3280622998081,13.3280622998081,0.00997334553686899,-0.11995251248708,274.752874899624,1.00000000020373,3.15328396675818
873,Stim,1,4,0.3636,-0.0569333333332906,1,Merged,0.00730000000021391,0.0143000000002758,0.0642333333335046,8.00000000162981,0.0960428306424826,0.0893667766096429,0.0927048036260628,16.0071428672843,14.8944657676577,16.0071428672843,0.046542341433057,-0.0799682788133019,300.199835024979,0,7.11702654343605
873,Stim,1,4,0.3636,-0.0569333333332906,2,Right,0.207300000000032,0.213300000000345,0.264233333333323,7.00000000142609,NaN,0.057282238470838,0.057282238470838,NaN,11.097650154346,11.097650154346,0.0332445348243441,-0.0466482127046999,305.47613106301,NaN,NaN
873,Stim,1,4,0.3636,-0.0569333333332906,3,Right,0.282300000000305,0.288300000000163,0.339233333333596,7.00000000142609,NaN,0.0405332326867384,0.0405332326867384,NaN,7.02291318664127,7.02291318664127,0.00664890615276276,-0.0399841843609324,279.441233744368,NaN,NaN
874,NonStim,0,2,0.6363,NaN,1,Left,0.335866666666334,0.341866666666192,NaN,7.00000000142609,0.0595776434775544,NaN,0.0595776434775544,11.0976062765744,NaN,11.0976062765744,-0.0265956268655163,0.0533119895892923,116.513124486814,NaN,NaN
874,NonStim,0,2,0.6363,NaN,2,Right,0.383866666666563,0.389866666666421,NaN,7.00000000142609,NaN,0.0519993398102324,0.0519993398102324,NaN,9.41367170869957,9.41367170869957,-0.0332445314697931,0.0399841527114675,129.741581574937,NaN,NaN
874,NonStim,0,2,0.6363,NaN,3,Left,0.427866666666432,0.43386666666629,NaN,7.00000000142609,0.0446833830711011,NaN,0.0446833830711011,9.41367301154493,NaN,9.41367301154493,0.0199467178208911,0.0399841614999303,63.486975097377,NaN,NaN
874,NonStim,0,2,0.6363,NaN,4,Left,0.520866666666279,0.525866666666388,NaN,6.00000000122236,0.042137405520343,NaN,0.042137405520343,9.1575983950697,NaN,9.1575983950697,0.0132978140512839,-0.0399841104120538,288.395962691103,NaN,NaN
876,Stim,1,2,-0,-0.0578000000000429,1,Merged,0.772233333333588,0.782233333333352,0.830033333333631,11.000000002241,0.148684689438622,0.13978557804806,0.144235133743341,20.2230879188438,17.7651391822644,20.2230879188438,0.142951186246627,-0.00999605133598451,356.000027673363,-1.00000000020373,13.0602823246309
877,NonStim,0,2,0.3636,NaN,1,Left,0.329366666666829,0.341366666667,NaN,13.0000000026484,0.18847830108263,NaN,0.18847830108263,19.1718193625525,NaN,19.1718193625525,0.0265956267020764,-0.186592450595726,278.111914476547,NaN,NaN
877,NonStim,0,2,0.3636,NaN,2,Left,0.652366666667149,0.657366666666803,NaN,6.00000000122236,0.0388342675154693,NaN,0.0388342675154693,8.66655425042376,NaN,8.66655425042376,-0.0199467207003278,0.0333200940389752,120.906400555402,NaN,NaN
879,NonStim,0,3,-0.3636,NaN,1,Left,0.0129333333329669,0.0189333333332797,NaN,7.00000000142609,0.0519993213010066,NaN,0.0519993213010066,9.41366887289213,NaN,9.41366887289213,-0.0332445321573773,-0.0399841280685528,230.258400482914,NaN,NaN
879,NonStim,0,3,-0.3636,NaN,2,Left,0.209933333333083,0.214933333333192,NaN,6.00000000122236,0.0358756412701708,NaN,0.0358756412701708,8.00357166853328,NaN,8.00357166853328,-0.0132978114491523,0.0333201117526454,111.756578440346,NaN,NaN
879,NonStim,0,3,-0.3636,NaN,3,Left,0.246933333333345,0.252933333333203,NaN,7.00000000142609,0.0398934329148569,NaN,0.0398934329148569,8.66300404570124,NaN,8.66300404570124,0.0398934329148569,0,0,NaN,NaN
879,NonStim,0,3,-0.3636,NaN,4,Left,0.947933333333367,0.952933333333021,NaN,6.00000000122236,0.0339058720262579,NaN,0.0339058720262579,8.6665571439177,NaN,8.6665571439177,0.0332445321573773,-0.00666402577261548,348.665014284508,NaN,NaN
880,Stim,1,3,0.6363,-0.0521666666663805,1,Left,0.0324666666670055,0.0374666666671146,0.084633333333386,6.00000000122236,0.0420609374545235,NaN,0.0420609374545235,8.93451002134667,NaN,8.93451002134667,0.039893423226067,-0.0133280622319688,341.525953153113,NaN,NaN
880,Stim,1,3,0.6363,-0.0521666666663805,2,Left,0.0924666666669509,0.0974666666670601,0.144633333333331,6.00000000122236,0.042060949595294,NaN,0.042060949595294,8.93451294688809,NaN,8.93451294688809,-0.0398934387841119,-0.0133280539778385,198.474029466839,NaN,NaN
880,Stim,1,3,0.6363,-0.0521666666663805,3,Left,0.525466666666944,0.533466666666754,0.577633333333324,9.00000000183354,0.0812210036987191,NaN,0.0812210036987191,11.0905926739515,NaN,11.0905926739515,0.0664890635717046,-0.0466482139763695,324.946796628872,NaN,NaN
883,Stim,1,1,-0.1818,-0.0573333333331902,1,Left,0.445900000000165,0.451900000000023,0.503233333333355,7.00000000142609,0.0446834010170304,NaN,0.0446834010170304,8.00357982072959,NaN,8.00357982072959,0.0199467194126047,-0.0399841807609407,296.513015703912,NaN,NaN
883,Stim,1,1,-0.1818,-0.0573333333331902,2,Right,0.48090000000002,0.485900000000129,0.53823333333321,6.00000000122236,NaN,0.0446833925756658,0.0446833925756658,NaN,10.4713794142848,10.4713794142848,-0.019946720696359,0.039984170687067,116.513022943218,NaN,NaN
883,Stim,1,1,-0.1818,-0.0573333333331902,3,Merged,0.683899999999994,0.696899999999914,0.741233333333184,14.0000000028522,0.104261237235843,0.216948030320399,0.160604633778121,12.0053674143824,24.4598752373222,24.4598752373222,0.0432178204388393,-0.153272512528552,285.746710765041,-1.00000000020373,15.9168832282297
884,NonStim,0,4,0.3636,NaN,1,Right,0.00959999999986394,0.0195999999996275,NaN,11.000000002241,NaN,0.0736051928678023,0.0736051928678023,NaN,11.0976346457896,11.0976346457896,-0.00664890293731325,0.0733042734554853,95.1827060376578,NaN,NaN
884,NonStim,0,4,0.3636,NaN,2,Left,0.0295999999998457,0.0345999999999549,NaN,6.00000000122236,0.0421374622590146,NaN,0.0421374622590146,9.48692904121215,NaN,9.48692904121215,0.0132978046691599,-0.0399841733265895,288.395923588679,NaN,NaN
884,NonStim,0,4,0.3636,NaN,3,Left,0.0665999999996529,0.0715999999997621,NaN,6.00000000122236,0.059577868467433,NaN,0.059577868467433,13.415087814305,NaN,13.415087814305,-0.0265956138653366,0.0533122475070097,116.513002574411,NaN,NaN
884,NonStim,0,4,0.3636,NaN,4,Left,0.382599999999911,0.387599999999566,NaN,6.00000000122236,0.0405332358115248,NaN,0.0405332358115248,8.95421073894681,NaN,8.95421073894681,-0.00664890584803276,-0.0399841875793003,260.558767426801,NaN,NaN
884,NonStim,0,4,0.3636,NaN,5,Right,0.575599999999667,0.58159999999998,NaN,7.00000000142609,NaN,0.0519992581298573,0.0519992581298573,NaN,9.41365897656879,9.41365897656879,0.0332445180164682,-0.0399840576718803,309.741637126786,NaN,NaN
884,NonStim,0,4,0.3636,NaN,6,Right,0.937599999999748,0.942599999999857,NaN,6.00000000122236,NaN,0.0388342344384806,0.0388342344384806,NaN,8.66654706125199,8.66654706125199,0.0199467209374742,0.0333200553460735,59.0935698222607,NaN,NaN
885,Stim,1,1,-0,-0.0545333333334383,1,Right,0.218866666666599,0.223866666666709,0.273400000000038,6.00000000122236,NaN,0.0339770467304803,0.0339770467304803,NaN,7.02291217073772,7.02291217073772,0.00664890684683219,-0.0333201401897919,281.284928654711,NaN,NaN
885,Stim,1,1,-0,-0.0545333333334383,2,Right,0.447866666666869,0.452866666666523,0.502400000000307,6.00000000122236,NaN,0.0564818458373138,0.0564818458373138,NaN,11.994857218205,11.994857218205,-0.0398934259609642,-0.0399839151945773,225.064907630681,NaN,NaN
886,Stim,1,3,-0,-0.0579000000002452,1,Merged,0.4384666666665,0.446466666666311,0.496366666666745,9.00000000183354,0.159936652562418,0.126790962337616,0.143363807450017,25.54544905998,19.1718521084582,25.54544905998,-0.00332445357623889,-0.143276580411647,268.670801700669,-2.00000000040745,3.0059645273293
887,Stim,1,1,-1,-0.0533333333332848,1,Right,0.59863333333351,0.603633333333164,0.651966666666794,6.00000000122236,NaN,0.0868309459135085,0.0868309459135085,NaN,21.1969357263999,21.1969357263999,-0.0465423475149238,0.0733036360355658,122.412505143196,NaN,NaN
892,NonStim,0,3,-0.4545,NaN,1,Left,0.260666666666566,0.266666666666424,NaN,7.00000000142609,0.0485065692629794,NaN,0.0485065692629794,8.95420937610168,NaN,8.95420937610168,0.0132978074803465,-0.0466482108754436,285.911036360453,NaN,NaN
892,NonStim,0,3,-0.4545,NaN,2,Left,0.30066666666653,0.306666666666843,NaN,7.00000000142609,0.0536971325156714,NaN,0.0536971325156714,10.4713804843783,NaN,10.4713804843783,-0.0265956098355671,0.0466482108754436,119.688822355547,NaN,NaN
892,NonStim,0,3,-0.4545,NaN,3,Left,0.444666666666762,0.449666666666872,NaN,6.00000000122236,0.0421374750555894,NaN,0.0421374750555894,9.48693158394285,NaN,9.48693158394285,0.0132978095056857,0.0399841852037892,71.6040752675839,NaN,NaN
893,NonStim,0,4,-0,NaN,1,Merged,0.529333333333398,0.537333333333208,NaN,9.00000000183354,0.0842749468845859,0.0595778750810021,0.071926410982794,12.9447730755167,8.66656157615464,12.9447730755167,-0.0265956259464684,0.0666403066192529,111.756556100346,2.00000000040745,8.1170855442779
894,Stim,1,4,-1,-0.0517333333332317,1,Right,0.67506666666668,0.683066666666491,0.726799999999912,9.00000000183354,NaN,0.074500684779116,0.074500684779116,NaN,14.9273888344091,14.9273888344091,-0.0132977980688714,-0.0733043013681784,259.718047547178,NaN,NaN
894,Stim,1,4,-1,-0.0517333333332317,2,Merged,0.686066666666648,0.693066666666709,0.737799999999879,8.00000000162981,0.141496916716752,0.134719712662976,0.138108314689864,24.4269043520317,23.8046095764472,24.4269043520317,-0.109706339301943,0.0833002945169965,142.790507612601,0,8.28560888478782
894,Stim,1,4,-1,-0.0517333333332317,3,Merged,0.697066666666615,0.706066666666629,0.748799999999846,10.0000000020373,0.221260332215606,0.201156313493881,0.211208322854744,31.4145085915125,29.8560722267018,31.4145085915125,0.162897421237176,-0.133280523871233,320.710421302643,-1.00000000020373,9.56975809332653
894,Stim,1,4,-1,-0.0517333333332317,4,Right,0.713066666666691,0.7180666666668,0.764799999999923,6.00000000122236,NaN,0.0446833360915064,0.0446833360915064,NaN,9.4869176788774,9.4869176788774,-0.0199467040505167,-0.0399841158685249,243.48696477807,NaN,NaN
894,Stim,1,4,-1,-0.0517333333332317,5,Right,0.886066666666466,0.891066666666575,0.937799999999697,6.00000000122236,NaN,0.0613589826114085,0.0613589826114085,NaN,14.203863852009,14.203863852009,-0.0465423418966199,0.039984186347671,139.334365234127,NaN,NaN
895,NonStim,0,1,-0,NaN,1,Merged,0.259366666666665,0.265366666666523,NaN,7.00000000142609,0.0954048596947127,0.100181098980972,0.0977929793378425,16.9885247819464,17.770719261154,17.770719261154,-0.00664890725390854,0.0966283004515826,93.9362670201306,-1.00000000020373,15.8735731501015
895,NonStim,0,1,-0,NaN,2,Right,0.307366666666439,0.313366666666752,NaN,7.00000000142609,NaN,0.094135797337377,0.094135797337377,NaN,16.6357432139316,16.6357432139316,-0.0664887466883389,0.0666392894931933,134.935209262263,NaN,NaN
895,NonStim,0,1,-0,NaN,3,Left,0.828366666666625,0.835366666666687,NaN,8.00000000162981,0.120135358164839,NaN,0.120135358164839,19.0108962587241,NaN,19.0108962587241,0.00664888964285984,0.11995122570408,86.8273448357575,NaN,NaN
896,NonStim,0,1,-0.1818,NaN,1,Left,0.0847999999996318,0.089799999999741,NaN,6.00000000122236,0.042137474385271,NaN,0.042137474385271,9.54703891203892,NaN,9.54703891203892,-0.0132978141145075,0.0399841829645846,108.395931639807,NaN,NaN
896,NonStim,0,1,-0.1818,NaN,2,Right,0.542799999999716,0.548799999999574,NaN,7.00000000142609,NaN,0.0743708669657154,0.0743708669657154,NaN,12.9740226624328,12.9740226624328,0.0664890512978986,-0.0333201427178448,333.382843189404,NaN,NaN
896,NonStim,0,1,-0.1818,NaN,3,Left,0.834799999999632,0.839799999999741,NaN,6.00000000122236,0.044683405636781,NaN,0.044683405636781,9.48693196454279,NaN,9.48693196454279,0.0199467207469053,0.0399841852580004,63.4869853392278,NaN,NaN
897,NonStim,0,4,-0.1818,NaN,1,Left,0.143199999999524,0.15119999999979,NaN,9.00000000183354,0.0569215793879377,NaN,0.0569215793879377,8.6665588871993,NaN,8.6665588871993,0.0199467195748659,-0.0533122366649436,290.513285468836,NaN,NaN
897,NonStim,0,4,-0.1818,NaN,2,Right,0.344199999999546,0.349199999999655,NaN,6.00000000122236,NaN,0.0421374731435659,0.0421374731435659,NaN,9.54703863087512,9.54703863087512,0.0132978139859701,-0.0399841816987577,288.395932017137,NaN,NaN
897,NonStim,0,4,-0.1818,NaN,3,Merged,0.775199999999586,0.787199999999757,NaN,13.0000000026484,0.10193116589644,0.111686956131086,0.106809061013763,12.9447733777969,12.9447708981035,12.9447733777969,-0.0265956202807269,-0.103292459318379,255.561173083658,3.00000000061118,6.03207052021872
898,Stim,1,2,-0.3636,-0.0637666666671066,1,Left,0.00203333333320188,0.00903333333280898,0.0658000000003085,8.00000000162981,0.0684914382610003,NaN,0.0684914382610003,10.4609625004295,NaN,10.4609625004295,-0.0598401577700859,0.033320153557744,150.890096418428,NaN,NaN
898,Stim,1,2,-0.3636,-0.0637666666671066,2,Right,0.0190333333330273,0.0240333333331364,0.0828000000001339,6.00000000122236,NaN,0.0405332354991862,0.0405332354991862,NaN,8.95421075241023,8.95421075241023,0.00664890429228934,0.0399841875213748,80.5587695827035,NaN,NaN
898,Stim,1,2,-0.3636,-0.0637666666671066,3,Right,0.170033333332867,0.17603333333318,0.233799999999974,7.00000000142609,NaN,0.0480214709572817,0.0480214709572817,NaN,10.2264981434376,10.2264981434376,-0.0265956265090008,0.0399841759136634,123.630015740959,NaN,NaN
898,Stim,1,2,-0.3636,-0.0637666666671066,4,Merged,0.331033333332925,0.341033333333144,0.394800000000032,11.000000002241,0.0954048362254676,0.0927920104736714,0.0940984233495695,11.9585556050256,13.9094273129706,13.9094273129706,0.0265956275717706,-0.0899643387248455,286.468949739882,2.00000000040745,8.92582744677185
900,Stim,1,2,-1,-0.0506000000000313,1,Right,0.0263333333332412,0.0313333333328956,0.0769333333332725,6.00000000122236,NaN,0.0399841870439223,0.0399841870439223,NaN,8.88537515775339,8.88537515775339,0,-0.0399841870439223,270,NaN,NaN
900,Stim,1,2,-1,-0.0506000000000313,2,Merged,0.397333333332881,0.409333333333052,0.447933333332912,13.0000000026484,0.104261262788349,0.0904526488177664,0.0973569558030577,11.5935841544387,12.9309384090968,12.9309384090968,-0.0664890311373002,-0.0333201489972242,206.617168094261,6.00000000122236,80.6263464457552
901,Stim,1,2,-0.0909,-0.053133333333335,1,Left,0.443966666666711,0.44896666666682,0.497100000000046,6.00000000122236,0.0405332071318324,NaN,0.0405332071318324,9.1576081112009,NaN,9.1576081112009,-0.00664890524264763,-0.0399841586064572,260.558761552927,NaN,NaN
901,Stim,1,2,-0.0909,-0.053133333333335,2,Left,0.452966666666725,0.458966666666583,0.50610000000006,7.00000000142609,0.0779797996482841,NaN,0.0779797996482841,14.0458223068865,NaN,14.0458223068865,-0.0265956147520299,0.0733043138508788,109.941330810947,NaN,NaN
902,NonStim,0,1,0.4545,NaN,1,Left,0.0727333333334172,0.0777333333335264,NaN,6.00000000122236,0.0332717593406996,NaN,0.0332717593406996,8.93450803961279,NaN,8.93450803961279,0.0265956096969277,0.0199920862961852,36.9324137758424,NaN,NaN
902,NonStim,0,1,0.4545,NaN,2,Left,0.137733333333472,0.144733333333534,NaN,8.00000000162981,0.0519993621027771,NaN,0.0519993621027771,7.99658869282498,NaN,7.99658869282498,-0.0332445346693997,0.0399841790426014,129.741565736991,NaN,NaN
902,NonStim,0,1,0.4545,NaN,3,Left,0.149733333333643,0.15673333333325,NaN,8.00000000162981,0.0536971361113636,NaN,0.0536971361113636,8.00357901596281,NaN,8.00357901596281,0.0265956264655185,-0.0466482055332134,299.688840593922,NaN,NaN
902,NonStim,0,1,0.4545,NaN,4,Left,0.168733333333421,0.17373333333353,NaN,6.00000000122236,0.0421374702622458,NaN,0.0421374702622458,9.92964486498038,NaN,9.92964486498038,-0.0132978128423753,0.0399841790426014,108.39593168139,NaN,NaN
902,NonStim,0,1,0.4545,NaN,5,Merged,0.35073333333321,0.364733333333334,NaN,15.0000000030559,0.193463989156511,0.177435166469692,0.185449577813102,21.3263190205829,18.8712644846426,21.3263190205829,0.159573579890569,0.0433160853727228,15.1869263033844,0,53.9026532518528
902,NonStim,0,1,0.4545,NaN,6,Merged,0.368733333333239,0.379733333333206,NaN,12.0000000024447,0.0866321462020929,0.0614327010622707,0.0740324236321818,12.4120166928578,10.226468828486,12.4120166928578,-0.00664887213282352,-0.0733041822330498,264.817311428754,-3.00000000061118,12.5012172171162
902,NonStim,0,1,0.4545,NaN,7,Left,0.651733333333596,0.65673333333325,NaN,6.00000000122236,0.0399841218425289,NaN,0.0399841218425289,8.88536187307353,NaN,8.88536187307353,0,-0.0399841218425289,270,NaN,NaN
902,NonStim,0,1,0.4545,NaN,8,Left,0.731733333333523,0.737733333333381,NaN,7.00000000142609,0.0399841679541585,NaN,0.0399841679541585,6.66403061887317,NaN,6.66403061887317,0,0.0399841679541585,90,NaN,NaN
903,Stim,1,1,-0.0909,-0.0566333333335933,1,Left,0.210799999999836,0.217799999999897,0.267433333333429,8.00000000162981,0.0776686372416939,NaN,0.0776686372416939,11.9585600112491,NaN,11.9585600112491,-0.0398934403381698,-0.0666403078396756,239.093645495726,NaN,NaN
903,Stim,1,1,-0.0909,-0.0566333333335933,2,Left,0.408799999999701,0.41379999999981,0.465433333333294,6.00000000122236,0.0507338604898164,NaN,0.0507338604898164,11.5935749278248,NaN,11.5935749278248,-0.0199467210768942,0.0466481823705998,113.151508620164,NaN,NaN
906,Stim,1,3,-0.3636,-0.065900000000056,1,Left,0.340733333332992,0.346733333333304,0.406633333333048,7.00000000142609,0.0569215479541115,NaN,0.0569215479541115,11.097639922712,NaN,11.097639922712,-0.0199467159559573,0.0533122044569962,110.513293417774,NaN,NaN
906,Stim,1,3,-0.3636,-0.065900000000056,2,Left,0.591733333333195,0.597733333333053,0.657633333333251,7.00000000142609,0.0480214810871874,NaN,0.0480214810871874,9.41367489827234,NaN,9.41367489827234,-0.0265956277788588,0.0399841872351494,123.630009521384,NaN,NaN
907,Stim,1,2,0.3636,-0.0568333333335431,1,Left,0.55713333333324,0.564133333333302,0.613966666666784,8.00000000162981,0.0745007181846121,NaN,0.0745007181846121,11.59358112749,NaN,11.59358112749,-0.0132978130622515,0.0733043325989972,100.281959511398,NaN,NaN
907,Stim,1,2,0.3636,-0.0568333333335431,2,Left,0.704133333333175,0.710133333333033,0.760966666666718,7.00000000142609,0.0446833927295407,NaN,0.0446833927295407,7.44723367554614,NaN,7.44723367554614,-0.0199467190116515,0.0399841716994687,116.513020430667,NaN,NaN
907,Stim,1,2,0.3636,-0.0568333333335431,3,Left,0.786133333333055,0.791133333333164,0.842966666666598,6.00000000122236,0.0421374784023368,NaN,0.0421374784023368,9.54704008003246,NaN,9.54704008003246,-0.0132978132252099,-0.0399841874937435,251.604071451104,NaN,NaN
908,NonStim,0,1,-1,NaN,1,Left,0.0794666666665762,0.0844666666662306,NaN,6.00000000122236,0.0339769542209347,NaN,0.0339769542209347,7.44721577663529,NaN,7.44721577663529,-0.00664890442833196,0.0333200463390194,101.284955625174,NaN,NaN
908,NonStim,0,1,-1,NaN,2,Left,0.212466666666387,0.218466666666245,NaN,7.00000000142609,0.0519993271474649,NaN,0.0519993271474649,9.41366677077134,NaN,9.41366677077134,-0.0332444943205815,-0.0399841671309771,230.258460057735,NaN,NaN
908,NonStim,0,1,-1,NaN,3,Left,0.275466666666489,0.289466666666613,NaN,15.0000000030559,0.27368685510724,NaN,0.27368685510724,26.4513741695392,NaN,26.4513741695392,0.179520211179283,-0.206584095313837,310.990424894954,NaN,NaN
909,NonStim,0,3,-1,NaN,1,Left,0.264633333333677,0.269633333333331,NaN,6.00000000122236,0.0536971160786646,NaN,0.0536971160786646,12.9447653179191,NaN,12.9447653179191,0.0265956281222148,-0.0466481815288703,299.688854815474,NaN,NaN
909,NonStim,0,3,-1,NaN,2,Left,0.475633333333462,0.480633333333571,NaN,6.00000000122236,0.0339770604349638,NaN,0.0339770604349638,7.02291255647428,NaN,7.02291255647428,-0.00664890674761483,0.0333201541842576,101.284923872594,NaN,NaN
909,NonStim,0,3,-1,NaN,3,Left,0.763633333333473,0.768633333333582,NaN,6.00000000122236,0.0480214315378104,NaN,0.0480214315378104,11.0976373355794,NaN,11.0976373355794,0.0265955406535703,-0.0399841856774012,303.629923997256,NaN,NaN
909,NonStim,0,3,-1,NaN,4,Merged,0.824633333333622,0.842633333333652,NaN,19.0000000038708,0.210686459393275,0.217019645515863,0.213853052454569,16.9111719242351,15.6894364483522,16.9111719242351,-0.0664890321768818,0.20325172419298,108.114294055511,-3.00000000061118,0.555185780345539
911,Stim,1,1,0.3636,-0.0560333333332892,1,Left,0.023966666666638,0.0289666666667472,0.0799999999999272,6.00000000122236,0.0405332344708457,NaN,0.0405332344708457,8.95421027068038,NaN,8.95421027068038,0.00664890566412258,-0.0399841862507936,279.441232624799,NaN,NaN
911,Stim,1,1,0.3636,-0.0560333333332892,2,Right,0.596966666666503,0.601966666666613,0.652999999999793,6.00000000122236,NaN,0.103550272175314,0.103550272175314,NaN,23.5828443912948,23.5828443912948,0.0731379357761199,-0.073304169171949,314.934960864517,NaN,NaN
911,Stim,1,1,0.3636,-0.0560333333332892,3,Left,0.603966666666565,0.610966666666627,0.659999999999854,8.00000000162981,0.0613802713567436,NaN,0.0613802713567436,11.0905876920272,NaN,11.0905876920272,0.0398934032733758,0.0466481948964298,49.4630326181684,NaN,NaN
912,NonStim,0,2,0.1818,NaN,1,Right,0.724499999999807,0.735499999999774,NaN,12.0000000024447,NaN,0.17377415862823,0.17377415862823,NaN,21.2188071936335,21.2188071936335,0.0132977993438332,-0.173264614793559,274.388761558007,NaN,NaN
912,NonStim,0,2,0.1818,NaN,2,Right,0.738499999999476,0.744499999999789,NaN,7.00000000142609,NaN,0.0745007178383204,0.0745007178383204,NaN,13.3740507812082,13.3740507812082,-0.0132978075397352,0.0733043332488687,100.281955243227,NaN,NaN
912,NonStim,0,2,0.1818,NaN,3,Right,0.755499999999756,0.760499999999865,NaN,6.00000000122236,NaN,0.042137474998531,0.042137474998531,NaN,9.92964461428585,9.92964461428585,0.0132978024339492,-0.0399841874955522,288.395914624696,NaN,NaN
912,NonStim,0,2,0.1818,NaN,4,Right,0.860499999999774,0.865499999999884,NaN,6.00000000122236,NaN,0.0405332354780217,0.0405332354780217,NaN,9.15761346041348,9.15761346041348,-0.00664890431855356,-0.0399841874955522,260.558769540093,NaN,NaN
913,Stim,1,2,-0.6363,-0.0487333333330753,1,Right,0.911333333333459,0.916333333333569,0.960066666666535,6.00000000122236,NaN,0.0628282679382962,0.0628282679382962,NaN,13.9094381137907,13.9094381137907,-0.0332444822136128,-0.053312246758837,238.053135924232,NaN,NaN
913,Stim,1,2,-0.6363,-0.0487333333330753,2,Left,0.933333333333394,0.938333333333503,0.982066666666469,6.00000000122236,0.0595778560425075,NaN,0.0595778560425075,13.9094394000317,NaN,13.9094394000317,-0.0265956280285671,0.0533122265562774,116.513023756872,NaN,NaN
913,Stim,1,2,-0.6363,-0.0487333333330753,3,Left,0.948333333333721,0.953333333333376,0.997066666666797,6.00000000122236,0.0421374628586582,NaN,0.0421374628586582,9.54703614751503,NaN,9.54703614751503,-0.0132978130257884,-0.0399841711793051,251.604064707762,NaN,NaN
914,NonStim,0,3,0.0909,NaN,1,Left,0.548166666666475,0.556166666666286,NaN,9.00000000183354,0.0569215877063385,NaN,0.0569215877063385,8.66656079344776,NaN,8.66656079344776,-0.0199467159749537,-0.0533122468934195,249.486721532846,NaN,NaN
914,NonStim,0,3,0.0909,NaN,2,Merged,0.679166666666333,0.685166666666646,NaN,7.00000000142609,0.0847229800445412,0.114564380513891,0.0996436802792161,17.258386020156,20.6432886833276,20.6432886833276,0.0631646061822631,-0.0766362362875166,309.495801209257,-1.00000000020373,9.45879854673501
914,NonStim,0,3,0.0909,NaN,3,Left,0.696166666666613,0.701166666666268,NaN,6.00000000122236,0.0297888709478589,NaN,0.0297888709478589,7.84471902560536,NaN,7.84471902560536,-0.0132978141041582,-0.0266560494522246,243.486921287125,NaN,NaN
915,Stim,1,2,0.1818,-0.0536666666671408,1,Left,0.122133333333295,0.127133333332949,0.175800000000436,6.00000000122236,0.0480214663204134,NaN,0.0480214663204134,11.0976470833576,NaN,11.0976470833576,-0.0265956254877518,0.0399841710240171,123.630017957432,NaN,NaN
915,Stim,1,2,0.1818,-0.0536666666671408,2,Left,0.191133333333255,0.196133333332909,0.244800000000396,6.00000000122236,0.0426328173573876,NaN,0.0426328173573876,9.41366762099274,NaN,9.41366762099274,0.0265956254877518,-0.0333201113555104,308.596355461407,NaN,NaN
915,Stim,1,2,0.1818,-0.0536666666671408,3,Left,0.302133333333131,0.308133333332989,0.355800000000272,7.00000000142609,0.0507338838845186,NaN,0.0507338838845186,8.95420779129752,NaN,8.95420779129752,-0.0199467208737055,0.0466482079012077,113.151497073189,NaN,NaN
915,Stim,1,2,0.1818,-0.0536666666671408,4,Left,0.313133333333099,0.319133333332957,0.366800000000239,7.00000000142609,0.0569215769820964,NaN,0.0569215769820964,11.1618592074054,NaN,11.1618592074054,0.0199467208737055,-0.0533122336102625,290.513287770787,NaN,NaN
915,Stim,1,2,0.1818,-0.0536666666671408,5,Merged,0.429133333333084,0.437133333332895,0.482800000000225,9.00000000183354,0.0685736878190728,0.162239792279694,0.115406740049384,11.1618608033673,26.396532870485,26.396532870485,0.0432178915919787,-0.106624349877892,292.064116832401,-1.00000000020373,9.86070064661845
915,Stim,1,2,0.1818,-0.0536666666671408,6,Left,0.702133333333222,0.707133333332877,0.755800000000363,6.00000000122236,0.0387928037159146,NaN,0.0387928037159146,9.47070392608839,NaN,9.47070392608839,-0.0332445346170001,-0.0199920618806705,211.021180636978,NaN,NaN
915,Stim,1,2,0.1818,-0.0536666666671408,7,Right,0.909133333333102,0.914133333333211,0.962800000000243,6.00000000122236,NaN,0.0421374029351802,0.0421374029351802,NaN,9.54702432675585,9.54702432675585,-0.0132978133005792,-0.0399841079373377,251.604037215573,NaN,NaN
917,Stim,1,3,0.0909,-0.0588000000002467,1,Left,0.255499999999756,0.260499999999865,0.314300000000003,6.00000000122236,0.0358756812844468,NaN,0.0358756812844468,8.66655994201467,NaN,8.66655994201467,-0.0132978135191943,0.0333201540097272,111.756556495727,NaN,NaN
917,Stim,1,3,0.0909,-0.0588000000002467,2,Left,0.529499999999643,0.538499999999658,0.58829999999989,10.0000000020373,0.113482973049635,NaN,0.113482973049635,16.1687894890753,NaN,16.1687894890753,-0.00664890603255184,0.113288027702642,93.3588522843158,NaN,NaN
917,Stim,1,3,0.0909,-0.0588000000002467,3,Right,0.546499999999469,0.551499999999578,0.605299999999716,6.00000000122236,NaN,0.0707485811188702,0.0707485811188702,NaN,15.7641556612894,15.7641556612894,0.0531912430400983,-0.0466481874694243,318.749562042689,NaN,NaN
917,Stim,1,3,0.0909,-0.0588000000002467,4,Right,0.568499999999858,0.573499999999513,0.627300000000105,6.00000000122236,NaN,0.0399841163659348,0.0399841163659348,NaN,8.88536071014195,8.88536071014195,0,0.0399841163659348,90,NaN,NaN
918,NonStim,0,2,-1,NaN,1,Left,0.105366666666669,0.110366666666778,NaN,6.00000000122236,0.0519993622705507,NaN,0.0519993622705507,11.0976498100244,NaN,11.0976498100244,-0.0332445348595431,0.0399841791026976,129.741565855757,NaN,NaN
918,NonStim,0,2,-1,NaN,2,Left,0.55636666666669,0.565366666666705,NaN,10.0000000020373,0.118065568898138,NaN,0.118065568898138,15.7065592650537,NaN,15.7065592650537,-0.0332445284164184,0.113288480833715,106.354337308347,NaN,NaN
919,Stim,1,1,0.1818,-0.0542000000004919,1,Left,0.254733333333206,0.259733333332861,0.308933333333698,6.00000000122236,0.0333201361088208,NaN,0.0333201361088208,7.02291132171279,NaN,7.02291132171279,0,-0.0333201361088208,270,NaN,NaN
919,Stim,1,1,0.1818,-0.0542000000004919,2,Right,0.884733333332861,0.890733333333174,0.938933333333352,7.00000000142609,NaN,0.0446833155012346,0.0446833155012346,NaN,8.00356902495398,8.00356902495398,-0.0199466936116005,0.0399840980659538,116.513033434465,NaN,NaN
920,Stim,1,4,-0,-0.0618333333336523,1,Merged,0.567999999999756,0.579999999999927,0.629833333333409,13.0000000026484,0.0852657006719451,0.0925263595236979,0.0888960300978215,11.0976503596096,15.0949166123037,15.0949166123037,0.0498667994093562,-0.0733043285961658,304.226313298421,-6.00000000122236,8.39650610753102
921,NonStim,0,1,-0.4545,NaN,1,Right,0.348266666666404,0.353266666666514,NaN,6.00000000122236,NaN,0.0519993686690663,0.0519993686690663,NaN,11.0976509445191,11.0976509445191,0.0332445346796513,-0.0399841875735262,309.741559736114,NaN,NaN
921,NonStim,0,1,-0.4545,NaN,2,Right,0.467266666666092,0.482266666666419,NaN,16.0000000032596,NaN,0.215076135563925,0.215076135563925,NaN,21.4441715471563,21.4441715471563,-0.0598401546255446,0.206583881228673,106.154461212553,NaN,NaN
921,NonStim,0,1,-0.4545,NaN,3,Merged,0.486266666666324,0.493266666666386,NaN,8.00000000162981,0.107450448451953,0.0799675069907022,0.0937089777213278,17.239661990557,13.3739184740643,17.239661990557,0.00664890475745627,-0.0932959639509095,274.076394875527,-1.00000000020373,7.10901435851679
922,Stim,1,1,0.4545,-0.0569666666669946,1,Left,0.612399999999525,0.617399999999634,0.669366666666519,6.00000000122236,0.0405332122008051,NaN,0.0405332122008051,8.95420470414443,NaN,8.95420470414443,0.00664890474838107,-0.0399841638272261,279.441236547309,NaN,NaN
923,NonStim,0,4,-0.0909,NaN,1,Left,0.606966666666722,0.61296666666658,NaN,7.00000000142609,0.0519780121409374,NaN,0.0519780121409374,9.41366425543082,NaN,9.41366425543082,-0.0398934374761714,0.0333200749167561,140.130457255987,NaN,NaN
923,NonStim,0,4,-0.0909,NaN,2,Right,0.679966666666587,0.688966666666602,NaN,10.0000000020373,NaN,0.0669711706848684,0.0669711706848684,NaN,11.0976434421856,11.0976434421856,-0.00664889117310596,0.0666403027384328,95.6977054755032,NaN,NaN
923,NonStim,0,4,-0.0909,NaN,3,Left,0.735966666666627,0.740966666666736,NaN,6.00000000122236,0.0536970820633648,NaN,0.0536970820633648,12.4120403100089,NaN,12.4120403100089,-0.026595616579283,0.0466481489545673,119.688861330742,NaN,NaN
923,NonStim,0,4,-0.0909,NaN,4,Left,0.784966666666605,0.789966666666714,NaN,6.00000000122236,0.0536352362726317,NaN,0.0536352362726317,12.3951466042789,NaN,12.3951466042789,-0.0465423445718819,0.0266561199684657,150.199010062235,NaN,NaN
923,NonStim,0,4,-0.0909,NaN,5,Right,0.882966666666562,0.887966666666671,NaN,6.00000000122236,NaN,0.0480214276569089,0.0480214276569089,NaN,11.7949794692598,11.7949794692598,-0.0265956060443446,0.0399841375215442,123.630020779678,NaN,NaN
924,Stim,1,2,-0.4545,-0.0538666666666359,1,Left,0.373766666666597,0.378766666666706,0.427633333333233,6.00000000122236,0.0446834064053294,NaN,0.0446834064053294,10.4713830674646,NaN,10.4713830674646,-0.0199467200314886,0.0399841864737705,116.513013143987,NaN,NaN
924,Stim,1,2,-0.4545,-0.0538666666666359,2,Merged,0.560766666666495,0.576766666666572,0.614633333333131,17.0000000034634,0.201681921342733,0.23559804744676,0.218639984394747,16.6968699633179,23.3241050501341,23.3241050501341,-0.029920079474349,-0.216580697786558,262.134516689315,2.00000000040745,0.534291208076752
926,NonStim,0,3,1,NaN,1,Merged,0.216499999999996,0.232500000000073,NaN,17.0000000034634,0.271241990039554,0.205131936774354,0.238186963406954,25.8895295565426,21.3164211351959,25.8895295565426,0.116355782768646,-0.206584654497876,299.389749691322,4.00000000081491,11.0646437188418
928,Stim,1,3,-0.1818,-0.0512999999996282,1,Left,0.0762333333336755,0.0822333333335337,0.127533333333304,7.00000000142609,0.0519993661508285,NaN,0.0519993661508285,9.4136745169019,NaN,9.4136745169019,-0.0332445325910191,0.039984186035139,129.741559050216,NaN,NaN
928,Stim,1,3,-0.1818,-0.0512999999996282,2,Left,0.12423333333345,0.130233333333308,0.175533333333078,7.00000000142609,0.0446833935164004,NaN,0.0446833935164004,9.41366932442594,NaN,9.41366932442594,-0.0199467007660594,0.0399841816808945,116.512993782104,NaN,NaN
928,Stim,1,3,-0.1818,-0.0512999999996282,3,Right,0.174233333333632,0.183233333333646,0.22553333333326,10.0000000020373,NaN,0.0736052527284698,0.0736052527284698,NaN,11.0905768259657,11.0905768259657,-0.00664889459213672,0.0733043343188148,95.1826952884879,NaN,NaN
928,Stim,1,3,-0.1818,-0.0512999999996282,4,Right,0.19323333333341,0.198233333333519,0.244533333333038,6.00000000122236,NaN,0.0446833476850806,0.0446833476850806,NaN,10.4713636551722,10.4713636551722,0.0199466045693647,-0.0399841784522228,296.512885253063,NaN,NaN
928,Stim,1,3,-0.1818,-0.0512999999996282,5,Right,0.227233333333515,0.232233333333625,0.278533333333144,6.00000000122236,NaN,0.0533122362534992,0.0533122362534992,NaN,12.2173886840368,12.2173886840368,0,0.0533122362534992,90,NaN,NaN
928,Stim,1,3,-0.1818,-0.0512999999996282,6,Right,0.324233333333723,0.329233333333377,0.375533333333351,6.00000000122236,NaN,0.0480214385550688,0.0480214385550688,NaN,11.0976405687885,11.0976405687885,-0.0265956179387121,0.0399841426987787,123.630029174922,NaN,NaN
928,Stim,1,3,-0.1818,-0.0512999999996282,7,Merged,0.871233333333294,0.879233333333559,0.922533333332922,9.00000000183354,0.0614326966830808,0.0569215374615533,0.0591771170723171,10.2300377875479,11.097636360389,11.097636360389,-0.0166222500637356,0.0566442006704975,106.354334997875,3.00000000061118,8.01199909000144
929,NonStim,0,1,1,NaN,1,Left,0.283399999999801,0.293399999999565,NaN,11.000000002241,0.118065546923007,NaN,0.118065546923007,14.8944616302849,NaN,14.8944616302849,0.0332445323096806,-0.113288456789469,286.3543424068,NaN,NaN
929,NonStim,0,1,1,NaN,2,Left,0.829399999999623,0.835399999999481,NaN,7.00000000142609,0.0333201297341535,NaN,0.0333201297341535,8.66300910285951,NaN,8.66300910285951,-4.5102810375397e-17,-0.0333201297341535,270,NaN,NaN
929,NonStim,0,1,1,NaN,3,Left,0.879399999999805,0.886399999999867,NaN,8.00000000162981,0.0333200835774857,NaN,0.0333200835774857,7.84472216504313,NaN,7.84472216504313,-4.5102810375397e-17,-0.0333200835774857,270,NaN,NaN
930,NonStim,0,4,0.4545,NaN,1,Left,0.0170666666663237,0.0220666666664329,NaN,6.00000000122236,0.0519993055426775,NaN,0.0519993055426775,11.0976377516006,NaN,11.0976377516006,0.0332445016819006,-0.0399841329134801,309.741570283543,NaN,NaN
930,NonStim,0,4,0.4545,NaN,2,Merged,0.0630666666666002,0.0730666666663637,NaN,11.000000002241,0.11915561528099,0.140491101812633,0.129823358546811,19.09406501896,18.0616916066719,19.09406501896,0.0631646017608149,-0.113288396427643,299.142105392925,0,4.85865991944866
930,NonStim,0,4,0.4545,NaN,3,Left,0.332066666666378,0.337066666666487,NaN,6.00000000122236,0.0480214698738122,NaN,0.0480214698738122,11.0976479434296,NaN,11.0976479434296,-0.0265956268927214,0.0399841743571705,123.630017150672,NaN,NaN
930,NonStim,0,4,0.4545,NaN,4,Left,0.361066666666375,0.366066666666484,NaN,6.00000000122236,0.039984168465692,NaN,0.039984168465692,8.88537281230302,NaN,8.88537281230302,0,-0.039984168465692,270,NaN,NaN
930,NonStim,0,4,0.4545,NaN,5,Right,0.591066666666393,0.603066666666564,NaN,13.0000000026484,NaN,0.143838911485573,0.143838911485573,NaN,15.9008143875765,15.9008143875765,0.0332445265613348,-0.139944395782993,283.363215220363,NaN,NaN
931,NonStim,0,3,0.3636,NaN,1,Left,0.010433333333367,0.0174333333329741,NaN,8.00000000162981,0.0426328355948711,NaN,0.0426328355948711,8.66655857908895,NaN,8.66655857908895,0.0265956189826483,-0.0333201398824961,308.596324712008,NaN,NaN
931,NonStim,0,3,0.3636,NaN,2,Left,0.0384333333331597,0.0474333333331742,NaN,10.0000000020373,0.0358756683817442,NaN,0.0358756683817442,5.55335693488163,NaN,5.55335693488163,-0.0132978141078816,0.0333201398824961,111.756565731883,NaN,NaN
931,NonStim,0,3,0.3636,NaN,3,Left,0.0494333333331269,0.0624333333330469,NaN,14.0000000028522,0.0388343068118142,NaN,0.0388343068118142,5.96945058352632,NaN,5.96945058352632,-0.0199467206268352,-0.0333201398824961,239.093634278561,NaN,NaN
931,NonStim,0,3,0.3636,NaN,4,Left,0.0774333333333743,0.092433333333247,NaN,16.0000000032596,0.0803703506378203,NaN,0.0803703506378203,12.6368573699524,NaN,12.6368573699524,0.0731379623715146,0.0333201398824961,24.4930264818413,NaN,NaN
931,NonStim,0,3,0.3636,NaN,5,Left,0.0984333333331051,0.103433333333214,NaN,6.00000000122236,0.0266561142913636,NaN,0.0266561142913636,6.66402860153318,NaN,6.66402860153318,0,-0.0266561142913636,270,NaN,NaN
931,NonStim,0,3,0.3636,NaN,6,Left,0.105433333333167,0.111433333333025,NaN,7.00000000142609,0.0332929435898848,NaN,0.0332929435898848,8.66300946870934,NaN,8.66300946870934,-0.0199467206268353,0.0266561142913636,126.807440475635,NaN,NaN
931,NonStim,0,3,0.3636,NaN,7,Left,0.15043333333324,0.157433333333302,NaN,8.00000000162981,0.0426328355948711,NaN,0.0426328355948711,8.66655773131122,NaN,8.66655773131122,-0.0265956189826483,-0.0333201398824961,231.403675287992,NaN,NaN
931,NonStim,0,3,0.3636,NaN,8,Left,0.162433333332956,0.171433333332971,NaN,10.0000000020373,0,NaN,0,4.44268211313514,NaN,4.44268211313514,0,0,0,NaN,NaN
931,NonStim,0,3,0.3636,NaN,9,Left,0.177433333333283,0.184433333333345,NaN,8.00000000162981,0.0627657637693046,NaN,0.0627657637693046,11.4152394718791,NaN,11.4152394718791,0.0531912528500227,0.0333201398824961,32.0639101759796,NaN,NaN
931,NonStim,0,3,0.3636,NaN,10,Left,0.191433333332952,0.196433333333061,NaN,6.00000000122236,0.0376546989305363,NaN,0.0376546989305363,8.66656162805574,NaN,8.66656162805574,-0.0265956268297212,0.0266561247199129,134.934907825841,NaN,NaN
931,NonStim,0,3,0.3636,NaN,11,Left,0.198433333333014,0.203433333333123,NaN,6.00000000122236,0.0274728401080135,NaN,0.0274728401080135,7.44723469913818,NaN,7.44723469913818,-0.00664890656551315,-0.0266561247199129,255.994357765957,NaN,NaN
931,NonStim,0,3,0.3636,NaN,12,Left,0.23243333333312,0.240433333333385,NaN,9.00000000183354,0.03329295230325,NaN,0.03329295230325,7.84472904509202,NaN,7.84472904509202,0.0199467212339003,0.0266561247199129,53.1925694404962,NaN,NaN
931,NonStim,0,3,0.3636,NaN,13,Left,0.242433333333338,0.251433333333352,NaN,10.0000000020373,0.0399841813914049,NaN,0.0399841813914049,6.75553849173596,NaN,6.75553849173596,0,0.0399841813914049,90,NaN,NaN
931,NonStim,0,3,0.3636,NaN,14,Left,0.255433333333258,0.26243333333332,NaN,8.00000000162981,0.0358756777001925,NaN,0.0358756777001925,7.84472781204961,NaN,7.84472781204961,-0.0132978140613221,-0.0333201499342154,248.243440287537,NaN,NaN
931,NonStim,0,3,0.3636,NaN,15,Left,0.315433333333203,0.322433333333265,NaN,8.00000000162981,0.0426328437413502,NaN,0.0426328437413502,9.41367296996775,NaN,9.41367296996775,-0.0265956194482435,0.0333201499342154,128.596316773829,NaN,NaN
931,NonStim,0,3,0.3636,NaN,16,Left,0.325433333332967,0.337433333333138,NaN,13.0000000026484,0.0669711753651498,NaN,0.0669711753651498,9.41367418761624,NaN,9.41367418761624,0.00664890450973043,-0.0666403061113177,275.69771654252,NaN,NaN
931,NonStim,0,3,0.3636,NaN,17,Left,0.341433333333043,0.348433333333105,NaN,8.00000000162981,0.0426328506023211,NaN,0.0426328506023211,9.41367417293808,NaN,9.41367417293808,-0.0265956226250362,0.0333201561771024,128.596314876676,NaN,NaN
931,NonStim,0,3,0.3636,NaN,18,Left,0.373433333333196,0.386433333333116,NaN,14.0000000028522,0,NaN,0,6.66403041084304,NaN,6.66403041084304,0,0,0,NaN,NaN
931,NonStim,0,3,0.3636,NaN,19,Left,0.398433333333287,0.403433333333396,NaN,6.00000000122236,0.037654700445874,NaN,0.037654700445874,8.66656162805575,NaN,8.66656162805575,0.0265956281692038,-0.026656125524051,314.934908404459,NaN,NaN
931,NonStim,0,3,0.3636,NaN,20,Left,0.405433333333349,0.410433333333003,NaN,6.00000000122236,0.027472840986193,NaN,0.027472840986193,7.02291325706628,NaN,7.02291325706628,-0.00664890697022315,0.026656125524051,104.005642647112,NaN,NaN
931,NonStim,0,3,0.3636,NaN,21,Left,0.438433333333251,0.445433333333312,NaN,8.00000000162981,0.0358756754374123,NaN,0.0358756754374123,6.75553770443413,NaN,6.75553770443413,-0.0132978079566504,0.0333201499342154,111.756550657396,NaN,NaN
931,NonStim,0,3,0.3636,NaN,22,Left,0.449433333333218,0.457433333333029,NaN,9.00000000183354,0.014894464862321,NaN,0.014894464862321,8.66655931580095,NaN,8.66655931580095,0.0066489066237126,-0.0133280577821401,296.51302047413,NaN,NaN
931,NonStim,0,3,0.3636,NaN,23,Left,0.463433333333342,0.471433333333152,NaN,9.00000000183354,0.0519993511171002,NaN,0.0519993511171002,7.99658623052706,NaN,7.99658623052706,-0.0332445260719561,0.0399841719040234,129.741563481486,NaN,NaN
931,NonStim,0,3,0.3636,NaN,24,Left,0.479433333332963,0.492433333333338,NaN,14.0000000028522,0.00664890344691992,NaN,0.00664890344691992,8.66655764423796,NaN,8.66655764423796,0.00664890344691992,0,0,NaN,NaN
931,NonStim,0,3,0.3636,NaN,25,Left,0.500433333333149,0.509433333333163,NaN,10.0000000020373,0.00664890609812695,NaN,0.00664890609812695,7.43708730650779,NaN,7.43708730650779,-0.00664890609812695,0,180,NaN,NaN
931,NonStim,0,3,0.3636,NaN,26,Left,0.51243333333332,0.517433333332974,NaN,6.00000000122236,0.0274728335382537,NaN,0.0274728335382537,6.75553839541125,NaN,6.75553839541125,0.00664890344691992,-0.0266561187267414,284.005638948413,NaN,NaN
931,NonStim,0,3,0.3636,NaN,27,Left,0.519433333333382,0.534433333333254,NaN,16.0000000032596,0.0274728335382537,NaN,0.0274728335382537,9.15760794818079,NaN,9.15760794818079,0.00664890344691996,0.0266561187267414,75.9943610515873,NaN,NaN
931,NonStim,0,3,0.3636,NaN,28,Left,0.561433333333298,0.572433333333265,NaN,12.0000000024447,0.0426115695055454,NaN,0.0426115695055454,9.41366914920062,NaN,9.41366914920062,-0.0332445260719561,0.0266560938994624,141.276697395944,NaN,NaN
931,NonStim,0,3,0.3636,NaN,29,Left,0.575433333332967,0.582433333333029,NaN,8.00000000162981,0.0339770280189246,NaN,0.0339770280189246,6.6640251055202,NaN,6.6640251055202,0.00664890662371264,-0.0333201211538604,281.28493456742,NaN,NaN
931,NonStim,0,3,0.3636,NaN,30,Left,0.588433333333342,0.595433333332949,NaN,8.00000000162981,0.0358756500174406,NaN,0.0358756500174406,7.10546932201654,NaN,7.10546932201654,-0.0132978114915931,0.0333201211538604,111.756572938014,NaN,NaN
931,NonStim,0,3,0.3636,NaN,31,Left,0.598433333333105,0.615433333333385,NaN,18.0000000036671,0,NaN,0,6.6640251055202,NaN,6.6640251055202,0,0,0,NaN,NaN
931,NonStim,0,3,0.3636,NaN,32,Left,0.63343333333296,0.653433333333396,NaN,21.0000000042783,0.00666402084654841,NaN,0.00666402084654841,7.84472617964494,NaN,7.84472617964494,0,-0.00666402084654841,270,NaN,NaN
931,NonStim,0,3,0.3636,NaN,33,Left,0.669433333333018,0.675433333333331,NaN,7.00000000142609,0.0297888810620749,NaN,0.0297888810620749,6.74103488289746,NaN,6.74103488289746,-0.0132978135008167,0.0266560610561265,116.513067711258,NaN,NaN
931,NonStim,0,3,0.3636,NaN,34,Left,0.677433333333283,0.691433333332952,NaN,15.0000000030559,0.0685736211834649,NaN,0.0685736211834649,7.8447206297737,NaN,7.8447206297737,0.0332445347347169,-0.0599761822099869,298.999411040696,NaN,NaN
931,NonStim,0,3,0.3636,NaN,35,Left,0.696433333333061,0.712433333333138,NaN,17.0000000034634,0.0339770280798993,NaN,0.0339770280798993,7.44722762445742,NaN,7.44722762445742,0.00664890693530348,0.0333201211538604,78.7150649173007,NaN,NaN
931,NonStim,0,3,0.3636,NaN,36,Left,0.728433333333214,0.735433333333276,NaN,8.00000000162981,0.0470683499119709,NaN,0.0470683499119709,9.41367061764936,NaN,9.41367061764936,0.0332445347347169,-0.0333201211538604,314.934938731581,NaN,NaN
931,NonStim,0,3,0.3636,NaN,37,Left,0.738433333332978,0.74543333333304,NaN,8.00000000162981,0.0426328266881576,NaN,0.0426328266881576,8.66655554873573,NaN,8.66655554873573,-0.0265956281692038,0.0333201211538604,128.596350063102,NaN,NaN
931,NonStim,0,3,0.3636,NaN,38,Left,0.754433333333054,0.768433333333178,NaN,15.0000000030559,0.0132978141078816,NaN,0.0132978141078816,8.66654922645225,NaN,8.66654922645225,-0.0132978141078816,0,180,NaN,NaN
931,NonStim,0,3,0.3636,NaN,39,Left,0.799433333333127,0.805433333332985,NaN,7.00000000142609,0.0388342470053954,NaN,0.0388342470053954,8.66654923513422,NaN,8.66654923513422,0.0199467211989806,0.0333200698361543,59.093580472054,NaN,NaN
931,NonStim,0,3,0.3636,NaN,40,Left,0.807433333333393,0.813433333333251,NaN,7.00000000142609,0.0388342470233314,NaN,0.0388342470233314,8.66654922645223,NaN,8.66654922645223,0.0199467212339002,-0.0333200698361543,300.906419572151,NaN,NaN
931,NonStim,0,3,0.3636,NaN,41,Left,0.866433333333134,0.879433333333054,NaN,14.0000000028522,0.0132978141078817,NaN,0.0132978141078817,7.02289560455628,NaN,7.02289560455628,-0.0132978141078817,0,180,NaN,NaN
932,Stim,1,3,0.3636,-0.0529666666670892,1,Left,0.177866666666432,0.185866666666243,0.230833333333521,9.00000000183354,0.0569215533019476,NaN,0.0569215533019476,9.41367214344218,NaN,9.41367214344218,-0.0199467202273996,0.0533122085687351,110.513295994342,NaN,NaN
932,Stim,1,3,0.3636,-0.0529666666670892,2,Merged,0.668866666666418,0.684866666666494,0.721833333333507,17.0000000034634,0.167072696314175,0.128121537833828,0.147597117074001,14.8944571823376,12.4120573388352,14.8944571823376,0.0631646099896873,-0.133280550327388,295.357311266721,6.00000000122236,4.39246434872302
934,Stim,1,1,-0.4545,-0.0524333333332834,1,Left,0.422966666666525,0.427966666666634,0.475399999999809,6.00000000122236,0.0274728394338839,NaN,0.0274728394338839,8.00357938436088,NaN,8.00357938436088,0.00664890678562574,-0.0266561239702254,284.005643057846,NaN,NaN
934,Stim,1,1,-0.4545,-0.0524333333332834,2,Left,0.491966666666485,0.5009666666665,0.544399999999769,10.0000000020373,0.0803703542892171,NaN,0.0803703542892171,12.9309361428399,NaN,12.9309361428399,0.0731379601636601,-0.033320153536158,335.506964007878,NaN,NaN
936,Stim,1,4,0.1818,-0.0574333333333925,1,Left,0.376699999999801,0.38169999999991,0.434133333333193,6.00000000122236,0.0446833876957168,NaN,0.0446833876957168,10.4713778170707,NaN,10.4713778170707,-0.0199467115824106,-0.039984169780225,243.486986995135,NaN,NaN
936,Stim,1,4,0.1818,-0.0574333333333925,2,Merged,0.895700000000033,0.907700000000204,0.953133333333426,13.0000000026484,0.218157944003122,0.201325255078057,0.20974159954059,25.3669428413263,23.4151934104765,25.3669428413263,0.113031337103604,-0.17659663126614,302.621428021051,2.00000000040745,2.9491864028526
937,Stim,1,1,-0.6363,-0.0562666666664882,1,Merged,0.592566666666698,0.604566666666869,0.648833333333187,13.0000000026484,0.0874572875965664,0.143502144932496,0.115479716264531,11.3019536894751,19.4170993923953,19.4170993923953,0.0698134986571726,0.0599759696430463,40.6654941972622,3.00000000061118,77.0091054654399
938,Stim,1,3,-0.6363,-0.0633333333330484,1,Right,0.166633333333266,0.171633333333375,0.229966666666314,6.00000000122236,NaN,0.0655087148643084,0.0655087148643084,NaN,14.8741740755901,14.8741740755901,-0.0598401555495185,0.0266560969945468,155.989178801864,NaN,NaN
938,Stim,1,3,-0.6363,-0.0633333333330484,2,Left,0.278633333333346,0.283633333333455,0.341966666666394,6.00000000122236,0.0446833899808343,NaN,0.0446833899808343,10.4713771320656,NaN,10.4713771320656,0.0199466826110008,-0.0399841867867201,296.512970028224,NaN,NaN
939,Stim,1,3,0.1818,-0.0664000000001579,1,Left,0.458566666666684,0.463566666666793,0.524966666666842,6.00000000122236,0.0480214430809444,NaN,0.0480214430809444,10.4713737205561,NaN,10.4713737205561,-0.0265956259626163,0.0399841427972764,123.630037081074,NaN,NaN
939,Stim,1,3,0.1818,-0.0664000000001579,2,Left,0.657566666666753,0.662566666666407,0.723966666666911,6.00000000122236,0.0470683487893357,NaN,0.0470683487893357,9.41367022201835,NaN,9.41367022201835,-0.0332445308939733,0.0333201234000448,134.934933490683,NaN,NaN
941,Stim,1,2,1,-0.0662666666667064,1,Right,0.691933333333509,0.698933333333571,0.758200000000215,8.00000000162981,NaN,0.0804904038517929,0.0804904038517929,NaN,12.9447623092852,12.9447623092852,-0.0332445181152317,0.0733042094801571,114.394978581413,NaN,NaN
942,Stim,1,2,0.4545,-0.0574666666666417,1,Right,0.147899999999936,0.153899999999794,0.205366666666578,7.00000000142609,NaN,0.0405331522302622,0.0405331522302622,NaN,8.00356597599405,8.00356597599405,0.00664890588808106,-0.0399841028436684,279.441252276992,NaN,NaN
942,Stim,1,2,0.4545,-0.0574666666666417,2,Right,0.158899999999903,0.163900000000012,0.216366666666545,6.00000000122236,NaN,0.0405331523260535,0.0405331523260535,NaN,8.95419058956408,8.95419058956408,-0.00664890647204524,0.0399841028436684,99.441253091275,NaN,NaN
942,Stim,1,2,0.4545,-0.0574666666666417,3,Right,0.201900000000023,0.206899999999678,0.259366666666665,6.00000000122236,NaN,0.0665435141263989,0.0665435141263989,NaN,15.0843458074416,15.0843458074416,0.0531912253971735,-0.0399841570254687,323.06760004412,NaN,NaN
942,Stim,1,2,0.4545,-0.0574666666666417,4,Right,0.218899999999849,0.224899999999707,0.27636666666649,7.00000000142609,NaN,0.0405332058403414,0.0405332058403414,NaN,8.6665602151071,8.6665602151071,0.00664890687693429,0.0399841570254687,80.5587589074815,NaN,NaN
942,Stim,1,2,0.4545,-0.0574666666666417,5,Left,0.563900000000103,0.574900000000071,0.621366666666745,12.0000000024447,0.16098096345785,NaN,0.16098096345785,17.9378357886038,NaN,17.9378357886038,0.0664889857492751,-0.146608612877451,294.39493371217,NaN,NaN
942,Stim,1,2,0.4545,-0.0574666666666417,6,Left,0.584899999999834,0.589899999999943,0.642366666666476,6.00000000122236,0.0426328039734678,NaN,0.0426328039734678,9.41366520909216,NaN,9.41366520909216,-0.0265955734740358,0.0333201357474319,128.596280378019,NaN,NaN
946,NonStim,0,4,1,NaN,1,Left,0.255866666666407,0.263866666666672,NaN,9.00000000183354,0.0603436931852523,NaN,0.0603436931852523,8.95421050717296,NaN,8.95421050717296,-0.00664890599103608,-0.0599762732783409,263.674080874628,NaN,NaN
946,NonStim,0,4,1,NaN,2,Merged,0.90786666666645,0.921866666666574,NaN,15.0000000030559,0.190807589942307,0.216947845033915,0.203877717488111,20.7454571004339,23.7415403622209,23.7415403622209,0.039893425922835,-0.199919500704976,281.284998199073,-1.00000000020373,1.47213260610692
946,NonStim,0,4,1,NaN,3,Right,0.925866666666479,0.930866666666589,NaN,6.00000000122236,NaN,0.0519778866881207,0.0519778866881207,NaN,11.0905587579409,11.0905587579409,-0.0398934156640253,0.033319905330304,140.130585318174,NaN,NaN
947,NonStim,0,3,0.6363,NaN,1,Right,0.299133333332975,0.305133333333288,NaN,7.00000000142609,NaN,0.0405332205629751,0.0405332205629751,NaN,8.66655615394727,8.66655615394727,0.0066488957842062,0.0399841737948598,80.5587782635967,NaN,NaN
947,NonStim,0,3,0.6363,NaN,2,Left,0.429133333333084,0.43713333333335,NaN,9.00000000183354,0.0960429474336803,NaN,0.0960429474336803,15.0949183013704,NaN,15.0949183013704,0.0531912478724615,-0.0799683618784269,303.630009864256,NaN,NaN
947,NonStim,0,3,0.6363,NaN,3,Left,0.691133333333255,0.697133333333113,NaN,7.00000000142609,0.110103764112366,NaN,0.110103764112366,19.8322320541532,NaN,19.8322320541532,0.0997335676491319,-0.0466481977753428,334.933184306847,NaN,NaN
948,Stim,1,3,-0.0909,-0.0555666666664365,1,Right,0.350966666666864,0.356966666666722,0.4065333333333,7.00000000142609,NaN,0.0421374785680595,0.0421374785680595,NaN,7.4472346058857,7.4472346058857,-0.0132978140353677,0.0399841873989513,108.395929634878,NaN,NaN
948,Stim,1,3,-0.0909,-0.0555666666664365,2,Right,0.450966666666773,0.455966666666882,0.506533333333209,6.00000000122236,NaN,0.0480214798079153,0.0480214798079153,NaN,11.0976504326538,11.0976504326538,-0.0265956252227234,0.0399841873989513,123.63000687379,NaN,NaN
948,Stim,1,3,-0.0909,-0.0555666666664365,3,Left,0.861966666666831,0.86696666666694,0.917533333333267,6.00000000122236,0.0479795260389992,NaN,0.0479795260389992,11.0905907088385,NaN,11.0905907088385,0.0398934347608707,-0.0266561209088487,326.249821266545,NaN,NaN
949,NonStim,0,3,-0.1818,NaN,1,Left,0.229066666666313,0.235066666666626,NaN,7.00000000142609,0.0446834078221489,NaN,0.0446834078221489,8.66656152097344,NaN,8.66656152097344,-0.0199467209708381,0.0399841875884956,116.513013583733,NaN,NaN
950,NonStim,0,4,-0.3636,NaN,1,Right,0.0258999999996377,0.0308999999997468,NaN,6.00000000122236,NaN,0.040533216021529,0.040533216021529,NaN,9.15760857115439,9.15760857115439,-0.00664890713473815,0.0399841673035911,99.4412390687784,NaN,NaN
950,NonStim,0,4,-0.3636,NaN,2,Left,0.26989999999978,0.278899999999794,NaN,10.0000000020373,0.0297889328177438,NaN,0.0297889328177438,11.0976496183874,NaN,11.0976496183874,-0.0132978117769845,-0.0266561197544569,243.48698565437,NaN,NaN
950,NonStim,0,4,-0.3636,NaN,3,Right,0.418899999999667,0.423899999999776,NaN,6.00000000122236,NaN,0.0446834070710414,0.0446834070710414,NaN,10.4713831990448,10.4713831990448,0.0199467206567545,-0.0399841869057981,296.513013614129,NaN,NaN
950,NonStim,0,4,-0.3636,NaN,4,Right,0.635899999999765,0.640899999999874,NaN,6.00000000122236,NaN,0.0405332275705133,0.0405332275705133,NaN,8.95420939810133,8.95420939810133,0.00664890441745163,-0.0399841794630153,279.44123246034,NaN,NaN
950,NonStim,0,4,-0.3636,NaN,5,Right,0.773899999999685,0.778899999999794,NaN,6.00000000122236,NaN,0.0446833955798611,0.0446833955798611,NaN,9.92964418096759,9.92964418096759,-0.0199467098343497,0.0399841794630153,116.513005456667,NaN,NaN
951,NonStim,0,2,-0.4545,NaN,1,Left,0.451100000000224,0.458100000000286,NaN,8.00000000162981,0.0603436947306428,NaN,0.0603436947306428,12.0053688851757,NaN,12.0053688851757,-0.00664890696217089,0.0599762747255397,96.325919890437,NaN,NaN
952,NonStim,0,3,0.4545,NaN,1,Left,0.0914999999999964,0.0965000000001055,NaN,6.00000000122236,0.040533207416275,NaN,0.040533207416275,9.15760799859993,NaN,9.15760799859993,0.00664890163707393,-0.0399841594943709,279.441233213563,NaN,NaN
952,NonStim,0,3,0.4545,NaN,2,Right,0.809499999999844,0.814499999999953,NaN,6.00000000122236,NaN,0.0399840718485776,0.0399840718485776,NaN,9.15759036420388,9.15759036420388,0,0.0399840718485776,90,NaN,NaN
952,NonStim,0,3,0.4545,NaN,3,Merged,0.892499999999927,0.9074999999998,NaN,16.0000000032596,0.103437867914416,0.173392214054956,0.138415040984686,12.2675164706763,14.8944660429139,14.8944660429139,0.0166222616082166,-0.136612503906256,276.937335875786,-3.00000000061118,12.7014490399736
953,NonStim,0,3,-0,NaN,1,Right,0.439800000000105,0.445799999999963,NaN,7.00000000142609,NaN,0.0421374317648586,0.0421374317648586,NaN,9.41366501568375,9.41366501568375,-0.0132978142640711,0.0399841379991664,108.39595112779,NaN,NaN
953,NonStim,0,3,-0,NaN,2,Left,0.631800000000112,0.63779999999997,NaN,7.00000000142609,0.0506544463873269,NaN,0.0506544463873269,8.93451036486615,NaN,8.93451036486615,0.0465423374866884,-0.0199920924388063,336.754233723521,NaN,NaN
953,NonStim,0,3,-0,NaN,3,Left,0.68080000000009,0.686799999999948,NaN,7.00000000142609,0.0679541197557151,NaN,0.0679541197557151,12.9966383264481,NaN,12.9966383264481,0.0132978106187953,-0.0666403078063174,281.284921586967,NaN,NaN
953,NonStim,0,3,-0,NaN,4,Left,0.741800000000239,0.747800000000097,NaN,7.00000000142609,0.0332445308161404,NaN,0.0332445308161404,8.666559823601,NaN,8.666559823601,-0.0332445308161404,0,180,NaN,NaN
953,NonStim,0,3,-0,NaN,5,Right,0.842799999999897,0.84880000000021,NaN,7.00000000142609,NaN,0.0519993478415077,0.0519993478415077,NaN,9.41367152961522,9.41367152961522,-0.0332445157000183,0.0399841762677856,129.741551619765,NaN,NaN
953,NonStim,0,3,-0,NaN,6,Merged,0.885800000000017,0.899800000000141,NaN,15.0000000030559,0.230100206027707,0.262715975120467,0.246408090574087,22.3416484315426,25.3380706800869,25.3380706800869,-0.109706724893451,0.219912221906168,116.513047703658,0,8.34463302033456
954,Stim,1,2,0.6363,-0.0489999999999782,1,Merged,0.547199999999975,0.55619999999999,0.596199999999953,10.0000000020373,0.124973150228006,0.0959590310282755,0.110466090628141,17.3260192741819,12.3951459473952,17.3260192741819,0.0964091187505172,0.0533122318216097,28.9416786103524,-3.00000000061118,8.49886178436986
955,NonStim,0,1,0.6363,NaN,1,Left,0.106533333333118,0.111533333333227,NaN,6.00000000122236,0.0536968831487563,NaN,0.0536968831487563,12.4119898675059,NaN,12.4119898675059,0.0265956270851341,-0.0466479139923713,299.688995243235,NaN,NaN
955,NonStim,0,1,0.6363,NaN,2,Left,0.134533333333366,0.13953333333302,NaN,6.00000000122236,0.0332445341881544,NaN,0.0332445341881544,7.84469934110351,NaN,7.84469934110351,0.0332445341881544,0,0,NaN,NaN
955,NonStim,0,1,0.6363,NaN,3,Left,0.262533333333067,0.269533333333129,NaN,8.00000000162981,0.0802442982151104,NaN,0.0802442982151104,14.0458255959413,NaN,14.0458255959413,-0.0066489067049361,-0.0799683652181575,265.247119606073,NaN,NaN
956,Stim,1,3,-1,-0.0530666666668367,1,Left,0.282766666666248,0.288766666666106,0.335833333333085,7.00000000142609,0.0446833839556155,NaN,0.0446833839556155,9.41367354381835,NaN,9.41367354381835,0.0199467209531741,-0.0399841609258111,296.513028825263,NaN,NaN
956,Stim,1,3,-1,-0.0530666666668367,2,Left,0.719766666666146,0.724766666666255,0.772833333332983,6.00000000122236,0.033320155751497,NaN,0.033320155751497,7.84472846606615,NaN,7.84472846606615,-4.16333634234434e-17,0.033320155751497,90.0000000000001,NaN,NaN
956,Stim,1,3,-1,-0.0530666666668367,3,Left,0.831766666666226,0.838766666666288,0.884833333333063,8.00000000162981,0.0595778695426423,NaN,0.0595778695426423,11.0976489192724,NaN,11.0976489192724,0.0265956272412017,-0.0533122420358322,296.513016433893,NaN,NaN
957,Stim,1,4,-0.4545,-0.0518000000001848,1,Merged,0.658166666666602,0.668166666666366,0.709966666666787,11.000000002241,0.132752026606889,0.090569464239879,0.111660745423384,16.9884388713522,10.9826174255308,16.9884388713522,0.0465423374268423,-0.0999601543271507,294.967105930719,-4.00000000081491,18.4771843913251
957,Stim,1,4,-0.4545,-0.0518000000001848,2,Right,0.670166666666773,0.680166666666537,0.721966666666958,11.000000002241,NaN,0.159936649889527,0.159936649889527,NaN,22.2134347568069,22.2134347568069,0,0.159936649889527,90,NaN,NaN
958,NonStim,0,1,0.0909,NaN,1,Left,0.0214666666665835,0.0274666666664416,NaN,7.00000000142609,0.0471196539678811,NaN,0.0471196539678811,8.95420587713408,NaN,8.95420587713408,0.0066489071093381,-0.0466481920796964,278.11190136996,NaN,NaN
958,NonStim,0,1,0.0909,NaN,2,Left,0.338466666666591,0.344466666666449,NaN,7.00000000142609,0.0480214521451985,NaN,0.0480214521451985,9.41366988695995,NaN,9.41366988695995,-0.0265956279477608,0.0399841523631285,123.630032732185,NaN,NaN
959,Stim,1,1,0.0909,-0.0583999999998923,1,Left,0.580533333333278,0.591533333333246,0.638933333333171,12.0000000024447,0.156512401027773,NaN,0.156512401027773,18.350583211816,NaN,18.350583211816,0.152924490349741,0.033320142958134,12.2918492564452,NaN,NaN
959,Stim,1,1,0.0909,-0.0583999999998923,2,Left,0.597533333333558,0.60453333333362,0.655933333333451,8.00000000162981,0.0668219542626993,NaN,0.0668219542626993,11.1370023143837,NaN,11.1370023143837,-0.066488828161176,-0.00666403040508335,185.723516820246,NaN,NaN
959,Stim,1,1,0.0909,-0.0583999999998923,3,Left,0.874533333333602,0.88053333333346,0.932933333333494,7.00000000142609,0.0694295996791207,NaN,0.0694295996791207,14.0203035930391,NaN,14.0203035930391,-0.0664889877969397,0.0199920937708225,163.264872163688,NaN,NaN
960,Stim,1,4,1,-0.047333333332972,1,Left,0.336833333333288,0.344833333333554,0.38416666666626,9.00000000183354,0.103550407880838,NaN,0.103550407880838,15.7641599543935,NaN,15.7641599543935,-0.0731379684618063,-0.0733043282594406,225.065088505153,NaN,NaN
962,NonStim,0,1,-0.0909,NaN,1,Left,0.0251333333330876,0.0301333333331968,NaN,6.00000000122236,0.0595778489218656,NaN,0.0595778489218656,13.9094371778079,NaN,13.9094371778079,-0.0265956022943731,0.0533122314366617,116.512999515964,NaN,NaN
962,NonStim,0,1,-0.0909,NaN,2,Merged,0.354133333333266,0.36813333333339,NaN,15.0000000030559,0.133446306852213,0.106831579448593,0.120138943150403,11.3256876305821,11.1067188682767,11.3256876305821,-1.80966947156691e-11,-0.119952519076829,269.999999991356,0,6.42416063556243
962,NonStim,0,1,-0.0909,NaN,3,Right,0.826133333333473,0.831133333333128,NaN,6.00000000122236,NaN,0.0759696573182758,0.0759696573182758,NaN,16.911288538567,16.911288538567,-0.0199467185598599,0.0733042785364538,105.222115834168,NaN,NaN
963,Stim,1,1,1,-0.0549333333333379,1,Merged,0.517266666666728,0.52426666666679,0.572200000000066,8.00000000162981,0.0799683396797245,0.054945630903015,0.0674569852913697,14.6078354940942,10.9181127233965,14.6078354940942,-0.00664890286562599,0.0666402700706923,95.697718204073,1.00000000020373,14.005647107728
963,Stim,1,1,1,-0.0549333333333379,2,Right,0.55026666666663,0.555266666666739,0.605199999999968,6.00000000122236,NaN,0.042632788534195,0.042632788534195,NaN,9.41366546794667,9.41366546794667,0.0265956277397155,-0.0333200726789703,308.596390252745,NaN,NaN
963,Stim,1,1,1,-0.0549333333333379,3,Merged,0.672266666666928,0.678266666666786,0.727200000000266,7.00000000142609,0.0632062129009818,0.0927920480877943,0.0779991304943881,13.4150875977459,19.3899781756756,19.3899781756756,0.0265956265094044,-0.0733043163795391,289.941338298073,-1.00000000020373,2.59801240462588
965,Stim,1,3,-0.3636,-0.0698333333334631,1,Left,0.509966666666514,0.517966666666325,0.579799999999977,9.00000000183354,0.0537252416119144,NaN,0.0537252416119144,9.41366394761934,NaN,9.41366394761934,0.00664889827590487,0.053312228784541,82.8909949197587,NaN,NaN
965,Stim,1,3,-0.3636,-0.0698333333334631,2,Left,0.781966666666449,0.790966666666463,0.851799999999912,10.0000000020373,0.0942389226681372,NaN,0.0942389226681372,13.3280024930713,NaN,13.3280024930713,-0.0132977657592607,0.0932960019050279,98.1119049960813,NaN,NaN
965,Stim,1,3,-0.3636,-0.0698333333334631,3,Left,0.794966666666369,0.800966666666227,0.864799999999832,7.00000000142609,0.0745003373950864,NaN,0.0745003373950864,13.5110186329877,NaN,13.5110186329877,0.0132977818308069,-0.0733039512602286,280.281988225428,NaN,NaN
965,Stim,1,3,-0.3636,-0.0698333333334631,4,Left,0.843966666666347,0.848966666666456,0.91379999999981,6.00000000122236,0.053696989173183,NaN,0.053696989173183,12.4120175628722,NaN,12.4120175628722,0.0265955811507461,-0.0466480622268386,299.688874324492,NaN,NaN
966,Stim,1,2,-0.4545,-0.0578000000004977,1,Merged,0.947133333333113,0.964133333332938,1.00493333333361,18.0000000036671,0.308037112409289,0.36126868280362,0.334652897606455,28.0913562167097,32.888153422322,32.888153422322,0.126329001248084,-0.309872803441507,292.179748621568,-2.00000000040745,1.2091977090999
967,NonStim,0,4,-0.3636,NaN,1,Right,0.00769999999965876,0.0146999999997206,NaN,8.00000000162981,NaN,0.0426328392697672,0.0426328392697672,NaN,8.66655774949719,8.66655774949719,-0.0265956114878562,0.0333201505667189,128.596307882219,NaN,NaN
967,NonStim,0,4,-0.3636,NaN,2,Right,0.0166999999996733,0.0266999999994368,NaN,11.000000002241,NaN,0.0339770566392587,0.0339770566392587,NaN,5.65097747819017,5.65097747819017,0.00664890547974457,-0.0333201505667189,281.284922969663,NaN,NaN
967,NonStim,0,4,-0.3636,NaN,3,Right,0.0596999999997934,0.0886999999997897,NaN,30.0000000061118,NaN,0.0199467068721491,0.0199467068721491,NaN,9.41367298967011,9.41367298967011,-0.0199467068721491,0,180,NaN,NaN
967,NonStim,0,4,-0.3636,NaN,4,Right,0.118699999999535,0.126699999999801,NaN,9.00000000183354,NaN,0.0210687369936534,0.0210687369936534,NaN,6.74103232904593,6.74103232904593,-0.00664890357259478,-0.0199920924315109,251.604078166988,NaN,NaN
967,NonStim,0,4,-0.3636,NaN,5,Right,0.164699999999812,0.171699999999419,NaN,8.00000000162981,NaN,0.0339770619436818,0.0339770619436818,NaN,7.02291307788401,7.02291307788401,0.00664890547974457,-0.0333201559757185,281.284921184746,NaN,NaN
967,NonStim,0,4,-0.3636,NaN,6,Left,0.184699999999793,0.189699999999448,NaN,6.00000000122236,0.029788905776771,NaN,0.029788905776771,7.84472297190949,NaN,7.84472297190949,-0.0132978141986709,0.0266560883273403,116.513045497106,NaN,NaN
967,NonStim,0,4,-0.3636,NaN,7,Right,0.190699999999651,0.201699999999619,NaN,12.0000000024447,NaN,0.0398934288537559,0.0398934288537559,NaN,7.43708620209169,7.43708620209169,0.0398934288537559,0,0,NaN,NaN
967,NonStim,0,4,-0.3636,NaN,8,Left,0.212699999999586,0.220699999999397,NaN,9.00000000183354,0.0549456527499319,NaN,0.0549456527499319,9.92964002981757,NaN,9.92964002981757,-0.0132978139164483,-0.0533122209362883,255.994349777881,NaN,NaN
967,NonStim,0,4,-0.3636,NaN,9,Right,0.230699999999615,0.255699999999706,NaN,26.0000000052969,NaN,0.0132978081883019,0.0132978081883019,NaN,8.66300826564267,8.66300826564267,0.0132978081883019,0,0,NaN,NaN
967,NonStim,0,4,-0.3636,NaN,10,Right,0.258699999999408,0.279699999999593,NaN,22.000000004482,NaN,0.0132978059230027,0.0132978059230027,NaN,10.226497533366,10.226497533366,0.0132978059230027,0,0,NaN,NaN
967,NonStim,0,4,-0.3636,NaN,11,Right,0.281699999999546,0.287699999999404,NaN,7.00000000142609,NaN,0.0470683620137275,0.0470683620137275,NaN,9.41367298967011,9.41367298967011,-0.0332445169676008,0.0333201559757185,134.934893482162,NaN,NaN
967,NonStim,0,4,-0.3636,NaN,12,Left,0.29569999999967,0.301699999999528,NaN,7.00000000142609,0.0339058755803718,NaN,0.0339058755803718,7.84472802438463,NaN,7.84472802438463,0.0332445348726,0.00666403031026503,11.3349923320565,NaN,NaN
967,NonStim,0,4,-0.3636,NaN,13,Right,0.324699999999666,0.342699999999695,NaN,19.0000000038708,NaN,0.0333201505667189,0.0333201505667189,NaN,10.2264964280981,10.2264964280981,0,0.0333201505667189,90,NaN,NaN
967,NonStim,0,4,-0.3636,NaN,14,Right,0.371699999999691,0.378699999999753,NaN,8.00000000162981,NaN,0.0358756768176367,0.0358756768176367,NaN,7.44723356945554,7.44723356945554,0.0132978100954517,-0.0333201505667189,291.756553455457,NaN,NaN
967,NonStim,0,4,-0.3636,NaN,15,Right,0.380699999999706,0.391699999999673,NaN,12.0000000024447,NaN,0.0717513275467571,0.0717513275467571,NaN,11.794989284989,11.794989284989,-0.0265956198327535,0.0666402731869676,111.756561461628,NaN,NaN
967,NonStim,0,4,-0.3636,NaN,16,Right,0.423699999999826,0.430699999999433,NaN,8.00000000162981,NaN,0.0333201226202487,0.0333201226202487,NaN,6.66402538212023,6.66402538212023,0,-0.0333201226202487,270,NaN,NaN
967,NonStim,0,4,-0.3636,NaN,17,Right,0.43369999999959,0.4416999999994,NaN,9.00000000183354,NaN,0.027472817520094,0.027472817520094,NaN,7.84472635906234,7.84472635906234,0.00664890667059453,0.0266561014137121,75.9943457897926,NaN,NaN
967,NonStim,0,4,-0.3636,NaN,18,Right,0.49769999999944,0.508699999999408,NaN,12.0000000024447,NaN,0,0,NaN,6.66402381351309,6.66402381351309,0,0,0,NaN,NaN
967,NonStim,0,4,-0.3636,NaN,19,Merged,0.509699999999611,0.525699999999688,NaN,17.0000000034634,0.0332717593206711,0.0265956269778522,0.0299336931492616,9.15760740644199,7.10192889975076,9.15760740644199,-0.026595624116838,-0.00999603544298239,200.598862773022,7.00000000142609,36.9323806030413
967,NonStim,0,4,-0.3636,NaN,20,Right,0.5666999999994,0.573699999999462,NaN,8.00000000162981,NaN,0.0426328276831037,0.0426328276831037,NaN,8.66655569536698,8.66655569536698,0.0265956279269508,-0.0333201226202487,308.596348579247,NaN,NaN
967,NonStim,0,4,-0.3636,NaN,21,Right,0.581699999999728,0.58869999999979,NaN,8.00000000162981,NaN,0.0470683504958461,0.0470683504958461,NaN,9.41367067455523,9.41367067455523,-0.0332445340916579,0.0333201226202487,134.934936916673,NaN,NaN
967,NonStim,0,4,-0.3636,NaN,22,Right,0.60169999999971,0.61469999999963,NaN,14.0000000028522,NaN,0.00664890616470708,0.00664890616470708,NaN,8.00357361115708,8.00357361115708,-0.00664890616470708,0,180,NaN,NaN
967,NonStim,0,4,-0.3636,NaN,23,Right,0.625699999999597,0.632699999999659,NaN,8.00000000162981,NaN,0.0339770293671399,0.0339770293671399,NaN,6.66402538212023,6.66402538212023,-0.00664890616470708,-0.0333201226202487,258.715066675536,NaN,NaN
967,NonStim,0,4,-0.3636,NaN,24,Right,0.642699999999422,0.65369999999939,NaN,12.0000000024447,NaN,0.0332445340916579,0.0332445340916579,NaN,8.66655670832745,8.66655670832745,0.0332445340916579,0,0,NaN,NaN
967,NonStim,0,4,-0.3636,NaN,25,Right,0.656699999999546,0.663699999999608,NaN,8.00000000162981,NaN,0.0426328270910278,0.0426328270910278,NaN,8.66655550216939,8.66655550216939,-0.0265956269778522,0.0333201226202487,128.596347582345,NaN,NaN
967,NonStim,0,4,-0.3636,NaN,26,Right,0.673699999999826,0.688699999999699,NaN,16.0000000032596,NaN,0.013297814017198,0.013297814017198,NaN,8.0035753891447,8.0035753891447,-0.013297814017198,0,180,NaN,NaN
967,NonStim,0,4,-0.3636,NaN,27,Right,0.695699999999761,0.706699999999728,NaN,12.0000000024447,NaN,0.0332445340916579,0.0332445340916579,NaN,8.66655580556118,8.66655580556118,0.0332445340916579,0,0,NaN,NaN
967,NonStim,0,4,-0.3636,NaN,28,Right,0.708699999999681,0.71369999999979,NaN,6.00000000122236,NaN,0.037654655222459,0.037654655222459,NaN,9.41366384604956,9.41366384604956,-0.0265956269778522,0.0266560628296303,134.934974500077,NaN,NaN
967,NonStim,0,4,-0.3636,NaN,29,Right,0.715699999999742,0.720699999999397,NaN,6.00000000122236,NaN,0.037654655892811,0.037654655892811,NaN,8.66654959455138,8.66654959455138,0.0265956279269508,-0.0266560628296303,314.93497552241,NaN,NaN
967,NonStim,0,4,-0.3636,NaN,30,Right,0.755699999999706,0.767699999999422,NaN,13.0000000026484,NaN,0.0265956269778522,0.0265956269778522,NaN,7.99658662209014,7.99658662209014,-0.0265956269778522,0,180,NaN,NaN
967,NonStim,0,4,-0.3636,NaN,31,Right,0.783699999999499,0.788699999999608,NaN,6.00000000122236,NaN,0.0282410036903831,0.0282410036903831,NaN,7.43708700847379,7.43708700847379,-0.0199467212563563,0.0199920634393115,134.934952587544,NaN,NaN
967,NonStim,0,4,-0.3636,NaN,32,Right,0.80869999999959,0.814699999999448,NaN,7.00000000142609,NaN,0.0470683152796255,0.0470683152796255,NaN,9.41366405474405,9.41366405474405,-0.0332445348303431,0.0333200721364215,134.934980957997,NaN,NaN
967,NonStim,0,4,-0.3636,NaN,33,Right,0.8166999999994,0.828699999999571,NaN,13.0000000026484,NaN,0.0656084451751067,0.0656084451751067,NaN,8.66655579315837,8.66655579315837,0.0265956281597486,-0.0599761672757052,293.914251065304,NaN,NaN
967,NonStim,0,4,-0.3636,NaN,34,Right,0.830699999999524,0.83869999999979,NaN,9.00000000183354,NaN,0.04263282134624,0.04263282134624,NaN,8.66655695209031,8.66655695209031,-0.0265956281597486,0.0333201143264666,128.596355777171,NaN,NaN
967,NonStim,0,4,-0.3636,NaN,35,Right,0.871699999999691,0.888699999999517,NaN,18.0000000036671,NaN,0.033905867470748,0.033905867470748,NaN,8.66655551409517,8.66655551409517,-0.0332445288313248,0.00666401918718287,168.665024091145,NaN,NaN
967,NonStim,0,4,-0.3636,NaN,36,Right,0.923699999999826,0.930699999999433,NaN,8.00000000162981,NaN,0.0333201226202487,0.0333201226202487,NaN,6.66402538212023,6.66402538212023,0,-0.0333201226202487,270,NaN,NaN
967,NonStim,0,4,-0.3636,NaN,37,Right,0.93369999999959,0.940699999999651,NaN,8.00000000162981,NaN,0.0388342893231827,0.0388342893231827,NaN,7.84472510742379,7.84472510742379,-0.0199467154140288,0.0333201226202487,120.906372204151,NaN,NaN
967,NonStim,0,4,-0.3636,NaN,38,Right,0.94669999999951,0.96369999999979,NaN,18.0000000036671,NaN,0.0339058638054688,0.0339058638054688,NaN,9.47070118203924,9.47070118203924,-0.0332445250931316,0.00666401918718287,168.665022849576,NaN,NaN
968,NonStim,0,4,-1,NaN,1,Merged,0.545566666666673,0.557566666666844,NaN,13.0000000026484,0.24543539620957,0.15422580086315,0.19983059853636,28.6199924935977,19.9825051455321,28.6199924935977,0.169546713413524,-0.0699721937442782,337.573983814577,0,48.113798696948
969,Stim,1,3,0.4545,-0.065900000000056,1,Left,0.0679000000000087,0.0738999999998668,0.133800000000065,7.00000000142609,0.0471196616955053,NaN,0.0471196616955053,10.4713788691639,NaN,10.4713788691639,0.00664890295450156,-0.0466482004776228,278.111894927458,NaN,NaN
969,Stim,1,3,0.4545,-0.065900000000056,2,Merged,0.68289999999979,0.69589999999971,0.748799999999846,14.0000000028522,0.0888990457736317,0.0970130319250773,0.0929560388493545,8.95420686873345,12.9309389455272,12.9309389455272,0.0232711726853944,-0.0899643422671103,284.502872355931,1.00000000020373,2.94493773659542
971,Stim,1,3,0.1818,-0.0587999999997919,1,Merged,0.826833333333525,0.833833333333587,0.885633333333317,8.00000000162981,0.0988685458090978,0.12497286089112,0.111920703350109,14.8741760963361,20.8288215454004,20.8288215454004,0.103057867455273,-0.0433161992834386,337.202522632465,-1.00000000020373,5.55628510617623
972,Stim,1,3,-0.0909,-0.0503333333335831,1,Right,0.627599999999802,0.635599999999613,0.677933333333385,9.00000000183354,NaN,0.113376403606499,0.113376403606499,NaN,17.2583185756279,17.2583185756279,0.0731379683048269,0.0866316713851577,49.8275868192178,NaN,NaN
974,NonStim,0,2,-0,NaN,1,Right,0.548200000000179,0.553200000000288,NaN,6.00000000122236,NaN,0.0446833904104738,0.0446833904104738,NaN,11.0976465927032,11.0976465927032,0.0199467197336483,-0.0399841687476694,296.513022948711,NaN,NaN
976,Stim,1,2,0.0909,-0.0644333333339091,1,Right,0.747599999999693,0.763599999999769,0.812033333333602,17.0000000034634,NaN,0.208289573684662,0.208289573684662,NaN,17.9378089446409,17.9378089446409,0.0265956255462449,-0.206584653852947,277.335885238011,NaN,NaN
976,Stim,1,2,0.0909,-0.0644333333339091,2,Right,0.766599999999471,0.780599999999595,0.83103333333338,15.0000000030559,NaN,0.17339204601937,0.17339204601937,NaN,17.2396566826763,17.2396566826763,-0.00664890702415848,0.17326451932859,92.197607918453,NaN,NaN
977,Stim,1,1,-0,-0.0497666666665282,1,Left,0.00493333333315604,0.0109333333334689,0.0546999999996842,7.00000000142609,0.0471196678131855,NaN,0.0471196678131855,11.0976463065184,NaN,11.0976463065184,0.00664890614856535,-0.0466482062018736,278.111897790291,NaN,NaN
977,Stim,1,1,-0,-0.0497666666665282,2,Left,0.534933333333356,0.540933333333214,0.584699999999884,7.00000000142609,0.0549455970060023,NaN,0.0549455970060023,11.5935672838481,NaN,11.5935672838481,-0.0132978140284298,0.0533121634564881,104.00566484156,NaN,NaN
978,NonStim,0,3,0.3636,NaN,1,Merged,0.712800000000243,0.722800000000007,NaN,11.000000002241,0.168709985383614,0.181030437136664,0.174870211260139,22.4608097570562,23.5597720545698,23.5597720545698,0.0232711625577921,-0.173264345964118,277.649626924954,-3.00000000061118,2.74405907884949
979,Stim,1,3,0.0909,-0.053933333333589,1,Left,0.241466666666383,0.246466666666493,0.295399999999972,6.00000000122236,0.0564818386680025,NaN,0.0564818386680025,11.0975963959068,NaN,11.0975963959068,-0.0398934249615594,-0.039983906064249,225.064901806632,NaN,NaN
979,Stim,1,3,0.0909,-0.053933333333589,2,Merged,0.320466666666562,0.334466666666685,0.374400000000151,15.0000000030559,0.154565104546028,0.18659271273806,0.170578908642044,13.511078278598,19.0110376891266,19.0110376891266,0.00997335576695967,-0.169932673220617,273.358838724775,2.00000000040745,7.41473060694432
979,Stim,1,3,0.0909,-0.053933333333589,3,Right,0.417466666666769,0.423466666666627,0.471400000000358,7.00000000142609,NaN,0.0405330314690311,0.0405330314690311,NaN,7.02288928813187,7.02288928813187,-0.00664890277728333,0.0399839809414683,99.4412762052993,NaN,NaN
979,Stim,1,3,0.0909,-0.053933333333589,4,Left,0.52046666666638,0.525466666666489,0.574399999999969,6.00000000122236,0.0405332155602639,NaN,0.0405332155602639,8.9542054748449,NaN,8.9542054748449,-0.00664890680534864,0.0399841668907658,99.4412387051996,NaN,NaN
979,Stim,1,3,0.0909,-0.053933333333589,5,Right,0.573466666666718,0.578466666666372,0.627400000000307,6.00000000122236,NaN,0.0446832317892994,0.0446832317892994,NaN,10.2264769378282,10.2264769378282,0.0199466995657751,0.0399840015452301,63.4869044846684,NaN,NaN
980,Stim,1,2,-0.0909,-0.0480000000002292,1,Right,0.00736666666671226,0.0303666666663958,0.0553666666669415,24.0000000048894,NaN,0.0333201524197405,0.0333201524197405,NaN,8.66656120770796,8.66656120770796,0,0.0333201524197405,90,NaN,NaN
980,Stim,1,2,-0.0909,-0.0480000000002292,2,Right,0.0573666666664394,0.065366666666705,0.105366666666669,9.00000000183354,NaN,0.0297889385532441,0.0297889385532441,NaN,7.02291313491134,7.02291313491134,-0.0132978142133693,0.0266561249486054,116.51301407921,NaN,NaN
980,Stim,1,2,-0.0909,-0.0480000000002292,3,Right,0.0673666666666577,0.0803666666665777,0.115366666666887,14.0000000028522,NaN,0.00666403015309753,0.00666403015309753,NaN,11.7914305609664,11.7914305609664,0,0.00666403015309753,90,NaN,NaN
980,Stim,1,2,-0.0909,-0.0480000000002292,4,Right,0.0943666666667013,0.105366666666669,0.142366666666931,12.0000000024447,NaN,0.0376546848710105,0.0376546848710105,NaN,7.01015750530704,7.01015750530704,0.0265956208081646,0.0266561108671808,45.0650837725723,NaN,NaN
980,Stim,1,2,-0.0909,-0.0480000000002292,5,Right,0.165366666666614,0.172366666666676,0.213366666666843,8.00000000162981,NaN,0.0358756239315631,0.0358756239315631,NaN,7.8447228336314,7.8447228336314,0.0132978120279356,0.0333200928532415,68.2434095131608,NaN,NaN
980,Stim,1,2,-0.0909,-0.0480000000002292,6,Right,0.183366666666643,0.192366666666658,0.231366666666872,10.0000000020373,NaN,0.0743708106869175,0.0743708106869175,NaN,10.4609517931055,10.4609517931055,-0.066489013336646,-0.0333200928532415,206.617135568708,NaN,NaN
980,Stim,1,2,-0.0909,-0.0480000000002292,7,Right,0.19436666666661,0.203366666666625,0.24236666666684,10.0000000020373,NaN,0.0132977904415329,0.0132977904415329,NaN,5.65097145626327,5.65097145626327,0.0132977904415329,0,0,NaN,NaN
980,Stim,1,2,-0.0909,-0.0480000000002292,8,Right,0.205366666666578,0.21236666666664,0.253366666666807,8.00000000162981,NaN,0.0358756209929333,0.0358756209929333,NaN,6.75552782731168,6.75552782731168,0.0132978040999242,0.0333200928532415,68.2434212728058,NaN,NaN
980,Stim,1,2,-0.0909,-0.0480000000002292,9,Right,0.218366666666498,0.223366666666607,0.266366666666727,6.00000000122236,NaN,0.0274727462133804,0.0274727462133804,NaN,7.02288994423862,7.02288994423862,-0.00664890389461375,0.0266560286146492,104.005685337459,NaN,NaN
980,Stim,1,2,-0.0909,-0.0480000000002292,10,Right,0.225366666666559,0.230366666666669,0.273366666666789,6.00000000122236,NaN,0.0332928727678213,0.0332928727678213,NaN,9.41365721158687,9.41365721158687,0.0199467169135509,-0.0266560286146492,306.807523698323,NaN,NaN
980,Stim,1,2,-0.0909,-0.0480000000002292,11,Right,0.249366666666447,0.262366666666367,0.297366666666676,14.0000000028522,NaN,0.019946707994538,0.019946707994538,NaN,11.0905811431465,11.0905811431465,0.019946707994538,0,0,NaN,NaN
980,Stim,1,2,-0.0909,-0.0480000000002292,12,Right,0.269366666666429,0.27636666666649,0.317366666666658,8.00000000162981,NaN,0.0339769360565958,0.0339769360565958,NaN,7.83616482045362,7.83616482045362,0.00664890389461375,0.0333200279230704,78.7150391803167,NaN,NaN
980,Stim,1,2,-0.0909,-0.0480000000002292,13,Right,0.282366666666348,0.292366666666567,0.330366666666578,11.000000002241,NaN,0.0358755636265759,0.0358755636265759,NaN,5.96944790765784,5.96944790765784,-0.0132978120279356,-0.0333200279230704,248.243371076011,NaN,NaN
980,Stim,1,2,-0.0909,-0.0480000000002292,14,Right,0.299366666666629,0.314366666666501,0.347366666666858,16.0000000032596,NaN,0.0132978066191512,0.0132978066191512,NaN,7.02290183895559,7.02290183895559,-0.0132978066191512,0,180,NaN,NaN
980,Stim,1,2,-0.0909,-0.0480000000002292,15,Right,0.316366666666454,0.327366666666421,0.364366666666683,12.0000000024447,NaN,0.0265956172023084,0.0265956172023084,NaN,7.84471479057422,7.84471479057422,0.0265956172023084,0,0,NaN,NaN
980,Stim,1,2,-0.0909,-0.0480000000002292,16,Right,0.341366666666545,0.348366666666607,0.389366666666774,8.00000000162981,NaN,0.0470683143337983,0.0470683143337983,NaN,7.84472002258401,7.84472002258401,-0.0332445127273149,-0.0333200928532415,225.065055900684,NaN,NaN
980,Stim,1,2,-0.0909,-0.0480000000002292,17,Right,0.360366666666778,0.377366666666603,0.408366666667007,18.0000000036671,NaN,0.0627657268549359,0.0627657268549359,NaN,10.460951874792,10.460951874792,0.0531912387511306,0.0333200928532415,32.063880626397,NaN,NaN
980,Stim,1,2,-0.0909,-0.0480000000002292,18,Right,0.381366666666509,0.38836666666657,0.429366666666738,8.00000000162981,NaN,0.042632801780078,0.042632801780078,NaN,8.66655227371886,8.66655227371886,-0.026595623697721,-0.0333200928532415,231.403630906707,NaN,NaN
980,Stim,1,2,-0.0909,-0.0480000000002292,19,Right,0.435366666666596,0.456366666666781,0.483366666666825,22.000000004482,NaN,0.0333201352461764,0.0333201352461764,NaN,10.4713741388714,10.4713741388714,0,-0.0333201352461764,270,NaN,NaN
980,Stim,1,2,-0.0909,-0.0480000000002292,20,Right,0.458366666666734,0.464366666666592,0.506366666666963,7.00000000142609,NaN,0.0426328331101179,0.0426328331101179,NaN,9.41367125818763,9.41367125818763,-0.0265956208081646,0.0333201352461764,128.596330516498,NaN,NaN
980,Stim,1,2,-0.0909,-0.0480000000002292,21,Right,0.50036666666665,0.50536666666676,0.54836666666688,6.00000000122236,NaN,0.0376546813457057,0.0376546813457057,NaN,9.41367176841333,9.41367176841333,0.0265956208081646,-0.0266561058873002,314.934921579398,NaN,NaN
980,Stim,1,2,-0.0909,-0.0480000000002292,22,Right,0.507366666666712,0.512366666666367,0.555366666666941,6.00000000122236,NaN,0.0376546833866087,0.0376546833866087,NaN,8.66655748930994,8.66655748930994,-0.026595623697721,0.0266561058873002,134.934924691921,NaN,NaN
980,Stim,1,2,-0.0909,-0.0480000000002292,23,Right,0.547366666666676,0.554366666666738,0.595366666666905,8.00000000162981,NaN,0.0388342996754313,0.0388342996754313,NaN,7.84472617673006,7.84472617673006,0.019946714477771,-0.0333201352461764,300.906361450828,NaN,NaN
980,Stim,1,2,-0.0909,-0.0480000000002292,24,Right,0.565366666666705,0.572366666666767,0.613366666666934,8.00000000162981,NaN,0.0333201352461764,0.0333201352461764,NaN,6.66402774548745,6.66402774548745,0,0.0333201352461764,90,NaN,NaN
980,Stim,1,2,-0.0909,-0.0480000000002292,25,Right,0.597366666666403,0.604366666666465,0.645366666666632,8.00000000162981,NaN,0.0333201352461764,0.0333201352461764,NaN,6.75553584499181,6.75553584499181,0,-0.0333201352461764,270,NaN,NaN
980,Stim,1,2,-0.0909,-0.0480000000002292,26,Right,0.610366666666778,0.622366666666494,0.658366666667007,13.0000000026484,NaN,0.0339770414986568,0.0339770414986568,NaN,5.65097786261325,5.65097786261325,0.0066489048856153,0.0333201352461764,78.7150729572177,NaN,NaN
980,Stim,1,2,-0.0909,-0.0480000000002292,27,Right,0.649366666666538,0.66436666666641,0.697366666666767,16.0000000032596,NaN,0.026595623697721,0.026595623697721,NaN,9.41367176841333,9.41367176841333,0.026595623697721,0,0,NaN,NaN
980,Stim,1,2,-0.0909,-0.0480000000002292,28,Right,0.700366666666469,0.710366666666687,0.748366666666698,11.000000002241,NaN,0.00664890705887156,0.00664890705887156,NaN,10.2177431858398,10.2177431858398,0.00664890705887156,0,0,NaN,NaN
980,Stim,1,2,-0.0909,-0.0480000000002292,29,Right,0.71236666666664,0.726366666666763,0.760366666666869,15.0000000030559,NaN,0.0199467201734354,0.0199467201734354,NaN,7.44723137404522,7.44723137404522,0.0199467201734354,0,0,NaN,NaN
980,Stim,1,2,-0.0909,-0.0480000000002292,30,Right,0.75036666666665,0.757366666666712,0.79836666666688,8.00000000162981,NaN,0.047068359693926,0.047068359693926,NaN,9.4136715409959,9.4136715409959,0.0332445344598674,-0.0333201352461764,314.934926378512,NaN,NaN
980,Stim,1,2,-0.0909,-0.0480000000002292,31,Right,0.785366666666505,0.80636666666669,0.833366666666734,22.000000004482,NaN,0.0388343152971709,0.0388343152971709,NaN,9.41367354583818,9.41367354583818,0.0199467117239544,-0.0333201551017029,300.906342917976,NaN,NaN
980,Stim,1,2,-0.0909,-0.0480000000002292,32,Right,0.833366666666734,0.848366666666607,0.881366666666963,16.0000000032596,NaN,0.019946708250257,0.019946708250257,NaN,7.44723319831998,7.44723319831998,-0.019946708250257,0,180,NaN,NaN
980,Stim,1,2,-0.0909,-0.0480000000002292,33,Right,0.857366666666621,0.863366666666479,0.905366666666851,7.00000000142609,NaN,0.0572400414095245,0.0572400414095245,NaN,12.395146684494,12.395146684494,-0.0465423420614234,0.0333201551017029,144.400723631431,NaN,NaN
980,Stim,1,2,-0.0909,-0.0480000000002292,34,Right,0.883366666666461,0.898366666666334,0.93136666666669,16.0000000032596,NaN,0.0531912021367523,0.0531912021367523,NaN,12.3951365307227,12.3951365307227,-0.0531912021367523,0,180,NaN,NaN
980,Stim,1,2,-0.0909,-0.0480000000002292,35,Right,0.902366666666694,0.907366666666348,0.950366666666923,6.00000000122236,NaN,0.033292943607491,0.033292943607491,NaN,7.84472613237455,7.84472613237455,0.0199467082502571,-0.0266561235747193,306.807413850226,NaN,NaN
980,Stim,1,2,-0.0909,-0.0480000000002292,36,Right,0.909366666666756,0.91436666666641,0.957366666666985,6.00000000122236,NaN,0.0332929456886777,0.0332929456886777,NaN,9.41367291773221,9.41367291773221,-0.0199467117239544,0.0266561235747193,126.807418636606,NaN,NaN
982,Stim,1,3,-0.6363,-0.0509666666671365,1,Left,0.033333333333303,0.0393333333331611,0.0843000000004395,7.00000000142609,0.0446834065438418,NaN,0.0446834065438418,8.6665595531503,NaN,8.6665595531503,-0.0199467189153218,0.0399841871853785,116.51301145596,NaN,NaN
983,NonStim,0,2,-0.6363,NaN,1,Left,0.36333333333323,0.370333333333292,NaN,8.00000000162981,0.0876470044950746,NaN,0.0876470044950746,15.588834203516,NaN,15.588834203516,-0.0132978091847382,-0.0866323592420633,261.273380007352,NaN,NaN
985,Stim,1,2,-0.1818,-0.0592666666666446,1,Right,0.291799999999967,0.296800000000076,0.351066666666611,6.00000000122236,NaN,0.0470683723770774,0.0470683723770774,NaN,9.41367484635231,9.41367484635231,-0.0332445325421959,0.0333201550758411,134.934907676954,NaN,NaN
986,NonStim,0,3,-0.4545,NaN,1,Right,0.456333333333077,0.461333333333187,NaN,6.00000000122236,NaN,0.0333201541627569,0.0333201541627569,NaN,6.66403144271129,6.66403144271129,0,0.0333201541627569,90,NaN,NaN
987,Stim,1,1,0.0909,-0.0509000000001834,1,Left,0.574966666666569,0.579966666666678,0.625866666666752,6.00000000122236,0.0405332239139777,NaN,0.0405332239139777,9.1576104398333,NaN,9.1576104398333,-0.00664890677316246,0.039984175364542,99.4412366954769,NaN,NaN
987,Stim,1,1,0.0909,-0.0509000000001834,2,Left,0.649966666666387,0.654966666666496,0.70086666666657,6.00000000122236,0.0446834077978237,NaN,0.0446834077978237,10.4713832222581,NaN,10.4713832222581,-0.019946720980633,0.0399841875564251,116.513013613329,NaN,NaN
987,Stim,1,1,0.0909,-0.0509000000001834,3,Left,0.722966666666707,0.727966666666816,0.773866666666891,6.00000000122236,0.0421374786515394,NaN,0.0421374786515394,9.15761366302858,NaN,9.15761366302858,-0.0132978138263985,0.0399841875564251,108.395929297683,NaN,NaN
987,Stim,1,1,0.0909,-0.0509000000001834,4,Merged,0.778966666666747,0.791966666666667,0.829866666666931,14.0000000028522,0.165311243862826,0.183615904506213,0.174463574184519,16.6358782147134,15.9931517356839,16.6358782147134,0.129653506671177,-0.116620334286629,318.029350600904,5.00000000101863,3.43108911501997
989,Stim,1,4,0.3636,-0.0546333333336406,1,Left,0.577199999999721,0.58219999999983,0.631833333333361,6.00000000122236,0.0399841548409544,NaN,0.0399841548409544,9.15760559181349,NaN,9.15760559181349,-4.16333634234434e-17,0.0399841548409544,90.0000000000001,NaN,NaN
990,Stim,1,2,0.1818,-0.0594666666665944,1,Merged,0.551966666666885,0.561966666666649,0.61143333333348,11.000000002241,0.144063881216451,0.119865640361995,0.131964760789223,17.5572311823775,17.5253866094179,17.5572311823775,0.0997335565235863,0.0633079658666645,32.406194497547,2.00000000040745,53.1828015964302
990,Stim,1,2,0.1818,-0.0594666666665944,2,Right,0.7809666666667,0.789966666666714,0.840433333333294,10.0000000020373,NaN,0.120107291367858,0.120107291367858,NaN,16.5070862557533,16.5070862557533,0.039893355610034,-0.113288488461516,289.399181572166,NaN,NaN
991,Stim,1,4,0.4545,-0.0580666666669458,1,Left,0.910933333333105,0.915933333333214,0.969000000000051,6.00000000122236,0.0480214371969921,NaN,0.0480214371969921,11.0976424183321,NaN,11.0976424183321,-0.0265956281666165,0.0399841342645771,123.630044908918,NaN,NaN
992,Stim,1,1,0.6363,-0.0552999999999884,1,Left,0.273666666666486,0.279666666666344,0.328966666666474,7.00000000142609,0.0519993175351238,NaN,0.0519993175351238,9.4136669548263,NaN,9.4136669548263,-0.0332445180549108,0.0399841348964229,129.741582758814,NaN,NaN
992,Stim,1,1,0.6363,-0.0552999999999884,2,Merged,0.332666666666682,0.342666666666446,0.387966666666671,11.000000002241,0.104261257212268,0.105290125201617,0.104775691206943,14.4338911575431,14.21094986545,14.4338911575431,0.0531912390707096,-0.0899643930473479,300.593603898285,1.00000000020373,8.12123363315254
993,NonStim,0,4,0.6363,NaN,1,Right,0.646266666666634,0.651266666666743,NaN,6.00000000122236,NaN,0.061358882018534,0.061358882018534,NaN,14.2038411835038,14.2038411835038,0.0465422082410529,-0.0399841875572186,319.334283048984,NaN,NaN
995,Stim,1,3,-0.4545,-0.0643333333332521,1,Right,0.315333333333456,0.321333333333314,0.379666666666708,7.00000000142609,NaN,0.0405332175768549,0.0405332175768549,NaN,8.00357561706285,8.00357561706285,-0.00664890685964419,0.0399841689260192,99.4412383089886,NaN,NaN
996,Stim,1,2,-0.3636,-0.0528666666668869,1,Right,0.612899999999627,0.618899999999485,0.665766666666514,7.00000000142609,NaN,0.0952358745870334,0.0952358745870334,NaN,16.8848067111491,16.8848067111491,0.0864357407050476,0.0399841785851219,24.8247177757028,NaN,NaN
996,Stim,1,2,-0.3636,-0.0528666666668869,2,Right,0.62689999999975,0.632899999999609,0.679766666666637,7.00000000142609,NaN,0.0446833750688987,0.0446833750688987,NaN,8.66654882188106,8.66654882188106,-0.0199466476045403,-0.0399841875856965,243.487070595892,NaN,NaN
996,Stim,1,2,-0.3636,-0.0528666666668869,3,Right,0.706899999999678,0.711899999999787,0.759766666666565,6.00000000122236,NaN,0.0426328152997395,0.0426328152997395,NaN,9.41366729735903,9.41366729735903,-0.0265956266479173,0.0333201077967388,128.596359663636,NaN,NaN
997,Stim,1,4,-0.1818,-0.055766666666841,1,Left,0.0880666666666912,0.0930666666668003,0.143833333333532,6.00000000122236,0.0333201560938038,NaN,0.0333201560938038,7.84472902591584,NaN,7.84472902591584,-4.5102810375397e-17,-0.0333201560938038,270,NaN,NaN
999,NonStim,0,4,-0,NaN,1,Left,0.473566666667011,0.482566666667026,NaN,10.0000000020373,0.0804905235755574,NaN,0.0804905235755574,11.0976495210532,NaN,11.0976495210532,-0.0332445348759643,-0.0733043333394975,245.605046968128,NaN,NaN
1009,NonStim,0,2,1,NaN,1,Right,0.570666666666511,0.57666666666637,NaN,7.00000000142609,NaN,0.0446833695059662,0.0446833695059662,NaN,9.41367116784274,9.41367116784274,-0.0199467146764251,0.0399841479091902,116.513029074015,NaN,NaN
1010,NonStim,0,3,-0.1818,NaN,1,Right,0.280133333333197,0.285133333333306,NaN,6.00000000122236,NaN,0.0519993555302927,0.0519993555302927,NaN,11.0976488045218,11.0976488045218,0.033244514146095,-0.0399841875590323,309.741542349136,NaN,NaN
1010,NonStim,0,3,-0.1818,NaN,2,Right,0.556133333333037,0.566133333333255,NaN,11.000000002241,NaN,0.196824963101841,0.196824963101841,NaN,24.5801309131536,24.5801309131536,0.0797868699644166,-0.179928100866214,293.914294517341,NaN,NaN
1014,Stim,1,4,-0,-0.0565999999998894,1,Left,0.0302666666666482,0.0362666666665064,0.0868666666665376,7.00000000142609,0.0758740379311288,NaN,0.0758740379311288,15.0843130724463,NaN,15.0843130724463,0.0598399823896077,-0.0466481097107461,322.061891379881,NaN,NaN
1014,Stim,1,4,-0,-0.0565999999998894,2,Right,0.16226666666671,0.172266666666474,0.218866666666599,11.000000002241,NaN,0.150330335717116,0.150330335717116,NaN,17.9378178226287,17.9378178226287,0.0332445295767895,0.146608359550329,77.2238132541584,NaN,NaN
1014,Stim,1,4,-0,-0.0565999999998894,3,Right,0.479266666666717,0.492266666666637,0.535866666666607,14.0000000028522,NaN,0.133279321416552,0.133279321416552,NaN,11.9584879746862,11.9584879746862,0,-0.133279321416552,270,NaN,NaN
1014,Stim,1,4,-0,-0.0565999999998894,4,Right,0.655266666666648,0.66226666666671,0.711866666666538,8.00000000162981,NaN,0.0775855619178595,0.0775855619178595,NaN,11.9388885432946,11.9388885432946,0.0664890060068224,0.0399841405851713,31.0212153473048,NaN,NaN
1015,Stim,1,1,-0.1818,-0.0526333333332332,1,Left,0.575533333333169,0.580533333333278,0.628166666666402,6.00000000122236,0.0446833833436865,NaN,0.0446833833436865,9.92964141306043,NaN,9.92964141306043,-0.019946711951411,-0.0399841647326323,243.486983682484,NaN,NaN
1015,Stim,1,1,-0.1818,-0.0526333333332332,2,Right,0.64353333333338,0.648533333333489,0.696166666666613,6.00000000122236,NaN,0.0421373216605832,0.0421373216605832,NaN,9.92961529064564,9.92961529064564,-0.0132978142005236,-0.0399840219864862,251.603999172085,NaN,NaN
1015,Stim,1,1,-0.1818,-0.0526333333332332,3,Right,0.674533333333329,0.679533333333438,0.727166666666562,6.00000000122236,NaN,0.0595777739658767,0.0595777739658767,NaN,13.909417336143,13.909417336143,-0.026595626103303,0.0533121357938547,116.513061064633,NaN,NaN
1016,NonStim,0,3,-0.0909,NaN,1,Left,0.610733333333428,0.61773333333349,NaN,8.00000000162981,0.0333201507816252,NaN,0.0333201507816252,7.84471461522786,NaN,7.84471461522786,2.77555756156289e-17,0.0333201507816252,90,NaN,NaN
1016,NonStim,0,3,-0.0909,NaN,2,Left,0.691733333333559,0.696733333333668,NaN,6.00000000122236,0.0465422928757442,NaN,0.0465422928757442,8.86520292322969,NaN,8.86520292322969,0.0465422928757442,0,0,NaN,NaN
1016,NonStim,0,3,-0.0909,NaN,3,Left,0.767733333333581,0.773733333333439,NaN,7.00000000142609,0.0471196762868559,NaN,0.0471196762868559,11.0976491174942,NaN,11.0976491174942,0.00664890699334726,-0.046648214640776,278.111897359284,NaN,NaN
1018,NonStim,0,4,-0.6363,NaN,1,Right,0.0937666666663972,0.0987666666665064,NaN,6.00000000122236,NaN,0.0446834074120384,0.0446834074120384,NaN,9.92964611943785,9.92964611943785,0.0199467209885829,-0.0399841871213338,296.513013871499,NaN,NaN
1018,NonStim,0,4,-0.6363,NaN,2,Right,0.131766666666408,0.136766666666517,NaN,6.00000000122236,NaN,0.0388343206960702,0.0388343206960702,NaN,8.00358043933134,8.00358043933134,-0.0199467210423054,0.0333201558157473,120.906354172934,NaN,NaN
1019,Stim,1,2,1,-0.0533000000000357,1,Left,0.189366666666501,0.195366666666814,0.242666666666537,7.00000000142609,0.0480214791435687,NaN,0.0480214791435687,9.41367427882724,NaN,9.41367427882724,-0.0265956243316757,0.0399841871937468,123.630006124188,NaN,NaN
1019,Stim,1,2,1,-0.0533000000000357,2,Right,0.231366666666418,0.236366666666527,0.284666666666453,6.00000000122236,NaN,0.0421374767077472,0.0421374767077472,NaN,9.92964566504173,9.92964566504173,0.013297813925377,-0.0399841854750349,288.395930318529,NaN,NaN
1019,Stim,1,2,1,-0.0533000000000357,3,Merged,0.534366666666756,0.545366666666723,0.587666666666792,12.0000000024447,0.121599535788437,0.0866323582985045,0.104115947043471,14.4338849837779,12.9447733023406,14.4338849837779,0.00997336063550446,-0.10329237320677,275.51507861275,-1.00000000020373,9.44124780227071
1019,Stim,1,2,1,-0.0533000000000357,4,Merged,0.547366666666676,0.555366666666487,0.600666666666712,9.00000000183354,0.0603435253899261,0.0537252365947448,0.0570343809923355,10.2300399429692,9.41366986664919,10.2300399429692,-1.99682318423322e-10,0.0566441634990804,90.0000002019794,-2.00000000040745,13.4349527502284
1019,Stim,1,2,1,-0.0533000000000357,5,Right,0.589366666666592,0.594366666666701,0.642666666666628,6.00000000122236,NaN,0.0405332098122382,0.0405332098122382,NaN,9.15760867451363,9.15760867451363,-0.00664890563180167,0.0399841612589575,99.4412383746672,NaN,NaN
1020,Stim,1,2,0.6363,-0.0592000000001462,1,Left,0.188166666666348,0.194166666666661,0.247366666666494,7.00000000142609,0.0405332145865478,NaN,0.0405332145865478,9.41367391207116,NaN,9.41367391207116,-0.00664890660834123,-0.039984165936439,260.558761348225,NaN,NaN
1020,Stim,1,2,0.6363,-0.0592000000001462,2,Left,0.372166666666544,0.378166666666402,0.43136666666669,7.00000000142609,0.0744722856330478,NaN,0.0744722856330478,12.9447684739869,NaN,12.9447684739869,-0.0332445338296373,0.0666402453316339,116.513035930543,NaN,NaN
1020,Stim,1,2,0.6363,-0.0592000000001462,3,Left,0.935166666666646,0.9401666666663,0.994366666666792,6.00000000122236,0.0549455886662027,NaN,0.0549455886662027,12.6616017843273,NaN,12.6616017843273,0.0132978098411158,-0.0533121559056194,284.005662510558,NaN,NaN
1021,Stim,1,4,0.6363,-0.0575333333335948,1,Left,0.010133333333215,0.0151333333333241,0.0676666666668098,6.00000000122236,0.0421374585069378,NaN,0.0421374585069378,9.48692707063821,NaN,9.48692707063821,-0.013297814261855,0.0399841661821415,108.395939031394,NaN,NaN
1021,Stim,1,4,0.6363,-0.0575333333335948,2,Left,0.380133333333106,0.388133333332917,0.437666666666701,9.00000000183354,0.0274178154650307,NaN,0.0274178154650307,7.84472115298331,NaN,7.84472115298331,-0.026595627721453,0.00666402213204283,165.933112967621,NaN,NaN
1021,Stim,1,4,0.6363,-0.0575333333335948,3,Left,0.475133333332906,0.481133333333219,0.532666666666501,7.00000000142609,0.0485065714109815,NaN,0.0485065714109815,9.48693096638798,NaN,9.48693096638798,0.013297812521244,-0.0466482116720298,285.911041828675,NaN,NaN
1022,Stim,1,3,-0,-0.0658333333331029,1,Left,0.155700000000252,0.160699999999906,0.221533333333355,6.00000000122236,0.0388342985271651,NaN,0.0388342985271651,8.00357768200948,NaN,8.00357768200948,-0.0199467169632536,0.0333201324199774,120.906366738929,NaN,NaN
1022,Stim,1,3,-0,-0.0658333333331029,2,Left,0.35570000000007,0.362700000000132,0.421533333333173,8.00000000162981,0.0679540997409093,NaN,0.0679540997409093,11.5935774943886,NaN,11.5935774943886,-0.0132978142176734,0.0666402866787778,101.284928048652,NaN,NaN
1022,Stim,1,3,-0,-0.0658333333331029,3,Right,0.471700000000055,0.476700000000164,0.537533333333158,6.00000000122236,NaN,0.0358756655589977,0.0358756655589977,NaN,8.00357545452738,8.00357545452738,-0.0132978142357817,-0.0333201367922116,248.243432249033,NaN,NaN
1023,NonStim,0,1,0.6363,NaN,1,Left,0.0261333333332914,0.0421333333333678,NaN,17.0000000034634,0.0339058681337028,NaN,0.0339058681337028,7.10192136712534,NaN,7.10192136712534,-0.0332445344344078,0.00666399460830497,168.665066676543,NaN,NaN
1023,NonStim,0,1,0.6363,NaN,2,Left,0.0441333333333205,0.0501333333331786,NaN,7.00000000142609,0.0274727310046916,NaN,0.0274727310046916,6.47236820288721,NaN,6.47236820288721,-0.00664890679823931,0.0266560122157173,104.005699490311,NaN,NaN
1023,NonStim,0,1,0.6363,NaN,3,Left,0.0841333333332841,0.0911333333333459,NaN,8.00000000162981,0.0339769855483372,NaN,0.0339769855483372,7.02289715689977,NaN,7.02289715689977,-0.00664890706416606,0.0333200777580725,101.284949616038,NaN,NaN
1023,NonStim,0,1,0.6363,NaN,4,Left,0.11313333333328,0.122133333333295,NaN,10.0000000020373,0.0332445344344078,NaN,0.0332445344344078,7.99658602448112,NaN,7.99658602448112,0.0332445344344078,0,0,NaN,NaN
1023,NonStim,0,1,0.6363,NaN,5,Left,0.124133333333248,0.13113333333331,NaN,8.00000000162981,0.0333201261549477,NaN,0.0333201261549477,6.66402604732085,NaN,6.66402604732085,0,0.0333201261549477,90,NaN,NaN
1023,NonStim,0,1,0.6363,NaN,6,Left,0.151133333333291,0.156133333333401,NaN,6.00000000122236,0.0266561040745145,NaN,0.0266561040745145,6.66402604732085,NaN,6.66402604732085,0,-0.0266561040745145,270,NaN,NaN
1023,NonStim,0,1,0.6363,NaN,7,Left,0.158133333333353,0.16913333333332,NaN,12.0000000024447,0.0266561040745145,NaN,0.0266561040745145,10.4713791506747,NaN,10.4713791506747,-4.46691295064028e-17,0.0266561040745145,90.0000000000001,NaN,NaN
1023,NonStim,0,1,0.6363,NaN,8,Left,0.181133333333037,0.203133333333426,NaN,23.0000000046857,0.0066640290553283,NaN,0.0066640290553283,7.02291210467788,NaN,7.02291210467788,0,-0.0066640290553283,270,NaN,NaN
1023,NonStim,0,1,0.6363,NaN,9,Left,0.205133333333379,0.212133333332986,NaN,8.00000000162981,0.0470683715463652,NaN,0.0470683715463652,9.41367468274096,NaN,9.41367468274096,-0.0332445344344078,0.0333201520144514,134.934911939635,NaN,NaN
1023,NonStim,0,1,0.6363,NaN,10,Left,0.220133333333251,0.227133333333313,NaN,8.00000000162981,0.0333201520144514,NaN,0.0333201520144514,6.66403076847313,NaN,6.66403076847313,0,-0.0333201520144514,270,NaN,NaN
1023,NonStim,0,1,0.6363,NaN,11,Left,0.233133333333171,0.23813333333328,NaN,6.00000000122236,0.0297889346863892,NaN,0.0297889346863892,7.44723370033391,NaN,7.44723370033391,-0.0132978142187651,0.0266561206245989,116.513017801105,NaN,NaN
1023,NonStim,0,1,0.6363,NaN,12,Left,0.240133333333233,0.253133333333153,NaN,14.0000000028522,0.029788934525711,NaN,0.029788934525711,8.95420754084412,NaN,8.95420754084412,0.0132978138588239,-0.0266561206245989,296.513017181606,NaN,NaN
1023,NonStim,0,1,0.6363,NaN,13,Left,0.255133333333106,0.262133333333168,NaN,8.00000000162981,0.0358756795571886,NaN,0.0358756795571886,6.66403076847313,NaN,6.66403076847313,-0.0132978138588238,0.0333201520144514,111.756558180652,NaN,NaN
1023,NonStim,0,1,0.6363,NaN,14,Left,0.26413333333312,0.272133333333386,NaN,9.00000000183354,0.0485065672310435,NaN,0.0485065672310435,8.45564752873354,NaN,8.45564752873354,0.0132978142187651,-0.0466482068416671,285.911045321124,NaN,NaN
1023,NonStim,0,1,0.6363,NaN,15,Left,0.290133333333415,0.300133333333179,NaN,11.000000002241,0.0376546985692235,NaN,0.0376546985692235,7.01015903905864,NaN,7.01015903905864,0.0265956280829612,0.0266561229591231,45.0650889318638,NaN,NaN
1023,NonStim,0,1,0.6363,NaN,16,Left,0.302133333333131,0.308133333332989,NaN,7.00000000142609,0.0358756796906057,NaN,0.0358756796906057,6.75553827136465,NaN,6.75553827136465,-0.013297814218765,-0.0333201520144514,248.243441285447,NaN,NaN
1023,NonStim,0,1,0.6363,NaN,17,Left,0.356133333333219,0.36313333333328,NaN,8.00000000162981,0.0333201520144514,NaN,0.0333201520144514,6.66403076847313,NaN,6.66403076847313,0,0.0333201520144514,90,NaN,NaN
1023,NonStim,0,1,0.6363,NaN,18,Left,0.365133333333233,0.378133333333153,NaN,14.0000000028522,0.0695614715331413,NaN,0.0695614715331413,7.9965881178919,NaN,7.9965881178919,0.0199467202156428,-0.0666402781693991,286.663455637215,NaN,NaN
1023,NonStim,0,1,0.6363,NaN,19,Left,0.38113333333331,0.388133333333371,NaN,8.00000000162981,0.0358756548792843,NaN,0.0358756548792843,8.66300848315602,NaN,8.66300848315602,-0.0132978120770256,0.0333201261549477,111.75657084587,NaN,NaN
1023,NonStim,0,1,0.6363,NaN,20,Left,0.45013333333327,0.455133333333379,NaN,6.00000000122236,0.0266561206245989,NaN,0.0266561206245989,6.66403076847313,NaN,6.66403076847313,0,-0.0266561206245989,270,NaN,NaN
1023,NonStim,0,1,0.6363,NaN,21,Left,0.45813333333308,0.471133333333,NaN,14.0000000028522,0,NaN,0,9.41367237552523,NaN,9.41367237552523,0,0,0,NaN,NaN
1023,NonStim,0,1,0.6363,NaN,22,Left,0.491133333332982,0.498133333333044,NaN,8.00000000162981,0.0358756788967406,NaN,0.0358756788967406,7.02291258351076,NaN,7.02291258351076,0.0132978120770256,0.0333201520144514,68.2434444622918,NaN,NaN
1023,NonStim,0,1,0.6363,NaN,23,Left,0.556133333333037,0.567133333333004,NaN,12.0000000024447,0.0333201553364788,NaN,0.0333201553364788,5.65097861967059,NaN,5.65097861967059,0,0.0333201553364788,90,NaN,NaN
1023,NonStim,0,1,0.6363,NaN,24,Left,0.576133333333019,0.58313333333308,NaN,8.00000000162981,0.0421374778757929,NaN,0.0421374778757929,8.08442991371864,NaN,8.08442991371864,-0.0132978138641962,-0.0399841867263313,251.60407029735,NaN,NaN
1023,NonStim,0,1,0.6363,NaN,25,Left,0.593133333333299,0.598133333333408,NaN,6.00000000122236,0.0274728405835777,NaN,0.0274728405835777,6.66403129999759,NaN,6.66403129999759,0.00664890706595681,0.0266561250852209,75.9943569376727,NaN,NaN
1023,NonStim,0,1,0.6363,NaN,26,Left,0.60013333333336,0.611133333333328,NaN,12.0000000024447,0.0274178170977639,NaN,0.0274178170977639,7.84472933228331,NaN,7.84472933228331,-0.0265956273702418,0.00666403025125788,165.933096331078,NaN,NaN
1023,NonStim,0,1,0.6363,NaN,27,Left,0.655133333333197,0.665133333333415,NaN,11.000000002241,0.0614327137993016,NaN,0.0614327137993016,6.75553600553747,NaN,6.75553600553747,-0.013297813149686,0.0599762160375505,102.501280388761,NaN,NaN
1023,NonStim,0,1,0.6363,NaN,28,Left,0.667133333333368,0.673133333333226,NaN,7.00000000142609,0.0595778199540939,NaN,0.0595778199540939,11.958549260212,NaN,11.958549260212,0.0265956273702418,-0.0533121865549114,296.51304036303,NaN,NaN
1023,NonStim,0,1,0.6363,NaN,29,Left,0.675133333333179,0.688133333333099,NaN,14.0000000028522,0.0210304763689893,NaN,0.0210304763689893,8.66655786312195,NaN,8.66655786312195,-0.0199467202156428,-0.00666402948263915,198.47403519966,NaN,NaN
1023,NonStim,0,1,0.6363,NaN,30,Left,0.69513333333316,0.702133333333222,NaN,8.00000000162981,0.0339770427828993,NaN,0.0339770427828993,6.75553482217221,NaN,6.75553482217221,0.00664890706416606,0.0333201361210163,78.7150696432247,NaN,NaN
1023,NonStim,0,1,0.6363,NaN,31,Left,0.710133333333033,0.735133333333124,NaN,26.0000000052969,0.0339770426434285,NaN,0.0339770426434285,7.44723053852591,NaN,7.44723053852591,-0.00664890635144666,-0.0333201361210163,258.715070821853,NaN,NaN
1023,NonStim,0,1,0.6363,NaN,32,Left,0.746133333333091,0.753133333333153,NaN,8.00000000162981,0.0333201361210163,NaN,0.0333201361210163,7.02290991588407,NaN,7.02290991588407,0,0.0333201361210163,90,NaN,NaN
1023,NonStim,0,1,0.6363,NaN,33,Left,0.767133333333277,0.782133333333149,NaN,16.0000000032596,0.00664890572557892,NaN,0.00664890572557892,7.02290237274999,NaN,7.02290237274999,0.00664890572557892,0,0,NaN,NaN
1023,NonStim,0,1,0.6363,NaN,34,Left,0.792133333333368,0.801133333333382,NaN,10.0000000020373,0.013297813149686,NaN,0.013297813149686,5.5488220978989,NaN,5.5488220978989,0.013297813149686,0,0,NaN,NaN
1023,NonStim,0,1,0.6363,NaN,35,Left,0.810133333333397,0.82513333333327,NaN,16.0000000032596,0.0066489063514467,NaN,0.0066489063514467,7.02290241974991,NaN,7.02290241974991,0.0066489063514467,0,0,NaN,NaN
1023,NonStim,0,1,0.6363,NaN,36,Left,0.853133333333062,0.872133333333295,NaN,20.0000000040745,0.0399841189733105,NaN,0.0399841189733105,6.7555280782053,NaN,6.7555280782053,0,0.0399841189733105,90,NaN,NaN
1023,NonStim,0,1,0.6363,NaN,37,Left,0.877133333333404,0.882133333333059,NaN,6.00000000122236,0.0266560714330887,NaN,0.0266560714330887,6.66402000782562,NaN,6.66402000782562,0,-0.0266560714330887,270,NaN,NaN
1023,NonStim,0,1,0.6363,NaN,38,Left,0.890133333333324,0.896133333333182,NaN,7.00000000142609,0.0426327963292694,NaN,0.0426327963292694,9.4136651711191,NaN,9.4136651711191,0.0265956130621404,-0.0333200943681419,308.596356651954,NaN,NaN
1023,NonStim,0,1,0.6363,NaN,39,Left,0.901133333333291,0.910133333333306,NaN,10.0000000020373,0.0426327990081321,NaN,0.0426327990081321,8.6630025000644,NaN,8.6630025000644,-0.0265956173563599,0.0333200943681419,128.596361162461,NaN,NaN
1023,NonStim,0,1,0.6363,NaN,40,Left,0.960133333333033,0.967133333333095,NaN,8.00000000162981,0.0339769383706677,NaN,0.0339769383706677,6.66400760054397,NaN,6.66400760054397,0.00664890492063618,0.033320030078025,78.7150381946916,NaN,NaN
1024,NonStim,0,2,0.1818,NaN,1,Merged,0.00640000000021246,0.0174000000001797,NaN,12.0000000024447,0.169728700228612,0.171720059377476,0.170724379803044,21.9652341098217,23.7353820918307,23.7353820918307,0.126329170587291,-0.113288469286605,318.115132831191,0,12.6452370915491
1025,Stim,1,1,-0.6363,-0.0577333333330898,1,Right,0.644066666666731,0.655066666666698,0.701799999999821,12.0000000024447,NaN,0.125656325259552,0.125656325259552,NaN,16.4907840803823,16.4907840803823,-0.0664890422290908,0.106624196790374,121.946965769406,NaN,NaN
1026,Stim,1,4,-0.3636,-0.0464333333334253,1,Merged,0.802700000000186,0.814699999999903,0.849133333333612,13.0000000026484,0.226463068874119,0.195846411145188,0.211154740009653,25.8227301656708,23.0941502700911,25.8227301656708,0.109706879233385,-0.179928696855125,301.371672511287,3.00000000061118,7.23136145075767
1026,Stim,1,4,-0.3636,-0.0464333333334253,2,Left,0.956700000000183,0.962700000000041,1.00313333333361,7.00000000142609,0.0480214475766038,NaN,0.0480214475766038,8.6665541363717,NaN,8.6665541363717,0.0265955867049834,-0.0399841743089714,303.62997725856,NaN,NaN
1027,NonStim,0,3,0.0909,NaN,1,Left,0.0676333333331058,0.072633333333215,NaN,6.00000000122236,0.0297889077326092,NaN,0.0297889077326092,7.84471899024884,NaN,7.84471899024884,0.0132977898555169,-0.026656102656998,296.51299129621,NaN,NaN
1027,NonStim,0,3,0.0909,NaN,2,Left,0.178633333333437,0.184633333333295,NaN,7.00000000142609,0.080143857418603,NaN,0.080143857418603,16.4908145305616,NaN,16.4908145305616,0.059840137438314,-0.0533122484359556,318.30179842101,NaN,NaN
1027,NonStim,0,3,0.0909,NaN,3,Left,0.944633333333059,0.950633333333371,NaN,7.00000000142609,0.0399841875890668,NaN,0.0399841875890668,6.75553864287619,NaN,6.75553864287619,0,-0.0399841875890668,270,NaN,NaN
1028,NonStim,0,1,0.1818,NaN,1,Left,0.290100000000166,0.296100000000479,NaN,7.00000000142609,0.0421374386747595,NaN,0.0421374386747595,8.66655306684016,NaN,8.66655306684016,0.0132978125700642,-0.0399841458445789,288.395945575566,NaN,NaN
1028,NonStim,0,1,0.1818,NaN,2,Merged,0.332100000000082,0.34710000000041,NaN,16.0000000032596,0.316699607720778,0.235417942426312,0.276058775073545,34.7805821576387,22.3416450547375,34.7805821576387,0.109706847763634,-0.253231867726729,293.423556733704,-1.00000000020373,2.86133472259343
1028,NonStim,0,1,0.1818,NaN,3,Merged,0.530100000000402,0.545100000000275,NaN,16.0000000032596,0.256989716679313,0.266142680535348,0.26156619860733,21.316265445169,25.8894001939747,25.8894001939747,-0.136302473233074,0.223242692690855,121.406460151967,0,0.48242158788014
1029,NonStim,0,4,0.0909,NaN,1,Left,0.0477000000000771,0.0536999999999352,NaN,7.00000000142609,0.0628282949313992,NaN,0.0628282949313992,11.9585609104541,NaN,11.9585609104541,-0.0332445333020478,0.0533122467123261,121.946903631401,NaN,NaN
1029,NonStim,0,4,0.0909,NaN,2,Left,0.0587000000000444,0.0646999999999025,NaN,7.00000000142609,0.0480214767241836,NaN,0.0480214767241836,8.66656100823347,NaN,8.66656100823347,0.0265956213123613,-0.0399841862963444,303.630003717684,NaN,NaN
1029,NonStim,0,4,0.0909,NaN,3,Left,0.107700000000023,0.113699999999881,NaN,7.00000000142609,0.0421374772750504,NaN,0.0421374772750504,7.44723443053148,NaN,7.44723443053148,0.0132978132534867,-0.0399841862963444,288.395929099193,NaN,NaN
1029,NonStim,0,4,0.0909,NaN,4,Merged,0.728700000000117,0.745699999999943,NaN,18.0000000036671,0.278244930725212,0.291038600501631,0.284641765613421,23.5288616141255,23.5288789724868,23.5288789724868,0.0797868410538968,-0.273224273065129,286.278838794932,-1.00000000020373,0.752423814884537
1030,NonStim,0,4,-0.0909,NaN,1,Merged,0.312166666666599,0.326166666666722,NaN,15.0000000030559,0.234752102812554,0.220314409485213,0.227533256148883,26.6561154562496,26.6561183492947,26.6561183492947,-0.0199467189309911,-0.226576711448779,264.968926911966,2.00000000040745,3.04475979318585
1030,NonStim,0,4,-0.0909,NaN,2,Merged,0.329166666666424,0.338166666666439,NaN,10.0000000020373,0.0717513267729497,0.0779796198051683,0.074865473289059,8.95420677085755,11.0976350203413,11.0976350203413,-0.0265956243765976,0.0699721948566553,110.811220162871,1.00000000020373,1.81517355658292
1030,NonStim,0,4,-0.0909,NaN,3,Left,0.436166666666395,0.441166666666504,NaN,6.00000000122236,0.0446833430278853,NaN,0.0446833430278853,11.0976381085674,NaN,11.0976381085674,0.0199467145155798,0.0399841183994549,63.4869542190586,NaN,NaN
1030,NonStim,0,4,-0.0909,NaN,4,Left,0.455166666666628,0.460166666666737,NaN,6.00000000122236,0.0399841183994549,NaN,0.0399841183994549,8.88536114220255,NaN,8.88536114220255,0,-0.0399841183994549,270,NaN,NaN
1031,NonStim,0,1,1,NaN,1,Merged,0.608866666666472,0.619866666666439,NaN,12.0000000024447,0.103956108453557,0.150933940927869,0.127445024690713,12.9447704864888,18.8273402677918,18.8273402677918,0.0897601846993975,-0.0899643918468666,314.934899261491,-5.00000000101863,8.77133186260141
1032,Stim,1,1,-0.0909,-0.0523000000002867,1,Right,0.167733333333217,0.173733333333075,0.220033333333504,7.00000000142609,NaN,0.0446834066511846,0.0446834066511846,NaN,9.41367482611432,9.41367482611432,0.0199467204412886,0.0399841865440853,63.4869864260535,NaN,NaN
1032,Stim,1,1,-0.0909,-0.0523000000002867,2,Merged,0.381733333333159,0.38973333333297,0.434033333333446,9.00000000183354,0.0537252218877608,0.0549455683691418,0.0543353951284513,9.48692313346359,8.00356786807491,9.48692313346359,0.00997335273796357,0.0533121727960039,79.4038930665044,-3.00000000061118,6.89663934147001
1032,Stim,1,1,-0.0909,-0.0523000000002867,3,Left,0.437733333333199,0.442733333333308,0.490033333333486,6.00000000122236,0.0421373843870983,NaN,0.0421373843870983,9.54702813610064,NaN,9.54702813610064,-0.0132978114363572,0.0399840890103697,108.395968500841,NaN,NaN
1033,Stim,1,3,-1,-0.0594666666665944,1,Merged,0.603599999999915,0.621599999999944,0.663066666666509,19.0000000038708,0.120053626094896,0.0864648089416284,0.103259217518262,16.5070806485654,17.8052418072883,17.8052418072883,-0.0731379056823709,-0.0333201354748329,204.49304037714,-7.00000000142609,79.0361258364284
1033,Stim,1,3,-1,-0.0594666666665944,2,Left,0.656599999999798,0.662599999999657,0.716066666666393,7.00000000142609,0.0446224683486757,NaN,0.0446224683486757,8.86519403348792,NaN,8.86519403348792,-0.0398933894492496,-0.0199920524153742,206.617142457325,NaN,NaN
1033,Stim,1,3,-1,-0.0594666666665944,3,Merged,0.819599999999809,0.828599999999824,0.879066666666404,10.0000000020373,0.105290022454421,0.132148382869968,0.118719202662195,15.0949067280082,20.4529614085421,20.4529614085421,0.0731378575086976,0.0932963343691656,51.906014318058,1.00000000020373,6.21564391019115
1034,NonStim,0,1,0.3636,NaN,1,Merged,0.632433333333211,0.641433333333225,NaN,10.0000000020373,0.127898340955522,0.0941367382067142,0.111017539581118,17.3330903817076,13.5473664439714,17.3330903817076,0.0731379593618983,-0.0833002557113841,311.283262728869,2.00000000040745,6.33852660658221
1035,NonStim,0,3,1,NaN,1,Merged,0.43196666666654,0.449966666666114,NaN,19.0000000038708,0.120053582433665,0.0812837356717345,0.1006686590527,17.7304175713696,19.3963702826346,19.3963702826346,0.0565156973844899,-0.0166602853517931,343.574988874973,0,111.438857095824
1035,NonStim,0,3,1,NaN,2,Left,0.484966666666423,0.489966666666533,NaN,6.00000000122236,0.033320151403491,NaN,0.033320151403491,8.6665585498427,NaN,8.6665585498427,-4.16333634234434e-17,-0.033320151403491,270,NaN,NaN
1036,NonStim,0,2,-0.3636,NaN,1,Left,0.0667999999996027,0.0757999999996173,NaN,10.0000000020373,0.145519572630773,NaN,0.145519572630773,20.7456826180561,NaN,20.7456826180561,0.0398934264120674,-0.139944490951762,285.911053156368,NaN,NaN
1037,Stim,1,4,1,-0.0598666666669487,1,Left,0.00966666666636229,0.0166666666664241,0.069533333333311,8.00000000162981,0.0265956168587551,NaN,0.0265956168587551,7.84472688686058,NaN,7.84472688686058,0.0265956168587551,0,0,NaN,NaN
1037,Stim,1,4,1,-0.0598666666669487,2,Right,0.110666666666475,0.115666666666584,0.170533333333424,6.00000000122236,NaN,0.0426328422400868,0.0426328422400868,NaN,9.41367167366946,9.41367167366946,0.0265956085743121,-0.0333201566927604,308.596299685941,NaN,NaN
1037,Stim,1,4,1,-0.0598666666669487,3,Left,0.557666666666591,0.562666666666701,0.61753333333354,6.00000000122236,0.0466482165548924,NaN,0.0466482165548924,11.5935810046623,NaN,11.5935810046623,-2.77555756156289e-17,-0.0466482165548924,270,NaN,NaN
1037,Stim,1,4,1,-0.0598666666669487,4,Right,0.74466666666649,0.749666666666599,0.804533333333438,6.00000000122236,NaN,0.0358756756930628,0.0358756756930628,NaN,8.00357778057455,8.00357778057455,-0.0132978069363911,0.0333201506166507,111.75654874006,NaN,NaN
1037,Stim,1,4,1,-0.0598666666669487,5,Right,0.847666666666555,0.854666666666617,0.907533333333504,8.00000000162981,NaN,0.0614326462798943,0.0614326462798943,NaN,9.48692109381252,9.48692109381252,-0.0132978090484024,0.0599761477877901,102.501290432945,NaN,NaN
1037,Stim,1,4,1,-0.0598666666669487,6,Right,0.894666666666581,0.89966666666669,0.954533333333529,6.00000000122236,NaN,0.0421373732334786,0.0421373732334786,NaN,9.92962209007801,9.92962209007801,-0.0132978069363911,0.0399840787526729,108.395967096418,NaN,NaN
1038,Stim,1,2,-0.6363,-0.0498000000002321,1,Right,0.221333333333405,0.228333333333012,0.271133333333637,8.00000000162981,NaN,0.0536971356927059,0.0536971356927059,NaN,9.41367310419339,9.41367310419339,0.0265956206284573,-0.0466482083791869,299.688833679223,NaN,NaN
1038,Stim,1,2,-0.6363,-0.0498000000002321,2,Left,0.495333333333292,0.50133333333315,0.545133333333524,7.00000000142609,0.0421374765068424,NaN,0.0421374765068424,8.00358036871331,NaN,8.00358036871331,-0.0132978138002528,0.039984185304924,108.395930230084,NaN,NaN
1040,Stim,1,3,1,-0.0677000000000589,1,Left,0.629799999999705,0.635800000000017,0.697499999999764,7.00000000142609,0.0376546991790417,NaN,0.0376546991790417,8.93451325167854,NaN,8.93451325167854,0.0265956281243007,0.0266561237793125,45.0650897688068,NaN,NaN
1040,Stim,1,3,1,-0.0677000000000589,2,Merged,0.805799999999635,0.816800000000057,0.873499999999694,12.0000000024447,0.202580842792212,0.208522362412317,0.205551602602265,22.8578829478703,24.9430997721866,24.9430997721866,0.093084656240749,-0.183260553856148,296.927660571605,0,0.841415906611928
1040,Stim,1,3,1,-0.0677000000000589,3,Left,0.908799999999701,0.91379999999981,0.97649999999976,6.00000000122236,0.029748301646009,NaN,0.029748301646009,7.10191239755704,NaN,7.10191239755704,0.0265956136836829,0.0133279699733395,26.6170127077948,NaN,NaN
1041,NonStim,0,1,-0.6363,NaN,1,Merged,0.337833333333037,0.348833333333005,NaN,12.0000000024447,0.0968261500860343,0.162441955480904,0.129634052783469,13.8923341262617,18.0581363322447,18.0581363322447,-0.113031371190487,0.0333201490436058,163.575182284413,-2.00000000040745,51.0330230810543
1042,NonStim,0,3,-0,NaN,1,Left,0.315233333332799,0.321233333333112,NaN,7.00000000142609,0.054835597385382,NaN,0.054835597385382,11.0815058221488,NaN,11.0815058221488,-0.0531912161883493,-0.0133280629131169,194.066915902816,NaN,NaN
1045,Stim,1,4,-1,-0.0531000000000859,1,Merged,0.583499999999731,0.599499999999807,0.636599999999817,17.0000000034634,0.173392155846101,0.166733271650725,0.170062713748413,13.328061624061,14.4338902100388,14.4338902100388,-1.33050194299489e-09,-0.169932638664439,269.999999551398,1.00000000020373,4.48302441876439
1046,Stim,1,4,0.0909,-0.0546999999996842,1,Left,0.174266666666881,0.17926666666699,0.228966666666565,6.00000000122236,0.0399841870643635,NaN,0.0399841870643635,8.88537516001207,NaN,8.88537516001207,0,0.0399841870643635,90,NaN,NaN
1046,Stim,1,4,0.0909,-0.0546999999996842,2,Right,0.508266666667168,0.513266666666823,0.562966666666853,6.00000000122236,NaN,0.0480214352304677,0.0480214352304677,NaN,11.0976397655465,11.0976397655465,0.0265956157668181,-0.0399841401505369,303.630028701132,NaN,NaN
1046,Stim,1,4,0.0909,-0.0546999999996842,3,Merged,0.556266666666943,0.568266666667114,0.610966666666627,13.0000000026484,0.126412389182793,0.135908186787418,0.131160287985105,15.5494057874856,14.2109440688677,15.5494057874856,0.0332445285954609,-0.126616538975283,284.711558138712,-3.00000000061118,7.11100164870663
1046,Stim,1,4,0.0909,-0.0546999999996842,4,Merged,0.571266666666816,0.58026666666683,0.6259666666665,10.0000000020373,0.107627026053677,0.104261267208922,0.1059441466313,14.894467594254,15.4210612569851,15.4210612569851,-0.0432178866553518,0.0966284338640045,114.096985692374,0,4.75646159084204
1046,Stim,1,4,0.0909,-0.0546999999996842,5,Merged,0.844266666666954,0.853266666666968,0.898966666666638,10.0000000020373,0.140574829420652,0.137335311190297,0.138955070305474,18.9138768032431,18.614452709448,18.9138768032431,-0.0332445321739937,-0.133280360262083,255.994331447144,0,17.3591180479177
1047,Stim,1,2,0.3636,-0.0545999999999367,1,Left,0.270633333333535,0.275633333333644,0.325233333333472,6.00000000122236,0.0333201260806462,NaN,0.0333201260806462,6.66402846632774,NaN,6.66402846632774,0,-0.0333201260806462,270,NaN,NaN
1047,Stim,1,2,0.3636,-0.0545999999999367,2,Left,0.298633333333328,0.303633333333437,0.353233333333264,6.00000000122236,0.0446225133080139,NaN,0.0446225133080139,10.460956602668,NaN,10.460956602668,0.0398934329276326,0.0199920660056021,26.6171330461273,NaN,NaN
1047,Stim,1,2,0.3636,-0.0545999999999367,3,Left,0.371633333333648,0.37863333333371,0.426233333333585,8.00000000162981,0.0753093535391876,NaN,0.0753093535391876,12.5515597479679,NaN,12.5515597479679,-0.0531912352954921,-0.0533122051525722,225.065078266479,NaN,NaN
1050,NonStim,0,4,0.4545,NaN,1,Merged,0.422000000000025,0.434999999999945,NaN,14.0000000028522,0.184140837548603,0.188484768891214,0.186312803219909,19.3899838478044,21.8695147647135,21.8695147647135,0.109706905435579,-0.149940602947531,306.191781003976,-1.00000000020373,8.59007661553329
1051,Stim,1,3,0.3636,-0.0689666666667108,1,Left,0.0831999999995787,0.0891999999998916,0.15216666666629,7.00000000142609,0.0405332153054273,NaN,0.0405332153054273,7.44722791419326,NaN,7.44722791419326,-0.00664890682624671,0.0399841666289548,99.4412387950469,NaN,NaN
1051,Stim,1,3,0.3636,-0.0689666666667108,2,Left,0.0951999999997497,0.100199999999859,0.164166666666461,6.00000000122236,0.0533122107890179,NaN,0.0533122107890179,11.1067130503911,NaN,11.1067130503911,0,-0.0533122107890179,270,NaN,NaN
1051,Stim,1,3,0.3636,-0.0689666666667108,3,Merged,0.709199999999782,0.718199999999797,0.778166666666493,10.0000000020373,0.129110385604456,0.189168729915091,0.159139557759773,17.8689230152261,25.2912533961495,25.2912533961495,0.136302071685875,0.0733036310198399,28.2714867323375,2.00000000040745,27.4381363914355
1052,NonStim,0,2,0.0909,NaN,1,Merged,0.176066666666884,0.18406666666715,NaN,9.00000000183354,0.101467750720864,0.0842749363385033,0.0928713435296835,17.8990429362481,15.0949157745441,17.8990429362481,0.0332445340829156,-0.0866323753647749,290.993936244674,-1.00000000020373,4.75556749422856
1052,NonStim,0,2,0.0909,NaN,2,Merged,0.632066666667015,0.643066666666982,NaN,12.0000000024447,0.146056772301368,0.148741649828243,0.147399211064805,14.8741762083329,17.3260087731806,17.3260087731806,0.129653584947776,-0.0699723055722981,331.644856977649,2.00000000040745,3.50787874031403
1054,NonStim,0,3,-1,NaN,1,Left,0.347133333333204,0.352133333332858,NaN,6.00000000122236,0.0297889285296255,NaN,0.0297889285296255,7.84472848099457,NaN,7.84472848099457,0.0132978140651185,0.0266561138208981,63.4869766216513,NaN,NaN
1054,NonStim,0,3,-1,NaN,2,Left,0.494133333333139,0.500133333332997,NaN,7.00000000142609,0.053697140675193,NaN,0.053697140675193,10.471382052485,NaN,10.471382052485,0.0265956190188931,-0.0466482150322321,299.688828671224,NaN,NaN
1055,NonStim,0,4,-0.4545,NaN,1,Left,0.380333333333056,0.385333333333165,NaN,6.00000000122236,0.0694296628301113,NaN,0.0694296628301113,15.8678940462154,NaN,15.8678940462154,0.0664890563671554,0.0199920850365381,16.7351046397934,NaN,NaN
1056,NonStim,0,3,0.4545,NaN,1,Left,0.396400000000085,0.403400000000147,NaN,8.00000000162981,0.0867480160450629,NaN,0.0867480160450629,14.458000576192,NaN,14.458000576192,0.0731379685695715,0.0466482136986066,32.530185844198,NaN,NaN
1057,NonStim,0,4,-0.1818,NaN,1,Left,0.876400000000103,0.881399999999758,NaN,6.00000000122236,0.0399841867440019,NaN,0.0399841867440019,8.88537512067361,NaN,8.88537512067361,0,-0.0399841867440019,270,NaN,NaN
1058,NonStim,0,1,-0.1818,NaN,1,Merged,0.797900000000027,0.815900000000056,NaN,19.0000000038708,0.176053203388184,0.158094150625001,0.167073677006593,18.0581407849106,17.3331001087792,18.0581407849106,0.159573570478451,0.0133280372122105,4.77442436347496,-1.00000000020373,33.2043956575551
1059,NonStim,0,3,0.6363,NaN,1,Right,0.178733333333184,0.183733333333294,NaN,6.00000000122236,NaN,0.0421374672136769,0.0421374672136769,NaN,9.54703330299833,9.54703330299833,-0.0132977885463689,0.0399841839101383,108.395898244768,NaN,NaN
1059,NonStim,0,3,0.6363,NaN,2,Right,0.313733333333403,0.318733333333512,NaN,6.00000000122236,NaN,0.0388343078172172,0.0388343078172172,NaN,8.00357776825427,8.00357776825427,0.0199466971240385,-0.0333201551239524,300.906324419123,NaN,NaN
1059,NonStim,0,3,0.6363,NaN,3,Merged,0.435733333333246,0.44973333333337,NaN,15.0000000030559,0.205720985992316,0.162568283811921,0.184144634902118,27.0947262837281,23.0941336805143,27.0947262837281,0.0964091270059929,-0.156604597224823,301.617337657346,4.00000000081491,5.93152271528385
1059,NonStim,0,3,0.6363,NaN,4,Merged,0.609733333333224,0.622733333333144,NaN,14.0000000028522,0.168709848693417,0.162132569565595,0.165421209129506,15.900774707634,16.9884720505598,16.9884720505598,-0.0265956129011149,0.163268376310696,99.2519381220987,0,0.37124918038532
1061,NonStim,0,2,0.4545,NaN,1,Left,0.493966666666893,0.502966666666907,NaN,10.0000000020373,0.0759696874424267,NaN,0.0759696874424267,11.1067110598969,NaN,11.1067110598969,0.0199466997248965,0.073304314881082,74.7779050696748,NaN,NaN
1062,NonStim,0,4,0.1818,NaN,1,Right,0.242400000000089,0.247399999999743,NaN,6.00000000122236,NaN,0.0426328446028654,0.0426328446028654,NaN,9.41367469104054,9.41367469104054,-0.0265956215823547,0.0333201493331025,128.596319519393,NaN,NaN
1062,NonStim,0,4,0.1818,NaN,2,Merged,0.411399999999958,0.423400000000129,NaN,13.0000000026484,0.168549494030184,0.23393903273706,0.201244263383622,20.2665746912482,27.2258498929596,27.2258498929596,-0.0664889880048845,-0.189924451323248,250.70580699598,-2.00000000040745,1.54537820232605
1062,NonStim,0,4,0.1818,NaN,3,Right,0.489399999999932,0.496399999999994,NaN,8.00000000162981,NaN,0.0658954194506874,0.0658954194506874,NaN,12.3950866490205,12.3950866490205,-0.0465419928822503,0.0466481425474862,134.934736384314,NaN,NaN
1062,NonStim,0,4,0.1818,NaN,4,Left,0.6253999999999,0.630400000000009,NaN,6.00000000122236,0.0758741905788655,NaN,0.0758741905788655,17.3531917155331,NaN,17.3531917155331,0.0598401414823296,-0.0466481539117335,322.061938917235,NaN,NaN
1062,NonStim,0,4,0.1818,NaN,5,Left,0.637400000000071,0.644400000000132,NaN,8.00000000162981,0.0924228911080307,NaN,0.0924228911080307,16.8848052988559,NaN,16.8848052988559,-0.079786844387995,0.0466481539117335,149.686893724044,NaN,NaN
1063,Stim,1,4,-0.6363,-0.0540000000000873,1,Left,0.110866666666425,0.116866666666738,0.164866666666512,7.00000000142609,0.0519993445772295,NaN,0.0519993445772295,9.41367029431184,NaN,9.41367029431184,-0.0332444970183019,0.039984187555352,129.741527840089,NaN,NaN
1063,Stim,1,4,-0.6363,-0.0540000000000873,2,Left,0.21386666666649,0.219866666666348,0.267866666666578,7.00000000142609,0.039984187555352,NaN,0.039984187555352,7.44723308616279,NaN,7.44723308616279,0,0.039984187555352,90,NaN,NaN
1064,NonStim,0,4,1,NaN,1,Merged,0.343766666666852,0.350766666666914,NaN,8.00000000162981,0.0507338883535572,0.0595778658506984,0.0551558771021278,8.66656148782074,11.097649116405,11.097649116405,-0.0232711687500007,0.049980227985495,114.967039805387,-1.00000000020373,3.36151175495272
1065,Stim,1,1,0.4545,-0.0570666666667421,1,Left,0.232199999999921,0.23720000000003,0.289266666666663,6.00000000122236,0.0421374753451294,NaN,0.0421374753451294,10.4713828442821,NaN,10.4713828442821,-0.0132978142621064,0.0399841839270468,108.395931417247,NaN,NaN
1070,NonStim,0,1,-1,NaN,1,Right,0.511166666666668,0.516166666666777,NaN,6.00000000122236,NaN,0.0421374657491968,0.0421374657491968,NaN,9.48692968454375,9.48692968454375,-0.0132978029435935,0.0399841775786134,108.395919537693,NaN,NaN
1070,NonStim,0,1,-1,NaN,2,Left,0.905166666666901,0.911166666666759,NaN,7.00000000142609,0.033320156054437,NaN,0.033320156054437,8.66300405390023,NaN,8.66300405390023,0,-0.033320156054437,270,NaN,NaN
1071,NonStim,0,3,-0.6363,NaN,1,Merged,0.502100000000155,0.517100000000482,NaN,16.0000000032596,0.308957929434094,0.268319600190426,0.28863876481226,25.8895336379713,24.3330646409884,25.8895336379713,0.189493245770097,-0.216580670305398,311.183701471924,0,8.8856862972475
1071,NonStim,0,3,-0.6363,NaN,2,Merged,0.70910000000049,0.720100000000457,NaN,12.0000000024447,0.153272292068908,0.140102320709423,0.146687306389166,16.6600540882319,16.9112677737601,16.9112677737601,-0.00332442745651622,0.146608378020635,91.2989914278013,0,2.72011529462327
1073,NonStim,0,1,0.0909,NaN,1,Left,0.829933333333429,0.836933333333491,NaN,8.00000000162981,0.0332445227022105,NaN,0.0332445227022105,7.84472413550456,NaN,7.84472413550456,0.0332445227022105,0,0,NaN,NaN
1074,NonStim,0,3,-0.3636,NaN,1,Left,0.0299999999997453,0.0349999999998545,NaN,6.00000000122236,0.0405332359020345,NaN,0.0405332359020345,8.95421069572408,NaN,8.95421069572408,-0.00664890713431417,0.0399841874571591,99.4412343951148,NaN,NaN
1074,NonStim,0,3,-0.3636,NaN,2,Merged,0.642999999999574,0.648999999999887,NaN,7.00000000142609,0.0485064935657015,0.0599761487329307,0.0542413211493161,9.48691563671419,11.1067002300817,11.1067002300817,0.00664886370169067,-0.0533121518613246,277.108978644166,-1.00000000020373,15.9109634943061
1075,NonStim,0,2,0.3636,NaN,1,Right,0.120133333333342,0.1261333333332,NaN,7.00000000142609,NaN,0.0519993663053487,0.0519993663053487,NaN,9.41367500329859,9.41367500329859,-0.0332445348367992,0.039984184368856,129.741562126771,NaN,NaN
1075,NonStim,0,2,0.3636,NaN,2,Right,0.32013333333316,0.326133333333019,NaN,7.00000000142609,NaN,0.0446834045875509,0.0446834045875509,NaN,8.66656144688225,8.66656144688225,-0.019946720829375,0.0399841840443161,116.513015450115,NaN,NaN
1075,NonStim,0,2,0.3636,NaN,3,Left,0.382133333333059,0.388133333333371,NaN,7.00000000142609,0.0446833934604482,NaN,0.0446833934604482,9.41367123560983,NaN,9.41367123560983,0.0199467198895963,-0.0399841720783013,296.513021221184,NaN,NaN
1075,NonStim,0,2,0.3636,NaN,4,Right,0.517133333333277,0.523133333333135,NaN,7.00000000142609,NaN,0.0405332324964016,0.0405332324964016,NaN,8.66655949212401,8.66655949212401,-0.00664890689644606,0.0399841840443161,99.4412348547773,NaN,NaN
1075,NonStim,0,2,0.3636,NaN,5,Right,0.597133333333204,0.60913333333292,NaN,13.0000000026484,NaN,0.132752460798732,0.132752460798732,NaN,14.1204946917498,14.1204946917498,0.0398934405896711,-0.126616465145877,287.488236836345,NaN,NaN
1075,NonStim,0,2,0.3636,NaN,6,Right,0.767133333333277,0.773133333333135,NaN,7.00000000142609,NaN,0.0405330736411271,0.0405330736411271,NaN,8.00356221577647,8.00356221577647,-0.00664890650283873,0.0399840230731419,99.4412716309624,NaN,NaN
1076,NonStim,0,1,-0.3636,NaN,1,Merged,0.714933333333192,0.729933333333065,NaN,16.0000000032596,0.330696543560256,0.364355614946838,0.347526079253547,32.6585460748268,33.4018689793498,33.4018689793498,0.169546517219118,0.303208507203188,60.7871850167892,-3.00000000061118,3.18323192654759
1076,NonStim,0,1,-0.3636,NaN,2,Merged,0.943933333333007,0.959933333333083,NaN,17.0000000034634,0.32287806648846,0.36031611543821,0.341597090963335,25.8893912563921,31.4138109327193,31.4138109327193,-0.119680074386703,-0.319868774307802,249.486479608698,-6.00000000122236,2.35717082994398
1079,NonStim,0,4,0.3636,NaN,1,Merged,0.0742333333328133,0.0932333333330462,NaN,20.0000000040745,0.320224158371634,0.30679415693483,0.313509157653232,26.3917354827064,29.3109667012126,29.3109667012126,0.226062337105541,-0.216580563557242,316.227134866337,1.00000000020373,6.0839837037388
1079,NonStim,0,4,0.3636,NaN,2,Merged,0.329233333332922,0.343233333333046,NaN,15.0000000030559,0.275665372388245,0.292472890559753,0.284069131473999,28.2409741033861,32.1747127617809,32.1747127617809,-0.179520034031319,0.219912748659364,129.225583865063,0,4.16006892637677
1079,NonStim,0,4,0.3636,NaN,3,Left,0.53423333333285,0.539233333332959,NaN,6.00000000122236,0.0297888890830035,NaN,0.0297888890830035,7.84472051079705,NaN,7.84472051079705,-0.0132978050686482,-0.026656074226257,243.486958109446,NaN,NaN
1079,NonStim,0,4,0.3636,NaN,4,Left,0.842233333332842,0.847233333332952,NaN,6.00000000122236,0.0399838775112872,NaN,0.0399838775112872,8.88530912994049,NaN,8.88530912994049,0,-0.0399838775112872,270,NaN,NaN
1084,Stim,1,1,0.3636,-0.0522333333333336,1,Left,0.0682999999999083,0.0733000000000175,0.120533333333242,6.00000000122236,0.0480214672462727,NaN,0.0480214672462727,11.0976473454283,NaN,11.0976473454283,-0.0265956277206505,0.0399841706507639,123.630020422315,NaN,NaN
1084,Stim,1,1,0.3636,-0.0522333333333336,2,Right,0.340299999999843,0.345299999999952,0.392533333333176,6.00000000122236,NaN,0.0480214757198205,0.0480214757198205,NaN,10.2300509055099,10.2300509055099,-0.0265956194588451,0.0399841863229654,123.630001858744,NaN,NaN
1085,NonStim,0,1,-0,NaN,1,Left,0.361266666666779,0.366266666666434,NaN,6.00000000122236,0.0421374268492635,NaN,0.0421374268492635,9.48692193746514,NaN,9.48692193746514,-0.0132978120556944,0.0399841335533041,108.395950186185,NaN,NaN
1085,NonStim,0,1,-0,NaN,2,Left,0.600266666666357,0.607266666666419,NaN,8.00000000162981,0.0736052007418812,NaN,0.0736052007418812,11.161860018747,NaN,11.161860018747,0.00664890490540418,-0.0733042811833764,275.18270702,NaN,NaN
1085,NonStim,0,1,-0,NaN,3,Left,0.910266666666757,0.915266666666412,NaN,6.00000000122236,0.0480214811597733,NaN,0.0480214811597733,10.4713831572821,NaN,10.4713831572821,-0.0265956273777204,0.0399841875891447,123.630008888964,NaN,NaN
1086,Stim,1,1,0.1818,-0.0571333333336952,1,Right,0.67183333333287,0.681833333333088,0.728966666666565,11.000000002241,NaN,0.155562858832577,0.155562858832577,NaN,20.266596352529,20.266596352529,0.0265955836845584,-0.153272561068972,279.843848507152,NaN,NaN
1088,NonStim,0,2,-1,NaN,1,Left,0.958666666666431,0.965666666666493,NaN,8.00000000162981,0.0779796683831181,NaN,0.0779796683831181,12.4120236830983,NaN,12.4120236830983,-0.0265955798866384,0.0733041868629241,109.941338551775,NaN,NaN
1089,NonStim,0,1,0.4545,NaN,1,Left,0.117799999999534,0.122799999999643,NaN,6.00000000122236,0.048021459575263,NaN,0.048021459575263,11.0976463486817,NaN,11.0976463486817,-0.0265956138879627,0.0399841706386543,123.630006688425,NaN,NaN
1089,NonStim,0,1,0.4545,NaN,2,Right,0.491799999999785,0.496799999999894,NaN,6.00000000122236,NaN,0.0480214780891249,0.0480214780891249,NaN,9.92964591443682,9.92964591443682,-0.0265956263816751,0.0399841845637829,123.630009898578,NaN,NaN
1090,Stim,1,1,-0.3636,-0.0556000000001404,1,Left,0.361499999999523,0.366499999999633,0.417099999999664,6.00000000122236,0.0405332199217677,NaN,0.0405332199217677,9.92964234243125,NaN,9.92964234243125,-0.00664890621176806,0.0399841714108658,99.4412368294182,NaN,NaN
1090,Stim,1,1,-0.3636,-0.0556000000001404,2,Merged,0.370499999999538,0.383499999999458,0.426099999999678,14.0000000028522,0.119155728977745,0.140044970474075,0.12960034972591,12.94477110505,16.5070888922326,16.5070888922326,0.0565157059747569,-0.116620508593897,295.855388354549,3.00000000061118,1.21716342609568
1090,Stim,1,1,-0.3636,-0.0556000000001404,3,Right,0.661499999999705,0.667499999999563,0.717099999999846,7.00000000142609,NaN,0.0421374447223609,0.0421374447223609,NaN,8.00357485893017,8.00357485893017,-0.013297809913795,0.03998415310128,108.395939034405,NaN,NaN
1091,Stim,1,3,-0.1818,-0.0537666666668883,1,Merged,0.570499999999811,0.578500000000076,0.624266666666699,9.00000000183354,0.103234370795614,0.118993305750653,0.111113838273134,14.87417669849,17.8784036953803,17.8784036953803,0.103058004956418,0.0399841335870114,21.2051067777657,0,11.6532708635023
1091,Stim,1,3,-0.1818,-0.0537666666668883,2,Left,0.665500000000065,0.67049999999972,0.719266666666954,6.00000000122236,0.0446834007115388,NaN,0.0446834007115388,10.2300497845446,NaN,10.2300497845446,-0.019946711048992,0.0399841845918604,116.513003914596,NaN,NaN
1091,Stim,1,3,-0.1818,-0.0537666666668883,3,Right,0.842499999999745,0.847499999999854,0.896266666666634,6.00000000122236,NaN,0.048021423095961,0.048021423095961,NaN,11.0976371312545,11.0976371312545,-0.026595619152376,0.0399841233249282,123.63004318264,NaN,NaN
1091,Stim,1,3,-0.1818,-0.0537666666668883,4,Left,0.928499999999985,0.934499999999844,0.982266666666874,7.00000000142609,0.0613802801355044,NaN,0.0613802801355044,11.0976456274979,NaN,11.0976456274979,0.0398934174386339,-0.046648194333542,310.536977772363,NaN,NaN
1092,NonStim,0,2,0.6363,NaN,1,Merged,0.24883333333355,0.258833333333314,NaN,11.000000002241,0.223501828159324,0.118546938784587,0.171024383471956,31.1185381827192,20.2231024334942,31.1185381827192,-0.0565156790441096,-0.156604526874568,250.156423803937,0,27.8120528263163
1092,NonStim,0,2,0.6363,NaN,2,Right,0.457833333333383,0.462833333333492,NaN,6.00000000122236,NaN,0.0743705264932276,0.0743705264932276,NaN,14.8741128336609,14.8741128336609,-0.0664886768978562,0.0333201298804843,153.382722801785,NaN,NaN
1095,Stim,1,3,-0.0909,-0.0544333333336908,1,Left,0.618533333333289,0.623533333332944,0.67296666666698,6.00000000122236,0.0399841200050657,NaN,0.0399841200050657,8.95419651561998,NaN,8.95419651561998,0,0.0399841200050657,90,NaN,NaN
1095,Stim,1,3,-0.0909,-0.0544333333336908,2,Merged,0.827533333333122,0.840533333333042,0.881966666666813,14.0000000028522,0.119952523771278,0.189531077904102,0.15474180083769,11.9585579746919,19.99209173844,19.99209173844,0.0166221982980249,-0.153272617101766,276.189456865894,1.00000000020373,10.1021346883981
1096,Stim,1,2,-0,-0.0513333333333321,1,Left,0.140700000000379,0.145700000000033,0.192033333333711,6.00000000122236,0.0421374323432847,NaN,0.0421374323432847,9.92963335369325,NaN,9.92963335369325,0.0132977647996688,-0.039984155059443,288.395879985586,NaN,NaN
1096,Stim,1,2,-0,-0.0513333333333321,2,Merged,0.212700000000041,0.220700000000306,0.264033333333373,9.00000000183354,0.118993384544306,0.128450089598618,0.123721737071462,16.8848145435093,16.8848180213602,16.8848180213602,0.113031379224005,-0.049980221900178,336.145941395777,0,5.32264329481364
1097,Stim,1,1,0.3636,-0.0501000000003842,1,Left,0.324266666666517,0.329266666666172,0.374366666666901,6.00000000122236,0.0519993528249707,NaN,0.0519993528249707,11.0976481510218,NaN,11.0976481510218,0.0332445114433166,0.0399841862879686,50.2584590454171,NaN,NaN
1097,Stim,1,1,0.3636,-0.0501000000003842,2,Left,0.75726666666651,0.762266666666164,0.807366666666894,6.00000000122236,0.0470683147908014,NaN,0.0470683147908014,9.41366428816111,NaN,9.41366428816111,-0.0332445045175942,0.0333201016899054,134.934929427197,NaN,NaN
1097,Stim,1,1,0.3636,-0.0501000000003842,3,Left,0.771266666666179,0.776266666666288,0.821366666666563,6.00000000122236,0.0719691975540422,NaN,0.0719691975540422,15.993155133101,NaN,15.993155133101,0.0598401369349879,0.0399840394179308,33.7500914992995,NaN,NaN
1098,Stim,1,1,-0.0909,-0.0510333333331801,1,Left,0.278333333333649,0.284333333333507,0.329366666666829,7.00000000142609,0.0421374733178606,NaN,0.0421374733178606,9.41367312896936,NaN,9.41367312896936,-0.0132978133253454,-0.0399841821021473,251.604069008331,NaN,NaN
1099,NonStim,0,3,0.6363,NaN,1,Left,0.449300000000221,0.45430000000033,NaN,6.00000000122236,0.0485065536948601,NaN,0.0485065536948601,11.5935793208531,NaN,11.5935793208531,0.0132978130473581,-0.0466481931001605,285.911048440229,NaN,NaN
1100,Stim,1,2,0.0909,-0.0512666666668338,1,Right,0.0634000000000015,0.0713999999998123,0.114666666666835,9.00000000183354,NaN,0.0989448687999173,0.0989448687999173,NaN,16.6358872449707,16.6358872449707,0.0731379644955934,-0.0666402671908972,317.661521830873,NaN,NaN
1101,Stim,1,1,-0,-0.0563666666666904,1,Merged,0.431900000000041,0.44190000000026,0.488266666666732,11.000000002241,0.132148453839297,0.113376904852038,0.122762679345667,14.2109440976491,14.471910685519,14.471910685519,0.0797868631398482,-0.0932963437523368,310.537001421943,1.00000000020373,0.677783208676317
1103,Stim,1,2,0.6363,-0.0572000000001935,1,Right,0.78763333333336,0.799633333333077,0.844833333333554,13.0000000026484,NaN,0.145519668022135,0.145519668022135,NaN,17.8990479335242,17.8990479335242,0.0398934175889628,-0.139944592658469,285.911038837336,NaN,NaN
1105,Stim,1,3,-0.1818,-0.0672000000004118,1,Left,0.143733333332875,0.148733333332984,0.210933333333287,6.00000000122236,0.0426328228660196,NaN,0.0426328228660196,9.413668362625,NaN,9.413668362625,0.0265956201069533,-0.033320122698634,308.596340299664,NaN,NaN
1105,Stim,1,3,-0.1818,-0.0672000000004118,2,Right,0.275733333332937,0.28173333333325,0.342933333333349,7.00000000142609,NaN,0.0519992881508882,0.0519992881508882,NaN,9.41366136249017,9.41366136249017,-0.0332445123287599,0.0399841014432241,129.74160147326,NaN,NaN
1105,Stim,1,3,-0.1818,-0.0672000000004118,3,Right,0.927733333332981,0.933733333332839,0.994933333333393,7.00000000142609,NaN,0.0446831528221605,0.0446831528221605,NaN,9.41364801728753,9.41364801728753,-0.0199467045078806,0.0399839108317814,116.513153111033,NaN,NaN
1106,NonStim,0,4,-0,NaN,1,Right,0.324800000000323,0.329799999999977,NaN,6.00000000122236,NaN,0.0569215012447844,0.0569215012447844,NaN,12.6615968585185,12.6615968585185,-0.0199467116854547,0.0533121561831571,110.513306419336,NaN,NaN
1106,NonStim,0,4,-0,NaN,2,Merged,0.622800000000097,0.631800000000112,NaN,10.0000000020373,0.0905059495229351,0.117775491289318,0.104140720406127,11.0905768406994,16.4943522938334,16.4943522938334,0.0764623901526597,0.0699720655724201,42.4621752617916,1.00000000020373,11.2661921049439
1106,NonStim,0,4,-0,NaN,3,Right,0.882800000000316,0.88779999999997,NaN,6.00000000122236,NaN,0.0421371900727895,0.0421371900727895,NaN,9.15755088003678,9.15755088003678,0.0132978120430982,-0.0399838840296541,288.396057243175,NaN,NaN
1107,NonStim,0,4,0.1818,NaN,1,Right,0.0819000000001324,0.0868999999997868,NaN,6.00000000122236,NaN,0.0421374572890833,0.0421374572890833,NaN,10.230048487527,10.230048487527,0.0132978064544631,0.0399841674952594,71.6040716055659,NaN,NaN
1107,NonStim,0,4,0.1818,NaN,2,Merged,0.265899999999874,0.275900000000092,NaN,11.000000002241,0.177797921618944,0.141173292313691,0.159485606966317,24.6598788659217,17.5572810300895,24.6598788659217,-0.0432178938913184,-0.153272570823668,254.25326949148,1.00000000020373,6.28335917593836
1107,NonStim,0,4,0.1818,NaN,3,Right,0.415899999999965,0.420900000000074,NaN,6.00000000122236,NaN,0.0421374708661861,0.0421374708661861,NaN,9.1576127088639,9.1576127088639,0.0132977910081858,-0.0399841869406056,288.395900120734,NaN,NaN
1107,NonStim,0,4,0.1818,NaN,4,Left,0.912899999999809,0.917899999999918,NaN,6.00000000122236,0.0399840346169989,NaN,0.0399840346169989,8.95417843227437,NaN,8.95417843227437,0,-0.0399840346169989,270,NaN,NaN
1108,NonStim,0,4,1,NaN,1,Right,0.474999999999909,0.485000000000127,NaN,11.000000002241,NaN,0.141358976863628,0.141358976863628,NaN,17.9378370302748,17.9378370302748,0.0199467192562979,-0.139944591645559,278.1118996575,NaN,NaN
1108,NonStim,0,4,1,NaN,2,Merged,0.940999999999804,0.956000000000131,NaN,16.0000000032596,0.238087940937098,0.23009942122063,0.234093681078864,25.6364131501405,21.8930454369469,25.6364131501405,0.079786868300929,-0.219911897172547,289.941423585251,-2.00000000040745,4.17430147653749
1109,NonStim,0,1,-0.3636,NaN,1,Right,0.380766666666659,0.391766666666626,NaN,12.0000000024447,NaN,0.158350518805258,0.158350518805258,NaN,18.8719276847004,18.8719276847004,0.0598401420046735,0.146608472506725,67.7965385043554,NaN,NaN
1109,NonStim,0,1,-0.3636,NaN,2,Left,0.396766666666736,0.402766666666594,NaN,7.00000000142609,0.0779797808277693,NaN,0.0779797808277693,14.4338836220124,NaN,14.4338836220124,-0.0265955708315252,-0.0733043097647899,250.058698500902,NaN,NaN
1111,Stim,1,3,0.0909,-0.053166666667039,1,Left,0.0806333333330258,0.0856333333331349,0.133800000000065,6.00000000122236,0.0405332303243195,NaN,0.0405332303243195,8.95420992916156,NaN,8.95420992916156,0.00664890410295973,0.039984182306932,80.5587686376167,NaN,NaN
1111,Stim,1,3,0.0909,-0.053166666667039,2,Left,0.511633333333066,0.516633333333175,0.564800000000105,6.00000000122236,0.0339770614771985,NaN,0.0339770614771985,8.66300545894121,NaN,8.66300545894121,-0.00664890016080336,0.0333201565614119,101.284912195513,NaN,NaN
1111,Stim,1,3,0.0909,-0.053166666667039,3,Merged,0.598633333333055,0.617633333333288,0.651800000000094,20.0000000040745,0.181138782261568,0.216740207846549,0.198939495054058,15.68944908351,18.0616859269626,18.0616859269626,0.126329173091494,-0.153272461983739,309.495794410295,-5.00000000101863,6.48012823285467
1112,NonStim,0,1,0.3636,NaN,1,Merged,0.224966666666205,0.236966666666376,NaN,13.0000000026484,0.19808476767582,0.130908134475604,0.164496451075712,22.8939982110009,15.5493934104777,22.8939982110009,-0.0498667991703196,-0.156604529793386,252.337223710883,4.00000000081491,4.901092133215
1116,NonStim,0,2,-0.4545,NaN,1,Right,0.577699999999822,0.586699999999837,NaN,10.0000000020373,NaN,0.134472493855953,0.134472493855953,NaN,16.1376839595441,16.1376839595441,0.132978073277785,0.0199920892146708,8.54988636368228,NaN,NaN
1117,NonStim,0,3,-0.4545,NaN,1,Left,0.344566666666651,0.351566666666713,NaN,8.00000000162981,0.0537252533184094,NaN,0.0537252533184094,11.0976505601695,NaN,11.0976505601695,-0.00664890711135238,0.053312239479803,97.1090130188626,NaN,NaN
1117,NonStim,0,3,-0.4545,NaN,2,Left,0.356566666666822,0.363566666666429,NaN,8.00000000162981,0.0866033363986144,NaN,0.0866033363986144,14.8944680917138,NaN,14.8944680917138,0.033244525009235,-0.0799683651970073,292.573679653299,NaN,NaN
1119,Stim,1,2,-1,-0.0484999999998763,1,Merged,0.48050000000012,0.496499999999742,0.528999999999996,17.0000000034634,0.227622302352704,0.242064936271939,0.234843619312322,21.8689418799716,20.2230712749193,21.8689418799716,0.206115633096068,-0.103292392446001,333.382806869809,1.00000000020373,21.9582732568089
1119,Stim,1,2,-1,-0.0484999999998763,2,Left,0.598500000000058,0.603499999999713,0.646999999999935,6.00000000122236,0.0537251718726077,NaN,0.0537251718726077,12.4167689535924,NaN,12.4167689535924,0.00664887194600841,-0.0533121617887216,277.108986058579,NaN,NaN
1120,Stim,1,1,0.0909,-0.0548333333331357,1,Right,0.0756000000001222,0.0855999999998858,0.130433333333258,11.000000002241,NaN,0.0679541052596855,0.0679541052596855,NaN,9.41366747776911,9.41366747776911,-0.0132977925056593,0.0666402966389019,101.284908452642,NaN,NaN
1120,Stim,1,1,0.0909,-0.0548333333331357,2,Right,0.225600000000213,0.230600000000322,0.280433333333349,6.00000000122236,NaN,0.0426328449501803,0.0426328449501803,NaN,9.41367273374035,9.41367273374035,-0.0265956151782686,0.0333201548891292,128.596308134658,NaN,NaN
1120,Stim,1,1,0.0909,-0.0548333333331357,3,Left,0.54760000000033,0.556599999999889,0.602433333333465,10.0000000020373,0.106624473597364,NaN,0.106624473597364,13.3280622749157,NaN,13.3280622749157,0,-0.106624473597364,270,NaN,NaN
1120,Stim,1,1,0.0909,-0.0548333333331357,4,Left,0.571600000000217,0.576600000000326,0.626433333333352,6.00000000122236,0.0399841719970928,NaN,0.0399841719970928,8.88537233868576,NaN,8.88537233868576,0,0.0399841719970928,90,NaN,NaN
1120,Stim,1,1,0.0909,-0.0548333333331357,5,Right,0.6246000000001,0.62960000000021,0.679433333333236,6.00000000122236,NaN,0.0426326906665311,0.0426326906665311,NaN,9.41364772818594,9.41364772818594,-0.0265956151782686,0.0333199574843303,128.596473636686,NaN,NaN
1121,Stim,1,2,-0.3636,-0.0629666666668527,1,Left,0.321033333333162,0.32703333333302,0.384000000000015,7.00000000142609,0.0446225314853287,NaN,0.0446225314853287,8.66301065724548,NaN,8.66301065724548,-0.0398934404611495,0.0199920915447051,153.382841970553,NaN,NaN
1121,Stim,1,2,-0.3636,-0.0629666666668527,2,Merged,0.711033333333035,0.718033333333096,0.773999999999887,8.00000000162981,0.0743708768832195,0.070769949932918,0.0725704134080688,11.5716089338149,11.5716104319496,11.5716104319496,0.0565157034174634,0.0433161979505929,37.468192295216,1.00000000020373,22.2614218003433
1122,Stim,1,2,-0.6363,-0.0692333333336137,1,Merged,0.255433333333258,0.270433333333131,0.324666666666872,16.0000000032596,0.167072724241478,0.194225358907099,0.180649041574289,12.9447726961522,18.9738632803011,18.9738632803011,-0.069813512097724,0.166600654253415,112.735976974519,1.00000000020373,1.33010040736988
1122,Stim,1,2,-0.6363,-0.0692333333336137,2,Right,0.78843333333316,0.793433333333269,0.857666666666773,6.00000000122236,NaN,0.0405327927226028,0.0405327927226028,NaN,9.54697649924042,9.54697649924042,-0.00664890482481528,0.0399837385761266,99.4413352592766,NaN,NaN
1123,NonStim,0,3,-0,NaN,1,Left,0.409433333333254,0.414433333333363,NaN,6.00000000122236,0.0426328361148731,NaN,0.0426328361148731,9.4136731380266,NaN,9.4136731380266,0.0265956257028369,-0.0333201351838828,308.596335709925,NaN,NaN
1123,NonStim,0,3,-0,NaN,2,Left,0.646433333333334,0.651433333333443,NaN,6.00000000122236,0.0339770623502497,NaN,0.0339770623502497,7.02291311927442,NaN,7.02291311927442,0.0066489056310631,0.0333201563601069,78.7150786918624,NaN,NaN
1123,NonStim,0,3,-0,NaN,3,Merged,0.738433333333433,0.747433333333447,NaN,10.0000000020373,0.0684914407046079,0.1129639838882,0.0907277122964039,9.13927258190846,16.4908110191233,16.4908110191233,-0.0698135135502464,-0.0566441916992235,219.054641074312,1.00000000020373,15.9551387934587
1123,NonStim,0,3,-0,NaN,4,Left,0.753433333333305,0.758433333333414,NaN,6.00000000122236,0.0569215848658826,NaN,0.0569215848658826,10.9347564837537,NaN,10.9347564837537,-0.0199467085885828,0.0533122466242611,110.513271598608,NaN,NaN
1124,NonStim,0,2,-1,NaN,1,Right,0.221233333332748,0.227233333333061,NaN,7.00000000142609,NaN,0.065895690465592,0.065895690465592,NaN,11.7949866710025,11.7949866710025,-0.0465423119804927,0.0466482070121414,134.934893207603,NaN,NaN
1124,NonStim,0,2,-1,NaN,2,Left,0.576233333332766,0.581233333332875,NaN,6.00000000122236,0.0358756796323976,NaN,0.0358756796323976,8.00357936001027,NaN,8.00357936001027,-0.0132978140398018,-0.0333201520232018,248.243441556084,NaN,NaN
1125,NonStim,0,4,0.6363,NaN,1,Left,0.0109000000002197,0.0158999999998741,NaN,6.00000000122236,0.0388343121317084,NaN,0.0388343121317084,9.41367251753199,NaN,9.41367251753199,-0.019946721270519,0.0333201456974483,120.90636212962,NaN,NaN
1125,NonStim,0,4,0.6363,NaN,2,Left,0.615900000000238,0.620899999999892,NaN,6.00000000122236,0.0480214695114071,NaN,0.0480214695114071,11.0976477875356,NaN,11.0976477875356,0.0265956231878066,-0.0399841763862556,303.630012129282,NaN,NaN
1126,NonStim,0,2,-0.1818,NaN,1,Left,0.0246333333329858,0.0296333333330949,NaN,6.00000000122236,0.0471196795252267,NaN,0.0471196795252267,11.1067188701698,NaN,11.1067188701698,0.00664890693136239,-0.0466482179207111,278.111896721893,NaN,NaN
1127,Stim,1,4,1,-0.0549000000000888,1,Right,0.16916666666657,0.174166666666679,0.224066666666658,6.00000000122236,NaN,0.0480214498179476,0.0480214498179476,NaN,11.0976430818407,11.0976430818407,0.0265956163458426,-0.039984157285135,303.630017954016,NaN,NaN
1127,Stim,1,4,1,-0.0549000000000888,2,Merged,0.38016666666681,0.390166666666573,0.435066666666899,11.000000002241,0.0888990596006126,0.0802442659850429,0.0845716627928278,12.217388768096,11.1618554054288,12.217388768096,-0.0132978137639536,-0.0833003617943225,260.930007532696,1.00000000020373,8.21324290260168
1128,NonStim,0,2,-0,NaN,1,Merged,0.527966666666543,0.535966666666354,NaN,9.00000000183354,0.0572822202069238,0.0717513482938122,0.064516784250368,9.41367043112998,11.0976500359991,11.0976500359991,-0.0299200612026528,-0.0566442551373382,242.156538483294,2.00000000040745,13.7195397144641
1128,NonStim,0,2,-0,NaN,2,Left,0.546966666666322,0.551966666666431,NaN,6.00000000122236,0.0446833785873789,NaN,0.0446833785873789,8.95421029858409,NaN,8.95421029858409,0.0199466600628365,-0.0399841853027003,296.512945005681,NaN,NaN
1129,Stim,1,2,0.4545,-0.0598333333332448,1,Right,0.759199999999964,0.764200000000073,0.819033333333209,6.00000000122236,NaN,0.0480214463016842,0.0480214463016842,NaN,9.92964199528618,9.92964199528618,0.0265955647223335,0.0399841873995922,56.370053229932,NaN,NaN
1130,Stim,1,4,-0.0909,-0.0550666666667894,1,Merged,0.665066666666917,0.678066666666837,0.720133333333706,14.0000000028522,0.0664890577090044,0.176424859035497,0.121456958372251,14.6078373437196,16.9884912463272,16.9884912463272,0.0498667962836329,0.0866321703926331,60.0746140317815,-7.00000000142609,79.1385609365831
1130,Stim,1,4,-0.0909,-0.0550666666667894,2,Merged,0.680066666666789,0.693066666666709,0.735133333333579,14.0000000028522,0.217804570972659,0.142496665826066,0.180150618399363,23.1870975603958,17.3330613003447,23.1870975603958,-0.0864357571699785,-0.156603583925184,241.103944346906,3.00000000061118,13.9612658363534
1131,Stim,1,2,1,-0.0671666666671626,1,Right,0.301133333332928,0.306133333333037,0.36830000000009,6.00000000122236,NaN,0.0519992904832266,0.0519992904832266,NaN,11.0976343985335,11.0976343985335,-0.0332445309126477,0.0399840890249734,129.741625966577,NaN,NaN
1131,Stim,1,2,1,-0.0671666666671626,2,Left,0.321133333332909,0.327133333332768,0.388300000000072,7.00000000142609,0.0446225035617408,NaN,0.0446225035617408,8.93450693365179,NaN,8.93450693365179,-0.0398934166653141,0.0199920767026644,153.382845319138,NaN,NaN
1131,Stim,1,2,1,-0.0671666666671626,3,Left,0.39813333333268,0.404133333332993,0.465299999999843,7.00000000142609,0.0507338855585661,NaN,0.0507338855585661,8.95421071514663,NaN,8.95421071514663,0.0199467028690789,-0.0466482174206299,293.151474150559,NaN,NaN
1131,Stim,1,2,1,-0.0671666666671626,4,Left,0.66513333333296,0.670133333333069,0.732300000000123,6.00000000122236,0.0506544524192387,NaN,0.0506544524192387,11.5716123897637,NaN,11.5716123897637,0.0465423443169906,0.0199920918208078,23.2457625850029,NaN,NaN
1131,Stim,1,2,1,-0.0671666666671626,5,Left,0.722133333332749,0.727133333332858,0.789299999999912,6.00000000122236,0.0426328186232797,NaN,0.0426328186232797,9.41367037317275,NaN,9.41367037317275,-0.0265956281533825,0.0333201108475417,128.596358687171,NaN,NaN
1131,Stim,1,2,1,-0.0671666666671626,6,Merged,0.809133333332738,0.820133333332706,0.876299999999901,12.0000000024447,0.142449331226814,0.0842749405137366,0.113362135870275,14.8944548584659,11.3256856851203,14.8944548584659,0.0265956259983602,-0.109956467661612,283.597222050092,2.00000000040745,7.63552971171464
1131,Stim,1,2,1,-0.0671666666671626,7,Merged,0.821133333332909,0.830133333332924,0.888300000000072,10.0000000020373,0.0802442392254259,0.0810664557311665,0.0806553474782962,12.4167845562519,11.9585595707084,12.4167845562519,-0.00997336018323548,0.079968332364449,97.1090150404909,-3.00000000061118,4.68835225812725
1131,Stim,1,2,1,-0.0671666666671626,8,Left,0.931133333333037,0.939133333332848,0.998300000000199,9.00000000183354,0.05319124604934,NaN,0.05319124604934,9.4136723589673,NaN,9.4136723589673,0.05319124604934,0,0,NaN,NaN
1132,NonStim,0,2,0.1818,NaN,1,Left,0.0479666666660705,0.0529666666661797,NaN,6.00000000122236,0.0421374764086688,NaN,0.0421374764086688,9.48693146688025,NaN,9.48693146688025,0.013297813965047,-0.0399841851466567,288.395930510623,NaN,NaN
1132,NonStim,0,2,0.1818,NaN,2,Left,0.352966666666362,0.357966666666016,NaN,6.00000000122236,0.035875681727033,NaN,0.035875681727033,8.00357982477644,NaN,8.00357982477644,0.0132978142490602,-0.0333201541949742,291.756557468677,NaN,NaN
1133,NonStim,0,4,-0.4545,NaN,1,Left,0.0543666666671925,0.0613666666667996,NaN,8.00000000162981,0.053725244529153,NaN,0.053725244529153,8.88537163113618,NaN,8.88537163113618,0.0066489053974349,-0.0533122308362091,277.109012345893,NaN,NaN
1133,NonStim,0,4,-0.4545,NaN,2,Left,0.81536666666716,0.820366666666814,NaN,6.00000000122236,0.0332445216775989,NaN,0.0332445216775989,8.66655863016401,NaN,8.66655863016401,-0.0332445216775989,0,180,NaN,NaN
1133,NonStim,0,4,-0.4545,NaN,3,Left,0.866366666667091,0.874366666666901,NaN,9.00000000183354,0.0210304765176889,NaN,0.0210304765176889,8.00358034932985,NaN,8.00358034932985,-0.0199467196985967,0.00666403149952622,161.525959142297,NaN,NaN
1134,NonStim,0,1,0.4545,NaN,1,Merged,0.182699999999841,0.192699999999604,NaN,11.000000002241,0.0887176687400991,0.107450076810578,0.0980838727753388,12.2401532356366,16.4780898111472,16.4780898111472,-0.0930846654376977,-0.0299881312840763,197.856850594715,1.00000000020373,8.82317821515275
1134,NonStim,0,1,0.4545,NaN,2,Right,0.721699999999601,0.72669999999971,NaN,6.00000000122236,NaN,0.0480214718850999,0.0480214718850999,NaN,11.09764833947,11.09764833947,0.0265956106313839,-0.0399841875890365,303.629992252622,NaN,NaN
1135,NonStim,0,4,0.0909,NaN,1,Left,0.0134999999995671,0.0184999999996762,NaN,6.00000000122236,0.0333201513879739,NaN,0.0333201513879739,6.66403136329588,NaN,6.66403136329588,0,0.0333201513879739,90,NaN,NaN
1135,NonStim,0,4,0.0909,NaN,2,Left,0.355499999999665,0.360499999999774,NaN,6.00000000122236,0.0399841677581365,NaN,0.0399841677581365,8.88537147915239,NaN,8.88537147915239,0,-0.0399841677581365,270,NaN,NaN
1135,NonStim,0,4,0.0909,NaN,3,Merged,0.511499999999614,0.522499999999582,NaN,12.0000000024447,0.149000677093963,0.175292928915683,0.162146803004823,17.557196823078,19.1717025033829,19.1717025033829,0.0265956152966424,0.159935760722526,80.5587128834835,2.00000000040745,1.55534234851223
1136,Stim,1,4,-0.4545,-0.0534666666667363,1,Right,0.003633333333255,0.00963333333311311,0.0570999999999913,7.00000000142609,NaN,0.0421374473560601,0.0421374473560601,NaN,8.00357438860411,8.00357438860411,-0.013297812699686,0.0399841549502901,108.395941835478,NaN,NaN
1136,Stim,1,4,-0.4545,-0.0534666666667363,2,Left,0.154633333333095,0.160633333333408,0.208099999999831,7.00000000142609,0.042137477776959,NaN,0.042137477776959,9.41367499864789,NaN,9.41367499864789,-0.0132978139603982,0.0399841865901803,108.395929885198,NaN,NaN
1136,Stim,1,4,-0.4545,-0.0534666666667363,3,Left,0.748633333333146,0.756633333333411,0.802099999999882,9.00000000183354,0.0759696990698101,NaN,0.0759696990698101,11.1067127970313,NaN,11.1067127970313,-0.0199467173998331,-0.073304322121746,254.777893640868,NaN,NaN
1136,Stim,1,4,-0.4545,-0.0534666666667363,4,Right,0.948633333333419,0.954633333333277,1.00210000000015,7.00000000142609,NaN,0.0480214507979551,0.0480214507979551,NaN,8.66655761896813,8.66655761896813,-0.0265956150875108,0.0399841592991198,123.630015373126,NaN,NaN
1139,NonStim,0,3,0.4545,NaN,1,Left,0.0751999999997679,0.0851999999995314,NaN,11.000000002241,0.0628282968321592,NaN,0.0628282968321592,8.93451274605225,NaN,8.93451274605225,0.0332445341781176,0.053312248406064,58.0530965079744,NaN,NaN
1139,NonStim,0,3,0.4545,NaN,2,Left,0.504199999999855,0.510199999999713,NaN,7.00000000142609,0.0471196517252338,NaN,0.0471196517252338,8.95420693223681,NaN,8.95420693223681,-0.00664890714900516,0.0466481898087293,98.1119018073652,NaN,NaN
1146,NonStim,0,1,-0.1818,NaN,1,Left,0.189600000000155,0.194600000000264,NaN,6.00000000122236,0.0333201565290593,NaN,0.0333201565290593,6.66403144088124,NaN,6.66403144088124,0,-0.0333201565290593,270,NaN,NaN
1146,NonStim,0,1,-0.1818,NaN,2,Right,0.751600000000053,0.76260000000002,NaN,12.0000000024447,NaN,0.145997557814358,0.145997557814358,NaN,19.0799533430312,19.0799533430312,-0.0997335706632851,0.106623176516686,133.087783562514,NaN,NaN
1146,NonStim,0,1,-0.1818,NaN,3,Merged,0.766600000000381,0.775600000000395,NaN,10.0000000020373,0.060343499795712,0.0628274708212952,0.0615854853085036,13.9094072882599,8.95406040132238,13.9094072882599,0.0199466878287291,-0.0566436965789897,289.39936414191,4.00000000081491,25.6213672938934
1149,Stim,1,3,-1,-0.0621000000001004,1,Merged,0.215433333333294,0.227433333333465,0.277533333333395,13.0000000026484,0.142449146750886,0.146759027422794,0.14460408708684,14.8944276576841,15.5493788170893,15.5493788170893,0.0166222594841024,-0.143276363848801,276.617606492744,0,8.1637391753768
1149,Stim,1,3,-1,-0.0621000000001004,2,Right,0.5944333333332,0.600433333333513,0.6565333333333,7.00000000142609,NaN,0.042137478067931,0.042137478067931,NaN,8.00358021976558,8.00358021976558,0.0132978119229438,-0.0399841875744322,288.395926834023,NaN,NaN
1149,Stim,1,3,-1,-0.0621000000001004,3,Left,0.646433333333334,0.654433333333145,0.708533333333435,9.00000000183354,0.0599762419523128,NaN,0.0599762419523128,9.54703406711586,NaN,9.54703406711586,-4.5102810375397e-17,-0.0599762419523128,270,NaN,NaN
1149,Stim,1,3,-1,-0.0621000000001004,4,Left,0.965433333333294,0.970433333333403,1.02753333333339,6.00000000122236,0.0569214743077018,NaN,0.0569214743077018,13.909413690628,NaN,13.909413690628,0.0199467042093662,-0.0533121302195514,290.513308529379,NaN,NaN
1150,Stim,1,1,0.1818,-0.0548333333335904,1,Left,0.195566666666309,0.203566666666575,0.2503999999999,9.00000000183354,0.0549456778396574,NaN,0.0549456778396574,8.66655911442094,NaN,8.66655911442094,-0.0132978074206968,0.0533122484149889,104.005636715129,NaN,NaN
1150,Stim,1,1,0.1818,-0.0548333333335904,2,Left,0.206566666666276,0.213566666666338,0.261399999999867,8.00000000162981,0.0613803076405824,NaN,0.0613803076405824,9.41367453412262,NaN,9.41367453412262,0.0398934319650967,-0.0466482181020749,310.536973657532,NaN,NaN
1150,Stim,1,1,0.1818,-0.0548333333335904,3,Left,0.554566666666233,0.560566666666546,0.609399999999823,7.00000000142609,0.0446833578798095,NaN,0.0446833578798095,8.00357413372498,NaN,8.00357413372498,0.0199467212575653,-0.0399841316335383,296.513045941524,NaN,NaN
1150,Stim,1,1,0.1818,-0.0548333333335904,4,Left,0.717566666666244,0.724566666666306,0.772399999999834,8.00000000162981,0.0332445346693997,NaN,0.0332445346693997,7.84472515210292,NaN,7.84472515210292,-0.0332445346693997,0,180,NaN,NaN
1150,Stim,1,1,0.1818,-0.0548333333335904,5,Left,0.889566666666269,0.894566666666378,0.94439999999986,6.00000000122236,0.0387928081591365,NaN,0.0387928081591365,8.00357495463297,NaN,8.00357495463297,-0.0332445324721471,-0.0199920740689885,211.021197696661,NaN,NaN
1153,NonStim,0,2,1,NaN,1,Merged,0.423700000000281,0.429700000000139,NaN,7.00000000142609,0.123775190678994,0.136568567060656,0.130171878869825,22.4534137124188,24.3295037630873,24.3295037630873,-0.099733509986331,0.0833003152298613,140.130390301374,0,6.7740545984137
1158,Stim,1,1,0.6363,-0.0529333333333852,1,Merged,0.480933333333269,0.48893333333308,0.533866666666654,9.00000000183354,0.103998700099444,0.0707699371683945,0.0873843186339193,15.6894553989012,11.0905926305101,15.6894553989012,0.0565157008550849,-0.0666402849696342,310.300314714034,-1.00000000020373,1.37984790119054
1158,Stim,1,1,0.6363,-0.0529333333333852,2,Left,0.757933333333312,0.762933333333422,0.810866666666698,6.00000000122236,0.0595778667752157,NaN,0.0595778667752157,13.4150859997776,NaN,13.4150859997776,-0.0265956264154757,0.0533122393550843,116.513016874159,NaN,NaN
1159,NonStim,0,2,-0.3636,NaN,1,Right,0.208099999999376,0.218099999999595,NaN,11.000000002241,NaN,0.129297829193513,0.129297829193513,NaN,14.9273907497194,14.9273907497194,0.0731378965147124,-0.106624465895769,304.447752014316,NaN,NaN
1160,Stim,1,1,1,-0.0527333333334354,1,Left,0.268466666666427,0.280466666666598,0.321199999999862,13.0000000026484,0.113483442038858,NaN,0.113483442038858,13.3740511472352,NaN,13.3740511472352,-0.00664890703556913,-0.113288497440028,266.641161105347,NaN,NaN
1160,Stim,1,1,1,-0.0527333333334354,2,Left,0.28746666666666,0.293466666666518,0.340200000000095,7.00000000142609,0.0405332296863961,NaN,0.0405332296863961,8.0035803818894,NaN,8.0035803818894,-0.00664890673955779,0.0399841812218133,99.4412352904743,NaN,NaN
1160,Stim,1,1,1,-0.0527333333334354,3,Merged,0.603466666666463,0.612466666666478,0.656199999999899,10.0000000020373,0.166570511740792,0.206874979445416,0.186722745593104,23.9170484243323,31.3446192308771,31.3446192308771,0.0498667948442363,-0.179927961278505,285.490642291534,2.00000000040745,1.32619262924698
1160,Stim,1,1,1,-0.0527333333334354,4,Left,0.616466666666383,0.627466666666351,0.669199999999819,12.0000000024447,0.167789868592832,NaN,0.167789868592832,19.1717760619059,NaN,19.1717760619059,-0.0199467212784406,0.166600024947898,96.8274210523611,NaN,NaN
1160,Stim,1,1,1,-0.0527333333334354,5,Left,0.635466666666616,0.640466666666271,0.688200000000052,6.00000000122236,0.042632837481095,NaN,0.042632837481095,11.0905913533109,NaN,11.0905913533109,0.0265956280179984,-0.0333201350840256,308.596338225413,NaN,NaN
1161,NonStim,0,4,0.4545,NaN,1,Right,0.0162000000000262,0.0222000000003391,NaN,7.00000000142609,NaN,0.0421373805977616,0.0421373805977616,NaN,11.090577252204,11.090577252204,0.0132978108665293,-0.0399840852064747,288.395969397905,NaN,NaN
1161,NonStim,0,4,0.4545,NaN,2,Left,0.0311999999998989,0.0381999999999607,NaN,8.00000000162981,0.0358756753553772,NaN,0.0358756753553772,6.75553805958859,NaN,6.75553805958859,-0.0132978140192976,-0.0333201474263334,248.243438865271,NaN,NaN
1161,NonStim,0,4,0.4545,NaN,3,Left,0.0471999999999753,0.0542000000000371,NaN,8.00000000162981,0.0358756754005134,NaN,0.0358756754005134,8.00357910917387,NaN,8.00357910917387,-0.0132978141410688,0.0333201474263334,111.756561315353,NaN,NaN
1161,NonStim,0,4,0.4545,NaN,4,Right,0.0552000000002408,0.061200000000099,NaN,7.00000000142609,NaN,0.0405331346933917,0.0405331346933917,NaN,9.41366453927534,9.41366453927534,0.006648905043239,0.0399840852064747,80.558744811453,NaN,NaN
1161,NonStim,0,4,0.4545,NaN,5,Left,0.0662000000002081,0.0752000000002226,NaN,10.0000000020373,0.0210304750217261,NaN,0.0210304750217261,8.6630075630977,NaN,8.6630075630977,0.0199467198264564,0.00666402639582836,18.4740275592625,NaN,NaN
1161,NonStim,0,4,0.4545,NaN,6,Left,0.0822000000002845,0.0871999999999389,NaN,6.00000000122236,0.0274728125290534,NaN,0.0274728125290534,6.66402406845452,NaN,6.66402406845452,-0.00664890711440781,-0.0266560961590494,255.994342239485,NaN,NaN
1161,NonStim,0,4,0.4545,NaN,7,Left,0.0981999999999061,0.117200000000139,NaN,20.0000000040745,0.0339770227440883,NaN,0.0339770227440883,7.02290467631951,NaN,7.02290467631951,-0.00664890714485064,0.0333201156710394,101.284937238511,NaN,NaN
1161,NonStim,0,4,0.4545,NaN,8,Left,0.127199999999903,0.135200000000168,NaN,9.00000000183354,0.0470683380044311,NaN,0.0470683380044311,7.84472314397611,NaN,7.84472314397611,-0.0332445324471769,-0.0333201066154954,225.065050739932,NaN,NaN
1161,NonStim,0,4,0.4545,NaN,9,Left,0.137200000000121,0.143199999999979,NaN,7.00000000142609,0.0297889065992431,NaN,0.0297889065992431,6.66402406845452,NaN,6.66402406845452,0.0132978141410688,0.026656089275211,63.4869554158811,NaN,NaN
1161,NonStim,0,4,0.4545,NaN,10,Left,0.145199999999932,0.152199999999993,NaN,8.00000000162981,0.0426328216557192,NaN,0.0426328216557192,9.41366944874162,NaN,9.41366944874162,-0.026595626971307,-0.0333201156710394,231.403646598401,NaN,NaN
1161,NonStim,0,4,0.4545,NaN,11,Merged,0.230199999999968,0.259199999999964,NaN,30.0000000061118,0.106831579493097,0.128178068272174,0.117504823882636,11.1067187153546,8.88537391241548,11.1067187153546,0.013297813736918,-0.116620501626199,276.505134184057,16.0000000032596,5.38435762672293
1161,NonStim,0,4,0.4545,NaN,12,Left,0.302200000000084,0.311200000000099,NaN,10.0000000020373,0.0132978141410688,NaN,0.0132978141410688,6.74103489940674,NaN,6.74103489940674,-0.0132978141410688,0,180,NaN,NaN
1161,NonStim,0,4,0.4545,NaN,13,Left,0.328199999999924,0.335199999999986,NaN,8.00000000162981,0.0388342790932842,NaN,0.0388342790932842,7.84472472878617,NaN,7.84472472878617,-0.0199467208095793,-0.0333201074674105,239.09360948258,NaN,NaN
1161,NonStim,0,4,0.4545,NaN,14,Left,0.353200000000015,0.364199999999983,NaN,12.0000000024447,0.0297889071800597,NaN,0.0297889071800597,6.75553070245687,NaN,6.75553070245687,0.0132978141410688,0.0266560899242894,63.4869559731834,NaN,NaN
1161,NonStim,0,4,0.4545,NaN,15,Left,0.391200000000026,0.398200000000088,NaN,8.00000000162981,0.0426328152440898,NaN,0.0426328152440898,9.41366864003226,NaN,9.41366864003226,0.026595626971307,-0.0333201074674105,308.596360279418,NaN,NaN
1161,NonStim,0,4,0.4545,NaN,16,Left,0.400200000000041,0.408200000000306,NaN,9.00000000183354,0.035875638287983,NaN,0.035875638287983,6.66402250976448,NaN,6.66402250976448,-0.0132978141410688,0.0333201074674105,111.756584970025,NaN,NaN
1161,NonStim,0,4,0.4545,NaN,17,Left,0.423200000000179,0.432200000000194,NaN,10.0000000020373,0.0199467211641482,NaN,0.0199467211641482,6.27578003783365,NaN,6.27578003783365,-0.0199467211641482,0,180,NaN,NaN
1161,NonStim,0,4,0.4545,NaN,18,Left,0.440200000000004,0.449200000000019,NaN,10.0000000020373,0.0132978141410688,NaN,0.0132978141410688,4.96481894413637,NaN,4.96481894413637,0.0132978141410688,0,0,NaN,NaN
1161,NonStim,0,4,0.4545,NaN,19,Left,0.462199999999939,0.469200000000001,NaN,8.00000000162981,0.0339770146990672,NaN,0.0339770146990672,7.02290304159383,NaN,7.02290304159383,0.00664890714485064,-0.0333201074674105,281.284939945636,NaN,NaN
1161,NonStim,0,4,0.4545,NaN,20,Left,0.47420000000011,0.496200000000044,NaN,23.0000000046857,0,NaN,0,7.44722681459163,NaN,7.44722681459163,0,0,0,NaN,NaN
1161,NonStim,0,4,0.4545,NaN,21,Left,0.498199999999997,0.50420000000031,NaN,7.00000000142609,0.0388342789525553,NaN,0.0388342789525553,7.44722681459163,NaN,7.44722681459163,-0.0199467205355942,0.0333201074674105,120.906390170583,NaN,NaN
1161,NonStim,0,4,0.4545,NaN,22,Left,0.531199999999899,0.540199999999913,NaN,10.0000000020373,0,NaN,0,4.44268284973124,NaN,4.44268284973124,0,0,0,NaN,NaN
1161,NonStim,0,4,0.4545,NaN,23,Left,0.548200000000179,0.557200000000194,NaN,10.0000000020373,0.0628282659370027,NaN,0.0628282659370027,9.41367050227661,NaN,9.41367050227661,-0.0332445316861074,0.0533122135502001,121.946918382979,NaN,NaN
1161,NonStim,0,4,0.4545,NaN,24,Left,0.562200000000303,0.56919999999991,NaN,8.00000000162981,0.0333201433245106,NaN,0.0333201433245106,6.66402923043728,NaN,6.66402923043728,0,-0.0333201433245106,270,NaN,NaN
1161,NonStim,0,4,0.4545,NaN,25,Left,0.574200000000019,0.581200000000081,NaN,8.00000000162981,0.0358756691097156,NaN,0.0358756691097156,7.44723212833502,NaN,7.44723212833502,-0.0132978074472401,0.0333201433245106,111.756553814559,NaN,NaN
1161,NonStim,0,4,0.4545,NaN,26,Left,0.584200000000237,0.591200000000299,NaN,8.00000000162981,0.0339770493015245,NaN,0.0339770493015245,6.66402923043728,NaN,6.66402923043728,0.00664890427606655,-0.0333201433245106,281.284923368994,NaN,NaN
1161,NonStim,0,4,0.4545,NaN,27,Left,0.596199999999953,0.603200000000015,NaN,8.00000000162981,0.0426328325307876,NaN,0.0426328325307876,8.66655797468043,NaN,8.66655797468043,-0.0265956097586097,0.0333201433245106,128.596312137644,NaN,NaN
1161,NonStim,0,4,0.4545,NaN,28,Left,0.607199999999921,0.626200000000154,NaN,20.0000000040745,0.0210304663555926,NaN,0.0210304663555926,7.02291275454555,NaN,7.02291275454555,0.0199467093344459,-0.00666403045167431,341.525952902599,NaN,NaN
1161,NonStim,0,4,0.4545,NaN,29,Left,0.713200000000143,0.720200000000204,NaN,8.00000000162981,0.0339770493015245,NaN,0.0339770493015245,6.66402923043728,NaN,6.66402923043728,0.00664890427606655,-0.0333201433245106,281.284923368994,NaN,NaN
1161,NonStim,0,4,0.4545,NaN,30,Left,0.72420000000011,0.736200000000281,NaN,13.0000000026484,0.014894460688594,NaN,0.014894460688594,8.00357712610996,NaN,8.00357712610996,-0.00664890427606655,0.0133280542890467,116.513018391365,NaN,NaN
1161,NonStim,0,4,0.4545,NaN,31,Left,0.758200000000215,0.765200000000277,NaN,8.00000000162981,0.0339770493015245,NaN,0.0339770493015245,6.66402923043728,NaN,6.66402923043728,0.00664890427606655,-0.0333201433245106,281.284923368994,NaN,NaN
1161,NonStim,0,4,0.4545,NaN,32,Left,0.76720000000023,0.774200000000292,NaN,8.00000000162981,0.0333201433245106,NaN,0.0333201433245106,6.66402923043728,NaN,6.66402923043728,0,0.0333201433245106,90,NaN,NaN
1161,NonStim,0,4,0.4545,NaN,33,Left,0.822200000000066,0.829200000000128,NaN,8.00000000162981,0.0339770493015245,NaN,0.0339770493015245,6.66402923043728,NaN,6.66402923043728,-0.00664890427606657,-0.0333201433245106,258.715076631006,NaN,NaN
1161,NonStim,0,4,0.4545,NaN,34,Left,0.860200000000077,0.867200000000139,NaN,8.00000000162981,0.0333201433245106,NaN,0.0333201433245106,6.66402923043728,NaN,6.66402923043728,0,0.0333201433245106,90,NaN,NaN
1161,NonStim,0,4,0.4545,NaN,35,Left,0.876200000000154,0.887200000000121,NaN,12.0000000024447,0.0333201433245106,NaN,0.0333201433245106,8.66300580143777,NaN,8.66300580143777,0,-0.0333201433245106,270,NaN,NaN
1161,NonStim,0,4,0.4545,NaN,36,Left,0.900200000000041,0.907200000000103,NaN,8.00000000162981,0.0333201433245106,NaN,0.0333201433245106,6.66402923043728,NaN,6.66402923043728,0,0.0333201433245106,90,NaN,NaN
1161,NonStim,0,4,0.4545,NaN,37,Merged,0.909200000000055,0.937200000000303,NaN,29.0000000059081,0.10343796576337,0.158378618056064,0.130908291909717,12.2173839344244,14.9273172402009,14.9273172402009,0.0332445314752009,-0.0266557807466815,321.277030448801,13.0000000026484,150.511781717867
1164,Stim,1,2,0.1818,-0.0589666666669473,1,Left,0.102533333332758,0.114533333332929,0.161499999999705,13.0000000026484,0.18124533145608,NaN,0.18124533145608,21.0687077040036,NaN,21.0687077040036,0.053191152908669,0.173264455174369,72.9338265158999,NaN,NaN
1164,Stim,1,2,0.1818,-0.0589666666669473,2,Left,0.331533333333027,0.338533333333089,0.390499999999975,8.00000000162981,0.0536970816253686,NaN,0.0536970816253686,8.00357449509555,NaN,8.00357449509555,0.0265955934291666,-0.0466481616490079,299.688833162972,NaN,NaN
1164,Stim,1,2,0.1818,-0.0589666666669473,3,Left,0.500533333332896,0.505533333333005,0.559499999999844,6.00000000122236,0.0446833303240248,NaN,0.0446833303240248,9.157600529861,NaN,9.157600529861,-0.0199467025608729,0.0399841101663396,116.51303677665,NaN,NaN
1164,Stim,1,2,0.1818,-0.0589666666669473,4,Merged,0.517533333332722,0.529533333332893,0.576499999999669,13.0000000026484,0.142497113602848,0.13179137169308,0.137144242647964,13.9094426810652,16.9257627445793,16.9257627445793,0.0897602236360534,-0.103292426426143,310.990358178666,0,7.5923649229552
1164,Stim,1,2,0.1818,-0.0589666666669473,5,Left,0.688533333332998,0.693533333333107,0.747499999999945,6.00000000122236,0.0399841875884572,NaN,0.0399841875884572,8.88537516240754,NaN,8.88537516240754,0,-0.0399841875884572,270,NaN,NaN
1164,Stim,1,2,0.1818,-0.0589666666669473,6,Left,0.815533333332951,0.825533333333169,0.874499999999898,11.000000002241,0.0210687345043126,NaN,0.0210687345043126,9.4136719257971,NaN,9.4136719257971,0.00664890596108282,0.0199920890137547,71.6040690703269,NaN,NaN
1165,NonStim,0,3,-0.1818,NaN,1,Left,0.583433333333232,0.588433333332887,NaN,6.00000000122236,0.0421374626564488,NaN,0.0421374626564488,9.15761073048862,NaN,9.15761073048862,0.013297811742158,-0.0399841713931118,288.395933544287,NaN,NaN
1167,Stim,1,4,0.4545,-0.0559333333335417,1,Left,0.00633333333325936,0.0113333333333685,0.062266666666801,6.00000000122236,0.0519993248872013,NaN,0.0519993248872013,11.0976419167502,NaN,11.0976419167502,-0.0332445332013856,0.0399841318643619,129.741597727687,NaN,NaN
1168,NonStim,0,3,-0.0909,NaN,1,Right,0.306566666667095,0.312566666666953,NaN,7.00000000142609,NaN,0.0564820157307787,0.0564820157307787,NaN,9.41366774587038,9.41366774587038,-0.0398934095003461,0.0399841716113967,134.934896830969,NaN,NaN
1168,NonStim,0,3,-0.0909,NaN,2,Left,0.344566666666651,0.34956666666676,NaN,6.00000000122236,0.0421374679796629,NaN,0.0421374679796629,8.9542093159034,NaN,8.9542093159034,0.0132977920771995,-0.0399841835431047,288.39590295792,NaN,NaN
1168,NonStim,0,3,-0.0909,NaN,3,Right,0.476566666666713,0.481566666666822,NaN,6.00000000122236,NaN,0.0719692972128285,0.0719692972128285,NaN,15.9931773974236,15.9931773974236,0.0598401578568135,-0.0399841874868064,326.249819741078,NaN,NaN
1169,NonStim,0,4,-1,NaN,1,Left,0.206299999999828,0.211299999999937,NaN,6.00000000122236,0.0333201109384578,NaN,0.0333201109384578,7.84472436232572,NaN,7.84472436232572,0,-0.0333201109384578,270,NaN,NaN
1169,NonStim,0,4,-1,NaN,2,Merged,0.684299999999894,0.709299999999985,NaN,26.0000000052969,0.127160371991177,0.0758741095136126,0.101517240752395,18.040620159,18.4555295431204,18.4555295431204,0.0764621057524816,-0.0199919088496257,345.347367812045,-1.00000000020373,80.8819435754822
1170,NonStim,0,2,-0.6363,NaN,1,Left,0.106899999999769,0.112899999999627,NaN,7.00000000142609,0.0405332269515069,NaN,0.0405332269515069,7.0229118204569,NaN,7.0229118204569,0.00664890674914059,-0.0399841784477761,279.441235947061,NaN,NaN
1170,NonStim,0,2,-0.6363,NaN,2,Left,0.683899999999539,0.688899999999649,NaN,6.00000000122236,0.0519993542520131,NaN,0.0519993542520131,11.0976480351417,NaN,11.0976480351417,0.0332445231050582,-0.0399841784477761,309.741556358051,NaN,NaN
1170,NonStim,0,2,-0.6363,NaN,3,Left,0.785899999999856,0.79089999999951,NaN,6.00000000122236,0.0707484688319701,NaN,0.0707484688319701,14.9273678314878,NaN,14.9273678314878,0.0531910785315594,-0.0466482047534279,318.749463675104,NaN,NaN
1170,NonStim,0,2,-0.6363,NaN,4,Merged,0.791899999999714,0.803899999999885,NaN,13.0000000026484,0.101658502341437,0.133171123406884,0.117414812874161,12.3951215049384,14.2038233680064,14.2038233680064,-0.0664889454938323,0.0966280107507927,124.531542912239,-3.00000000061118,5.25827748406016
1170,NonStim,0,2,-0.6363,NaN,5,Right,0.920899999999619,0.925899999999729,NaN,6.00000000122236,NaN,0.0446826879137348,0.0446826879137348,NaN,10.4712349393681,10.4712349393681,-0.0199467128820795,0.0399833871050979,116.513462508598,NaN,NaN
1171,Stim,1,3,0.3636,-0.0645666666664511,1,Merged,0.459666666666635,0.474666666666963,0.524233333333086,16.0000000032596,0.232736642511792,0.21582443592669,0.224280539219241,22.2134349989963,18.0790157273908,22.2134349989963,0.0432178772173824,-0.219912717110173,281.11824235555,-2.00000000040745,4.35071077806441
1173,Stim,1,1,-1,-0.0554333333338946,1,Left,0.515766666665968,0.520766666666077,0.571199999999862,6.00000000122236,0.0480214045188993,NaN,0.0480214045188993,11.0976331213224,NaN,11.0976331213224,-0.0265956239398976,0.0399840978292034,123.630064786037,NaN,NaN
1175,NonStim,0,1,1,NaN,1,Right,0.792033333333166,0.79703333333282,NaN,6.00000000122236,NaN,0.0595778396437841,0.0595778396437841,NaN,13.909432791068,13.909432791068,0.0265955851099208,-0.0533122296408752,296.512985498689,NaN,NaN
1177,Stim,1,3,0.6363,-0.0632666666670048,1,Left,0.186733333332995,0.191733333333104,0.25,6.00000000122236,0.0405331984047077,NaN,0.0405331984047077,8.95420138632761,NaN,8.95420138632761,-0.00664890628188862,0.0399841495866807,99.4412419876418,NaN,NaN
1177,Stim,1,3,0.6363,-0.0632666666670048,2,Merged,0.790733333333264,0.801733333333232,0.854000000000269,12.0000000024447,0.126790707300535,0.134764471524763,0.130777589412649,13.5110652664031,17.5572194809852,17.5572194809852,0.0132978035463633,-0.129948189342189,275.842829404942,1.00000000020373,5.5057409840847
1178,NonStim,0,1,-0.4545,NaN,1,Merged,0.606600000000071,0.628600000000006,NaN,23.0000000046857,0.0905061071351348,0.192085234871126,0.141295671003131,17.3260119561507,32.780844752803,32.780844752803,-0.0897601251889703,0.0533119070224359,149.292334035594,-3.00000000061118,92.4592574241751
1179,NonStim,0,1,-0.6363,NaN,1,Left,0.542166666666617,0.554166666666333,NaN,13.0000000026484,0.133171735869869,NaN,0.133171735869869,12.9309389468358,NaN,12.9309389468358,-0.0797868561681861,-0.10662442880218,233.192561286334,NaN,NaN
1180,NonStim,0,2,0.4545,NaN,1,Left,0.650899999999638,0.655899999999747,NaN,6.00000000122236,0.0613802766017824,NaN,0.0613802766017824,13.5473564069543,NaN,13.5473564069543,0.0398934413365544,0.0466481692463725,49.462990054006,NaN,NaN
1181,Stim,1,3,-0.4545,-0.0552666666667392,1,Left,0.010133333333215,0.0151333333333241,0.0653999999999542,6.00000000122236,0.0426328544845317,NaN,0.0426328544845317,9.4136751704514,NaN,9.4136751704514,0.0265956281694276,-0.0333201567189111,308.596320246074,NaN,NaN
1181,Stim,1,3,-0.4545,-0.0552666666667392,2,Left,0.800133333333179,0.805133333333288,0.855399999999918,6.00000000122236,0.0480213893664135,NaN,0.0480213893664135,11.0976298702986,NaN,11.0976298702986,0.0265956278542553,-0.0399840770272199,303.63008242044,NaN,NaN
1182,NonStim,0,3,0.1818,NaN,1,Left,0.0403333333329101,0.0453333333330193,NaN,6.00000000122236,0.0358755015392395,NaN,0.0358755015392395,9.41364843331354,NaN,9.41364843331354,-0.0132978009953905,0.0333199654768574,111.756649526159,NaN,NaN
1182,NonStim,0,3,0.1818,NaN,2,Left,0.238333333332776,0.244333333332634,NaN,7.00000000142609,0.0446833585029167,NaN,0.0446833585029167,9.41367193677062,NaN,9.41367193677062,-0.019946721071003,0.0399841324229473,116.5130452756,NaN,NaN
1183,Stim,1,3,-0.6363,-0.0566999999996369,1,Merged,0.00840000000016516,0.014400000000478,0.0650999999998021,7.00000000142609,0.0887176733169615,0.116160610060851,0.102439141688906,15.8678938586338,19.8322362572427,19.8322362572427,0.0964091209629461,-0.0333201560932252,340.934232525079,-1.00000000020373,10.6540535043667
1183,Stim,1,3,-0.6363,-0.0566999999996369,2,Right,0.593400000000202,0.598400000000311,0.650099999999838,6.00000000122236,NaN,0.0628282367333895,0.0628282367333895,NaN,13.9094303622505,13.9094303622505,-0.0332445234830674,0.0533121842491059,121.946926174247,NaN,NaN
1185,Stim,1,3,0.1818,-0.0520000000001346,1,Merged,0.707666666666682,0.71466666666629,0.759666666666817,8.00000000162981,0.0998788212601399,0.110838001490592,0.105358411375366,17.2584029866756,19.8592868606198,19.8592868606198,0.0598401452069585,-0.0866323745980111,304.634254327307,0,4.13141263580775
1185,Stim,1,3,0.1818,-0.0520000000001346,2,Merged,0.716666666666697,0.723666666666304,0.768666666666832,8.00000000162981,0.0866323645757319,0.0603436981775738,0.0734880313766528,15.5494025379849,12.2173905591836,15.5494025379849,-0.00332445357634634,0.0733043213740988,92.5966645421235,-1.00000000020373,6.32591970962147
1187,Stim,1,1,-0.1818,-0.0500666666666802,1,Left,0.328233333333174,0.333233333333283,0.378299999999854,6.00000000122236,0.0506544508837745,NaN,0.0506544508837745,11.1370314058828,NaN,11.1370314058828,-0.0465423469558912,-0.0199920817869016,203.245750978827,NaN,NaN
1187,Stim,1,1,-0.1818,-0.0500666666666802,2,Left,0.608233333333374,0.618233333333137,0.658300000000054,11.000000002241,0.114785785057135,NaN,0.114785785057135,15.867895412865,NaN,15.867895412865,0.113031379044825,0.0199920934973816,10.0302865099653,NaN,NaN
1190,Stim,1,4,-0,-0.0542000000000371,1,Right,0.019566666666833,0.0245666666664874,0.0737666666668702,6.00000000122236,NaN,0.0426328188473152,0.0426328188473152,NaN,9.4136686647266,9.4136686647266,0.026595615610357,-0.0333201211458502,308.596336878421,NaN,NaN
1190,Stim,1,4,-0,-0.0542000000000371,2,Left,0.089566666666542,0.0945666666666511,0.143766666666579,6.00000000122236,0.044683320426506,NaN,0.044683320426506,10.4713633104605,NaN,10.4713633104605,0.0199467190967924,-0.0399840908563827,296.513066803249,NaN,NaN
1193,Stim,1,4,-0.1818,-0.0623666666665486,1,Left,0.0898999999999432,0.0969000000000051,0.152266666666492,8.00000000162981,0.0744723132759074,NaN,0.0744723132759074,12.9447658738697,NaN,12.9447658738697,-0.0332445063972756,0.0666402899083309,116.513001735344,NaN,NaN
1193,Stim,1,4,-0.1818,-0.0623666666665486,2,Merged,0.598899999999958,0.607899999999972,0.661266666666506,10.0000000020373,0.139785827757095,0.154714501951779,0.147250164854437,19.6400436757975,19.8322221980181,19.8322221980181,0.13962685242723,-0.0366521648339842,345.291651540763,0,22.7814417278369
1195,NonStim,0,3,-1,NaN,1,Right,0.308233333333192,0.314233333333505,NaN,7.00000000142609,NaN,0.0480214781102151,0.0480214781102151,NaN,9.41367515208329,9.41367515208329,0.0265956265460225,-0.0399841844797961,303.630010117344,NaN,NaN
1196,NonStim,0,3,0.3636,NaN,1,Left,0.283966666666402,0.288966666666056,NaN,6.00000000122236,0.0421374552992183,NaN,0.0421374552992183,9.92964039285062,NaN,9.92964039285062,0.013297810425617,-0.0399841640775191,288.395934984795,NaN,NaN
1196,NonStim,0,3,0.3636,NaN,2,Merged,0.311966666666194,0.325966666666318,NaN,15.0000000030559,0.216948081677518,0.185850732178279,0.201399406927898,20.2665682379888,19.011029410871,20.2665682379888,0.0432178707703917,-0.196588631684498,282.398625744338,3.00000000061118,3.90675327516794
1196,NonStim,0,3,0.3636,NaN,3,Left,0.434966666666242,0.441966666666303,NaN,8.00000000162981,0.04850638260116,NaN,0.04850638260116,9.41365042233701,NaN,9.41365042233701,-0.0132978108446528,-0.0466480158183599,254.088896654552,NaN,NaN
1200,Stim,1,3,-0,-0.056999999999789,1,Left,0.210033333333286,0.217033333333347,0.267033333333075,8.00000000162981,0.0333201415376379,NaN,0.0333201415376379,7.84472773235554,NaN,7.84472773235554,4.16333634234434e-17,0.0333201415376379,89.9999999999999,NaN,NaN
1200,Stim,1,3,-0,-0.056999999999789,2,Left,0.463033333333442,0.468033333333551,0.520033333333231,6.00000000122236,0.0332717762831877,NaN,0.0332717762831877,8.9345121001107,NaN,8.9345121001107,0.0265956254622046,0.019992093520005,36.9324074066575,NaN,NaN
1200,Stim,1,3,-0,-0.056999999999789,3,Left,0.840033333333395,0.845033333333504,0.897033333333184,6.00000000122236,0.0399841633588802,NaN,0.0399841633588802,8.88537057822714,NaN,8.88537057822714,0,-0.0399841633588802,270,NaN,NaN
1202,Stim,1,3,0.4545,-0.0491000000001804,1,Right,0.446033333333162,0.451033333333271,0.495133333333342,6.00000000122236,NaN,0.0658957195900461,0.0658957195900461,NaN,14.1205119514516,14.1205119514516,0.0465423429857233,-0.0466482172187671,314.934906023857,NaN,NaN
1202,Stim,1,3,0.4545,-0.0491000000001804,2,Right,0.457033333333129,0.462033333333238,0.50613333333331,6.00000000122236,NaN,0.0519993646561812,0.0519993646561812,NaN,11.0905921668762,11.0905921668762,-0.0332445287288889,0.0399841873024899,129.741554885223,NaN,NaN
1202,Stim,1,3,0.4545,-0.0491000000001804,3,Right,0.606033333333016,0.612033333333329,0.655133333333197,7.00000000142609,NaN,0.0446834027706403,0.0446834027706403,NaN,8.66656040800655,8.66656040800655,-0.0199467212615107,0.0399841817982919,116.513017231582,NaN,NaN
1202,Stim,1,3,0.4545,-0.0491000000001804,4,Left,0.664033333333009,0.669033333333118,0.71313333333319,6.00000000122236,0.0707486061771698,NaN,0.0707486061771698,16.4908177108386,NaN,16.4908177108386,0.0531912503891354,-0.0466482170940388,318.749547929253,NaN,NaN
1203,NonStim,0,2,0.6363,NaN,1,Right,0.272499999999582,0.277499999999691,NaN,6.00000000122236,NaN,0.0519993640470889,0.0519993640470889,NaN,11.0976500871713,11.0976500871713,0.0332445287156086,-0.0399841865214081,309.7415554242,NaN,NaN
1203,NonStim,0,2,0.6363,NaN,2,Merged,0.363499999999931,0.376499999999851,NaN,14.0000000028522,0.177021500315604,0.187625659039419,0.182323579677512,19.6775866449706,19.1717317592175,19.6775866449706,0.0565156276697974,-0.173264326590948,288.065371011607,-5.00000000101863,3.28843626901028
1203,NonStim,0,2,0.6363,NaN,3,Right,0.380499999999756,0.387499999999818,NaN,8.00000000162981,NaN,0.0658953405154592,0.0658953405154592,NaN,13.8922844251476,13.8922844251476,-0.0465422297664868,0.0466477946961254,134.935095817598,NaN,NaN
1203,NonStim,0,2,0.6363,NaN,4,Right,0.856499999999869,0.86449999999968,NaN,9.00000000183354,NaN,0.0824184781955898,0.0824184781955898,NaN,12.2675424658906,12.2675424658906,0.0199467163411522,0.0799683315774596,75.9943528649183,NaN,NaN
1204,NonStim,0,1,-1,NaN,1,Left,0.141500000000178,0.147500000000491,NaN,7.00000000142609,0.042137478629179,NaN,0.042137478629179,8.66656151755024,NaN,8.66656151755024,-0.0132978142426222,0.0399841873944342,108.395929904227,NaN,NaN
1204,NonStim,0,1,-1,NaN,2,Left,0.482500000000528,0.488500000000386,NaN,7.00000000142609,0.0421373681623069,NaN,0.0421373681623069,9.41365327895569,NaN,9.41365327895569,0.0132978008624924,-0.0399840754284414,288.395960686011,NaN,NaN
1204,NonStim,0,1,-1,NaN,3,Left,0.926500000000487,0.931500000000142,NaN,6.00000000122236,0.0358754449556115,NaN,0.0358754449556115,7.44719785822224,NaN,7.44719785822224,0.0132978142426222,0.0333198992665317,68.2432916288887,NaN,NaN
1207,NonStim,0,1,-0,NaN,1,Left,0.718100000000049,0.723100000000159,NaN,6.00000000122236,0.0480214600601101,NaN,0.0480214600601101,10.4713791836438,NaN,10.4713791836438,0.0265956272811515,-0.0399841623124309,303.630025495571,NaN,NaN
1207,NonStim,0,1,-0,NaN,2,Right,0.804099999999835,0.809099999999944,NaN,6.00000000122236,NaN,0.0405332245575598,0.0405332245575598,NaN,10.2300518687808,10.2300518687808,-0.00664890715277031,0.0399841759538371,99.4412370881617,NaN,NaN
1208,NonStim,0,1,0.0909,NaN,1,Right,0.501566666666349,0.506566666666458,NaN,6.00000000122236,NaN,0.044683402814552,0.044683402814552,NaN,10.4713817211335,10.4713817211335,-0.0199467098308418,0.0399841875497266,116.513000823789,NaN,NaN
1209,Stim,1,1,-0.6363,-0.0574333333333925,1,Left,0.726799999999912,0.732800000000225,0.784233333333304,7.00000000142609,0.0480214692339044,NaN,0.0480214692339044,9.41367141195735,NaN,9.41367141195735,0.0265956118428262,0.0399841835991251,56.3700039074049,NaN,NaN
1209,Stim,1,1,-0.6363,-0.0574333333333925,2,Left,0.776800000000094,0.782799999999952,0.834233333333486,7.00000000142609,0.0480213813812859,NaN,0.0480213813812859,9.41365768223606,NaN,9.41365768223606,-0.0265955787068296,0.0399841001276225,123.630018331052,NaN,NaN
1210,Stim,1,3,1,-0.0513666666665813,1,Merged,0.761966666666467,0.7809666666667,0.813333333333048,20.0000000040745,0.554396409606308,0.345681829810218,0.450039119708263,43.7388970910039,31.7921166252004,43.7388970910039,0.169546835956029,-0.416496651070223,292.150182070705,0,4.6810303675411
1210,Stim,1,3,1,-0.0513666666665813,2,Right,0.930966666666791,0.935966666666445,0.982333333333372,6.00000000122236,NaN,0.0480208466237485,0.0480208466237485,NaN,11.0975182638405,11.0975182638405,-0.0265956091371479,0.0399834376346711,123.63048633492,NaN,NaN
1213,Stim,1,4,0.3636,-0.0570666666667421,1,Right,0.0111333333334187,0.0171333333332768,0.0682000000001608,7.00000000142609,NaN,0.0399841873852411,0.0399841873852411,NaN,7.02291314237196,7.02291314237196,0,-0.0399841873852411,270,NaN,NaN
1213,Stim,1,4,0.3636,-0.0570666666667421,2,Right,0.347133333333204,0.352133333333313,0.404199999999946,6.00000000122236,NaN,0.0399841771838691,0.0399841771838691,NaN,8.88537337314644,8.88537337314644,0,0.0399841771838691,90,NaN,NaN
1214,NonStim,0,3,-0.3636,NaN,1,Left,0.194666666666762,0.199666666666872,NaN,6.00000000122236,0.044683376574893,NaN,0.044683376574893,9.54703421521737,NaN,9.54703421521737,0.0199467207113688,-0.0399841527982818,296.513033200037,NaN,NaN
1214,NonStim,0,3,-0.3636,NaN,2,Left,0.206666666666933,0.211666666666588,NaN,6.00000000122236,0.0485065436305575,NaN,0.0485065436305575,11.1618564094157,NaN,11.1618564094157,-0.0132978135757962,0.0466481824842785,105.911052478127,NaN,NaN
1214,NonStim,0,3,-0.3636,NaN,3,Left,0.542666666666719,0.547666666666828,NaN,6.00000000122236,0.050733860450629,NaN,0.050733860450629,11.5935770929165,NaN,11.5935770929165,0.0199467207113688,-0.0466481824842785,293.15150819013,NaN,NaN
1214,NonStim,0,3,-0.3636,NaN,4,Right,0.795666666666875,0.80066666666653,NaN,6.00000000122236,NaN,0.0405331781405391,0.0405331781405391,NaN,8.95419909581933,8.95419909581933,-0.00664890637222737,-0.039984129029229,260.558753119659,NaN,NaN
1214,NonStim,0,3,-0.3636,NaN,5,Left,0.865666666666584,0.870666666666693,NaN,6.00000000122236,0.0426115884438981,NaN,0.0426115884438981,9.41367301360418,NaN,9.41367301360418,0.0332445321661985,-0.026656116573176,321.276678736619,NaN,NaN
1215,NonStim,0,1,-0.0909,NaN,1,Right,0.0459999999998217,0.0520000000001346,NaN,7.00000000142609,NaN,0.0480212667763137,0.0480212667763137,NaN,9.41364099965457,9.41364099965457,-0.0265956188076761,0.0399839358122569,123.630166746881,NaN,NaN
1215,NonStim,0,1,-0.0909,NaN,2,Right,0.130000000000109,0.135999999999967,NaN,7.00000000142609,NaN,0.0480214009720372,0.0480214009720372,NaN,10.2264805626874,10.2264805626874,0.0265955915417304,-0.0399841151191647,303.63002117548,NaN,NaN
1215,NonStim,0,1,-0.0909,NaN,3,Left,0.228999999999814,0.235000000000127,NaN,7.00000000142609,0.0480214661737801,NaN,0.0480214661737801,9.41367289029658,NaN,9.41367289029658,-0.0265956212053733,-0.039984173696349,236.369988062681,NaN,NaN
1215,NonStim,0,1,-0.0909,NaN,4,Right,0.297999999999774,0.306999999999789,NaN,10.0000000020373,NaN,0.0759697125998833,0.0759697125998833,NaN,10.4713812773069,10.4713812773069,-0.0199467177783192,0.0733043360407892,105.222103878293,NaN,NaN
1215,NonStim,0,1,-0.0909,NaN,5,Left,0.344000000000051,0.34900000000016,NaN,6.00000000122236,0.0595778553074089,NaN,0.0595778553074089,13.9094369706199,NaN,13.9094369706199,-0.0265956176883382,0.0533122308931666,116.513012996677,NaN,NaN
1215,NonStim,0,1,-0.0909,NaN,6,Left,0.355000000000018,0.36200000000008,NaN,8.00000000162981,0.0485065659325373,NaN,0.0485065659325373,13.8923422520987,NaN,13.8923422520987,0.0132978132243469,-0.046648205774906,285.911044536958,NaN,NaN
1216,Stim,1,4,0.6363,-0.0492000000003827,1,Right,0.40616666666665,0.412166666666508,0.455366666667032,7.00000000142609,NaN,0.0603436576599937,0.0603436576599937,NaN,11.1618590924596,11.1618590924596,0.00664890684250099,-0.0599762374410587,276.325923678158,NaN,NaN
1217,Stim,1,1,0.4545,-0.0550333333335402,1,Merged,0.690066666666553,0.711066666666738,0.745100000000093,22.000000004482,0.166707483926005,0.0868315171919011,0.126769500558953,22.761293879448,16.3700190921048,22.761293879448,0.0964090236441644,-0.00333160549566129,358.020818007586,10.0000000020373,86.252739122821
1218,Stim,1,1,-0.4545,-0.0582666666668956,1,Merged,0.0618999999996959,0.0738999999998668,0.120166666666591,13.0000000026484,0.120136643653615,0.134764865369261,0.127450754511438,11.3256873833702,15.5494052064201,15.5494052064201,-0.0066489066525018,0.126616516664474,93.0059641025638,-1.00000000020373,11.6843239737703
1218,Stim,1,1,-0.4545,-0.0582666666668956,2,Merged,0.822899999999663,0.837899999999991,0.881166666666559,16.0000000032596,0.196686057661093,0.0720320377186369,0.134359047689865,17.8990447340852,14.4718918650923,17.8990447340852,0.0664890578259726,-0.116620369508805,299.688868011589,2.00000000040745,5.38363951193423
1219,NonStim,0,2,-0.0909,NaN,1,Left,0.482133333333422,0.487133333333077,NaN,6.00000000122236,0.0339769792856117,NaN,0.0339769792856117,7.44721485444276,NaN,7.44721485444276,-0.00664890131625002,-0.0333200725188535,258.715058160441,NaN,NaN
1219,NonStim,0,2,-0.0909,NaN,2,Left,0.492133333333186,0.497133333333295,NaN,6.00000000122236,0.0399840937851088,NaN,0.0399840937851088,8.88535589579647,NaN,8.88535589579647,0,0.0399840937851088,90,NaN,NaN
1219,NonStim,0,2,-0.0909,NaN,3,Merged,0.599133333333157,0.606133333333219,NaN,8.00000000162981,0.0759166806862292,0.0834566411142487,0.079686660900239,13.9094420595873,12.9447728587961,13.9094420595873,0.0432178829558669,0.0666403035705025,57.0355949327695,-2.00000000040745,9.25613758883327
1219,NonStim,0,2,-0.0909,NaN,4,Right,0.649133333333339,0.654133333333448,NaN,6.00000000122236,NaN,0.0421373619379208,0.0421373619379208,NaN,10.47135846943,10.47135846943,-0.0132978142326942,0.0399840644222181,108.395982659827,NaN,NaN
1220,NonStim,0,3,0.0909,NaN,1,Left,0.121799999999894,0.126799999999548,NaN,6.00000000122236,0.0399841717872973,NaN,0.0399841717872973,8.88537229639173,NaN,8.88537229639173,0,-0.0399841717872973,270,NaN,NaN
1221,Stim,1,1,-0.3636,-0.0531000000005406,1,Left,0.0224333333326285,0.0274333333327377,0.0755333333331691,6.00000000122236,0.0339770075643942,NaN,0.0339770075643942,8.66300381593151,NaN,8.66300381593151,0.00664890662196697,-0.0333201002964166,281.284941447305,NaN,NaN
1221,Stim,1,1,-0.3636,-0.0531000000005406,2,Right,0.358433333332869,0.363433333332978,0.411533333333409,6.00000000122236,NaN,0.0446833862266487,0.0446833862266487,NaN,9.92964096896843,9.92964096896843,-0.0199467001892296,0.0399841738221617,116.512997618601,NaN,NaN
1221,Stim,1,1,-0.3636,-0.0531000000005406,3,Left,0.407433333332847,0.412433333332956,0.460533333333387,6.00000000122236,0.0399841866609197,NaN,0.0399841866609197,8.95421065916384,NaN,8.95421065916384,0,0.0399841866609197,90,NaN,NaN
1224,Stim,1,4,0.1818,-0.0503666666668323,1,Left,0.0248333333333903,0.0318333333334522,0.0752000000002226,8.00000000162981,0.0485065716652034,NaN,0.0485065716652034,8.66656063568074,NaN,8.66656063568074,-0.0132978135481329,0.0466482116436483,105.911043004353,NaN,NaN
1224,Stim,1,4,0.1818,-0.0503666666668323,2,Left,0.0778333333332739,0.0828333333333831,0.128200000000106,6.00000000122236,0.0446834047367307,NaN,0.0446834047367307,9.92964576306053,NaN,9.92964576306053,-0.01994671584532,0.0399841866974002,116.513008212732,NaN,NaN
1224,Stim,1,4,0.1818,-0.0503666666668323,3,Merged,0.443833333333259,0.463833333333241,0.494200000000092,21.0000000042783,0.232679584179173,0.173662961655967,0.20317127291757,14.8944664073686,12.4120534689224,14.8944664073686,0.0930846309820129,-0.179928682723002,297.354415449994,1.00000000020373,8.83060699580159
1225,NonStim,0,3,1,NaN,1,Merged,0.428466666666736,0.438466666666955,NaN,11.000000002241,0.131017325693842,0.137117669675527,0.134067497684684,18.579747580978,19.9825160954039,19.9825160954039,0.123004694248024,0.0533121981817605,23.4326786283588,4.00000000081491,1.13057783419416
1225,NonStim,0,3,1,NaN,2,Left,0.678466666666736,0.684466666666594,NaN,7.00000000142609,0.0446833867566374,NaN,0.0446833867566374,11.0905922435125,NaN,11.0905922435125,-0.0199467207672341,-0.039984164148788,243.486973232929,NaN,NaN
1225,NonStim,0,3,1,NaN,3,Left,0.690466666666907,0.696466666666765,NaN,7.00000000142609,0.039984164148788,NaN,0.039984164148788,6.66403028646635,NaN,6.66403028646635,0,0.039984164148788,90,NaN,NaN
1226,Stim,1,4,0.0909,-0.0620000000003529,1,Merged,0.330566666666527,0.346566666666604,0.39256666666688,17.0000000034634,0.279700950244519,0.239229059414221,0.25946500482937,26.8301723219463,25.6364984613593,26.8301723219463,0.056515693950791,-0.253232749578096,282.580920785427,1.00000000020373,0.493222041732281
1226,Stim,1,4,0.0909,-0.0620000000003529,2,Right,0.859566666666524,0.865566666666382,0.921566666666877,7.00000000142609,NaN,0.0549456513518644,0.0549456513518644,NaN,9.48692525509496,9.48692525509496,-0.013297811739469,-0.0533122200383953,255.994351753887,NaN,NaN
1226,Stim,1,4,0.0909,-0.0620000000003529,3,Right,0.8755666666666,0.880566666666709,0.937566666666953,6.00000000122236,NaN,0.0426328493521661,0.0426328493521661,NaN,9.41367397394489,9.41367397394489,0.0265956279665623,0.0333201503140172,51.4036745972339,NaN,NaN
1228,NonStim,0,3,-0.6363,NaN,1,Right,0.360099999999875,0.366099999999733,NaN,7.00000000142609,NaN,0.0399841874428989,0.0399841874428989,NaN,6.75553874074711,6.75553874074711,0,-0.0399841874428989,270,NaN,NaN
1229,NonStim,0,1,0.1818,NaN,1,Left,0.136933333333218,0.141933333333327,NaN,6.00000000122236,0.0446834039499855,NaN,0.0446834039499855,10.471382710541,NaN,10.471382710541,-0.0199467211641483,0.0399841831648128,116.513016337667,NaN,NaN
1230,Stim,1,4,-0.6363,-0.0550333333335402,1,Right,0.82149999999956,0.826499999999669,0.8765333333331,6.00000000122236,NaN,0.0358756744907144,0.0358756744907144,NaN,7.02291246488269,7.02291246488269,-0.0132978009552818,0.0333201517090995,111.756539221571,NaN,NaN
1231,NonStim,0,2,0.0909,NaN,1,Left,0.20583333333343,0.210833333333539,NaN,6.00000000122236,0.0388342742988523,NaN,0.0388342742988523,8.66655367030523,NaN,8.66655367030523,-0.0199467174689869,0.0333201038793536,120.906389007658,NaN,NaN
1231,NonStim,0,2,0.0909,NaN,2,Merged,0.26183333333347,0.271833333333689,NaN,11.000000002241,0.152201604010994,0.10739427941138,0.129797941711187,20.4127343042762,13.7364187329781,20.4127343042762,0.0565157050764421,-0.116620496863306,295.855390258911,0,6.53733452391668
1231,NonStim,0,2,0.0909,NaN,3,Left,0.506833333333361,0.51183333333347,NaN,6.00000000122236,0.0421372801869854,NaN,0.0421372801869854,9.92960683671463,NaN,9.92960683671463,0.0132978141687429,0.0399839782899363,71.6039804624279,NaN,NaN
1231,NonStim,0,2,0.0909,NaN,4,Left,0.517833333333328,0.522833333333438,NaN,6.00000000122236,0.051977929944967,NaN,0.051977929944967,11.0905710487363,NaN,11.0905710487363,0.0398934004078411,-0.0333199910753825,320.130501994786,NaN,NaN
1232,NonStim,0,4,-0.0909,NaN,1,Left,0.0351999999998043,0.0401999999999134,NaN,6.00000000122236,0.0405332054453863,NaN,0.0405332054453863,9.1576077979581,NaN,9.1576077979581,-0.00664890589010069,0.0399841567891894,99.4412397712606,NaN,NaN
1232,NonStim,0,4,-0.0909,NaN,2,Left,0.22019999999975,0.226199999999608,NaN,7.00000000142609,0.0759696176624787,NaN,0.0759696176624787,14.8944572421048,NaN,14.8944572421048,0.0199467208703761,-0.0733042368100405,285.222125778365,NaN,NaN
1232,NonStim,0,4,-0.0909,NaN,3,Merged,0.518199999999524,0.545199999999568,NaN,28.0000000057044,0.491361955671434,0.45284290641886,0.472102431045147,29.8547127508897,27.7264481114884,29.8547127508897,0.265954408512201,-0.389840855826557,304.302307532313,4.00000000081491,3.19623842200059
1232,NonStim,0,4,-0.0909,NaN,4,Merged,0.768199999999524,0.785199999999804,NaN,18.0000000036671,0.362666494295151,0.362021868785081,0.362344181540116,33.2716146652993,33.526032692407,33.526032692407,-0.279252784691369,0.229906311068775,140.535679946662,4.00000000081491,6.74438409474391
1232,NonStim,0,4,-0.0909,NaN,5,Left,0.918199999999615,0.923199999999724,NaN,6.00000000122236,0.0405332125555508,NaN,0.0405332125555508,9.15760743321583,NaN,9.15760743321583,0.00664889950679342,-0.0399841650584581,279.441228952929,NaN,NaN
1232,NonStim,0,4,-0.0909,NaN,6,Left,0.964199999999892,0.969199999999546,NaN,6.00000000122236,0.0399841843317957,NaN,0.0399841843317957,8.88537472934852,NaN,8.88537472934852,0,-0.0399841843317957,270,NaN,NaN
1233,NonStim,0,2,-0.4545,NaN,1,Left,0.238166666666984,0.244166666666843,NaN,7.00000000142609,0.0480214093521231,NaN,0.0480214093521231,9.41366300324187,NaN,9.41366300324187,-0.0265956253928218,0.0399841026675461,123.6300630323,NaN,NaN
1236,NonStim,0,4,-0.0909,NaN,1,Left,0.0549333333333379,0.0649333333331015,NaN,11.000000002241,0.0332445154766831,NaN,0.0332445154766831,7.84471891130356,NaN,7.84471891130356,-0.0332445154766831,0,180,NaN,NaN
1236,NonStim,0,4,-0.0909,NaN,2,Left,0.073933333333116,0.0879333333332397,NaN,15.0000000030559,0,NaN,0,9.41366058887967,NaN,9.41366058887967,0,0,0,NaN,NaN
1236,NonStim,0,4,-0.0909,NaN,3,Left,0.0899333333331924,0.0969333333332543,NaN,8.00000000162981,0.0339770340032969,NaN,0.0339770340032969,7.02290779236785,NaN,7.02290779236785,-0.0066488989320237,0.0333201287910615,101.284919327419,NaN,NaN
1236,NonStim,0,4,-0.0909,NaN,4,Left,0.0999333333334107,0.106933333333018,NaN,8.00000000162981,0.0333201287910615,NaN,0.0333201287910615,6.66402654181937,NaN,6.66402654181937,0,-0.0333201287910615,270,NaN,NaN
1236,NonStim,0,4,-0.0909,NaN,5,Left,0.11793333333344,0.128933333333407,NaN,12.0000000024447,0.0332444748132774,NaN,0.0332444748132774,9.413661468092,NaN,9.413661468092,0.0332444748132774,0,0,NaN,NaN
1236,NonStim,0,4,-0.0909,NaN,6,Left,0.13093333333336,0.135933333333014,NaN,6.00000000122236,0.0274728146382153,NaN,0.0274728146382153,7.02290779236785,NaN,7.02290779236785,-0.0066488989320237,0.0266561003737881,104.005639075749,NaN,NaN
1236,NonStim,0,4,-0.0909,NaN,7,Left,0.137933333333422,0.150933333333342,NaN,14.0000000028522,0.0210687214890115,NaN,0.0210687214890115,7.02290779236785,NaN,7.02290779236785,0.0066488989320237,-0.0199920776352352,288.395922556391,NaN,NaN
1236,NonStim,0,4,-0.0909,NaN,8,Left,0.152933333333294,0.157933333333403,NaN,6.00000000122236,0.0274728205417683,NaN,0.0274728205417683,6.66402654181937,NaN,6.66402654181937,0.00664890055856047,0.0266561060525085,75.9943604991461,NaN,NaN
1236,NonStim,0,4,-0.0909,NaN,9,Left,0.204933333333429,0.219933333333302,NaN,16.0000000032596,0.0470683543849742,NaN,0.0470683543849742,8.93919737946358,NaN,8.93919737946358,-0.0332445091347432,0.0333201530143469,134.93488927846,NaN,NaN
1236,NonStim,0,4,-0.0909,NaN,10,Left,0.248933333333298,0.271933333333436,NaN,24.0000000048894,0.0066488989320237,NaN,0.0066488989320237,9.54000306206408,NaN,9.54000306206408,0.0066488989320237,0,0,NaN,NaN
1236,NonStim,0,4,-0.0909,NaN,11,Left,0.274933333333138,0.288933333333262,NaN,15.0000000030559,0.0210304633594471,NaN,0.0210304633594471,8.00357880173233,NaN,8.00357880173233,0.0199467058389948,0.00666403145893383,18.4740527178047,NaN,NaN
1236,NonStim,0,4,-0.0909,NaN,12,Left,0.296933333333072,0.303933333333134,NaN,8.00000000162981,0.0426328433226375,NaN,0.0426328433226375,8.66655968749496,NaN,8.66655968749496,0.0265956149181226,-0.0333201530143469,308.596309433201,NaN,NaN
1236,NonStim,0,4,-0.0909,NaN,13,Left,0.317933333333258,0.32493333333332,NaN,8.00000000162981,0.0388343104834742,NaN,0.0388343104834742,7.84472600998652,NaN,7.84472600998652,0.0199467058389948,0.0333201530143469,59.0936629499492,NaN,NaN
1236,NonStim,0,4,-0.0909,NaN,14,Left,0.343933333333098,0.35093333333316,NaN,8.00000000162981,0.0333201530143469,NaN,0.0333201530143469,7.0229119841255,NaN,7.0229119841255,0,-0.0333201530143469,270,NaN,NaN
1236,NonStim,0,4,-0.0909,NaN,15,Left,0.371933333333345,0.378933333333407,NaN,8.00000000162981,0.047068365925751,NaN,0.047068365925751,8.00357932237711,NaN,8.00357932237711,0.0332445254744433,0.0333201530143469,45.0650966411218,NaN,NaN
1236,NonStim,0,4,-0.0909,NaN,16,Left,0.399933333333138,0.413933333333262,NaN,15.0000000030559,0.0132978125623437,NaN,0.0132978125623437,7.1054752638167,NaN,7.1054752638167,-0.0132978125623437,0,180,NaN,NaN
1236,NonStim,0,4,-0.0909,NaN,17,Left,0.417933333333167,0.427933333333385,NaN,11.000000002241,0.0199467194925736,NaN,0.0199467194925736,7.4370883308081,NaN,7.4370883308081,0.0199467194925736,0,0,NaN,NaN
1236,NonStim,0,4,-0.0909,NaN,18,Left,0.458933333333334,0.465933333333396,NaN,8.00000000162981,0.0333201547001518,NaN,0.0333201547001518,6.66403120545664,NaN,6.66403120545664,0,0.0333201547001518,90,NaN,NaN
1236,NonStim,0,4,-0.0909,NaN,19,Left,0.47593333333316,0.485933333333378,NaN,11.000000002241,0.0132978125623437,NaN,0.0132978125623437,6.74103490741751,NaN,6.74103490741751,-0.0132978125623437,0,180,NaN,NaN
1236,NonStim,0,4,-0.0909,NaN,20,Left,0.48893333333308,0.493933333333189,NaN,6.00000000122236,0.0266561231737858,NaN,0.0266561231737858,6.6640308221388,NaN,6.6640308221388,0,-0.0266561231737858,270,NaN,NaN
1236,NonStim,0,4,-0.0909,NaN,21,Left,0.495933333333141,0.501933333333454,NaN,7.00000000142609,0.0188273480798536,NaN,0.0188273480798536,4.56963543927533,NaN,4.56963543927533,0.0132978112790911,0.0133280625338286,45.0650971490292,NaN,NaN
1236,NonStim,0,4,-0.0909,NaN,22,Left,0.503933333333407,0.520933333333232,NaN,18.0000000036671,0.0536971227778589,NaN,0.0536971227778589,7.9965858768392,NaN,7.9965858768392,-0.0265956189172271,0.0466481944884267,119.688839434025,NaN,NaN
1236,NonStim,0,4,-0.0909,NaN,23,Left,0.522933333333185,0.527933333333294,NaN,6.00000000122236,0.0332929312799613,NaN,0.0332929312799613,8.0035750440617,NaN,8.0035750440617,0.0199467129120996,-0.0266561046894423,306.807439745854,NaN,NaN
1236,NonStim,0,4,-0.0909,NaN,24,Left,0.529933333333247,0.542933333333167,NaN,14.0000000028522,0.0266561046894423,NaN,0.0266561046894423,6.66402748586912,NaN,6.66402748586912,0,0.0266561046894423,90,NaN,NaN
1236,NonStim,0,4,-0.0909,NaN,25,Left,0.548933333333025,0.555933333333087,NaN,8.00000000162981,0.0339770402039681,NaN,0.0339770402039681,6.66402748586912,NaN,6.66402748586912,0.00664890527396357,-0.0333201338484695,281.284928146226,NaN,NaN
1236,NonStim,0,4,-0.0909,NaN,26,Left,0.575933333333069,0.582933333333131,NaN,8.00000000162981,0.0333201338484695,NaN,0.0333201338484695,6.75553557999762,NaN,6.75553557999762,0,0.0333201338484695,90,NaN,NaN
1236,NonStim,0,4,-0.0909,NaN,27,Left,0.722933333333003,0.728933333333316,NaN,7.00000000142609,0.0426328254017362,NaN,0.0426328254017362,9.41366920173675,NaN,9.41366920173675,0.0265956102027195,-0.0333201338484695,308.596320548707,NaN,NaN
1236,NonStim,0,4,-0.0909,NaN,28,Left,0.730933333333269,0.740933333333032,NaN,11.000000002241,0.0332929311570414,NaN,0.0332929311570414,8.66655574049582,NaN,8.66655574049582,-0.0199467058389947,0.0266561098287075,126.807424700914,NaN,NaN
1236,NonStim,0,4,-0.0909,NaN,29,Left,0.746933333333345,0.752933333333203,NaN,7.00000000142609,0.0470683452965934,NaN,0.0470683452965934,9.41367003436262,NaN,9.41367003436262,0.0332445154766831,-0.0333201338484695,314.93491122184,NaN,NaN
1236,NonStim,0,4,-0.0909,NaN,30,Left,0.757933333333312,0.764933333333374,NaN,8.00000000162981,0.0470683452965934,NaN,0.0470683452965934,9.41367003436262,NaN,9.41367003436262,-0.0332445154766831,0.0333201338484695,134.93491122184,NaN,NaN
1236,NonStim,0,4,-0.0909,NaN,31,Left,0.786933333333309,0.793933333333371,NaN,8.00000000162981,0.0333201338484695,NaN,0.0333201338484695,6.66402748586912,NaN,6.66402748586912,0,-0.0333201338484695,270,NaN,NaN
1236,NonStim,0,4,-0.0909,NaN,32,Left,0.799933333333229,0.806933333333291,NaN,8.00000000162981,0.0339770606525078,NaN,0.0339770606525078,6.66403120545664,NaN,6.66403120545664,0.00664890527396357,-0.0333201547001518,281.284921265369,NaN,NaN
1236,NonStim,0,4,-0.0909,NaN,33,Left,0.810933333333196,0.818933333333007,NaN,9.00000000183354,0.0239897548040068,NaN,0.0239897548040068,7.84472611341437,NaN,7.84472611341437,-0.0199467058389947,0.0133280629398643,146.249801016557,NaN,NaN
1236,NonStim,0,4,-0.0909,NaN,34,Left,0.845933333333051,0.852933333333112,NaN,8.00000000162981,0.0333201547001518,NaN,0.0333201547001518,6.66403120545664,NaN,6.66403120545664,0,-0.0333201547001518,270,NaN,NaN
1236,NonStim,0,4,-0.0909,NaN,35,Left,0.869933333333393,0.876933333333454,NaN,8.00000000162981,0.0388343119299086,NaN,0.0388343119299086,7.84472557070538,NaN,7.84472557070538,0.0199467058389948,0.0333201547001518,59.0936642274757,NaN,NaN
1236,NonStim,0,4,-0.0909,NaN,36,Left,0.88093333333336,0.887933333333422,NaN,8.00000000162981,0.0358756611205999,NaN,0.0358756611205999,7.44722965475541,NaN,7.44722965475541,-0.0132978096376884,0.0333201338484695,111.756562673227,NaN,NaN
1236,NonStim,0,4,-0.0909,NaN,37,Left,0.892933333333076,0.9069333333332,NaN,15.0000000030559,0.0679540992942306,NaN,0.0679540992942306,6.7555341636795,NaN,6.7555341636795,-0.0132978025645835,-0.0666402885486213,258.715081895253,NaN,NaN
1236,NonStim,0,4,-0.0909,NaN,38,Left,0.934933333333447,0.950933333333069,NaN,17.0000000034634,0.033244493764749,NaN,0.033244493764749,8.66300284739572,NaN,8.66300284739572,0.033244493764749,0,0,NaN,NaN
1237,Stim,1,2,-0.3636,-0.0524666666669873,1,Left,0.0103999999996631,0.016399999999976,0.0628666666666504,7.00000000142609,0.0519780487785616,NaN,0.0519780487785616,9.41367310338707,NaN,9.41367310338707,0.0398934178526752,0.0333201555647386,39.8696248408715,NaN,NaN
1237,Stim,1,2,-0.3636,-0.0524666666669873,2,Left,0.0743999999999687,0.0793999999996231,0.126866666666956,6.00000000122236,0.0519780487785616,NaN,0.0519780487785616,11.0905880552889,NaN,11.0905880552889,-0.0398934178526752,0.0333201555647386,140.130375159129,NaN,NaN
1237,Stim,1,2,-0.3636,-0.0524666666669873,3,Left,0.126399999999649,0.132399999999961,0.178866666666636,7.00000000142609,0.0333201555647386,NaN,0.0333201555647386,8.66300371565558,NaN,8.66300371565558,1.38777878078145e-17,-0.0333201555647386,270,NaN,NaN
1238,NonStim,0,3,-0.1818,NaN,1,Left,0.878699999999753,0.883699999999862,NaN,6.00000000122236,0.0333201469281647,NaN,0.0333201469281647,6.6640310212487,NaN,6.6640310212487,0,0.0333201469281647,90,NaN,NaN
1242,NonStim,0,1,-0.1818,NaN,1,Merged,0.900733333333392,0.910733333333155,NaN,11.000000002241,0.160821134843521,0.172929677937407,0.166875406390464,22.1630196498499,26.9918693749661,26.9918693749661,0.159573658281642,-0.0433161621040028,344.813055152646,4.00000000081491,15.5250631176188
1244,NonStim,0,3,-0.4545,NaN,1,Left,0.856566666667277,0.861566666667386,NaN,6.00000000122236,0.0399841584796184,NaN,0.0399841584796184,8.88536957123495,NaN,8.88536957123495,0,0.0399841584796184,90,NaN,NaN
1245,NonStim,0,4,-0.4545,NaN,1,Left,0.342266666666546,0.347266666666656,NaN,6.00000000122236,0.0480214509754563,NaN,0.0480214509754563,11.0976436182624,NaN,11.0976436182624,0.0265956277825962,-0.0399841510681139,303.630033423835,NaN,NaN
1245,NonStim,0,4,-0.4545,NaN,2,Left,0.966266666667252,0.971266666666452,NaN,6.00000000122236,0.0333201049670786,NaN,0.0333201049670786,7.84472450558168,NaN,7.84472450558168,0,-0.0333201049670786,270,NaN,NaN
