TrialIndex,GoodSelection,TrialType,IsStim,HasAnalysisWindow,VisualStimOnS,VisualStimOffS,ElectricalStimOnRelVisualS,AnalysisDurationS,SampleRateHz,Condition,SignedCoherence,Direction,Response,LeftCandidateCount,RightCandidateCount,MicrosaccadeCount,MicrosaccadeRateHz,MeanMicrosaccadeAmplitudeDeg,MeanMicrosaccadePeakVelocityDegS,MeanMicrosaccadeDurationMs,TrialDirectionX,TrialDirectionY,TrialMeanDirectionDeg,TrialDirectionResultantLength,LeftThresholdXDegS,LeftThresholdYDegS,RightThresholdXDegS,RightThresholdYDegS
3,1,NonStim,0,1,14.1418333333333,15.1247666666667,NaN,0.983000000000001,1000.00000000055,4,-1,-1,1,6,15,4,4.06917599186165,0.0976957747147115,13.1566668169603,31.9999999999823,0.235680245160018,-0.331344160500931,305.423684832612,0.406612998632303,3.98934151783459,1.33277770428843,2.65956172863198,1.38777878078221e-14
5,1,Stim,1,1,18.9759,19.9439666666667,-0.061166666666665,0.968000000000004,999.999999998778,4,-1,-1,0,18,1,1,1.03305785123967,0.364269644140704,38.1408808418258,38.0000000000464,-0.166710016750778,-0.986005968701486,260.40341275428,1,1.32978003942984,1.38777878077975e-14,5.31911988437959,25.8592286661146
6,1,Stim,1,1,22.3268,23.2933333333333,-0.0548333333333311,0.966999999999999,999.999999998778,1,0.1818,1,1,18,2,2,2.06825232678387,0.0166424439792605,6.9159603925989,19.0000000000232,-0.122524002375226,0.327890029151821,110.489412300715,0.350034287427998,1.32978107311023,1.73472347597469e-15,8.44666459653705,1.33280578504746
7,1,Stim,1,1,25.6935,26.6710333333333,-0.060966666666662,0.978000000000002,999.999999998778,4,0.6363,1,1,0,19,0,0,NaN,NaN,NaN,NaN,NaN,NaN,NaN,1.32978129794409,12.9228535950455,6.93889390389875e-15,1.33280322511973
10,1,Stim,1,1,34.0286,35.0121333333333,-0.0485333333333315,0.983999999999995,1000.00000000233,4,-0.3636,-1,1,12,1,1,1.01626016260163,0.198527916774561,22.0896608130368,59.9999999998602,-0.688833210789269,0.724919862959863,133.537818215452,1,1.32978142408093,2.77555756156936e-14,3.98934348817264,3.99840210466717
13,1,Stim,1,1,43.2549333333333,44.2196666666667,-0.0549999999999926,0.964999999999996,1000.00000000233,3,0.1818,1,0,1,1,1,1.03626943005182,0.245433800786509,23.7011279466407,20.9999999999511,-0.10839932884175,-0.99410743157199,263.776947893354,1,9.30846857274392,1.33280551901055,7.97868666623116,6.66396657646147
15,1,NonStim,0,1,50.2302333333333,51.2055333333333,NaN,0.974999999999994,1000.00000000233,2,-0.3636,-1,1,2,1,1,1.02564102564103,0.288230695979429,27.4321018673416,24.9999999999417,-0.971226634456284,0.238157142497806,166.222201090916,1,10.6382340120097,5.33121402996762,10.6381421701445,5.33122435031937
17,1,Stim,1,1,55.5565,56.5225,-0.0587666666666635,0.965999999999994,1000.00000000233,3,-0.0909,-1,0,5,2,1,1.03519668737061,0.136509715612475,15.3756330037906,15.9999999999627,0.696334846102611,-0.717717062708734,314.133682859363,1,7.97868811990154,1.33280592653183,11.9680303583193,5.33120445185699
18,1,NonStim,0,1,58.9150666666667,59.8901333333333,NaN,0.975000000000001,1000.00000000233,2,0.3636,1,0,0,1,0,0,NaN,NaN,NaN,NaN,NaN,NaN,NaN,13.2978112908092,7.99683631265745,10.6381960904491,5.33121220083909
19,1,NonStim,0,1,62.2747666666667,63.2389333333333,NaN,0.963999999999999,1000.00000000233,1,-0.3636,-1,0,2,15,2,2.0746887966805,0.300926043970918,28.4280471568432,28.9999999999324,-0.287911699572436,-0.0464658045208916,189.167861915164,0.29163713367893,5.31912468117308,5.33115471232347,1.38777878078468e-14,3.99840029407646
20,1,Stim,1,1,65.5748666666667,66.5407666666667,-0.0541000000000196,0.966000000000008,999.999999995225,3,-0.4545,-1,1,0,0,0,0,NaN,NaN,NaN,NaN,NaN,NaN,NaN,10.6382469760468,7.99683733146872,7.97868364203339,5.33122247383051
21,1,NonStim,0,1,68.9332666666667,69.8921666666667,NaN,0.959000000000003,999.999999995225,2,-0.0909,-1,0,0,1,0,0,NaN,NaN,NaN,NaN,NaN,NaN,NaN,11.9680252042367,5.33121986849434,7.97867647285553,5.3312193136289
22,1,NonStim,0,1,72.2594333333333,73.2261,NaN,0.966999999999999,999.999999995225,3,-0.4545,-1,0,1,0,0,0,NaN,NaN,NaN,NaN,NaN,NaN,NaN,6.64890595843448,3.99841689406014,7.97867156811906,12.6723085270149
23,1,NonStim,0,1,75.4594,76.4174333333333,NaN,0.958000000000013,999.999999995225,3,0.4545,1,0,2,1,1,1.0438413361169,0.21741308491905,19.4797967321585,19.0000000000907,-0.864860663537652,0.50201198458325,149.866798658419,1,7.97868462422759,4.71214804352885,10.6382512106255,7.99679402858056
24,1,Stim,1,1,78.7513666666667,79.7106,-0.0663666666666813,0.959000000000003,999.999999995225,2,-0.1818,-1,0,0,2,0,0,NaN,NaN,NaN,NaN,NaN,NaN,NaN,14.6275895475428,2.66560998079512,11.9680284604582,1.33280612721788
25,1,Stim,1,1,82.0681333333333,83.0702,-0.0482000000000227,1.002,999.999999995225,1,-0.6363,-1,1,11,22,9,8.98203592814375,0.0583254235548985,8.0966626538311,25.8888888890125,0.169190276371817,-0.541251322470262,287.358773036776,0.567078780853754,2.65956018624128,1.33280501369357,2.60743880881788e-07,1.33280585947873
26,1,Stim,1,1,85.4944666666667,86.4616,-0.0627999999999957,0.966999999999999,999.999999995225,4,-0.6363,-1,0,1,5,1,1.03412616339194,0.138136526537768,14.1173248432103,15.0000000000716,0.121367090068235,0.992607691612537,83.0289922072642,1,6.89208795834814,2.99881411893536,1.32978122207237,5.33122067457717
27,1,Stim,1,1,88.6369333333333,89.6053,-0.0584333333333404,0.969000000000008,999.999999995225,2,1,1,0,2,2,2,2.06398348813208,0.289933310289425,23.4348104148317,21.5000000001027,-0.263828585845978,-0.07884231761282,196.638206199753,0.275357283826031,13.2978078577234,5.33118392259665,11.9680324792117,5.33121587705157
29,1,NonStim,0,1,94.6374666666667,95.6153333333333,NaN,0.977999999999994,999.999999995225,2,0.4545,1,0,0,0,0,0,NaN,NaN,NaN,NaN,NaN,NaN,NaN,13.2978002289957,6.664023981838,11.9680148849714,3.99840965531069
30,1,NonStim,0,1,98.0121333333333,99.0033333333333,NaN,0.991,999.999999995225,4,0.6363,1,1,15,7,4,4.03632694248234,0.237370998866594,23.8582343908441,47.750000000228,-0.0435347084761259,-0.0301648955514699,214.717818131992,0.0529640610766617,1.38777878077482e-14,1.38777878077482e-14,1.32977818176464,2.66561107448833
31,1,Stim,1,1,101.3804,102.3617,-0.0555000000000092,0.981000000000009,999.999999995225,4,0.3636,1,1,1,0,0,0,NaN,NaN,NaN,NaN,NaN,NaN,NaN,11.8754860820642,2.99880288043733,5.31912382955058,10.9688922598706
32,1,Stim,1,1,104.9139,105.8748,-0.0636333333333425,0.960999999999999,999.999999995225,3,0.3636,1,1,2,2,2,2.08116545265349,0.254010761841244,24.5475016155828,20.0000000000955,-0.32978628926549,0.00251405941536842,179.563225615027,0.329795871839302,11.9680292619881,3.99841522879121,7.97868165560428,5.33122522162819
34,1,Stim,1,1,109.822,110.8,-0.0570666666666853,0.978000000000009,999.999999995225,2,0.1818,1,1,5,3,1,1.02249488752555,0.107568258505828,13.6962205879118,20.0000000000955,0.204003880898804,-0.978970079511231,281.771193403237,1,17.2871584558283,1.33280593882108,13.29775944965,1.33280495400786
35,1,NonStim,0,1,113.3238,114.3075,NaN,0.984000000000009,999.999999995225,2,1,1,0,1,0,0,0,NaN,NaN,NaN,NaN,NaN,NaN,NaN,18.6168861075136,5.33121374357602,11.968029464046,10.0182186178473
38,1,NonStim,0,1,121.183433333333,122.1478,NaN,0.964000000000013,999.999999995225,1,0.6363,1,1,15,3,3,3.11203319502071,0.21439292601589,25.0495122314208,49.3333333335689,-0.192802283601866,0.383959989650093,116.663130782918,0.429648686969009,6.64890395593496,6.9388939038741e-15,3.19735444402803,6.66402491443587
39,1,NonStim,0,1,124.5503,125.508666666667,NaN,0.957999999999998,999.999999995225,3,-0.1818,-1,1,1,1,1,1.04384133611691,0.126873998485751,10.6253627547691,17.0000000000812,-0.110762868976759,0.993846862879809,96.3592934790107,1,9.99549683147345,6.66402554859406,11.968025941972,5.33122508881917
40,1,Stim,1,1,127.900066666667,128.8683,-0.06013333333334,0.968000000000004,999.999999995225,3,0.6363,1,1,7,12,3,3.099173553719,0.224279748806576,22.6956401442221,35.0000000001671,0.237053364743995,0.00934357498548551,2.25717291867189,0.237237434082311,7.97868725419536,1.3328037767913,10.6382462085146,2.77555756154964e-14
42,1,NonStim,0,1,133.368366666667,134.334566666667,NaN,0.966000000000008,999.999999995225,3,-0.0909,-1,1,2,2,1,1.03519668737059,0.201059375092684,17.0841275240702,18.0000000000859,-0.306566092656312,0.95184937402587,107.852408626677,1,9.3084504699282,6.66402694717426,11.9680260832201,5.33122321785528
43,1,Stim,1,1,136.593833333333,137.566166666667,-0.0546333333333564,0.973000000000013,999.999999995225,2,0.0909,1,1,6,4,1,1.02774922918806,0.102354476642318,17.5387547709928,34.0000000001623,-0.547644149410542,0.836711351432741,123.20554141736,1,14.6275935009252,1.33280537890953,10.6382496459717,1.33280618273088
44,1,NonStim,0,1,140.052566666667,141.027633333333,NaN,0.974999999999994,999.999999995225,1,-0.1818,-1,1,3,13,2,2.05128205128206,0.292326847149919,29.7265764639801,39.5000000001886,-0.130994978314494,-0.0605319608127597,204.801363585954,0.144304548173134,5.31912046286156,3.99839824342669,1.38777878077482e-14,5.33118371633126
45,1,NonStim,0,1,143.2948,144.251366666667,NaN,0.957000000000022,999.999999995225,2,-0.4545,-1,0,3,6,2,2.08986415882963,0.229672029846342,21.491358110374,23.0000000001098,-0.128319368951096,0.0232500517466379,169.730056035833,0.130408685884909,10.6382455831056,5.33122505537972,14.6275527511672,1.33280490645352
46,1,NonStim,0,1,146.6203,147.585866666667,NaN,0.965000000000003,999.999999995225,4,-0.3636,-1,1,5,15,5,5.18134715025905,0.157746474882613,16.910997024555,27.6000000001318,-0.067964939945369,0.313626892474316,102.227294536735,0.320906623092877,3.98934129096175,1.33280116455133,1.38777878077482e-14,5.33119992438327
47,1,Stim,1,1,149.8531,150.818666666667,-0.0542333333333147,0.965000000000003,999.999999995225,4,1,1,1,7,12,3,3.10880829015543,0.16262728597188,17.5232408857479,33.3333333334925,0.134556315099899,-0.30197742999402,294.016988486691,0.330599107922355,3.98934430991145,1.33280503244824,2.77555756154964e-14,24.7579077351429
49,1,Stim,1,1,154.838933333333,155.811266666667,-0.0613666666666859,0.973000000000013,999.999999995225,3,-0.6363,-1,0,2,3,2,2.05549845837613,0.368654771102617,34.6563062978131,22.000000000105,-0.0660598908490751,0.00624397010408584,174.600453986198,0.0663543242121599,7.97868222367355,5.33120503494827,13.2978141682625,5.33107524284468
50,1,NonStim,0,1,158.1634,159.1247,NaN,0.961000000000013,999.999999995225,2,-0.6363,-1,0,2,2,2,2.08116545265346,0.342493370564475,32.2313182176203,23.0000000001098,-0.25097112443439,-0.0273589412835161,186.221378428678,0.25245795089087,11.9680228570045,5.33115175061263,11.9680302038374,6.66403036978632
51,1,Stim,1,1,161.547633333333,162.512233333333,-0.0678666666666459,0.965000000000003,999.999999995225,2,0.6363,1,0,16,2,2,2.07253886010362,0.215017098985071,24.8617533156299,32.0000000001528,-0.131906776099427,-0.131223637466025,224.851249150387,0.186061926816744,10.638235202168,2.77555756154964e-14,11.9680327877646,5.33122323222516
52,1,NonStim,0,1,164.9977,165.962366666667,NaN,0.965000000000003,999.999999995225,2,-0.1818,-1,0,1,1,0,0,NaN,NaN,NaN,NaN,NaN,NaN,NaN,14.6275909717541,5.33122465274552,9.3084635998766,6.66403103498335
53,1,NonStim,0,1,168.398633333333,169.3662,NaN,0.968000000000018,999.999999995225,4,-0.4545,-1,0,18,1,1,1.03305785123965,0.230566260857702,26.4112854877633,38.0000000001814,-0.473954946206044,-0.880549095148491,241.708671531709,1,3.98934171272229,5.55111512309928e-14,3.98934147206613,17.1900335980479
56,1,Stim,1,1,175.949566666667,176.9147,-0.0572666666666635,0.965000000000003,999.999999995225,1,0.4545,1,1,16,16,10,10.3626943005181,0.050109235517691,11.3985025563048,38.3000000001829,-0.143491846890726,-0.168482157917033,229.579832104783,0.221305552710481,2.65956207906776,1.11022302461986e-13,2.77555756154964e-14,3.99841071250441
57,1,Stim,1,1,179.141633333333,180.115766666667,-0.0553333333333512,0.974000000000018,999.999999995225,1,-0.1818,-1,0,4,7,4,4.10677618069808,0.127280976204946,14.1577917562324,18.7500000000895,-0.268242637231612,-0.119426179740187,203.999440798244,0.293626846245887,2.6595623808551,5.33120770933424,10.0030430241741,1.33280316664072
58,1,Stim,1,1,182.292066666667,183.274733333333,-0.0511666666666599,0.981999999999999,999.999999995225,4,-0.0909,-1,1,4,3,3,3.05498981670061,0.143003373757225,17.7178916516892,29.0000000001385,-0.333209412155049,-0.16682194611701,206.594927142627,0.37263665151858,1.32977712864526,14.9650751422146,1.32978032177832,5.33120723887711
59,1,NonStim,0,1,185.6505,186.617566666667,NaN,0.966999999999985,999.999999995225,2,0.1818,1,1,4,13,2,2.0682523267839,0.126146189830949,14.8159816364642,37.5000000001791,-0.602401121116344,0.583381674745879,135.918920878905,0.838582905353749,11.9680324156877,1.3328059935331,7.97868599596065,6.9388939038741e-15
60,1,NonStim,0,1,188.8341,189.817066666667,NaN,0.983000000000004,999.999999995225,4,-0.0909,-1,1,10,5,5,5.08646998982704,0.186868644548233,26.7092792004231,27.4000000001308,0.0733298138217596,0.457382818847876,80.8915782515572,0.463223816931257,5.31912362999322,1.33280013414518,2.65956214205664,3.99838188375573
61,1,NonStim,0,1,192.093433333333,193.059966666667,NaN,0.966000000000008,999.999999995225,3,0.3636,1,1,2,2,2,2.07039337474118,0.244283119670661,22.4940105841229,20.5000000000979,-0.290055880374114,-0.137465326889176,205.357538625582,0.320981510116003,6.64890530694117,6.66393727869949,11.9679637412255,5.33122014410947
62,1,Stim,1,1,195.418833333333,196.4007,-0.055800000000005,0.981999999999999,999.999999995225,2,-0.3636,-1,1,2,2,2,2.03665987780041,0.18566583536439,18.5342780924462,16.0000000000764,-0.0825694311450049,0.0208654299041984,165.818162768249,0.0851649994111238,17.2871135404414,5.33122413524386,10.6382509540987,5.33122462770726
65,1,NonStim,0,1,203.595133333333,204.573066666667,NaN,0.978000000000009,999.999999995225,4,1,1,1,9,4,3,3.06748466257666,0.186235708988284,28.1203203650923,35.666666666837,-0.200425775356879,-0.327627942796017,238.543868494348,0.384071035523582,1.32978143070888,1.33280589187098,3.98934427399477,6.66398867298657
66,1,Stim,1,1,206.853533333333,207.820366666667,-0.061333333333323,0.966999999999985,999.999999995225,2,0.4545,1,0,2,2,2,2.0682523267839,0.270372928111796,26.1963472140216,16.5000000000788,-0.250213008181825,0.958958652822474,104.623664364644,0.991064199376858,11.9680308825962,6.66402140529435,10.638250185533,6.6640230335088
67,1,NonStim,0,1,210.0877,211.062966666667,NaN,0.975000000000023,999.999999995225,4,-0.6363,-1,0,10,21,6,6.15384615384601,0.155814613898927,18.3547418848666,42.6666666668704,0.0315128292463574,-0.0350313147286934,311.973335224634,0.047119543914716,3.98934388083142,1.3328031782758,1.38777878077482e-14,6.9388939038741e-15
68,1,NonStim,0,1,213.388666666667,214.356833333333,NaN,0.967999999999989,999.999999995225,1,0.3636,1,1,5,5,5,5.1652892561984,0.141040609887982,23.2455057825596,29.0000000001385,-0.00699677557819269,-0.092735352127635,265.685274226309,0.0929989268901962,1.32977847352515,3.99839808805129,5.31911326364975,2.66560002039525
69,1,NonStim,0,1,216.597366666667,217.579066666667,NaN,0.981999999999999,999.999999995225,3,-1,-1,1,15,2,2,2.03665987780041,0.335612923160441,29.579214565775,36.0000000001719,-0.0232218526878331,-0.00602134378488395,194.53645131339,0.0239898108210795,7.97866761644784,5.55111512309928e-14,10.6381960298552,6.66403057203682
71,1,Stim,1,1,221.422733333333,222.383233333333,-0.061966666666649,0.961000000000013,999.999999995225,2,-0.4545,-1,0,1,2,1,1.04058272632673,0.149624781671404,16.5070771253488,14.0000000000668,-0.13799026378856,-0.990433585405687,262.068431880773,1,14.6275954805931,5.33122332474818,10.6382169819733,7.9966847329005
72,1,NonStim,0,1,224.773233333333,225.748566666667,NaN,0.974999999999994,999.999999995225,1,0.4545,1,1,7,6,4,4.10256410256413,0.309405444720241,31.5768125077243,35.2500000001683,-0.146039502613209,0.0114950708377841,175.499410168052,0.146491204435895,5.31912484624234,1.33278671041494,3.98934266945581,5.33107515075079
73,1,Stim,1,1,227.998533333333,228.972866666667,-0.0535333333333483,0.974000000000018,999.999999995225,1,0.0909,1,1,6,11,4,4.10677618069808,0.0859038920917554,16.4775569097916,38.2500000001826,-0.143202117813919,-0.108772103969781,217.219231970147,0.179828299075547,3.93431147708082,1.3328056590763,1.38777878077482e-14,5.3312231912397
74,1,NonStim,0,1,231.357733333333,232.323066666667,NaN,0.966000000000008,999.999999995225,2,0.0909,1,1,1,2,1,1.03519668737059,0.151085280150291,15.2581603540823,15.0000000000716,-0.286345265247869,0.95812649951357,106.63927834348,1,18.6169394103515,7.99683458833911,10.6382513680919,5.33122520829492
75,1,Stim,1,1,234.7079,235.693466666667,-0.0503000000000213,0.986000000000018,999.999999995225,2,-1,-1,0,12,1,1,1.01419878296144,0.21391708312844,17.5572782608999,47.0000000002244,0.0872413775110453,-0.996187202311882,275.004925271122,1,18.6169241402861,5.55111512309928e-14,14.6275953844257,5.33122506101409
76,1,Stim,1,1,238.083333333333,239.066233333333,-0.0520000000000209,0.983000000000004,999.999999995225,1,0.6363,1,1,0,3,0,0,NaN,NaN,NaN,NaN,NaN,NaN,NaN,5.31912566036329,19.0177914697602,3.98933701765679,5.33122217566788
78,1,Stim,1,1,243.901266666667,244.8578,-0.062166666666684,0.956000000000017,999.999999995225,3,-0.3636,-1,1,2,3,2,2.09205020920498,0.359847290109637,30.077025013934,23.0000000001098,-0.226003683888588,-0.0204336651977777,185.16623523956,0.226925538017711,10.6382512386426,6.66399263081162,7.97864035711419,5.3312252013048
79,1,NonStim,0,1,247.259366666667,248.217866666667,NaN,0.958000000000027,999.999999995225,2,-1,-1,0,3,1,1,1.04384133611688,0.2088466070641,23.8746258082611,16.0000000000764,0.236009093219918,0.97175084662557,76.3488871784964,1,11.9680325258011,5.33122455658474,15.9573764581131,5.33119903628259
80,1,NonStim,0,1,250.610333333333,251.5867,NaN,0.976000000000028,999.999999995225,1,-0.4545,-1,0,5,3,3,3.07377049180319,0.217056517862889,27.9906630725547,21.0000000001003,-0.384291377013823,-0.49220327213694,232.018796123806,0.624454901133374,3.98934283281155,2.66560988048747,5.31912155904038,3.99841200721939
81,1,Stim,1,1,253.969833333333,254.9436,-0.0585333333333153,0.974000000000018,999.999999995225,3,-1,-1,1,2,2,2,2.05338809034904,0.200196469349677,23.2393182388872,24.0000000001146,-0.499117346953002,-0.143532884055643,196.043828896736,0.519345563988693,6.64890704425024,5.33120264237889,7.97868829693232,5.33121944460443
82,1,Stim,1,1,257.3708,258.3275,-0.0685333333333347,0.956999999999994,1000.00000002365,3,1,1,1,2,2,2,2.08986415882969,0.222298692788748,28.3126877564315,24.4999999994207,-0.191752108967237,0.000986521018388808,179.705228837554,0.191754646663655,5.31912568363511,3.99841884146744,14.62758750408,5.33122501581244
83,1,NonStim,0,1,260.637233333333,261.6026,NaN,0.964999999999975,1000.00000002365,3,-0.3636,-1,1,2,1,1,1.03626943005184,0.277961386409871,29.0995703105435,13.9999999996689,-0.0215288231048629,-0.999768228028736,268.766393991636,1,13.2978080711663,5.33122348712097,11.9680322833479,5.33117953000628
84,1,Stim,1,1,264.071666666667,265.047866666667,-0.0644333333333407,0.975999999999999,1000.00000002365,1,-0.3636,-1,0,0,6,0,0,NaN,NaN,NaN,NaN,NaN,NaN,NaN,3.98933845314086,22.2853907739007,1.32978133129846,0.942431654816253
85,1,Stim,1,1,267.412366666667,268.377966666667,-0.0521666666666079,0.964999999999975,1000.00000002365,1,-1,-1,0,18,3,3,3.10880829015552,0.152027850569353,19.7176958902186,32.9999999992197,-0.493980753118352,-0.604147214909032,230.728862631148,0.780391466979051,3.98934355540415,2.77555756162852e-14,2.65956253112999,17.0287170250692
86,1,NonStim,0,1,270.713833333333,271.672233333333,NaN,0.959000000000003,1000.00000002365,2,0.6363,1,0,0,0,0,0,NaN,NaN,NaN,NaN,NaN,NaN,NaN,14.6275840687221,7.99683642352459,13.2978128930005,11.9951231965158
87,1,NonStim,0,1,274.023,274.996533333333,NaN,0.973999999999933,1000.00000002365,3,-0.6363,-1,1,0,3,0,0,NaN,NaN,NaN,NaN,NaN,NaN,NaN,7.97868738278505,5.33121166172731,9.40296945467815,1.33280590561168
88,1,NonStim,0,1,277.347233333333,278.3166,NaN,0.968999999999937,1000.00000002365,4,0.3636,1,1,14,4,3,3.09597523219834,0.2864803638733,28.6248346824079,37.666666665776,-0.3987368224722,0.133396889187183,161.502401738449,0.420459015410592,2.39136786767228e-07,5.33119336471266,3.98934352839509,1.33279995341774
90,1,Stim,1,1,282.957233333333,283.9264,-0.0547666666666373,0.968999999999937,1000.00000002365,4,0.1818,1,1,16,1,1,1.03199174406611,0.129760264479023,27.8245357456591,41.9999999990068,-0.885599598789098,0.46444951353682,152.325398671213,1,1.32977835127665,2.77555756162852e-14,3.98934294710379,2.66560916866392
91,1,Stim,1,1,286.257966666667,287.214166666667,-0.067266666666626,0.956999999999994,1000.00000002365,3,-0.1818,-1,1,4,2,2,2.08986415882969,0.347323331015101,37.4020140754116,19.9999999995271,-0.199455468686023,-0.0755183001721665,200.737786231584,0.213273293334291,7.97868735457976,1.33280615552319,7.97867944405415,10.662430477703
92,1,NonStim,0,1,289.691066666667,290.674366666667,NaN,0.982999999999947,1000.00000002365,1,0.0909,1,1,8,7,3,3.0518819938964,0.102603825141297,13.6262138536272,27.333333332687,-0.579741925674258,-0.694768073008233,230.157045330469,0.904877547326748,2.65955993919718,6.93889390407131e-15,2.65956282541145,1.33280621186379
93,1,Stim,1,1,293.058733333333,294.034966666667,-0.0615333333333297,0.975999999999942,1000.00000002365,4,-0.4545,-1,0,3,3,2,2.04918032786897,0.13429694296169,13.5778695587478,26.4999999993734,-0.0360625738945506,0.0258122155388062,144.406357062631,0.0443483901277342,3.98933733555792,1.33280532492843,5.31912547464267,1.33280568369799
94,1,NonStim,0,1,296.2675,297.240566666667,NaN,0.973000000000013,1000.00000002365,1,-0.0909,-1,0,16,2,2,2.05549845837613,0.282773857975959,33.7242411278145,65.9999999984393,-0.243533914384212,-0.10067529127623,202.45987398456,0.263522829616051,2.77555756162852e-14,2.77555756162852e-14,2.65956250765592,3.99841751264932
95,1,NonStim,0,1,299.5591,300.534433333333,NaN,0.974999999999966,1000.00000002365,3,0.0909,1,0,6,3,2,2.05128205128212,0.204794781262043,22.8443761538187,29.4999999993024,-0.637030978498277,0.420886237492581,146.547268467378,0.763514042095582,11.9680233276868,1.33280623129112,11.9680287648057,5.33121998837662
96,1,Stim,1,1,302.893066666667,303.878433333333,-0.0547333333333313,0.984999999999957,1000.00000002365,4,-0.1818,-1,0,4,1,1,1.01522842639598,0.164208114816261,15.1468922901506,18.9999999995507,-0.734670247614252,0.678424371076404,137.279359800858,1,3.98934231995062,1.33280607964621,11.0138513979342,5.33122262980184
97,1,Stim,1,1,306.168233333333,307.135433333333,-0.0559666666666772,0.966999999999985,1000.00000002365,2,0.3636,1,0,14,1,1,1.03412616339195,0.24028618491767,25.73976549275,19.9999999995271,-0.664897601102021,-0.746934521928648,228.325529890574,1,15.9573629329561,2.77555756162852e-14,7.97867818228339,5.33122505086969
98,1,NonStim,0,1,309.4272,310.404666666667,NaN,0.976999999999975,1000.00000002365,4,0.0909,1,1,9,12,4,4.09416581371556,0.0989899399739785,16.7738240097794,50.4999999988058,0.290145856550174,0.288212624627375,44.8084827644608,0.408963488673297,5.31912568415775,1.38777878081426e-14,1.38777878081426e-14,1.3328061192288
99,1,Stim,1,1,312.778333333333,313.755233333333,-0.0572999999999979,0.976999999999975,1000.00000002365,1,0.3636,1,1,4,9,3,3.07062436028667,0.182040293340692,18.9337430818363,29.3333333326397,0.123796920908565,0.00582321074934266,2.69311746121754,0.123933802531322,3.98933453548445,1.33280129166406,1.32978022567589,1.33280568496802
100,1,NonStim,0,1,316.1456,317.111233333333,NaN,0.965999999999951,1000.00000002365,1,-1,-1,0,13,17,9,9.31677018633587,0.0766919780564905,11.8857600071597,57.9999999986285,0.157475611168552,0.136485133778706,40.9156861097506,0.208390882371327,2.65956284587258,5.55111512325705e-14,1.73472347601783e-15,1.38777878081426e-14
104,1,Stim,1,1,327.263166666667,328.2204,-0.0637999999999579,0.956999999999994,1000.00000002365,3,0.4545,1,1,1,1,1,1.04493207941484,0.212316461507527,20.1915882650161,33.999999999196,-0.748908551252913,0.662673359854055,138.495921483768,1,7.97868708258605,1.33280552377027,10.6382243289768,11.9952211279987
105,1,Stim,1,1,330.472133333333,331.4322,-0.0572999999999979,0.95999999999998,1000.00000002365,2,-0.0909,-1,1,0,1,0,0,NaN,NaN,NaN,NaN,NaN,NaN,NaN,11.9680316115438,3.99841483588138,7.97868815957138,5.3312140837139
106,1,NonStim,0,1,333.848433333333,334.805833333333,NaN,0.956999999999994,1000.00000002365,3,0.6363,1,1,1,0,0,0,NaN,NaN,NaN,NaN,NaN,NaN,NaN,7.97867794838667,6.66402712951762,7.97868675302957,14.467940106178
107,1,NonStim,0,1,337.1483,338.113966666667,NaN,0.964999999999975,1000.00000002365,3,0.1818,1,1,1,2,1,1.03626943005184,0.257963476270545,29.8149005881912,18.9999999995507,-0.384056323080309,-0.923309666743522,247.414831865342,1,9.30846337687401,5.33122477168995,5.31911927703239,5.33122474903124
108,1,NonStim,0,1,340.532366666667,341.506033333333,NaN,0.973999999999933,1000.00000002365,1,-0.6363,-1,1,6,6,4,4.10677618069844,0.186499221439739,24.9608199627138,38.4999999990896,-0.472284350936382,-0.147148485208438,197.305340211315,0.494676848900914,2.65955600132227,1.33280276721186,1.32977924598464,1.33280153869815
109,1,Stim,1,1,343.932433333333,344.9189,-0.052566666666678,0.98599999999999,1000.00000002365,3,0.0909,1,1,1,1,1,1.01419878296147,0.188986170935647,24.2975104852697,20.9999999995034,-0.883864554985524,-0.467742929866654,207.887884697739,1,7.97868838989145,3.9984189029786,11.9680088955683,5.33122354880313
110,1,Stim,1,1,347.250366666667,348.2262,-0.0579333333333238,0.975999999999999,1000.00000002365,4,0.4545,1,1,5,2,2,2.04918032786885,0.155298026819121,26.2325809602754,36.9999999991251,-0.550583385468246,-0.380122376732832,214.621171241094,0.66905536814728,3.98934374345234,1.33280339415985,5.31911831632702,5.33121241124357
111,1,NonStim,0,1,350.6758,351.6655,NaN,0.990000000000009,1000.00000002365,4,0.1818,1,0,4,3,3,3.030303030303,0.190802875946028,25.99541740285,30.333333332616,-0.230895021510507,-0.369612476088411,238.007189892492,0.435804880007721,2.65955669084058,3.99841789136937,3.98934305147467,3.99841825795125
112,1,Stim,1,1,354.059766666667,355.035266666667,-0.0503333333332989,0.975999999999999,1000.00000002365,1,-0.4545,-1,0,2,13,2,2.04918032786885,0.27475735136264,36.1050307513104,38.4999999990896,-0.199438080360406,-0.0104817174768638,183.008483340739,0.199713330298977,9.70872657671817,1.33280559451677,3.98934008517345,1.96565939389398e-07
114,1,Stim,1,1,360.0939,361.0592,-0.059599999999989,0.966000000000008,1000.00000002365,2,-0.6363,-1,0,2,2,2,2.07039337474118,0.280362286778488,31.3483371830949,17.9999999995744,-0.204998982005888,-0.977329960969329,258.153714617011,0.998598235143524,18.6168895152438,3.99841790498611,12.6503875970352,5.33121937812454
115,1,Stim,1,1,363.235766666667,364.209133333333,-0.0563666666666336,0.97399999999999,1000.00000002365,4,0.0909,1,0,7,2,2,2.0533880903491,0.154577538513265,19.4368965581301,45.4999999989241,-0.912837288462574,-0.216548948827034,193.345369220775,0.938171286304265,1.32977730992574,1.33280157673353,3.98934247555249,3.9984147043408
116,1,Stim,1,1,366.561,367.551033333333,-0.0568666666666218,0.990999999999985,1000.00000002365,1,-0.0909,-1,0,2,14,2,2.0181634712412,0.0819478817970443,11.7585808774936,40.4999999990423,-0.693117450966279,0.579710573181977,140.091514840904,0.903590697989399,1.32977861272486,17.5531769047365,3.98934311368664,5.55111512325705e-14
117,1,Stim,1,1,369.8286,370.794266666667,-0.0563000000000216,0.965999999999951,1000.00000002365,1,1,1,1,12,1,1,1.03519668737065,0.14671687602483,12.7428006833756,36.9999999991251,-0.888494152201497,-0.458887940028656,207.315371558161,1,1.3297810191142,1.73472347601783e-15,3.98934169220297,15.6608480291896
119,1,NonStim,0,1,375.8954,376.879966666667,NaN,0.98399999999998,1000.00000002365,4,-0.1818,-1,1,5,5,3,3.04878048780494,0.125549132867165,21.5438282914404,28.3333333326633,-0.464135318975001,-0.103929584441951,192.621519612886,0.475629007570294,5.31911960037377,1.3328062694398,1.32978098487398,3.99841856812579
120,1,NonStim,0,1,379.2462,380.213066666667,NaN,0.966999999999985,1000.00000002365,1,0.1818,1,0,12,5,4,4.1365046535678,0.077707894840818,10.8589665846455,22.4999999994679,-0.492372731404275,-0.396493623792249,218.843495405899,0.6321693604869,3.98934314717194,2.77555756162852e-14,2.65955733270825,1.33280597144053
122,1,NonStim,0,1,385.289533333333,386.2618,NaN,0.97199999999998,1000.00000002365,1,1,1,1,4,6,2,2.05761316872432,0.22034709170174,24.960057095096,43.9999999989595,-0.451760754449636,-0.647092489095401,235.079589475317,0.78918722031251,3.98933011551764,1.33280560691736,2.65955669851019,1.332806248272
123,1,NonStim,0,1,388.722066666667,389.700566666667,NaN,0.977999999999952,1000.00000002365,3,1,1,1,1,1,1,1.02249488752561,0.211573191783143,21.3433094303792,13.9999999996689,0.0661596626809854,-0.99780904938467,273.793440263924,1,10.6382386004137,3.99841857519314,10.6382418227921,6.66401119648174
124,1,NonStim,0,1,392.0233,392.999266666667,NaN,0.975999999999999,1000.00000002365,4,0.4545,1,0,15,15,10,10.2459016393443,0.038919490453091,8.3413708487303,32.2999999992362,0.168274547721526,0.00296564120882062,1.00966627565676,0.168300678663705,3.98933798016209,1.38777878081426e-14,12.0939291788155,1.73472347601783e-15
125,1,NonStim,0,1,395.331933333333,396.2973,NaN,0.966000000000008,1000.00000002365,4,0.4545,1,0,5,4,2,2.07039337474118,0.111980074134183,16.6001404098662,35.9999999991487,-0.604365447285603,-0.313091387237111,207.386405387339,0.6806495505286,2.65956274759963,1.33280424222963,3.98933629633182,1.33279724411844
126,1,NonStim,0,1,398.624733333333,399.6015,NaN,0.976999999999975,1000.00000002365,3,-1,-1,1,1,0,0,0,NaN,NaN,NaN,NaN,NaN,NaN,NaN,6.64890529470319,11.9952027138871,10.6382484168233,7.99681542631467
127,1,Stim,1,1,401.7997,402.7735,-0.053766666666661,0.97399999999999,1000.00000002365,4,-0.1818,-1,0,14,1,1,1.02669404517455,0.183293075799843,29.2156374014975,37.9999999991014,0.0989175984754512,-0.995095627923191,275.676844402472,1,2.77555756162852e-14,3.39798500986579,3.9893424062145,5.33120953954361
128,1,NonStim,0,1,404.9921,405.966833333333,NaN,0.97399999999999,1000.00000002365,1,-0.3636,-1,1,13,5,4,4.1067761806982,0.20136788116579,20.8466213050997,32.7499999992256,-0.0220976152990394,-0.0597382753494786,249.700205646289,0.0636943179854723,5.31911586804163,2.77555756162852e-14,3.98933600582188,1.33279352921166
129,1,NonStim,0,1,408.4592,409.4246,NaN,0.964999999999975,1000.00000002365,3,1,1,1,2,1,1,1.03626943005184,0.314386699647658,28.697648625699,17.9999999995744,-0.401831351337062,-0.915713691654019,246.307284881263,1,7.97868796165808,5.33122425924446,7.97868371197732,9.32964234420143
131,1,NonStim,0,1,414.743166666667,415.7182,NaN,0.974999999999966,1000.00000002365,3,-0.3636,-1,1,3,2,2,2.05128205128212,0.431974403455895,32.9022276667585,30.4999999992788,-0.083897920010497,-0.00807795633231345,185.499665375775,0.084285908434296,9.30846653838031,1.33273401047133,7.97868856490881,7.99680886514792
132,1,NonStim,0,1,418.2029,419.170833333333,NaN,0.968000000000018,1000.00000002365,2,0.0909,1,1,0,0,0,0,NaN,NaN,NaN,NaN,NaN,NaN,NaN,15.9573681666626,5.331224658265,13.297811653111,5.33122293367386
133,1,NonStim,0,1,421.511433333333,422.489066666667,NaN,0.977999999999952,1000.00000002365,3,-0.6363,-1,1,1,2,1,1.02249488752561,0.307205119284932,29.9007327191159,13.9999999996689,-0.470665390777024,0.882311787252506,118.077497160699,1,10.6382508227723,7.99683384377807,11.9680273729642,5.33122483557522
134,1,NonStim,0,1,425.036466666667,426.024033333333,NaN,0.988,1000.00000002365,1,-1,-1,1,8,9,5,5.06072874493927,0.126356326184338,23.2943462325959,33.1999999992149,0.145842426406085,-0.184650323243668,308.302749500572,0.235299288596471,1.3297814156078,2.66561194474658,1.32978075816852,1.33280582404172
135,1,NonStim,0,1,428.3532,429.3193,NaN,0.966000000000008,1000.00000002365,2,1,1,1,0,3,0,0,NaN,NaN,NaN,NaN,NaN,NaN,NaN,15.9573642362952,6.66402957709987,7.97868839565048,6.66402178303091
136,1,NonStim,0,1,431.587066666667,432.561066666667,NaN,0.973999999999933,1000.00000002365,2,-1,-1,0,0,0,0,0,NaN,NaN,NaN,NaN,NaN,NaN,NaN,14.6275837938388,5.33122493347814,10.6382433138831,5.33122445175435
137,1,Stim,1,1,434.771733333333,435.753833333333,-0.0557999999999765,0.981999999999971,1000.00000002365,2,0.1818,1,0,2,1,1,1.01832993890023,0.224122745499402,20.2585798335705,16.999999999598,-0.0629842251615854,0.998014522630204,93.6111205268492,1,11.9680320295871,3.9984078714003,7.97868830407918,7.36064819553409
138,1,NonStim,0,1,438.121866666667,439.095333333333,NaN,0.97399999999999,1000.00000002365,2,0.6363,1,1,2,2,2,2.0533880903491,0.226180087651331,21.3146202056407,23.4999999994443,-0.314517913504228,-0.0311056188780894,185.648148440843,0.316052333389333,11.9680250034077,3.99841869145556,14.6275678439615,7.99683617046935
139,1,Stim,1,1,441.3726,442.3314,-0.0622999999999934,0.959000000000003,1000.00000002365,2,0.4545,1,0,2,2,2,2.08550573514076,0.303818137895354,28.0024158491725,24.4999999994207,-0.422624076526633,-0.850343202522924,243.572434260525,0.949576048632721,13.297716200363,5.3312230644688,9.30843538800354,3.99841827184644
142,1,Stim,1,1,448.8156,449.772333333333,-0.0686000000000035,0.956999999999994,1000.00000002365,3,0.4545,1,1,1,1,0,0,NaN,NaN,NaN,NaN,NaN,NaN,NaN,9.30846992663202,5.33120924047814,10.6382512673179,5.33122514098365
143,1,NonStim,0,1,451.949133333333,452.932866666667,NaN,0.983000000000004,1000.00000002365,3,-0.1818,-1,1,2,3,2,2.03458799593082,0.248107039650588,33.7115890896977,18.9999999995507,-0.193221187257684,-0.0986464265153345,207.045960621791,0.216945948728051,10.6382512232717,10.6624422786651,11.9680327928379,5.33122132096024
144,1,NonStim,0,1,455.316933333333,456.283666666667,NaN,0.966999999999985,1000.00000002365,4,-0.6363,-1,0,7,4,3,3.10237849017585,0.148589025485106,19.7234528243401,35.3333333324978,-0.579862014573014,-0.483411997232362,219.816861789069,0.75493517272204,1.3297814286949,1.33280533289046,3.98934206617157,1.33280393355144
146,1,Stim,1,1,461.533833333333,462.502366666667,-0.0570000000000164,0.968999999999994,1000.00000002365,3,-1,-1,1,2,2,2,2.06398348813211,0.276443401428506,29.5151937274668,21.4999999994916,-0.282963510806286,0.0521579613438503,169.556041706176,0.287730431792269,10.6382398256759,5.33119294812862,10.6382490630806,5.33122394269538
147,1,NonStim,0,1,464.959266666667,465.917833333333,NaN,0.95799999999997,1000.00000002365,2,0.3636,1,0,5,3,3,3.13152400835083,0.317035259289619,30.3960649495306,21.3333333328289,-0.382476216476324,-0.0402161062553143,186.002405605621,0.38458469986777,13.2977997935334,1.3328059642614,6.64890519349131,5.33122112857543
148,1,Stim,1,1,468.126633333333,469.092333333333,-0.0579333333333238,0.965999999999951,1000.00000002365,2,-0.1818,-1,0,3,1,1,1.03519668737065,0.174956098295244,14.7959264886434,19.9999999995271,-0.163419683324433,-0.986556641608652,260.594557048193,1,14.6275952156993,1.33280628957285,11.9680275117744,5.3312250926141
150,1,Stim,1,1,474.527566666667,475.521933333333,-0.0622333333333245,0.993999999999971,1000.00000002365,1,0.6363,1,1,1,13,1,1.00603621730385,0.28962741063623,32.5127775414366,85.9999999979664,-0.0666745734140624,-0.997774774816468,266.176992237263,1,5.31912195570119,24.8079705125308,2.6595627426384,2.77555756162852e-14
151,1,NonStim,0,1,477.760666666667,478.731666666667,NaN,0.970999999999947,1000.00000002365,2,-0.3636,-1,0,1,1,1,1.02986611740479,0.201860852755618,17.5572651631721,17.9999999995744,0.443747175721742,-0.89615202060754,296.343211256333,1,11.9680321127389,7.99678169624854,13.2977929888537,7.99677144112665
152,1,NonStim,0,1,481.111433333333,482.077833333333,NaN,0.965999999999951,1000.00000002365,4,0.3636,1,1,13,11,6,6.21118012422392,0.0908859045256002,10.3108454969849,27.8333333326752,0.181835038581213,0.418201863176848,66.5004962317266,0.456022784102306,3.98934203075359,1.38777878081426e-14,1.32977970087624,1.33280589707445
153,1,Stim,1,1,484.303066666667,485.277733333333,-0.0595333333333201,0.97399999999999,1000.00000002365,3,-0.1818,-1,0,2,7,2,2.0533880903491,0.194835160166395,20.3988743886259,18.4999999995625,-0.0877442992545122,-0.0247676859475802,195.76284320326,0.0911729143927261,11.9680282596075,5.33122289435044,11.9680196191334,1.33280602570844
154,1,Stim,1,1,487.6716,488.636766666667,-0.053766666666661,0.964999999999975,1000.00000002365,4,-0.4545,-1,0,13,11,6,6.21761658031104,0.0491194298043257,8.42964277128366,30.333333332616,0.00932771826624557,0.382465861718177,88.6029263776399,0.382579588723552,1.38777878081426e-14,3.99841693039377,6.93889390407131e-15,2.66560958279248
155,1,Stim,1,1,490.9549,491.9282,-0.0476999999999634,0.97399999999999,1000.00000002365,1,-1,-1,1,4,3,2,2.0533880903491,0.276973225257931,27.874427543612,29.4999999993024,-0.177238176585952,-0.0635174689955746,199.716334942727,0.188275967948957,2.65956201297867,3.99841095141746,2.6595624973193,21.4708510532958
156,1,Stim,1,1,494.313066666667,495.289366666667,-0.0603666666666527,0.975999999999942,1000.00000002365,4,-0.6363,-1,1,10,15,4,4.09836065573795,0.114611822270376,18.2808773475083,50.7499999987999,-0.335764336108267,0.255351531292921,142.746713522228,0.421831831344986,3.9893413905019,2.77555756162852e-14,6.38768521237826e-08,2.66561180393916
158,1,Stim,1,1,500.464766666667,501.421366666667,-0.0670999999999822,0.956999999999994,1000.00000002365,2,-0.6363,-1,1,13,2,2,2.08986415882969,0.142669867359733,23.2943523802194,44.9999999989359,-0.46944105353508,0.0232236712138086,177.167835191576,0.470015150445997,11.9680327490086,1.38777878081426e-14,10.638226720244,5.33122341520487
160,1,Stim,1,1,506.7315,507.707933333333,-0.0548333333333062,0.975999999999942,1000.00000002365,1,-0.6363,-1,1,12,7,6,6.14754098360692,0.144834118938929,21.1939863938,37.8333333324387,-0.00296085396768246,-0.024317100356092,263.057829410238,0.0244966941840362,2.77555756162852e-14,5.33104881451704,3.98934363793476,1.33280606395751
161,1,Stim,1,1,510.0745,511.0556,-0.0523666666666145,0.980999999999995,1000.00000002365,3,0.3636,1,0,2,3,2,2.03873598369012,0.264261508323147,21.6607503718339,24.9999999994088,-0.0234955117723912,-0.00341119016881486,188.260754773534,0.0237418468492743,14.6275898596141,5.33121995517531,6.64890304920167,1.33280625299269
162,1,NonStim,0,1,513.308766666667,514.283833333333,NaN,0.975000000000023,1000.00000002365,1,-0.6363,-1,1,12,4,3,3.07692307692301,0.227923163572574,24.4933825942721,43.3333333323086,-0.511688282779088,-0.0642823132791534,187.160434921755,0.515710300977139,2.65955548679976,1.11022302465141e-13,5.31910031803081,1.33278315022732
164,1,Stim,1,1,518.483166666667,519.450933333333,-0.05026666666663,0.966999999999985,1000.00000002365,1,1,1,1,1,1,1,1.03412616339195,0.181953311302444,27.0830076805831,26.9999999993615,-0.566143084954358,-0.824306986115223,235.51829312511,1,1.32978140796401,20.2301874000141,1.32978135606201,15.6979991938321
165,1,NonStim,0,1,521.8502,522.816666666667,NaN,0.966000000000008,1000.00000002365,4,-1,-1,1,17,13,7,7.24637681159414,0.0788005104849184,10.3470500691035,33.999999999196,0.220696225160547,0.0275765032661729,7.12232596657828,0.222412426209743,0.9402970184339,2.77555756162852e-14,2.77555756162852e-14,19.32175283888
167,1,Stim,1,1,526.776833333333,527.7512,-0.0536666666666861,0.974999999999909,1000.00000002365,1,-0.1818,-1,1,6,4,4,4.10256410256449,0.12617135898704,12.916280748205,18.9999999995507,-0.42243912585516,-0.0929213227107299,192.405441104392,0.432538076089936,5.31908077704634,1.33280630380194,3.98934324994792,3.99840550081704
168,1,Stim,1,1,530.135233333333,531.120066666667,-0.0551000000000386,0.985000000000014,1000.00000002365,1,-0.4545,-1,0,3,3,3,3.04568527918777,0.254889159470439,26.6880055411239,18.6666666662253,-0.108753924678998,0.297629857785463,110.072299206811,0.316876866272185,3.98934361199685,3.99840906765227,5.3191173647358,1.33280629244142
169,1,Stim,1,1,533.411166666667,534.3789,-0.0581333333333305,0.966999999999985,1000.00000002365,4,1,1,1,3,4,3,3.10237849017585,0.127750869160417,26.8374043744794,39.3333333324032,-0.295582792868948,-0.141023755202661,205.505999652278,0.327500972474384,2.65956168040476,1.33278877718722,2.65955891228408,3.99838625042233
170,1,Stim,1,1,536.778433333333,537.7463,-0.0656666666666297,0.967999999999961,1000.00000002365,3,0.0909,1,0,3,2,2,2.06611570247942,0.687269597256758,48.022906469709,28.9999999993142,-0.0560230272402766,-0.00593421999093952,186.046489169968,0.0563364406762234,10.6382492270812,1.33280601708352,11.9680104900837,5.33117334025759
172,1,Stim,1,1,543.088,544.062033333333,-0.064899999999966,0.975000000000023,1000.00000002365,2,0.3636,1,0,5,0,0,0,NaN,NaN,NaN,NaN,NaN,NaN,NaN,11.9680241873844,1.33280626475256,11.9680314188225,5.33121991817781
173,1,NonStim,0,1,546.454733333333,547.429466666667,NaN,0.974999999999909,1000.00000002365,1,0.6363,1,1,6,16,4,4.10256410256449,0.177574002605219,20.7472127398515,31.249999999261,0.0249646110557579,-0.0441508890621316,299.485487958949,0.0507201420556166,2.65956247581634,1.33280594694542,3.46944695203566e-15,1.33280614815255
174,1,Stim,1,1,549.663366666667,550.629266666667,-0.0597333333333836,0.966000000000008,1000.00000002365,3,-0.6363,-1,0,3,2,2,2.07039337474118,0.167437057709397,19.9485662396135,16.999999999598,-0.347978409935229,-0.93356908514362,249.557570226643,0.996313309414738,10.6382504305559,1.33280630040489,10.6382410641828,5.33122110435451
175,1,NonStim,0,1,553.080933333333,554.0471,NaN,0.966999999999985,1000.00000002365,3,0.4545,1,1,0,0,0,0,NaN,NaN,NaN,NaN,NaN,NaN,NaN,11.968032597363,6.6640313182997,13.2978112064842,6.66402921017824
176,1,Stim,1,1,556.205833333333,557.190266666667,-0.0519666666666581,0.985000000000014,1000.00000002365,4,0.3636,1,0,16,3,2,2.03045685279185,0.122730347435549,17.074753248071,30.9999999992669,-0.644277882866191,0.754859417942467,130.480992515906,0.992424672812492,6.93889390407131e-15,23.2480976950577,1.32978107872468,3.9984055600435
178,1,Stim,1,1,561.5909,562.5561,-0.0647666666666282,0.966000000000008,1000.00000002365,2,-0.3636,-1,0,1,2,1,1.03519668737059,0.160142608663308,16.2559089472139,15.9999999996217,0.100105966891494,0.994976781333474,84.2547274475414,1,18.6169371622048,7.99682582798805,11.9680295385047,5.33122086818867
179,1,NonStim,0,1,564.890633333333,565.856333333333,NaN,0.966000000000008,1000.00000002365,1,0.4545,1,1,14,2,2,2.07039337474118,0.1843156116421,19.3784031997176,40.4999999990423,-0.169146575306912,-0.168948080176974,224.966361692774,0.239069064777403,6.64890141575702,1.38777878081426e-14,2.65953870957515,5.3312234981352
180,1,NonStim,0,1,568.316666666667,569.281533333333,NaN,0.964999999999918,1000.00000002365,3,0.1818,1,1,3,3,2,2.0725388601038,0.259082723098447,33.8882821630895,22.9999999994561,-0.253507177851434,-0.120096097917073,205.348714149404,0.280515528905453,10.6382513959826,6.6640308343189,7.97865905836172,5.33120703353121
182,1,Stim,1,1,574.517233333333,575.502,-0.0563333333333276,0.9849999999999,1000.00000002365,4,-0.3636,-1,0,6,13,4,4.06091370558417,0.162046186281611,23.9477538128094,36.749999999131,-0.309074826339009,-0.460764813283956,236.146823627309,0.554825613537341,5.31912511999383,1.3328028145002,2.6595609285288,2.77555756162852e-14
183,1,Stim,1,1,578.075366666667,579.058766666667,-0.0502999999999929,0.982999999999947,1000.00000002365,1,-0.3636,-1,1,3,3,3,3.0518819938964,0.271521101027423,26.5113641915735,22.6666666661307,-0.397486078521548,0.0476825989027722,173.159461891271,0.400335875055635,3.98934163557257,3.99840420866433,3.98934422659128,5.33121704877869
185,1,Stim,1,1,582.935333333333,583.891566666667,-0.0639999999998508,0.955999999999904,1000.00000002365,3,0.6363,1,1,3,1,1,1.04602510460262,0.188474787089874,20.4655766711867,20.9999999995034,-0.722407167107774,-0.691467920377599,223.746420099847,1,9.3084493914087,1.3328051746346,6.64889549804647,20.4668382793673
187,1,Stim,1,1,589.060633333333,590.052766666667,-0.0488000000000284,0.991999999999962,1000.00000002365,1,0.0909,1,1,6,3,2,2.01612903225814,0.140336214415426,24.0571579751356,42.499999998995,-0.473188523515903,0.194728145683491,157.631687878627,0.511689778585122,2.65956158160469,1.33280627942554,5.31912536431659,5.33122483552249
188,1,Stim,1,1,592.4538,593.436033333333,-0.0505000000000564,0.983000000000061,1000.00000002365,4,0.1818,1,0,7,17,4,4.0691759918614,0.205537520623498,24.6902404827714,35.4999999991605,-0.280809785460285,0.0619344834883895,167.562160237258,0.287558717230455,5.31912274381742,5.55111512325705e-14,1.32977996525456,2.77555756162852e-14
189,1,NonStim,0,1,595.7035,596.679266666667,NaN,0.975999999999999,1000.00000002365,4,-0.3636,-1,0,0,8,0,0,NaN,NaN,NaN,NaN,NaN,NaN,NaN,5.31909237993723,9.75773594151097,1.32977810659612,1.33280625043717
190,1,Stim,1,1,598.887466666667,599.864833333333,-0.0603666666667095,0.976999999999975,1000.00000002365,3,-0.0909,-1,1,0,1,0,0,NaN,NaN,NaN,NaN,NaN,NaN,NaN,10.6382342386235,5.33119082460098,10.6382358086384,5.33122461686408
191,1,NonStim,0,1,602.2627,603.2202,NaN,0.95799999999997,1000.00000002365,2,-0.0909,-1,0,1,0,0,0,NaN,NaN,NaN,NaN,NaN,NaN,NaN,14.6275834630884,5.33122345170285,11.9680321366383,5.33122450814577
192,1,NonStim,0,1,605.646566666667,606.630833333333,NaN,0.983999999999924,1000.00000002365,2,0.4545,1,1,5,0,0,0,NaN,NaN,NaN,NaN,NaN,NaN,NaN,10.6382488628028,1.33280626674713,13.297799101247,14.2485008091794
193,1,NonStim,0,1,608.906,609.873933333333,NaN,0.968000000000075,1000.00000002365,1,0.0909,1,1,2,3,1,1.03305785123959,0.181910476855359,25.7081839497981,43.9999999989595,-0.889275019728064,0.457372866803063,152.782287105105,1,1.3297814259264,24.1421760499378,12.1554967704677,1.33280546327969
194,1,Stim,1,1,612.164433333333,613.139,-0.0592666666665309,0.975000000000023,1000.00000002365,1,-0.0909,-1,1,6,9,4,4.10256410256401,0.128985248160561,13.9171464065989,30.7499999992729,-0.218995103070389,-0.239500866864479,227.560788714983,0.324529691087961,6.64890339668413,1.33278923788348,1.32978024673853,1.33280393768571
195,1,NonStim,0,1,615.406166666667,616.364133333333,NaN,0.95799999999997,1000.00000002365,3,-0.0909,-1,1,3,4,3,3.13152400835083,0.321547205390179,29.8952248721235,21.9999999994798,-0.256998577550397,0.319187432258826,128.839804056467,0.409791270984278,10.6382375601016,5.33120845888433,7.97867128320103,5.33122455107801
196,1,Stim,1,1,618.840133333333,619.798066666667,-0.0587333333334072,0.95799999999997,1000.00000002365,3,1,1,1,9,1,1,1.04384133611694,0.160229266652465,21.2509764356647,44.9999999989359,-0.827577348891299,-0.561351700453511,214.149328470149,1,7.97868445951707,6.93889390407131e-15,6.64890334801326,7.99683742790047
197,1,Stim,1,1,622.0154,622.9834,-0.0611333333333732,0.967999999999961,1000.00000002365,2,-0.4545,-1,0,0,3,0,0,NaN,NaN,NaN,NaN,NaN,NaN,NaN,14.6275914030459,11.9952404295862,7.97868787604584,3.99841711283788
198,1,Stim,1,1,625.3666,626.341533333333,-0.04950000000008,0.975000000000023,1000.00000002365,2,-1,-1,1,7,4,2,2.051282051282,0.12454507179058,18.9975995905694,24.9999999994088,-0.561546188823896,-0.316841182551602,209.432993250118,0.64476542799947,18.616885533063,1.33280624553979,6.64889937731516,1.33280622645685
199,1,NonStim,0,1,628.733633333333,629.719733333333,NaN,0.98599999999999,1000.00000002365,4,0.0909,1,1,5,12,4,4.05679513184588,0.146728876776939,16.2099871900517,29.2499999993083,-0.28323753450328,0.116922106954166,157.568879161824,0.306421735596707,5.31912446025221,1.33280605041877,3.14171783670198e-14,22.8033781200467
200,1,NonStim,0,1,632.133833333333,633.1081,NaN,0.974999999999909,1000.00000002365,4,-0.0909,-1,1,3,2,1,1.02564102564112,0.128426269082029,20.9997926362221,21.9999999994798,-0.942951773617103,-0.33292935081239,199.446671929367,1,2.65956220146604,5.33121629761499,5.3191221938494,6.66403067421395
201,1,Stim,1,1,635.543533333333,636.508366666667,-0.0627000000000635,0.965000000000032,1000.00000002365,3,0.1818,1,1,2,6,2,2.07253886010356,0.117665157267395,26.3398630581309,31.9999999992433,-0.491237466863158,-0.714951261006588,235.507344325767,0.867450029952759,7.97868840132358,3.99841794619834,11.9680310884951,1.33280628827495
202,1,NonStim,0,1,638.884466666667,639.859166666667,NaN,0.975000000000023,1000.00000002365,2,-0.1818,-1,1,2,0,0,0,NaN,NaN,NaN,NaN,NaN,NaN,NaN,14.6275796895867,3.99841057357471,7.97868849377747,10.6624435770889
203,1,NonStim,0,1,642.2944,643.2701,NaN,0.975999999999999,1000.00000002365,3,0.0909,1,1,4,1,1,1.02459016393443,0.289706967050981,29.2497392936378,22.9999999994561,0.130817596754572,-0.99140645367042,277.516840647316,1,10.6382250601229,1.33280626227388,7.97868667916111,7.99683145342826
206,1,Stim,1,1,651.328066666667,652.311366666667,-0.0487333333334163,0.983000000000061,1000.00000002365,3,-0.4545,-1,0,8,2,2,2.0345879959307,0.379350743269039,33.6941110099105,29.9999999992906,-0.142871426964799,-0.0130892037229491,185.234555527477,0.143469759521157,10.6382468165008,1.3328062745078,6.64890637238458,7.99681639339349
207,1,NonStim,0,1,654.520866666667,655.495,NaN,0.975000000000023,1000.00000002365,4,-0.1818,-1,0,6,9,4,4.10256410256401,0.156705071306033,21.447039399431,38.7499999990837,0.025943051381979,-0.0957105238822394,285.166031256611,0.0991642390018737,1.32977587448116,1.33280536831802,5.31911578383171,5.55111512325705e-14
208,1,NonStim,0,1,657.713633333333,658.687266666667,NaN,0.973999999999933,1000.00000002365,1,-0.1818,-1,0,4,3,3,3.08008213552383,0.167873543122507,26.0989038902384,33.3333333325451,-0.435555835095237,0.183759595482691,157.125276447436,0.472732984270689,3.98934418151506,1.33280447181167,5.31912029543449,3.99841793977224
209,1,NonStim,0,1,661.030533333333,661.996433333333,NaN,0.966000000000008,1000.00000002365,3,0.3636,1,1,0,0,0,0,NaN,NaN,NaN,NaN,NaN,NaN,NaN,9.14374004146427,6.66402031632134,11.9680290000686,11.9951776035885
210,1,Stim,1,1,664.305433333333,665.2881,-0.0508666666667068,0.982999999999947,1000.00000002365,2,-0.0909,-1,0,1,0,0,0,NaN,NaN,NaN,NaN,NaN,NaN,NaN,10.6382511597179,5.33122487235823,13.2978108018181,6.66403009275771
211,1,NonStim,0,1,667.689866666667,668.6812,NaN,0.991999999999962,1000.00000002365,1,-0.4545,-1,1,8,10,4,4.03225806451628,0.157220694128791,18.9482069101027,37.4999999991132,-0.0656275040571623,-0.0886260281627912,233.480081275748,0.11027938228284,1.329781356062,1.33280465259086,1.32977983616383,1.33280623238509
212,1,NonStim,0,1,670.956566666667,671.931366666667,NaN,0.975000000000023,1000.00000002365,4,-0.4545,-1,0,11,14,3,3.07692307692301,0.0806285241835851,11.3920756661774,42.9999999989832,-0.363278573180587,0.14856323995006,157.75782957925,0.392482302781389,5.31911600200901,1.38777878081426e-14,5.31912241163329,5.55111512325705e-14
213,1,NonStim,0,1,674.356766666667,675.342866666667,NaN,0.98599999999999,1000.00000002365,4,0.1818,1,0,13,15,8,8.11359026369177,0.0779725315348536,12.2808656675591,46.2499999989063,-0.0502744525413911,0.364900480206522,97.844584423841,0.368347500376053,3.98933624033882,3.46944695203566e-15,5.48567729478081e-15,3.99841785583948
214,1,NonStim,0,1,677.607433333333,678.5795,NaN,0.97199999999998,1000.00000002365,2,0.1818,1,1,0,0,0,0,NaN,NaN,NaN,NaN,NaN,NaN,NaN,14.62759447248,5.33122507740268,7.97866619751198,5.33122479793941
215,1,Stim,1,1,680.966233333333,681.941166666667,-0.0493666666666286,0.975000000000023,1000.00000002365,1,0.4545,1,1,2,3,2,2.051282051282,0.116873217516198,20.5124175527951,25.9999999993852,-0.022080460338328,-0.531225407108559,267.619862755321,0.53168409783104,3.98933561430957,3.99841194508992,2.65955901418289,3.9984170631459
216,1,Stim,1,1,684.1253,685.0943,-0.0585000000000946,0.969000000000051,1000.00000002365,2,0.6363,1,0,1,3,1,1.03199174406599,0.245088793210538,25.718658572064,13.9999999996689,0.0895978742631767,-0.995978022311497,275.14047352153,1,18.6169303361365,6.66403146072448,14.6275949931323,5.33122308943378
217,1,Stim,1,1,687.351,688.3294,-0.0555666666666639,0.978999999999928,1000.00000002365,4,-0.0909,-1,1,5,3,3,3.06435137895835,0.169700326498489,21.205111712555,27.6666666660124,-0.691997967833896,-0.156748946931128,192.76305798557,0.709529012690996,5.31911078043413,1.33280453275596,3.98934411235565,5.33121032668404
219,1,NonStim,0,1,693.743366666667,694.735933333333,NaN,0.991999999999962,1000.00000002365,2,-0.6363,-1,0,3,1,1,1.00806451612907,0.291137034206437,30.432345004228,18.9999999995507,0.0480006177671266,-0.998847305995253,272.751290025175,1,13.2978053288828,1.33280399314538,11.9680044372654,5.33121683567502
220,1,NonStim,0,1,696.9195,697.893966666667,NaN,0.974000000000046,1000.00000002365,4,1,1,1,4,9,2,2.05338809034898,0.371268225228077,31.5462097601191,43.9999999989595,-0.173439813248504,-0.00391928371584449,181.294513642577,0.173484090349868,5.31911180657427,3.99841462267388,1.32978143024254,1.33280045090621
221,1,NonStim,0,1,700.152566666667,701.118666666667,NaN,0.966000000000008,1000.00000002365,3,-0.4545,-1,1,6,1,1,1.03519668737059,0.193789668772574,34.9940537981129,26.9999999993615,0.224881546579173,-0.974386109305833,282.995912775942,1,10.6382408925187,1.33280622889766,10.638251366644,5.33121880388331
223,1,NonStim,0,1,706.387633333333,707.362733333333,NaN,0.974999999999909,1000.00000002365,1,1,1,1,4,10,3,3.07692307692336,0.133375735983204,19.2376600750039,41.3333333323559,-0.567946803397107,-0.1630280416247,196.016024360208,0.590882148863018,2.65956039341788,1.33280619063843,5.55111512325705e-14,22.6239190235005
224,1,Stim,1,1,709.6457,710.656566666667,-0.0543333333333749,1.01099999999997,1000.00000002365,4,0.0909,1,0,3,2,2,1.97823936696347,0.215743973417462,24.9237941677083,15.9999999996217,-0.602781614977072,-0.699129388684796,229.232452152565,0.923107565496645,3.98934428998839,3.99840649865761,1.32978020827778,26.1820612143424
225,1,Stim,1,1,712.938466666667,713.9062,-0.0535333333333483,0.967999999999961,1000.00000002365,4,-1,-1,1,3,13,3,3.09917355371913,0.13662934292497,24.3416497837108,36.9999999991251,-0.525727687824425,-0.685856729691914,232.528861438685,0.864169575609384,3.98934368728899,5.33120845407434,1.59491999025021e-14,3.99840003245662
226,1,NonStim,0,1,716.338733333333,717.3042,NaN,0.965999999999894,1000.00000002365,1,0.1818,1,1,1,7,1,1.03519668737071,0.166228776030805,30.4143620968958,40.9999999990305,-0.984308582548789,-0.176455700731922,190.163382031426,1,3.98934358105262,33.0104088489127,5.31912569887237,1.33279295070764
227,1,Stim,1,1,719.5051,720.472933333333,-0.0482999999999265,0.966999999999985,1000.00000002365,4,0.4545,1,1,8,4,3,3.10237849017585,0.184140536483379,16.0211405143651,32.3333333325687,-0.00682316836125428,-0.254388587633734,268.463590503119,0.254480076125366,1.38777878081426e-14,19.4728504931029,5.31912018224163,3.99841830429958
229,1,Stim,1,1,725.6647,726.631,-0.0611333333333732,0.966999999999985,1000.00000002365,2,1,1,0,0,0,0,0,NaN,NaN,NaN,NaN,NaN,NaN,NaN,15.9573768748784,7.99681624694096,11.9679808140951,6.6640253669015
231,1,NonStim,0,1,730.6409,731.607,NaN,0.966999999999985,1000.00000002365,3,0.6363,1,1,3,7,2,2.0682523267839,0.257781701225632,29.0895847454173,21.9999999994798,-0.163596578681157,0.0354946059355443,167.758593607453,0.167402830342559,6.64890708105391,6.66402277878664,7.97868857704407,1.3328051502288
232,1,Stim,1,1,733.999566666667,734.990833333333,-0.0548000000000002,0.990999999999985,1000.00000002365,4,0.6363,1,1,3,12,2,2.0181634712412,0.293376655859814,34.600124740272,35.4999999991605,-0.226709647147875,-0.970284610158822,256.84862378321,0.99641833023132,5.31912289350588,5.33122319596593,1.3297770953108,1.33279798677143
233,1,NonStim,0,1,737.2998,738.267833333333,NaN,0.968000000000075,1000.00000002365,2,-0.4545,-1,0,1,2,1,1.03305785123959,0.320070441614121,28.499281165882,24.9999999994088,-0.53735849081686,0.843353930652503,122.504000268287,1,10.6382508418236,6.66403129131384,7.97867517752004,3.99834416198497
234,1,Stim,1,1,740.592333333333,741.5654,-0.0609333333334234,0.97300000000007,1000.00000002365,3,-0.3636,-1,1,2,3,2,2.05549845837601,0.26667031494971,25.24058212284,24.9999999994088,-0.389728558464893,-0.106911618923971,195.340198216374,0.404126766676086,7.97868837433424,5.33121890932972,5.31912549888944,5.33121225125467
235,1,NonStim,0,1,743.967633333333,744.941033333333,NaN,0.974000000000046,1000.00000002365,1,0.3636,1,1,4,12,3,3.08008213552347,0.248104596647917,30.4047334059889,50.3333333321431,-0.232631546025252,-0.354703143094199,236.741191952706,0.424183634676071,5.31911921306349,2.66559354168928,3.98934129508952,5.55111512325705e-14
236,1,NonStim,0,1,747.1435,748.116966666667,NaN,0.972999999999956,1000.00000002365,4,0.6363,1,1,4,5,3,3.08324768756437,0.166718825735679,20.1440560813924,21.9999999994798,-0.349861758920681,0.248333705302459,144.632668328767,0.429037154037179,3.9893395115329,3.998414732805,3.98934351710131,2.66561192350327
238,1,Stim,1,1,753.552766666667,754.5179,-0.0484000000000151,0.965000000000032,1000.00000002365,1,0.3636,1,1,5,2,2,2.07253886010356,0.408176324442777,35.378388631381,33.4999999992078,-0.0954860348568902,0.00285244683881769,178.28891653156,0.0955286308164182,3.98934373923277,1.33280148696134,6.6489002256993,3.99841890157901
239,1,NonStim,0,1,756.927433333333,757.9028,NaN,0.975000000000023,1000.00000002365,1,-0.0909,-1,1,5,11,3,3.07692307692301,0.161252821904644,24.5526529454757,55.9999999986758,-0.621387204086679,-0.333154163674291,208.19779905885,0.7050629434144,1.32978099958711,1.33277111425022,3.98933907421186,6.93889390407131e-15
240,1,Stim,1,1,760.378333333333,761.3462,-0.0546333333332996,0.967999999999961,1000.00000002365,1,0.1818,1,1,1,14,0,0,NaN,NaN,NaN,NaN,NaN,NaN,NaN,1.32978142582614,17.819376970051,6.93889390407131e-15,1.3328061991256
241,1,Stim,1,1,763.570066666667,764.528466666667,-0.0587333333332936,0.95799999999997,1000.00000002365,2,0.0909,1,1,0,0,0,0,NaN,NaN,NaN,NaN,NaN,NaN,NaN,12.6503954950977,7.99681214098728,11.9680327751242,5.33122040669085
242,1,NonStim,0,1,766.812266666667,767.7865,NaN,0.973999999999933,1000.00000002365,3,-0.3636,-1,1,3,3,3,3.08008213552383,0.365367421550535,36.3101254580774,20.9999999995034,-0.0645445533305824,-0.333843421659552,259.057567784859,0.3400256307251,10.6382513817139,5.33122437093127,7.97868667681612,7.99683679549556
243,1,NonStim,0,1,770.179633333333,771.163766666667,NaN,0.984000000000037,1000.00000002365,1,-0.6363,-1,1,12,0,0,0,NaN,NaN,NaN,NaN,NaN,NaN,NaN,3.98934241007327,2.77555756162852e-14,5.31912065985242,20.4056715197885
244,1,NonStim,0,1,773.539,774.5037,NaN,0.965000000000032,1000.00000002365,1,-1,-1,1,15,6,2,2.07253886010356,0.237388497145603,25.0487562721381,43.9999999989595,-0.196272779345592,0.0268499836806331,172.21032802283,0.198100796403482,3.989339480023,1.38777878081426e-14,1.3297813681548,1.33280093916081
245,1,Stim,1,1,776.8729,777.847266666667,-0.0579999999999927,0.974999999999909,1000.00000002365,2,-0.6363,-1,0,3,12,1,1.02564102564112,0.208794168365524,16.5129869873135,50.999999998794,-0.478014132741449,-0.878352144017102,241.444217975515,1,13.2978060232354,1.33280459056088,7.97868298477075,1.38777878081426e-14
246,1,Stim,1,1,780.064333333333,781.040133333333,-0.055066666666562,0.975999999999885,1000.00000002365,3,0.6363,1,1,6,2,2,2.04918032786909,0.0887712840196467,11.7866263320342,21.9999999994798,0.466068501556535,0.658371745976637,54.7049088347423,0.806643170208165,11.968030263519,1.33280505901153,13.2978106246914,1.33280547922404
247,1,Stim,1,1,783.3312,784.305133333333,-0.0586999999999307,0.973999999999933,1000.00000002365,3,0.4545,1,1,2,7,1,1.02669404517461,0.184624631603273,19.6775883933227,30.9999999992669,0.69538665476812,-0.718635791183825,314.058036609073,1,7.9786877659095,7.99683158174429,13.2978131500005,1.33280348608488
248,1,NonStim,0,1,786.657266666667,787.6311,NaN,0.973999999999933,1000.00000002365,2,1,1,0,2,2,2,2.05338809034922,0.19529685644465,26.6908092892804,17.4999999995862,-0.6059434033918,-0.749430676304985,231.043133847269,0.963749836161327,11.9680324899685,5.33122111971882,10.6382503299837,5.33122393758349
249,1,Stim,1,1,789.957133333333,790.931566666667,-0.053133333333335,0.974000000000046,1000.00000002365,2,-0.4545,-1,0,0,2,0,0,NaN,NaN,NaN,NaN,NaN,NaN,NaN,13.2977968904441,5.33120467296794,5.31912549350889,5.33122443057805
250,1,NonStim,0,1,793.208266666667,794.173633333333,NaN,0.965000000000032,1000.00000002365,4,-0.0909,-1,0,1,9,1,1.03626943005178,0.0897506651242168,12.7546800254064,19.9999999995271,-0.934463413781989,-0.356059164048491,200.858372063268,1,3.98934352686935,7.99683609065013,2.65955471627714,1.33280375494084
251,1,NonStim,0,1,796.542,797.515966666667,NaN,0.973999999999933,1000.00000002365,4,-1,-1,1,2,2,2,2.05338809034922,0.386965130492291,23.9406834620511,26.4999999993734,-0.145796079075356,0.0144928164604506,174.323178948871,0.146514635455656,5.31912239212126,3.99841272699367,1.32978137919896,5.3312224801961
253,1,NonStim,0,1,802.834233333333,803.810166666667,NaN,0.975999999999885,1000.00000002365,1,-0.3636,-1,1,7,8,4,4.09836065573819,0.106815918494363,17.4041760993284,33.4999999992078,-0.0406646703270004,-0.533995929508379,265.64523682356,0.535542032098622,2.65956271456313,1.3328005189359,1.32978111431049,1.33280349741632
255,1,Stim,1,1,807.668766666667,808.6426,-0.0639666666667154,0.974000000000046,1000.00000002365,3,-0.4545,-1,1,2,1,1,1.02669404517449,0.220956385669943,24.044346025115,17.9999999995744,-0.680117682145356,0.733102952137848,132.852839825935,1,7.97867501137192,5.33121511741578,7.97868848357016,7.99683618319219
256,1,Stim,1,1,810.960833333333,811.947,-0.0617666666666992,0.986999999999966,1000.00000002365,1,1,1,1,3,4,2,2.02634245187444,0.177742842792424,21.6301105989817,33.999999999196,-0.755011367931655,-0.0271578186583865,182.060045569001,0.755499644487217,5.31912546918154,1.33280552732804,5.31911720001831,1.33280468215103
257,1,NonStim,0,1,814.136633333333,815.136233333333,NaN,1,1000.00000002365,3,-0.6363,-1,1,1,2,1,1,0.191968692082479,31.1480616137218,41.9999999990068,-0.695466668839574,0.718558357082559,134.064416357552,1,10.6382504343917,1.3328051093571,7.97867824562215,5.33121887693466
258,1,Stim,1,1,817.437333333333,818.4043,-0.0562666666666019,0.966999999999985,1000.00000002365,4,-0.3636,-1,0,2,3,2,2.0682523267839,0.184712079873425,18.5842294483412,21.9999999994798,-0.862112132247836,0.445159369317704,152.690023668505,0.970259858316444,3.98934335643731,16.9295996858367,5.31909813243891,1.3328024312014
259,1,Stim,1,1,820.728333333333,821.714366666667,-0.0567666666667037,0.98599999999999,1000.00000002365,1,-0.6363,-1,0,4,17,2,2.02839756592294,0.191349604703207,17.657938489371,62.9999999985102,-0.516156310688546,-0.516900944395745,225.041299125587,0.730481980188987,3.98934194554797,1.33280627273129,6.93889390407131e-15,1.38777878081426e-14
260,1,Stim,1,1,824.0455,825.019933333333,-0.0499999999999545,0.973999999999933,1000.00000002365,4,0.0909,1,0,15,0,0,0,NaN,NaN,NaN,NaN,NaN,NaN,NaN,3.98934370568702,1.38777878081426e-14,5.31912322200257,16.9282005333862
261,1,NonStim,0,1,827.263866666667,828.238533333333,NaN,0.975000000000023,1000.00000002365,1,0.3636,1,1,8,2,2,2.051282051282,0.184661128453277,29.1757644233785,47.4999999988768,-0.657867017831841,-0.272801869085497,202.522627096171,0.712186684042534,5.31912191709262,2.60136565072889e-07,3.98934057852159,5.33118454607903
262,1,NonStim,0,1,830.630833333333,831.5962,NaN,0.966000000000008,1000.00000002365,2,-0.4545,-1,0,1,4,1,1.03519668737059,0.249824814245227,20.312397255645,34.9999999991724,-0.157429338237459,-0.987530254454068,260.942282812976,1,11.968032063185,5.33121763618503,6.64890419043569,1.33280458422457
263,1,NonStim,0,1,833.8304,834.815533333333,NaN,0.985000000000014,1000.00000002365,2,-0.1818,-1,1,0,1,0,0,NaN,NaN,NaN,NaN,NaN,NaN,NaN,14.6275952287362,6.66401031358647,7.97868561233932,5.33115138665385
264,1,Stim,1,1,837.131133333333,838.1004,-0.0533666666666477,0.969000000000051,1000.00000002365,4,-0.4545,-1,0,12,5,3,3.09597523219798,0.210473706592397,24.7950260541604,45.6666666655868,-0.163398297367321,-0.445305819175552,249.850144666143,0.474337723751916,1.32978100362056,6.93889390407131e-15,1.32978100292046,3.99841890017182
265,1,Stim,1,1,840.4651,841.4255,-0.0657333333332417,0.959999999999923,1000.00000002365,2,0.4545,1,1,5,1,1,1.04166666666675,0.240918585892397,29.1535122336398,36.9999999991251,0.138774963799162,-0.990323941658759,277.97696488872,1,14.6275822802318,1.33280395418671,14.6275592602254,5.3312251845802
268,1,Stim,1,1,848.7499,849.723666666667,-0.0570000000000164,0.973999999999933,1000.00000002365,4,-0.1818,-1,0,12,16,9,9.24024640657148,0.0477378203703509,10.0396646707754,42.4444444434408,0.19043422100132,0.220247214075699,49.1520443467828,0.291159797768315,3.9893416593979,5.55111512325705e-14,1.38777878081426e-14,1.38777878081426e-14
269,1,NonStim,0,1,852.125266666667,853.090533333333,NaN,0.965000000000032,1000.00000002365,3,0.1818,1,0,2,2,2,2.07253886010356,0.160766120252016,17.8975732624828,16.4999999996098,-0.436434184158884,-0.814948613221337,241.829355070505,0.924454454959146,7.97868524025663,7.99682530252474,7.97867773412257,7.9968374476622
270,1,NonStim,0,1,855.509466666667,856.486333333333,NaN,0.976999999999975,1000.00000002365,3,0.6363,1,1,3,4,3,3.07062436028667,0.28755301202645,26.4835906966023,18.9999999995507,-0.208588948682805,0.255566701073162,129.220705325929,0.329884355812786,13.2978093477739,3.99841535652961,6.64890297792966,5.33121609090043
271,1,Stim,1,1,858.6597,859.628766666667,-0.0581333333332168,0.969000000000051,1000.00000002365,4,0.4545,1,1,2,17,2,2.06398348813199,0.247041218365427,27.3668853798422,39.9999999990541,-0.180138380197394,-0.0193901808954767,186.143689923474,0.18117895886471,9.71704186320777,5.33122153025221,10.8940709929123,2.77555756162852e-14
272,1,Stim,1,1,861.9933,862.961266666667,-0.0645999999999276,0.967999999999961,1000.00000002365,3,0.0909,1,1,1,1,0,0,NaN,NaN,NaN,NaN,NaN,NaN,NaN,11.9680307677694,5.33120973052549,11.96801869654,1.33280629969184
273,1,NonStim,0,1,865.518933333333,866.502933333333,NaN,0.983999999999924,1000.00000002365,4,0.4545,1,1,17,4,4,4.06504065040682,0.124843683888721,13.9631617433956,28.9999999993142,0.193607906657947,-0.104250473700922,331.699229912831,0.219891297661683,5.55111512325705e-14,3.99840117095748,1.3297805054607,5.33122119939789
275,1,NonStim,0,1,871.828666666667,872.804366666667,NaN,0.975999999999999,1000.00000002365,3,1,1,1,1,3,1,1.02459016393443,0.451275661339952,38.8956787219129,18.9999999995507,0.0604928123624723,-0.998168632873463,273.468100219419,1,11.9680317838601,6.03449323918892,11.9679891877843,5.33122324967285
276,1,Stim,1,1,875.153133333333,876.1376,-0.0597333333332699,0.983999999999924,1000.00000002365,2,-0.1818,-1,0,0,0,0,0,NaN,NaN,NaN,NaN,NaN,NaN,NaN,9.30846999070446,5.33122307062606,11.9680317181131,5.33122474815856
277,1,Stim,1,1,878.512233333333,879.498933333333,-0.0511000000000195,0.98599999999999,1000.00000002365,3,0.3636,1,1,4,2,1,1.01419878296147,0.105368549172338,23.2687349476925,34.9999999991724,-0.537166739830448,0.843476077680884,122.490974033116,1,7.97867030275542,1.33280622944981,6.64890708311945,3.99841877255631
278,1,Stim,1,1,881.821566666667,882.7873,-0.0733666666667432,0.966000000000008,1000.00000002365,2,0.6363,1,0,1,1,1,1.03519668737059,0.260206356598978,16.5070661098128,26.9999999993615,-0.0306849602459189,-0.99952910573665,268.241605268719,1,18.6169277435709,6.66402964847551,7.97868855141099,5.3312199490181
279,1,NonStim,0,1,885.130366666667,886.095833333333,NaN,0.965000000000032,1000.00000002365,3,0.4545,1,1,1,2,1,1.03626943005178,0.221454965151201,16.942931195962,25.9999999993852,0.096301199969781,-0.995352238599171,275.52621648794,1,11.9680311571798,5.33122297083365,6.6489062771982,5.33121954946949
280,1,NonStim,0,1,888.4306,889.405,NaN,0.974999999999909,1000.00000002365,3,-0.0909,-1,0,0,0,0,0,NaN,NaN,NaN,NaN,NaN,NaN,NaN,10.638239631899,5.33122501130285,11.9680242226991,5.33122197620584
282,1,Stim,1,1,893.389666666667,894.373133333333,-0.0569000000000415,0.984000000000037,1000.00000002365,2,0.1818,1,1,2,1,1,1.01626016260159,0.197142246720094,19.6775080526802,19.9999999995271,-0.111669911470336,-0.993745355144972,263.588412390793,1,14.627595394524,5.3311552974591,10.6382456922282,5.33122520721875
283,1,Stim,1,1,896.6156,897.597233333333,-0.0606666666666342,0.981999999999971,1000.00000002365,3,1,1,1,14,1,1,1.01832993890023,0.147905596653382,23.8353381436296,29.9999999992906,-0.55050572236908,-0.834831389945836,236.598285443821,1,7.97868106743416,1.38777878081426e-14,10.6382506829503,5.33122491630846
284,1,Stim,1,1,899.8154,900.782433333333,-0.0591666666667834,0.966999999999985,1000.00000002365,1,-0.1818,-1,1,0,12,0,0,NaN,NaN,NaN,NaN,NaN,NaN,NaN,3.98933639692808,21.7052355265334,2.77555756162852e-14,3.99841778417798
285,1,Stim,1,1,903.1919,904.164366666667,-0.0528333333334103,0.972999999999956,1000.00000002365,1,0.3636,1,1,5,5,4,4.1109969167525,0.153766550113575,15.7739406819925,25.499999999397,-0.163365113184686,-0.391229203778486,247.336106443845,0.423967510659712,3.9893442809166,2.99881418380589,5.31912572195005,1.33280307537499
286,1,Stim,1,1,906.4918,907.457166666667,-0.0561333333333778,0.966000000000008,1000.00000002365,1,0.1818,1,1,1,4,1,1.03519668737059,0.312221765909612,39.3409245748292,36.9999999991251,-0.343126645013368,-0.939289149028067,249.932518909529,1,3.9893435006837,30.8433645616335,5.31911667355501,1.33280339066429
287,1,Stim,1,1,909.767466666667,910.753,-0.0561333333333778,0.98599999999999,1000.00000002365,3,-0.0909,-1,0,0,1,0,0,NaN,NaN,NaN,NaN,NaN,NaN,NaN,11.9680317768516,7.99681368712199,10.63825109394,6.66401848417133
289,1,NonStim,0,1,915.642166666667,916.611366666667,NaN,0.968999999999937,1000.00000002365,2,-0.3636,-1,0,0,1,0,0,NaN,NaN,NaN,NaN,NaN,NaN,NaN,11.9680324754804,7.99678661088807,10.6382491618118,6.66403138089986
290,1,Stim,1,1,918.9858,919.943033333333,-0.0649333333332152,0.95799999999997,1000.00000002365,3,-1,-1,1,10,2,2,2.08768267223389,0.308948710242483,34.1946460405286,35.4999999991605,-0.332412942593495,-0.0574085188779104,189.798465834213,0.33733381455677,11.9680202527074,1.38777878081426e-14,10.6382431804078,6.66402770954232
291,1,Stim,1,1,922.193266666667,923.194166666667,-0.0521999999999707,1.00099999999998,1000.00000002365,1,0.6363,1,1,13,0,0,0,NaN,NaN,NaN,NaN,NaN,NaN,NaN,2.77555756162852e-14,1.33280474986437,5.3191187097617,5.33118731684115
293,1,NonStim,0,1,927.1284,928.103433333333,NaN,0.974999999999909,1000.00000002365,4,0.3636,1,0,2,2,1,1.02564102564112,0.183556701095077,17.5988849750257,27.9999999993379,-0.465218600503467,-0.885195827907924,242.275629585714,1,3.98934427173518,1.33280622653236,3.98933984409396,2.66560504616969
294,1,Stim,1,1,930.511933333333,931.479433333333,-0.0582666666665546,0.968000000000075,1000.00000002365,4,-0.6363,-1,0,17,5,4,4.13223140495836,0.0671449972354734,11.7614273528516,35.2499999991664,-0.456667112073622,-0.789752469731534,239.961746351841,0.912279460854359,1.32978136603306,2.77555756162852e-14,3.98934363663266,1.33280529032183
295,1,NonStim,0,1,933.6453,934.604466666667,NaN,0.95900000000006,1000.00000002365,2,0.4545,1,1,14,0,0,0,NaN,NaN,NaN,NaN,NaN,NaN,NaN,10.6382513724915,2.77555756162852e-14,11.9680327597847,5.3312148872357
296,1,NonStim,0,1,936.8121,937.788566666667,NaN,0.975999999999999,1000.00000002365,2,0.1818,1,0,2,3,2,2.04918032786885,0.197619463167326,19.2782555666481,27.9999999993379,0.0963236783289812,0.0321124862877468,18.4374078916679,0.101535524731031,15.9573753721839,5.33122458291785,10.638251375414,0.942431431415353
297,1,Stim,1,1,940.005233333333,940.971566666667,-0.0613666666666859,0.966000000000008,1000.00000002365,3,-0.6363,-1,0,1,0,0,0,NaN,NaN,NaN,NaN,NaN,NaN,NaN,10.6382462032601,9.32960909041754,11.9679981540495,27.3747708767051
299,1,Stim,1,1,946.472533333333,947.438433333333,-0.0659666666666681,0.966000000000008,1000.00000002365,3,0.1818,1,1,2,2,1,1.03519668737059,0.260120308669358,26.9423748783132,17.9999999995744,-0.171504633809347,-0.985183313186902,260.124686827142,1,13.2978074513324,5.33120675420592,10.6382448760517,3.99840950289173
300,1,NonStim,0,1,949.681233333333,950.650833333333,NaN,0.968999999999937,1000.00000002365,4,1,1,0,16,14,6,6.19195046439669,0.100594679422694,11.5582705038047,46.4999999989004,0.109863598137127,0.396427588970642,74.5101335321941,0.411369473214424,2.65956179350867,3.46944695203566e-15,2.65956109482498,6.93889390407131e-15
301,1,NonStim,0,1,953.0238,953.9997,NaN,0.975999999999999,1000.00000002365,1,0.6363,1,1,6,5,4,4.09836065573771,0.230425729351609,22.3580231866241,26.7499999993674,-0.189639142109556,-0.148093016486296,217.986992579823,0.240612854502952,1.32978116620647,3.99837358676986,3.9893379363202,5.331219066066
302,1,NonStim,0,1,956.4579,957.4317,NaN,0.974000000000046,1000.00000002365,1,-0.4545,-1,1,13,4,3,3.08008213552347,0.444545327695823,38.0086791479728,32.9999999992197,-0.127843528312662,-0.315551451907768,247.945003761748,0.340465396967931,5.31912055121426,2.77555756162852e-14,2.65956262350414,3.99841886230962
303,1,NonStim,0,1,959.749833333333,960.714933333333,NaN,0.965000000000032,1000.00000002365,1,-0.0909,-1,0,3,3,2,2.07253886010356,0.190340141887815,23.5861761493232,14.9999999996453,-0.363401262659165,-0.916308433174034,248.367083006031,0.985739124925113,5.31912524377059,3.9984188924919,5.31912562527243,3.88734777990115
304,1,Stim,1,1,963.0663,964.049633333333,-0.0493666666667423,0.982999999999947,1000.00000002365,2,-0.3636,-1,0,2,1,1,1.01729399796547,0.178624625363356,18.9996170740315,15.9999999996217,-0.55641404151471,-0.830905177746093,236.191834222193,1,11.9680307322344,3.99841890184993,7.97868856395255,7.99681292514101
305,1,NonStim,0,1,966.5171,967.4931,NaN,0.975999999999999,1000.00000002365,2,0.0909,1,1,0,0,0,0,NaN,NaN,NaN,NaN,NaN,NaN,NaN,13.297808148867,5.33122336668638,11.9680304971482,5.33122466144872
306,1,NonStim,0,1,969.934166666667,970.9002,NaN,0.966000000000008,1000.00000002365,2,-0.0909,-1,1,2,0,0,0,NaN,NaN,NaN,NaN,NaN,NaN,NaN,11.9680318575482,3.99841829520862,10.63824133354,5.3312235465042
307,1,NonStim,0,1,973.3431,974.316466666667,NaN,0.972999999999956,1000.00000002365,3,0.3636,1,1,0,0,0,0,NaN,NaN,NaN,NaN,NaN,NaN,NaN,14.6275929635722,18.9270513707258,7.97868856197559,5.33122051857211
308,1,NonStim,0,1,976.744966666667,977.7197,NaN,0.975000000000023,1000.00000002365,1,1,1,1,3,4,3,3.07692307692301,0.221165699073091,28.0310373181941,37.9999999991014,-0.0489762783460499,-0.287762925682721,260.341005771629,0.291900971629265,2.65955911449281,3.99841756992655,2.6595615998811,1.33280256949535
309,1,NonStim,0,1,979.977433333333,980.944533333333,NaN,0.966999999999985,1000.00000002365,3,-0.4545,-1,0,10,0,0,0,NaN,NaN,NaN,NaN,NaN,NaN,NaN,10.6382491430054,1.33279706810389,11.9680119331027,17.5054052080864
310,1,Stim,1,1,983.328633333333,984.294333333333,-0.0611999999999853,0.966000000000008,1000.00000002365,3,-0.3636,-1,1,1,1,1,1.03519668737059,0.29023075415805,32.2352320616523,16.999999999598,-0.809424795854051,-0.587223551857916,215.960229570006,1,7.97862970159593,5.33121129408479,10.6382346064348,7.99683732037396
313,1,Stim,1,1,991.254633333333,992.219866666667,-0.0540333333333365,0.965000000000032,1000.00000002365,2,1,1,1,2,2,2,2.07253886010356,0.269620897726666,20.3019056772457,17.9999999995744,-0.00702081819245591,-7.57815916541671e-05,180.618417488707,0.0070212271677502,14.6275948349283,6.66403130147771,9.9733606627461,6.66402851514581
314,1,Stim,1,1,994.5968,995.588366666667,-0.0493666666667423,0.991999999999962,1000.00000002365,1,0.4545,1,1,18,1,1,1.00806451612907,0.118661029686334,23.094148167698,37.9999999991014,-0.676223759432688,-0.736696292361189,227.450745600512,1,3.46944695203566e-14,1.33280476472635,3.98934406818597,17.4906663799372
316,1,Stim,1,1,1000.58103333333,1001.57136666667,-0.0542000000000371,0.990000000000009,1000.00000002365,4,0.6363,1,1,19,13,7,7.07070707070701,0.0231860678440025,7.35436371056979,33.999999999196,0.128674264410011,0.28500850332832,65.7020054306148,0.312708991381614,3.98934429220504,1.73472347601783e-15,3.98934058834256,7.80757350080957e-08
317,1,Stim,1,1,1003.92203333333,1004.90803333333,-0.0468333333333248,0.98599999999999,1000.00000002365,2,-0.0909,-1,1,0,0,0,0,NaN,NaN,NaN,NaN,NaN,NaN,NaN,11.9680327619735,6.6640292524767,7.97868799082851,3.99841715259962
318,1,NonStim,0,1,1007.291,1008.27356666667,NaN,0.982999999999947,1000.00000002365,2,-0.6363,-1,1,13,1,1,1.01729399796547,0.204062786880861,14.1163510821328,30.9999999992669,-0.501995771213385,0.864870074452735,120.132127234907,1,15.9573720151602,1.38777878081426e-14,13.2978126474796,5.33122418217492
319,1,NonStim,0,1,1010.6995,1011.6656,NaN,0.965999999999894,1000.00000002365,3,0.0909,1,0,2,2,2,2.07039337474143,0.313017505715103,30.5193271571635,20.9999999995034,-0.282231232603555,-0.0153856619118666,183.120355553256,0.282650291436942,7.97868790339063,5.33122368609789,10.6382239749762,5.33122520055327
320,1,Stim,1,1,1014.02493333333,1015.00666666667,-0.0623666666665486,0.981999999999971,1000.00000002365,2,-1,-1,1,3,13,3,3.0549898167007,0.250532273008521,27.9907493321324,30.333333332616,-0.189060342744518,-0.22514281995685,229.978638470035,0.293995072368223,11.9680250572081,5.33121144785354,10.6382509867765,1.11022302465141e-13
322,1,Stim,1,1,1020.58483333333,1021.54983333333,-0.0593666666666195,0.964999999999918,1000.00000002365,1,-0.4545,-1,1,2,4,2,2.0725388601038,0.24395461692777,25.5299229804513,38.4999999990896,-0.564116607395338,-0.673942407826374,230.069327589102,0.878877645526405,3.98934291028753,3.99841269620481,5.31912328500198,1.33279640528956
323,1,Stim,1,1,1023.92506666667,1024.89396666667,-0.0542333333332863,0.967999999999961,1000.00000002365,4,0.3636,1,0,13,23,12,12.3966942148765,0.0553647977108195,9.70391725174279,38.0833333324328,0.145974528467393,-0.134096409734538,317.428522112727,0.198218087128725,5.31912165842321,2.77555756162852e-14,2.77555756162852e-14,1.38777878081426e-14
324,1,NonStim,0,1,1027.22616666667,1028.23516666667,NaN,1.00899999999979,1000.00000002365,2,0.6363,1,1,2,2,1,0.991080277502687,0.190345904476211,27.1115278598585,21.9999999994798,-0.849269137279612,-0.52796016181559,211.867734507016,1,11.9680276408673,5.33122233301209,10.6382265488223,6.66400735483945
325,1,Stim,1,1,1030.53516666667,1031.50886666667,-0.0549333333333379,0.972999999999956,1000.00000002365,4,-0.0909,-1,0,13,1,1,1.02774922918812,0.191274550648059,22.0484183108827,47.999999998865,-0.736967091215984,-0.675928625273891,222.526304868881,1,3.98934408135813,3.46944695203566e-15,3.98934289279033,13.4711000227266
326,1,Stim,1,1,1033.86976666667,1034.83516666667,-0.0553666666667141,0.966000000000122,1000.00000002365,1,0.0909,1,1,2,1,1,1.03519668737047,0.136892454316004,13.3560102063726,17.9999999995744,-0.868059265595952,-0.49646058394702,209.766109090585,1,2.65956225460477,11.9069073991267,5.31912089632218,12.9230784255834
327,1,NonStim,0,1,1037.14443333333,1038.11833333333,NaN,0.973999999999933,1000.00000002365,4,-0.6363,-1,0,2,15,2,2.05338809034922,0.161318415615083,21.2651153376454,45.4999999989241,-0.780881524860782,-0.114009953339021,188.3065850379,0.789160456009591,2.65956199047967,19.0589508816063,1.32978128621148,2.77555756162852e-14
328,1,NonStim,0,1,1040.44416666667,1041.42876666667,NaN,0.984000000000151,1000.00000002365,2,-1,-1,0,1,1,1,1.01626016260147,0.257245907342924,30.6172778546334,20.9999999995034,-0.625468182156035,-0.780249673572777,231.283440965584,1,11.9680278323747,7.99683143648008,9.30846235876707,5.33122372860901
329,1,Stim,1,1,1043.79583333333,1044.7784,-0.0564666666666653,0.982999999999947,1000.00000002365,4,0.1818,1,0,0,14,0,0,NaN,NaN,NaN,NaN,NaN,NaN,NaN,5.31912495271171,22.8400202023808,3.98934168820555,1.38777878081426e-14
331,1,NonStim,0,1,1050.08893333333,1051.06373333333,NaN,0.975000000000136,1000.00000002365,3,-1,-1,1,2,2,2,2.05128205128176,0.28280086451991,31.7154392252402,14.9999999996453,-0.418964758774656,-0.190369607203156,204.436143058739,0.460186979869911,10.6382383125511,3.9984179535165,10.6382507792476,5.33121383167275
333,1,Stim,1,1,1056.4564,1057.42863333333,-0.0581666666666933,0.97199999999998,1000.00000002365,1,-0.0909,-1,0,17,3,2,2.05761316872432,0.128033823505806,13.0124174713909,31.4999999992551,-0.616059216417913,-0.0465832805420548,184.324188091345,0.617817902103454,5.31912365038317,5.2673929284458e-14,3.98934126456846,2.66560811680751
334,1,Stim,1,1,1059.7318,1060.7148,-0.0570333333332655,0.982999999999947,1000.00000002365,1,-0.3636,-1,1,3,2,2,2.03458799593093,0.400898451518906,40.146197205877,19.4999999995389,-0.19057206100379,-0.0390321979735372,191.575005936853,0.194528205959644,5.31911557708408,1.33280538256306,3.98934372191313,5.33111559640048
335,1,Stim,1,1,1063.17373333333,1064.14913333333,-0.053000000000111,0.975999999999885,1000.00000002365,4,-1,-1,0,5,13,2,2.04918032786909,0.212111450950171,28.4209993538527,48.9999999988413,-0.651963179883057,-0.114891826802384,189.99430024793,0.66200915385606,5.31912272716177,1.33280370564041,3.98934255710947,1.38777878081426e-14
337,1,Stim,1,1,1068.00723333333,1068.9832,-0.0528000000001612,0.975999999999885,1000.00000002365,1,-1,-1,1,3,10,3,3.07377049180364,0.106575047082889,13.739892454101,32.9999999992197,-0.457887366392646,0.214371610767196,154.912161484851,0.505584837396174,5.31907968657392,1.33280453347103,5.55111512325705e-14,3.99841241883935
338,1,NonStim,0,1,1071.5247,1072.5098,NaN,0.9849999999999,1000.00000002365,3,-0.1818,-1,0,3,2,2,2.03045685279208,0.280014100372967,31.4112163691459,29.4999999993024,-0.120966340296597,-0.0701543195185447,210.111550619235,0.139837348486955,6.64888925315714,1.33280169569332,11.9680214375908,7.99682491688726
340,1,Stim,1,1,1077.4836,1078.44506666667,-0.0591333333334205,0.961999999999989,1000.00000002365,2,0.3636,1,1,4,2,2,2.0790020790021,0.227160943977081,25.8631972137884,16.999999999598,-0.497872562926226,-0.656115724305581,232.808110894201,0.823629123207628,11.9680210333435,5.33118020180412,11.9680061473217,5.33122417290242
342,1,NonStim,0,1,1083.1268,1084.10153333333,NaN,0.975000000000136,1000.00000002365,1,-0.1818,-1,1,6,14,4,4.10256410256353,0.210283535764971,28.0449429825306,32.7499999992256,-0.522075842727228,-0.351872981065712,213.97950697762,0.629585403550159,1.32978111204743,3.998418802263,5.31911616322566,5.55111512325705e-14
343,1,NonStim,0,1,1086.53566666667,1087.51833333333,NaN,0.982999999999947,1000.00000002365,4,-0.3636,-1,0,18,11,6,6.1037639877928,0.0909171294352091,12.6658823075319,36.4999999991369,-0.161233606101258,-0.418304290210818,248.921055629376,0.448302080014349,1.32978142428831,3.46944695203566e-15,1.32978038597114,1.33280546844763
344,1,NonStim,0,1,1089.80256666667,1090.7678,NaN,0.964999999999918,1000.00000002365,4,0.6363,1,1,1,1,1,1.0362694300519,0.162392750512779,15.8960669240109,29.9999999992906,-0.994667843747272,0.103130405871168,174.08053809405,1,3.98933775692947,1.33279767800747,3.98933945217464,3.99841762548253
345,1,NonStim,0,1,1093.21926666667,1094.19403333333,NaN,0.974999999999909,1000.00000002365,2,0.3636,1,0,2,8,2,2.05128205128224,0.31622254151311,38.275922975795,23.9999999994325,-0.0961783282557625,-0.988728038891352,264.444044359699,0.993394889113092,13.2978106638999,5.33122480101106,7.9786851897055,1.33280597608143
346,1,NonStim,0,1,1096.52843333333,1097.49403333333,NaN,0.965999999999894,1000.00000002365,4,-0.4545,-1,0,17,16,10,10.3519668737071,0.052950206562745,9.25270627170678,34.6999999991795,0.155616992627158,0.119680011928349,37.5627238461131,0.196315953629578,1.3297813126743,5.55111512325705e-14,2.659559599047,5.55111512325705e-14
347,1,NonStim,0,1,1099.77973333333,1100.75446666667,NaN,0.974999999999909,1000.00000002365,1,0.4545,1,0,2,2,2,2.05128205128224,0.311430281378319,29.7263761457298,27.9999999993379,-0.407612381789078,-0.852071301266908,244.43456142578,0.94454928734844,3.98933995872026,5.3310979739864,3.98934085633241,3.99841483730674
348,1,NonStim,0,1,1103.1961,1104.16236666667,NaN,0.966000000000122,1000.00000002365,4,0.1818,1,1,4,2,2,2.07039337474094,0.174414624484513,20.6508869015808,28.9999999993142,-0.494645998338032,-0.866532119053526,240.280805996168,0.997773810551881,3.98934261378106,1.3328034915629,3.9893440534501,3.9984178213151
349,1,NonStim,0,1,1106.54643333333,1107.5225,NaN,0.975999999999885,1000.00000002365,4,-0.1818,-1,1,11,17,6,6.14754098360728,0.16032793346774,15.0356270401733,36.8333333324623,-0.244466166131702,0.182144978351171,143.311224007415,0.304861443153577,3.98934297631542,5.55111512325705e-14,1.32978102333286,9.81427567938325e-15
350,1,NonStim,0,1,1109.76446666667,1110.7298,NaN,0.964999999999918,1000.00000002365,4,0.0909,1,1,3,7,3,3.1088082901557,0.0795440382574491,12.5505231343589,31.6666666659178,-0.115069699728768,0.262626971343725,113.660573013091,0.286729771514655,1.32977853628209,3.99841852682585,1.329780409638,1.33280624220424
351,1,Stim,1,1,1112.9973,1113.9726,-0.0467333333335773,0.974999999999909,1000.00000002365,4,1,1,1,4,3,3,3.07692307692336,0.298226219055605,33.2522760853652,35.6666666658233,-0.320532483687028,0.282555209283582,138.603237535527,0.427292077380173,5.31912387602027,1.33280523770317,5.31908827821383,3.99840702245465
352,1,Stim,1,1,1116.33923333333,1117.30476666667,-0.0585000000000946,0.965000000000146,1000.00000002365,2,0.0909,1,1,2,2,2,2.07253886010331,0.233889557806986,27.1379902569686,17.4999999995862,-0.672874993160386,-0.0957146334067186,188.095855371391,0.679648473454309,14.6275954124696,3.99841822894513,10.6381819819757,7.99681615821778
353,1,Stim,1,1,1119.6983,1120.66566666667,-0.0532666666667865,0.966999999999871,1000.00000002365,3,-0.1818,-1,1,2,2,2,2.06825232678414,0.226450477722993,20.9541152602805,20.9999999995034,-0.285444068832372,-0.954200023678244,253.345714714893,0.99597992028913,7.97868619403316,6.66400075704483,11.9680222849566,5.33121293605959
355,1,NonStim,0,1,1125.2664,1126.2391,NaN,0.972999999999956,1000.00000002365,1,0.0909,1,1,5,3,3,3.08324768756437,0.17249751592781,20.8864642556294,26.6666666660361,-0.345919370706292,0.117303260786659,161.267904864195,0.365267389758544,3.98934141820403,1.33280588409961,2.65956189445468,6.66402602785007
357,1,NonStim,0,1,1131.47583333333,1132.44966666667,NaN,0.973999999999933,1000.00000002365,1,0.1818,1,1,3,3,2,2.05338809034922,0.323006053640694,27.5389541428119,28.9999999993142,-0.228854233755227,-0.00640504732043617,181.6031444963,0.228943846693614,3.98934416954972,5.33120340397997,12.7765297979679,1.33280305700788
358,1,NonStim,0,1,1134.6596,1135.6502,NaN,0.990999999999985,1000.00000002365,2,0.4545,1,0,4,0,0,0,NaN,NaN,NaN,NaN,NaN,NaN,NaN,14.6275541786242,1.33280465051856,10.6382373089301,5.33122407451889
359,1,Stim,1,1,1137.98423333333,1138.9663,-0.0558000000000902,0.981999999999971,1000.00000002365,4,0.3636,1,1,20,1,1,1.01832993890023,0.224239536397285,30.5664971515217,53.9999999987231,0.00599230568970581,-0.999982045975087,270.343335880328,1,1.76907777098048e-14,2.77555756162852e-14,15.8111422986126,3.39799416341673
360,1,Stim,1,1,1141.40253333333,1142.36656666667,-0.060799999999972,0.963999999999942,1000.00000002365,1,0.3636,1,1,6,16,4,4.14937759336125,0.0731261329876332,18.5919654507358,38.9999999990778,-0.530492898853144,-0.132703016520693,194.044354143852,0.546838921737748,2.65955800802327,1.33280510652409,2.77555756162852e-14,1.33280080220983
361,1,Stim,1,1,1144.685,1145.6511,-0.0556000000001404,0.966000000000122,1000.00000002365,3,0.0909,1,0,1,3,1,1.03519668737047,0.241216423101337,22.0487062403296,27.9999999993379,-0.432762221797885,-0.90150810278364,244.357014171173,1,7.97868766266635,5.33121870303679,7.97868154249921,1.33280621964425
362,1,NonStim,0,1,1148.0444,1149.01816666667,NaN,0.973999999999933,1000.00000002365,4,-0.4545,-1,0,2,4,2,2.05338809034922,0.156712397574212,19.8772125332895,26.4999999993734,-0.186561114244131,-0.0811939711324545,203.519340023041,0.203463781288635,3.98934249807076,6.66400713583936,1.32978136630554,5.33122515670581
363,1,NonStim,0,1,1151.33696666667,1152.31,NaN,0.973999999999933,1000.00000002365,4,0.0909,1,1,3,5,3,3.08008213552383,0.192085575420589,20.3423730527429,24.3333333327579,-0.420588381751371,-0.430754230479183,225.684134140133,0.602033050537884,3.98934264671476,5.33120835602524,1.32978099358987,3.99840666528651
364,1,Stim,1,1,1154.77863333333,1155.76083333333,-0.0540000000003147,0.981999999999971,1000.00000002365,2,0.0909,1,1,1,0,0,0,NaN,NaN,NaN,NaN,NaN,NaN,NaN,14.6275923265203,3.99840570591963,11.9680294789182,5.33121893895222
365,1,NonStim,0,1,1158.25496666667,1159.2228,NaN,0.967999999999847,1000.00000002365,4,0.1818,1,1,11,8,3,3.0991735537195,0.160909096197703,24.2326575260451,45.3333333322613,-0.284432119413932,0.0353579792846311,172.913868680044,0.286621383105646,1.32978095507689,1.33278318064493,12.0264644436133,1.33279151665032
367,1,Stim,1,1,1164.0883,1165.06306666667,-0.0528000000001612,0.975000000000136,1000.00000002365,1,-0.0909,-1,0,4,14,4,4.10256410256353,0.263288581620022,26.0575561055388,25.7499999993911,-0.471011525975353,0.233331779174023,153.646901036449,0.525638256573991,5.31911834540876,3.99839545085338,3.98934386925996,1.11022302465141e-13
368,1,Stim,1,1,1167.43956666667,1168.4046,-0.0561999999999898,0.964999999999918,1000.00000002365,4,0.1818,1,0,10,12,6,6.21761658031141,0.0618171150548509,12.9221354754296,56.8333333319894,-0.28215865785441,0.122775559123813,156.484720296706,0.307713090589865,6.64889779951432,1.38777878081426e-14,1.32978050262632,2.77555756162852e-14
369,1,NonStim,0,1,1170.68186666667,1171.65486666667,NaN,0.972999999999956,1000.00000002365,4,0.4545,1,1,2,3,2,2.05549845837625,0.172196859967788,20.5933890171877,35.4999999991605,-0.622070496312938,-0.772181528443847,231.145033799578,0.991582581156456,3.98934360240063,1.33280560579455,1.32978048292489,5.33122285858606
370,1,NonStim,0,1,1174.05603333333,1175.0547,NaN,0.998000000000047,1000.00000002365,3,0.4545,1,1,2,2,2,2.00400801603197,0.372246731603817,35.9730226602118,16.999999999598,-0.177270461820377,-0.0126595274550769,184.084765135415,0.177721918370795,11.9680285936148,7.99664489629259,10.638227664771,5.33121767603129
372,1,NonStim,0,1,1180.50756666667,1181.4811,NaN,0.973999999999933,1000.00000002365,4,0.3636,1,1,4,3,3,3.08008213552383,0.186883414308537,24.1570325620682,24.9999999994088,-0.718775383994791,-0.415434782905889,210.02687324365,0.830195224922983,3.98934427213747,1.3328062032901,5.31911009978944,3.99841366749028
373,1,Stim,1,1,1183.85853333333,1184.83313333333,-0.060799999999972,0.975000000000136,1000.00000002365,3,0.1818,1,1,1,0,0,0,NaN,NaN,NaN,NaN,NaN,NaN,NaN,10.6382512606288,5.33122450904469,6.64890681996936,18.0370871027506
374,1,NonStim,0,1,1187.18326666667,1188.15086666667,NaN,0.967000000000098,1000.00000002365,1,0.4545,1,1,1,5,1,1.03412616339183,0.181607447753641,17.7357424836854,35.9999999991487,-0.902480998070719,0.430729669423037,154.486124289836,1,3.98934184367123,18.1810956419127,1.32978141286465,5.33119351002881
375,1,NonStim,0,1,1190.42673333333,1191.4014,NaN,0.975000000000136,1000.00000002365,3,-0.6363,-1,0,5,5,5,5.12820512820441,0.319703072751284,26.6062008313713,20.5999999995129,0.00153528927980325,-0.207260708048083,270.424412268067,0.207266394318436,10.6382431274559,5.33122495258272,11.9680292736676,6.66403040446037
376,1,Stim,1,1,1193.7016,1194.66776666667,-0.0618000000001757,0.965999999999894,1000.00000002365,2,-0.0909,-1,0,1,17,1,1.03519668737071,0.357333585074939,38.5072662028951,41.9999999990068,-0.357770001791904,-0.933809737482867,249.036692794177,1,11.9680327072615,6.66401356135346,6.64890714960113,5.48567729478081e-15
377,1,NonStim,0,1,1197.06086666667,1198.02703333333,NaN,0.967000000000098,1000.00000002365,1,0.6363,1,1,8,6,4,4.13650465356732,0.123576641184976,16.5414139354512,33.999999999196,-0.31663247714405,-0.145133129980085,204.625046901061,0.348309849128895,1.32978140310534,2.66561219457345,1.32978138607744,1.33280624749783
379,1,Stim,1,1,1203.56993333333,1204.5373,-0.0561333333334915,0.968000000000075,1000.00000002365,1,0.1818,1,1,17,6,3,3.09917355371877,0.030779109600832,5.78320268569254,27.6666666660124,-0.406251312825639,-0.220317007233751,208.47173108477,0.462146852038388,4.16333634244279e-14,1.38777878081426e-14,1.32978138118868,1.33280440946769
382,1,Stim,1,1,1211.0128,1211.96943333333,-0.0634000000000015,0.957000000000107,1000.00000002365,3,0.6363,1,1,13,1,1,1.04493207941472,0.169326102616319,25.5215276069444,36.9999999991251,-0.998664745320478,0.0516597179046106,177.038798089633,1,10.638236076305,1.0408340856107e-14,6.64887962112447,5.33121902472988
383,1,NonStim,0,1,1214.22946666667,1215.20276666667,NaN,0.972999999999956,1000.00000002365,3,-0.1818,-1,1,2,2,2,2.05549845837625,0.247979555454455,26.587118635443,21.9999999994798,-0.305548618000074,0.0130883012600653,177.547211070056,0.305828810924722,11.9679921629989,3.99841782962023,7.97868828028704,5.33122347370457
384,1,Stim,1,1,1217.66356666667,1218.63786666667,-0.0663333333334322,0.973999999999933,1000.00000002365,3,-0.1818,-1,0,2,2,2,2.05338809034922,0.142387858504193,19.9976356386476,20.4999999995152,-0.889971813928892,0.329598369557561,159.678041915211,0.949044211195076,10.6382510925606,5.33119931034112,7.97868825504154,6.66401098279159
385,1,NonStim,0,1,1221.20546666667,1222.19053333333,NaN,0.985000000000127,1000.00000002365,2,-0.6363,-1,0,1,2,1,1.01522842639581,0.170490899123189,16.4943693573857,29.9999999992906,-0.985395511699427,0.170281195446312,170.19583124908,1,11.9679833408249,6.664023030208,10.6382509311218,5.33122050224972
386,1,Stim,1,1,1224.5399,1225.50473333333,-0.0565666666666402,0.964999999999918,1000.00000002365,1,-0.1818,-1,1,10,18,6,6.21761658031141,0.0760598697953779,13.7375032376143,44.1666666656223,0.0416913421805954,-0.0863575038086479,295.77014158913,0.0958946634431767,5.31912299138255,6.93889390407131e-15,1.38777878081426e-14,1.33280561586746
387,1,Stim,1,1,1227.9224,1228.8911,-0.0538333333333867,0.969000000000051,1000.00000002365,1,0.0909,1,1,12,4,3,3.09597523219798,0.111058431088845,22.6487944440256,47.999999998865,-0.00910421252357335,-0.0565053985314418,260.847102560312,0.0572341397146097,1.32977867527557,1.38777878081426e-14,2.6595612999092,2.66561040828289
388,1,Stim,1,1,1231.3563,1232.33183333333,-0.0529000000001361,0.974999999999909,1000.00000002365,2,-0.4545,-1,0,1,2,1,1.02564102564112,0.192472597486357,24.5265901744928,13.9999999996689,-0.451960214532762,-0.892038095867827,243.130481000838,1,14.6275915822476,7.99683175910229,11.9680084415239,5.33122512236767
389,1,Stim,1,1,1234.70713333333,1235.66393333333,-0.0613666666665722,0.955999999999904,1000.00000002365,2,0.1818,1,0,3,0,0,0,NaN,NaN,NaN,NaN,NaN,NaN,NaN,11.968029179698,1.33280569455437,10.6382497270017,6.03451513298677
390,1,NonStim,0,1,1238.12466666667,1239.09183333333,NaN,0.966999999999871,1000.00000002365,2,0.6363,1,0,2,1,1,1.03412616339207,0.288634533893455,21.758940980346,25.9999999993852,-0.193912109148625,-0.98101890599801,258.8188209527,1,11.9680290031994,5.33122442820717,11.9680070550641,7.99677778885996
391,1,NonStim,0,1,1241.6755,1242.64053333333,NaN,0.965000000000146,1000.00000002365,2,-1,-1,0,2,1,1,1.03626943005166,0.129271086629518,18.6144922423963,32.9999999992197,-0.7404453477496,0.672116572475322,137.769366192468,1,11.9680319507905,3.99841724766254,5.31912515032023,3.99840498554342
392,1,NonStim,0,1,1244.9755,1245.94096666667,NaN,0.964999999999918,1000.00000002365,4,-1,-1,1,1,2,1,1.0362694300519,0.143398338251656,19.4715244545879,33.999999999196,-0.910333945924224,0.413874506219013,155.55154124319,1,1.32978142257021,18.4934023612324,2.65956254480412,15.7723450611445
393,1,Stim,1,1,1248.4181,1249.38326666667,-0.0573666666666668,0.964999999999918,1000.00000002365,3,0.4545,1,1,6,1,1,1.0362694300519,0.136018578386117,16.6048724742755,35.9999999991487,-0.968782707485744,0.247911406911001,165.646045645071,1,11.968029626556,1.33280608092092,7.9786885034475,5.33122516268457
394,1,NonStim,0,1,1251.60123333333,1252.56723333333,NaN,0.965999999999894,1000.00000002365,1,-0.4545,-1,1,7,2,2,2.07039337474143,0.0845353647199241,15.0035436702404,24.9999999994088,-0.58087145859194,-0.286211690827935,206.23076330753,0.647556007904577,3.98934140797747,1.33280624491595,1.32978142638484,5.33121151412119
395,1,Stim,1,1,1254.8691,1255.84276666667,-0.0555000000001655,0.973000000000184,1000.00000002365,4,-1,-1,1,2,2,2,2.05549845837577,0.183014551379318,23.0710037425877,23.9999999994325,-0.559505345550605,-0.805009934384638,235.19957450707,0.98035056288945,3.98933973589156,5.3311692528985,3.98933983431111,5.33121009789178
397,1,Stim,1,1,1260.6275,1261.5851,-0.0643000000000029,0.958000000000084,1000.00000002365,2,0.3636,1,0,0,1,0,0,NaN,NaN,NaN,NaN,NaN,NaN,NaN,14.6275924118463,7.996836773717,11.9680110122951,6.66402998654967
398,1,NonStim,0,1,1263.95346666667,1264.9294,NaN,0.976000000000113,1000.00000002365,1,0.1818,1,0,0,14,0,0,NaN,NaN,NaN,NaN,NaN,NaN,NaN,5.31911589656819,22.1154117849112,2.77555756162852e-14,5.33122472131005
399,1,NonStim,0,1,1267.146,1268.11263333333,NaN,0.967000000000098,1000.00000002365,2,-0.0909,-1,0,0,0,0,0,NaN,NaN,NaN,NaN,NaN,NaN,NaN,11.9680308710777,16.845211224125,14.6275712925329,5.33122490870665
400,1,Stim,1,1,1270.38763333333,1271.3449,-0.0680333333334602,0.957000000000107,1000.00000002365,3,-0.4545,-1,0,4,5,1,1.04493207941472,0.204648252174671,23.888652998076,36.9999999991251,-0.739002080565448,0.673703143023646,137.646477389891,1,11.9679998310425,1.33280554499517,11.9680292587356,1.33280628297415
401,1,Stim,1,1,1273.79666666667,1274.76443333333,-0.0486333333335551,0.967999999999847,1000.00000002365,4,0.4545,1,1,3,4,2,2.06611570247967,0.182700990299061,21.3981302902252,32.9999999992197,-0.797753429740817,-0.204881033326332,194.403555305876,0.823642381425398,5.31912098144928,3.39800102253516,3.98934403086267,1.3328052911696
403,1,NonStim,0,1,1279.51373333333,1280.49866666667,NaN,0.985000000000127,1000.00000002365,2,0.1818,1,0,3,2,2,2.03045685279162,0.208522145930799,24.5535093054884,14.9999999996453,-0.304634638809252,0.0820270042573274,164.929760602852,0.315484853186132,14.6275903600193,5.33122458546483,14.6275491253436,5.33122484745512
405,1,NonStim,0,1,1285.88163333333,1286.84896666667,NaN,0.966999999999871,1000.00000002365,1,-1,-1,1,8,12,5,5.17063081696036,0.113066563555076,14.5912522754433,36.7999999991298,0.358973648820771,0.368934971500187,45.7840353958938,0.514757315386136,1.32978133356658,1.3328058735737,2.77555756162852e-14,5.33122395114234
406,1,Stim,1,1,1289.26526666667,1290.24186666667,-0.0471666666667261,0.975999999999885,1000.00000002365,1,1,1,1,14,4,2,2.04918032786909,0.12979160812732,15.5170401220877,41.4999999990187,0.068702743355098,-0.114935791842584,300.86882526293,0.133904082055023,3.46374786656286,1.38777878081426e-14,5.31912245031034,1.33280627388924
407,1,Stim,1,1,1292.4827,1293.451,-0.0505333333333056,0.969000000000051,1000.00000002365,1,-0.6363,-1,1,7,6,4,4.12796697626397,0.208255893042412,26.181562908278,33.4999999992078,-0.484693011533675,-0.373480483735686,217.616070142627,0.611894588275649,6.64889828141101,1.33278117400008,5.31912175882613,1.33280510358164
408,1,NonStim,0,1,1295.69973333333,1296.66743333333,NaN,0.967999999999847,1000.00000002365,2,0.3636,1,1,0,6,0,0,NaN,NaN,NaN,NaN,NaN,NaN,NaN,11.9680106744918,5.33121913773988,10.6382077303143,1.3328046577659
410,1,NonStim,0,1,1301.46746666667,1302.44373333333,NaN,0.975999999999885,1000.00000002365,1,1,1,1,4,8,3,3.07377049180364,0.30765721243993,34.082191142542,65.6666666651139,-0.444249904890486,0.00941522704711665,178.785881503124,0.444349664673615,5.31909893322011,1.33280294866439,1.38777878081426e-14,2.66561094535422
411,1,NonStim,0,1,1304.70173333333,1305.6773,NaN,0.975999999999885,1000.00000002365,4,-0.0909,-1,0,13,5,4,4.09836065573819,0.129356384976308,20.1077804169542,40.7499999990364,-0.0951637192734248,-0.137159337036839,235.246361782802,0.16693956152553,3.98934388744535,1.09713545895616e-14,1.32977930843416,5.33120370814792
412,1,Stim,1,1,1308.01843333333,1308.9854,-0.0570999999999913,0.966999999999871,1000.00000002365,2,-0.1818,-1,0,1,2,1,1.03412616339207,0.188564863352849,15.5329940876877,20.9999999995034,0.233676000253655,0.97231452056701,76.4864096283666,1,14.6275860225113,5.33121724246857,10.6382285435678,3.99841732943533
413,1,NonStim,0,1,1311.35276666667,1312.3363,NaN,0.983999999999924,1000.00000002365,2,1,1,1,2,1,1,1.0162601626017,0.322066596794006,30.8519325017515,22.9999999994561,-0.447230689699497,-0.894418643695955,243.433853786705,1,14.627577899284,5.33122276260528,11.9680313998656,5.33122496148963
414,1,NonStim,0,1,1314.6028,1315.5781,NaN,0.975999999999885,1000.00000002365,1,-0.6363,-1,0,2,4,2,2.04918032786909,0.113993747511297,11.5272016105729,21.9999999994798,-0.949339618675846,0.312026253795655,161.805486572483,0.999302804281741,3.989332227866,3.99841813389358,1.32978124516402,5.33122507740264
415,1,Stim,1,1,1317.8868,1318.86056666667,-0.0479000000002543,0.973999999999933,1000.00000002365,4,0.6363,1,1,1,2,1,1.02669404517461,0.235273064298085,19.7863455965851,19.9999999995271,-0.684715431844613,-0.72881052228535,226.786768414785,1,5.31911364531074,18.0546237939312,1.32978068062547,5.33122428469272
416,1,NonStim,0,1,1321.11256666667,1322.07743333333,NaN,0.964999999999918,1000.00000002365,4,-0.3636,-1,0,2,14,2,2.0725388601038,0.119197061281736,18.0070844496232,49.9999999988177,-0.849237167102517,-0.495229198178682,210.248425199872,0.98308480036923,2.65955733735404,17.1697332519539,1.73472347601783e-15,2.66561102190909
417,1,Stim,1,1,1324.32043333333,1325.2944,-0.0655333333334056,0.97400000000016,1000.00000002365,2,-0.3636,-1,0,5,0,0,0,NaN,NaN,NaN,NaN,NaN,NaN,NaN,11.9680242951929,1.3328062167319,13.2978111697514,7.99680034480617
418,1,NonStim,0,1,1327.69663333333,1328.67063333333,NaN,0.97400000000016,1000.00000002365,3,0.1818,1,1,5,2,2,2.05338809034874,0.18734429580032,22.5118683174198,17.9999999995744,-0.69477049010448,-0.29439155179996,202.963582636096,0.754567703848507,7.97868607318524,1.33280627297424,10.6382478321754,5.33119958581731
419,1,NonStim,0,1,1330.9134,1331.88893333333,NaN,0.974999999999909,1000.00000002365,3,-0.3636,-1,1,4,2,2,2.05128205128224,0.389981604461029,31.5526576283638,24.4999999994207,-0.129311435522841,-0.0108280083207551,184.7865467361,0.129763990078805,7.97868659819962,2.66561009699019,11.967984681824,5.33121842587522
421,1,NonStim,0,1,1336.38933333333,1337.3659,NaN,0.975999999999885,1000.00000002365,2,0.0909,1,1,1,1,1,1.02459016393455,0.172190834856525,21.206672737623,13.9999999996689,-0.415071036945127,-0.909789005368441,245.47620990281,1,10.6382503759702,5.33120087155382,7.97868700960842,5.33121633895181
422,1,NonStim,0,1,1339.92346666667,1340.89,NaN,0.967000000000098,1000.00000002365,2,-0.3636,-1,0,1,4,1,1.03412616339183,0.157287099475936,13.9704659783536,23.9999999994325,-0.697775146228434,-0.716316860967189,225.751224897238,1,11.96802794633,3.99841811710492,10.638248220335,1.33280629419556
424,1,Stim,1,1,1345.93213333333,1346.9093,-0.0543666666667377,0.977000000000089,1000.00000002365,4,-0.6363,-1,0,2,1,1,1.02354145342877,0.145427298668962,14.8378907541442,20.9999999995034,-0.972990834936097,-0.230843746136552,193.346751687622,1,3.98933214883909,2.66560333363688,12.575543270548,3.9983930695064
425,1,NonStim,0,1,1349.2832,1350.25763333333,NaN,0.973999999999933,1000.00000002365,1,0.3636,1,1,6,8,4,4.10677618069844,0.192053687225361,21.1728321294293,28.7499999993202,-0.18246463545489,0.40918738645342,114.033024333177,0.448026405945304,3.989344276604,1.33280630523252,1.32977892100349,2.66561008420334
428,1,NonStim,0,1,1357.4255,1358.4009,NaN,0.975000000000136,1000.00000002365,4,0.6363,1,1,3,8,3,3.07692307692265,0.184029360255828,19.8457344361478,29.6666666659651,-0.373913620448983,-0.459667678740037,230.873598683323,0.592541787923451,2.65956257369416,19.2202911605331,1.32977442682366,1.33280534213849
429,1,Stim,1,1,1360.68426666667,1361.6578,-0.0489000000002306,0.972999999999956,1000.00000002365,1,0.4545,1,1,10,3,3,3.08324768756437,0.222649191279083,22.9504387601947,37.9999999991014,-0.502954488983375,-0.0318426235755986,183.622626260976,0.503961477361817,2.65956143732636,5.55111512325705e-14,1.32977896322571,5.33106411946077
430,1,NonStim,0,1,1363.94366666667,1364.9085,NaN,0.964999999999918,1000.00000002365,2,-0.1818,-1,1,4,4,3,3.1088082901557,0.153998989722737,16.9261546709628,30.333333332616,-0.279183730310502,0.165564505151348,149.330760514312,0.324584597040737,13.2978133320091,1.33280619559171,7.97868858394984,1.33280566835635
431,1,Stim,1,1,1367.18513333333,1368.1597,-0.0510000000001583,0.97400000000016,1000.00000002365,4,-0.1818,-1,0,18,5,4,4.10677618069748,0.0702138636544149,13.601307368488,38.9999999990778,-0.195409978446424,0.0726148671856244,159.61480014934,0.20846577324064,1.38777878081426e-14,4.16333634244279e-14,2.65955664214781,0.942432042630651
432,1,NonStim,0,1,1370.5521,1371.53756666667,NaN,0.9849999999999,1000.00000002365,1,-0.3636,-1,0,4,2,2,2.03045685279208,0.115062940572812,28.8144579683863,41.9999999990068,-0.642025151514444,-0.286571381943729,204.053852786651,0.703078553311281,2.65956252214756,1.33280630230358,5.31912287629533,2.66561050855223
433,1,Stim,1,1,1373.7364,1374.7102,-0.0497000000000298,0.973999999999933,1000.00000002365,1,-0.4545,-1,1,14,1,1,1.02669404517461,0.233031080209742,22.0191924061504,42.9999999989832,-0.805854740943947,0.592113280123123,143.692883181801,1,5.31912548191177,1.38777878081426e-14,3.98933851993577,21.4020770783874
435,1,NonStim,0,1,1380.2043,1381.1799,NaN,0.975000000000136,1000.00000002365,3,-0.0909,-1,0,4,0,0,0,NaN,NaN,NaN,NaN,NaN,NaN,NaN,6.64890703982002,1.33280591824841,11.9680005635346,6.66403098595265
436,1,NonStim,0,1,1383.33883333333,1384.30283333333,NaN,0.963999999999942,1000.00000002365,3,1,1,1,0,2,0,0,NaN,NaN,NaN,NaN,NaN,NaN,NaN,10.638241320484,5.33122445354833,7.97868525470909,3.99841604836932
438,1,Stim,1,1,1389.1726,1390.13676666667,-0.0575333333333674,0.963999999999942,1000.00000002365,3,0.3636,1,1,2,4,2,2.07468879668062,0.374912474570751,34.2989064923298,17.9999999995744,-0.1807944050343,-0.0262630927123738,188.265255365343,0.18269200018207,11.9680322153418,5.33119133610316,7.97868677027452,5.33120623262837
439,1,NonStim,0,1,1392.35656666667,1393.3307,NaN,0.973999999999933,1000.00000002365,4,1,1,1,13,6,5,5.13347022587304,0.107801946718591,16.6177292558945,42.5999999989926,-0.193231648781128,-0.0606420002345344,197.423452255472,0.202523880772412,1.38777878081426e-14,6.66403137231985,5.31912385374448,1.33280216895062
440,1,Stim,1,1,1395.76426666667,1396.73973333333,-0.0517666666667083,0.974999999999909,1000.00000002365,4,-0.3636,-1,1,0,1,0,0,NaN,NaN,NaN,NaN,NaN,NaN,NaN,5.31912559034379,23.6828268285303,3.98934418604924,24.7248593272733
441,1,Stim,1,1,1399.18116666667,1400.1471,-0.0525666666667348,0.965999999999894,1000.00000002365,4,0.0909,1,0,15,2,2,2.07039337474143,0.139437369069175,19.0312849716298,40.4999999990423,-0.539643317133935,0.0625868395866078,173.384496766722,0.543260547266923,5.31912497535901,1.38777878081426e-14,1.32978136933146,5.33121250324076
442,1,NonStim,0,1,1402.56553333333,1403.53106666667,NaN,0.965999999999894,1000.00000002365,1,-0.1818,-1,1,6,7,3,3.10559006211214,0.0880135604244492,13.0448425354978,30.9999999992669,0.173489250381534,0.484976498619793,70.3164920502766,0.515073513405087,3.98933047452053,1.33280467907005,2.1025669995504,1.33279818693809
443,1,NonStim,0,1,1405.8493,1406.816,NaN,0.967000000000098,1000.00000002365,1,0.0909,1,1,5,5,3,3.10237849017549,0.303290216154213,30.7699670148797,39.9999999990541,-0.272479952116259,0.188483739690017,145.327059500595,0.331317739387454,5.31911798519472,3.99837501346502,3.98933834032434,1.33280601421894
445,1,Stim,1,1,1411.57563333333,1412.5531,-0.0593333333333703,0.978000000000065,1000.00000002365,3,-0.6363,-1,0,9,2,2,2.04498977505099,0.294537867418256,35.8820331499945,59.499999998593,-0.224764319220627,-0.0310105103964915,187.855448453015,0.22689347930199,7.34395080035993,3.46944695203566e-15,7.97868513268688,5.33121583163249
446,1,Stim,1,1,1414.9507,1415.9174,-0.0597666666665191,0.966999999999871,1000.00000002365,2,-1,-1,1,2,2,2,2.06825232678414,0.35357763735807,32.9063589051128,16.4999999996098,-0.107302462699567,0.00070187781595038,179.625227026043,0.107304758206989,13.29780842914,10.6621305728259,10.6382451622756,9.32964053216462
447,1,Stim,1,1,1418.3019,1419.27916666667,-0.0604666666665707,0.978000000000065,1000.00000002365,4,1,1,1,11,3,3,3.06748466257648,0.122493333322898,15.2316974159654,53.3333333320722,-0.209833093038165,0.228905544962375,132.510856498039,0.31052805903571,3.98933830773852,1.15786966836644e-07,5.31912400396878,1.33280625068918
448,1,Stim,1,1,1421.55103333333,1422.517,-0.0513333333333321,0.966000000000122,1000.00000002365,4,-0.0909,-1,1,4,13,4,4.14078674948188,0.239786740122798,22.3675607010348,56.499999998664,-0.397511281371215,-0.266760507008358,213.864636242866,0.478723706240605,5.31912469988911,5.33116137029738,1.3297814243971,2.77555756162852e-14
450,1,NonStim,0,1,1427.5785,1428.55123333333,NaN,0.972999999999956,1000.00000002365,4,-0.1818,-1,0,19,1,1,1.02774922918812,0.136998067161362,18.0828236886131,34.9999999991724,-0.886616597837097,0.462505144230604,152.451121605665,1,1.32978138278762,1.38777878081426e-14,3.98934241070929,17.2806873356526
451,1,NonStim,0,1,1430.89576666667,1431.87866666667,NaN,0.982999999999947,1000.00000002365,3,-1,-1,1,2,14,2,2.03458799593093,0.273025291137869,38.1433794189843,29.9999999992906,-0.187578599381059,0.0179909454563556,174.521433781493,0.188439393610183,11.9680296050548,6.66403008915847,11.9680320054733,5.55111512325705e-14
452,1,NonStim,0,1,1434.15393333333,1435.14576666667,NaN,0.991999999999962,1000.00000002365,1,-0.0909,-1,0,1,2,1,1.00806451612907,0.214859504974177,23.6108926987143,20.9999999995034,-0.632546203584602,0.774522627384576,129.238227645778,1,5.31912529365063,21.9795198046098,5.31912096162863,5.33121932160222
453,1,Stim,1,1,1437.31223333333,1438.3129,-0.0545999999999367,0.999999999999773,1000.00000002365,3,-0.0909,-1,0,1,1,1,1.00000000000023,0.212264369146502,21.7702394081965,21.9999999994798,-0.253798848947099,-0.967257020792885,255.297577030437,1,6.6489054931893,7.99681669102176,11.9680229977405,3.99841882922506
454,1,Stim,1,1,1440.70423333333,1441.67156666667,-0.0549333333335653,0.967000000000098,1000.00000002365,2,-0.6363,-1,1,1,2,1,1.03412616339183,0.234679326518896,26.236951637025,14.9999999996453,-0.133168343991066,-0.991093432607984,262.347282591064,1,10.6382504283175,7.99681801015677,9.30846996898176,6.66402896708858
455,1,NonStim,0,1,1443.94763333333,1444.93156666667,NaN,0.983999999999924,1000.00000002365,3,-0.4545,-1,1,2,1,1,1.0162601626017,0.437430703138278,42.3997746686343,19.9999999995271,-0.470319371177323,-0.882496282765751,241.944970395716,1,11.9680116755541,6.66400101392452,11.9680205172794,5.33121067683928
456,1,Stim,1,1,1447.4146,1448.38083333333,-0.0641333333333023,0.966000000000122,1000.00000002365,3,-0.3636,-1,1,2,5,2,2.07039337474094,0.316705636463901,31.2051955731985,23.9999999994325,-0.360686988028971,-0.00343597919360744,180.545794991242,0.360703353583565,7.97868814249187,6.66399344415035,10.638247974361,1.33280627660189
457,1,Stim,1,1,1450.82293333333,1451.78136666667,-0.0620333333333747,0.958999999999833,1000.00000002365,2,0.4545,1,0,4,5,3,3.1282586027117,0.253756811834541,33.2880614440677,21.6666666661543,-0.344750415405791,0.72864900069244,115.320538472273,0.806090699073347,14.627499043336,1.33280622981988,11.9680111328833,3.99841537581201
458,1,Stim,1,1,1454.1657,1455.14286666667,-0.0551666666667643,0.977000000000089,1000.00000002365,3,1,1,1,0,1,0,0,NaN,NaN,NaN,NaN,NaN,NaN,NaN,11.9680325653921,19.9290315914989,6.64890624638016,5.33121954362006
461,1,NonStim,0,1,1462.0571,1463.0355,NaN,0.978000000000065,1000.00000002365,4,-0.6363,-1,1,4,4,4,4.08997955010198,0.168031822665031,24.3769776615213,32.4999999992315,-0.334117906347056,-0.00621999312690311,181.066504331078,0.334175797532136,3.98934187548785,1.33280597838975,1.32978062500441,6.6640244112286
462,1,Stim,1,1,1465.50816666667,1466.47546666667,-0.0609333333334234,0.966999999999871,1000.00000002365,2,0.6363,1,1,4,17,3,3.10237849017622,0.150676607520744,20.8243309044057,28.9999999993142,-0.270792991440519,-0.105710978136967,201.324460731319,0.290695123990719,18.6169118508324,1.33280513575071,11.9680259735887,6.93889390407131e-15
463,1,Stim,1,1,1468.9255,1469.89296666667,-0.0638666666666268,0.967000000000098,1000.00000002365,2,1,1,1,1,2,1,1.03412616339183,0.481760754611022,38.8891549506752,19.9999999995271,-0.155972908663904,-0.987761333401405,261.026773885701,1,13.2978134487738,5.33121417328231,10.6382513468157,5.33122515362445
464,1,Stim,1,1,1472.15983333333,1473.13333333333,-0.0553666666667141,0.973999999999933,1000.00000002365,4,-0.4545,-1,1,1,5,1,1.02669404517461,0.294580400050022,32.6410442908824,15.9999999996217,-0.60741909337762,-0.794381548753689,232.59688034011,1,2.65956110796991,26.1347227982789,5.31911985583282,1.33280461858088
465,1,NonStim,0,1,1475.4262,1476.3936,NaN,0.967000000000098,1000.00000002365,2,-0.4545,-1,0,3,2,2,2.06825232678366,0.210670412811386,18.1498745796672,20.4999999995152,-0.387630661127285,-0.872063046551671,246.034927808852,0.954333006139344,13.2978125659691,1.33280627050413,10.6382247606033,5.3312189778934
466,1,Stim,1,1,1478.88553333333,1479.8447,-0.0673333333334085,0.95900000000006,1000.00000002365,3,-1,-1,1,11,4,3,3.12825860271096,0.22765307068394,25.6197292190307,25.3333333327343,-0.396126914443853,-0.26273619739851,213.55483157488,0.475338660083773,11.9680325266104,1.38777878081426e-14,7.97868358085145,5.33108401171311
467,1,NonStim,0,1,1482.33643333333,1483.3259,NaN,0.989000000000033,1000.00000002365,3,0.3636,1,0,1,3,1,1.01112234580381,0.16051119954972,13.2384597096255,21.9999999994798,-0.203676660242535,-0.979038210731556,258.24795703907,1,11.9680319139657,6.66402935018107,9.30846969269646,3.99841726265221
469,1,Stim,1,1,1487.2033,1488.1778,-0.0543666666667377,0.973999999999933,1000.00000002365,1,-0.3636,-1,1,15,2,2,2.05338809034922,0.0968927681518428,11.3514655090328,33.4999999992078,-0.82536581632378,0.405106921403197,153.857223428787,0.919423922097199,6.93889390407131e-15,19.0165854944408,2.65955654253191,5.33121572068342
470,1,NonStim,0,1,1490.62063333333,1491.59426666667,NaN,0.973999999999933,1000.00000002365,3,0.0909,1,1,1,1,1,1.02669404517461,0.523752108659498,53.3480955318949,31.9999999992433,0.0920630582066082,-0.995753178912147,275.282304470877,1,7.9786843959536,7.99683299038483,14.6275909501434,10.662449168831
471,1,Stim,1,1,1493.84563333333,1494.83706666667,-0.0606666666667479,0.991999999999962,1000.00000002365,1,-1,-1,1,3,11,3,3.02419354838721,0.287403741464309,30.8777605556676,40.9999999990305,-0.366611697107264,0.103004232796865,164.3066147681,0.380807048818609,1.32978141410251,35.6282030173689,3.98934376355354,5.55111512325705e-14
472,1,Stim,1,1,1497.1133,1498.09886666667,-0.051200000000108,0.9849999999999,1000.00000002365,1,0.6363,1,1,3,5,3,3.04568527918813,0.179173668818695,17.4245779013118,31.9999999992433,-0.713502439991551,-0.405833387987951,209.630806386636,0.820844973597131,5.31911856169522,1.33279216011818,3.98934429005556,2.66560004184283
473,1,NonStim,0,1,1500.4228,1501.37893333333,NaN,0.955999999999904,1000.00000002365,3,0.6363,1,1,14,3,3,3.13807531380785,0.122935343565101,16.9770646690188,26.9999999993615,-0.283248429605358,-0.393768245406725,234.27148737731,0.48505989729578,7.97868212396188,2.77555756162852e-14,7.97867973575508,5.33121063586084
474,1,NonStim,0,1,1503.68056666667,1504.64803333333,NaN,0.967999999999847,1000.00000002365,2,0.4545,1,1,0,1,0,0,NaN,NaN,NaN,NaN,NaN,NaN,NaN,14.6275930823395,10.6624375619442,11.9680169277897,7.99680364411448
475,1,NonStim,0,1,1506.93143333333,1507.89693333333,NaN,0.964999999999918,1000.00000002365,4,0.4545,1,1,3,3,3,3.1088082901557,0.275028389861248,26.2170383479141,17.9999999995744,-0.347899021053273,0.0686477184937499,168.837745183851,0.354607160255152,5.31912258663968,5.33119560156653,1.3297803105129,5.33119249321454
476,1,Stim,1,1,1510.3654,1511.3264,-0.0643999999999778,0.961000000000013,1000.00000002365,2,-0.3636,-1,0,16,0,0,0,NaN,NaN,NaN,NaN,NaN,NaN,NaN,13.2978125018602,6.93889390407131e-15,14.6275938176592,6.66401356966744
477,1,Stim,1,1,1513.73203333333,1514.68963333333,-0.0667000000000826,0.957000000000107,1000.00000002365,2,-0.6363,-1,1,0,2,0,0,NaN,NaN,NaN,NaN,NaN,NaN,NaN,11.9680298443338,19.4427720827093,11.9680327087459,5.33122319825143
478,1,Stim,1,1,1517.09976666667,1518.0765,-0.0529666666666344,0.977000000000089,1000.00000002365,2,-1,-1,0,15,2,2,2.04708290685754,0.174217828212809,19.7588999245916,25.9999999993852,-0.680391518104201,0.128929695331826,169.270050772959,0.692499447109163,14.6275919287746,2.77555756162852e-14,7.97868068520951,5.33122284093299
479,1,NonStim,0,1,1520.2498,1521.2158,NaN,0.965999999999894,1000.00000002365,4,0.0909,1,1,4,1,1,1.03519668737071,0.118174628884582,26.7306279467824,40.9999999990305,-0.995920813265755,0.0902315560326715,174.823071524962,1,1.32978069286844,19.3382444964669,3.98934358102208,16.7500799117988
481,1,NonStim,0,1,1525.17693333333,1526.14496666667,NaN,0.968000000000075,1000.00000002365,3,-0.3636,-1,0,3,3,3,3.09917355371877,0.357564295427964,28.5559426710071,19.6666666662016,-0.0976207550301705,-0.340792888189651,254.015541507007,0.354499089495734,7.9786881672902,6.66398136377408,8.66910084072822,6.66400263380542
483,1,Stim,1,1,1530.01016666667,1530.9676,-0.057933333333267,0.957000000000107,1000.00000002365,3,1,1,1,2,2,2,2.08986415882944,0.284083427306714,26.8018944250538,18.4999999995625,-0.265086496225041,0.0168289091604397,176.36747538947,0.265620147323954,11.968031497951,5.33121568450815,11.9679817069172,5.3312120896848
484,1,NonStim,0,1,1533.37743333333,1534.3526,NaN,0.975000000000136,1000.00000002365,4,0.6363,1,1,12,1,1,1.02564102564088,0.176295207129772,17.9534076346573,50.999999998794,-0.869935821067629,0.493164949305392,150.451182351621,1,1.32978119368422,6.93889390407131e-15,3.98934199154132,15.6745013652907
485,1,NonStim,0,1,1536.90293333333,1537.8606,NaN,0.957999999999856,1000.00000002365,2,0.6363,1,0,5,1,1,1.04384133611707,0.12844537647097,27.0593280841767,29.9999999992906,-0.980959797734104,-0.194210903992196,191.198630493956,1,18.6169208643727,1.33280621012929,8.49200517923628,5.33122421027922
486,1,Stim,1,1,1540.35203333333,1541.31873333333,-0.0557666666666137,0.965999999999894,1000.00000002365,4,-1,-1,1,4,5,3,3.10559006211214,0.245799366926576,27.993706573692,28.9999999993142,-0.145263040715114,-0.388005878116396,249.474923586337,0.414306544059681,2.65956129564894,3.99841684090599,3.98934238134113,5.33122460743979
487,1,Stim,1,1,1543.80303333333,1544.77233333333,-0.0526333333334605,0.968999999999824,1000.00000002365,1,0.6363,1,1,11,8,4,4.12796697626494,0.0370755026225827,7.36653178846166,34.2499999991901,-0.142535644179851,-0.394174805102941,250.119748015508,0.419154132557113,2.65956287650786,2.77555756162852e-14,1.32978125495255,1.33280587709676
489,1,Stim,1,1,1550.5044,1551.49056666667,-0.0635666666667021,0.985999999999876,1000.00000002365,2,-0.0909,-1,0,2,1,1,1.01419878296159,0.280051328770874,27.9727478908687,13.9999999996689,-0.192488351839935,-0.981299258333535,258.901962689863,1,11.9680325493136,7.99683444548226,11.9680319030586,8.5112511090354
491,1,Stim,1,1,1555.4136,1556.38816666667,-0.056400000000167,0.974999999999909,1000.00000002365,3,-0.4545,-1,1,1,2,1,1.02564102564112,0.288034592218828,26.6217704169164,16.999999999598,0.205447020915165,-0.978668238780172,281.855668473461,1,17.2871535082615,7.99680848561116,7.9786850712421,5.33122172626881
492,1,Stim,1,1,1558.77213333333,1559.74713333333,-0.0571999999999662,0.975000000000136,1000.00000002365,4,0.6363,1,1,16,6,5,5.12820512820441,0.0448902207541882,9.69694032970071,34.7999999991771,0.284758796232493,0.0365327944037609,7.31075909843631,0.28709269774539,4.99080041194844e-07,1.33280559338404,2.65955830826121,1.3328037218089
493,1,NonStim,0,1,1562.13923333333,1563.11693333333,NaN,0.976999999999862,1000.00000002365,4,0.1818,1,0,2,1,1,1.02354145342901,0.176659029604552,12.5148687270532,22.9999999994561,-0.980806734906624,-0.194982431931206,191.243697316809,1,3.98934148850528,5.33122065617162,3.98934064965015,2.66561205837844
494,1,Stim,1,1,1565.54843333333,1566.51703333333,-0.0637333333334027,0.969000000000051,1000.00000002365,3,-0.6363,-1,0,3,2,2,2.06398348813199,0.233444122979036,22.8733560420707,17.4999999995862,-0.42658173095842,-0.0343178883544427,184.599457821876,0.427959917105083,5.31912454831413,5.33122500651587,11.9680305129707,6.66402836531949
495,1,Stim,1,1,1568.691,1569.67566666667,-0.0606000000000222,0.9849999999999,1000.00000002365,4,-0.3636,-1,0,21,16,12,12.1827411167525,0.0413277628372661,7.16601078981742,38.9166666657464,0.135075031798578,0.13004025953434,43.9120335978233,0.187498622168658,2.77555756162852e-14,2.77555756162852e-14,3.9893422872797,1.38777878081426e-14
496,1,Stim,1,1,1572.10796666667,1573.07416666667,-0.0550333333333128,0.967000000000098,1000.00000002365,1,1,1,1,13,11,5,5.17063081695914,0.0430216234345898,10.1035058899051,35.5999999991582,-0.14921395000088,-0.0554821788049044,200.396629410818,0.159195084848134,2.65955920117728,2.77555756162852e-14,1.32978058331035,1.33280585574201
497,1,NonStim,0,1,1575.48386666667,1576.44356666667,NaN,0.960000000000036,1000.00000002365,3,0.0909,1,1,1,1,1,1.04166666666663,0.342296749579602,35.8390911902495,16.999999999598,-0.462672618731393,-0.886529214338837,242.440298376152,1,14.6275742082392,5.33121250939291,11.9680304085292,3.99841747938402
498,1,NonStim,0,1,1578.95853333333,1579.93856666667,NaN,0.980000000000018,1000.00000002365,2,0.0909,1,1,3,14,1,1.02040816326529,0.112536650074277,20.484889783927,42.9999999989832,-0.657043530355591,-0.753852637600918,228.92521652144,1,18.6169161224783,1.33280524592334,7.97868836519069,2.77555756162852e-14
499,1,NonStim,0,1,1582.40136666667,1583.36686666667,NaN,0.964999999999918,1000.00000002365,3,-0.4545,-1,1,1,2,1,1.0362694300519,0.2275667366803,23.4092187881179,15.9999999996217,0.208073627502229,-0.978113166018158,282.009485738001,1,13.297813874427,6.66399791904058,7.9786860058147,5.3312247063001
501,1,Stim,1,1,1588.9355,1589.91943333333,-0.0485333333333529,0.984000000000151,1000.00000002365,1,-0.0909,-1,0,2,15,1,1.01626016260147,0.178075634026827,21.197058942746,40.9999999990305,-0.560719732520792,-0.82800566517495,235.894413333513,1,1.32978106411216,2.66561242365201,2.77555756162852e-14,5.33120966346857
502,1,Stim,1,1,1592.12766666667,1593.10173333333,-0.0540333333333365,0.97400000000016,1000.00000002365,2,0.6363,1,1,1,1,1,1.02669404517437,0.27467179216684,31.0939659800186,15.9999999996217,-0.557764193347981,-0.829999460613606,236.098682595156,1,11.9680327626588,5.33108842933888,12.6503569262548,5.33118013420952
503,1,NonStim,0,1,1595.35383333333,1596.3223,NaN,0.968999999999824,1000.00000002365,4,1,1,1,2,4,1,1.03199174406624,0.112468415893049,29.7127128309287,31.9999999992433,0.222661922964802,-0.974895721634687,282.865428811821,1,3.98934307051118,36.0439896157004,3.9893416113364,1.33280248493112
506,1,Stim,1,1,1604.56216666667,1605.53753333333,-0.061033333333171,0.974999999999909,1000.00000002365,4,0.0909,1,1,4,4,2,2.05128205128224,0.188973889912525,14.4122024339112,29.4999999993024,-0.646379931193086,-0.373398541128507,210.014019734059,0.746480733821092,3.98934422725848,1.33280630533136,5.31912476911211,1.33280330522451
507,1,NonStim,0,1,1607.95593333333,1608.93686666667,NaN,0.980999999999995,1000.00000002365,3,0.1818,1,0,13,1,1,1.01936799184506,0.318859916358765,29.8141136507532,21.9999999994798,-0.686106997209927,-0.727500644934132,226.677271488746,1,10.6382506334982,5.55111512325705e-14,11.967972454979,5.33120574048068
508,1,NonStim,0,1,1613.0556,1614.03076666667,NaN,0.974999999999909,1000.00000002365,1,0.4545,1,1,2,17,1,1.02564102564112,0.185658190003457,24.8039954819547,40.9999999990305,-0.850022147737363,-0.526746949071337,211.785921625729,1,12.359376349405,2.66560586126915,2.6595586382737,1.38777878081426e-14
509,1,NonStim,0,1,1616.4396,1617.4169,NaN,0.976999999999862,1000.00000002365,4,-0.3636,-1,1,2,2,2,2.04708290685802,0.179003520178843,20.4515179197515,29.9999999992906,-0.170707851048233,0.258131989519518,123.477461898557,0.309472606902146,5.31911661780179,18.0079382884167,1.32977787177635,5.33122392449949
510,1,NonStim,0,1,1620.74896666667,1621.73,NaN,0.981999999999971,1000.00000002365,2,-0.3636,-1,0,1,1,1,1.01832993890023,0.22858900935824,18.377693702679,18.9999999995507,-0.786762408873353,0.617255953380604,141.883974614208,1,10.6382511803474,5.33122518614373,10.6382513696227,5.33122510149798
511,1,Stim,1,1,1624.18206666667,1625.15926666667,-0.0501000000001568,0.977000000000089,1000.00000002365,1,-0.4545,-1,1,10,2,2,2.04708290685754,0.153619480695978,19.6013431762706,55.9999999986758,-0.723729220010408,-0.438835920310709,211.230684720844,0.846381089611423,3.98934098318209,1.38777878081426e-14,3.98934345398988,5.33120446549287
512,1,NonStim,0,1,1627.6243,1628.59916666667,NaN,0.974999999999909,1000.00000002365,3,-1,-1,1,2,5,2,2.05128205128224,0.123733831063317,18.1876336389829,23.4999999994443,-0.228187771243873,-0.30747647329605,233.419750794212,0.382898734100575,6.64890535368965,1.33280340440307,7.97865729767673,1.33280248335617
513,1,Stim,1,1,1631.10876666667,1632.08383333333,-0.0539333333333616,0.975000000000136,1000.00000002365,1,0.3636,1,1,14,17,7,7.17948717948618,0.0442858544713714,8.21227807266391,50.5714285702327,0.514377449095339,0.154670473745747,16.7357439961306,0.537128583848004,4.16333634244279e-14,1.33280448850207,2.77555756162852e-14,1.33280535396391
514,1,Stim,1,1,1634.30843333333,1635.2739,-0.066533333333382,0.964999999999918,1000.00000002365,3,-0.1818,-1,1,4,2,2,2.0725388601038,0.207432835527829,20.2417686760899,19.4999999995389,-0.0301819401412528,-0.0117745093474059,201.311637252213,0.0323973545380223,11.9680211363887,1.33280586922403,11.968032725623,5.33121049205426
515,1,NonStim,0,1,1637.64223333333,1638.627,NaN,0.9849999999999,1000.00000002365,4,-1,-1,1,2,5,1,1.01522842639604,0.235656605480926,29.0681486142153,48.9999999988413,-0.580911629232798,0.81396663262206,125.514687357178,1,1.32978105842658,21.7492457274244,2.6595626999615,1.33280350865576
516,1,NonStim,0,1,1641.0266,1642.00016666667,NaN,0.973999999999933,1000.00000002365,3,-0.6363,-1,1,2,1,1,1.02669404517461,0.295747753362242,27.2412894890587,16.999999999598,-0.272064866658896,-0.962278914000446,254.21282453275,1,11.968032730397,5.33120387293978,13.2977654030804,7.99682566793746
517,1,Stim,1,1,1644.26006666667,1645.22783333333,-0.0588333333334958,0.967000000000098,1000.00000002365,1,0.1818,1,1,14,4,3,3.10237849017549,0.216279115544114,23.4258491313937,37.3333333324505,-0.453416605861148,-0.155760130899177,198.958899429164,0.479424485032182,2.65955758424772,1.11022302465141e-13,2.65956229403354,3.99841888084497
518,1,NonStim,0,1,1647.62753333333,1648.61283333333,NaN,0.985000000000127,1000.00000002365,3,-0.1818,-1,1,2,4,2,2.03045685279162,0.184928239401265,24.9957672210508,32.9999999992197,-0.558232863212548,-0.692816570184602,231.140074851692,0.889729582228688,11.9680252061832,5.33119714884694,7.97863416296409,1.33280494278293
527,1,NonStim,0,1,1685.47463333333,1686.45256666667,NaN,0.978000000000065,1000.00000002365,1,0.3636,1,1,3,10,2,2.04498977505099,0.182428668930709,22.4839877077506,19.4999999995389,-0.344502203919219,0.0661449497728773,169.131390189076,0.350794701906479,3.98934394224251,1.33279759102105,1.32978010373903,1.33280607772735
530,1,NonStim,0,1,1695.97696666667,1696.95803333333,NaN,0.981999999999971,1000.00000002365,1,1,1,1,1,11,1,1.01832993890023,0.428810459126394,36.2452195149492,40.9999999990305,-0.606812002608783,-0.794845389676457,232.64065475181,1,3.98934362030815,22.562847453202,2.65954464998693,1.38777878081426e-14
531,1,Stim,1,1,1699.40286666667,1700.37543333333,-0.0561999999999898,0.972999999999956,1000.00000002365,3,-1,-1,0,4,0,0,0,NaN,NaN,NaN,NaN,NaN,NaN,NaN,7.97867411295784,1.33280589758921,11.9680315399239,5.33122484243448
532,1,NonStim,0,1,1702.83526666667,1703.81926666667,NaN,0.983999999999924,1000.00000002365,3,0.6363,1,1,0,0,0,0,NaN,NaN,NaN,NaN,NaN,NaN,NaN,7.97868852263405,11.210285726222,14.6275805890431,5.33122351868897
533,1,Stim,1,1,1708.50326666667,1709.4763,-0.0513333333335595,0.973000000000184,1000.00000002365,4,0.4545,1,1,3,15,1,1.02774922918788,0.342610818443377,31.3827800504336,37.9999999991014,-0.934892329863814,-0.354931446284786,200.789242941405,1,3.98932845502587,1.33278861378154,1.32978142192452,3.46944695203566e-15
535,1,Stim,1,1,1716.9625,1717.92856666667,-0.0595333333333201,0.966000000000122,1000.00000002365,1,-0.3636,-1,0,14,10,2,2.07039337474094,0.0255035563603917,6.00941438519931,30.9999999992669,0.335740177413891,-0.165211325201239,333.799082661629,0.374187451292345,3.98934309092576,1.38777878081426e-14,6.78618771622885,3.46944695203566e-15
536,1,NonStim,0,1,1720.31393333333,1721.2967,NaN,0.982999999999947,1000.00000002365,1,-0.3636,-1,1,0,21,0,0,NaN,NaN,NaN,NaN,NaN,NaN,NaN,2.65956041849469,10.8165277233936,6.93889390407131e-15,3.46944695203566e-15
537,1,NonStim,0,1,1723.85583333333,1724.82316666667,NaN,0.968000000000075,1000.00000002365,3,1,1,1,2,1,1,1.03305785123959,0.201404761681646,37.0691053794623,33.999999999196,-0.419338227331001,-0.907830078318015,245.207185933483,1,7.97868789481693,1.33280626387964,7.97868424570739,5.33122320769179
538,1,NonStim,0,1,1727.2063,1728.17526666667,NaN,0.968999999999824,1000.00000002365,4,0.3636,1,1,2,6,2,2.06398348813247,0.183640822647174,12.9544177701679,30.9999999992669,-0.283005584475143,-0.406076965029442,235.126357773667,0.494965314311659,5.3191187458342,1.33280585933722,3.98932848689525,1.33280614386141
539,1,NonStim,0,1,1730.5481,1731.5393,NaN,0.990999999999985,1000.00000002365,1,0.6363,1,1,3,2,2,2.0181634712412,0.141330828826239,14.0992936858402,23.4999999994443,-0.322647047330864,-0.25621743516831,218.453461037153,0.412005450492529,3.98934170538433,5.33120180362434,3.87852429870643,5.33122422057875
540,1,Stim,1,1,1733.9408,1734.91636666667,-0.0509333333334325,0.975999999999885,1000.00000002365,3,0.6363,1,1,7,2,2,2.04918032786909,0.284219532663914,29.5019955459978,16.999999999598,-0.00985439458621057,-0.00365861404737744,200.368312670502,0.0105116387594135,7.97868848065725,1.33280591540186,11.9680311634685,5.33120679230767
541,1,Stim,1,1,1737.33246666667,1738.29756666667,-0.0633666666667523,0.964999999999918,1000.00000002365,2,0.0909,1,1,1,2,1,1.0362694300519,0.440039941003231,38.0483547305061,20.9999999995034,-0.207012252888549,-0.978338350037454,258.052680157122,1,11.9680270807983,5.33122200419735,7.97867508968234,6.66403050718401
542,1,Stim,1,1,1740.9669,1741.9318,-0.0553999999999633,0.964999999999918,1000.00000002365,1,-0.6363,-1,1,7,1,1,1.0362694300519,0.224577027219636,34.2353162880465,52.9999999987467,-0.52406164808129,0.851680332642666,121.605095320873,1,1.3297787826147,1.33280388950645,3.98933188899536,2.6656038401754
544,1,NonStim,0,1,1746.80063333333,1747.75793333333,NaN,0.957000000000107,1000.00000002365,2,-0.1818,-1,0,1,2,1,1.04493207941472,0.217385084530763,21.0470338824385,23.9999999994325,-0.994225164917932,0.10731412509037,173.839490336004,1,13.2977916854771,5.33122145870965,7.9786821229188,3.99841735173531
545,1,Stim,1,1,1750.2003,1751.15883333333,-0.0572333333332153,0.957999999999856,1000.00000002365,2,-0.1818,-1,1,3,1,1,1.04384133611707,0.253462159298435,24.6598730209859,18.9999999995507,-0.360207829889425,-0.93287208088052,248.887039885596,1,18.6168913797858,1.33279741173532,10.6382466939598,10.6624071965667
546,1,Stim,1,1,1753.6438,1754.61603333333,-0.0520333333333838,0.972999999999956,1000.00000002365,4,-0.0909,-1,1,18,4,3,3.08324768756437,0.0860936526853815,17.130976493933,30.333333332616,-0.69485425342316,0.00657946600495801,179.457491458296,0.694885402691096,3.98934427306105,1.38777878081426e-14,1.32977832020008,3.99841322949258
548,1,NonStim,0,1,1758.66816666667,1759.65236666667,NaN,0.983999999999924,1000.00000002365,2,-0.0909,-1,0,3,3,3,3.04878048780511,0.237467034773544,21.7476608233255,19.3333333328762,-0.107078869436466,-0.364776873471077,253.640598388906,0.38016845174097,13.297799738499,5.33122502993866,11.9680012177664,6.66403129569233
549,1,Stim,1,1,1761.90253333333,1762.8775,-0.0564333333334162,0.974999999999909,1000.00000002365,4,1,1,1,15,12,5,5.12820512820561,0.10849299120258,14.106187914955,34.7999999991771,0.00229066446055386,0.448490694947912,89.7073645760737,0.448496544689624,1.32978001485369,3.46944695203566e-15,1.32978023788627,1.3327970045043
550,1,NonStim,0,1,1765.3451,1766.3101,NaN,0.964999999999918,1000.00000002365,3,0.3636,1,1,12,2,2,2.0725388601038,0.181241900913345,21.9593572084692,31.9999999992433,-0.385635860988811,-0.462513446664038,230.179226416192,0.602190755181138,11.9680003763484,3.46944695203566e-15,13.2977609752363,3.99841842377703
551,1,NonStim,0,1,1768.88756666667,1769.84656666667,NaN,0.95900000000006,1000.00000002365,2,-0.6363,-1,0,2,1,1,1.04275286757032,0.165327412386719,28.1163712362625,23.9999999994325,-0.849532274253034,0.527536648018379,148.160833343797,1,11.9680234925552,1.33280615552321,11.9680327633946,5.33122321724597
552,1,NonStim,0,1,1772.14663333333,1773.1222,NaN,0.976000000000113,1000.00000002365,1,-0.6363,-1,1,2,4,2,2.04918032786862,0.225424968680198,25.6818255250731,23.9999999994325,-0.376722843849258,0.31553975242955,140.050753764368,0.491411677151829,3.98933816513908,3.9984179420697,13.3293923883168,1.33280494372328
553,1,NonStim,0,1,1775.47116666667,1776.4543,NaN,0.982999999999947,1000.00000002365,2,0.3636,1,1,4,4,2,2.03458799593093,0.171672443525248,16.4985563135753,23.9999999994325,-0.67034294551191,-0.145235775545265,192.224698476078,0.685895833998004,14.6275953801943,1.33280437230793,10.6382325275301,1.33280540436354
554,1,Stim,1,1,1778.83863333333,1779.81316666667,-0.0517666666669356,0.975000000000136,1000.00000002365,4,-0.6363,-1,1,16,2,2,2.05128205128176,0.14504299857172,19.3420087491591,63.9999999984866,-0.198713818845382,-0.00422797840348965,181.218882385738,0.198758792513679,3.46944695203566e-14,1.38777878081426e-14,3.98934010132299,3.99839321119876
555,1,Stim,1,1,1782.2224,1783.19733333333,-0.0631333333335533,0.974999999999909,1000.00000002365,2,-0.4545,-1,1,0,0,0,0,NaN,NaN,NaN,NaN,NaN,NaN,NaN,14.6275857909574,5.33120910066526,17.28715511805,3.9984183868585
556,1,Stim,1,1,1785.62263333333,1786.59796666667,-0.0587333333332936,0.974999999999909,1000.00000002365,2,0.1818,1,0,1,1,1,1.02564102564112,0.218027239338036,22.2310873789228,14.9999999996453,0.125643682626611,0.992075433127957,82.7820708503988,1,14.6275946600457,6.66402368878613,14.6275827769808,5.33122518622457
558,1,NonStim,0,1,1791.48216666667,1792.45536666667,NaN,0.972999999999956,1000.00000002365,4,-0.1818,-1,0,17,3,3,3.08324768756437,0.0456416352339198,9.64351833319258,38.9999999990778,0.418730357673451,-0.418831627831322,314.993072330515,0.592245763943628,1.38777878081426e-14,1.33280544394534,5.31912535405342,1.33280597531022
559,1,NonStim,0,1,1794.93206666667,1795.90673333333,NaN,0.973999999999933,1000.00000002365,3,-0.0909,-1,1,3,1,1,1.02669404517461,0.222230213655355,34.846516632826,35.9999999991487,-0.996359730918041,0.0852483818317367,175.10969205711,1,11.9680292162852,1.33280303766027,7.97867902711986,10.6624460274541
560,1,Stim,1,1,1798.4084,1799.36936666667,-0.0645666666666784,0.960999999999785,1000.00000002365,2,0.4545,1,0,0,0,0,0,NaN,NaN,NaN,NaN,NaN,NaN,NaN,18.6169300722131,6.66402985588866,11.9680263360749,5.33122447459474
561,1,Stim,1,1,1802.35083333333,1803.3325,-0.0579666666667435,0.981999999999971,1000.00000002365,1,0.4545,1,1,12,17,6,6.1099796334014,0.0242243907483953,6.39584709676594,29.4999999993024,0.1033958648121,0.471856753739275,77.6403802053522,0.483052275545421,1.38777878081426e-14,3.99839954422314,3.98934256877896,6.93889390407131e-15
562,1,Stim,1,1,1805.5511,1806.53253333333,-0.0567666666668174,0.980999999999995,1000.00000002365,4,0.3636,1,1,8,15,6,6.11620795107037,0.0472687148296298,8.64110975985992,47.1666666655513,0.33356939770933,0.0223390207729368,3.83135647756492,0.334316578914745,2.77555756162852e-14,13.9598429352903,2.56435414575609e-07,1.33280500904731
563,1,NonStim,0,1,1808.83546666667,1809.8029,NaN,0.966999999999871,1000.00000002365,4,-0.4545,-1,1,8,13,6,6.20475698035243,0.0584539189242099,8.71653251856455,39.9999999990541,0.0114049654854954,-0.11766437385209,275.536267368796,0.118215811597814,1.32978141461959,1.33280628897452,1.38777878081426e-14,5.33122084914459
565,1,Stim,1,1,1813.62733333333,1814.60186666667,-0.0569666666667672,0.97400000000016,1000.00000002365,4,-0.1818,-1,1,4,6,4,4.10677618069748,0.196573994832071,24.9369528733745,36.9999999991251,-0.437879692719059,-0.139309837247604,197.64828018604,0.459506100122394,5.3191122895779,5.33117889835612,3.98934010160063,1.33280425056923
566,1,Stim,1,1,1817.00256666667,1817.98046666667,-0.0505000000000564,0.978000000000065,1000.00000002365,1,0.0909,1,1,5,2,2,2.04498977505099,0.24953960032205,21.6621315217548,22.4999999994679,-0.423110484798935,-0.337143796184736,218.548612393334,0.541006859154895,3.98933490671001,1.33280630062145,3.98930426439445,5.33122351589474
567,1,NonStim,0,1,1820.4361,1821.40186666667,NaN,0.965000000000146,1000.00000002365,1,-0.1818,-1,0,1,11,1,1.03626943005166,0.210434575484105,16.5089431122372,47.999999998865,-0.934620594102493,0.355646376446469,159.166935506587,1,2.65956173204565,14.9287371181582,3.98934268131649,2.77555756162852e-14
568,1,Stim,1,1,1823.82806666667,1824.81103333333,-0.0503000000001066,0.982999999999947,1000.00000002365,4,-0.4545,-1,1,2,13,2,2.03458799593093,0.329143675257138,33.1927506123477,36.9999999991251,-0.16521850778844,-0.0350040327276983,191.96208843202,0.168885871590967,3.98934370600638,3.99841869932971,3.98934222909262,1.38777878081426e-14
571,1,NonStim,0,1,1831.41303333333,1832.39073333333,NaN,0.977000000000089,1000.00000002365,1,-1,-1,1,14,17,6,6.14124872057262,0.0777945726758628,9.15338504618803,48.6666666655159,-0.078211211964032,0.0546152592467122,145.073220875273,0.0953929778310139,5.3191206826013,6.93889390407131e-15,2.68882138782763e-14,1.33280328192083
572,1,Stim,1,1,1834.65506666667,1835.62106666667,-0.0576333333333423,0.966000000000122,1000.00000002365,1,-1,-1,1,16,3,1,1.03519668737047,0.0696571647115096,26.6811853194917,46.9999999988886,-0.973944957567629,0.2267845224626,166.892163276616,1,3.98934338370467,1.22663473337571e-14,3.9893424371314,1.33280193348079
573,1,NonStim,0,1,1837.89726666667,1838.8897,NaN,0.991999999999962,1000.00000002365,1,0.0909,1,1,11,14,6,6.04838709677443,0.0754097345542902,11.8555248185318,49.166666665504,0.13303241299473,0.0726164039178438,28.6281386317131,0.151561093375443,5.31911622130037,3.46944695203566e-15,6.93889390407131e-15,1.33280630559052
574,1,NonStim,0,1,1841.1062,1842.07986666667,NaN,0.972999999999956,1000.00000002365,4,-0.0909,-1,1,1,4,1,1.02774922918812,0.400411852550169,42.9944823437768,17.9999999995744,0.272390079564849,-0.962186907287069,285.806540141407,1,5.31912304152499,29.4489836799433,3.98934428911086,3.99840403870803
575,1,Stim,1,1,1844.44083333333,1845.3982,-0.0608666666666977,0.957999999999856,1000.00000002365,3,-0.0909,-1,1,1,1,1,1.04384133611707,0.346794878053721,35.8935269676769,17.9999999995744,-0.431682418232876,-0.902025659163095,244.425621902163,1,10.6382496927805,6.66399626720612,11.9679323272143,7.99683741711287
576,1,NonStim,0,1,1847.86543333333,1848.83306666667,NaN,0.968000000000075,1000.00000002365,4,-0.6363,-1,1,14,10,5,5.16528925619795,0.123015528762796,13.9438940164425,35.7999999991534,-0.172545404628728,-0.520623384701856,251.663731167771,0.548471170944206,3.98934262508073,5.55111512325705e-14,1.38777878081426e-14,3.99841685767178
577,1,Stim,1,1,1851.2586,1852.22416666667,-0.0603666666665958,0.965999999999894,1000.00000002365,3,0.4545,1,1,0,1,0,0,NaN,NaN,NaN,NaN,NaN,NaN,NaN,11.9680300531953,7.99683073857675,5.31912334729322,5.33121461483524
578,1,NonStim,0,1,1854.4587,1855.43203333333,NaN,0.973999999999933,1000.00000002365,3,0.4545,1,1,2,1,1,1.02669404517461,0.224725617071226,26.7394158142909,13.9999999996689,-0.611003243423477,-0.791628092304708,232.337920601313,1,13.2977985378845,6.66402753674116,11.9680079972559,5.33122311534945
579,1,NonStim,0,1,1857.89273333333,1858.8831,NaN,0.990999999999985,1000.00000002365,1,-0.4545,-1,1,5,23,3,3.0272452068618,0.116092120222684,17.1967840261839,50.3333333321431,-0.378683598924843,-0.310225576631672,219.325056004946,0.489531588859315,3.98934378123383,1.33280531960237,1.38777878081426e-14,2.77555756162852e-14
580,1,NonStim,0,1,1861.40083333333,1862.3765,NaN,0.975999999999885,1000.00000002365,1,0.1818,1,1,9,4,4,4.09836065573819,0.242756029279013,24.8230563112514,41.9999999990068,-0.346170733076318,-0.406920137816201,229.61187915252,0.53424542581004,5.31912479393305,1.38777878081426e-14,3.98934356571804,5.33103634180753
581,1,Stim,1,1,1864.78473333333,1865.75373333333,-0.0557333333333645,0.968999999999824,1000.00000002365,2,0.3636,1,0,1,4,1,1.03199174406624,0.392877270409542,42.7192043101803,38.9999999990778,-0.0730172847520074,-0.997330675416857,265.812691326773,1,11.9680266283784,6.66384184343819,7.97868848125243,1.33279635791402
582,1,Stim,1,1,1867.96833333333,1868.93603333333,-0.0503000000001066,0.967999999999847,1000.00000002365,2,1,1,1,13,2,2,2.06611570247967,0.268650474745268,27.341094792647,24.9999999994088,-0.408767697539534,-0.189119037411623,204.827928213413,0.450396537357106,18.6169075268892,2.77555756162852e-14,12.6503818194586,5.3312186313233
583,1,Stim,1,1,1871.34456666667,1872.32186666667,-0.057166666666717,0.976999999999862,1000.00000002365,3,0.0909,1,1,0,1,0,0,NaN,NaN,NaN,NaN,NaN,NaN,NaN,10.6382513500729,5.33121700389434,7.97868854767194,3.99840303000083
584,1,NonStim,0,1,1874.83643333333,1875.82126666667,NaN,0.9849999999999,1000.00000002365,2,-0.4545,-1,0,0,1,0,0,NaN,NaN,NaN,NaN,NaN,NaN,NaN,11.9680086633822,6.66401759366594,10.6382258460951,10.6624370678655
585,1,NonStim,0,1,1878.303,1879.28756666667,NaN,0.9849999999999,1000.00000002365,2,-1,-1,0,3,3,3,3.04568527918813,0.280828323882851,29.0618766841031,17.9999999995744,-0.107446994257273,-0.314477989712933,251.136355706077,0.332327041615349,15.957376896599,7.99681259233757,7.9786870652077,5.33122476955664
586,1,NonStim,0,1,1881.738,1882.70373333333,NaN,0.965999999999894,1000.00000002365,2,1,1,1,1,3,1,1.03519668737071,0.121570983260612,25.859525220948,27.9999999993379,-0.882303518292564,0.470680891484415,151.921496245841,1,15.9572874674184,5.33120872339794,6.64888193005736,5.33122498007949
587,1,NonStim,0,1,1885.07146666667,1886.04926666667,NaN,0.978000000000065,1000.00000002365,2,0.1818,1,1,1,1,1,1.02249488752549,0.341750633707717,28.0125047935158,17.9999999995744,0.283163727193857,-0.959071584190504,286.449116943808,1,11.9680327350816,7.99683747363346,7.97868846781153,5.33122503445337
588,1,NonStim,0,1,1888.454,1889.42876666667,NaN,0.97400000000016,1000.00000002365,1,-0.0909,-1,0,11,2,2,2.05338809034874,0.169761384151944,16.9900308045473,45.9999999989122,-0.310822766928979,-0.0818142180265675,194.74679575723,0.321409954283755,3.98934428922345,2.77555756162852e-14,3.98934380933458,3.99841150354172
589,1,Stim,1,1,1891.89796666667,1892.86623333333,-0.0576666666665915,0.969000000000051,1000.00000002365,3,-0.3636,-1,0,2,2,1,1.03199174406599,0.267476332070026,27.0830562912121,15.9999999996217,0.129263386320122,-0.991610294902718,277.427028314466,1,11.9680325370617,5.3312236993247,11.9680298029114,5.33118444326625
591,1,Stim,1,1,1897.41416666667,1898.37166666667,-0.0673666666666577,0.957000000000107,1000.00000002365,3,0.3636,1,1,4,2,1,1.04493207941472,0.252637863486544,28.0961564738346,18.9999999995507,0.00263948863958311,-0.999996516543794,270.151231734724,1,13.2978086331748,1.33280629931473,11.9680221123929,7.99683314262164
592,1,Stim,1,1,1900.85686666667,1901.82576666667,-0.057166666666717,0.969000000000051,1000.00000002365,4,0.1818,1,0,2,1,1,1.03199174406599,0.332189426260567,38.434559266072,29.9999999992906,-0.163057981180693,0.986616488192487,99.3844371862895,1,5.31912420060898,3.99841653555737,10.3246130337051,5.33116406621131
593,1,Stim,1,1,1904.0821,1905.03913333333,-0.0631666666668025,0.95699999999988,1000.00000002365,3,0.1818,1,1,4,6,2,2.08986415882994,0.121046272981074,19.7070865151123,34.4999999991842,-0.974788719248758,0.18532013617952,169.235776917538,0.992248255250787,10.6382495748195,1.33280614223734,7.97867357431972,1.33280457752357
595,1,Stim,1,1,1910.4587,1911.43226666667,-0.0571333333332404,0.973999999999933,1000.00000002365,1,-0.1818,-1,0,12,16,9,9.24024640657148,0.0633002202024987,12.0674398230697,40.2222222212711,0.0085948452719633,0.410952772639243,88.8018657858859,0.411042640981602,5.31911744606683,1.38777878081426e-14,2.67256385321693e-14,1.33279951845348
596,1,NonStim,0,1,1913.62513333333,1914.6182,NaN,0.992999999999938,1000.00000002365,1,0.0909,1,0,0,15,0,0,NaN,NaN,NaN,NaN,NaN,NaN,NaN,3.98933182687821,29.3769571475311,2.77555756162852e-14,1.33278873781385
597,1,NonStim,0,1,1916.8751,1917.8517,NaN,0.976000000000113,1000.00000002365,4,-0.0909,-1,0,13,9,5,5.12295081967154,0.113073387560678,11.340016221706,37.1999999991203,0.160105252208412,0.335919774204747,64.5167127882365,0.372123348483385,2.65956080714757,6.93889390407131e-15,1.32978102776347,1.33280445637807
599,1,Stim,1,1,1921.94393333333,1922.90256666667,-0.0683333333333849,0.95900000000006,1000.00000002365,2,0.6363,1,0,2,1,0,0,NaN,NaN,NaN,NaN,NaN,NaN,NaN,17.2871433658352,5.33122484632292,5.31912451204738,5.33121312106431
600,1,Stim,1,1,1925.2851,1926.26043333333,-0.0552666666667392,0.974999999999909,1000.00000002365,3,0.1818,1,1,1,3,1,1.02564102564112,0.228321325878021,28.3046746805551,13.9999999996689,-0.414565175903766,0.910019623375167,114.491936525901,1,14.6274610036763,3.99841853549107,7.97868636621381,6.66402863013763
602,1,NonStim,0,1,1930.2537,1931.2208,NaN,0.967000000000098,1000.00000002365,3,0.3636,1,1,3,3,3,3.10237849017549,0.169300104787511,16.7527758872618,16.999999999598,-0.482668090927136,-0.289436319361789,210.949393065958,0.562798248900035,10.6382367787362,3.99841858623246,14.6275949555234,3.99841691881082
603,1,NonStim,0,1,1933.54476666667,1934.5108,NaN,0.965999999999894,1000.00000002365,4,0.3636,1,1,15,2,2,2.07039337474143,0.157783333583173,19.6662374460207,56.499999998664,-0.623028713125524,-0.248166975708506,201.718554274874,0.67063524006061,3.98934419955176,2.77555756162852e-14,3.98934351271463,3.99841801008837
604,1,Stim,1,1,1936.9046,1937.86136666667,-0.0595666666667967,0.957000000000107,1000.00000002365,3,-0.0909,-1,1,4,5,4,4.17972831765888,0.287416644766327,26.2086071468666,21.9999999994798,-0.0777779367160491,-0.0497877068855604,212.62437858002,0.0923483795024484,7.97868849712554,6.6640049624261,7.97868526419545,3.99840971756323
605,1,NonStim,0,1,1940.2456,1941.2154,NaN,0.9699999999998,1000.00000002365,2,0.3636,1,1,2,2,2,2.06185567010352,0.380986226094785,35.4014796561497,19.4999999995389,-0.266219509085449,-0.0101168663364721,182.176305376241,0.266411670168871,13.2978131478516,6.66384591776714,7.97865951089202,6.66403139874961
606,1,NonStim,0,1,1943.50596666667,1944.46993333333,NaN,0.963999999999942,1000.00000002365,1,0.4545,1,1,2,4,2,2.07468879668062,0.144530046751682,14.6213755318649,20.9999999995034,-0.86086605148142,-0.236518387303658,195.362651325671,0.892766098217184,5.319123420979,3.9984175618171,3.98934284965472,1.33280514647315
607,1,Stim,1,1,1946.83043333333,1947.8149,-0.058866666666745,0.984000000000151,1000.00000002365,4,-0.3636,-1,0,14,2,2,2.03252032520294,0.157275074183793,15.0077105994416,43.9999999989595,-0.623134021152663,-0.0652251577822758,185.975547301735,0.626538370353811,3.98933368266343,2.77555756162852e-14,1.32978140184078,5.33121108889632
608,1,NonStim,0,1,1950.8145,1951.77153333333,NaN,0.95699999999988,1000.00000002365,2,-1,-1,0,0,0,0,0,NaN,NaN,NaN,NaN,NaN,NaN,NaN,10.63825127953,5.33122515042416,10.6382494275773,15.0641083536674
609,1,Stim,1,1,1954.157,1955.13936666667,-0.0581666666669207,0.981999999999971,1000.00000002365,1,0.3636,1,1,1,17,1,1.01832993890023,0.311350061080811,31.6025860081394,36.9999999991251,-0.201456596498762,-0.979497442430114,258.377850235635,1,3.98934045141624,20.952989896715,1.32977882605529,3.46944695203566e-15
610,1,Stim,1,1,1957.56573333333,1958.5312,-0.0589999999999691,0.965999999999894,1000.00000002365,2,0.1818,1,1,7,0,0,0,NaN,NaN,NaN,NaN,NaN,NaN,NaN,14.627571632465,1.33280623129113,11.9680264774537,5.33122474574751
611,1,NonStim,0,1,1960.92496666667,1961.88196666667,NaN,0.957000000000107,1000.00000002365,3,0.0909,1,0,3,2,2,2.08986415882944,0.308825604812145,28.1130635919135,19.9999999995271,-0.00760589950342244,-0.967887432253086,269.549764821269,0.96791731631412,7.97868832174461,5.33122511011628,7.97868826710484,5.33122515308186
612,1,NonStim,0,1,1964.19913333333,1965.1736,NaN,0.973999999999933,1000.00000002365,1,-0.1818,-1,1,4,6,3,3.08008213552383,0.30086287533661,26.9456678585001,29.3333333326397,-0.211478166698631,-0.348088788234457,238.719608729175,0.407294511974747,2.65956172289983,1.33280629987602,3.98934267011093,1.33280347306229
613,1,NonStim,0,1,1967.5667,1968.53236666667,NaN,0.965999999999894,1000.00000002365,1,-0.4545,-1,0,3,4,3,3.10559006211214,0.286973724148646,33.7941674949389,29.9999999992906,-0.372995861726208,-0.0417725861200953,186.390047719882,0.37532767259561,5.3191166113396,5.33091557766804,1.32978126762793,5.33122505511031
614,1,Stim,1,1,1971.08316666667,1972.049,-0.0562333333334664,0.965999999999894,1000.00000002365,4,-0.0909,-1,0,4,14,3,3.10559006211214,0.18759268340723,22.7648123294972,50.999999998794,-0.0111011587422944,-0.234899653676387,267.294263130236,0.235161823055334,5.31911215814434,1.33280628765091,3.98934415127771,1.73472347601783e-15
615,1,NonStim,0,1,1974.23476666667,1975.20193333333,NaN,0.967000000000098,1000.00000002365,2,-0.3636,-1,1,0,2,0,0,NaN,NaN,NaN,NaN,NaN,NaN,NaN,14.6275944169809,14.1115389764182,11.9680164190033,6.66400516303312
616,1,NonStim,0,1,1977.58463333333,1978.56733333333,NaN,0.982999999999947,1000.00000002365,4,-0.3636,-1,1,15,12,5,5.08646998982733,0.0777142168386019,14.3076397709015,39.199999999073,-0.416179779960285,-0.498330494114127,230.133118316195,0.649260264155925,1.32978143084157,2.77555756162852e-14,2.65956287324193,1.38777878081426e-14
617,1,NonStim,0,1,1980.9773,1981.96256666667,NaN,0.9849999999999,1000.00000002365,3,0.4545,1,1,5,2,2,2.03045685279208,0.210295126504135,19.6750454665453,22.9999999994561,0.0442795420199481,0.0097020385547214,12.3587062661752,0.0453299833842199,11.9680316811445,1.33279554492165,11.9679917942019,2.66560816493683
618,1,NonStim,0,1,1984.2199,1985.18916666667,NaN,0.970000000000027,1000.00000002365,2,0.1818,1,1,3,3,2,2.06185567010303,0.129756356039822,14.2806210086021,16.999999999598,0.0341029474556891,0.912765095792236,87.8602966648743,0.913401954848891,18.6169395557096,5.33122408358899,13.2977954632267,1.33280581428747
619,1,Stim,1,1,1987.5039,1988.47766666667,-0.0610000000001492,0.97400000000016,1000.00000002365,2,-0.0909,-1,0,1,0,0,0,NaN,NaN,NaN,NaN,NaN,NaN,NaN,13.2978141099869,7.9967774835971,13.2978021649321,7.99683697181717
620,1,NonStim,0,1,1990.7863,1991.77123333333,NaN,0.9849999999999,1000.00000002365,4,-0.6363,-1,1,15,10,6,6.09137055837625,0.10876551144995,19.2368297333243,35.6666666658233,-0.131501801818214,-0.00516403187040333,182.248830635832,0.131603157661947,1.38777878081426e-14,3.99841206493046,1.32978064601338,1.33280560242068
621,1,NonStim,0,1,1994.24616666667,1995.2187,NaN,0.97199999999998,1000.00000002365,3,0.6363,1,1,6,4,4,4.11522633744864,0.273524987172575,26.7920811905824,24.9999999994088,-0.312761467450467,-0.0479183444557745,188.710581325574,0.316410972087176,7.97868727181525,1.33277798797458,9.30846225094238,6.03440799993908
622,1,Stim,1,1,1997.52163333333,1998.49503333333,-0.0560333333332892,0.973999999999933,1000.00000002365,2,-0.6363,-1,0,6,1,1,1.02669404517461,0.176384347399548,16.0752144980475,21.9999999994798,-0.38494393735148,-0.922939957470874,247.359740130195,1,14.6275891538452,1.3328012621555,11.9680260670564,3.99839934858833
623,1,Stim,1,1,2000.63803333333,2001.62216666667,-0.0495333333333292,0.984000000000151,1000.00000002365,1,-0.3636,-1,1,13,15,7,7.11382113821029,0.093080208076565,10.2417788634369,43.5714285703982,0.498923841636241,-0.256255294436879,332.814239970939,0.560884814984322,2.65956240767283,6.93889390407131e-15,5.31912046329215,6.93889390407131e-15
624,1,Stim,1,1,2003.9885,2004.97033333333,-0.0541333333335388,0.981999999999971,1000.00000002365,1,0.6363,1,1,4,4,4,4.07331975560094,0.268383987346672,27.6731362424891,27.2499999993556,-0.324509875282723,0.350680424914933,132.780311998238,0.477790141772019,5.31912288989796,1.33280561809596,3.9893441958178,6.6640315080408
625,1,Stim,1,1,2007.36473333333,2008.3303,-0.0587333333332936,0.965999999999894,1000.00000002365,3,0.6363,1,1,1,1,1,1.03519668737071,0.106137686639459,25.6364789724415,34.9999999991724,-0.690257915455083,0.723563411285842,133.650528578811,1,10.6382392790392,5.33122100387972,7.97868782527201,6.66401736079138
626,1,Stim,1,1,2010.7391,2011.72476666667,-0.0521333333333587,0.9849999999999,1000.00000002365,4,0.6363,1,1,1,13,1,1.01522842639604,0.206723847972308,26.3554217027766,37.9999999991014,-0.305901583166135,-0.952063139406443,252.187586475429,1,5.31912333798672,5.33119225808365,3.98934380385677,6.93889390407131e-15
627,1,Stim,1,1,2014.1077,2015.06583333333,-0.0666000000003351,0.958000000000084,1000.00000002365,2,1,1,0,3,0,0,0,NaN,NaN,NaN,NaN,NaN,NaN,NaN,15.9573725451443,1.33280484678435,15.9573713846875,5.33121848874061
628,1,Stim,1,1,2017.60706666667,2018.58206666667,-0.0581333333334442,0.975000000000136,1000.00000002365,1,-1,-1,1,2,17,1,1.02564102564088,0.204355757443328,30.3816041588466,55.9999999986758,-0.652088558032102,0.758142804808971,130.699255910845,1,1.3297809994113,19.1751040164304,1.38777878081426e-14,1.33280383957711
630,1,NonStim,0,1,2023.6835,2024.65013333333,NaN,0.967000000000098,1000.00000002365,1,1,1,1,5,8,2,2.06825232678366,0.197571182774629,29.540693435475,38.4999999990896,-0.538012259824791,-0.216565130605107,201.92617788908,0.579963488088505,5.31912494517281,1.33280415912369,5.31911541971625,2.77555756162852e-14
631,1,Stim,1,1,2026.95816666667,2027.94496666667,-0.0526333333334605,0.985999999999876,1000.00000002365,1,-0.1818,-1,0,12,3,3,3.04259634888476,0.139448376934185,16.011941650257,49.9999999988177,-0.572015613442039,-0.509602781233685,221.697512859094,0.766091937473943,3.98934153488927,2.19427091791233e-14,3.98932890014455,5.33119981097713
632,1,NonStim,0,1,2030.31843333333,2031.27733333333,NaN,0.95900000000006,1000.00000002365,3,-0.6363,-1,1,9,2,2,2.08550573514064,0.164353581829349,14.7960490932868,46.9999999988886,-0.179663100932421,-0.0983279540007291,208.69148017956,0.204810195973303,10.6382388138566,2.77555756162852e-14,7.9786880138369,2.66561257328417
633,1,NonStim,0,1,2033.75183333333,2034.72513333333,NaN,0.973999999999933,1000.00000002365,1,0.3636,1,1,3,3,2,2.05338809034922,0.224656118451825,27.8502224426723,27.4999999993497,-0.535811281403176,-0.230298554504858,203.258652814128,0.583207641827455,5.31912279136011,5.33120030390324,5.31912469762166,1.33279929059224
636,1,NonStim,0,1,2040.43616666667,2041.41593333333,NaN,0.979000000000042,1000.00000002365,3,-0.0909,-1,1,0,1,0,0,NaN,NaN,NaN,NaN,NaN,NaN,NaN,14.6275771794451,14.6197115492668,9.30846184207482,7.996835907033
639,1,Stim,1,1,2048.5627,2049.53016666667,-0.0578000000004977,0.968000000000302,999.999999796273,2,-0.1818,-1,1,2,3,2,2.06611570247869,0.495627721237324,43.70216094795,19.0000000038708,-0.125375475288731,0.0164631461697041,172.519248630733,0.126451749634714,17.2871426690192,5.33122005564648,7.97868218863468,5.33120700941383
640,1,NonStim,0,1,2051.939,2052.90566666667,NaN,0.966000000000349,999.999999796273,3,-0.3636,-1,0,7,0,0,0,NaN,NaN,NaN,NaN,NaN,NaN,NaN,7.97868166911967,1.33280561662141,10.6382513616782,5.33122237961398
641,1,Stim,1,1,2055.4557,2056.4225,-0.0535333333332346,0.967000000000098,999.999999796273,3,1,1,1,2,1,1,1.03412616339183,0.128493482147903,22.4043427384364,29.0000000059081,-0.243235344727863,0.969967302064929,104.077572039519,1,5.31912191497466,5.33122083669357,7.97867928098141,5.3312243695023
643,1,NonStim,0,1,2061.62226666667,2062.59653333333,NaN,0.97400000000016,999.999999796273,3,-0.1818,-1,0,2,1,1,1.02669404517437,0.243812763678269,18.8813487392524,26.0000000052969,-0.0927927541575468,-0.995685444694185,264.675707294136,1,7.97868800558334,5.33122477253637,10.6382431859139,7.99683762001203
644,1,Stim,1,1,2064.94723333333,2065.93053333333,-0.0577333333335446,0.983000000000175,999.999999796273,1,0.4545,1,0,0,15,0,0,NaN,NaN,NaN,NaN,NaN,NaN,NaN,1.32978062077088,11.9084987212459,2.42861286587276e-14,1.33280608819049
645,1,Stim,1,1,2068.31543333333,2069.3,-0.0560000000004948,0.985000000000582,999.999999796273,2,0.4545,1,0,1,0,0,0,NaN,NaN,NaN,NaN,NaN,NaN,NaN,15.9573770232784,2.6656079946646,10.6382485759839,6.66400259111186
646,1,NonStim,0,1,2071.56563333333,2072.5526,NaN,0.987000000000535,999.999999796273,2,0.6363,1,0,1,1,1,1.01317122593663,0.248200751084585,18.3683197454188,18.0000000036671,-0.99938052280704,-0.0351933322367595,182.016845884712,1,11.9680315906445,3.99841878975322,10.6382418484328,3.99841717430249
647,1,NonStim,0,1,2074.91693333333,2075.89046666667,NaN,0.97400000000016,999.999999796273,1,-1,-1,1,16,2,2,2.05338809034874,0.122650021894899,12.3046849908432,45.5000000092696,-0.989779917949506,-0.0327031145617772,181.892409615051,0.990320039016767,2.65956285440282,6.93889390249359e-15,3.98934365584702,13.1967623301145
648,1,NonStim,0,1,2078.13323333333,2079.1087,NaN,0.975000000000364,999.999999796273,4,0.1818,1,0,4,8,3,3.07692307692193,0.22921286980502,19.7593813087943,26.6666666720994,0.00693094565005244,0.226416577498661,88.2466391477427,0.226522635897191,2.65956231483275,3.99830165160382,2.65956195694666,1.33280620186737
649,1,Stim,1,1,2081.45973333333,2082.4417,-0.0597333333330425,0.981999999999971,999.999999796273,4,1,1,1,5,3,2,2.03665987780047,0.183860249471927,28.4635629060265,31.5000000064174,0.0697161302762953,-0.950832761709357,274.193487193251,0.95338516852348,3.98934405095266,1.33279889728847,2.6595623171232,3.99841227544011
650,1,Stim,1,1,2084.9172,2085.88363333333,-0.0623333333332994,0.965999999999894,999.999999796273,2,-0.4545,-1,0,0,1,0,0,NaN,NaN,NaN,NaN,NaN,NaN,NaN,14.6275784828996,5.33122432415909,5.3191246993187,5.33121985501463
652,1,Stim,1,1,2090.95113333333,2091.91823333333,-0.0500333333334311,0.967000000000098,999.999999796273,4,0.1818,1,0,13,2,2,2.06825232678366,0.283728460127304,33.185592635605,45.0000000091677,-0.235965374586276,-0.139211631094306,210.539174723667,0.273969954986999,3.98934295657191,1.38777878049872e-14,3.98934424346339,2.66560796113062
654,1,Stim,1,1,2095.786,2096.75146666667,-0.0565999999998894,0.966000000000349,999.999999796273,4,-1,-1,1,1,1,1,1.03519668737023,0.210332305736365,27.7006910549146,16.0000000032596,-0.687009877799219,-0.726648076998971,226.606121626641,1,5.31909761251085,17.3362034989982,1.3297791192877,14.7204366736698
655,1,NonStim,0,1,2099.05353333333,2100.01816666667,NaN,0.965000000000146,999.999999796273,4,0.0909,1,0,5,21,4,4.14507772020663,0.0752955415582022,12.6078592271923,35.5000000072323,-0.506624419266621,-0.623661141923706,230.911689677194,0.80350576982547,3.98934367783677,1.3328061300016,5.31911967037237,6.93889390249359e-15
657,1,NonStim,0,1,2103.8792,2104.83613333333,NaN,0.95699999999988,999.999999796273,3,1,1,1,16,2,2,2.08986415882994,0.159594215231023,22.9681950854934,39.0000000079453,-0.488522656242177,-0.485957547094199,224.849181555233,0.68906394713388,11.9680298224,3.46944695124679e-15,10.6382424503742,5.33122483272046
658,1,NonStim,0,1,2107.121,2108.0953,NaN,0.974999999999909,999.999999796273,1,-0.0909,-1,0,4,3,3,3.07692307692336,0.222193230426087,18.685229871112,20.3333333374758,0.0218759250875628,0.289019405312414,85.6715266215907,0.289846119079725,3.98934385405405,6.66402438245392,5.31912104034097,5.33121192712826
659,1,Stim,1,1,2110.264,2111.23883333333,-0.06670000000031,0.974999999999909,999.999999796273,3,-0.6363,-1,1,2,2,2,2.05128205128224,0.171187509819501,33.9365866021502,28.0000000057044,-0.528431494658578,-0.0390505060930663,184.226412696498,0.52987242480924,7.97868508074543,5.33122469733683,5.31912568100686,7.99683731820421
660,1,Stim,1,1,2113.62123333333,2114.58756666667,-0.0549333333333379,0.966000000000349,999.999999796273,1,1,1,1,2,14,2,2.07039337474045,0.0819634102071868,25.1246610450773,48.0000000097789,-0.996983516246562,0.0666910610740655,176.173023793771,0.999211603863038,3.98933521813477,3.99841830356468,1.32977994852406,3.46944695124679e-15
661,1,Stim,1,1,2116.91433333333,2117.8713,-0.0707666666671685,0.957000000000335,999.999999796273,3,-0.4545,-1,0,0,0,0,0,NaN,NaN,NaN,NaN,NaN,NaN,NaN,10.6382376002603,5.33122388032545,7.97868858336959,2.66560425967277
665,1,Stim,1,1,2126.2402,2127.2081,-0.0505333333330782,0.968000000000302,999.999999796273,2,0.0909,1,0,0,0,0,0,NaN,NaN,NaN,NaN,NaN,NaN,NaN,13.2978136822508,9.32962719204516,10.6382510491555,12.9900415844277
666,1,NonStim,0,1,2129.6247,2130.60046666667,NaN,0.976000000000113,999.999999796273,2,1,1,1,1,1,1,1.02459016393431,0.211634602905567,18.7810714268063,23.0000000046857,-0.964270578489716,-0.264919330097125,195.362159435629,1,11.9680111951302,5.33120585758049,7.97868325269342,6.66403126182902
667,1,Stim,1,1,2133.1087,2134.0845,-0.0568000000002939,0.976000000000113,999.999999796273,4,0.0909,1,1,1,6,1,1.02459016393431,0.109593722801671,19.3023844137552,26.0000000052969,-0.904721411758313,0.426003717244398,154.785788007972,1,3.98934386925755,17.0430111410255,3.98934358154413,1.33280580149738
668,1,NonStim,0,1,2136.40866666667,2137.37546666667,NaN,0.967000000000098,999.999999796273,2,-0.6363,-1,0,3,1,1,1.03412616339183,0.228758955600806,24.1779147707781,15.0000000030559,-0.751834840050996,-0.659351479323049,221.250431657302,1,18.6169198799179,5.33120855603207,11.9680257313593,7.99682608801401
669,1,Stim,1,1,2139.7595,2140.72536666667,-0.0503666666668323,0.965999999999894,999.999999796273,4,-0.4545,-1,1,8,1,1,1.03519668737071,0.262946449806557,28.9535440581695,35.0000000071304,-0.595305288449996,-0.803499603947299,233.465601519364,1,2.65956102376499,1.33280532595464,10.9648976643114,5.33121734702008
670,1,Stim,1,1,2143.23426666667,2144.21753333333,-0.0541333333335388,0.983000000000175,999.999999796273,3,-1,-1,1,3,2,2,2.03458799593046,0.40718287214697,45.0956053653059,22.000000004482,-0.164198405821123,-0.0555673276003876,198.696629228771,0.173346024964079,10.6382320654971,5.33119030811382,10.6382504667655,5.33122232242428
671,1,NonStim,0,1,2146.6351,2147.60986666667,NaN,0.97400000000016,999.999999796273,3,0.1818,1,1,1,1,1,1.02669404517437,0.201576631193799,19.1712309983632,14.0000000028522,-0.83604729887067,0.548657374005906,146.725048108029,1,14.6275779561388,5.33121254035296,11.9680252476577,3.99841469455363
673,1,NonStim,0,1,2152.09443333333,2153.08726666667,NaN,0.993000000000393,999.999999796273,2,-0.4545,-1,1,3,3,3,3.02114803625258,0.232999904964295,24.8070921888916,17.0000000034634,-0.251166803763639,-0.288710641741075,228.978024871177,0.382672964771991,14.6275690914396,7.99682274900675,13.297754804189,6.66402622357698
674,1,NonStim,0,1,2155.47826666667,2156.44586666667,NaN,0.967000000000553,999.999999796273,2,0.0909,1,1,2,3,2,2.06825232678269,0.238901490956281,24.1193824385518,17.5000000035652,-0.330205299400809,0.271476768163089,140.574824050808,0.427475350639839,11.968032757912,5.33119104349627,7.97868791107351,5.33122520502566
675,1,Stim,1,1,2158.85376666667,2159.83946666667,-0.0529333333333852,0.986000000000331,999.999999796273,4,0.3636,1,1,2,3,2,2.02839756592224,0.204317723200057,22.9828080257514,21.0000000042783,-0.805844462226436,-0.527450781372896,213.20602037355,0.963114543588608,5.31912022713634,3.99841825248229,3.9893341822709,2.66561260950526
676,1,NonStim,0,1,2162.23736666667,2163.21146666667,NaN,0.97400000000016,999.999999796273,4,-0.4545,-1,1,6,5,5,5.13347022587185,0.266850101626179,28.0565741864078,30.2000000061525,-0.464497729272919,-0.0266077408985592,183.278481173286,0.465259188383661,3.98934212776715,1.33280150020738,3.98933819403101,5.33113080996015
677,1,Stim,1,1,2165.6882,2166.65433333333,-0.0655666666671095,0.966000000000349,999.999999796273,3,0.3636,1,1,15,0,0,0,NaN,NaN,NaN,NaN,NaN,NaN,NaN,6.6489061987557,2.77555756099744e-14,11.9680326997912,17.1076867326559
678,1,NonStim,0,1,2169.03836666667,2170.02156666667,NaN,0.983000000000175,999.999999796273,3,-1,-1,1,4,3,3,3.05188199389569,0.242878318509291,23.563053107768,22.6666666712845,-0.430384926958924,0.0824821910987855,169.150955168225,0.438217408602048,7.97868849492073,5.33117173312456,10.6382513297398,7.99683681648336
679,1,Stim,1,1,2172.37203333333,2173.33183333333,-0.062733333333199,0.959000000000287,999.999999796273,3,-0.1818,-1,0,3,3,2,2.08550573514015,0.420734402955831,37.1672838954928,18.0000000036671,-0.149386541697497,0.00273580733534223,178.950824541813,0.149411590855978,10.6382391446065,10.6618265273891,15.9573582512246,5.33098875315003
680,1,Stim,1,1,2175.97343333333,2176.94743333333,-0.0626666666667006,0.97400000000016,999.999999796273,3,0.4545,1,0,1,5,1,1.02669404517437,0.16704187832837,19.9723735236673,16.0000000032596,-0.968641471899408,0.248462671072634,165.613440385632,1,7.9786784243072,14.7516918397298,13.2978122207371,1.33280339501663
681,1,Stim,1,1,2179.35736666667,2180.34186666667,-0.0512333333331298,0.983999999999924,999.999999796273,4,0.4545,1,1,18,20,11,11.1788617886188,0.0696719074708524,9.60037239600947,38.2727272805245,0.231805158755318,0.14517984456431,32.0589623931121,0.273515664804222,3.9893435807544,2.4532694661936e-15,2.77555756099744e-14,1.38777878049872e-14
682,1,NonStim,0,1,2182.58286666667,2183.56693333333,NaN,0.983999999999924,999.999999796273,2,-0.0909,-1,0,1,0,0,0,NaN,NaN,NaN,NaN,NaN,NaN,NaN,13.2978129225779,5.33122333425999,7.97867964065201,5.33122443409701
684,1,Stim,1,1,2188.84906666667,2189.81863333333,-0.0569000000004962,0.969000000000506,999.999999796273,1,0.1818,1,1,4,3,3,3.09597523219653,0.201768396946231,23.8172156743574,34.6666666737292,-0.33082019344192,-0.397035321581608,230.198055001658,0.516796910761239,3.9893430157217,1.33280453781243,3.98933854595321,5.33119869585085
685,1,Stim,1,1,2192.2162,2193.1937,-0.0529999999998836,0.977000000000317,999.999999796273,1,-0.6363,-1,1,2,16,2,2.04708290685706,0.220299369015452,24.0581824601541,43.0000000087603,-0.743902888430134,-0.568680202540956,217.396281270433,0.936369948351996,3.98934405049733,23.4231641141806,3.9893402797267,2.77555756099744e-14
686,1,NonStim,0,1,2195.45006666667,2196.42696666667,NaN,0.976000000000113,999.999999796273,4,0.4545,1,1,14,4,3,3.07377049180292,0.237690134268368,19.589398385976,44.3333333423652,-0.345687193892557,-0.386844642525679,228.215793897256,0.518795155598171,5.31910423830259,2.77555756099744e-14,1.32978139051842,3.9984150887338
689,1,Stim,1,1,2205.22733333333,2206.20173333333,-0.053899999999885,0.97400000000016,999.999999796273,3,-0.3636,-1,1,3,4,2,2.05338809034874,0.224303498281956,30.187137141911,36.500000007436,-0.234262387774208,-0.967873839192834,256.393900866947,0.995820583699468,11.9680326299017,7.99681863690856,11.9680182725925,1.33280530902946
690,1,Stim,1,1,2208.47853333333,2209.4526,-0.0499333333332288,0.974000000000615,999.999999796273,3,0.0909,1,1,1,1,0,0,NaN,NaN,NaN,NaN,NaN,NaN,NaN,10.6382513725797,10.6623934850545,14.6275701917087,6.66398190233533
691,1,NonStim,0,1,2211.82846666667,2212.81993333333,NaN,0.990999999999985,999.999999796273,1,-0.3636,-1,1,18,2,2,2.0181634712412,0.155361870137786,18.7647184010969,42.5000000086584,-0.216607869775511,0.0589843238976968,164.767177114043,0.224495255438402,2.65956286124138,2.77555756099744e-14,1.32978142513338,3.99841891681575
692,1,Stim,1,1,2215.05316666667,2216.02276666667,-0.0577666666672485,0.969000000000051,999.999999796273,4,-0.6363,-1,0,6,15,2,2.06398348813199,0.169520679502162,23.9666389331559,57.5000000117143,-0.712409466274313,-0.199735309932674,195.661684169524,0.739879342643889,3.98934083890236,1.33280600882016,2.77555756099744e-14,1.33280510475028
693,1,NonStim,0,1,2218.29653333333,2219.2715,NaN,0.975000000000364,999.999999796273,4,1,1,1,17,6,5,5.12820512820321,0.130014366436734,13.290389245598,34.6000000070489,-0.269743040670489,-0.114863598361283,203.065565598865,0.293180753492898,3.98933897559279,1.04083408537404e-14,1.32978019402674,5.3312251524123
694,1,NonStim,0,1,2221.814,2222.7965,NaN,0.983000000000175,999.999999796273,1,0.6363,1,1,4,2,2,2.03458799593046,0.222587721396139,22.6721669514757,34.5000000070286,-0.122168764241903,0.0254533896905467,168.231008169741,0.124792155214711,3.9893417453265,1.33278120061484,3.98933033887756,5.33112615668844
695,1,Stim,1,1,2225.10533333333,2226.07026666667,-0.0586666666667952,0.965000000000146,999.999999796273,1,0.0909,1,0,2,3,2,2.07253886010331,0.243520585331822,28.9130946307945,35.0000000071304,-0.0660890106852952,-0.0167118035634662,194.190803157652,0.0681692138116976,3.98933980889987,28.6028590814185,2.65956287980469,5.33117021031795
696,1,NonStim,0,1,2228.41496666667,2229.3913,NaN,0.977000000000317,999.999999796273,4,-0.1818,-1,1,4,6,3,3.0706243602856,0.254591664395333,26.9373551868202,29.6666666727106,-0.499989439018837,-0.166290075919035,198.396463752235,0.526917288081849,3.98934385324312,2.66560987512671,3.98934210922905,1.33280616345822
698,1,NonStim,0,1,2233.98983333333,2234.98076666667,NaN,0.99100000000044,999.999999796273,2,-0.1818,-1,1,5,3,3,3.02724520686041,0.37481354199342,29.8676214378713,25.3333333384944,-0.0681685507631442,0.274510887985293,103.94600755999,0.282848332036131,15.957302891075,5.33122476738959,9.3084614511525,7.99681471497642
699,1,Stim,1,1,2237.2568,2238.23253333333,-0.0511000000001332,0.976000000000113,999.999999796273,1,-0.4545,-1,0,4,13,4,4.09836065573723,0.306002742850742,30.0175418327561,30.0000000061118,-0.0786214329311365,-0.493321220888367,260.944827868488,0.499546951441938,3.98934422812024,5.33104329374979,1.32978140898123,1.33280611776463
700,1,Stim,1,1,2240.4495,2241.42513333333,-0.0586000000002969,0.976000000000568,999.999999796273,1,-0.0909,-1,1,4,4,2,2.04918032786766,0.210426896329533,26.0574052172045,25.0000000050932,-0.536885357677133,-0.138764223027669,194.491620160918,0.554528084843839,2.83067018648171,3.99838485442331,3.98934273754201,5.33118274440417
701,1,Stim,1,1,2243.84163333333,2244.8067,-0.0564333333336435,0.965000000000146,999.999999796273,4,-0.1818,-1,1,4,6,2,2.07253886010331,0.0977835778704346,12.2339971314783,15.0000000030559,-0.452751769121582,-0.567051421910994,231.39502831844,0.725624888998443,2.65955961832075,1.33280480729859,10.0128524543164,1.33280413356603
702,1,NonStim,0,1,2247.36753333333,2248.34793333333,NaN,0.980000000000473,999.999999796273,1,0.1818,1,1,3,10,2,2.04081632652963,0.177975008024243,17.9515542815872,37.0000000075379,0.0198779921522713,0.0256201236193291,52.1930372468268,0.0324272309375232,3.98933726387208,3.99841314499615,2.77555756099744e-14,13.7978589687827
703,1,NonStim,0,1,2250.6599,2251.61956666667,NaN,0.960000000000491,999.999999796273,2,0.4545,1,1,3,8,1,1.04166666666613,0.176619057407246,20.4509476206901,13.0000000026484,-0.0865968871995704,-0.99624343366837,265.032141588652,1,10.6382079576462,5.33122119941601,13.2978080363519,1.33280630387437
704,1,NonStim,0,1,2254.0182,2255.0101,NaN,0.992000000000644,999.999999796273,4,0.6363,1,0,0,20,0,0,NaN,NaN,NaN,NaN,NaN,NaN,NaN,3.98934285044302,10.3976085126256,5.31910655090022,2.77555756099744e-14
705,1,Stim,1,1,2257.72686666667,2258.6919,-0.0540333333333365,0.965000000000146,999.999999796273,2,0.3636,1,1,4,2,2,2.07253886010331,0.162966961984342,24.788180658809,25.500000005195,-0.729092321118057,-0.0757056081585767,185.928087163292,0.733012245341083,10.6382488543349,1.33280628884411,7.97867955852642,3.99841621034974
706,1,Stim,1,1,2261.17746666667,2262.1352,-0.0669000000002598,0.958000000000538,999.999999796273,2,-1,-1,1,2,3,2,2.08768267223265,0.252194404353112,27.1098094776994,17.0000000034634,-0.466860955138232,-0.0712825120346298,188.681141642638,0.472271476964838,11.9680130626716,5.33119989924008,14.6275376193394,2.66560286272238
707,1,NonStim,0,1,2264.44443333333,2265.4099,NaN,0.965000000000146,999.999999796273,4,-1,-1,0,3,22,2,2.07253886010331,0.334426137804779,26.0085524057356,67.0000000136497,-0.261074253867104,-0.0660765782558628,194.203018710823,0.269306294442347,5.31911464733079,1.3328030851999,1.38777878049872e-14,1.38777878049872e-14
708,1,NonStim,0,1,2268.22013333333,2269.18093333333,NaN,0.960000000000036,999.999999796273,3,-0.4545,-1,1,11,2,2,2.08333333333325,0.251358239693208,25.5607626453107,41.5000000084547,-0.41096743834547,-0.0688233590588507,189.506915844282,0.416690400816219,11.9680297232142,2.77555756099744e-14,14.6275955645784,5.33119979352156
709,1,Stim,1,1,2271.62806666667,2272.5946,-0.0561333333339462,0.966000000000349,999.999999796273,2,-0.3636,-1,0,2,1,1,1.03519668737023,0.129344448070837,20.598667715264,19.0000000038708,-0.87123720215976,0.490862238894817,150.602730198145,1,13.297806645266,2.10735091391921,6.64890638093114,5.33122378189609
710,1,NonStim,0,1,2274.83773333333,2275.8116,NaN,0.97400000000016,999.999999796273,1,-0.6363,-1,1,25,17,15,15.4004106776155,0.0365188123714658,6.78960127910518,31.8666666731588,-0.0197651238154933,0.277811859598709,94.0694923311052,0.278514074066527,5.31912151710364,1.38777878049872e-14,1.32978121352217,5.55111512199487e-14
711,1,NonStim,0,1,2278.1965,2279.1915,NaN,0.994999999999891,999.999999796273,4,-0.3636,-1,1,2,7,2,2.0100502512565,0.20275893327517,22.0594702572896,35.5000000072323,-0.730044994427209,-0.0641394436382878,185.020933843232,0.732857122581512,3.98929221460005,5.33121658326873,5.31905702013116,1.33280322532118
714,1,NonStim,0,1,2289.25676666667,2290.21533333333,NaN,0.959000000000287,999.999999796273,3,-0.0909,-1,1,3,3,3,3.12825860271022,0.298707656586007,26.9215026709329,17.0000000034634,-0.00943324776124963,0.329314611795037,91.6407942648992,0.329449692221804,11.968032017028,6.66402988949362,11.9680006701343,5.33120327215555
716,1,Stim,1,1,2295.75793333333,2296.7402,-0.0511333333333823,0.983000000000175,999.999999796273,3,-0.4545,-1,0,14,7,4,4.06917599186093,0.0558062073521399,8.69212148955108,31.5000000064174,0.179098545956755,0.144890311003006,38.9727790197093,0.230368164871737,7.97868847958324,1.38777878049872e-14,5.31912059950505,1.33279663654193
717,1,Stim,1,1,2299.0998,2300.06803333333,-0.0503333333331284,0.969000000000506,999.999999796273,4,-0.6363,-1,1,2,6,2,2.06398348813102,0.298428291569705,34.8975206476418,19.0000000038708,-0.296687428371596,-0.953590137921552,252.717683133965,0.998677916695366,2.65955979488917,32.8983250360251,1.32978142643704,5.3312251942942
718,1,Stim,1,1,2302.45866666667,2303.44546666667,-0.053899999999885,0.987000000000535,999.999999796273,3,0.6363,1,0,17,1,1,1.01317122593663,0.164905365110458,18.5935630896759,41.0000000083528,-0.999926508902552,-0.0121233986140707,180.694636590559,1,10.6382482402647,6.93889390249359e-15,3.98934350018916,5.33121491562329
719,1,Stim,1,1,2305.83386666667,2306.79976666667,-0.0559333333335417,0.966000000000349,999.999999796273,4,0.4545,1,0,4,11,4,4.1407867494809,0.270827064132057,31.3810620591599,37.5000000076398,-0.430601768463142,-0.156819993797598,200.011016388873,0.458268909547947,3.98934226068786,3.99841806772034,1.32978103254326,1.33280024650193
720,1,Stim,1,1,2309.20156666667,2310.18516666667,-0.0518999999999323,0.983999999999924,999.999999796273,1,-0.3636,-1,1,6,7,5,5.08130081300852,0.249422853466807,24.157566878163,23.600000004808,-0.301827687052833,-0.0211649788052716,184.011170012291,0.30256885001515,6.64890529062112,5.33121156422035,1.32978101409668,2.10734940669444
721,1,NonStim,0,1,2312.60166666667,2313.57556666667,NaN,0.97400000000016,999.999999796273,2,-1,-1,1,3,4,3,3.08008213552311,0.311653614730545,25.4075632264011,19.3333333372721,0.0641969531454036,0.328825760318609,78.9530459077463,0.335033773584492,18.6169122266034,7.99679368228114,11.9680290877912,6.66402972158026
722,1,NonStim,0,1,2315.99453333333,2316.97163333333,NaN,0.977000000000317,999.999999796273,3,-0.1818,-1,0,4,3,3,3.0706243602856,0.357575337396885,30.7970558771807,19.3333333372721,-0.101590043727075,0.310954945728544,108.092392028158,0.327129202697513,7.97868545244791,5.33112286919991,14.6275742105072,5.33122185807283
723,1,Stim,1,1,2319.2856,2320.2606,-0.0546333333331859,0.975000000000364,999.999999796273,4,-0.4545,-1,0,2,3,1,1.02564102564064,0.191463001087176,20.2736656590245,47.0000000095752,-0.92093244031605,-0.389722260556828,202.937218748608,1,3.98934409575743,3.99841255657082,5.31912524302669,1.33280535235053
724,1,NonStim,0,1,2322.60306666667,2323.58716666667,NaN,0.984000000000378,999.999999796273,2,-0.3636,-1,1,2,1,1,1.01626016260124,0.205765860554526,27.7329762638841,29.0000000059081,-0.814042250028773,-0.580805660413268,215.507228471449,1,11.9680195194432,6.66403012972543,7.97868496101652,5.33121145979295
725,1,NonStim,0,1,2325.98656666667,2326.96126666667,NaN,0.974999999999909,999.999999796273,4,-0.0909,-1,0,15,5,4,4.10256410256449,0.180436036916718,18.2461254196785,42.2500000086075,-0.0431879487275546,-0.437464520454927,264.361840258702,0.439591180043632,1.38777878049872e-14,1.33280529515357,3.98933901063814,1.33280609143161
726,1,Stim,1,1,2329.20486666667,2330.19046666667,-0.0557000000003427,0.986000000000331,999.999999796273,2,0.4545,1,1,2,1,1,1.01419878296112,0.238285765308928,30.1399111042661,18.0000000036671,-0.875874812150376,-0.482538406181874,208.851320977234,1,9.30838766388496,5.33122451589667,11.9680209296838,6.6640122257872
727,1,Stim,1,1,2332.50403333333,2333.48643333333,-0.0506000000000313,0.981999999999971,999.999999796273,4,-1,-1,0,1,20,1,1.01832993890023,0.351242949101877,33.621297960472,53.0000000107975,-0.459991025365029,0.887923564606565,117.386528387431,1,12.6052295601907,30.5910969079217,5.31910038787018,1.31656255044804e-13
728,1,NonStim,0,1,2335.85583333333,2336.87183333333,NaN,1.01600000000008,999.999999796273,1,0.3636,1,1,5,1,1,0.984251968503863,0.217318320537165,17.2101595218285,26.0000000052969,-0.371193008143842,-0.928555733763529,248.210787989577,1,5.3191129003472,1.33280541600305,3.9893435006016,5.33121557494326
729,1,NonStim,0,1,2339.18883333333,2340.14766666667,NaN,0.959000000000287,999.999999796273,2,0.1818,1,1,0,2,0,0,NaN,NaN,NaN,NaN,NaN,NaN,NaN,11.9680321397088,5.33122222119669,14.6275793841853,3.99841592178889
730,1,Stim,1,1,2342.48153333333,2343.4472,-0.0707666666667137,0.966000000000349,999.999999796273,3,0.4545,1,0,1,2,1,1.03519668737023,0.217001801523675,25.5299931823155,12.0000000024447,-0.779271149234999,-0.626686904259187,218.80610912913,1,10.6382208636438,15.1359834887434,10.6382072128172,5.33122498270446
731,1,NonStim,0,1,2345.857,2346.82246666667,NaN,0.966000000000349,999.999999796273,2,-0.0909,-1,0,0,0,0,0,NaN,NaN,NaN,NaN,NaN,NaN,NaN,15.3069231230362,7.99682801909922,11.9680326231313,5.33120343786601
733,1,Stim,1,1,2352.27466666667,2353.25746666667,-0.0563333333334413,0.983000000000175,999.999999796273,2,-0.3636,-1,0,1,8,1,1.01729399796523,0.172026520965131,27.6817285664395,32.0000000065193,-0.827267910082301,0.561807622721569,145.819100697541,1,14.6275391048123,11.9952173765145,14.627558739544,1.33280623958152
734,1,Stim,1,1,2355.6244,2356.6114,-0.0559000000002925,0.98700000000008,999.999999796273,4,1,1,0,2,1,1,1.0131712259371,0.17540536908298,22.6399516451199,22.000000004482,-0.761214432059065,0.648500260929011,139.571376817797,1,2.65956022252881,5.33121358457381,1.32978063229072,19.4532359405335
735,1,Stim,1,1,2358.9678,2359.94053333333,-0.0534999999999854,0.973000000000411,999.999999796273,1,-0.1818,-1,1,2,3,2,2.05549845837529,0.15815756653323,14.048437526649,27.5000000056025,-0.916019762190306,-0.0507223763915314,183.169378471519,0.917423001777255,5.31911886627559,20.5922755323705,3.9893409391252,6.66402921462449
736,1,NonStim,0,1,2362.21773333333,2363.20846666667,NaN,0.99100000000044,999.999999796273,1,-0.6363,-1,1,13,2,2,2.01816347124027,0.162020277926227,14.155870005448,27.0000000055006,-0.120449336793941,0.228970899643171,117.746456298314,0.258719376192629,1.38777878049872e-14,12.6088051771033,2.65956176993933,15.0716047892796
737,1,Stim,1,1,2365.60996666667,2366.57546666667,-0.0555666666664365,0.965999999999894,999.999999796273,4,0.6363,1,1,1,3,0,0,NaN,NaN,NaN,NaN,NaN,NaN,NaN,3.98934294863577,1.33280630050592,1.32978096742851,3.99841875509873
738,1,NonStim,0,1,2369.08513333333,2370.0518,NaN,0.966000000000349,999.999999796273,4,0.3636,1,1,4,15,4,4.1407867494809,0.264004437603266,34.7693690604812,45.2500000092186,-0.289644102420167,0.0846825927621708,163.70278273589,0.301769527261631,3.98933992009371,5.33115824149685,3.0046291968622e-15,5.33122518131866
739,1,Stim,1,1,2372.4439,2373.40893333333,-0.0558666666670433,0.965000000000146,999.999999796273,2,-1,-1,0,3,3,3,3.10880829015497,0.157858143068189,17.6447353361449,14.6666666696547,-0.201110367641007,0.390287394597473,117.261502964285,0.439055384153736,19.9466839110302,6.6640289655733,7.97868848123483,3.99841524314066
741,1,Stim,1,1,2378.35313333333,2379.35496666667,-0.0519000000003871,1.0010000000002,999.999999796273,1,0.6363,1,1,9,6,3,2.99700299700239,0.0916745091368837,16.292786010862,25.6666666718957,-0.305348411910903,-0.105227750821358,199.014737519731,0.32297141080819,1.32978141424875,1.3328014559553,1.32978129835709,5.33119291466263
742,1,Stim,1,1,2381.86193333333,2382.84426666667,-0.0577333333335446,0.983000000000175,999.999999796273,2,-0.0909,-1,0,0,0,0,0,NaN,NaN,NaN,NaN,NaN,NaN,NaN,14.6275912560502,5.3312211346379,14.6275928535553,5.33121414971294
745,1,NonStim,0,1,2388.38893333333,2389.3461,NaN,0.958000000000084,999.999999796273,3,1,1,1,2,2,2,2.08768267223364,0.206471599061199,20.1567310989171,21.5000000043801,0.0200449289079624,0.422973562688408,87.2867542968812,0.42344826591716,10.6382366702523,7.99682630013672,7.97868415608428,5.33120173687754
746,1,NonStim,0,1,2391.76353333333,2392.72106666667,NaN,0.958000000000084,999.999999796273,2,-0.1818,-1,0,2,2,1,1.04384133611682,0.190167114429795,19.5834736617193,16.0000000032596,-0.475559826249958,-0.879683381482855,241.604193482494,1,7.97868692899387,4.52590207634817,11.9680297819288,5.33122520629526
747,1,Stim,1,1,2395.1891,2396.14946666667,-0.0643333333332521,0.960000000000036,999.999999796273,3,0.1818,1,0,3,5,3,3.12499999999988,0.466182326171516,43.6598286611206,18.3333333370683,-0.0964814629526823,0.324023633816903,106.581456478472,0.338082812289238,7.97868488962326,7.99670744415267,11.968032552248,5.33100109921673
748,1,NonStim,0,1,2398.58173333333,2399.54736666667,NaN,0.966000000000349,999.999999796273,4,0.0909,1,1,3,13,3,3.10559006211068,0.161320553004667,17.4946368188747,31.0000000063155,-0.204308177255835,0.0259062897857374,172.773456934805,0.205944087421961,5.31909241191263,1.33280444596377,1.32978121290877,1.33280047397233
749,1,NonStim,0,1,2402.107,2403.07206666667,NaN,0.966000000000349,999.999999796273,3,-0.3636,-1,1,8,2,2,2.07039337474045,0.198650471504041,24.1498448404793,20.5000000041764,-0.0851996741981676,-0.0371566307222207,203.562610756281,0.0929494469596317,10.6382443996598,1.3328059053086,6.64890460767313,5.33120638552242
750,1,NonStim,0,1,2405.4076,2406.37236666667,NaN,0.965000000000146,999.999999796273,4,-1,-1,1,6,12,5,5.18134715025829,0.149983399228977,20.693996740205,35.8000000072934,-0.131165804989057,-0.242339562721867,241.575620679166,0.275559307697368,5.31912355184642,1.33280626084577,6.64885171081079,6.93889390249359e-15
752,1,Stim,1,1,2411.3992,2412.3773,-0.0483333333336304,0.978000000000065,999.999999796273,4,0.3636,1,0,15,8,5,5.11247443762747,0.0839401372555373,11.9645829631186,37.4000000076194,0.102461857242686,0.166116832039949,58.3334658563383,0.195174880752133,2.65956223848948,7.64948297467733e-08,5.3191219302822,1.33278186754466
753,1,NonStim,0,1,2414.73343333333,2415.69936666667,NaN,0.966000000000349,999.999999796273,2,-0.4545,-1,0,0,1,0,0,NaN,NaN,NaN,NaN,NaN,NaN,NaN,14.6275916985984,5.33122415016665,7.97868173489127,7.99683708055886
754,1,NonStim,0,1,2418.08333333333,2419.05083333333,NaN,0.967000000000553,999.999999796273,2,-0.6363,-1,1,2,1,1,1.03412616339134,0.19777547816602,28.0535086239444,22.000000004482,-0.502178999633671,0.86476369739191,120.144266469583,1,11.9680222428498,7.99683482422745,10.6382500439991,6.66403152624039
755,1,NonStim,0,1,2421.5767,2422.54256666667,NaN,0.965999999999894,999.999999796273,1,0.0909,1,1,2,3,2,2.07039337474143,0.44919247632914,36.6350822586363,32.0000000065193,-0.00975355754500451,-0.00652024069680734,213.762676732568,0.0117322386409422,2.65950999588702,5.33115938170613,18.8407780491845,3.99841132042288
756,1,NonStim,0,1,2425.0689,2426.05203333333,NaN,0.984000000000378,999.999999796273,1,-0.3636,-1,0,2,15,1,1.01626016260124,0.0262189177986588,6.25628169002493,31.0000000063155,0.383871204286839,-0.923386646275206,292.573681107296,1,2.65956231957024,3.99841719017067,3.98933759542234,6.93889390249359e-15
757,1,Stim,1,1,2428.40226666667,2429.37333333333,-0.060733333333701,0.971000000000458,999.999999796273,2,-0.6363,-1,1,3,0,0,0,NaN,NaN,NaN,NaN,NaN,NaN,NaN,18.6169396888857,1.3328062958109,11.968015487349,12.9420847821395
758,1,NonStim,0,1,2431.80213333333,2432.76796666667,NaN,0.965000000000146,999.999999796273,2,0.6363,1,1,1,5,1,1.03626943005166,0.173481250472465,16.8564889180155,18.0000000036671,-0.80119656024075,-0.598401263249327,216.755482164072,1,11.9680263750714,7.99683282867294,7.97868706258194,5.3312209551491
761,1,Stim,1,1,2439.7122,2440.69546666667,-0.0521333333331313,0.983000000000175,999.999999796273,3,-0.0909,-1,1,2,1,1,1.01729399796523,0.196085630966165,23.1096171429137,13.0000000026484,-0.0271391576042764,-0.999631665227013,268.444849866422,1,10.6382405632796,3.99840806362767,14.6275931282951,6.66399489826575
762,1,NonStim,0,1,2443.11323333333,2444.09643333333,NaN,0.983000000000175,999.999999796273,3,-0.6363,-1,1,2,4,2,2.03458799593046,0.226752750957188,37.0328781368401,31.0000000063155,0.12912081749802,-0.981441239159798,277.494928697765,0.989898525827207,10.6382485388941,5.33121642868346,9.30846896178743,1.33280626595495
763,1,Stim,1,1,2446.5463,2447.53986666667,-0.0637000000006083,0.993000000000393,999.999999796273,3,0.0909,1,1,2,5,2,2.01409869083505,0.134211560673207,14.5096228991811,19.5000000039727,-0.506346161271156,-0.183974034082833,199.967929876959,0.538732661206601,6.64890682145386,5.33122256785743,8.97602446123854,1.33280472568823
764,1,NonStim,0,1,2449.8224,2450.79513333333,NaN,0.973000000000411,999.999999796273,4,-0.6363,-1,1,4,4,3,3.08324768756293,0.186545673184909,18.9480022850031,24.0000000048894,-0.382173521564357,0.0806289498878275,168.086743139927,0.390586262104692,3.98933975475433,5.33121980269715,1.32977886699124,5.33121745357273
766,1,Stim,1,1,2456.4732,2457.43876666667,-0.0675333333338131,0.965000000000146,999.999999796273,2,0.1818,1,0,1,0,0,0,NaN,NaN,NaN,NaN,NaN,NaN,NaN,13.2977982698778,3.99840007195239,14.6275766509434,6.66402413318795
767,1,NonStim,0,1,2459.91526666667,2460.87406666667,NaN,0.958999999999833,999.999999796273,3,0.0909,1,0,2,2,2,2.08550573514114,0.308841035706962,28.4256301598514,22.000000004482,-0.640407696714637,-0.199829015814557,197.329700315248,0.67086038306995,10.6382500393254,5.33121952254927,7.97868312995596,5.33121704573889
768,1,Stim,1,1,2463.1748,2464.14816666667,-0.0512999999996282,0.97400000000016,999.999999796273,2,-0.1818,-1,1,1,0,0,0,NaN,NaN,NaN,NaN,NaN,NaN,NaN,14.6275933822128,5.33122505620593,11.9680300704092,6.66402905971056
769,1,NonStim,0,1,2466.55796666667,2467.542,NaN,0.985000000000127,999.999999796273,2,0.0909,1,1,15,1,1,1.01522842639581,0.179395003367148,20.4600949703555,34.0000000069267,-0.689389350622351,-0.724391001634126,226.418209901816,1,11.968027026102,1.38777878049872e-14,7.97867832795881,3.99841166260045
770,1,NonStim,0,1,2469.8504,2470.8438,NaN,0.992999999999938,999.999999796273,3,0.1818,1,1,1,2,1,1.00704934541799,0.0818638960617302,18.4275064960016,22.000000004482,-0.98204374048887,0.188653364048003,169.125793508672,1,6.64890713941771,7.99683771065607,7.97865899782159,6.66399036455098
773,1,NonStim,0,1,2478.21886666667,2479.18473333333,NaN,0.966000000000349,999.999999796273,1,0.1818,1,1,8,6,3,3.10559006211068,0.176313928522489,17.4076412706226,20.3333333374758,-0.180180905323619,-0.181646719739173,225.232111962441,0.25585286677159,3.98933282478535,1.33280234799787,1.32977870421796,5.33122116007521
775,1,NonStim,0,1,2484.57736666667,2485.5523,NaN,0.975000000000364,999.999999796273,1,-0.4545,-1,1,18,18,11,11.2820512820471,0.0631435094509408,11.7883827602987,30.9090909153879,0.185288044221799,0.329900258800299,60.6793132075505,0.378372620690297,1.32978091425206,1.38777878049872e-14,3.98934205764898,2.77555756099744e-14
776,1,Stim,1,1,2488.1772,2489.1436,-0.0554999999999382,0.966000000000349,999.999999796273,1,-1,-1,1,3,22,3,3.10559006211068,0.033277996471761,10.7976476353836,34.0000000069267,-0.451650823194403,-0.017986863584464,182.280582706151,0.452008842119032,2.83066964510212,1.33280117098195,5.55111512199487e-14,1.38777878049872e-14
777,1,Stim,1,1,2491.67036666667,2492.639,-0.0720666666670695,0.969000000000506,999.999999796273,3,-0.3636,-1,0,3,1,1,1.03199174406551,0.169376441912479,22.5428138966832,18.0000000036671,-0.630183658232666,0.776446106884756,129.063673807411,1,9.30846060155831,6.6640216501945,11.9680245992019,7.99678415779013
778,1,NonStim,0,1,2494.97873333333,2495.94476666667,NaN,0.966000000000349,999.999999796273,4,1,1,1,2,5,2,2.07039337474045,0.197595331816254,15.7519262360379,24.5000000049913,-0.625211401626784,-0.764898427736221,230.738180210953,0.987906322217583,3.98934411769345,5.33117914214032,1.32978023094974,5.33118901582676
780,1,NonStim,0,1,2501.35543333333,2502.33813333333,NaN,0.983000000000175,999.999999796273,3,0.6363,1,1,1,1,1,1.01729399796523,0.229072259699029,27.5485722033666,25.0000000050932,-0.585843399222669,-0.810424278749859,234.137405330909,1,15.9573472766961,7.99683652574962,7.97868704054358,5.33122235426701
782,1,Stim,1,1,2507.6473,2508.61563333333,-0.0556000000001404,0.967999999999847,999.999999796273,4,-0.0909,-1,1,17,15,7,7.23140495867883,0.102685208334385,14.6361918918168,36.1428571502204,-0.274241594913521,-0.241258201238435,221.339015638523,0.365258774084233,5.31912209483636,1.38777878049872e-14,1.32978142197465,1.33277017584517
783,1,Stim,1,1,2510.95663333333,2511.91366666667,-0.065700000000561,0.957000000000335,999.999999796273,3,1,1,1,5,0,0,0,NaN,NaN,NaN,NaN,NaN,NaN,NaN,6.64890194501781,1.33280573521311,14.6275870276903,7.99683608870601
784,1,NonStim,0,1,2514.44096666667,2515.4085,NaN,0.968000000000302,999.999999796273,3,0.3636,1,1,1,0,0,0,NaN,NaN,NaN,NaN,NaN,NaN,NaN,11.9680163490677,5.33122520760316,6.64890628697934,7.99683691249757
785,1,Stim,1,1,2517.79066666667,2518.7999,-0.0559666666667908,1.00900000000001,999.999999796273,1,-0.0909,-1,0,14,8,6,5.94648166501478,0.157366968569491,18.7429222458753,36.500000007436,0.12943130734857,-0.0372273060494079,343.953594525824,0.134678638386554,2.6595627709823,1.11022302439897e-13,2.6595624078715,1.33280086848412
786,1,NonStim,0,1,2520.95863333333,2521.92586666667,NaN,0.967000000000553,999.999999796273,4,0.1818,1,0,1,8,1,1.03412616339134,0.137540462733413,14.4338896179252,33.000000006723,-0.182395882731885,-0.983225173580527,259.490655595122,1,5.31911313363813,2.66559491085243,2.65956288564485,1.3328032088035
787,1,NonStim,0,1,2524.48383333333,2525.4608,NaN,0.977000000000317,999.999999796273,1,-0.1818,-1,1,4,10,3,3.0706243602856,0.217045606673661,25.9913506228972,38.3333333411429,-0.287763024871082,0.276195635824728,136.17503232027,0.398862868328929,5.3191164620927,5.33122341543106,1.38777878049872e-14,5.33119902148135
788,1,Stim,1,1,2527.88366666667,2528.85773333333,-0.0511666666666315,0.97400000000016,999.999999796273,1,0.0909,1,0,2,4,2,2.05338809034874,0.151330599468186,19.0792453820622,30.0000000061118,-0.859467792474215,-0.487731415394777,209.574075617237,0.988213954497452,3.98934170342318,17.6392866371075,3.98934355894643,1.33280346011788
789,1,Stim,1,1,2531.30976666667,2532.30846666667,-0.0537333333336392,0.999000000000251,999.999999796273,1,-0.6363,-1,1,2,24,2,2.0020020020015,0.259106812323976,28.7189651437056,94.0000000191503,-0.373217383402698,-0.0638680948697462,189.710870336649,0.378642772037507,5.31911683139072,5.33116707600104,1.38777878049872e-14,9.71617897051699e-07
790,1,Stim,1,1,2534.7187,2535.68603333333,-0.063366666667207,0.968000000000302,999.999999796273,2,-0.4545,-1,1,5,0,0,0,NaN,NaN,NaN,NaN,NaN,NaN,NaN,14.6275699549464,1.33280619838397,13.9785093483935,5.33122506118048
791,1,Stim,1,1,2538.15106666667,2539.11716666667,-0.0653999999999542,0.966000000000349,999.999999796273,2,0.6363,1,0,1,5,1,1.03519668737023,0.194962369505526,22.9180293847553,19.0000000038708,-0.726518237617489,0.687147182493807,136.595294263793,1,11.9680322863983,5.33121905020201,10.6382454156494,1.33280627849604
792,1,NonStim,0,1,2541.4447,2542.42116666667,NaN,0.976999999999862,999.999999796273,3,-0.4545,-1,0,8,2,2,2.04708290685802,0.461049044687463,37.2617602997096,22.5000000045839,-0.08048619395201,-0.00403487618784415,182.869908395837,0.0805872672494347,9.30846996115929,1.33280101093314,13.2978100714369,6.6637958071669
793,1,Stim,1,1,2544.74473333333,2545.70226666667,-0.0634333333332506,0.958000000000538,999.999999796273,3,-0.6363,-1,0,2,2,2,2.08768267223265,0.462175588464772,32.9661812540904,22.5000000045839,-0.131168576376575,-0.0167850674116402,187.292257885629,0.132238171178638,8.66910522592512,6.66402823054735,10.6382341609073,7.99683496019955
794,1,NonStim,0,1,2548.19536666667,2549.17093333333,NaN,0.975000000000364,999.999999796273,3,0.4545,1,1,2,2,2,2.05128205128129,0.294774713339063,24.2732634500191,26.0000000052969,-0.414436555489044,-0.182298326507235,203.74326763588,0.452758587298973,11.968026900013,5.3312251485611,11.9680242950736,5.33122508555878
796,1,Stim,1,1,2554.347,2555.31966666667,-0.0579999999999927,0.972999999999956,999.999999796273,1,-0.4545,-1,1,4,18,3,3.08324768756437,0.307254054569749,28.4975887828668,24.3333333382907,-0.434308958683848,-0.205113526856272,205.280223171188,0.480308057909158,5.31911653033043,1.33280547916511,1.32978129816234,1.33280625708967
798,1,NonStim,0,1,2560.91433333333,2561.8956,NaN,0.981000000000222,999.999999796273,4,0.4545,1,1,1,1,1,1.01936799184483,0.588091043495263,61.466875413027,17.0000000034634,-0.220658937485593,-0.975351030812871,257.252261499817,1,3.98933583052669,40.4619705657573,3.98934292188862,37.7056000702039
799,1,NonStim,0,1,2564.37283333333,2565.34656666667,NaN,0.97400000000016,999.999999796273,1,-0.0909,-1,1,15,6,4,4.10677618069748,0.0802204197549639,19.4549380242258,46.0000000093714,0.0873755433162284,0.236632331642666,69.7335342758678,0.252248579675785,2.65956170129966,1.38777878049872e-14,5.31912494827615,1.33280176267565
800,1,Stim,1,1,2567.74826666667,2568.73206666667,-0.0509666666666817,0.984000000000378,999.999999796273,1,0.3636,1,0,8,3,2,2.03252032520247,0.326371553086557,33.7873576940236,35.0000000071304,-0.0501167871276177,-0.00479598886287952,185.466345589479,0.0503457432278818,3.98934144224943,1.33280562534285,1.32978139007761,3.99832546049376
801,1,NonStim,0,1,2570.90616666667,2571.88233333333,NaN,0.976000000000113,999.999999796273,2,0.3636,1,1,1,0,0,0,NaN,NaN,NaN,NaN,NaN,NaN,NaN,15.9573761773056,7.9968297822892,13.2978130703965,5.33121771897801
802,1,Stim,1,1,2574.41643333333,2575.4094,-0.0585333333337985,0.993000000000393,999.999999796273,3,0.3636,1,1,16,0,0,0,NaN,NaN,NaN,NaN,NaN,NaN,NaN,6.64886739129764,6.93889390249359e-15,13.2977712762291,7.9968276110642
803,1,Stim,1,1,2577.84143333333,2578.82523333333,-0.0603333333328919,0.983999999999924,999.999999796273,2,0.0909,1,1,2,4,2,2.03252032520341,0.176293514926523,15.238735262966,20.5000000041764,-0.076327480047588,0.00254715249492715,178.088670710263,0.0763699692041797,7.97868858037604,6.664031437397,9.30846975695242,1.33280609930596
804,1,NonStim,0,1,2581.25873333333,2582.22543333333,NaN,0.967000000000098,999.999999796273,1,0.6363,1,1,5,7,3,3.10237849017549,0.215382036486128,24.3896139317339,21.6666666710807,-0.272185767297742,0.301075330257676,132.115012851926,0.405871218995914,5.319118527357,1.332804536384,1.32978102456692,3.99841892679278
805,1,Stim,1,1,2584.4085,2585.40133333333,-0.0482666666666773,0.992999999999938,999.999999796273,4,-0.1818,-1,1,7,7,2,2.01409869083598,0.108280462796581,20.7028330787251,44.5000000090658,-0.602818634700941,-0.781193222894362,232.34392618176,0.986738647180086,3.98934428627359,1.33280604149773,1.3297808630366,1.3328062099092
806,1,Stim,1,1,2587.78426666667,2588.7588,-0.05026666666663,0.97400000000016,999.999999796273,1,1,1,1,4,15,3,3.08008213552311,0.0959248016168086,20.2553528271124,47.0000000095752,-0.37575158656757,0.0262863741156971,175.998290854258,0.376669919521318,2.65956286444409,5.33122044932966,1.32978142189971,2.77555756099744e-14
807,1,NonStim,0,1,2590.97653333333,2591.9631,NaN,0.987000000000535,999.999999796273,4,-0.1818,-1,0,8,8,5,5.06585612968317,0.13581243687173,15.0534209553205,27.0000000055006,-0.369737968127478,-0.0744589422390627,191.386104688092,0.377160839900428,5.31911272028747,1.33280604848524,3.98934310016151,1.33280533655625
808,1,Stim,1,1,2594.18513333333,2595.16036666667,-0.0540666666665857,0.974999999999909,999.999999796273,4,-0.3636,-1,1,0,1,0,0,NaN,NaN,NaN,NaN,NaN,NaN,NaN,2.6595600301762,17.4036031602689,2.65956070682704,16.937165387206
809,1,NonStim,0,1,2597.528,2598.49273333333,NaN,0.964000000000397,999.999999796273,1,0.4545,1,1,5,15,3,3.11203319501947,0.237060009357767,28.2792766103373,33.000000006723,-0.250479807881373,-0.262660299356622,226.359784028114,0.362947058142644,3.98934158226908,1.33280346642808,5.62469443896876e-08,25.652166911163
810,1,NonStim,0,1,2600.87756666667,2601.84276666667,NaN,0.965000000000146,999.999999796273,2,1,1,1,0,0,0,0,NaN,NaN,NaN,NaN,NaN,NaN,NaN,13.297806304378,3.99841438288323,11.9680012539639,5.3312251390701
811,1,NonStim,0,1,2605.5951,2606.55603333333,NaN,0.96100000000024,999.999999796273,2,0.4545,1,1,1,1,1,1.04058272632648,0.179253326265712,20.8048435750074,20.0000000040745,-0.9952786626545,-0.0970586609462014,185.569820066054,1,11.9680295570755,6.66401918170717,7.97868474681435,6.66400784626692
812,1,Stim,1,1,2608.9791,2609.95413333333,-0.0530666666668367,0.975000000000364,999.999999796273,4,0.1818,1,1,17,8,7,7.1794871794845,0.0583221765718796,9.48726959549857,32.8571428638367,0.307547975964271,0.0929208718891657,16.8113811326657,0.321278766731265,3.98933958534063,1.38777878049872e-14,2.65956225530467,1.3328063032159
813,1,NonStim,0,1,2612.4211,2613.3956,NaN,0.97400000000016,999.999999796273,1,-1,-1,1,3,2,1,1.02669404517437,0.15333312330875,19.7800874896454,37.0000000075379,-0.744487216375238,0.667636716076827,138.115073589485,1,2.65955857091273,5.33122013323521,3.98934411497379,15.6504417616773
815,1,Stim,1,1,2619.14726666667,2620.11283333333,-0.0545666666666875,0.965000000000146,999.999999796273,4,0.0909,1,0,12,3,3,3.10880829015497,0.357860153066896,32.2519770248407,36.3333333407354,-0.389104993030857,0.125232160184326,162.159399804524,0.408761286750563,3.98934429022669,2.77555756099744e-14,3.98934259213302,3.99840982943667
816,1,Stim,1,1,2622.5818,2623.5482,-0.0555333333331873,0.967000000000098,999.999999796273,1,0.4545,1,1,1,2,1,1.03412616339183,0.0820251768563286,17.3589165754918,27.0000000055006,-0.409590319683938,0.912269570917067,114.179101924397,1,1.32978142634974,14.3645863590906,3.98933625520937,5.33119427523609
817,1,NonStim,0,1,2625.84,2626.8253,NaN,0.985999999999876,999.999999796273,3,-1,-1,1,0,0,0,0,NaN,NaN,NaN,NaN,NaN,NaN,NaN,14.6275900900237,5.3312125460881,7.97868726901573,3.99841484108673
818,1,Stim,1,1,2629.42483333333,2630.3976,-0.0565666666666402,0.972999999999956,999.999999796273,3,-0.1818,-1,0,0,0,0,0,NaN,NaN,NaN,NaN,NaN,NaN,NaN,13.2978100989028,11.8987161460394,11.968020107362,5.33122520734295
819,1,NonStim,0,1,2632.79106666667,2633.7605,NaN,0.969000000000506,999.999999796273,1,1,1,1,13,15,7,7.22394220845856,0.0926072725276939,13.8668216837996,37.5714285790829,0.105629831934418,-0.488525072812398,282.200781239308,0.49981437370373,5.84819664798048e-07,5.33117603704214,3.46944695124679e-15,1.33279370301301
821,1,Stim,1,1,2637.70083333333,2638.6573,-0.0617666666671539,0.957000000000335,999.999999796273,2,1,1,1,2,2,2,2.08986415882895,0.386652028818819,33.5937709864513,21.5000000043801,-0.105478835853746,-0.0501377319579484,205.423354359114,0.116788599524733,19.9466425761535,10.3292450673869,11.9680315226013,3.99833458999727
823,1,NonStim,0,1,2643.59386666667,2644.5769,NaN,0.983000000000175,999.999999796273,4,-0.4545,-1,1,15,6,4,4.06917599186093,0.164060634404608,15.8443820104611,43.750000008913,-0.337351251438117,-0.263476875645847,217.99042174678,0.428048981831473,5.31911647552322,5.55111512199487e-14,1.32978140778323,3.99841729448239
824,1,Stim,1,1,2646.96883333333,2647.94263333333,-0.0519666666668854,0.97400000000016,999.999999796273,1,0.1818,1,0,5,16,4,4.10677618069748,0.270976227715303,26.2978580412714,28.7500000058571,-0.330581695921862,0.325761096154188,135.420809154131,0.464116956645793,3.98934404384639,5.33114164263733,3.9893428726197,2.77555756099744e-14
825,1,NonStim,0,1,2650.2102,2651.19336666667,NaN,0.983000000000629,999.999999796273,4,0.6363,1,1,17,2,2,2.03458799592952,0.388366719217023,35.0718603883714,34.0000000069267,-0.19885451498592,-0.0125993106885875,183.625382412749,0.199253257840651,9.5896904062377,2.77555756099744e-14,3.98933740173799,5.33112967944794
826,1,Stim,1,1,2653.49493333333,2654.46856666667,-0.0692333333336137,0.97400000000016,999.999999796273,3,-1,-1,1,2,2,2,2.05338809034874,0.235203241086533,24.258932665804,16.0000000032596,-0.0662766057499815,-0.0259874160263088,201.410414610316,0.071189425208123,11.9679563899998,5.33122014184001,13.2977894900192,5.33121901277315
828,1,Stim,1,1,2659.45343333333,2660.43573333333,-0.04873333333353,0.981999999999971,999.999999796273,2,0.3636,1,1,0,2,0,0,NaN,NaN,NaN,NaN,NaN,NaN,NaN,13.297813523863,11.9951515742614,7.97866740419396,5.33122021771281
830,1,Stim,1,1,2665.0541,2666.01326666667,-0.0633333333335031,0.959000000000287,999.999999796273,2,-0.6363,-1,1,3,2,2,2.08550573514015,0.351007066383823,33.5529309750777,21.5000000043801,-0.0896443796092283,0.0483076279467553,151.680628491438,0.101831928752065,15.95737230129,3.99840937564888,7.97867448528904,10.6624168936757
831,1,Stim,1,1,2668.3964,2669.36293333333,-0.053133333333335,0.966000000000349,999.999999796273,1,-1,-1,1,0,15,0,0,NaN,NaN,NaN,NaN,NaN,NaN,NaN,5.3191255060399,21.0635424032497,9.38215513639196,5.55111512199487e-14
833,1,Stim,1,1,2673.51456666667,2674.48906666667,-0.0515000000000327,0.975000000000364,999.999999796273,3,0.1818,1,1,5,2,2,2.05128205128129,0.279417438461018,26.475074532601,24.0000000048894,-0.309958959577616,-0.0534253174451712,189.779555891175,0.314529523521331,6.64890700288046,1.33280619750411,11.9680327737264,9.32956912898932
834,1,NonStim,0,1,2676.91423333333,2677.90496666667,NaN,0.990000000000236,999.999999796273,4,-0.4545,-1,1,1,16,1,1.01010101010077,0.216142173280258,25.8227242457447,54.0000000110012,-0.362033074057549,-0.932165249989744,248.7748933325,1,5.31912043715402,22.2615573124183,3.989342844872,2.77555756099744e-14
836,1,NonStim,0,1,2681.92396666667,2682.92583333333,NaN,1.00200000000041,999.999999796273,4,-0.0909,-1,0,20,14,9,8.98203592814006,0.0647073145791002,10.4669590034976,34.8888888959967,-0.186857932403696,-0.219951824502037,229.650758961018,0.288608198088618,1.32978065248795,5.20417042687019e-15,1.32978115757712,6.93889390249359e-15
837,1,NonStim,0,1,2685.3404,2686.3081,NaN,0.968000000000302,999.999999796273,2,1,1,1,0,1,0,0,NaN,NaN,NaN,NaN,NaN,NaN,NaN,17.287121439339,6.66402782669566,11.9679417816542,7.99680638152958
838,1,Stim,1,1,2688.72493333333,2689.70033333333,-0.05676666666659,0.976000000000113,999.999999796273,1,0.4545,1,1,19,10,8,8.19672131147446,0.0494668223222176,7.72818569416639,25.0000000050932,0.420234689620583,0.035801672806605,4.86952527736132,0.421756984691729,3.98933811747855,2.01895034316482e-07,1.32978078331012,1.33280606310488
839,1,NonStim,0,1,2692.03373333333,2693.00766666667,NaN,0.97400000000016,999.999999796273,4,0.3636,1,0,7,5,4,4.10677618069748,0.235288736535464,23.964426185518,24.0000000048894,-0.254213322581729,-0.453642838167535,240.734510538156,0.520015613225929,3.98934165943497,1.33279907264449,3.98934173421803,5.33118279623603
840,1,Stim,1,1,2695.42553333333,2696.39316666667,-0.0510666666664292,0.968000000000302,999.999999796273,2,-1,-1,1,1,2,1,1.03305785123935,0.346098334917639,38.2270725301685,17.0000000034634,-0.159666925322188,-0.987170944141975,260.812436088349,1,9.99548725079157,10.6624414386638,13.2978067376458,5.33122499761751
841,1,NonStim,0,1,2698.7347,2699.70776666667,NaN,0.972999999999956,999.999999796273,4,0.6363,1,1,0,3,0,0,NaN,NaN,NaN,NaN,NaN,NaN,NaN,9.23381454281052,11.8537586247042,1.32978142261063,1.33280179231997
842,1,NonStim,0,1,2702.13523333333,2703.1105,NaN,0.975000000000364,999.999999796273,1,-0.4545,-1,1,7,6,3,3.07692307692193,0.148599762323242,24.2891259446969,39.6666666747478,-0.0674876563496328,-0.0985224912218479,235.588955625812,0.119420538585811,2.65956117062798,1.33278995709574,5.31912567506363,1.3328048690981
847,1,Stim,1,1,2716.67846666667,2717.64393333333,-0.0583999999998923,0.965000000000146,999.999999796273,2,-0.3636,-1,0,1,1,1,1.03626943005166,0.239811950468697,24.6127721036825,17.0000000034634,-0.909146550127469,-0.416476350338552,204.612323756419,1,14.6275953206429,5.33121670966673,10.638251369378,5.33122265010848
849,1,Stim,1,1,2723.18,2724.16296666667,-0.0496666666663259,0.983000000000175,999.999999796273,2,-0.1818,-1,1,0,0,0,0,NaN,NaN,NaN,NaN,NaN,NaN,NaN,14.6274964783314,3.99841889085255,11.968020161337,5.3312236415506
850,1,NonStim,0,1,2726.46363333333,2727.439,NaN,0.976000000000113,999.999999796273,2,-0.1818,-1,0,1,4,1,1.02459016393431,0.212785997227583,15.1703169863206,21.0000000042783,-0.164035961904464,0.986454359411563,99.4412361232322,1,18.6169176053101,6.03453037220662,14.6275922557276,1.33280358639748
851,1,NonStim,0,1,2729.87226666667,2730.8398,NaN,0.967000000000098,999.999999796273,3,-0.4545,-1,1,3,4,3,3.10237849017549,0.203294162074633,20.0241687166157,17.6666666702658,-0.221403588066745,-0.338972378416299,236.848990835549,0.404872599885484,10.638249741078,5.33121518266948,10.6382493719373,5.33122480934641
852,1,NonStim,0,1,2733.07303333333,2734.046,NaN,0.972999999999956,999.999999796273,1,-0.6363,-1,1,10,4,3,3.08324768756437,0.156390316613548,24.1701278124009,42.0000000085565,-0.503337360619188,-0.193998093743733,201.077839612233,0.539429104675761,1.38777878049872e-14,5.33119669057177,3.98934286155285,1.33280425836214
853,1,Stim,1,1,2736.40606666667,2737.39203333333,-0.0471666666667261,0.985999999999876,999.999999796273,3,0.0909,1,0,2,1,1,1.01419878296159,0.406995597345841,26.6217622202924,23.0000000046857,-0.0441190426318291,-0.999026280974255,267.471344274352,1,7.97868837890237,5.33117652991565,8.49201055152334,6.66399927362141
855,1,NonStim,0,1,2742.30746666667,2743.28943333333,NaN,0.982000000000426,999.999999796273,3,-0.0909,-1,0,3,2,2,2.03665987779952,0.21542617282968,22.1548364774785,18.5000000037689,-0.690329127071534,-0.416458541792189,211.101544957446,0.806220826272196,11.9680166820479,5.33122223147017,11.968031655108,5.33119701945908
856,1,Stim,1,1,2745.52413333333,2746.5063,-0.0606333333339535,0.981999999999971,999.999999796273,4,-1,-1,1,5,5,2,2.03665987780047,0.167990163875062,23.2125818905486,33.5000000068248,-0.761531335470194,-0.224714433107408,196.440398107806,0.793994049946095,1.05128156450161,20.1260627713574,3.9893439313407,0.942430786222162
857,1,NonStim,0,1,2749.00026666667,2749.9655,NaN,0.965000000000146,999.999999796273,2,-0.4545,-1,1,8,3,3,3.10880829015497,0.169688343943869,18.212202007831,22.3333333378832,-0.0115130567319151,0.383568220305847,91.7192549603893,0.383740967455792,14.6275951543089,1.33280609808533,15.9573632750132,5.3312251803516
859,1,Stim,1,1,2754.72663333333,2755.69953333333,-0.061200000000099,0.973000000000411,999.999999796273,3,-0.3636,-1,0,1,1,1,1.02774922918764,0.261946834423146,26.4532228094144,14.0000000028522,-0.337589261052191,-0.941293520015003,250.269933285221,1,9.30844907735032,7.99677256281443,11.9680294349187,6.66400408990113
860,1,Stim,1,1,2758.07666666667,2759.04203333333,-0.0559333333335417,0.965999999999894,999.999999796273,4,1,1,1,12,4,4,4.14078674948285,0.276699577729701,25.3950399511184,28.2500000057553,-0.157691632717522,-7.89893935901342e-06,180.002870005718,0.157691632915355,1.32978135793555,1.33278960998427,3.9893432016474,5.33087665190787
861,1,Stim,1,1,2761.41886666667,2762.40143333333,-0.0519000000003871,0.983000000000175,999.999999796273,1,0.1818,1,1,15,4,3,3.05188199389569,0.116568590394167,16.2694274227555,32.3333333399205,-0.384200916693225,-0.388256780833932,225.3008342888,0.546217605219241,6.64890692774002,2.77555756099744e-14,1.32977610206315,14.7258923087171
864,1,Stim,1,1,2770.08663333333,2771.04503333333,-0.059099999999944,0.959000000000287,999.999999796273,2,0.1818,1,0,3,2,1,1.04275286757007,0.258189907470453,18.014691966049,22.000000004482,0.268011097585887,-0.96341582484969,285.545949782584,1,14.6275640719647,5.33122520347508,13.297810280664,6.66402795559899
866,1,Stim,1,1,2774.96206666667,2775.93796666667,-0.0516999999999825,0.974999999999909,999.999999796273,4,-0.4545,-1,1,20,20,10,10.2564102564112,0.0650717372067707,10.5030800106037,35.1000000071508,0.0680910916325791,0.361941667254099,79.3456302867594,0.368290873161952,1.32977956389828,5.55111512199487e-14,1.32977689491781,2.77555756099744e-14
867,1,Stim,1,1,2778.37943333333,2779.35486666667,-0.0603333333333467,0.974999999999909,999.999999796273,1,-0.1818,-1,0,17,18,12,12.3076923076935,0.0299658104901817,6.74803446716879,29.8333333394112,0.451030979647156,-0.0783236878978682,350.148556380543,0.457781110015907,2.99200817326091,2.77555756099744e-14,1.32978052538701,1.38777878049872e-14
868,1,NonStim,0,1,2781.6968,2782.66213333333,NaN,0.965999999999894,999.999999796273,1,-0.0909,-1,1,19,4,4,4.14078674948285,0.0828779470237504,10.2456938745866,29.7500000060609,-0.157638914886797,0.268332053426795,120.433256893536,0.311210729864713,3.98934100332482,2.77555756099744e-14,1.32978114841071,3.39799890677275
869,1,Stim,1,1,2784.93896666667,2785.92076666667,-0.0526333333332332,0.982000000000426,999.999999796273,1,-0.4545,-1,1,3,20,3,3.05498981669929,0.179577516688916,24.5722985592225,52.333333343995,-0.176533827029615,-0.34462919066119,242.876531889989,0.387212436708209,3.98934415278507,3.99839656010359,1.38777878049872e-14,5.55111512199487e-14
871,1,NonStim,0,1,2790.15616666667,2791.1224,NaN,0.965999999999894,999.999999796273,2,0.6363,1,0,14,1,1,1.03519668737071,0.184626867270061,21.02951516793,45.0000000091677,-0.903951121990069,-0.427635790191717,205.317614752465,1,7.97868391980995,6.93889390249359e-15,5.31912545439819,3.99841849632949
873,1,Stim,1,1,2796.6152,2797.58066666667,-0.0572000000001935,0.965000000000146,999.999999796273,3,0.3636,1,0,3,2,2,2.07253886010331,0.290077433764073,24.8314450178542,21.5000000043801,-0.268561497553377,-0.0681870946367439,194.246224725847,0.277082583074275,7.97868857176592,3.99840534613531,6.64890311588825,7.99676941144957
877,1,NonStim,0,1,2811.7689,2812.7333,NaN,0.9650000000006,999.999999796273,3,0.3636,1,1,2,1,1,1.03626943005117,0.124944956306195,18.8972987585974,38.0000000077416,0.0206385722741169,0.999787001983165,88.8174129494262,1,7.97868532776967,1.33280103007131,14.627587678728,6.66403123936589
878,1,NonStim,0,1,2815.1931,2816.1589,NaN,0.965000000000146,999.999999796273,2,0.3636,1,1,2,1,1,1.03626943005166,0.268895555765204,26.4545715596475,19.0000000038708,-0.78787199155184,-0.61583904141272,218.012911858273,1,11.9680278814809,5.33122450378289,11.9680325498406,7.99682977802563
879,1,NonStim,0,1,2818.50276666667,2819.48146666667,NaN,0.979000000000269,999.999999796273,4,-0.3636,-1,0,21,2,2,2.04290091930485,0.320259625262382,27.1513049914537,50.0000000101863,-0.787677326381144,-0.252430888593206,197.76935554566,0.827137790220531,2.65955962994556,1.11022302439897e-13,3.98923536161669,5.33121783610064
880,1,Stim,1,1,2821.895,2822.86146666667,-0.0600666666664438,0.967000000000098,999.999999796273,4,0.6363,1,1,14,7,4,4.13650465356732,0.0861296428339083,14.2349949704485,29.250000005959,0.050189696455252,0.304178926159817,80.6305830633797,0.308291785083563,1.32978138242652,1.33280540686271,1.32978003125663,1.3328047928015
881,1,NonStim,0,1,2825.537,2826.51126666667,NaN,0.97400000000016,999.999999796273,3,-0.1818,-1,1,1,1,1,1.02669404517437,0.27699752499632,28.8666587038976,21.0000000042783,-0.917693852265091,-0.397288300249149,203.408766117259,1,14.6275722399046,3.99841602665128,11.9679858691455,5.33122503436085
882,1,Stim,1,1,2829.01266666667,2829.99016666667,-0.0566333333331386,0.978000000000065,999.999999796273,1,-0.6363,-1,1,19,18,14,14.3149284253569,0.0519708701149843,8.53702014601946,37.4285714361966,0.12137487476074,0.112816546511535,42.907105331734,0.165708881445669,3.98934178931102,5.55111512199487e-14,1.38777878049872e-14,5.55111512199487e-14
884,1,NonStim,0,1,2835.29603333333,2836.28296666667,NaN,0.986000000000331,999.999999796273,1,1,1,1,3,3,2,2.02839756592224,0.248383056694299,24.2147533688095,27.5000000056025,-0.732683760356585,0.540480771663544,143.584818732672,0.910464143845482,5.31912049118992,3.39798197446661,3.98934409596272,22.6854986286785
885,1,NonStim,0,1,2838.67286666667,2839.64643333333,NaN,0.974000000000615,999.999999796273,3,-0.3636,-1,1,15,2,2,2.05338809034778,0.181545318215518,15.6433525955349,31.5000000064174,-0.581277712961152,0.0601274220005076,174.094322637806,0.584379231716678,11.968032635972,4.9065389323872e-14,7.97868824558327,3.99841292322792
886,1,NonStim,0,1,2842.32246666667,2843.2957,NaN,0.973000000000411,999.999999796273,4,-0.1818,-1,0,10,15,5,5.13874614593822,0.0258912903120825,5.47093879626168,40.4000000082306,0.686546860605265,0.19846502069165,16.1233742683556,0.71465722989772,1.32977992974939,1.33280479775154,1.3297812912554,6.93889390249359e-15
887,1,NonStim,0,1,2846.05686666667,2847.0401,NaN,0.984000000000378,999.999999796273,1,-1,-1,1,6,9,2,2.03252032520247,0.230801082560823,19.7595194788691,34.5000000070286,-0.192846591310477,-0.0377588646480568,191.0782174169,0.196508370405895,2.65956243624488,1.33279598469723,1.32978143053474,1.33280446787018
888,1,Stim,1,1,2849.61513333333,2850.5946,-0.0559666666667908,0.979000000000269,999.999999796273,1,0.0909,1,0,1,3,1,1.02145045965243,0.199433170097749,17.0886732332392,29.0000000059081,-0.992812270461854,0.119682060562053,173.126246246937,1,5.31909349019251,11.8047677440978,5.31911658700217,1.33280613920951
889,1,Stim,1,1,2852.8242,2853.7975,-0.0552000000002408,0.973000000000411,999.999999796273,3,-1,-1,0,2,1,1,1.02774922918764,0.321488507873657,32.9512799953524,18.0000000036671,-0.39416644660209,-0.919039070101528,246.786002391336,1,7.97868176107256,5.33122247117161,11.9680326360082,3.99839745055923
890,1,Stim,1,1,2856.15876666667,2857.13993333333,-0.0587000000000444,0.981000000000222,999.999999796273,4,0.4545,1,1,0,15,0,0,NaN,NaN,NaN,NaN,NaN,NaN,NaN,5.31912092559991,16.9624550017202,6.93889390249359e-15,5.33121157445589
892,1,NonStim,0,1,2862.3091,2863.26633333333,NaN,0.957000000000335,999.999999796273,3,0.4545,1,1,1,2,1,1.04493207941447,0.195717820845949,20.9427283140043,15.0000000030559,-0.489415943646414,-0.872050476810081,240.697799526805,1,11.9680305163206,5.33122520755535,9.30846074296004,5.33120507246749
893,1,NonStim,0,1,2865.69206666667,2866.66716666667,NaN,0.974999999999909,999.999999796273,3,0.0909,1,0,3,3,3,3.07692307692336,0.24205647357582,21.0386870549275,25.6666666718957,-0.0771770892810467,-0.350287466177152,257.574820697264,0.35868873981588,7.97868738886718,5.33122490003733,11.96802823442,6.66400547318366
895,1,Stim,1,1,2870.5432,2871.51046666667,-0.0609666666669,0.967000000000553,999.999999796273,3,-0.1818,-1,1,1,0,0,0,NaN,NaN,NaN,NaN,NaN,NaN,NaN,11.9680327901167,7.99683776489436,14.6275865634303,16.8660469334189
896,1,Stim,1,1,2873.81013333333,2874.8006,-0.0471000000002277,0.990000000000236,999.999999796273,1,-0.3636,-1,0,13,8,3,3.03030303030231,0.19267861300519,23.5131198063897,40.0000000081491,0.16053432021537,-0.121687084457516,322.837403524636,0.20144233539845,1.32978033947142,1.33280630253148,3.98934417680467,0.942424933732582
897,1,NonStim,0,1,2877.0694,2878.0447,NaN,0.974999999999909,999.999999796273,4,0.1818,1,1,14,5,4,4.10256410256449,0.103937178875737,11.8421208032985,38.2500000077926,0.0903489802052251,0.182046138577422,63.6049261107118,0.203233202983848,3.9893408837252,1.38777878049872e-14,1.32978141840187,3.99841714488798
898,1,Stim,1,1,2880.5538,2881.51993333333,-0.0595333333335475,0.965999999999894,999.999999796273,2,0.4545,1,1,3,2,2,2.07039337474143,0.178044228108866,19.7904349749097,22.5000000045839,-0.145151219845331,0.124142113057388,139.46093434164,0.190997750921159,14.6275806944464,3.99840010701699,11.9679901881615,7.99683441833632
900,1,NonStim,0,1,2885.41286666667,2886.37843333333,NaN,0.966000000000349,999.999999796273,1,-0.3636,-1,1,4,7,4,4.1407867494809,0.240632814586083,24.490530710995,35.7500000072832,-0.151719019153804,0.491857603184318,107.142967923114,0.514725715875178,1.32978129055506,5.33121779849545,0.940295389565069,3.99841734443582
901,1,NonStim,0,1,2888.94603333333,2889.91293333333,NaN,0.965999999999894,999.999999796273,3,-0.6363,-1,0,3,3,3,3.10559006211214,0.227469496305618,24.0228016324552,16.6666666700621,-0.0754361801094974,-0.304821643874868,256.099920351055,0.314017279531063,10.6382446693503,5.33122335232905,7.97867688429493,5.33122288966941
903,1,Stim,1,1,2894.32163333333,2895.32456666667,-0.0657666666666046,1.00300000000016,999.999999796273,2,0.0909,1,1,13,0,0,0,NaN,NaN,NaN,NaN,NaN,NaN,NaN,14.6275644627535,1.38777878049872e-14,9.3084698875709,5.3312180603987
904,1,NonStim,0,1,2897.7886,2898.76426666667,NaN,0.976000000000113,999.999999796273,4,1,1,1,14,6,4,4.09836065573723,0.103450013258848,11.744031840017,35.7500000072832,0.290765262678406,-0.34103890768167,310.450471126314,0.44816511971945,5.31912386819516,5.55111512199487e-14,2.65955906160773,1.33280629156303
905,1,Stim,1,1,2901.3644,2902.338,-0.0497000000000298,0.974000000000615,999.999999796273,3,-0.6363,-1,0,0,0,0,0,NaN,NaN,NaN,NaN,NaN,NaN,NaN,6.64888792814101,5.33122446681064,7.97868474290156,7.99681703817838
906,1,Stim,1,1,2904.67363333333,2905.65483333333,-0.0531999999998334,0.981000000000222,999.999999796273,4,-0.3636,-1,0,15,4,2,2.03873598368965,0.147291501282503,19.5532673484746,49.0000000099826,-0.702948646978792,-0.506669487590783,215.783210532586,0.866516456822847,2.65956248334094,1.38777878049872e-14,1.32978090050661,5.33122107152549
907,1,Stim,1,1,2908.3073,2909.26523333333,-0.063799999999901,0.958000000000084,999.999999796273,2,-0.0909,-1,1,0,0,0,0,NaN,NaN,NaN,NaN,NaN,NaN,NaN,17.9643370932145,5.33122100482281,14.6275954404512,3.99841706323291
908,1,Stim,1,1,2911.67453333333,2912.64743333333,-0.0511666666666315,0.972999999999956,999.999999796273,2,0.3636,1,1,5,1,1,1.02774922918812,0.252632504270408,18.858213566198,28.0000000057044,-0.985165236875787,0.171608438170955,170.118649771607,1,14.6275150367533,1.33280609329042,14.6275522812082,5.3312246779726
910,1,NonStim,0,1,2919.61723333333,2920.58693333333,NaN,0.969000000000051,999.999999796273,3,-1,-1,0,2,2,2,2.06398348813199,0.201795703286153,20.6490810840768,18.0000000036671,-0.160227523831613,0.0433046724654848,164.87601392131,0.165976365939712,5.31912553344915,5.33122512659514,7.97868568193181,5.33116617573076
911,1,Stim,1,1,2923.0266,2924.00846666667,-0.0547333333329334,0.981999999999971,999.999999796273,4,0.0909,1,1,0,1,0,0,NaN,NaN,NaN,NaN,NaN,NaN,NaN,3.98933038978238,11.0402851022428,8.7039406216841,1.33280611425959
912,1,Stim,1,1,2926.49336666667,2927.46123333333,-0.0529999999998836,0.967999999999847,999.999999796273,4,0.3636,1,1,2,10,2,2.06611570247967,0.238696997743348,26.179713936863,26.0000000052969,-0.903000452457598,-0.359579865913182,201.712725623539,0.971960645864208,3.98933728312179,5.33120182006988,1.32978026153261,1.33280510327858
913,1,NonStim,0,1,2929.95276666667,2930.92116666667,NaN,0.969000000000051,999.999999796273,3,1,1,1,0,0,0,0,NaN,NaN,NaN,NaN,NaN,NaN,NaN,11.9680181050009,7.99683330981548,11.9680217149331,11.1168118235148
914,1,NonStim,0,1,2933.37746666667,2934.34363333333,NaN,0.965999999999894,999.999999796273,2,-0.0909,-1,0,14,1,1,1.03519668737071,0.156546727120661,14.4076714386338,25.0000000050932,-0.364664604492602,0.93113894034685,111.38694335324,1,13.2978067897904,1.38777878049872e-14,7.97868073857912,7.9968331351996
915,1,Stim,1,1,2936.77893333333,2937.76153333333,-0.04796666666698,0.983000000000175,999.999999796273,1,-0.0909,-1,0,2,15,1,1.01729399796523,0.116021748106804,21.2795973166555,41.0000000083528,-0.349796056168615,0.93682587447662,110.474841509803,1,3.98933966513865,3.99841597991248,5.31910172369439,3.46944695124679e-15
916,1,Stim,1,1,2940.45433333333,2941.42783333333,-0.0553333333336923,0.973000000000411,999.999999796273,3,-0.0909,-1,1,2,2,2,2.05549845837529,0.388528807822053,39.1763891427633,21.0000000042783,-0.0742676554247581,0.0119890923323661,170.829804453208,0.0752291364914193,9.30846964297177,5.33111649752398,11.9680319166549,2.6656043883967
917,1,NonStim,0,1,2943.82196666667,2944.78693333333,NaN,0.965000000000146,999.999999796273,4,0.0909,1,0,16,13,8,8.29015544041326,0.0626720702314944,8.28725406816714,33.5000000068248,0.0850933801269798,0.31387160279193,74.8312239663172,0.325201885573577,5.31909027989762,6.93889390249359e-15,1.30104260671755e-14,15.0333856629905
918,1,NonStim,0,1,2947.22143333333,2948.19826666667,NaN,0.976999999999862,999.999999796273,1,0.3636,1,1,4,3,2,2.04708290685802,0.262955702890327,29.1505424022971,34.0000000069267,-0.527361432097567,0.049343937661408,174.654535463281,0.529664898070402,2.65955996941956,1.33280006631493,5.31911806116894,2.66559064640164
920,1,Stim,1,1,2952.45596666667,2953.4217,-0.0586666666667952,0.965999999999894,999.999999796273,4,-0.0909,-1,0,13,12,8,8.28157349896571,0.0196480739393786,5.98438672887419,37.6250000076652,0.169248235744432,-0.0246651136219772,351.708464024839,0.171036057989501,1.32978144315951,1.7347234756234e-15,8.95134048971054,1.38777878049872e-14
922,1,NonStim,0,1,2958.99803333333,2959.96723333333,NaN,0.969000000000506,999.999999796273,2,-0.3636,-1,1,3,3,3,3.09597523219653,0.272259914921576,26.8304400636699,24.0000000048894,-0.162549326887761,0.251791553488024,122.845114408577,0.299701968761596,15.957208978641,5.33121295741632,11.9679370333692,3.99841369666952
923,1,NonStim,0,1,2962.37323333333,2963.33103333333,NaN,0.958000000000538,999.999999796273,3,0.6363,1,1,1,1,1,1.04384133611632,0.161103283607124,16.4246843170296,13.0000000026484,-0.942061264150049,-0.335440866007724,199.599349001455,1,9.30846998119929,5.33122468304199,11.9680188441968,7.99680247987566
925,1,NonStim,0,1,2968.09963333333,2969.09903333333,NaN,1.00000000000045,999.999999796273,1,0.6363,1,1,22,7,6,5.99999999999727,0.0330312493130082,6.31590211364168,19.1666666705714,-0.106730549760181,-0.304921635799381,250.708618426126,0.323061316518522,3.98934373670206,6.93889390249359e-15,3.98934427878465,1.33280620622503
934,1,NonStim,0,1,3006.50523333333,3007.46443333333,NaN,0.959000000000287,999.999999796273,2,0.4545,1,1,16,1,1,1.04275286757007,0.405594321837265,32.1228646181581,27.0000000055006,-0.996732150018898,0.0807776028284195,175.36673624142,1,13.2977389323457,1.38777878049872e-14,11.9679422406743,5.33121351305044
935,1,Stim,1,1,3009.965,3010.93763333333,-0.0535666666669385,0.972999999999956,999.999999796273,1,0.3636,1,1,1,18,1,1.02774922918812,0.268369192023938,21.5632591465557,37.0000000075379,-0.973983641250745,0.226618327978874,166.901940064614,1,5.31911478857058,18.0383781469784,5.31905497762183,1.04083408537404e-14
936,1,Stim,1,1,3013.3143,3014.2876,-0.0553000000004431,0.972999999999956,999.999999796273,3,0.4545,1,1,12,2,2,2.05549845837625,0.201954919397371,16.9253817606851,40.5000000082509,-0.0729510917925777,0.076731549899653,133.55321730869,0.105875363251948,11.9680150009709,5.55111512199487e-14,5.3191148458244,5.33122500649368
937,1,Stim,1,1,3016.75616666667,3017.72406666667,-0.0549000000005435,0.968000000000302,999.999999796273,2,-0.4545,-1,1,0,4,0,0,NaN,NaN,NaN,NaN,NaN,NaN,NaN,11.9680195521968,6.66403129417711,11.9680327782369,1.33280625101356
940,1,NonStim,0,1,3026.62403333333,3027.5907,NaN,0.966000000000349,999.999999796273,4,-1,-1,0,3,1,1,1.03519668737023,0.334540836232397,32.8067346914582,35.0000000071304,-0.842943303910984,-0.538002403704328,212.547757072576,1,5.31911038906216,1.33280523682683,3.9893442726079,3.99841754005228
953,1,NonStim,0,1,3081.9162,3082.88196666667,NaN,0.965000000000146,999.999999796273,2,-1,-1,0,0,0,0,0,NaN,NaN,NaN,NaN,NaN,NaN,NaN,13.2977828181576,3.99841846908699,11.9680309080419,5.3312201780413
954,1,Stim,1,1,3085.2502,3086.22513333333,-0.0515333333332819,0.974999999999909,999.999999796273,2,1,1,1,1,5,1,1.02564102564112,0.218273469618294,23.7362884833598,23.0000000046857,-0.661795262960138,0.749684620306113,131.436933888561,1,13.2977847844127,6.66400178001808,7.97867811367219,1.33280617287378
955,1,Stim,1,1,3088.6097,3089.59493333333,-0.0570333333339477,0.985000000000127,999.999999796273,4,-0.6363,-1,0,1,8,1,1.01522842639581,0.484582761696858,31.5502679559854,49.0000000099826,-0.238132167455354,-0.971232758314409,256.223674444265,1,5.31911919236011,27.7961256835787,1.32977907965055,1.3328062980635
956,1,NonStim,0,1,3092.26746666667,3093.24436666667,NaN,0.977000000000317,999.999999796273,4,0.4545,1,0,0,16,0,0,NaN,NaN,NaN,NaN,NaN,NaN,NaN,2.65956262400697,3.99841756090797,2.65956076860076,2.77555756099744e-14
957,1,Stim,1,1,3095.6779,3096.6456,-0.063833333333605,0.968000000000302,999.999999796273,1,1,1,1,12,16,6,6.19834710743608,0.0448546975047039,8.23150200761319,40.3333333415503,-0.286997250030812,-0.521377800262757,241.169006743955,0.595148915929517,1.32977904759876,6.93889390249359e-15,1.32977973300694,6.93889390249359e-15
960,1,NonStim,0,1,3105.5694,3106.52696666667,NaN,0.95699999999988,999.999999796273,2,0.0909,1,1,5,8,2,2.08986415882994,0.134697239058923,15.9979408227103,31.5000000064174,-0.42535069663639,0.569012066094585,126.779030155049,0.710420964281243,18.616879667903,1.3328062940354,14.6275386891362,1.33280628704091
961,1,Stim,1,1,3110.1535,3111.12286666667,-0.0575666666663892,0.969000000000051,999.999999796273,4,-0.1818,-1,1,3,1,1,1.03199174406599,0.207658857680634,20.2951093486627,25.0000000050932,-0.371789044263166,0.928317244569916,111.825994658779,1,2.65956278049979,3.99841821095741,9.87799256179554,5.3311970736132
962,1,Stim,1,1,3113.61366666667,3114.58703333333,-0.0593333333335977,0.97400000000016,999.999999796273,1,0.6363,1,1,5,3,3,3.08008213552311,0.398456358169364,37.4426615774564,23.333333338087,-0.0160933559424977,0.320725138438751,92.8725801237249,0.321128651060673,14.6626360434144,2.66560727567351,13.8965929702243,5.33119006733822
963,1,NonStim,0,1,3116.93093333333,3117.90446666667,NaN,0.97400000000016,999.999999796273,3,0.1818,1,1,2,3,2,2.05338809034874,0.257349451446037,22.5304085647279,25.0000000050932,-0.631453087888182,-0.158745831480383,194.111588314119,0.651101559832196,10.6381407152447,5.33111065313328,10.6382366474422,5.33122457336795
965,1,NonStim,0,1,3123.53933333333,3124.49726666667,NaN,0.958000000000084,999.999999796273,2,0.1818,1,1,6,4,0,0,NaN,NaN,NaN,NaN,NaN,NaN,NaN,18.6169105719785,1.33280627801033,11.968014668558,1.33280617336193
966,1,Stim,1,1,3127.01596666667,3127.98193333333,-0.0624000000002525,0.966000000000349,999.999999796273,3,1,1,1,3,3,3,3.10559006211068,0.219648036968675,22.8384920083298,15.3333333364571,-0.326252657937363,-0.135760229031176,202.593167422655,0.353371810700558,11.9680308739724,6.6640262331045,11.9680312149761,3.99841789410435
969,1,NonStim,0,1,3135.03393333333,3135.9987,NaN,0.965000000000146,999.999999796273,1,0.1818,1,0,4,1,1,1.03626943005166,0.27409052101604,24.9829088347033,24.0000000048894,-0.800233205070703,-0.599688933950153,216.847622428051,1,1.32978120178003,5.33121547303627,3.98934204307411,12.7605954980127
970,1,NonStim,0,1,3138.8415,3139.8154,NaN,0.97400000000016,999.999999796273,1,0.0909,1,1,24,0,0,0,NaN,NaN,NaN,NaN,NaN,NaN,NaN,1.38777878049872e-14,2.77555756099744e-14,7.35281508963306,5.33114134706701
979,1,Stim,1,1,3178.1148,3179.0883,-0.056999999999789,0.974000000000615,999.999999796273,2,0.6363,1,0,1,1,1,1.02669404517389,0.374836706881249,34.1381405128786,19.0000000038708,-0.934443476579058,-0.356111484059197,200.861580051651,1,11.9679424315903,5.33119748462831,11.9680212574183,5.3312207916789
981,1,NonStim,0,1,3184.10746666667,3185.09316666667,NaN,0.985999999999876,999.999999796273,1,0.4545,1,1,6,19,5,5.07099391480794,0.116383421827357,12.2432650132476,28.2000000057451,0.0278201871881764,-0.037479810672963,306.5854380899,0.0466765361104091,1.32977816217436,3.99841313839711,1.32978114698706,3.28569313717598e-07
982,1,Stim,1,1,3187.4248,3188.39416666667,-0.0549333333337927,0.9699999999998,999.999999796273,4,0.1818,1,0,13,16,7,7.21649484536231,0.0549724348205285,7.54533422181613,31.5714285778605,-0.0168075788364263,0.0614303540023466,105.301853221241,0.0636881707948683,3.98934398687427,1.38777878049872e-14,3.98933086360758,3.46944695124679e-15
983,1,NonStim,0,1,3190.8666,3191.83356666667,NaN,0.967000000000098,999.999999796273,2,-0.6363,-1,0,3,2,2,2.06825232678366,0.318607552706192,28.9738983844089,18.0000000036671,-0.536329716101608,-0.247699583587191,204.789475819306,0.590766153467596,10.6382489511256,5.33117356315568,13.2978135721702,5.33121963154228
989,1,Stim,1,1,3216.31193333333,3217.28493333333,-0.0527666666666846,0.973000000000411,999.999999796273,3,-0.4545,-1,0,5,15,2,2.05549845837529,0.0233684712323598,7.15509553616696,23.0000000046857,0.193871101406804,-0.084251462954179,336.511456707066,0.211386643311744,11.9680056318183,1.33280630090575,6.64890083397402,6.93889390249359e-15
990,1,Stim,1,1,3219.87993333333,3220.83566666667,-0.0658333333331029,0.956000000000131,999.999999796273,3,0.6363,1,1,3,3,3,3.1380753138071,0.193306665473659,19.8363049364633,22.3333333378832,-0.268843344037237,-0.538446632277044,243.467304033122,0.60183180328362,7.97867963854035,5.33121584314761,7.97864431340528,5.33121613215326
994,1,NonStim,0,1,3236.8642,3237.83873333333,NaN,0.974000000000615,999.999999796273,1,-0.1818,-1,0,4,12,4,4.10677618069556,0.137401292479811,13.6220100370034,30.2500000061627,-0.0852462194224032,-0.189603243566375,245.791165316832,0.207885323908887,3.98933205892094,1.33280623062162,1.32977433199978,1.33279696138919
999,1,NonStim,0,1,3251.0009,3251.96516666667,NaN,0.965000000000146,999.999999796273,4,-0.6363,-1,1,16,0,0,0,NaN,NaN,NaN,NaN,NaN,NaN,NaN,2.77555756099744e-14,1.33280596333048,5.31912469971865,3.99841877250452
1000,1,Stim,1,1,3254.45063333333,3255.41513333333,-0.0474666666668782,0.965000000000146,999.999999796273,4,0.3636,1,0,5,18,5,5.18134715025829,0.0677466643910537,14.474697159755,37.0000000075379,-0.00621653815836838,0.0632321890873061,95.6148690465738,0.063537037100004,3.98934426710671,1.33280612876264,6.93889390249359e-15,1.33280599566345
1001,1,NonStim,0,1,3258.70193333333,3259.6657,NaN,0.963999999999942,999.999999796273,3,0.0909,1,1,0,0,0,0,NaN,NaN,NaN,NaN,NaN,NaN,NaN,10.638246417615,5.33122489620891,11.9680305028184,12.7496264827475
1002,1,Stim,1,1,3262.05263333333,3263.0088,-0.0669333333330542,0.956000000000131,999.999999796273,3,0.6363,1,1,2,1,1,1.04602510460237,0.258723865963017,26.6887535407139,17.0000000034634,-0.540020601881268,-0.841651798277526,237.314958683528,1,13.2977607105485,5.33122410222963,7.97868819397496,6.66403147514201
1003,1,NonStim,0,1,3265.41073333333,3266.3838,NaN,0.972999999999956,999.999999796273,1,-0.1818,-1,1,17,18,10,10.2774922918812,0.0986948187213102,11.9839251357622,45.7000000093103,-0.296827555352196,-0.0144378058069661,182.784693920531,0.297178478111859,1.38777878049872e-14,2.77555756099744e-14,1.32978142523232,6.93889390249359e-15
1005,1,Stim,1,1,3271.74446666667,3272.70286666667,-0.0652000000004591,0.958000000000538,999.999999796273,2,0.1818,1,0,3,2,2,2.08768267223265,0.585894297067022,49.510209705506,21.0000000042783,-0.106629656467174,-0.0183145562962224,189.745944748766,0.108191065299474,10.6382511487241,7.99683188375307,6.64890332999265,6.66402784583272
1007,1,Stim,1,1,3278.91216666667,3279.89456666667,-0.0559666666663361,0.981999999999971,999.999999796273,4,-0.3636,-1,0,1,16,1,1.01832993890023,0.229177752725458,21.4200795834847,56.0000000114087,-0.920093740044553,-0.391698237844935,203.06021006373,1,5.31911413329605,14.0969528013739,1.32978032102435,3.46944695124679e-15
1013,1,NonStim,0,1,3302.84986666667,3303.82486666667,NaN,0.975000000000364,999.999999796273,2,1,1,1,2,6,2,2.05128205128129,0.218191665503275,18.5717519351904,20.5000000041764,-0.144685973581733,0.133336403544669,137.337659302722,0.196755247608598,18.6169148088437,2.66560886625022,11.9680124222195,1.33279645140594
1020,1,NonStim,0,1,3331.32953333333,3332.30363333333,NaN,0.97400000000016,999.999999796273,3,-1,-1,1,2,15,2,2.05338809034874,0.178899712711795,16.0819238110767,57.5000000117143,-0.0358196319568139,0.0896121654576631,111.787499399943,0.0965058870304459,6.64890591085652,7.99683768144115,13.2978068169267,6.93889390249359e-15
1021,1,Stim,1,1,3337.33786666667,3338.3039,-0.0575333333335948,0.965999999999894,999.999999796273,1,0.3636,1,1,2,13,2,2.07039337474143,0.0884402930707681,19.2584261622204,60.5000000123255,-0.198974313439372,0.157773430486918,141.587916976041,0.253935489398941,3.98933970915561,1.33280626197084,1.32978132937111,3.46944695124679e-15
1022,1,Stim,1,1,3340.51376666667,3341.49766666667,-0.04873333333353,0.983999999999924,999.999999796273,1,0.4545,1,1,3,12,3,3.04878048780511,0.260191548815168,26.1919151245158,36.3333333407354,-0.470806736298471,-0.0189582940130046,182.305922193137,0.471188284930665,1.32978128674949,5.33090368969449,1.32978047321812,1.33276153057969
1023,1,Stim,1,1,3344.03026666667,3344.9961,-0.0524333333332834,0.966000000000349,999.999999796273,3,0.4545,1,1,4,0,0,0,NaN,NaN,NaN,NaN,NaN,NaN,NaN,7.97868270815263,1.33280612819803,11.9680202556535,13.2551730617885
1027,1,Stim,1,1,3358.4993,3359.4648,-0.0607333333332463,0.965000000000146,999.999999796273,3,0.0909,1,1,0,1,0,0,NaN,NaN,NaN,NaN,NaN,NaN,NaN,10.6382486662091,16.3934905318143,7.97868848794482,5.33121055251889
1028,1,NonStim,0,1,3362.00056666667,3362.98336666667,NaN,0.983000000000175,999.999999796273,3,0.4545,1,1,0,9,0,0,NaN,NaN,NaN,NaN,NaN,NaN,NaN,11.9680205578016,5.3312190701774,9.30843330205412,1.33280618133374
1029,1,Stim,1,1,3365.55016666667,3366.5188,-0.0640333333335548,0.968000000000302,999.999999796273,4,-0.6363,-1,0,1,8,1,1.03305785123935,0.272246375626956,31.1358486386374,35.0000000071304,-0.659561306708346,0.751650771763842,131.266424126311,1,5.31911197046155,24.7746979598146,1.32978028125773,1.33280629473632
1033,1,Stim,1,1,3379.37786666667,3380.3471,-0.0613333333335504,0.970000000000255,999.999999796273,2,-0.4545,-1,0,2,2,2,2.06185567010255,0.238542871266711,27.8006457049074,14.0000000028522,-0.475876615995899,0.019196592743475,177.689973225078,0.476263648439252,14.6275645056502,5.33118617221635,11.9680323069718,5.33122503429594
1034,1,NonStim,0,1,3382.64443333333,3383.62056666667,NaN,0.976000000000113,999.999999796273,2,-0.0909,-1,1,17,5,1,1.02459016393431,0.00664890622659647,6.79369047783434,27.0000000055006,1,0,0,1,14.6275860876237,1.0971354587067e-14,7.34395459636703,1.33280609477161
1035,1,Stim,1,1,3385.92083333333,3386.90276666667,-0.0622333333335519,0.982000000000426,999.999999796273,3,0.3636,1,0,1,0,0,0,NaN,NaN,NaN,NaN,NaN,NaN,NaN,10.6382337526802,5.33121664825577,11.967950341075,5.33122517753236
1038,1,Stim,1,1,3394.64613333333,3395.62223333333,-0.0587999999997919,0.976000000000113,999.999999796273,1,-0.1818,-1,1,24,13,12,12.2950819672117,0.0427001570252962,7.90457706798162,32.3333333399205,0.206832677272901,0.00294538660394577,0.815861485554091,0.206853647998102,3.98932326833445,6.93889390249359e-15,1.38777878049872e-14,2.66561235521335
1039,1,Stim,1,1,3398.08933333333,3399.06593333333,-0.0543999999999869,0.976000000000113,999.999999796273,4,1,1,0,17,0,0,0,NaN,NaN,NaN,NaN,NaN,NaN,NaN,2.77555756099744e-14,10.0806581973117,3.98934216308348,6.66401811610025
1040,1,NonStim,0,1,3401.4565,3402.4213,NaN,0.965000000000146,999.999999796273,4,-0.0909,-1,0,6,3,2,2.07253886010331,0.160651931601728,22.1268186209536,36.0000000073342,0.0310477567219057,-0.0534309250839003,300.160106541027,0.0617966581036872,5.31910238493284,1.3328057489178,1.32978011880846,7.99676589311564
1041,1,NonStim,0,1,3404.84726666667,3405.83086666667,NaN,0.983000000000175,999.999999796273,2,0.1818,1,1,2,1,1,1.01729399796523,0.315761407852434,30.564376805058,23.0000000046857,-0.999871737678823,0.0160158730992428,179.082318831222,1,18.616863649009,3.9984172105023,11.9680310974352,7.99681385020465
1044,1,NonStim,0,1,3411.5744,3412.54903333333,NaN,0.975000000000364,999.999999796273,1,1,1,1,2,3,2,2.05128205128129,0.274222290321876,29.9382719427303,16.0000000032596,-0.426371243006735,-0.405402298295136,223.555883842442,0.588339579091944,5.31909654687975,25.7110897925906,3.98933862016205,24.8377928352763
1045,1,NonStim,0,1,3415.29166666667,3416.2561,NaN,0.965000000000146,999.999999796273,3,0.1818,1,1,14,1,1,1.03626943005166,0.31135827975802,32.1363854477071,70.0000000142609,-0.482802775227055,-0.875729113500889,241.131383753914,1,7.97868535230579,2.77555756099744e-14,10.638251337352,5.33119429462161
1049,1,NonStim,0,1,3432.2188,3433.19593333333,NaN,0.977000000000317,999.999999796273,1,-0.6363,-1,0,5,19,3,3.0706243602856,0.152076693775823,17.9328119573205,59.0000000120199,-0.303468228972807,0.135125816152043,155.997942890496,0.332192643185618,5.31911193272061,1.33280619242003,1.38777878049872e-14,1.33280626867575
1050,1,Stim,1,1,3435.81133333333,3436.7848,-0.0608333333334485,0.973000000000411,999.999999796273,4,-0.1818,-1,1,14,2,2,2.05549845837529,0.490856966307673,47.5511579762615,37.5000000076398,-0.209323903046787,-0.161693875750706,217.684570939293,0.264502184947545,3.98934177562448,2.77555756099744e-14,2.65955998972223,3.99840310871258
1051,1,NonStim,0,1,3439.16113333333,3440.13843333333,NaN,0.977000000000317,999.999999796273,3,-0.6363,-1,1,6,2,2,2.04708290685706,0.318290777187503,25.4451202122166,24.0000000048894,-0.299668095335893,-0.0841823370598228,195.691039514563,0.311267783805353,14.6275718770613,1.33280531288902,11.9680249413121,7.99682155708698
1052,1,NonStim,0,1,3442.36263333333,3443.34616666667,NaN,0.984000000000378,999.999999796273,1,0.4545,1,1,8,9,3,3.04878048780371,0.149375623703692,16.0981713383926,35.3333333405317,-0.495681253780501,-0.0418685192456425,184.828120249899,0.497446357161485,5.31912544949218,1.33280630033732,1.32977924409953,1.3328051461701
1053,1,Stim,1,1,3445.74666666667,3446.72113333333,-0.0606000000002496,0.975000000000364,999.999999796273,3,0.1818,1,0,7,2,2,2.05128205128129,0.318790111951107,36.1963851945638,29.0000000059081,-0.267414992633409,-0.0794908534726976,196.554925379283,0.27897952267316,6.64889525831391,1.3327817292859,9.30846999873185,5.33118099426902
1054,1,NonStim,0,1,3449.0873,3450.07063333333,NaN,0.983000000000175,999.999999796273,4,-0.6363,-1,0,1,3,1,1.01729399796523,0.316455881009321,33.4962369243939,17.0000000034634,-0.626144816331702,-0.779706783977759,231.233736655029,1,3.98932319873949,20.7477154319061,3.98934248160431,3.99838302326271
1055,1,Stim,1,1,3452.51323333333,3453.4708,-0.0634000000004562,0.95699999999988,999.999999796273,3,-0.4545,-1,1,6,4,3,3.13479623824491,0.408596049734192,36.2798466455686,26.3333333386981,-0.008476616670846,-0.347935409468925,268.604401011782,0.348038650429077,11.9680211738333,1.3328061930507,10.6382504093664,1.33280551871092
1056,1,Stim,1,1,3456.2721,3457.23853333333,-0.0561333333334915,0.965999999999894,999.999999796273,4,-1,-1,1,4,2,2,2.07039337474143,0.316047789661451,28.2958285666658,26.5000000053988,-0.1685131345401,-0.0689738491338084,202.259699895486,0.182082586693136,12.4125666682851,1.33280631872208,3.98932592535459,5.33122447381534
1065,1,NonStim,0,1,3485.22686666667,3486.18643333333,NaN,0.960000000000491,999.999999796273,2,0.4545,1,0,6,6,2,2.08333333333227,0.020693259487612,13.1920418975811,25.500000005195,-0.955327083177187,0.291228178238799,163.046337520896,0.998731038694663,11.9680201327764,1.33280585453794,7.9786824007127,1.33280506977782
1066,1,Stim,1,1,3488.4529,3489.42576666667,-0.058333333333394,0.973000000000411,999.999999796273,1,-0.0909,-1,1,21,16,11,11.3052415210641,0.0175368927134062,5.54547574258453,43.2727272815431,0.20501548135871,0.299293554483281,55.5889352459277,0.36277814067551,2.77555756099744e-14,5.55111512199487e-14,1.38777878049872e-14,1.33280267484623
1067,1,Stim,1,1,3491.90343333333,3492.8684,-0.0560666666665384,0.965000000000146,999.999999796273,4,-0.4545,-1,0,16,10,5,5.18134715025829,0.0222896190285567,6.36783802431223,23.4000000047672,0.229251561869615,0.103325846543972,24.2615399062348,0.25146075078168,5.31912411679424,1.38777878049872e-14,2.77555756099744e-14,10.1647701241246
1069,1,NonStim,0,1,3499.43773333333,3500.4024,NaN,0.965000000000146,999.999999796273,1,-0.0909,-1,1,17,14,10,10.3626943005166,0.0213815194908358,6.67085308291317,36.3000000073953,0.092611254542154,0.192402384811773,64.2965570345671,0.213531080054238,1.38777878049872e-14,2.77555756099744e-14,3.98933656235813,6.93889390249359e-15
1070,1,NonStim,0,1,3502.78706666667,3503.75386666667,NaN,0.966000000000349,999.999999796273,3,-0.1818,-1,0,17,3,3,3.10559006211068,0.308414951774704,28.1648910277843,38.0000000077416,-0.3702266680537,-0.133350590275521,199.808327603227,0.39351005789557,9.30844686631575,4.38854183482681e-14,7.97868312029388,3.99841769201284
1071,1,Stim,1,1,3506.61376666667,3507.57036666667,-0.0646666666666533,0.957000000000335,999.999999796273,2,0.3636,1,0,0,6,0,0,NaN,NaN,NaN,NaN,NaN,NaN,NaN,14.6275911017654,5.33122417823985,5.31912565802103,1.33280528297117
1077,1,NonStim,0,1,3531.9083,3532.8741,NaN,0.965999999999894,999.999999796273,3,-0.3636,-1,1,2,2,2,2.07039337474143,0.301629413970887,27.4286568224026,18.0000000036671,-0.3443196180577,0.0574635970410625,170.525212485902,0.349081744530272,10.638251044142,5.33114293306835,14.627553442413,5.33121294914887
1078,1,Stim,1,1,3535.34276666667,3536.31613333333,-0.0542000000004919,0.97400000000016,999.999999796273,1,0.1818,1,0,4,14,3,3.08008213552311,0.190813729036301,20.4902478455627,48.6666666765814,-0.415633124165826,-0.042275815969215,185.807823973121,0.417777618500211,1.32978133641215,5.33120285513036,5.31912227608688,3.46944695124679e-15
1079,1,NonStim,0,1,3538.53423333333,3539.5093,NaN,0.975000000000364,999.999999796273,2,-0.3636,-1,0,15,1,1,1.02564102564064,0.162589902215866,17.7481520852475,48.0000000097789,-0.00419225475662096,0.999991212461417,90.240199207785,1,13.2978097579437,2.77555756099744e-14,13.2978042734485,5.33122378588431
1080,1,Stim,1,1,3541.93563333333,3542.91866666667,-0.0520333333333838,0.983000000000175,999.999999796273,1,0.6363,1,1,7,2,2,2.03458799593046,0.118241539644032,15.9668420291424,32.5000000066211,-0.534157136318025,0.302196136997942,150.501253772118,0.613715203898316,2.65955132036513,1.33280263893966,3.9893363289,14.5973510992556
1081,1,NonStim,0,1,3545.36883333333,3546.34423333333,NaN,0.976000000000113,999.999999796273,4,0.6363,1,0,10,4,4,4.09836065573723,0.391010479651016,43.4491355726241,54.2500000110522,-0.0867955422365682,-0.0261632093109272,196.774642089375,0.090653073161296,5.31912490864532,2.77555756099744e-14,3.98932367504557,5.33104649174112
1082,1,Stim,1,1,3548.7024,3549.67223333333,-0.065133333333506,0.970000000000255,999.999999796273,2,-0.1818,-1,1,0,12,0,0,NaN,NaN,NaN,NaN,NaN,NaN,NaN,13.2978133386558,5.33121948722238,10.6382460200182,1.20185167874488e-14
1088,1,Stim,1,1,3574.06503333333,3575.06453333333,-0.0623000000000502,0.999000000000251,999.999999796273,1,0.0909,1,1,1,14,1,1.00100100100075,0.213059697226437,14.3397717872697,25.0000000050932,-0.863279814138983,0.50472563091264,149.686859173196,1,2.65956242206287,11.1370897257571,1.32978140329208,1.33280610052301
1089,1,NonStim,0,1,3577.6656,3578.6406,NaN,0.974999999999909,999.999999796273,3,0.6363,1,1,5,2,1,1.02564102564112,0.352899274240267,26.9195456221974,33.000000006723,-0.997018319927688,-0.0771652106105516,184.425640382774,1,7.978642988736,1.33280491696767,6.64882902788981,1.33280613369232
1091,1,Stim,1,1,3585.63373333333,3586.6003,-0.0535000000004402,0.967000000000098,999.999999796273,1,-1,-1,1,5,9,3,3.10237849017549,0.149814034975787,23.6391755835929,27.3333333389019,-0.467946839649841,-0.409940094571733,221.219652713262,0.622113434894116,3.98934354691409,5.33114157807394,3.87852900612332,1.33280119347204
1092,1,Stim,1,1,3589.0004,3589.9737,-0.0554000000001906,0.972999999999956,999.999999796273,4,0.0909,1,1,3,8,3,3.08324768756437,0.258224695994103,22.3301239731471,18.6666666704696,-0.130825870873566,0.245048862667237,118.096718341386,0.277784725253808,15.261187189275,5.33121932039004,15.6500286391272,1.33280370507627
1097,1,NonStim,0,1,3601.16003333333,3602.12813333333,NaN,0.968000000000302,999.999999796273,4,1,1,1,6,7,3,3.09917355371804,0.169047549668768,21.0371756481107,27.6666666723031,0.104834571872738,-0.482666430363836,282.254241621779,0.493920206571778,2.65956120958577,1.33280598557055,1.32978142204928,5.33120957445405
1099,1,NonStim,0,1,3608.04406666667,3609.01883333333,NaN,0.97400000000016,999.999999796273,2,-1,-1,0,1,1,1,1.02669404517437,0.376356108531917,34.3831031706297,34.0000000069267,-0.999923182436565,0.0123947257304109,179.289816342473,1,18.6168458576232,3.998416758797,9.99538737945761,5.33122506948648
1138,1,Stim,1,1,3773.96146666667,3774.93026666667,-0.0494333333331269,0.969000000000051,999.999999796273,1,-0.3636,-1,0,14,0,0,0,NaN,NaN,NaN,NaN,NaN,NaN,NaN,2.77555756099744e-14,1.38777878049872e-14,15.8674228809148,11.5281053428287
