TrialIndex,TrialType,IsStim,Condition,SignedCoherence,ElectricalStimOnRelVisualS,EventNumberInTrial,OnsetRelVisualStimS,OffsetRelVisualStimS,OnsetRelElectricalStimS,DurationMs,LeftAmplitudeDeg,RightAmplitudeDeg,MeanAmplitudeDeg,LeftPeakVelocityDegS,RightPeakVelocityDegS,PeakVelocityDegS,MeanDXDeg,MeanDYDeg,DirectionDeg,InterocularOnsetLagMs,InterocularDirectionDiffDeg
3,NonStim,0,4,-1,NaN,1,0.0231666666666648,0.0651666666666664,NaN,42.9999999999762,0,0.0319147528042777,0.0159573764021388,5.7103414267426,5.55334539040317,5.7103414267426,0.0159573764021388,0,0,-28.9999999999839,0
3,NonStim,0,4,-1,NaN,2,0.149166666666666,0.163166666666665,NaN,14.9999999999917,0.0106382513439326,0.00399841362067639,0.00731833248230449,6.5895656368741,1.55493850531634,6.5895656368741,0.00531912567196629,0.0019992068103382,20.5988571363833,0.999999999999446,90
3,NonStim,0,4,-1,NaN,3,0.351166666666666,0.383166666666666,NaN,32.9999999999817,0.120053523402959,0.159016319859837,0.139534921631398,17.4156318039168,16.3462747721592,17.4156318039168,-0.0950792922342034,-0.0999602225286552,226.43354718787,-9.99999999999446,17.4218588831843
3,NonStim,0,4,-1,NaN,4,0.800166666666666,0.836166666666665,NaN,36.9999999999795,0.275050735760886,0.180894200925123,0.227972468343005,22.9111284003079,16.7164158396793,22.9111284003079,-0.0691485912158204,-0.216579256316003,252.29295739932,-12.9999999999928,8.65574142464027
5,Stim,1,4,-1,-0.061166666666665,1,0.4361,0.473100000000002,0.497266666666665,38.0000000000464,0.361043042124427,0.367496246156982,0.364269644140704,33.4329409615167,38.1408808418258,38.1408808418258,-0.0605049963982833,-0.357856646815381,260.40341275428,4.00000000000489,9.81057404705444
6,Stim,1,1,0.1818,-0.0548333333333311,1,0.1632,0.1782,0.218033333333331,16.0000000000196,0.015993674502078,0.0199911980082342,0.0179924362551561,6.58896834519499,5.89039947350848,6.58896834519499,0.00997335984103857,0.00866324023142369,40.9788246014298,-3.00000000000367,86.1772755705034
6,Stim,1,1,0.1818,-0.0548333333333311,2,0.757200000000001,0.778200000000002,0.812033333333332,22.0000000000269,0,0.0305849034067298,0.0152924517033649,5.55335079058243,7.24295244000282,7.24295244000282,-0.0152924517033649,0,180,6.00000000000733,180
10,Stim,1,4,-0.3636,-0.0485333333333315,1,0.3264,0.385400000000004,0.374933333333331,59.9999999998602,0.152492040423165,0.244563793125957,0.198527916774561,13.0318044625031,22.0896608130368,22.0896608130368,-0.132977978055848,0.139944439552314,133.537818215452,31.9999999999254,27.7573081465358
13,Stim,1,3,0.1818,-0.0549999999999926,1,0.546066666666675,0.566066666666671,0.601066666666668,20.9999999999511,0.247478934799951,0.243388666773066,0.245433800786509,20.7049657433037,23.7011279466407,23.7011279466407,-0.0265956264177519,-0.243902892681164,263.776947893354,4.99999999998835,3.01913804427301
15,NonStim,0,2,-0.3636,NaN,1,0.452766666666669,0.47676666666667,NaN,24.9999999999417,0.293566016103863,0.282895375854995,0.288230695979429,27.4321018673416,25.4884219957627,27.4321018673416,-0.279918223580915,0.0686395140907694,166.222201090916,0.999999999997669,1.33902953075494
17,Stim,1,3,-0.0909,-0.0587666666666635,1,0.0465000000000018,0.0615000000000023,0.105266666666665,15.9999999999627,0.116652721850993,0.156366709373957,0.136509715612475,13.7871461325097,15.3756330037906,15.3756330037906,0.0937494075621359,-0.0966281521063863,314.133682859363,1.99999999999534,19.2314374070231
19,NonStim,0,1,-0.3636,NaN,1,0.506233333333334,0.539233333333335,NaN,33.9999999999208,0.214505898596561,0.223416249339389,0.218961073967975,18.530820578909,19.5679026051656,19.5679026051656,-0.0964090993786671,0.196588231504447,116.123856190426,-5.99999999998602,0.794669790850946
19,NonStim,0,1,-0.3636,NaN,2,0.674233333333333,0.697233333333337,NaN,23.9999999999441,0.360451870882436,0.405330157065287,0.382891013973862,33.7786591584694,37.2881917085207,37.2881917085207,-0.0518614130559694,-0.379181643847176,262.211867639903,-5.99999999998602,3.51216524719052
23,NonStim,0,3,0.4545,NaN,1,0.493599999999986,0.511599999999987,NaN,19.0000000000907,0.20526637360097,0.229559796237129,0.21741308491905,17.4815735666852,19.4797967321585,19.4797967321585,-0.184839325468308,0.10729075852267,149.866798658419,4.0000000000191,21.1803848369609
25,Stim,1,1,-0.6363,-0.0482000000000227,1,0.142866666666649,0.17886666666665,0.191066666666671,37.0000000001767,0,0.00133280585948509,0.000666402929742545,5.55335879282044,5.71035076568168,5.71035076568168,0,-0.000666402929742545,270,6.00000000002865,90
25,Stim,1,1,-0.6363,-0.0482000000000227,2,0.203866666666656,0.235866666666652,0.252066666666678,33.0000000001576,0.0470683500010854,0.0305849259276898,0.0388266379643876,6.47238515206448,3.32444727822544,6.47238515206448,0.0319147149113793,0.0166600760247022,27.5653981563367,13.0000000000621,45.0651144070963
25,Stim,1,1,-0.6363,-0.0482000000000227,3,0.247866666666653,0.265866666666653,0.296066666666675,19.0000000000907,0.00893667939466222,0.0332444829490795,0.0210905811718709,6.06492324990163,5.54074750048439,6.06492324990163,0.0186169111123543,0.00399841877330602,12.1214743454852,7.00000000003342,63.4870147169052
25,Stim,1,1,-0.6363,-0.0482000000000227,4,0.268866666666653,0.29786666666665,0.317066666666676,30.0000000001432,0.0319873462360752,0.00664889255347419,0.0193181193947747,4.22055287191862,2.65955746082583,4.22055287191862,0.00332444627673709,-0.0159936731180376,281.742299341976,15.0000000000716,90
25,Stim,1,1,-0.6363,-0.0482000000000227,5,0.326866666666646,0.342866666666652,0.375066666666669,17.0000000000812,0,0.0339770562515479,0.016988528125774,5.9792789862301,5.62367398246948,5.9792789862301,-0.00332444627673709,-0.0166600763753742,258.715099127285,-3.00000000001432,101.284900872715
25,Stim,1,1,-0.6363,-0.0482000000000227,6,0.358866666666657,0.380866666666648,0.40706666666668,23.0000000001098,0.0265505122242601,0.00132977851069484,0.0139401453674775,5.31911234389222,4.21096757546423,5.31911234389222,0.00465422581860418,-0.0126616593947124,290.182629755594,-4.0000000000191,72.5118107251604
25,Stim,1,1,-0.6363,-0.0482000000000227,7,0.406866666666645,0.439866666666646,0.455066666666667,34.0000000001623,0.236040200851168,0.304128557321062,0.270084379086115,18.3337965450953,20.3166987367589,20.3166987367589,-0.26063648712578,0.0653074606722255,165.933069470062,-6.00000000002865,11.7264780233025
25,Stim,1,1,-0.6363,-0.0482000000000227,8,0.633866666666648,0.656866666666645,0.682066666666671,24.0000000001146,0.110266180289461,0.139122577953711,0.124694379121586,13.0738699962015,15.6767806039767,15.6767806039767,0.053191137299498,-0.110622645051838,295.679833419175,-3.00000000001432,20.4205242516056
25,Stim,1,1,-0.6363,-0.0482000000000227,9,0.858866666666657,0.873866666666643,0.90706666666668,16.0000000000764,0.0333201520494044,0.00531912561531184,0.0193196388323581,3.10988117405554,2.65956284477149,3.10988117405554,-0.00265956280765592,-0.0166600760247022,260.930009311259,0,90
26,Stim,1,4,-0.6363,-0.0627999999999957,1,0.419533333333334,0.43353333333333,0.48233333333333,15.0000000000716,0.12833170970438,0.147941343371157,0.138136526537768,13.9078065323463,14.1173248432103,14.1173248432103,0.0166222629702129,0.135946128946186,83.0289922072642,-2.00000000000955,15.013790830893
27,Stim,1,2,1,-0.0584333333333404,1,0.462066666666658,0.482066666666654,0.520499999999998,21.0000000001003,0.138744312795501,0.206348589439987,0.172546451117744,14.03162163752,14.2107515828124,14.2107515828124,-0.0904250996769853,0.141276888914514,122.621513271005,0,27.6642202664596
27,Stim,1,2,1,-0.0584333333333404,2,0.613066666666654,0.634066666666655,0.671499999999995,22.000000000105,0.404103441535433,0.410536897386777,0.407320169461105,32.658869246851,31.4608993753204,32.658869246851,0.00465422126741304,-0.407170525406885,270.654899128501,1.00000000000477,2.81679563376417
30,NonStim,0,4,0.6363,NaN,1,0.429866666666655,0.513866666666658,NaN,85.0000000004059,0.253668846015215,0.371765338207921,0.312717092111568,22.5952957073025,27.037913812508,27.037913812508,-0.133642955192751,0.282553696020565,115.313330146943,47.0000000002244,3.63666187157656
30,NonStim,0,4,0.6363,NaN,2,0.622866666666667,0.672866666666664,NaN,51.0000000002435,0.307163108212314,0.268625180457689,0.287894144335001,32.5914981456536,27.6719917475846,32.5914981456536,0.0498667967288813,-0.283220356098378,279.985756455675,4.0000000000191,5.39225857579083
30,NonStim,0,4,0.6363,NaN,3,0.789866666666668,0.803866666666664,NaN,15.0000000000716,0.0333200629063789,0.0426115925502618,0.0379658277283203,5.553344272297,5.68242306662063,5.68242306662063,0.0166222669551106,0.0299880919343855,61.0005902337515,-2.00000000000955,51.2766755991576
30,NonStim,0,4,0.6363,NaN,4,0.92786666666666,0.966866666666661,NaN,40.000000000191,0.284605062477941,0.337208800105028,0.310906931291484,26.2019620883352,30.121102538594,30.121102538594,-0.125664284207697,-0.283885135728031,246.122996471001,-3.00000000001432,6.20185073224292
32,Stim,1,3,0.3636,-0.0636333333333425,1,0.431099999999986,0.445099999999982,0.494733333333329,15.0000000000716,0.273141688233574,0.17355789523257,0.223349791733072,28.517666276668,18.5935728509364,28.517666276668,-0.0751326184510693,-0.209916217502822,250.306839399376,1.00000000000477,6.97461654243136
32,Stim,1,3,0.3636,-0.0636333333333425,2,0.449099999999987,0.473099999999988,0.51273333333333,25.0000000001194,0.269444111567403,0.299899352331428,0.284671731949415,19.0980217219906,20.5773369544976,20.5773369544976,-0.091754823611832,0.269225917197336,108.819611830678,5.00000000002387,4.71025136564424
34,Stim,1,2,0.1818,-0.0570666666666853,1,0.714999999999989,0.73399999999998,0.772066666666674,20.0000000000955,0.135152036921037,0.0799844800906193,0.107568258505828,13.6962205879118,9.3296430901131,13.6962205879118,0.0219413321785505,-0.105291662162413,281.771193403237,6.00000000002865,1.96366427707227
38,NonStim,0,1,0.6363,NaN,1,0.338566666666665,0.376566666666662,NaN,39.0000000001862,0.174642746562644,0.23613071470643,0.205386730634537,30.1211487452649,27.3993128270009,30.1211487452649,-0.0312498649805953,0.200586847868256,98.8550521020366,-3.00000000001432,17.6632800845107
38,NonStim,0,1,0.6363,NaN,2,0.475566666666666,0.527566666666658,NaN,53.0000000002531,0.359425242778259,0.356556981935255,0.357991112356757,31.7892375765684,22.3114535591009,31.7892375765684,-0.2014615497917,-0.295881557706246,235.749607330257,13.0000000000621,1.60004242313113
38,NonStim,0,1,0.6363,NaN,3,0.665566666666663,0.720566666666656,NaN,56.0000000002674,0.0561639717256261,0.103437898387123,0.0798009350563745,12.439523870608,13.2381503724291,13.2381503724291,0.00930845210141311,0.0666402693012467,82.0482551309702,8.0000000000382,68.5098836102766
39,NonStim,0,3,-0.1818,NaN,1,0.479699999999994,0.495699999999999,NaN,17.0000000000812,0.117294439043697,0.136453557927804,0.126873998485751,10.6253627547691,9.77390942536952,10.6253627547691,-0.0139626998566201,0.125283730712555,96.3592934790107,-4.0000000000191,13.0297140516973
40,Stim,1,3,0.6363,-0.06013333333334,1,0.44393333333332,0.489933333333312,0.50406666666666,47.0000000002244,0.610533837860386,0.316452553203763,0.463493195532075,32.0971933080362,21.4636811079126,32.0971933080362,-0.111036687840716,-0.449151022859249,256.114058927416,1.00000000000477,7.1924973271521
40,Stim,1,3,0.6363,-0.06013333333334,2,0.613933333333335,0.647933333333327,0.674066666666675,35.0000000001671,0.208261313886522,0.202452099481111,0.205356706683817,28.7467722795462,28.1044026662658,28.7467722795462,-0.00997335951694314,0.203918943455468,92.8000166279814,-2.00000000000955,12.3643960929239
40,Stim,1,3,0.6363,-0.06013333333334,3,0.647933333333327,0.669933333333319,0.708066666666667,23.0000000001098,0,0.00797868840767217,0.00398934420383608,5.5533575377375,7.2429548450838,7.2429548450838,0.00398934420383608,0,0,9.00000000004297,0
42,NonStim,0,3,-0.0909,NaN,1,0.259633333333312,0.276633333333336,NaN,18.0000000000859,0.191079508940224,0.211039241245144,0.201059375092684,17.0841275240702,15.6945635520538,17.0841275240702,-0.0611698452511481,0.189924718702794,107.852408626677,-2.00000000000955,14.1496516958253
43,Stim,1,2,0.0909,-0.0546333333333564,1,0.562166666666656,0.595166666666643,0.616800000000012,34.0000000001623,0.0333464183522237,0.171362534932413,0.102354476642318,7.84470743592869,17.5387547709928,17.5387547709928,-0.0545210132265649,0.0832992568392868,123.20554141736,18.0000000000859,36.6587893086877
44,NonStim,0,1,-0.1818,NaN,1,0.376433333333324,0.420433333333335,NaN,45.0000000002149,0.225203659231542,0.254756317336507,0.239979988284025,19.9548699612669,22.478395056177,22.478395056177,-0.130318438165152,0.199920491297463,123.098372781873,-11.0000000000525,12.1189082956477
44,NonStim,0,1,-0.1818,NaN,2,0.527433333333335,0.560433333333322,NaN,34.0000000001623,0.384786058186869,0.304561353844756,0.344673706015812,36.9747578717832,28.9361187018178,36.9747578717832,0.0977388006717725,-0.329868600049322,286.504354390035,2.00000000000955,6.97617261247575
45,NonStim,0,2,-0.4545,NaN,1,0.462200000000024,0.477200000000011,NaN,16.0000000000764,0.0927375590169402,0.0999957590128636,0.0963666590149019,9.91713098392176,10.113767804852,10.113767804852,0.00465422869438948,0.0959612250810716,87.2232653762388,1.00000000000477,8.93890454735049
45,NonStim,0,2,-0.4545,NaN,2,0.59820000000002,0.627200000000016,NaN,30.0000000001432,0.44376447440022,0.282190326955345,0.362977400677783,32.8689484158961,22.7650112943813,32.8689484158961,-0.110371773126351,-0.344528897048503,252.236846695428,4.0000000000191,9.56522492583076
46,NonStim,0,4,-0.3636,NaN,1,0.0766999999999882,0.108699999999999,NaN,33.0000000001576,0.0952850329461508,0.0776275807895523,0.0864563068678516,11.1079018786125,10.7394063353337,11.1079018786125,-0.0246009479006201,0.0826336151502681,106.578854876478,7.00000000003342,8.55730473611214
46,NonStim,0,4,-0.3636,NaN,2,0.207699999999988,0.222699999999975,NaN,16.0000000000764,0,0.00664890711135236,0.00332445355567618,4.66481479467418,2.65956280172926,4.66481479467418,0.00332445355567618,0,0,-4.0000000000191,0
46,NonStim,0,4,-0.3636,NaN,3,0.375699999999995,0.412699999999973,NaN,38.0000000001814,0.166358744423856,0.184537785785879,0.175448265104867,14.7802287691724,13.2279276319916,14.7802287691724,-0.132978015197969,0.113954883411775,139.40523159857,-2.00000000000955,6.96349201443854
46,NonStim,0,4,-0.3636,NaN,4,0.647699999999986,0.680699999999973,NaN,34.0000000001623,0.433159657265591,0.258649449417748,0.345904553341669,31.3216375898268,17.1272986325706,31.3216375898268,-0.0039893428038336,-0.345860796106696,269.339149240884,3.00000000001432,1.29712536031599
46,NonStim,0,4,-0.3636,NaN,5,0.817699999999974,0.833699999999993,NaN,17.0000000000812,0.202664623617975,0.152532967468024,0.177598795543,22.6804020904893,16.0981030151967,22.6804020904893,-0.0498667994508672,0.168599155823041,106.476707490334,-2.00000000000955,16.4012452893136
47,Stim,1,4,1,-0.0542333333333147,1,0.25090000000003,0.272900000000021,0.305133333333345,23.0000000001098,0.0369441415501912,0.00133280596124234,0.0191384737557168,4.44268626570468,2.80406248796885,4.44268626570468,0.00797868452118914,-0.0159936688088844,296.513011400916,9.00000000004297,154.409746867888
47,Stim,1,4,1,-0.0542333333333147,2,0.518900000000031,0.547900000000027,0.573133333333345,30.0000000001432,0.331929238735335,0.279620124833661,0.305774681784498,28.5566030407052,28.8954484232096,28.8954484232096,-0.0831110940839422,0.293215527875947,105.825228273119,-3.00000000001432,9.34092837498667
47,Stim,1,4,1,-0.0542333333333147,3,0.666900000000027,0.712900000000019,0.721133333333341,47.0000000002244,0.28781448665398,0.038122918096869,0.162968702375425,19.2315879683293,9.11012280761826,19.2315879683293,0.0359040552600179,-0.15193918292057,283.29541223629,-16.0000000000764,52.9957284065341
49,Stim,1,3,-0.6363,-0.0613666666666859,1,0.272066666666632,0.292066666666642,0.333433333333318,21.0000000001003,0.531471699786681,0.367583915371742,0.449527807579212,47.5426351516255,32.3804458729494,47.5426351516255,-0.0718081770239599,-0.443153001745689,260.795835875787,3.00000000001432,5.99522861569619
49,Stim,1,3,-0.6363,-0.0613666666666859,2,0.453066666666643,0.475066666666635,0.514433333333329,23.0000000001098,0.284499967435561,0.291063501816483,0.287781734626022,21.7699774440007,20.9295829722023,21.7699774440007,0.00797868833171942,0.286550308753902,88.4050720966084,0,10.1154624055004
50,NonStim,0,2,-0.6363,NaN,1,0.372599999999977,0.398599999999988,NaN,27.0000000001289,0.168607620850182,0.343951834271432,0.256279727560807,15.5509218111052,21.7366651632373,21.7366651632373,-0.0910899706917671,0.239237565670334,110.844387287633,2.00000000000955,5.77770394010784
50,NonStim,0,2,-0.6363,NaN,2,0.519599999999969,0.537599999999969,NaN,19.0000000000907,0.492428661462997,0.364985365673289,0.428707013568143,42.7259712720032,28.6581155835114,42.7259712720032,-0.0624996364877391,-0.423163385082991,261.598369569723,1.00000000000477,7.72829518131897
51,Stim,1,2,0.6363,-0.0678666666666459,1,0.43136666666669,0.468366666666668,0.499233333333336,38.0000000001814,0.16369951152144,0.226649541344502,0.195174526432971,16.4943690193599,23.5294761567724,23.5294761567724,-0.0904250739143314,0.0619749335798806,145.574300486815,-7.00000000003342,113.928492350213
51,Stim,1,2,0.6363,-0.0678666666666459,2,0.585366666666687,0.610366666666664,0.653233333333333,26.0000000001241,0.259996473868857,0.209722869205484,0.234859671537171,26.1940304744874,22.3462793409147,26.1940304744874,0.130983280889391,-0.193256557518799,304.12819781396,3.00000000001432,12.5783303831377
53,NonStim,0,4,-0.4545,NaN,1,0.563366666666639,0.600366666666645,NaN,38.0000000001814,0.219419577802065,0.241712943913339,0.230566260857702,26.4112854877633,21.1741469290833,26.4112854877633,-0.109041937405791,-0.202586300838321,241.708671531709,0,7.54258216887922
56,Stim,1,1,0.4545,-0.0572666666666635,1,0.154433333333344,0.180433333333326,0.211700000000008,27.0000000001289,3.46944695195361e-18,0.0349384943258573,0.0174692471629287,5.55335610790142,6.14861413301368,6.14861413301368,-0.0132978138188229,-0.0113288456640301,220.428771058052,12.0000000000573,130.428771058052
56,Stim,1,1,0.4545,-0.0572666666666635,2,0.198433333333327,0.241433333333333,0.25569999999999,44.0000000002101,0.0321811407773635,0.0334841217544712,0.0328326312659173,5.66284048897717,6.15735658307924,6.15735658307924,0.0026595635647834,0.00599762661374573,66.0857779545761,9.00000000004297,157.057200877479
56,Stim,1,1,0.4545,-0.0572666666666635,3,0.321433333333317,0.353433333333328,0.378699999999981,33.0000000001576,0.00132978145857617,0.00133280504545077,0.00133129325201347,6.15735607984903,3.76771349514507,6.15735607984903,-0.000664890729288085,-0.000666402522725384,225.065064061647,15.0000000000716,90
56,Stim,1,1,0.4545,-0.0572666666666635,4,0.351433333333318,0.40143333333333,0.408699999999982,51.0000000002435,0.0342620910674954,0.102694578228322,0.0684783346479086,22.4784102188667,18.005160719468,22.4784102188667,-0.0159573760543457,-0.0639746790121186,255.994353242911,4.0000000000191,36.3253659139355
56,Stim,1,1,0.4545,-0.0572666666666635,5,0.497433333333333,0.528433333333339,0.554699999999997,32.0000000001528,0.0228960156423547,0.0293217370042073,0.026108876323281,3.9893440483003,6.71084705555786,6.71084705555786,0.00930846938046732,0.00799683962561761,40.6656400639534,-8.0000000000382,125.599264823453
56,Stim,1,1,0.4545,-0.0572666666666635,6,0.521433333333334,0.578433333333322,0.578699999999998,58.0000000002769,0.146647367937054,0.105343659520857,0.125995513728956,26.0661038030393,17.9083967061718,26.0661038030393,0.0472072108964525,-0.116620471911261,292.037783167304,11.0000000000525,6.25710293817752
56,Stim,1,1,0.4545,-0.0572666666666635,7,0.610433333333333,0.64543333333333,0.667699999999996,36.0000000001719,1.96261557335472e-17,0.0186592467487955,0.00932962337439778,5.55333540956025,4.66481122236518,5.55333540956025,6.93889390390723e-18,-0.00932962337439777,270,3.00000000001432,45
56,Stim,1,1,0.4545,-0.0572666666666635,8,0.686433333333326,0.734433333333328,0.74369999999999,49.000000000234,0.240103985718484,0.137088897365385,0.188596441541935,22.6488704991843,15.5156926287932,22.6488704991843,-0.149600256458938,-0.103291421783632,214.623119393397,-9.00000000004297,32.1211355562305
56,Stim,1,1,0.4545,-0.0572666666666635,9,0.767433333333344,0.799433333333326,0.824700000000007,33.0000000001576,0.0434742585176284,0.00852229525988426,0.0259982768887563,6.35379350136766,5.54073786438103,6.35379350136766,-0.0172870909506591,0.013994147427994,141.009334915214,0,88.756714485924
56,Stim,1,1,0.4545,-0.0572666666666635,10,0.943433333333331,0.962433333333337,1.00069999999999,20.0000000000955,2.77555756156289e-17,0.0099042339816333,0.00495211699081666,2.66556943318847,5.71033827952976,5.71033827952976,0.00166222316689735,0.00466481262583663,70.387377123333,-8.0000000000382,19.612622876667
57,Stim,1,1,-0.1818,-0.0553333333333512,1,0.0893666666666491,0.114366666666655,0.1447,26.0000000001241,0.103806785339354,0.0415664064993987,0.0726865959193762,8.66300794818953,8.00278705123732,8.66300794818953,-0.0598400928374062,0.0366521324697317,148.512477992977,-9.00000000004297,33.5358174989033
57,Stim,1,1,-0.1818,-0.0553333333333512,2,0.454366666666658,0.471366666666654,0.509700000000009,18.0000000000859,0.159900628512536,0.175444491079006,0.167672559795771,19.7411361109584,22.0597852686434,22.0597852686434,-0.0631645815419734,0.155271484225986,112.136536640076,4.0000000000191,2.65783956905597
57,Stim,1,1,-0.1818,-0.0553333333333512,3,0.472366666666659,0.48636666666664,0.52770000000001,15.0000000000716,0.0839009582570417,0.102817255104635,0.0933591066808385,8.9366448712141,9.43312530933642,9.43312530933642,0.0312498416062187,-0.0879648094791372,289.557780528413,-1.00000000000477,1.54226262604578
57,Stim,1,1,-0.1818,-0.0553333333333512,4,0.594366666666645,0.609366666666659,0.649699999999996,16.0000000000764,0.182737211581083,0.168074073266517,0.1754056424238,15.8971733373533,16.4752484987601,16.4752484987601,-0.0312498602683039,-0.172598262243849,259.737460715961,0,0.426519007995864
58,Stim,1,4,-0.0909,-0.0511666666666599,1,0.016933333333327,0.0399333333333232,0.0680999999999869,24.0000000001146,0.166813808435387,0.147566595865409,0.157190202150398,10.6105281966991,9.7210699880496,10.6105281966991,0.142951262704965,-0.0653074815639438,335.446643867857,4.0000000000191,2.1455966512417
58,Stim,1,4,-0.0909,-0.0511666666666599,2,0.35093333333333,0.382933333333341,0.40209999999999,33.0000000001576,0.166756014209129,0.150541143234555,0.158648578721842,19.2377479462322,26.3121551149377,26.3121551149377,-0.150930081448043,0.0393177793902756,165.398777834103,2.00000000000955,21.1258402100736
58,Stim,1,4,-0.0909,-0.0511666666666599,3,0.609933333333316,0.638933333333341,0.661099999999976,30.0000000001432,0.133718507449823,0.0926241733490437,0.113171340399433,14.826988066477,16.2309916434309,16.2309916434309,-0.0930845749171564,-0.0333201936707553,199.695139056269,-8.0000000000382,59.3180465663402
59,NonStim,0,2,0.1818,NaN,1,0.296500000000009,0.323499999999996,NaN,28.0000000001337,0.149138093201605,0.135799448979864,0.142468771090734,16.0401017192076,16.9703687661281,16.9703687661281,-0.139626932383405,0.0273225019919098,168.928141801279,3.00000000001432,5.98252889221681
59,NonStim,0,2,0.1818,NaN,2,0.618500000000012,0.664500000000004,NaN,47.0000000002244,0.099593852690517,0.120053364451809,0.109823608571163,12.6615945068003,9.54048147217949,12.6615945068003,-0.0226062567014948,0.0986273688951265,102.909699956532,-24.0000000001146,45.9654012420481
60,NonStim,0,4,-0.0909,NaN,1,0.293899999999979,0.310900000000004,NaN,18.0000000000859,0.147753126964304,0.0913625064667251,0.119557816715514,11.9267830855658,13.0738799614511,13.0738799614511,-0.0644941741256048,0.0992940281625055,123.004820721592,1.00000000000477,16.4197336138324
60,NonStim,0,4,-0.0909,NaN,2,0.447900000000004,0.483900000000006,NaN,37.0000000001767,0.197707477504015,0.0876582676590455,0.14268287258153,28.3084717045707,27.0593711859097,28.3084717045707,0.0465422846860293,0.134613025623899,70.9272376113672,-12.0000000000573,7.36804686775002
60,NonStim,0,4,-0.0909,NaN,3,0.57589999999999,0.612899999999996,NaN,38.0000000001814,0.543889984452784,0.320188198116265,0.432039091284525,61.6815424395122,44.9215160714583,61.6815424395122,-0.0871005804286436,-0.423163168153042,258.369126033805,4.0000000000191,0.562650073873044
60,NonStim,0,4,-0.0909,NaN,4,0.749899999999997,0.765899999999988,NaN,17.0000000000812,0.217244398447031,0.164659664404776,0.190952031425903,22.6574214728485,18.262791846242,22.6574214728485,-0.0166222371624233,0.189256574660977,95.0193575968639,-2.00000000000955,11.6479770764432
60,NonStim,0,4,-0.0909,NaN,5,0.767899999999997,0.793899999999979,NaN,27.0000000001289,0.0530022969470523,0.0452205245203323,0.0491114107336923,7.39010610143002,7.82508042373308,7.82508042373308,0.0418880591299483,0.0233240883157541,29.1099133912092,0,25.1160123953183
61,NonStim,0,3,0.3636,NaN,1,0.533566666666673,0.554566666666659,NaN,22.000000000105,0.168521495022115,0.21011409385316,0.189317794437637,15.8622109772776,19.4416346254233,19.4416346254233,-0.131647796101513,0.135945709461309,134.07983146303,-1.00000000000477,3.27131900383796
61,NonStim,0,3,0.3636,NaN,2,0.68356666666665,0.70156666666665,NaN,19.0000000000907,0.309129358188287,0.289367531619082,0.299248444903684,25.5463865428225,24.8799854380828,25.5463865428225,0.0345742028683494,-0.297214655082739,276.635245788134,-1.00000000000477,1.61220715344263
62,Stim,1,2,-0.3636,-0.055800000000005,1,0.329166666666652,0.344166666666666,0.384966666666656,16.0000000000764,0.256662603888017,0.140007883922541,0.198335243905279,22.4077318565271,15.2752499212236,22.4077318565271,-0.0644943334002314,-0.186592333305127,250.932649723768,2.00000000000955,11.4992057241826
62,Stim,1,2,-0.3636,-0.055800000000005,2,0.348166666666657,0.363166666666672,0.403966666666662,16.0000000000764,0.190270603430858,0.155722250216143,0.172996426823501,14.6608243283652,13.1227812422656,14.6608243283652,0.027925364070217,0.170598661597152,80.70367581273,0,4.41870594119951
65,NonStim,0,4,1,NaN,1,0.119866666666638,0.160866666666635,NaN,42.0000000002005,0.274096103258525,0.272141365750234,0.273118734504379,33.7642226896428,31.5465948025341,33.7642226896428,-0.0651592827547364,0.265227300021786,103.802691194261,3.00000000001432,0.675280313645317
65,NonStim,0,4,1,NaN,2,0.376866666666643,0.40586666666664,NaN,30.0000000001432,0.266560000343224,0.165453486897487,0.216006743620355,19.4067602488268,18.9021900575525,19.4067602488268,-0.0152924844030734,-0.2145810087903,265.923609727837,2.00000000000955,10.6527014244314
65,NonStim,0,4,1,NaN,3,0.783866666666626,0.817866666666646,NaN,35.0000000001671,0.100392911144048,0.0387703865361891,0.0695816488401187,31.1899781568073,19.0677506903499,31.1899781568073,-0.0146275927665437,-0.0479810095261245,253.045521459207,7.00000000003342,101.239608966409
66,Stim,1,2,0.4545,-0.061333333333323,1,0.0824666666666758,0.0964666666666574,0.143799999999999,15.0000000000716,0.214617955319753,0.226648880759469,0.220633418039611,21.6031990590538,21.9134694115751,21.9134694115751,-0.0265956138841668,0.217912417327891,96.9583795937525,1.00000000000477,11.4727479421439
66,Stim,1,2,0.4545,-0.061333333333323,2,0.694466666666671,0.711466666666666,0.755799999999994,18.0000000000859,0.288718491244355,0.351506385123609,0.320112438183982,30.2733358208553,30.4792250164681,30.4792250164681,-0.121009814921866,0.295214588181055,112.288949135536,-4.0000000000191,9.36934675312153
67,NonStim,0,4,-0.6363,NaN,1,0.0442999999999927,0.087299999999999,NaN,44.0000000002101,0,0.0313673216674168,0.0156836608337084,5.55335762460638,5.55335905293324,5.55335905293324,-0.00332445225486524,-0.0153272709362078,257.762225528039,-30.0000000001432,102.237774471961
67,NonStim,0,4,-0.6363,NaN,2,0.310299999999984,0.34529999999998,NaN,36.0000000001719,0.0106382513653655,0.0333200853468411,0.0219791683561033,5.1645343039685,5.54075541945199,5.54075541945199,0.00531912568268276,0.0166600426734205,72.2930466834569,-2.00000000000955,90
67,NonStim,0,4,-0.6363,NaN,3,0.350299999999976,0.394299999999987,NaN,45.0000000002149,0.458575412913609,0.467660250484891,0.46311783169925,43.3159648838252,41.7986862197484,43.3159648838252,-0.0212765010937455,-0.462479028212418,267.365945928096,-7.00000000003342,2.91331147215459
67,NonStim,0,4,-0.6363,NaN,4,0.4923,0.521299999999997,NaN,30.0000000001432,0.333412140165569,0.339765757087778,0.336588948626674,30.3266841883615,28.6766597212186,30.3266841883615,-0.0392285373385325,0.33319693752214,96.7147380899599,-3.00000000001432,9.22797375406267
67,NonStim,0,4,-0.6363,NaN,5,0.688299999999998,0.731299999999976,NaN,44.0000000002101,0.0708086513956392,0.077668615390298,0.0742386333929686,18.2133954908488,19.5621570425341,19.5621570425341,-0.0319147501143603,-0.0666402937383855,244.409740658724,-3.00000000001432,11.1489358431974
67,NonStim,0,4,-0.6363,NaN,6,0.871299999999991,0.927299999999974,NaN,57.0000000002722,0.00132978117653746,0.0452290997931812,0.0232794404848593,5.55335946997656,5.8295307220937,5.8295307220937,0.0159573752723307,0.0166600654024261,46.2341542138779,12.0000000000573,47.4507843417028
68,NonStim,0,1,0.3636,NaN,1,0.0333333333333314,0.061333333333323,NaN,29.0000000001385,0.167533649879993,0.0932021671577877,0.13036790851889,13.9078088599316,12.2136750182487,13.9078088599316,0.0824464075234345,0.100626744730278,50.6712440286149,2.00000000000955,7.82191210431222
68,NonStim,0,1,0.3636,NaN,2,0.352333333333348,0.385333333333335,NaN,34.0000000001623,0.0626556877636619,0.135363995687275,0.0990098417254687,20.7541222178171,25.1821207760223,25.1821207760223,-0.0246009193952049,0.0946289171690043,104.572742152615,-4.0000000000191,19.4948792913753
68,NonStim,0,1,0.3636,NaN,3,0.492333333333335,0.531333333333322,NaN,40.000000000191,0.256627764585737,0.211307588316086,0.233967676450911,46.712706475057,29.9011331965037,46.712706475057,-0.17353632441938,-0.149939663630556,220.82782449938,2.00000000000955,22.9388515697468
68,NonStim,0,1,0.3636,NaN,4,0.679333333333346,0.705333333333328,NaN,27.0000000001289,0.09226876150639,0.134344877562513,0.113306819534452,13.5520054577343,15.6768100292334,15.6768100292334,-0.0458772899229295,-0.0979611822944543,244.905315093122,0,35.2640260641909
68,NonStim,0,1,0.3636,NaN,5,0.897333333333336,0.911333333333346,NaN,15.0000000000716,0.141205016997475,0.115896589422897,0.128550803210186,14.7480827725536,14.5523178647595,14.7480827725536,0.0977388758884877,-0.0826339290182739,319.786947114151,0,10.7670195194975
69,NonStim,0,3,-1,NaN,1,0.425633333333337,0.461633333333339,NaN,37.0000000001767,0.307452083337336,0.393361180570795,0.350406631954066,24.7905685892931,25.8896767672982,25.8896767672982,0.0797865557233502,-0.341194655425111,283.161804526455,4.0000000000191,0.745626191125325
69,NonStim,0,3,-1,NaN,2,0.529633333333351,0.563633333333343,NaN,35.0000000001671,0.306596773644917,0.335041655088717,0.320819214366817,31.6850415742359,33.2687523642518,33.2687523642518,-0.0877652599305722,0.30787598823284,105.911098100325,5.00000000002387,7.45886372506047
71,Stim,1,2,-0.4545,-0.061966666666649,1,0.831266666666664,0.84426666666667,0.893233333333313,14.0000000000668,0.159160182587412,0.140089380755396,0.149624781671404,16.5070771253488,12.4709388225242,16.5070771253488,-0.0206115654063266,-0.147940775426681,262.068431880773,2.00000000000955,6.70571553066321
72,NonStim,0,1,0.4545,NaN,1,0.355766666666653,0.391766666666655,NaN,37.0000000001767,0.502761703770785,0.408443040982609,0.455602372376697,48.5458933775307,39.1607957111439,48.5458933775307,-0.0578454809811366,-0.451816647180054,262.704187936305,4.0000000000191,2.38765736018701
72,NonStim,0,1,0.4545,NaN,2,0.500766666666664,0.528766666666655,NaN,29.0000000001385,0.366516305305263,0.371587550435117,0.36905192787019,23.3501403103945,26.3051752866285,26.3051752866285,-0.0305849689768786,0.366517222229763,94.7701413675194,4.0000000000191,9.47503443552151
72,NonStim,0,1,0.4545,NaN,3,0.714766666666662,0.743766666666659,NaN,30.0000000001432,0.199924243436139,0.23823557981247,0.219079911624304,28.9360667728688,30.2821397975357,30.2821397975357,-0.0172871579048214,0.217912223299541,94.5358225365763,8.0000000000382,7.64040472177294
72,NonStim,0,1,0.4545,NaN,4,0.888766666666669,0.932766666666652,NaN,45.0000000002149,0.243655125616753,0.144120008402791,0.193887567009772,21.1740415692023,16.6514662441489,21.1740415692023,-0.057180591698139,-0.185258021608858,252.846959866793,3.00000000001432,0.914006430585829
73,Stim,1,1,0.0909,-0.0535333333333483,1,0.27346666666665,0.334466666666657,0.326999999999998,62.000000000296,0.022606283663322,0,0.011303141831661,6.58957106838061,4.65423439563097,6.58957106838061,0.011303141831661,0,0,-45.0000000002149,0
73,Stim,1,1,0.0909,-0.0535333333333483,2,0.479466666666667,0.514466666666664,0.533000000000015,36.0000000001719,0.0825276002473079,0.151939343614571,0.117233471930939,17.8208060077975,21.4364364924311,21.4364364924311,-0.0325796401305353,0.101292946666783,107.829753398186,-10.0000000000477,52.1430409026488
73,Stim,1,1,0.0909,-0.0535333333333483,3,0.608466666666658,0.64246666666665,0.662000000000006,35.0000000001671,0.0691485579072257,0.132983296664599,0.101065927285913,17.0269990218986,19.4567041261094,19.4567041261094,-0.0844410652366429,-0.04398230239254,207.513380151473,-4.0000000000191,41.4121623955971
73,Stim,1,1,0.0909,-0.0535333333333483,4,0.729466666666667,0.748466666666673,0.783000000000015,20.0000000000955,0.138659336641406,0.0893667179956109,0.114013027318508,18.0027817313554,18.4275159522451,18.4275159522451,-0.0432177481971091,-0.105291582441707,247.683920612391,2.00000000000955,6.90042329284023
74,NonStim,0,2,0.0909,NaN,1,0.661266666666648,0.67526666666663,NaN,15.0000000000716,0.134457481533676,0.167713078766907,0.151085280150291,10.9206176937717,15.2581603540823,15.2581603540823,-0.0432178793378871,0.144609324727495,106.63927834348,-1.00000000000477,5.23999186766656
75,Stim,1,2,-1,-0.0503000000000213,1,0.560099999999977,0.606099999999969,0.610399999999998,47.0000000002244,0.302522584026315,0.125311582230565,0.21391708312844,17.5572782608999,11.8378885652675,17.5572782608999,0.0186169311496223,-0.212582023423773,275.004925271122,5.00000000002387,8.79373568201976
78,Stim,1,3,-0.3636,-0.062166666666684,1,0.412733333333307,0.435733333333303,0.474899999999991,24.0000000001146,0.443455164215801,0.357193809173079,0.40032448669444,29.9302991098045,25.2716938579713,29.9302991098045,-0.0551859104803714,-0.395175225603901,262.050102634235,2.00000000000955,9.34344511698509
78,Stim,1,3,-0.3636,-0.062166666666684,2,0.807733333333317,0.828733333333304,0.869900000000001,22.000000000105,0.283607002145668,0.355133184903999,0.319370093524834,30.2237509180635,26.8374919775916,30.2237509180635,-0.0997334381906239,0.301877652270502,108.282367844884,-7.00000000003342,10.9709950563639
79,NonStim,0,2,-1,NaN,1,0.742633333333345,0.757633333333331,NaN,16.0000000000764,0.231017794825989,0.186675419302211,0.2088466070641,23.8746258082611,18.6144879151753,23.8746258082611,0.0492018125210478,0.202585003486661,76.3488871784963,1.00000000000477,6.88299768984177
80,NonStim,0,1,-0.4545,NaN,1,0.311666666666639,0.33566666666664,NaN,25.0000000001194,0.134847118251113,0.19447152465513,0.164659321453122,15.8226653740203,19.8243637501863,19.8243637501863,-0.138962080809006,0.0806347531519378,149.874931016406,0,25.7321698901161
80,NonStim,0,1,-0.4545,NaN,2,0.465666666666635,0.485666666666646,NaN,21.0000000001003,0.145136015358469,0.0989497561836003,0.122042885771035,16.5070805999135,16.8836600379678,16.8836600379678,-0.0206115965815735,-0.119952410361367,260.249998720658,2.00000000000955,8.61660700777077
80,NonStim,0,1,-0.4545,NaN,3,0.603666666666641,0.619666666666632,NaN,17.0000000000812,0.458399535655129,0.270535157073894,0.364467346364512,47.2639654295101,30.2498992258242,47.2639654295101,-0.0432178546814097,-0.361850829693451,263.18910993807,3.00000000001432,1.85916168064972
81,Stim,1,3,-1,-0.0585333333333153,1,0.347166666666681,0.377166666666682,0.405699999999996,31.000000000148,0.0861014422440563,0.117914819850947,0.102008131047501,18.5135541287318,15.2028701440473,18.5135541287318,-0.0744677348136464,0.0686394196582906,137.332192352639,-2.00000000000955,13.9090597620012
81,Stim,1,3,-1,-0.0585333333333153,2,0.544166666666683,0.560166666666674,0.602699999999999,17.0000000000812,0.328772422430672,0.267997192873034,0.298384807651853,27.9650823490427,22.081564411619,27.9650823490427,-0.0784570572600688,-0.287885365140378,254.755465440834,1.00000000000477,0.00459241062918636
82,Stim,1,3,1,-0.0685333333333347,1,0.447200000000009,0.474200000000053,0.515733333333344,27.9999999993379,0.172010873040686,0.255468609808706,0.213739741424696,27.8785934808111,24.2622549049788,27.8785934808111,-0.039893422771729,0.20991617741981,100.760429947342,13.9999999996689,2.9129832501182
82,Stim,1,3,1,-0.0685333333333347,2,0.615200000000016,0.635199999999998,0.68373333333335,20.9999999995034,0.298215891904755,0.163499396400845,0.2308576441528,28.7467820320519,18.716004513068,28.7467820320519,-0.0452124762383089,-0.225243754082,258.650027727766,0,11.8131165594203
83,NonStim,0,3,-0.3636,NaN,1,0.348766666666677,0.361766666666711,NaN,13.9999999996689,0.282582183438121,0.273340589381622,0.277961386409871,29.0995703105435,27.5446161231661,29.0995703105435,-0.00598401155663131,-0.27788906998476,268.766393991636,0,0.863776538902698
85,Stim,1,1,-1,-0.0521666666666079,1,0.181633333333366,0.216633333333391,0.233799999999974,35.9999999991487,0.170531051486478,0.195903481028374,0.183217266257426,26.6279363312748,23.6156764372984,26.6279363312748,-0.131648165538083,-0.125283488012545,223.580966610951,13.9999999996689,14.6271202611208
85,Stim,1,1,-1,-0.0521666666666079,2,0.483633333333387,0.526633333333393,0.535799999999995,43.9999999989595,0.115697084553726,0.164623848604699,0.140160466579212,10.5352811860725,13.5970525891935,13.5970525891935,-0.131648226555332,-0.019992053627399,188.634942556234,4.99999999988177,36.9637384177016
85,Stim,1,1,-1,-0.0521666666666079,3,0.617633333333345,0.635633333333374,0.669799999999952,18.9999999995507,0.166939192418969,0.0984724453238734,0.132705818871421,18.9280987501876,13.8531041692085,18.9280987501876,0.0299200524562414,-0.125949674156501,283.363234835956,2.99999999992906,26.3232631944122
88,NonStim,0,4,0.3636,NaN,1,0.340766666666696,0.373766666666711,NaN,33.999999999196,0.539112731296282,0.4418943152525,0.490503523274391,47.7425489323659,31.3033835857429,47.7425489323659,-0.116355808922099,-0.476473825636189,256.276846167444,-1.99999999995271,1.2362383190962
88,NonStim,0,4,0.3636,NaN,2,0.529766666666717,0.5737666666667,NaN,44.9999999989359,0.283800994880675,0.281990328347473,0.282895661614074,22.6252164603797,27.917706595476,27.917706595476,-0.00864357624696253,0.280553503069201,91.7646681624981,0,14.3298461866989
88,NonStim,0,4,0.3636,NaN,3,0.778766666666684,0.811766666666699,NaN,33.999999999196,0.0732154128263732,0.0988684006364971,0.0860419067314352,8.00280477463434,10.2142485193819,10.2142485193819,-0.0797868143900497,0.0319872870619431,158.153684723172,10.9999999997399,5.0568429488392
90,Stim,1,4,0.1818,-0.0547666666666373,1,0.389766666666674,0.430766666666671,0.444533333333311,41.9999999990068,0.119948770966034,0.139571757992013,0.129760264479023,26.1036435198869,27.8245357456591,27.8245357456591,-0.114361108881963,0.0599762708343414,152.325398671213,0.999999999976353,11.2944263868443
91,Stim,1,3,-0.1818,-0.067266666666626,1,0.482033333333391,0.502033333333372,0.549300000000017,20.9999999995034,0.263428251263243,0.398696210501663,0.331062230882453,30.1079482295728,36.5704506778441,36.5704506778441,-0.179520214207352,0.275888068328589,123.052031142007,-1.99999999995271,12.5787850635922
91,Stim,1,3,-0.1818,-0.067266666666626,2,0.640033333333406,0.658033333333378,0.707300000000032,18.9999999995507,0.37374592321251,0.353422939082988,0.363584431147749,33.6345553808635,38.2335774729791,38.2335774729791,0.0531910688604954,-0.359187942938944,278.42354132116,3.99999999990541,5.88747050976957
92,NonStim,0,1,0.0909,NaN,1,0.154933333333361,0.183933333333357,NaN,29.9999999992906,0.00398934415949521,0.0434748197472262,0.0237320819533607,3.7762837960444,5.29516004043675,5.29516004043675,-0.0119680262289985,-0.0166600733477495,234.307827520928,-9.99999999976353,129.966152782085
92,NonStim,0,1,0.0909,NaN,2,0.369933333333336,0.399933333333365,NaN,30.9999999992669,0.103891953350045,0.124232052258613,0.114062002804329,15.9059418671159,12.6267571276395,15.9059418671159,-0.109042034791631,-0.0333201549905368,196.991666928776,-0.999999999976353,3.14870920364527
92,NonStim,0,1,0.0909,NaN,3,0.643933333333337,0.663933333333375,NaN,20.9999999995034,0.169884873650024,0.170149907682381,0.170017390666202,16.9884940608356,19.6775396533289,19.6775396533289,-0.0339094214373194,-0.166600239351973,258.495304149184,2.99999999992906,0.439143834511526
93,Stim,1,4,-0.4545,-0.0615333333333297,1,0.297266666666644,0.327266666666674,0.358799999999974,30.9999999992669,0.0588840879283127,0.0638965821306809,0.0613903350294968,5.72821275641099,7.38383197327171,7.38383197327171,0.0299200712055299,0.0459817459137933,56.9481663063957,5.99999999985812,53.386390349441
93,Stim,1,4,-0.4545,-0.0615333333333297,2,0.435266666666678,0.456266666666636,0.496800000000007,21.9999999994798,0.233490722859589,0.180916378928179,0.207203550893884,19.771907144224,14.1733409616565,19.771907144224,-0.127658943933869,-0.162602182023564,231.864547818867,1.99999999995271,7.83230865447581
94,NonStim,0,1,-0.0909,NaN,1,0.309500000000014,0.344500000000039,NaN,35.9999999991487,0.17171974511577,0.298005809027548,0.234862777071659,15.9478433963226,31.6842102369261,31.6842102369261,-0.140291841800994,0.181260835337345,127.739071540365,-1.99999999995271,26.1716301579403
94,NonStim,0,1,-0.0909,NaN,2,0.45350000000002,0.54849999999999,NaN,95.9999999977299,0.339769507977308,0.32160036978321,0.330684938880259,31.5437574809083,35.7642720187028,35.7642720187028,0.0412231595152673,-0.327202338972372,277.180676428756,2.99999999992906,8.44084361039035
95,NonStim,0,3,0.0909,NaN,1,0.355900000000076,0.372900000000072,NaN,17.9999999995744,0.235299676013788,0.299614070383905,0.267456873198846,23.1029387549601,26.2266576727772,26.2266576727772,-0.075132622809775,0.256563743587111,106.32224364352,-0.999999999976353,3.43458292054834
95,NonStim,0,3,0.0909,NaN,2,0.863900000000058,0.903900000000078,NaN,40.9999999990305,0.152617076512992,0.131648302137487,0.142132689325239,19.4620946348602,15.5395363812713,19.4620946348602,-0.140291847504155,-0.0166599879485682,186.772293291236,1.99999999995271,12.6106145359481
96,Stim,1,4,-0.1818,-0.0547333333333313,1,0.439933333333386,0.457933333333358,0.494666666666717,18.9999999995507,0.135822444169017,0.192593785463504,0.164208114816261,13.5486096586871,15.1468922901506,15.1468922901506,-0.118350481576813,0.109289645648611,137.279359800858,2.99999999992906,22.7010882546152
97,Stim,1,2,0.3636,-0.0559666666666772,1,0.463766666666686,0.482766666666691,0.519733333333363,19.9999999995271,0.257464349088813,0.223108020746526,0.24028618491767,25.73976549275,21.4162868122886,25.73976549275,-0.159573618270862,-0.179262256440721,228.325529890574,1.99999999995271,5.63423442054889
98,NonStim,0,4,0.0909,NaN,1,0.243800000000022,0.273800000000051,NaN,30.9999999992669,0.0250308611111389,0.0332445348317869,0.0291376979714629,5.55335891228616,5.94967101470526,5.94967101470526,0.0113031417142226,0.0113288527115991,45.0650906400596,12.9999999996926,115.151005884116
98,NonStim,0,4,0.0909,NaN,2,0.359800000000007,0.406800000000032,NaN,47.999999998865,0.022606283459414,0.0343693336884125,0.0284878085739133,5.66283943395164,5.90071951459778,5.90071951459778,0.0212764994304392,0.0139944600010007,33.3346231781952,-14.9999999996453,54.5238690212331
98,NonStim,0,4,0.0909,NaN,3,0.493800000000022,0.560800000000029,NaN,67.999999998392,0.13617392475365,0.170531127670047,0.153352526211848,30.5791760848131,23.3250963663499,30.5791760848131,-0.0671539442780435,0.133280047853766,116.74152187048,-23.9999999994325,26.7626945146664
98,NonStim,0,4,0.0909,NaN,4,0.718800000000044,0.772800000000018,NaN,54.9999999986994,0.200078761521764,0.169884692755615,0.184981727138689,24.6657294250014,23.5598135127115,24.6657294250014,0.0126329232549871,-0.183259880737738,273.943415926933,1.99999999995271,13.5703973166409
99,Stim,1,1,0.3636,-0.0572999999999979,1,0.394666666666694,0.432666666666705,0.451966666666692,38.9999999990778,0.258820467337158,0.226462879923484,0.242641673630321,23.9674223424971,26.7394002136438,26.7394002136438,-0.12034516581127,0.210582843502177,119.747365580408,0,3.2415118461675
99,Stim,1,1,0.3636,-0.0572999999999979,2,0.544666666666672,0.565666666666687,0.601966666666669,21.9999999994798,0.267141203123318,0.308960308608004,0.288050755865661,20.2314360293431,22.3720457417897,22.3720457417897,-0.0352391549626522,-0.285886061959263,262.972999848782,-0.999999999976353,0.308831961951967
99,Stim,1,1,0.3636,-0.0572999999999979,3,0.704666666666697,0.730666666666707,0.761966666666694,26.9999999993615,0.00132977840123109,0.0295271226509558,0.0154284505260934,6.36137338981493,7.68978329007529,7.68978329007529,0.0139626845927655,0.00199920682530316,8.148349124341,-10.9999999997399,172.217385252652
100,NonStim,0,1,-1,NaN,1,0.0344000000000051,0.0803999999999974,NaN,46.9999999988886,0.0452290853605236,0.0339770598733957,0.0396030726169596,6.12053998629293,4.66482162338736,6.12053998629293,0.0186169387094703,0.033320131907264,60.806622078388,31.9999999992433,31.2643097327618
100,NonStim,0,1,-1,NaN,2,0.120400000000018,0.227399999999989,NaN,107.999999997446,0.0395337189032336,0.0489830095136118,0.0442583642084227,5.31912215525069,6.58896523560515,6.58896523560515,0.0285902926864175,0.0333200917681096,49.3687683988361,-54.9999999986994,14.5774861523449
100,NonStim,0,1,-1,NaN,3,0.258399999999995,0.324400000000026,NaN,66.9999999984157,0.0335580216010792,0.0744721561760893,0.0540150888885842,9.90421655224945,11.2843546949737,11.2843546949737,-0.0186169389197941,0.0499800770012044,110.42971828463,-14.9999999996453,19.6856741018643
100,NonStim,0,1,-1,NaN,4,0.452400000000011,0.509399999999971,NaN,57.9999999986285,0.335129239132917,0.266560780527169,0.300845009830043,38.0776245923171,35.0971771594459,38.0776245923171,0.0179520472548783,-0.299880587531807,273.42586521808,6.99999999983447,6.15019107730768
100,NonStim,0,1,-1,NaN,5,0.49939999999998,0.546400000000006,NaN,47.999999998865,0.0282342686258898,0,0.0141171343129449,5.55326931113169,7.10545766676978,7.10545766676978,-0.00465423371168789,-0.013327850155472,250.750229603749,19.9999999995271,109.249770396251
100,NonStim,0,1,-1,NaN,6,0.601400000000012,0.657399999999996,NaN,56.9999999986521,0.190840888553692,0.166358623975824,0.178599756264758,19.7577786450571,16.5501228164949,19.7577786450571,-0.113031275531578,0.133280079074944,130.300387255429,-14.9999999996453,23.8740643421297
100,NonStim,0,1,-1,NaN,7,0.682399999999973,0.756399999999985,NaN,74.9999999982265,0.0310674427358966,0.0332444558053245,0.0321559492706106,6.93040491058493,3.32444671510668,6.93040491058493,0.00864354809549927,0.0133280594263314,57.0356786374072,-0.999999999976353,120.906332419353
100,NonStim,0,1,-1,NaN,8,0.788400000000024,0.821399999999983,NaN,33.999999999196,0.0199467006720451,0,0.00997335033602255,5.48355907694186,5.55335530519746,5.55335530519746,0.00997335033602255,0,0,11.9999999997162,0
100,NonStim,0,1,-1,NaN,9,0.885400000000004,0.912399999999991,NaN,27.9999999993379,6.93889390390723e-18,0.033320153560138,0.016660076780069,2.66561219869064,5.55335902763872,5.55335902763872,3.46944695195361e-18,-0.016660076780069,270,-8.99999999978718,90
104,Stim,1,3,0.4545,-0.0637999999999579,1,0.554833333333363,0.587833333333379,0.618633333333321,33.999999999196,0.143095880503569,0.281537042511484,0.212316461507527,19.5415504868318,20.1915882650161,20.1915882650161,-0.158908651184871,0.140610665500323,138.495921483768,0.999999999976353,4.233484809088
107,NonStim,0,3,0.1818,NaN,1,0.483700000000056,0.501700000000028,NaN,18.9999999995507,0.329974093686287,0.185952858854803,0.257963476270545,29.8149005881912,15.5786332397695,29.8149005881912,-0.0984037333566237,-0.236572379600749,247.414831865342,3.99999999990541,13.876321451919
108,NonStim,0,1,-0.6363,NaN,1,0.0726333333333855,0.0946333333333769,NaN,22.9999999994561,0.11784017413139,0.123775095275615,0.120807634703502,13.0450633135264,9.53266562309965,13.0450633135264,-0.106382346721562,-0.0533122316035676,206.617187411525,1.99999999995271,19.8911757281352
108,NonStim,0,1,-0.6363,NaN,2,0.351633333333382,0.401633333333393,NaN,50.999999998794,0.366696272200273,0.12480729464415,0.245751783422212,40.2537212769751,17.7826633332009,40.2537212769751,-0.0093084680849305,-0.120619526070392,265.587108060397,22.9999999994561,178.470937271113
108,NonStim,0,1,-0.6363,NaN,3,0.545633333333342,0.582633333333376,NaN,37.9999999991014,0.231921655904463,0.268625225459712,0.250273440682088,21.1171483938673,24.0017535912416,24.0017535912416,0.017952047387479,0.249233277320217,85.8801518810112,6.99999999983447,6.4519864434545
108,NonStim,0,1,-0.6363,NaN,4,0.744633333333354,0.785633333333351,NaN,41.9999999990068,0.119948748604822,0.138379305297486,0.129164026951154,17.8823414029795,22.5427416691123,22.5427416691123,-0.117020712854719,-0.0166600498019785,188.102656743729,-6.99999999983447,47.6832226643917
109,Stim,1,3,0.0909,-0.052566666666678,1,0.552566666666678,0.57256666666666,0.605133333333356,20.9999999995034,0.161303087369117,0.216669254502177,0.188986170935647,24.2975104852697,24.2974686722152,24.2975104852697,-0.166222316447715,-0.0879651897634357,207.887884697739,0,11.4543513548222
110,Stim,1,4,0.4545,-0.0579333333333238,1,0.326633333333348,0.364633333333359,0.384566666666672,38.9999999990778,0.145028682607615,0.257317062539357,0.201172872573486,24.1934255991797,19.8284937272659,24.1934255991797,-0.0252658446682594,-0.195255835559883,262.626971773335,16.999999999598,24.7011631929808
110,Stim,1,4,0.4545,-0.0579333333333238,2,0.857633333333354,0.891633333333345,0.915566666666678,34.9999999991724,0.0988685494648291,0.119977812664684,0.109423181064756,24.4952430546394,28.2717363213711,28.2717363213711,-0.0924197846610293,0.0219912995047401,166.615370708853,0.999999999976353,59.8089636540987
111,NonStim,0,4,0.1818,NaN,1,0.34820000000002,0.382200000000012,NaN,34.9999999991724,0.116787304758907,0.123555727912025,0.120171516335466,23.729912038295,20.6292084708121,23.729912038295,-0.0339094052198089,-0.115287701362105,253.609884352592,0,0.288544084084322
111,NonStim,0,4,0.1818,NaN,2,0.51320000000004,0.543200000000013,NaN,30.9999999992669,0.162737495932385,0.195629050933646,0.179183273433016,23.8817819413597,25.1567716113958,25.1567716113958,-0.0964090505001956,0.150606399132409,122.62489822856,0.999999999976353,7.31776812070589
111,NonStim,0,4,0.1818,NaN,3,0.688199999999995,0.712199999999996,NaN,24.9999999994088,0.246082800372499,0.300024875766705,0.273053838069602,23.7011653032014,29.0995685588593,29.0995685588593,0.0345742904950903,-0.266560585263866,277.390300671672,-1.99999999995271,20.3697260542877
112,Stim,1,1,-0.4545,-0.0503333333332989,1,0.313233333333358,0.363233333333369,0.363566666666657,50.999999998794,0.334854605935122,0.339769320158267,0.337311963046695,44.0853913084383,39.7287279615652,44.0853913084383,-0.049866748287851,-0.333200251576894,261.488287466273,-4.99999999988177,5.58721685475138
112,Stim,1,1,-0.4545,-0.0503333333332989,2,0.534233333333361,0.559233333333395,0.58456666666666,25.9999999993852,0.181130758166321,0.243274721190851,0.212202739678586,20.6481308985043,28.1246701941824,28.1246701941824,-0.0531912490369576,0.205251416361127,104.528679215205,-0.999999999976353,4.65099093723268
114,Stim,1,2,-0.6363,-0.059599999999989,1,0.500100000000032,0.516100000000051,0.559700000000021,16.999999999598,0.153421851979129,0.185310114264961,0.169365983122045,15.42962144092,16.4155616007158,16.4155616007158,-0.0259307183687539,-0.167266414916396,261.187787148428,-0.999999999976353,3.98568778629931
114,Stim,1,2,-0.6363,-0.059599999999989,2,0.814100000000053,0.832100000000025,0.873700000000042,18.9999999995507,0.464570510332253,0.318146670537606,0.39135859043493,46.2811127654739,30.409341466152,46.2811127654739,-0.100398360693656,-0.377846016938676,255.119642085595,2.99999999992906,5.28448996223102
115,Stim,1,4,0.0909,-0.0563666666666336,1,0.209233333333373,0.265233333333356,0.265600000000006,56.9999999986521,0.141653815122953,0.103731477714006,0.122692646418479,11.0424774547873,13.883337523328,13.883337523328,-0.121010035745018,0.0146608590693377,173.092050492883,8.99999999978718,13.2341314544111
115,Stim,1,4,0.0909,-0.0563666666666336,2,0.496233333333407,0.529233333333366,0.552600000000041,33.999999999196,0.254022525210318,0.118902336005784,0.186462430608051,24.9904555929321,16.7707358925107,24.9904555929321,-0.116355554372647,-0.077302604880405,213.598687948668,5.99999999985812,90.5766669699614
116,Stim,1,1,-0.0909,-0.0568666666666218,1,0.246000000000038,0.277000000000044,0.30286666666666,31.9999999992433,0.018847863721506,0.04263283912182,0.030740351421663,6.28290978155767,7.6897892881531,7.6897892881531,-0.0119680312781518,0.025989709162065,114.725652458192,3.99999999990541,46.7082320860484
116,Stim,1,1,-0.0909,-0.0568666666666218,2,0.625,0.673000000000002,0.681866666666622,48.9999999988413,0.135661400686231,0.130649423658621,0.133155412172426,15.6242218883559,15.827372466834,15.827372466834,-0.113031345673995,0.0293216196061924,165.457377223615,-6.99999999983447,57.4543847303949
117,Stim,1,1,1,-0.0563000000000216,1,0.41840000000002,0.454400000000021,0.474700000000041,36.9999999991251,0.146369509928647,0.147064242121013,0.14671687602483,11.8210385697065,12.7428006833756,12.7428006833756,-0.130318475226719,-0.0673066631854458,207.315371558161,3.99999999990541,2.78912907556975
119,NonStim,0,4,-0.1818,NaN,1,0.29060000000004,0.319600000000037,NaN,29.9999999992906,0.144269047505151,0.109249704134021,0.126759375819586,14.2065593616901,17.3153256185527,17.3153256185527,-0.113696248822579,-0.0533122296793257,205.121904833044,1.99999999995271,15.8309660682557
119,NonStim,0,4,-0.1818,NaN,2,0.508600000000058,0.536600000000078,NaN,28.9999999993142,0.188354033008838,0.092268938919802,0.14031148596432,35.1024885308892,31.9871729755627,35.1024885308892,-0.0631646114275499,-0.121285159280571,242.489759676601,-2.99999999992906,27.580185371005
119,NonStim,0,4,-0.1818,NaN,3,0.678600000000074,0.703600000000051,NaN,25.9999999993852,0.121209064819336,0.0979440088158413,0.109576536817589,12.2136707248794,5.77549158874644,12.2136707248794,-0.0026595621167208,0.105957955756182,91.4378315867265,1.99999999995271,29.5647496017842
120,NonStim,0,1,0.1818,NaN,1,0.270800000000008,0.2928,NaN,22.9999999994561,0.103956086948025,0.0709741452880872,0.0874651161180563,10.1229555598308,11.2115290011173,11.2115290011173,-0.0744677407618986,-0.0253232961796919,198.78097417638,-5.99999999985812,52.8927653303672
120,NonStim,0,1,0.1818,NaN,2,0.476800000000026,0.495800000000031,NaN,19.9999999995271,0.0508337743556007,0.0987737632243763,0.0748037687899885,7.55561437504889,9.72105402072767,9.72105402072767,-0.0618348150586074,0.0406504352893009,146.678933240957,3.99999999990541,17.7567518824086
120,NonStim,0,1,0.1818,NaN,3,0.608800000000031,0.631799999999998,NaN,23.9999999994325,0.175317222004009,0.097199222589603,0.136258222296806,16.9929155332423,12.0714630966103,16.9929155332423,-0.0678188073636858,-0.116620346129314,239.820502353183,3.99999999990541,16.8686056011793
120,NonStim,0,1,0.1818,NaN,4,0.766799999999989,0.788800000000037,NaN,22.9999999994561,0.0186592804771792,0.00594966383966279,0.012304472158421,3.99841739838206,5.5103677834947,5.5103677834947,0.00265956061812908,-0.00799683782647272,288.395914769632,-7.99999999981083,116.617112418804
122,NonStim,0,1,1,NaN,1,0.379466666666644,0.419466666666665,NaN,40.9999999990305,0.309316256857144,0.235340980841893,0.272328618849519,26.7118237162084,31.5500370356587,31.5500370356587,-0.161568261798726,-0.0499803919267272,197.189210193812,0.999999999976353,104.581245023959
122,NonStim,0,1,1,NaN,2,0.553466666666679,0.599466666666672,NaN,46.9999999988886,0.136453327529512,0.200277801578412,0.168365564553962,12.441482814172,18.3700771545332,18.3700771545332,0.00864358181626594,-0.166600108524092,272.969968756821,-1.99999999995271,15.8060281177137
123,NonStim,0,3,1,NaN,1,0.00693333333333612,0.0199333333333698,NaN,13.9999999996689,0.197902453710116,0.22524392985617,0.211573191783143,20.1257669780709,21.3433094303792,21.3433094303792,0.0139626999080155,-0.210583122063961,273.793440263924,0,8.11190226874839
124,NonStim,0,4,0.4545,NaN,1,0.103700000000003,0.142699999999991,NaN,39.9999999990541,0.00666402884323429,0.0333466752614608,0.0200053520523475,2.9788920365754,5.59301955447414,5.59301955447414,0.000664890108996431,-0.0133280608750701,272.855917478589,-5.99999999985812,177.714584699297
124,NonStim,0,4,0.4545,NaN,2,0.226699999999994,0.260699999999986,NaN,34.9999999991724,0.00132977969701578,0.0146275698429918,0.00797867477000378,5.55335507586938,6.79014481039581,6.79014481039581,0.006648895072988,0,0,-17.9999999995744,180
124,NonStim,0,4,0.4545,NaN,3,0.262699999999995,0.288700000000006,NaN,26.9999999993615,0.00679540277400536,0,0.00339770138700268,5.62367050519373,1.33280572143954,5.62367050519373,0.000664889848507891,0.00333201083500505,78.7150746663537,13.9999999996689,78.7150746663537
124,NonStim,0,4,0.4545,NaN,4,0.325699999999983,0.362700000000018,NaN,37.9999999991014,0.144813114414731,0.108126926293883,0.126470020354307,15.8046450584008,11.0658382185077,15.8046450584008,-0.0392285229491613,-0.019992080596697,207.004811626031,16.999999999598,142.689942024189
124,NonStim,0,4,0.4545,NaN,5,0.417699999999968,0.444700000000012,NaN,27.9999999993379,0.0265956077520033,0,0.0132978038760017,5.96953098391187,5.55332472825158,5.96953098391187,0.0132978038760017,0,0,9.99999999976353,0
124,NonStim,0,4,0.4545,NaN,6,0.509700000000009,0.564700000000016,NaN,55.9999999986758,0.183371205198906,0.140962039834654,0.16216662251678,20.2992440528143,15.486008298582,20.2992440528143,-0.138962085207301,-0.0753034132362581,208.453219071017,9.99999999976353,26.0902977705173
124,NonStim,0,4,0.4545,NaN,7,0.635699999999986,0.665700000000015,NaN,30.9999999992669,0.00265956281364778,0,0.00132978140682389,6.58896511262641,3.77627668678941,6.58896511262641,0.00132978140682389,-3.46944695195361e-18,360,3.99999999990541,2.27373675443232e-13
124,NonStim,0,4,0.4545,NaN,8,0.828699999999969,0.851699999999994,NaN,23.9999999994325,0.00265956286092363,0,0.00132978143046182,3.02076033671661,5.33121540741049,5.33121540741049,-0.00132978143046182,3.46944695195361e-18,180,6.99999999983447,180
124,NonStim,0,4,0.4545,NaN,9,0.900699999999972,0.92270000000002,NaN,22.9999999994561,0.0212765008359035,0.0292551768475903,0.0252658388417469,5.61154757267448,5.69879845828865,5.69879845828865,0.0252658388417469,3.46944695195361e-18,7.86772482942528e-15,-5.99999999985812,2.8421709430404e-14
124,NonStim,0,4,0.4545,NaN,10,0.953699999999969,0.973700000000008,NaN,20.9999999995034,0.0259186195859157,0.0299880362049536,0.0279533278954346,5.71447454378678,5.33120661093102,5.71447454378678,0.00565156799131207,0.0266560715044052,78.0295245602185,-1.99999999995271,25.8553730833292
125,NonStim,0,4,0.4545,NaN,1,0.306066666666709,0.35606666666672,NaN,50.999999998794,0.109445315780732,0.103891960602797,0.106668638191765,15.8536732488264,14.4772513345585,15.8536732488264,-0.100398453058752,0.0359857578398463,160.280827474773,5.99999999985812,1.97411240345087
125,NonStim,0,4,0.4545,NaN,2,0.581066666666743,0.601066666666725,NaN,20.9999999995034,0.144274600013011,0.0903084201401922,0.117291510076602,15.9486209144711,17.3466075709061,17.3466075709061,-0.0312498315991275,-0.1126220590996,254.491983299905,0,9.90057793211457
127,Stim,1,4,-0.1818,-0.053766666666661,1,0.376300000000015,0.413300000000049,0.430066666666676,37.9999999991014,0.105343341465888,0.261242810133798,0.183293075799843,29.2156374014975,24.8246636809635,29.2156374014975,0.0179520362466014,-0.180594687463476,275.676844402472,11.9999999997162,17.8126738058709
128,NonStim,0,1,-0.3636,NaN,1,0.241900000000044,0.259900000000073,NaN,18.9999999995507,0.00893668149990923,0.0461387448535963,0.0275377131767527,4.88695595236825,6.28282963050683,6.28282963050683,0.0139627004671413,0.0206584971395826,55.94595847183,1.99999999995271,70.2788298947299
128,NonStim,0,1,-0.3636,NaN,2,0.404900000000055,0.455900000000042,NaN,51.9999999987704,0.126616504219932,0.223129527438495,0.174873015829213,19.2072185780172,19.649247002229,19.649247002229,-0.0305849511396301,-0.17059877949947,259.835988965607,17.9999999995744,15.9110837151921
128,NonStim,0,1,-0.3636,NaN,3,0.606900000000053,0.63390000000004,NaN,27.9999999993379,0.144229057365494,0.253668814187737,0.198948935776616,11.0280393383658,17.2030394961439,17.2030394961439,-0.0804517004302447,0.181927685381716,113.855877783729,-6.99999999983447,1.94323921703597
128,NonStim,0,1,-0.3636,NaN,4,0.807900000000075,0.838900000000081,NaN,31.9999999992433,0.433894323553676,0.374329396207481,0.404111859880578,40.2513690915191,31.2460960440708,40.2513690915191,-0.0272604949957637,-0.403171263701052,266.13182360872,1.99999999995271,1.14420102143504
129,NonStim,0,3,1,NaN,1,0.0507999999999811,0.067799999999977,NaN,17.9999999995744,0.297755746387171,0.331017652908145,0.314386699647658,25.0147263471517,28.697648625699,28.697648625699,-0.126329149074398,-0.287885280920733,246.307284881263,1.99999999995271,0.51723092839606
131,NonStim,0,3,-0.3636,NaN,1,0.30383333333333,0.336833333333288,NaN,33.999999999196,0.505556108663668,0.534581827056058,0.520068967859863,33.4853997424606,33.5955179085585,33.5955179085585,-0.0930846628500746,0.51045793017656,100.334628455031,2.99999999992906,7.76690409749582
131,NonStim,0,3,-0.3636,NaN,2,0.397833333333324,0.423833333333278,NaN,26.9999999993615,0.366535653209914,0.321224024893938,0.343879839051926,31.3202794835351,32.2089374249584,32.2089374249584,0.00398934313004206,-0.343856597229001,270.664702296518,0.999999999976353,0.0879708038012268
133,NonStim,0,3,-0.6363,NaN,1,0.286566666666715,0.299566666666692,NaN,13.9999999996689,0.303342931941287,0.311067306628577,0.307205119284932,29.9007327191159,29.2442227462498,29.9007327191159,-0.143616273438995,0.269223812456894,118.077497160699,0,13.3130242521302
134,NonStim,0,1,-1,NaN,1,0.0155333333333942,0.0305333333333806,NaN,15.9999999996217,0.00841219084346828,0.0173206679097979,0.0128664293766331,4.96482201529829,4.66482152645453,4.96482201529829,0.00731379733921575,-0.00932964229165899,308.094003357155,0.999999999976353,48.9522859992058
134,NonStim,0,1,-1,NaN,2,0.151533333333361,0.173533333333353,NaN,22.9999999994561,0.162050480202133,0.105343604896322,0.133697042549228,21.1795756649065,16.5584979219033,21.1795756649065,-0.0332445233280184,-0.129282079609221,255.578994082266,-0.999999999976353,6.55770104308888
134,NonStim,0,1,-1,NaN,3,0.387533333333351,0.427533333333372,NaN,40.9999999990305,0.23919676897788,0.267829165323429,0.253512967150654,17.0250841706563,16.3420210099236,17.0250841706563,-0.14228652452119,0.208583775033646,124.300060047559,-0.999999999976353,10.2998481462552
134,NonStim,0,1,-1,NaN,4,0.573533333333387,0.598533333333364,NaN,25.9999999993852,0.0639631084195236,0.09361174752058,0.0787874279700518,37.0684760008811,37.605646662568,37.605646662568,0.0359040831481294,0.0699722730573748,62.8367916855272,0,6.98757140108432
134,NonStim,0,1,-1,NaN,5,0.701533333333373,0.760533333333399,NaN,59.9999999985812,0.135950460054952,0.169885067695291,0.152917763875121,12.9445334827459,35.6966026495504,35.6966026495504,0.0113031138069008,-0.0213260367139187,297.924249049987,-33.999999999196,167.028771850219
137,Stim,1,2,0.1818,-0.0557999999999765,1,0.406266666666681,0.422266666666701,0.462066666666658,16.999999999598,0.247174046730258,0.201071444268547,0.224122745499402,20.2585798335705,19.1718511103642,20.2585798335705,-0.0139627017394609,0.221245543235404,93.6111205268492,0.999999999976353,17.0050353887559
138,NonStim,0,2,0.6363,NaN,1,0.426133333333325,0.451133333333303,NaN,25.9999999993852,0.373663246734073,0.138363137442599,0.256013192088336,28.0534576883816,11.0658428106458,28.0534576883816,-0.0565156968430834,-0.24923381891163,257.223794554556,12.9999999996926,7.66924102057388
138,NonStim,0,2,0.6363,NaN,2,0.622133333333352,0.642133333333334,NaN,20.9999999995034,0.239858061258159,0.152835905170492,0.196346983214325,14.5757827228997,12.2136819381979,14.5757827228997,-0.0797867714852027,0.178595465829574,114.072502327131,4.99999999988177,10.2032209011125
139,Stim,1,2,0.4545,-0.0622999999999934,1,0.365400000000022,0.387400000000014,0.427700000000016,22.9999999994561,0.264479503173543,0.200817205940644,0.232648354557093,22.4290756933025,23.1285058890054,23.1285058890054,-0.161568099424358,-0.163268556890275,225.299929654499,-2.99999999992906,18.4459795732004
139,Stim,1,2,0.4545,-0.0622999999999934,2,0.923400000000015,0.948400000000049,0.985700000000008,25.9999999993852,0.334372553474399,0.41560328899283,0.374987921233614,32.8763258093396,32.2093347729709,32.8763258093396,-0.0531911236612068,-0.371182850613612,261.84493886655,-0.999999999976353,0.969007783517611
143,NonStim,0,3,-0.1818,NaN,1,0.578866666666727,0.597866666666732,NaN,19.9999999995271,0.143457320447322,0.231994981192018,0.18772615081967,19.8839736598431,26.6168603055845,26.6168603055845,-0.11236638944002,0.135945091266048,129.575677547352,6.99999999983447,41.2723335407665
143,NonStim,0,3,-0.1818,NaN,2,0.721866666666699,0.738866666666695,NaN,17.9999999995744,0.324457802268884,0.292518054694126,0.308487928481505,40.8063178738108,33.8337571284812,40.8063178738108,0.0771272977601801,-0.297880718509297,284.51624369623,0,8.18383046052639
144,NonStim,0,4,-0.6363,NaN,1,0.284066666666718,0.303066666666723,NaN,19.9999999995271,0.213164084179067,0.240107212002686,0.226635648090876,21.9652357598047,22.9672444024703,22.9672444024703,-0.132978062441244,-0.183260681420568,234.034519002858,1.99999999995271,4.96630205022447
144,NonStim,0,4,-0.6363,NaN,2,0.511066666666693,0.561066666666704,NaN,50.999999998794,0.102786172161669,0.0677062797767008,0.085246225969185,18.1551895498384,14.2289613568945,18.1551895498384,-0.0179520372020599,-0.0833002166739671,257.838188031503,3.99999999990541,3.28492867881556
144,NonStim,0,4,-0.6363,NaN,3,0.767066666666722,0.801066666666713,NaN,34.9999999991724,0.119948671275272,0.147821733515244,0.133885202395258,18.0479245207117,17.4692187309574,18.0479245207117,-0.123004496831,0.0439824861749194,160.324569604923,-1.99999999995271,25.4556930269655
146,Stim,1,3,-1,-0.0570000000000164,1,0.347166666666624,0.371166666666625,0.40416666666664,24.9999999994088,0.271796616105742,0.153049891500373,0.212423253803058,23.8097603377223,18.0560373100296,23.8097603377223,-0.0192816756092982,0.175263412565266,96.2781706723845,-1.99999999995271,71.02020272181
146,Stim,1,3,-1,-0.0570000000000164,2,0.497166666666658,0.514166666666654,0.554166666666674,17.9999999995744,0.392748835789285,0.288178262318624,0.340463549053954,35.2206271172113,23.7093567951825,35.2206271172113,-0.154919173433307,-0.301879476937705,242.833912739967,1.99999999995271,9.54986534008555
147,NonStim,0,2,0.3636,NaN,1,0.328733333333332,0.347733333333338,NaN,19.9999999995271,0.533282616798762,0.477142087471462,0.505212352135112,50.9630279986534,45.8644795825851,50.9630279986534,0.00598400916338894,-0.505128515089261,270.678723180036,0.999999999976353,1.58854300037416
147,NonStim,0,2,0.3636,NaN,2,0.511733333333325,0.531733333333307,NaN,20.9999999995034,0.318551163730821,0.343914785701797,0.331232974716309,24.4075499186565,27.0325287520723,27.0325287520723,-0.0545210226359952,0.325868306273781,99.4981818925877,0,8.14524846603283
147,NonStim,0,2,0.3636,NaN,3,0.706733333333318,0.728733333333309,NaN,22.9999999994561,0.124011236345188,0.105309665689683,0.114660451017436,13.0635589527364,13.1926380978661,13.1926380978661,-0.0990686612869797,-0.0106624938890539,186.142944447448,7.99999999981083,59.5311475391128
148,Stim,1,2,-0.1818,-0.0579333333333238,1,0.467366666666692,0.486366666666697,0.525300000000016,19.9999999995271,0.155130363899442,0.194781832691046,0.174956098295244,12.2136858741977,14.7959264886434,14.7959264886434,-0.0285902979942813,-0.172598231730949,260.594557048193,0,0.951115076292695
150,Stim,1,1,0.6363,-0.0622333333333245,1,0.551433333333364,0.636433333333343,0.613666666666688,85.9999999979664,0.346015692953764,0.233239128318697,0.28962741063623,32.5127775414366,31.8841872850115,32.5127775414366,-0.0192818257435252,-0.288549567761293,266.176992237263,-23.9999999994325,6.39894220594232
151,NonStim,0,2,-0.3636,NaN,1,0.0173333333333403,0.0343333333333362,NaN,17.9999999995744,0.21065049499965,0.193071210511585,0.201860852755618,12.9447410085209,17.5572651631721,17.5572651631721,0.0890951541681124,-0.17992858727322,296.343211256333,0,11.8799685509744
152,NonStim,0,4,0.3636,NaN,1,0.0195666666666625,0.0445666666666966,NaN,25.9999999993852,0.0333201448936375,0.0423698171139042,0.0378449810037709,5.33122342580373,5.55335518675743,5.55335518675743,0.0152924685959906,0.0313209303619295,63.976020379011,-6.99999999983447,46.2079881707455
152,NonStim,0,4,0.3636,NaN,2,0.0505666666666684,0.0755666666667025,NaN,25.9999999993852,0.00398934040125615,0.0336692813272837,0.0188293108642699,4.22055214797859,6.16152865177736,6.16152865177736,0.0146275932632117,-0.00266561130186713,349.672220091555,4.99999999988177,170.889393706851
152,NonStim,0,4,0.3636,NaN,3,0.395566666666696,0.430566666666664,NaN,35.9999999991487,0.299890884634448,0.23342546044021,0.266658172537328,23.3755917236254,23.1283936401314,23.3755917236254,0.00598401553134819,-0.26655943888223,271.286021824845,0,1.77729943883338
152,NonStim,0,4,0.3636,NaN,4,0.509566666666672,0.52956666666671,NaN,20.9999999995034,0.0337415004141714,0.0334141489326067,0.033577824673389,4.66474518400575,4.22049449887779,4.66474518400575,0.00930846801808442,0.0319868475471979,73.7745163347397,6.99999999983447,14.381172124673
152,NonStim,0,4,0.3636,NaN,5,0.530566666666687,0.563566666666702,NaN,33.999999999196,0.0941362529124339,0.14894361062931,0.121539931770872,10.3955722340635,13.2383936737859,13.2383936737859,-0.0664890610728382,0.0999595200049489,123.630256787799,15.9999999996217,18.4219848699996
152,NonStim,0,4,0.3636,NaN,6,0.565566666666712,0.588566666666679,NaN,23.9999999994325,0.0667593301518166,0.0669710824561262,0.0668652063039714,8.87145856195764,7.84471656292946,8.87145856195764,-0.0053191229908841,0.0666401203547999,94.5635953582247,2.99999999992906,2.27185254854191
153,Stim,1,3,-0.1818,-0.0595333333333201,1,0.300933333333319,0.321933333333334,0.360466666666639,21.9999999994798,0.195013007729819,0.147076816443252,0.171044912086536,16.6042958234079,12.8212155082857,16.6042958234079,-0.0598400572910467,0.155938048937245,110.993930782132,1.99999999995271,25.143492768398
153,Stim,1,3,-0.1818,-0.0595333333333201,2,0.32293333333331,0.33693333333332,0.38246666666663,14.9999999996453,0.228457464596486,0.208793351896024,0.218625408246255,23.7941627380952,24.193452953844,24.193452953844,0.0398933512703473,-0.214581464254644,280.531755624388,0.999999999976353,6.64839737385228
154,Stim,1,4,-0.4545,-0.053766666666661,1,0.102399999999989,0.12639999999999,0.15616666666665,24.9999999994088,0.0333201550410432,0.0305849451613076,0.0319525501011754,5.97927914426194,7.07698935597806,7.07698935597806,0.0152924725806538,0.0166600775205216,47.4508276939965,-2.99999999992906,90
154,Stim,1,4,-0.4545,-0.053766666666661,2,0.282399999999996,0.307399999999973,0.336166666666657,25.9999999993852,0.0666091661234666,0.112328175643381,0.089468670883424,8.3045054951385,7.84472326508209,8.3045054951385,-0.0784570743275371,0.0353193240742688,155.763971227198,-0.999999999976353,32.9475340487186
154,Stim,1,4,-0.4545,-0.053766666666661,3,0.568399999999997,0.619399999999985,0.622166666666658,51.9999999987704,0.0931979222468215,0.106390144244453,0.0997940332456373,15.1982459326237,16.3789131135734,16.3789131135734,-0.0531912510434876,-0.0819674337527248,237.019190102784,-2.99999999992906,23.4910394301864
154,Stim,1,4,-0.4545,-0.053766666666661,4,0.757399999999961,0.785399999999981,0.811166666666622,28.9999999993142,0.0324479846008864,0.0333200949816753,0.0328840397912808,6.36138803604833,5.55334953651267,6.36138803604833,-0.00531912453198037,0.0319873055749871,99.4412452125516,-3.99999999990541,19.1386624982287
154,Stim,1,4,-0.4545,-0.053766666666661,5,0.887400000000014,0.922399999999982,0.941166666666675,35.9999999991487,0.0265956277568294,0.00265956206123176,0.0146275949090306,6.8377342300284,6.36138293599544,6.8377342300284,0.0146275949090306,0,0,15.9999999996217,0
154,Stim,1,4,-0.4545,-0.053766666666661,6,0.925399999999968,0.938400000000001,0.979166666666629,13.9999999996689,0.0253232998805364,0.0266560799102763,0.0259896898954063,5.61832639693529,3.66304010705486,5.61832639693529,0,0.0259896898954063,90,0,0
155,Stim,1,1,-1,-0.0476999999999634,1,0.63310000000007,0.665100000000052,0.680800000000033,32.9999999992197,0.183584916113533,0.207551010565717,0.195567963339625,23.8643502458954,19.0979937852166,23.8643502458954,-0.0984037249008242,0.166600430979575,120.568523671282,0,16.7447545108834
155,Stim,1,1,-1,-0.0476999999999634,2,0.815100000000029,0.840100000000064,0.862799999999993,25.9999999993852,0.44467765127769,0.272079323074786,0.358378487176238,31.8845048413285,20.8684364935204,31.8845048413285,0.0551859245236434,-0.353858518364239,278.864146214172,9.99999999976353,4.34424799279032
156,Stim,1,4,-0.6363,-0.0603666666666527,1,0.372933333333322,0.429933333333338,0.433299999999974,57.9999999986285,0.0776685767054241,0.244436682910019,0.161052629807722,32.3238791616384,21.1210501313165,32.3238791616384,-0.0166222998035455,0.149939322777452,96.3259892022791,-10.9999999997399,48.3164821319452
156,Stim,1,4,-0.6363,-0.0603666666666527,2,0.541933333333361,0.580933333333348,0.602300000000014,39.9999999990541,0.303074246681567,0.146097678710261,0.224585962695914,17.8568706933671,12.2494909734772,17.8568706933671,-0.0518613834425528,-0.216580508140621,256.533771411883,0,15.853810803751
156,Stim,1,4,-0.6363,-0.0603666666666527,3,0.601933333333363,0.629933333333327,0.662300000000016,28.9999999993142,0.0333198082581318,0.00133280399923544,0.0173263061286836,4.96477869694821,5.80756626933188,5.80756626933188,6.93889390390723e-18,0.0159935021294482,90,10.9999999997399,180
156,Stim,1,4,-0.6363,-0.0603666666666527,4,0.71193333333332,0.786933333333366,0.772299999999973,75.9999999982028,0.0470681935529149,0.0638965873454536,0.0554823904491843,14.6561478686848,17.135193265696,17.135193265696,-0.0438827709661325,1.0516636907501e-07,179.999862688956,-24.9999999994088,76.4957954817295
158,Stim,1,2,-0.6363,-0.0670999999999822,1,0.520233333333351,0.56723333333332,0.587333333333333,47.999999998865,0.0869375053621615,0.143938458066569,0.115437981714365,10.0452490728878,20.7660070505978,20.7660070505978,-0.0166223660509483,0.0353193413100196,115.203115179057,-11.9999999997162,152.410330211483
158,Stim,1,2,-0.6363,-0.0670999999999822,2,0.652233333333356,0.693233333333353,0.719333333333338,41.9999999990068,0.0913625639256746,0.248440942084525,0.1699017530051,24.0446098987337,25.822697709841,25.822697709841,-0.0864353259615329,-0.144609307869809,239.132555204095,15.9999999996217,16.7878187738721
160,Stim,1,1,-0.6363,-0.0548333333333062,1,0.134500000000003,0.160500000000013,0.189333333333309,26.9999999993615,0.0119952415966833,0.0337099653273198,0.0228526034620015,4.96670781431847,5.11021778866479,5.11021778866479,0.00531912510613249,-0.00999604509467951,298.018468155625,11.9999999997162,161.604062277467
160,Stim,1,1,-0.6363,-0.0548333333333062,2,0.31049999999999,0.369500000000016,0.365333333333297,59.9999999985812,0.0620116911271266,0.051999365771103,0.0570055284491148,15.2397787635145,17.5722199462484,17.5722199462484,-0.0212765009888845,-0.0506466282680327,247.212865888061,-2.99999999992906,31.1083581451215
160,Stim,1,1,-0.6363,-0.0548333333333062,3,0.580500000000029,0.619500000000016,0.635333333333335,39.9999999990541,0.13414784951818,0.133287142785194,0.133717496151687,30.8861023807696,30.920272443832,30.920272443832,0.0159573765729478,0.131947614426102,83.1042964768196,0,12.607389611415
160,Stim,1,1,-0.6363,-0.0548333333333062,4,0.659500000000037,0.70350000000002,0.714333333333343,44.9999999989359,0.0013327943100292,0.00665856247035225,0.00399567839019072,3.32445349124072,6.65855758177483,6.65855758177483,0.00199467104779704,0.00333199295220069,59.0934877110066,27.9999999993379,36.8075876691209
160,Stim,1,1,-0.6363,-0.0548333333333062,5,0.742500000000007,0.778500000000008,0.797333333333313,36.9999999991251,0.507338012933988,0.463667531732541,0.485502772333265,50.0275705786067,38.7688316910507,50.0275705786067,-0.0644943882602013,-0.481139466139255,262.365291435939,0,1.80298332083038
160,Stim,1,1,-0.6363,-0.0548333333333062,6,0.950500000000034,0.96750000000003,1.00533333333334,17.9999999995744,0.165397831403012,0.166463438291623,0.165930634847317,16.6041548784272,16.8750800236734,16.8750800236734,-0.0997334855198686,0.132612393509329,126.945640150646,0.999999999976353,0.276702488379385
161,Stim,1,3,0.3636,-0.0523666666666145,1,0.404500000000041,0.428500000000042,0.456866666666656,24.9999999994088,0.259724650955167,0.297431325815942,0.278577988385554,21.3432898033159,19.5477410262724,21.3432898033159,-0.0465423082666079,0.274557084650449,99.6211902235697,-5.99999999985812,3.13803536866695
161,Stim,1,3,0.3636,-0.0523666666666145,2,0.545500000000061,0.569500000000062,0.597866666666675,24.9999999994088,0.194607326202747,0.305282730318734,0.24994502826074,20.6944874216365,21.9782109403518,21.9782109403518,0.0299200605524537,-0.247234504589296,276.900319323499,-1.99999999995271,10.0124243274435
162,NonStim,0,1,-0.6363,NaN,1,0.299233333333291,0.339233333333368,NaN,40.9999999990305,0.135799191121534,0.131647892538711,0.133723541830123,13.395037194511,14.2065269904262,14.2065269904262,-0.131647930458037,-0.0166600775161437,187.212455449046,17.9999999995744,14.2033121946281
162,NonStim,0,1,-0.6363,NaN,2,0.698233333333292,0.742233333333388,NaN,44.9999999989359,0.304113429953834,0.316150654969689,0.310132042461762,40.9448339421471,41.7164855179496,41.7164855179496,-0.0472070574533734,-0.304544522162969,261.188778953708,0.999999999976353,12.8610270491909
162,NonStim,0,1,-0.6363,NaN,3,0.9292333333334,0.972233333333293,NaN,43.9999999989595,0.215830471931432,0.263997340920243,0.239913906425838,17.5571352744406,16.9686948264995,17.5571352744406,-0.0930839419996866,0.219911406765198,112.941933715617,8.99999999978718,11.1007922569484
164,Stim,1,1,1,-0.05026666666663,1,0.437833333333401,0.463833333333355,0.488100000000031,26.9999999993615,0.250695199059186,0.113211423545702,0.181953311302444,27.0830076805831,19.1063558883985,27.0830076805831,-0.0984037851334529,-0.143276372530852,235.51829312511,6.99999999983447,37.2546216576008
165,NonStim,0,4,-1,NaN,1,0.0828000000000202,0.107799999999997,NaN,25.9999999993852,0.0337420261199067,0.0376546825430672,0.0356983543314869,6.06492091049801,4.21682877376735,6.06492091049801,0.0159573736918051,0.0299881185383076,61.9815209982179,8.99999999978718,35.8649353070121
165,NonStim,0,4,-1,NaN,2,0.284800000000018,0.323800000000006,NaN,39.9999999990541,0,0.00666402002250112,0.00333201001125056,2.66560362864107,2.8811874752483,2.8811874752483,0,-0.00333201001125056,270,12.9999999996926,90
165,NonStim,0,4,-1,NaN,3,0.41680000000008,0.456800000000044,NaN,40.9999999990305,0.293291915368074,0.33220174730343,0.312746831335752,29.1297037102567,24.8739151551374,29.1297037102567,-0.0199467094678045,-0.311875329413944,266.340499981454,1.99999999995271,4.44438656425586
165,NonStim,0,4,-1,NaN,4,0.486800000000017,0.52780000000007,NaN,41.9999999990068,0.00665432695357836,0.0305849520123015,0.0186196394829399,4.44263974400118,4.4326021709874,4.44263974400118,0.0126329132810562,0.00199918556231475,8.99260510568297,-17.9999999995744,143.067921914146
165,NonStim,0,4,-1,NaN,5,0.576800000000048,0.616800000000012,NaN,40.9999999990305,0.14609708475092,0.179805144537011,0.162951114643966,14.954554798251,18.2926192691893,18.2926192691893,-0.0997335679748826,0.123283972845839,128.971969453441,1.99999999995271,26.766226731663
165,NonStim,0,4,-1,NaN,6,0.650800000000004,0.670799999999986,NaN,20.9999999995034,6.93889390390723e-18,0.00852231937790306,0.00426115968895153,5.55335522642149,3.29887583552454,5.55335522642149,0.00332445354645941,-0.00266561259604221,321.276671663514,-2.99999999992906,128.723328336486
165,NonStim,0,4,-1,NaN,7,0.779800000000023,0.805799999999977,NaN,26.9999999993615,0,0.0279889278001649,0.0139944639000825,2.59480506295514,6.06492414810987,6.06492414810987,0,0.0139944639000825,90,-10.9999999997399,90
167,Stim,1,1,-0.1818,-0.0536666666666861,1,0.301166666666631,0.325166666666632,0.354833333333318,24.9999999994088,0.162420693785821,0.157733651432131,0.160077172608976,15.4995734907115,15.6913086936288,15.6913086936288,-0.138297145861825,-0.0333201183788105,193.546178883432,3.99999999990541,54.5952178646683
167,Stim,1,1,-0.1818,-0.0536666666666861,2,0.494166666666615,0.511166666666668,0.547833333333301,17.9999999995744,0.157811999478274,0.165155918916868,0.161483959197571,13.9909149399262,15.4392121301261,15.4392121301261,-0.159573257208904,-0.0119952467140403,184.29888362483,-2.99999999992906,15.4274175536992
167,Stim,1,1,-0.1818,-0.0536666666666861,3,0.515166666666687,0.53116666666665,0.568833333333373,16.999999999598,0.0717512893128127,0.0665960336715832,0.0691736614921979,8.04582462194609,6.58894124511961,8.04582462194609,0.0246007648104512,0.0646410565437292,69.1644305007809,3.99999999990541,1.91304221420799
167,Stim,1,1,-0.1818,-0.0536666666666861,4,0.645166666666682,0.660166666666669,0.698833333333369,15.9999999996217,0.130621702097209,0.0972795832016198,0.113950642649415,12.4887775471192,9.9428997366893,12.4887775471192,-0.00864354251515765,-0.113288404065843,265.636968393383,-0.999999999976353,8.85791477726974
168,Stim,1,1,-0.4545,-0.0551000000000386,1,0.401766666666617,0.419766666666533,0.456866666666656,18.9999999995507,0.469203083040946,0.445471126461081,0.457337104751014,43.9090736000898,39.2722497082875,43.9090736000898,-0.116355794345027,-0.441820660503941,255.245861946663,-0.999999999976353,5.09580002123312
168,Stim,1,1,-0.4545,-0.0551000000000386,2,0.421766666666599,0.439766666666628,0.476866666666638,18.9999999995507,0.171077865764613,0.191816761688058,0.181447313726335,15.8968510849966,15.7961046822135,15.8968510849966,0.0598400946403174,0.171261675012111,70.7402080362629,-1.99999999995271,2.16658776567454
168,Stim,1,1,-0.4545,-0.0551000000000386,3,0.684766666666633,0.701766666666572,0.739866666666671,17.9999999995744,0.0733234580288166,0.178442661839122,0.125883059933969,15.6264869897163,20.2580919382852,20.2580919382852,-0.0505316765989443,0.115287340812214,113.668354045768,2.99999999992906,1.38943127025399
169,Stim,1,4,1,-0.0581333333333305,1,0.372833333333347,0.411833333333334,0.430966666666677,39.9999999990541,0.0727790774401152,0.119344952510561,0.0960620149753381,24.9145330042935,30.3925206195747,30.3925206195747,-0.00199468200746619,0.0906307475214564,91.2608128676281,5.99999999985812,39.8757098486445
169,Stim,1,4,1,-0.0581333333333305,2,0.529833333333386,0.570833333333326,0.587966666666716,41.9999999990068,0.339011419790644,0.0803864687352854,0.209698944262965,34.517902242007,12.7546211314192,34.517902242007,0.00731379288053985,-0.177929020000992,272.353824521389,20.9999999995034,84.2525911257627
169,Stim,1,4,1,-0.0581333333333305,3,0.744833333333304,0.779833333333386,0.802966666666634,35.9999999991487,0.0775854629338742,0.0773978335520214,0.0774916482429478,15.6017902618566,14.3542685240116,15.6017902618566,-0.0698134951328709,-0.0326535528918077,205.066691446024,0,11.9231810254135
170,Stim,1,3,0.0909,-0.0656666666666297,1,0.548566666666716,0.569566666666674,0.614233333333345,21.9999999994798,0.647665693834241,0.640052706103085,0.643859199968663,47.9806463457192,52.7099139235158,52.7099139235158,-0.103722776942782,0.635062414629555,99.2760393136494,1.99999999995271,3.94848910313169
170,Stim,1,3,0.0909,-0.0656666666666297,2,0.647566666666762,0.68256666666673,0.713233333333392,35.9999999991487,0.74664552545567,0.714714463634035,0.730679994544852,43.3358990159022,38.91230381668,43.3358990159022,0.0359040283472166,-0.729689745856166,272.816939026286,3.99999999990541,1.96581064852188
173,NonStim,0,1,0.6363,NaN,1,0.0172666666667283,0.0422666666667055,NaN,25.9999999993852,0.00132978140271545,0.0026656073794698,0.00199769439109263,5.59302022700674,5.97927306500497,5.97927306500497,0.000664890701357726,0.0013328036897349,63.4869423202779,-10.9999999997399,90
173,NonStim,0,1,0.6363,NaN,2,0.408266666666805,0.429266666666763,NaN,21.9999999994798,0.233841725354453,0.364638442020654,0.299240083687554,22.4225252010637,32.7808951587324,32.7808951587324,-0.143616152247907,0.261894723195088,118.739200780469,-3.99999999990541,7.13539606519367
173,NonStim,0,1,0.6363,NaN,3,0.431266666666716,0.455266666666716,NaN,24.9999999994088,0.144797064214138,0.197406994691653,0.171102029452895,17.7681246687533,18.2627178264115,18.2627178264115,0.0478719922474907,-0.162600737717364,286.405185979177,0,15.8763444670618
173,NonStim,0,1,0.6363,NaN,4,0.540266666666753,0.591266666666797,NaN,51.9999999987704,0.294249199521826,0.181663206256842,0.237956202889334,25.9659649092573,15.381853114928,25.9659649092573,-0.0352391654473608,-0.235239679207166,261.480379422717,-17.9999999995744,3.27497477799676
174,Stim,1,3,-0.6363,-0.0597333333333836,1,0.39863333333335,0.41263333333336,0.458366666666734,14.9999999996453,0.142054169667599,0.125143250006113,0.133598709836856,15.2752196150693,12.8684630077436,15.2752196150693,-0.0571805824696342,-0.120618434988016,244.636160862834,0,4.72358957625147
174,Stim,1,3,-0.6363,-0.0597333333333836,2,0.658633333333341,0.676633333333371,0.718366666666725,18.9999999995507,0.276062753437167,0.126488057726709,0.201275405581938,24.6219128641578,14.4007540593138,24.6219128641578,-0.0538561349264067,-0.193922648104273,254.478979590452,3.99999999990541,1.41341978149154
176,Stim,1,4,0.3636,-0.0519666666666581,1,0.0421666666667306,0.0681666666666843,0.0941333333333887,26.9999999993615,0,0.0414585401976103,0.0207292700988051,4.654228089643,5.59299030362501,5.59299030362501,-0.0152924752280926,0.0139943860253814,137.537874745456,10.9999999997399,137.537874745456
176,Stim,1,4,0.3636,-0.0519666666666581,2,0.39216666666664,0.426166666666631,0.444133333333298,34.9999999991724,0.307635403291588,0.141827446252996,0.224731424772292,28.5565161925171,28.5390070675668,28.5565161925171,-0.113031367143341,0.171264204236008,123.424110286357,0.999999999976353,52.0404203692678
178,Stim,1,2,-0.3636,-0.0647666666666282,1,0.458100000000059,0.473100000000045,0.522866666666687,15.9999999996217,0.167012585585728,0.153272631740888,0.160142608663308,16.2559089472139,12.4120502479483,16.2559089472139,0.0159573413124716,0.158603773488668,84.2547274475414,-1.99999999995271,11.0164926256588
179,NonStim,0,1,0.4545,NaN,1,0.432366666666667,0.483366666666711,NaN,51.9999999987704,0.186048675884862,0.320848041692039,0.25344835878845,25.5510532979573,26.0470478725045,26.0470478725045,-0.216753811190732,0.131281301554309,148.79796402941,-8.99999999978718,2.04858411731226
179,NonStim,0,1,0.4545,NaN,2,0.603366666666716,0.631366666666736,NaN,28.9999999993142,0.109709874230613,0.120655854760885,0.115182864495749,9.36701985180556,12.7097585269307,12.7097585269307,0.0591750813503613,-0.0979612362061262,301.134759356138,13.9999999996689,12.9755297422162
180,NonStim,0,3,0.1818,NaN,1,0.586333333333414,0.61533333333341,NaN,29.9999999992906,0.384435247797868,0.161320072038986,0.272877659918427,42.1353247655355,38.5182356076117,42.1353247655355,-0.119680072535384,0.134610979059529,131.639689634266,-0.999999999976353,110.797756659541
180,NonStim,0,3,0.1818,NaN,2,0.850333333333424,0.86533333333341,NaN,15.9999999996217,0.257416034242501,0.233159538314435,0.245287786278468,25.6412395606435,23.8817068297161,25.6412395606435,0.0385635928917612,-0.241902959793006,279.057738664543,-1.99999999995271,5.95435074081649
182,Stim,1,4,-0.3636,-0.0563333333333276,1,0.298766666666666,0.353766666666615,0.355099999999993,55.9999999986758,0.211284915717055,0.21068717304363,0.210986044380342,29.9912906755671,30.2110397674802,30.2110397674802,-0.0478721233144188,-0.204585219538124,256.829975312436,-15.9999999996217,10.437018442703
182,Stim,1,4,-0.3636,-0.0563333333333276,2,0.467766666666648,0.505766666666659,0.524099999999976,38.9999999990778,0.262365003973953,0.212878986514987,0.23762199524447,21.7589289184465,25.4267852003643,25.4267852003643,-0.0545210290941794,0.229908715532726,103.3408041022,1.99999999995271,12.2287902806055
182,Stim,1,4,-0.3636,-0.0563333333333276,3,0.633766666666588,0.652766666666594,0.690099999999916,19.9999999995271,0,0.0363894625080829,0.0181947312540414,5.5533484541005,6.58956004518319,6.58956004518319,-0.00731378768414692,-0.0166600346673713,246.298432083299,-5.99999999985812,113.701567916701
182,Stim,1,4,-0.3636,-0.0563333333333276,4,0.767766666666603,0.798766666666666,0.82409999999993,31.9999999992433,0.210734914048079,0.152029034447101,0.18138197424759,33.5636302382101,26.7578195462204,33.5636302382101,-0.0678187563253581,-0.16726702005738,247.929805133963,-0.999999999976353,11.5035242061562
183,Stim,1,1,-0.3636,-0.0502999999999929,1,0.558633333333319,0.580633333333253,0.608933333333312,22.9999999994561,0.117840235389398,0.172080784861344,0.144960510125371,14.6392434345012,18.3751413228144,18.3751413228144,-0.134972744359206,0.0186590779112185,172.129129840997,2.99999999992906,40.6606910761335
183,Stim,1,1,-0.3636,-0.0502999999999929,2,0.779633333333322,0.807633333333342,0.829933333333315,28.9999999993142,0.49762058570772,0.427100116760731,0.462360351234226,40.5007039668615,38.8265796918021,40.5007039668615,-0.0605050371865362,-0.457814968311016,262.471393582849,0,5.67966288992636
183,Stim,1,1,-0.3636,-0.0502999999999929,3,0.956633333333343,0.97163333333333,1.00693333333334,15.9999999996217,0.219925859305037,0.194559024140311,0.207242441722674,20.6582472850446,18.8266518721232,20.6582472850446,-0.014627579235204,0.205916684089341,94.0632602555984,1.99999999995271,10.1341427909406
185,Stim,1,3,0.6363,-0.0639999999998508,1,0.488666666666745,0.508666666666727,0.552666666666596,20.9999999995034,0.202830342248486,0.174119231931262,0.188474787089874,20.4655766711867,15.2294809080592,20.4655766711867,-0.132978069411446,-0.127282886021039,223.746420099847,3.99999999990541,24.8783956233982
187,Stim,1,1,0.0909,-0.0488000000000284,1,0.315366666666591,0.358366666666598,0.36416666666662,43.9999999989595,0.103787760461416,0.0720968756971783,0.0879423180792972,25.9657402695556,23.3619246311901,25.9657402695556,-0.0026595613503831,0.0179928285778184,98.4081386110059,10.9999999997399,168.149793857091
187,Stim,1,1,0.0909,-0.0488000000000284,2,0.474366666666583,0.51436666666666,0.523166666666611,40.9999999990305,0.223729244815073,0.161730976688035,0.192730110751554,22.1485756807156,19.0682914931079,22.1485756807156,-0.0791219645260544,-0.0593098462560902,216.855237146248,2.99999999992906,120.840975191325
188,Stim,1,4,0.1818,-0.0505000000000564,1,0.179200000000037,0.213200000000029,0.229700000000093,34.9999999991724,0.166358776197533,0.191111886939184,0.178735331568358,16.6459953457682,17.0511392649217,17.0511392649217,-0.134972740842621,-0.116620416516822,220.827980066148,-3.99999999990541,7.28597028248677
188,Stim,1,4,0.1818,-0.0505000000000564,2,0.51520000000005,0.551199999999994,0.565700000000106,36.9999999991251,0.209863070643242,0.240107133409016,0.224985102026129,27.7110549785197,36.0970727160724,36.0970727160724,-0.0984037263176891,0.199920737997339,116.207043133309,0.999999999976353,15.9230673355709
188,Stim,1,4,0.1818,-0.0505000000000564,3,0.576199999999972,0.607200000000034,0.626700000000028,31.9999999992433,0.0335579801035003,0.033425860875878,0.0334919204896891,5.44515411203317,6.93037389611007,6.93037389611007,-0.000664893131435234,0.0333199498561505,91.143174439076,-15.9999999996217,11.3910250638923
188,Stim,1,4,0.1818,-0.0505000000000564,4,0.682199999999966,0.719200000000001,0.732700000000023,37.9999999991014,0.401331816289082,0.368543640530548,0.384937728409815,38.6823760539813,32.2094532633937,38.6823760539813,0.0365689378220035,-0.383180128928577,275.451533298821,1.99999999995271,1.06420564543873
193,NonStim,0,1,0.0909,NaN,1,0.278999999999996,0.322000000000003,NaN,43.9999999989595,0.230842871547916,0.132978082162802,0.181910476855359,25.7081839497981,22.2625773755094,25.7081839497981,-0.151594986166897,0.0779684932984247,152.782287105105,4.99999999988177,42.4938743544253
194,Stim,1,1,-0.0909,-0.0592666666665309,1,0.386566666666795,0.428566666666711,0.445833333333326,42.9999999989832,0.1825692923742,0.148944405186697,0.165756848780448,14.0736770697983,19.1127955878317,19.1127955878317,-0.078457083839604,0.145941551414008,118.262141470715,-3.99999999990541,3.17594771096435
194,Stim,1,1,-0.0909,-0.0592666666665309,2,0.513566666666748,0.550566666666782,0.572833333333278,37.9999999991014,0.24146891237064,0.169884367328597,0.205676639849619,19.3947368922141,12.7206344781992,19.3947368922141,0.0478721254320485,-0.19992004110939,283.466277824855,-0.999999999976353,3.71574094021491
194,Stim,1,1,-0.0909,-0.0592666666665309,3,0.645566666666696,0.671566666666763,0.704833333333227,26.9999999993615,0.0889249509861053,0.109545669583307,0.099235310284706,9.67847839918669,10.6886834634566,10.6886834634566,-0.0910899820518032,0.0059975724767991,176.232952371708,1.99999999995271,46.4410801764531
194,Stim,1,1,-0.0909,-0.0592666666665309,4,0.671566666666763,0.685566666666773,0.730833333333294,14.9999999996453,0.0453153716947384,0.0452290157602015,0.04527219372747,5.55335579929584,6.47236968289302,6.47236968289302,0.0152924597622407,-0.0393177170922196,291.253336384743,1.99999999995271,42.5492276632403
195,NonStim,0,3,-0.0909,NaN,1,0.351833333333389,0.376833333333366,NaN,25.9999999993852,0.19717739629188,0.315468141576826,0.256322768934353,19.1718298742388,20.9343133787396,20.9343133787396,-0.111036659083707,0.226576243530442,116.107769886649,-11.9999999997162,20.84354808203
195,NonStim,0,3,-0.0909,NaN,2,0.790833333333353,0.807833333333406,NaN,17.9999999995744,0.483307542112494,0.357514995686973,0.420411268899734,42.9911945747899,33.0788387004782,42.9911945747899,-0.14295131369946,-0.395170078998545,250.112596865985,0,3.38987381246091
195,NonStim,0,3,-0.0909,NaN,3,0.886833333333357,0.907833333333315,NaN,21.9999999994798,0.261277139240702,0.314538017432196,0.287907578336449,25.7601666628409,24.1889943986645,25.7601666628409,0.00265956165058164,0.287880503632426,89.4706924538019,0,1.16651756236632
196,Stim,1,3,1,-0.0587333333334072,1,0.435866666666584,0.47986666666668,0.494599999999991,44.9999999989359,0.165165446613125,0.155293086691804,0.160229266652465,21.2509764356647,13.9788155013436,21.2509764356647,-0.131648301259895,-0.089297994771199,214.149328470149,11.9999999997162,13.7591401490771
198,Stim,1,2,-1,-0.04950000000008,1,0.429399999999987,0.447399999999902,0.478900000000067,18.9999999995507,0.0934274976934483,0.168672267086585,0.131049882390016,12.7415089721472,17.3260129274213,17.3260129274213,-0.116355800484167,0.0433160680686184,159.581083595462,-0.999999999976353,39.0367376561248
198,Stim,1,2,-1,-0.04950000000008,2,0.725399999999922,0.755399999999895,0.774900000000002,30.9999999992669,0.100896469896576,0.13518405248571,0.118040261191143,19.9920861079483,20.6691862537175,20.6691862537175,-0.0219413903807385,-0.115954047719361,259.284902904773,0,2.5470415011381
199,NonStim,0,4,0.0909,NaN,1,0.092366666666635,0.122366666666608,NaN,30.9999999992669,0.298737339404825,0.393180986359599,0.345959162882212,31.884119984188,36.8459711461768,36.8459711461768,-0.0930846683498625,-0.333200542805162,254.391481135663,-2.99999999992906,0.207510814504985
199,NonStim,0,4,0.0909,NaN,2,0.425366666666605,0.456366666666668,NaN,31.9999999992433,0.0969954055717271,0.0861285994697389,0.091562002520733,11.2963927125743,9.08683725618271,11.2963927125743,-0.0771272982583894,-0.0233240412093698,196.825824495174,-1.99999999995271,56.8184089101563
199,NonStim,0,4,0.0909,NaN,3,0.468366666666611,0.489366666666569,NaN,21.9999999994798,0.0547783485803984,0.0172871580360623,0.0360327533082304,6.21970887505682,3.32445343942715,6.21970887505682,0.0172871564304858,0.0259895255403752,56.3697935443539,6.99999999983447,71.6039441898007
199,NonStim,0,4,0.0909,NaN,4,0.676366666666581,0.707366666666644,NaN,31.9999999992433,0.106669654961986,0.120053521831178,0.113361588396582,10.0305345207373,10.4778760263989,10.4778760263989,-0.0518614593038952,0.0999602649528257,117.421220947255,-1.99999999995271,13.2003531931688
200,NonStim,0,4,-0.0909,NaN,1,0.489166666666733,0.510166666666692,NaN,21.9999999994798,0.151766060030822,0.105086478133236,0.128426269082029,20.9997926362221,17.4376613924048,20.9997926362221,-0.117020704424569,-0.041316669893131,199.446671929367,4.99999999988177,30.3437194654492
201,Stim,1,3,0.1818,-0.0627000000000635,1,0.153466666666645,0.18946666666659,0.216166666666709,36.9999999991251,0.175194758659749,0.221957720315608,0.198576239487679,19.3600842935095,17.7526617437607,19.3600842935095,-0.178855421822983,-0.0859658322652343,205.670999506861,-1.99999999995271,4.23694685372089
201,Stim,1,3,0.1818,-0.0627000000000635,2,0.597466666666605,0.623466666666673,0.660166666666669,26.9999999993615,0.00399841360044664,0.0695097364937763,0.0367540750471115,33.3196418227523,27.2984510335265,33.3196418227523,-0.00265956130347733,-0.0326537526770219,265.343689144673,1.99999999995271,175.611240690674
203,NonStim,0,3,0.0909,NaN,1,0.451599999999985,0.473600000000033,NaN,22.9999999994561,0.315907250715332,0.26350668338663,0.289706967050981,29.2497392936378,25.3852183594923,29.2497392936378,0.0378987667353426,-0.287217338184707,277.516840647316,0,0.0414352052720233
206,Stim,1,3,-0.4545,-0.0487333333334163,1,0.339933333333306,0.368933333333302,0.388666666666722,29.9999999992906,0.305531461652667,0.225527384767738,0.265529423210202,24.5155443550236,20.6472518586163,24.5155443550236,-0.061834819734123,0.257893031082716,103.483231909013,14.9999999996453,5.75274254264366
206,Stim,1,3,-0.4545,-0.0487333333334163,2,0.457933333333244,0.486933333333354,0.506666666666661,29.9999999992906,0.497586808543605,0.488757318112147,0.493172063327876,42.8726776647974,39.1606093705037,42.8726776647974,-0.0259307325533418,-0.492465568679573,266.98587914594,8.99999999978718,1.13706290226838
207,NonStim,0,4,-0.1818,NaN,1,0.11813333333339,0.148133333333362,NaN,30.9999999992669,0.00893668034060857,0.0106382359038836,0.00978745812224606,7.68978909162403,6.06491734995325,7.68978909162403,0.00731378974729289,0.00399841822554691,28.6652427844821,-16.999999999598,63.4869868257374
207,NonStim,0,4,-0.1818,NaN,2,0.431133333333378,0.487133333333418,NaN,56.9999999986521,0.189798023400944,0.272624174613362,0.231211099007153,39.0464064186693,37.9846131299862,39.0464064186693,-0.0418881055594961,0.227242790814898,100.444203649149,-2.99999999992906,4.05206510003785
207,NonStim,0,4,-0.1818,NaN,3,0.54913333333343,0.583133333333421,NaN,34.9999999991724,0.150767484064642,0.0861007003743162,0.118434092219479,18.0026961659745,16.9147244543858,18.0026961659745,-0.0624996326683185,-0.0999598102032401,237.984415933842,-2.99999999992906,11.4185052788404
207,NonStim,0,4,-0.1818,NaN,4,0.640133333333324,0.671133333333387,NaN,31.9999999992433,0.19992058245659,0.334854689293916,0.267387635875253,19.1718431818579,21.049265921456,21.049265921456,-0.0166222249335428,-0.266560463418452,266.431759857442,-4.99999999988177,5.69772431780041
208,NonStim,0,1,-0.1818,NaN,1,0.239366666666683,0.276366666666718,NaN,37.9999999991014,0.146860920588588,0.168773418676792,0.15781716963269,28.4990608270501,25.7283858128475,28.4990608270501,-0.134972525522316,0.0693057522694638,152.820388322447,1.99999999995271,32.019471411329
208,NonStim,0,1,-0.1818,NaN,2,0.513366666666684,0.553366666666761,NaN,40.9999999990305,0.103787410414768,0.265101545032818,0.184444477723793,26.8625772957422,28.0764953301678,28.0764953301678,0.00132976787604977,0.181927406026406,89.5812135626796,10.9999999997399,21.0774403861792
208,NonStim,0,1,-0.1818,NaN,3,0.701366666666672,0.721366666666654,NaN,20.9999999995034,0.185248975206671,0.137468988815406,0.161358982011039,21.7211555134972,19.0526295094687,21.7211555134972,-0.0671537807371003,-0.143276306102837,244.887456146021,4.99999999988177,22.8472702691004
211,NonStim,0,1,-0.4545,NaN,1,0.345133333333251,0.390133333333324,NaN,45.9999999989122,0.0434748207368364,0.0941367230137379,0.0688057718752872,5.71034864887758,8.02800803530298,8.02800803530298,-0.0192818164542482,-0.0166600824435593,220.828024486401,-29.9999999992906,175.031272395379
211,NonStim,0,1,-0.4545,NaN,2,0.52013333333332,0.56113333333326,NaN,41.9999999990068,0.384871088453684,0.285074513892941,0.334972801173313,38.6814842854678,25.5690693800955,38.6814842854678,-0.0718081765906894,-0.324535195424354,257.523484141771,-4.99999999988177,14.4159106335941
211,NonStim,0,1,-0.4545,NaN,3,0.664133333333325,0.691133333333255,NaN,27.9999999993379,0.00266555073247227,0.0341927607968129,0.0184291557646426,5.40429920403531,5.69207453322421,5.69207453322421,0.0166222546351784,0.0053311342258569,17.7822246140209,-13.9999999996689,76.4748796812953
211,NonStim,0,1,-0.4545,NaN,4,0.7421333333333,0.775133333333315,NaN,33.999999999196,0.202664193015122,0.210685902388722,0.206675047701922,23.391260786416,18.9643787514299,23.391260786416,-0.0498667823451029,0.19991915072531,104.005757781947,-1.99999999995271,8.95473184375908
212,NonStim,0,4,-0.4545,NaN,1,0.337433333333252,0.391433333333225,NaN,54.9999999986994,0.164240692453598,0.106414451547259,0.135327572000429,15.8140823226125,13.5791627550442,15.8140823226125,-0.11569093893833,-0.0666402957113009,209.942803360199,12.9999999996926,19.2427395959956
212,NonStim,0,4,-0.4545,NaN,2,0.731433333333257,0.778433333333282,NaN,47.999999998865,0.0942214338054353,0.0769939914293108,0.085607712617373,12.2972199040619,10.1165515095057,12.2972199040619,-0.0638294979256273,0.0179928491965863,164.257426412174,4.99999999988177,78.9292097326673
212,NonStim,0,4,-0.4545,NaN,3,0.80343333333326,0.828433333333237,NaN,25.9999999993852,0.00132978018236411,0.0405707956835432,0.0209502879329537,4.79463035090593,6.064924771858,6.064924771858,0.0146275957777504,0.0133280621827576,42.3384912705963,12.9999999996926,138.926442552666
213,NonStim,0,4,0.1818,NaN,1,0.0472333333333381,0.0722333333333154,NaN,25.9999999993852,0.00132978012931213,0,0.000664890064656063,5.96944803725716,4.65423488335521,5.96944803725716,-0.000664890064656063,0,180,-8.99999999978718,180
213,NonStim,0,4,0.1818,NaN,2,0.256233333333398,0.324233333333382,NaN,68.9999999983684,0.0743708822099682,0.134791661263874,0.104581271736921,13.7302503416433,19.8870437221481,19.8870437221481,-0.0784570892752054,0.0333201431887015,156.989429041305,-27.9999999993379,74.4843854836138
213,NonStim,0,4,0.1818,NaN,3,0.350233333333335,0.398233333333337,NaN,48.9999999988413,0.0354043299362354,0.0265956158173516,0.0309999728767935,6.90977637462301,5.90071123093084,6.90977637462301,0.0192818230444231,0.0166600782535257,40.8280076700001,12.9999999996926,70.2425797912284
213,NonStim,0,4,0.1818,NaN,4,0.42823333333331,0.478233333333378,NaN,50.999999998794,0.130683899867092,0.108363931577056,0.119523915722074,22.6784993410393,15.0329616617709,22.6784993410393,-0.0285902899045674,0.115953602702647,103.850948831969,0.999999999976353,4.65176639098917
213,NonStim,0,4,0.1818,NaN,5,0.541233333333366,0.598233333333383,NaN,57.9999999986285,0.312835957528615,0.206896389356371,0.259866173442493,23.3938986958354,9.77389702132235,23.3938986958354,-0.0777920752687371,-0.247901186068856,252.577999000188,-6.99999999983447,2.19858547507587
213,NonStim,0,4,0.1818,NaN,6,0.596233333333316,0.614233333333345,NaN,18.9999999995507,0.0337419563575615,0.0443278171654002,0.0390348867614808,5.90070472702533,5.76598916652372,5.90070472702533,0.013962660843598,0.0313208927731967,65.9729819671996,-3.99999999990541,57.6575596097076
213,NonStim,0,4,0.1818,NaN,7,0.636233333333394,0.690233333333367,NaN,54.9999999986994,0.0339770197006377,0.0293217183317771,0.0316493690162074,5.62366780322292,7.84472072616903,7.84472072616903,-0.00332444026664458,0.0313209181047967,96.0587589670517,-22.9999999994561,11.2848925025719
213,NonStim,0,4,0.1818,NaN,8,0.688233333333301,0.730233333333331,NaN,42.9999999989832,0.0333201178778163,0.04159942743859,0.0374597726582031,5.55335327981588,5.66283371637544,5.66283371637544,0.0132977966298222,-0.000666413463391389,357.131046359749,-8.99999999978718,140.258424737231
215,Stim,1,1,0.4545,-0.0493666666666286,1,0.299766666666642,0.32176666666669,0.34913333333327,22.9999999994561,0.169615727377875,0.140922761191398,0.155269244284637,25.2517933945512,20.4408112163266,25.2517933945512,-0.132978079160144,-0.0759699097979256,209.739176060695,0,19.0414003238521
215,Stim,1,1,0.4545,-0.0493666666666286,2,0.694766666666624,0.722766666666644,0.744133333333252,28.9999999993142,0.0687386433244958,0.0882157381710234,0.0784771907477596,15.773041711039,9.32333146140541,15.773041711039,0.0232711652787417,-0.0159935002064388,325.500549449948,-2.99999999992906,140.201322707057
216,Stim,1,2,0.6363,-0.0585000000000946,1,0.471699999999942,0.484699999999975,0.530200000000036,13.9999999996689,0.244195984581183,0.245981601839894,0.245088793210538,25.718658572064,25.3241695208044,25.718658572064,0.0219413917657731,-0.243902482702291,275.14047352153,-0.999999999976353,4.6456382458814
217,Stim,1,4,-0.0909,-0.0555666666666639,1,0.309999999999945,0.340000000000032,0.365566666666609,30.9999999992669,0.0964677507643899,0.157292145622735,0.126879948193562,12.1282131520481,16.8253874312095,16.8253874312095,-0.0811166516299912,-0.0579770174036554,215.55476987561,-1.99999999995271,79.1391968110288
217,Stim,1,4,-0.0909,-0.0555666666666639,2,0.580000000000041,0.609000000000037,0.635566666666705,29.9999999992906,0.138416119793582,0.141204967332637,0.139810543563109,12.5515563399999,18.0922983420437,18.0922983420437,-0.0977388754318555,-0.099960321776569,225.6437767348,-0.999999999976353,1.16911991509596
217,Stim,1,4,-0.0909,-0.0555666666666639,3,0.797000000000025,0.817999999999984,0.852566666666689,21.9999999994798,0.21046689888134,0.274354076596249,0.242410487738795,25.3232218286634,28.6976493644119,28.6976493644119,-0.13630237485209,0.199920655968997,124.285475503374,2.99999999992906,7.0168623484046
219,NonStim,0,2,-0.6363,NaN,1,0.8286333333333,0.84663333333333,NaN,18.9999999995507,0.333040371661561,0.249233696751314,0.291137034206437,30.432345004228,26.2117722572225,30.432345004228,0.0139627037789437,-0.290550615862263,272.751290025175,3.99999999990541,4.80989387192005
220,NonStim,0,4,1,NaN,1,0.36850000000004,0.411500000000046,NaN,43.9999999989595,0.286579309971208,0.253668729887786,0.270124019929497,28.838553993359,29.5350228792164,29.5350228792164,-0.0518614242807673,0.259895935295172,101.284967238568,-2.99999999992906,22.3539277502521
220,NonStim,0,4,1,NaN,2,0.506500000000074,0.54950000000008,NaN,43.9999999989595,0.599221976341162,0.345602884712151,0.472412430526656,33.5573966410218,33.1731467861822,33.5573966410218,-0.0711432842235652,-0.465143884412545,261.304060046586,-0.999999999976353,10.5587733257469
221,NonStim,0,3,-0.4545,NaN,1,0.567433333333383,0.593433333333337,NaN,26.9999999993615,0.0685736831576958,0.319005654387453,0.193789668772574,33.3198077739998,34.9940537981129,34.9940537981129,0.0432178566886331,-0.187258047056113,282.995912775942,11.9999999997162,19.4009946722522
223,NonStim,0,1,1,NaN,1,0.358366666666711,0.403366666666784,NaN,45.9999999989122,0.100169003184908,0.149458645206843,0.124813824195875,22.4434806467308,22.0797233486653,22.4434806467308,-0.119680280079817,0.0313209322156736,165.334316178095,-3.99999999990541,15.5535839104463
223,NonStim,0,1,1,NaN,2,0.536366666666709,0.571366666666677,NaN,35.9999999991487,0.165561046566069,0.137760860234451,0.15166095340026,19.0526083667292,21.3534761191379,21.3534761191379,-0.132977802485089,0.0313207908679124,166.746458713329,-0.999999999976353,51.7060745210795
223,NonStim,0,1,1,NaN,3,0.738366666666707,0.77936666666676,NaN,41.9999999990068,0.134344861560614,0.112959999146343,0.123652430353478,9.34015929457407,13.9160234591431,13.9160234591431,0.0292551323397079,-0.119952445023997,283.706256992689,-10.9999999997399,6.2757763975581
224,Stim,1,4,0.0909,-0.0543333333333749,1,0.0512999999999693,0.0662999999999556,0.105633333333344,15.9999999996217,0.0950603162531065,0.174610094149099,0.134835205201103,9.75172911407486,19.1488487580371,19.1488487580371,-0.10239313474783,-0.0513130078213767,206.617152412467,1.99999999995271,67.0501043948495
224,Stim,1,4,0.0909,-0.0543333333333749,2,0.882299999999987,0.897299999999973,0.936633333333361,15.9999999996217,0.29622663560955,0.297078847658094,0.296652741633822,29.219910639706,30.6987395773794,30.6987395773794,-0.0924197379608861,-0.281887808447276,251.847751892662,2.99999999992906,0.324248145791586
225,Stim,1,4,-1,-0.0535333333333483,1,0.324533333333306,0.347533333333217,0.378066666666655,23.9999999994325,0.100531855107548,0.0997335545658428,0.100132704836696,11.3292309009788,11.3814439012702,11.3814439012702,-0.097738892554913,-0.015327232373342,188.912433224464,-6.99999999983447,17.7535254145831
225,Stim,1,4,-1,-0.0535333333333483,2,0.603533333333303,0.647533333333286,0.657066666666651,44.9999999989359,0.150553904358223,0.175201395811829,0.162877650085026,35.807387521291,36.6915517068194,36.6915517068194,-0.0339094190568279,-0.159270222150975,257.980902911728,-1.99999999995271,2.47234678677648
225,Stim,1,4,-1,-0.0535333333333483,3,0.840533333333269,0.881533333333323,0.894066666666617,41.9999999990068,0.218778066139687,0.0749772815666863,0.146877673853187,23.3240959300829,24.9519537430429,24.9519537430429,-0.0378986493887088,-0.091963494500971,247.603178242732,-26.9999999993615,115.089305674657
226,NonStim,0,1,0.1818,NaN,1,0.388266666666595,0.428266666666673,NaN,40.9999999990305,0.164317194571428,0.168140357490182,0.166228776030805,24.6220243049501,30.4143620968958,30.4143620968958,-0.163562944954391,-0.0293217133096301,190.163382031426,-7.99999999981083,3.0373556932901
227,Stim,1,4,0.4545,-0.0482999999999265,1,0.331900000000019,0.364900000000034,0.380199999999945,33.999999999196,0.0762461069922678,0.0793124446035685,0.0777792757979182,8.66301010434691,13.5664892458013,13.5664892458013,0.0525263559972673,-0.0533122296441135,314.574574665348,0.999999999976353,31.6029135499633
227,Stim,1,4,0.4545,-0.0482999999999265,2,0.625900000000001,0.660900000000083,0.674199999999928,35.9999999991487,0.346529350257595,0.27854720897004,0.312538279613818,19.5677297442191,15.6060325884062,19.5677297442191,-0.0924197665401087,-0.298547227077991,252.799306117782,4.99999999988177,1.063656515839
227,Stim,1,4,0.4545,-0.0482999999999265,3,0.811900000000037,0.837899999999991,0.860199999999963,26.9999999993615,0.174654194919564,0.14955391315724,0.162104054038402,13.5209437011667,14.9292025530749,14.9292025530749,-0.069148453416577,0.146608068501511,115.251150691958,8.99999999978718,1.07296620142881
231,NonStim,0,3,0.6363,NaN,1,0.463100000000054,0.477100000000064,NaN,14.9999999996453,0.323693810882901,0.260400281600304,0.292047046241603,33.3001759832926,30.1027914614499,33.3001759832926,-0.108377114264385,-0.269892478478874,248.121745290786,-0.999999999976353,10.4866141474796
231,NonStim,0,3,0.6363,NaN,2,0.711099999999988,0.739100000000008,NaN,28.9999999993142,0.25093786988854,0.196094842530783,0.223516356209662,22.893977379535,24.878993507542,24.878993507542,0.00997337833302346,0.219245954498942,87.3954419241194,-6.99999999983447,21.9984456451835
232,Stim,1,4,0.6363,-0.0548000000000002,1,0.521433333333334,0.550433333333331,0.576233333333334,29.9999999992906,0.22665646564296,0.0877793888302531,0.157217927236607,16.5659435936493,9.72103549818755,16.5659435936493,-0.0206116101225168,-0.141276876977855,261.699387394809,-2.99999999992906,55.6406496998783
232,Stim,1,4,0.6363,-0.0548000000000002,2,0.871433333333357,0.911433333333321,0.926233333333357,40.9999999990305,0.531028733884114,0.328042035081931,0.429535384483022,51.0127725677388,52.6343058868947,52.6343058868947,-0.132313087621244,-0.40716606937451,251.997860171612,-1.99999999995271,9.56024449561647
233,NonStim,0,2,-0.4545,NaN,1,0.462200000000053,0.486200000000053,NaN,24.9999999994088,0.228567137302655,0.411573745925587,0.320070441614121,20.2396332497533,28.499281165882,28.499281165882,-0.17154162226961,0.269224928765271,122.504000268287,-8.99999999978718,8.6620219307502
234,Stim,1,3,-0.3636,-0.0609333333334234,1,0.369666666666603,0.391666666666652,0.430600000000027,22.9999999994561,0.122169034310523,0.215295221698748,0.168732128004636,17.9371914838122,15.5119847439327,17.9371914838122,-0.103722890350825,0.127282856495002,129.176615633793,1.99999999995271,27.7370506998395
234,Stim,1,3,-0.3636,-0.0609333333334234,2,0.640666666666561,0.666666666666629,0.701599999999985,26.9999999993615,0.397443978369659,0.33177302541991,0.364608501894784,32.5439727618678,23.5294845321974,32.5439727618678,-0.053856129699497,-0.360522514240217,261.503780798956,0.999999999976353,2.49286445400281
235,NonStim,0,1,0.3636,NaN,1,0.416366666666704,0.46336666666673,NaN,47.999999998865,0.199587042896547,0.0890705794169171,0.144328811156732,32.6824307961686,25.0069359811529,32.6824307961686,-0.0265955940392002,-0.14061088591859,259.289420489897,-6.99999999983447,16.179717457268
235,NonStim,0,1,0.3636,NaN,2,0.575366666666696,0.630366666666646,NaN,55.9999999986758,0.261816005912034,0.234587561359777,0.248201783635905,23.8714738620918,25.6565202103427,25.6565202103427,-0.0997335483339977,0.223244736174269,114.072481690091,-2.99999999992906,19.8199127196798
235,NonStim,0,1,0.3636,NaN,3,0.732366666666735,0.77836666666667,NaN,46.9999999988886,0.399004798401702,0.304561591900524,0.351783195151113,32.8752492114555,32.2093875368623,32.8752492114555,-0.036568983676291,-0.349193320142712,264.021538559455,-1.99999999995271,7.19272981870262
236,NonStim,0,4,0.6363,NaN,1,0.299499999999966,0.314499999999953,NaN,15.9999999996217,0.265043438730721,0.269265400254434,0.267154419492577,26.5458764536075,25.7640822440125,26.5458764536075,-0.181514985622504,-0.195921761642064,227.18592105631,-0.999999999976353,2.66030519430942
236,NonStim,0,4,0.6363,NaN,2,0.317499999999995,0.333499999999958,NaN,16.999999999598,0.152622298038874,0.175922484980176,0.164272391509525,15.8045582569052,16.9112350195195,16.9112350195195,0.0724729518573081,0.146607957688886,63.6953560457739,0,10.831969156784
236,NonStim,0,4,0.6363,NaN,3,0.495499999999993,0.527500000000032,NaN,32.9999999992197,0.0630884944813375,0.0743708379285284,0.068729666204933,16.0183253489604,16.9750567710503,16.9750567710503,-0.00465424978807467,0.00333203347843501,144.400668180701,-12.9999999996926,178.376545756071
238,Stim,1,1,0.3636,-0.0484000000000151,1,0.364233333333345,0.398233333333337,0.41263333333336,34.9999999991724,0.373333606336339,0.529828543195547,0.451581074765943,32.5364275142882,46.7551689036395,46.7551689036395,-0.0565157006852071,-0.447818512820109,262.807170023861,-2.99999999992906,3.55228812750863
238,Stim,1,1,0.3636,-0.0484000000000151,2,0.461233333333325,0.492233333333274,0.50963333333334,31.9999999992433,0.366519921980982,0.363023226258241,0.364771574119611,21.3248796143536,24.0016083591224,24.0016083591224,-0.0239360404426343,0.363186422826053,93.7706630392589,1.99999999995271,7.5776989746368
239,NonStim,0,1,-0.0909,NaN,1,0.256566666666572,0.304566666666574,NaN,48.9999999988413,0.033244512360521,0.115563860799012,0.0744041865797663,20.7430629949825,20.6944863618745,20.7430629949825,-0.0638294509023776,0.0333201477662008,152.434612627402,-2.99999999992906,35.2155046099795
239,NonStim,0,1,-0.0909,NaN,2,0.439566666666565,0.487566666666567,NaN,48.9999999988413,0.11650293370226,0.0743708645574914,0.0954368991298758,23.6627781987133,26.6278102425099,26.6278102425099,-0.0631646018516495,-0.0333201433549137,207.812225836819,-3.99999999990541,85.71080411681
239,NonStim,0,1,-0.0909,NaN,3,0.624566666666624,0.693566666666584,NaN,69.9999999983447,0.301434401294792,0.326400358713787,0.31391738000429,26.2870855989348,25.3231063481365,26.2870855989348,-0.0292551876784958,-0.312541157385662,264.652451891612,-4.99999999988177,0.915544109443545
242,NonStim,0,3,-0.3636,NaN,1,0.356733333333295,0.378733333333344,NaN,22.9999999994561,0.416005362886352,0.297743968160484,0.356874665523418,44.5509823838839,41.5782221888026,44.5509823838839,-0.0106382537900833,-0.35585768290318,268.28767062339,0.999999999976353,8.05927946677571
242,NonStim,0,3,-0.3636,NaN,2,0.513733333333334,0.535733333333269,NaN,22.9999999994561,0.266680148469139,0.374052693798131,0.320366421133635,25.4548793359239,21.8930602917492,25.4548793359239,-0.0299200837671511,0.317207014064565,95.388397576153,0,12.1604330127879
242,NonStim,0,3,-0.3636,NaN,3,0.68573333333336,0.701733333333323,NaN,16.999999999598,0.393986527916811,0.443735828072294,0.418861177994552,33.1579665909865,38.9245146544243,38.9245146544243,-0.0292551895517566,-0.417832150770474,265.994880180954,0,0.619778242237089
244,NonStim,0,1,-1,NaN,1,0.341999999999985,0.378000000000043,NaN,36.9999999991251,0.316879223372935,0.212425037247601,0.264652130310268,30.4199371105207,17.1157120652349,30.4199371105207,-0.0871006608503192,-0.24990002947107,250.784407319415,0.999999999976353,0.905198489894588
244,NonStim,0,1,-1,NaN,2,0.512000000000057,0.562000000000012,NaN,50.999999998794,0.217246631694678,0.203003096267199,0.210124863980938,16.4438722582992,19.6775754337554,19.6775754337554,-0.0132978084145281,0.209250014913183,93.6362487262443,3.99999999990541,7.52801182219929
245,Stim,1,2,-0.6363,-0.0579999999999927,1,0.274100000000089,0.324100000000044,0.332100000000082,50.999999998794,0.194171482266233,0.223416854464815,0.208794168365524,16.5129869873135,15.076371932386,16.5129869873135,-0.0997335800451659,-0.183260698508584,241.444217975515,4.99999999988177,4.39333572912787
246,Stim,1,3,0.6363,-0.055066666666562,1,0.00266666666675519,0.0166666666667652,0.0577333333333172,14.9999999996453,0.123951367219204,0.100040021464056,0.11199569434163,12.2136862358799,12.2675425716457,12.2675425716457,-0.00182844580616749,0.111955684501081,90.9356641005668,0.999999999976353,2.43908435277922
246,Stim,1,3,0.6363,-0.055066666666562,2,0.710666666666725,0.738666666666745,0.765733333333287,28.9999999993142,0.0842471190757623,0.0468466283195648,0.0655468736976636,11.3057100924227,10.8523112814223,11.3057100924227,0.0179519386473503,0.00599763116288242,18.4741535689179,-11.9999999997162,174.666206746186
247,Stim,1,3,0.4545,-0.0586999999999307,1,0.480800000000045,0.510800000000017,0.539499999999975,30.9999999992669,0.189229434532067,0.180019828674479,0.184624631603273,19.6775883933227,17.5759177933022,19.6775883933227,0.128323848838778,-0.132614150711246,314.058036609073,-9.99999999976353,3.55263240353707
248,NonStim,0,2,1,NaN,1,0.473733333333257,0.487733333333267,NaN,14.9999999996453,0.276860459111637,0.207348624174756,0.242104541643197,26.6335463729094,23.2464712013909,26.6335463729094,-0.096409124797949,-0.221911320432961,246.517517550024,0.999999999976353,4.14988380561022
248,NonStim,0,2,1,NaN,2,0.826733333333323,0.845733333333328,NaN,19.9999999995271,0.151643750817842,0.145334591674366,0.148489171246104,26.7480722056515,23.8714079354948,26.7480722056515,-0.118350359231897,-0.0846329381190198,215.568750144514,0.999999999976353,23.0464262554096
250,NonStim,0,4,-0.0909,NaN,1,0.592733333333399,0.611733333333405,NaN,19.9999999995271,0.110352790634442,0.0691485396139914,0.0897506651242168,12.7546800254064,8.23922718423061,12.7546800254064,-0.080451647296906,-0.0306545401996267,200.858372063268,-1.99999999995271,33.7502215478034
251,NonStim,0,4,-1,NaN,1,0.361999999999966,0.38799999999992,NaN,26.9999999993615,0.358580454533765,0.419462305534891,0.389021380034328,24.0013165108655,22.4782661085682,24.0013165108655,-0.0186169085693491,0.38783968303602,92.7481771723105,-1.99999999995271,7.06753356937384
251,NonStim,0,4,-1,NaN,2,0.51400000000001,0.538999999999987,NaN,25.9999999993852,0.400250569283864,0.369567192616646,0.384908880950255,23.8800504132367,21.2792716058913,23.8800504132367,-0.0937495685813645,-0.373182525757275,255.898180725431,0,2.98974292010891
253,NonStim,0,1,-0.3636,NaN,1,0.067766666666671,0.0927666666666482,NaN,25.9999999993852,0.0203109200888485,4.33680868994202e-19,0.0101554600444243,5.55777232515772,5.55335702244988,5.55777232515772,0.00864357921006539,-0.00533122004359443,328.334384932758,-2.99999999992906,31.6656150672422
253,NonStim,0,1,-0.3636,NaN,2,0.321766666666576,0.368766666666602,NaN,47.999999998865,0.168033871361,0.179083276248052,0.173558573804526,22.89597503434,21.5213716543045,22.89597503434,-0.160238474785345,0.0666402610966887,157.418464262259,1.99999999995271,1.51871364625285
253,NonStim,0,1,-0.3636,NaN,3,0.533766666666679,0.558766666666656,NaN,25.9999999993852,0.117293902680474,0.033320062228808,0.0753069824546408,13.1731680061521,11.1067088616445,13.1731680061521,0.000664889549584581,-0.0753032133557435,270.505879807917,-0.999999999976353,0.649585021611188
253,NonStim,0,1,-0.3636,NaN,4,0.77976666666666,0.812766666666676,NaN,33.999999999196,0.166600169640546,0.169885145707174,0.16824265767386,27.9897890316639,23.3399373640596,27.9897890316639,-0.0166222307929397,-0.166600397703558,264.302281348748,-1.99999999995271,11.2849095888242
255,Stim,1,3,-0.4545,-0.0639666666667154,1,0.408233333333328,0.425233333333381,0.472200000000043,17.9999999995744,0.124832311300703,0.317080460039184,0.220956385669943,11.7914007956265,24.044346025115,24.044346025115,-0.140956678204815,0.151938053704961,132.852839825935,-4.99999999988177,45.2905028982618
256,Stim,1,1,1,-0.0617666666666992,1,0.441166666666732,0.470166666666728,0.502933333333431,29.9999999992906,0.12752257981054,0.21069822534254,0.16911040257654,15.6265382198822,22.0631644466044,22.0631644466044,-0.125664289718026,0.101292991647462,141.129092340287,-2.99999999992906,35.8604841790856
256,Stim,1,1,1,-0.0617666666666992,2,0.627166666666653,0.664166666666688,0.688933333333352,37.9999999991014,0.178409411427137,0.194341154589481,0.186375283008309,21.197056751359,17.8039876157891,21.197056751359,-0.123669539272007,-0.115287393053053,222.990998797715,2.99999999992906,49.81735388089
257,NonStim,0,3,-0.6363,NaN,1,0.2963666666667,0.337366666666753,NaN,41.9999999990068,0.13616699854669,0.247770385618268,0.191968692082479,31.1480616137218,22.7685002628608,31.1480616137218,-0.107712208688264,0.111288593947881,134.064416357552,23.9999999994325,76.2687903376573
258,Stim,1,4,-0.3636,-0.0562666666666019,1,0.223666666666645,0.244666666666717,0.279933333333247,21.9999999994798,0.17083320476902,0.240651946098926,0.205742575433973,15.5646825199341,20.8221943934832,20.8221943934832,-0.20013177361403,0.0473146199388218,166.698515963267,-1.99999999995271,3.51216066116143
258,Stim,1,4,-0.3636,-0.0562666666666019,2,0.602666666666664,0.623666666666736,0.658933333333266,21.9999999994798,0.115848228400736,0.211514940225018,0.163681584312877,11.4564166838876,16.3462645031991,16.3462645031991,-0.119014936617394,0.104625167553789,138.681531373744,-7.99999999981083,30.3650771893004
259,Stim,1,1,-0.6363,-0.0567666666667037,1,0.355666666666593,0.414666666666676,0.412433333333297,59.9999999985812,0.102898281264729,0.137089021208338,0.119993651236533,12.9730666628354,14.4059629299609,14.4059629299609,-0.116355825255304,-0.00399840443253054,181.968114508111,-0.999999999976353,28.3137798666937
259,Stim,1,1,-0.6363,-0.0567666666667037,2,0.808666666666682,0.873666666666622,0.865433333333385,65.9999999984393,0.358678550937273,0.166732565402487,0.26270555816988,20.9099140487811,14.3542273514473,20.9099140487811,-0.00864357892802679,-0.26256034722453,268.114483743064,2.99999999992906,0.585810933996356
261,NonStim,0,1,0.3636,NaN,1,0.449133333333293,0.511133333333305,NaN,62.9999999985102,0.050969215285362,0.146368855438272,0.0986690353618171,38.4645062040337,37.8043427710783,38.4645062040337,-0.0904251059491257,0.0366521449027068,157.935736702835,4.99999999988177,19.5708785783342
261,NonStim,0,1,0.3636,NaN,2,0.718133333333299,0.749133333333361,NaN,31.9999999992433,0.276766873116013,0.264539569973461,0.270653221544737,18.1226669128563,19.8870226427232,19.8870226427232,-0.10438769302088,-0.247234842425144,247.109517489507,2.99999999992906,14.9024808978066
262,NonStim,0,2,-0.4545,NaN,1,0.696166666666727,0.730166666666719,NaN,34.9999999991724,0.217739047228302,0.281910581262151,0.249824814245227,20.312397255645,15.1721513570454,20.312397255645,-0.0385636553701718,-0.241903934976481,260.942282812976,-4.99999999988177,22.8463653187181
264,Stim,1,4,-0.4545,-0.0533666666666477,1,0.297866666666664,0.342866666666737,0.351233333333312,45.9999999989122,0.168492154473947,0.240514691629196,0.204503423051571,19.1621150803258,19.3600427750136,19.3600427750136,-0.170876368855864,0.111955625832803,146.76778623174,5.99999999985812,5.36772685119934
264,Stim,1,4,-0.4545,-0.0533666666666477,2,0.504866666666658,0.545866666666711,0.558233333333305,41.9999999990068,0.120795155088556,0.102817652063603,0.11180640357608,11.4476537469421,13.6152890818636,13.6152890818636,0.050531532442955,-0.0986276315906707,297.128178665874,3.99999999990541,15.2905632393735
264,Stim,1,4,-0.4545,-0.0533666666666477,3,0.879866666666658,0.92786666666666,0.933233333333305,48.9999999988413,0.335128625104356,0.295093961194721,0.315111293149538,41.4097463056042,31.326006427158,41.4097463056042,-0.0345742686298055,-0.313207573187193,263.700753529172,3.99999999990541,0.318319252498327
265,Stim,1,2,0.4545,-0.0657333333332417,1,0.612900000000081,0.64890000000014,0.678633333333323,36.9999999991251,0.240467723284496,0.241369448500297,0.240918585892397,29.1535122336398,26.9366528072229,29.1535122336398,0.0332445319863403,-0.237239160825578,277.97696488872,8.99999999978718,12.1882070389708
268,Stim,1,4,-0.1818,-0.0570000000000164,1,0.0160999999999376,0.0630999999999631,0.073099999999954,47.999999998865,0.00666403004326429,0.0368916755420005,0.0217778527926324,5.55335909738935,6.5895670986361,6.5895670986361,0.0166222650085354,0.00466481166525295,15.6760500032451,-8.99999999978718,115.69180141829
268,Stim,1,4,-0.1818,-0.0570000000000164,2,0.0580999999999676,0.0810999999999922,0.115099999999984,23.9999999994325,0.0276919053776579,0.00664890464423377,0.0171704050109458,5.59302037150732,2.65956202948944,5.59302037150732,0.0146275939368507,0.00799683659321379,28.6652194028648,-8.99999999978718,35.2789469931033
268,Stim,1,4,-0.1818,-0.0570000000000164,3,0.222099999999955,0.247099999999932,0.279099999999971,25.9999999993852,0.00797868191179429,0,0.00398934095589715,4.43623397277015,2.67901105781125,4.43623397277015,-0.00398934095589715,0,180,-11.9999999997162,180
268,Stim,1,4,-0.1818,-0.0570000000000164,4,0.281099999999924,0.303099999999972,0.33809999999994,22.9999999994561,0.0079968335492101,0.0339770565155289,0.0209869450323695,7.24579994582681,5.55335859915579,7.24579994582681,-0.00332445180324685,0.0206584921817798,99.1419017554024,-2.99999999992906,11.2849197901431
268,Stim,1,4,-0.1818,-0.0570000000000164,5,0.317099999999982,0.364100000000008,0.374099999999999,47.999999998865,0.0932022379638433,0.0732154102344576,0.0832088240991505,18.1030966990094,19.4797763619867,19.4797763619867,-0.0658241653532529,-0.0179928714219576,195.288189995268,-2.99999999992906,70.3956884842053
268,Stim,1,4,-0.1818,-0.0570000000000164,6,0.381099999999947,0.438099999999963,0.438099999999963,57.9999999986285,0.029211368333681,0.0743708467495425,0.0517911075416117,5.59302001858431,5.9792680757222,5.9792680757222,0.0206116088473117,0.0239904708786138,49.3322074558278,-7.99999999981083,123.257831635139
268,Stim,1,4,-0.1818,-0.0570000000000164,7,0.510099999999966,0.601099999999974,0.567099999999982,91.9999999978245,0.233680652242292,0.166464648259438,0.200072650250865,27.7198548822756,23.9264941640767,27.7198548822756,-0.0784570868134216,-0.179928629919835,246.440603145305,-49.9999999988177,22.64361053729
268,Stim,1,4,-0.1818,-0.0570000000000164,8,0.765099999999961,0.791100000000029,0.822099999999978,26.9999999993615,0.00664890686202816,0,0.00332445343101408,5.59299955313282,5.6236720308917,5.6236720308917,0.00332445343101408,0,0,2.99999999992906,0
268,Stim,1,4,-0.1818,-0.0570000000000164,9,0.862099999999941,0.897100000000023,0.919099999999958,35.9999999991487,0.00265956281529526,0.0519780456220488,0.027318804218672,5.7103312499849,7.68978929736164,7.68978929736164,0.0186169253284778,0.0166600779426434,41.825004955298,12.9999999996926,140.130371792614
269,NonStim,0,3,0.1818,NaN,1,0.317733333333308,0.331733333333318,NaN,14.9999999996453,0.204687382141498,0.180169201450565,0.192428291796032,19.3905931840018,15.870865330654,19.3905931840018,-0.0192817911728644,-0.191257259000992,264.243120353538,0.999999999976353,5.25567457944192
269,NonStim,0,3,0.1818,NaN,2,0.451733333333323,0.468733333333375,NaN,17.9999999995744,0.127834685894007,0.130373211521993,0.129103948708,16.1688550811221,16.4045533409638,16.4045533409638,-0.0997335163890663,-0.0819674904717393,219.415589787471,0,1.37107192021398
270,NonStim,0,3,0.6363,NaN,1,0.321533333333377,0.335533333333387,NaN,14.9999999996453,0.174339636360944,0.235686709806272,0.205013173083608,17.8792992446083,23.094146551196,23.094146551196,-0.130983394534634,0.155938185451634,130.029250807107,-0.999999999976353,13.3725418268776
270,NonStim,0,3,0.6363,NaN,2,0.481533333333346,0.508533333333389,NaN,27.9999999993379,0.488351647670755,0.575771120750144,0.53206138421045,33.2045197155105,43.9175798600482,43.9175798600482,0.0345743010864743,-0.529784607150241,273.733888002066,6.99999999983447,7.56046300025685
270,NonStim,0,3,0.6363,NaN,3,0.511533333333318,0.524533333333352,NaN,13.9999999996689,0.117893024861969,0.133275932708617,0.125584478785293,11.0655258521908,12.4390456785627,12.4390456785627,-0.00598401630117799,0.125279955378245,92.73466324767,0,5.82647728049307
271,Stim,1,4,0.4545,-0.0581333333332168,1,0.483300000000099,0.52030000000002,0.541433333333316,37.9999999991014,0.179660724938749,0.181946920905315,0.180803822922032,14.0267594598125,21.9818875302819,21.9818875302819,-0.051196573621266,0.171931355506306,106.582128274798,-13.9999999996689,14.3301174482804
271,Stim,1,4,0.4545,-0.0581333333332168,2,0.649300000000039,0.690300000000093,0.707433333333256,41.9999999990068,0.326178937801426,0.30037828981622,0.313278613808823,32.7518832294024,21.4900809947306,32.7518832294024,-0.0232711701857745,-0.309876525426789,265.705251572149,-3.99999999990541,14.5842208475541
273,NonStim,0,4,0.4545,NaN,1,0.437066666666738,0.461066666666738,NaN,24.9999999994088,0.303347269020621,0.252209160151483,0.277778214586052,22.0175999956435,16.7420537857213,22.0175999956435,-0.241354869710877,-0.0806346079900424,198.474035175502,0,47.4935391576679
273,NonStim,0,4,0.4545,NaN,2,0.462066666666715,0.485066666666739,NaN,23.9999999994325,0.0768664876705757,0.0586855505715356,0.0677760191210557,10.96568265165,6.83772274280032,10.96568265165,0.0412229932582989,0.0506464915867475,50.8566227726501,0.999999999976353,31.3450470465492
273,NonStim,0,4,0.4545,NaN,3,0.650066666666703,0.690066666666667,NaN,40.9999999990305,0.142448792131441,0.127949278848004,0.135199035489722,16.9686425494903,14.5758602470141,16.9686425494903,0.013297786816628,-0.13394665855098,275.669560425579,0,10.760419539385
273,NonStim,0,4,0.4545,NaN,4,0.900066666666703,0.92506666666668,NaN,25.9999999993852,0.0332445139322907,0.00399841878381971,0.0186214663580552,4.21097232249587,5.90072177679858,5.90072177679858,0.0166222569661454,0.00199920939190985,6.85819492824599,5.99999999985812,90
275,NonStim,0,3,1,NaN,1,0.398333333333312,0.416333333333341,NaN,18.9999999995507,0.420055278018834,0.482496044661069,0.451275661339952,38.4289274099005,38.8956787219129,38.8956787219129,0.0272605132918296,-0.44981524616328,273.468100219419,-0.999999999976353,6.09495732021674
277,Stim,1,3,0.3636,-0.0511000000000195,1,0.400766666666641,0.434766666666633,0.45186666666666,34.9999999991724,0.0812841393357452,0.129452959008932,0.105368549172338,23.2687349476925,15.3873250458249,23.2687349476925,-0.0199466780372832,0.0313209000225174,122.490974033116,16.999999999598,148.013255722752
278,Stim,1,2,0.6363,-0.0733666666667432,1,0.600433333333285,0.626433333333239,0.673800000000028,26.9999999993615,0.233255938494565,0.28715677470339,0.260206356598978,16.5070661098128,15.465297484843,16.5070661098128,-0.00797867748822801,-0.259896715226491,268.241605268719,-2.99999999992906,4.37049471731922
279,NonStim,0,3,0.4545,NaN,1,0.623633333333373,0.64863333333335,NaN,25.9999999993852,0.190842372201736,0.252067558100666,0.221454965151201,16.2309230300115,16.942931195962,16.942931195962,0.0212764903557002,-0.219910056278898,275.52621648794,0,7.91571703265686
282,Stim,1,2,0.1818,-0.0569000000000415,1,0.677333333333308,0.696333333333314,0.73423333333335,19.9999999995271,0.236145331943013,0.158139161497174,0.197142246720094,19.6775080526802,14.95904393391,19.6775080526802,-0.021941393013722,-0.195255437258842,263.588412390793,5.99999999985812,9.55341253059191
283,Stim,1,3,1,-0.0606666666666342,1,0.55740000000003,0.586400000000026,0.618066666666664,29.9999999992906,0.214764080386467,0.0810471129202981,0.147905596653382,23.8353381436296,15.6320125146212,23.8353381436296,-0.0764624118176781,-0.115953783843807,236.598285443821,2.99999999992906,45.3271121904602
285,Stim,1,1,0.3636,-0.0528333333334103,1,0.322099999999978,0.364100000000008,0.374933333333388,42.9999999989832,0.182378861583972,0.258573385399994,0.220476123491983,14.1252165776408,15.999697941249,15.999697941249,-0.0851059936713844,0.203252525768547,112.720058748735,0,3.91778266393186
285,Stim,1,1,0.3636,-0.0528333333334103,2,0.50509999999997,0.521099999999933,0.557933333333381,16.999999999598,0.151175314902847,0.204398088064134,0.17778670148349,15.5460928943585,21.3885075189544,21.3885075189544,-0.0498667531542943,-0.169931842403002,253.645594883745,0.999999999976353,10.208575590973
285,Stim,1,1,0.3636,-0.0528333333334103,3,0.524099999999976,0.545099999999934,0.576933333333386,21.9999999994798,0.133806199558083,0.0844425329492632,0.109124366253673,12.5531531758291,9.30846741613064,12.5531531758291,0.0711432524723762,-0.0826339699812566,310.726620958883,0.999999999976353,4.62450850493377
285,Stim,1,1,0.3636,-0.0528333333334103,4,0.793099999999981,0.812099999999987,0.845933333333392,19.9999999995271,0.12122127852385,0.0941367399264605,0.107679009225155,13.1544040919373,11.1553370125314,13.1544040919373,-0.0684837225118914,-0.0826339340136451,230.349409778741,-0.999999999976353,9.38564327812989
286,Stim,1,1,0.1818,-0.0561333333333778,1,0.253199999999993,0.289199999999937,0.30933333333337,36.9999999991251,0.431624788575247,0.192818743243977,0.312221765909612,39.3409245748292,24.4439022789665,39.3409245748292,-0.10638247213609,-0.291215803775068,249.932518909529,-6.99999999983447,14.6808884777727
290,Stim,1,3,-1,-0.0649333333332152,1,0.399200000000064,0.44620000000009,0.46413333333328,47.999999998865,0.236130396714104,0.36521516582058,0.300672781267342,21.8582155588466,29.4969868407165,29.4969868407165,-0.145610833575615,0.25723024408646,119.512984482667,4.99999999988177,21.6224630438668
290,Stim,1,3,-1,-0.0649333333332152,2,0.54320000000007,0.565200000000118,0.608133333333285,22.9999999994561,0.403020522337481,0.231428756097768,0.317224639217624,38.8923052403407,23.6108302673369,38.8923052403407,-0.0545209781454565,-0.311875181961034,260.083947185758,3.99999999990541,7.44174012400617
293,NonStim,0,4,0.3636,NaN,1,0.379599999999982,0.406599999999912,NaN,27.9999999993379,0.177921940036827,0.189191462153326,0.183556701095077,15.8274962859221,17.5988849750257,17.5988849750257,-0.0851059901295745,-0.161935630499604,242.275629585714,2.99999999992906,9.41843271931592
294,Stim,1,4,-0.6363,-0.0582666666665546,1,0.375066666666726,0.402066666666769,0.43333333333328,27.9999999993379,0.0744723185683539,0.0651592697303222,0.0698157941493381,7.97868714395274,7.85028625053105,7.97868714395274,-0.0492018964909248,-0.0333201437073921,214.106351778295,3.99999999990541,63.4869858050291
294,Stim,1,4,-0.6363,-0.0582666666665546,2,0.518066666666755,0.553066666666837,0.576333333333309,35.9999999991487,0.0470683645957429,0.105325228192375,0.0761967963940592,12.7851576992921,9.3296373272491,12.7851576992921,-0.0152924801994103,-0.0693058989687297,257.556958061466,0,46.3818282313377
294,Stim,1,4,-0.6363,-0.0582666666665546,3,0.563066666666828,0.591066666666734,0.621333333333382,28.9999999993142,0.0337420466867832,0.0258758997111403,0.0298089731989617,4.67008339886132,7.22325362582757,7.22325362582757,-5.84207989276497e-10,-0.00399843082029084,269.999991628553,-14.9999999996453,177.207539020343
294,Stim,1,4,-0.6363,-0.0582666666665546,4,0.699066666666795,0.74606666666682,0.757333333333349,47.999999998865,0.0816249056737518,0.103891944725317,0.0927584251995345,19.0586109423339,11.2115237058229,19.0586109423339,-0.0671539387591906,-0.0533122259051893,218.445387793225,15.9999999996217,45.1981801505979
296,NonStim,0,2,0.1818,NaN,1,0.585900000000038,0.61990000000003,NaN,34.9999999991724,0.16676371896014,0.138031865753197,0.152397792356669,15.9201323787558,15.117795531903,15.9201323787558,-0.0332444861755297,0.148607780828605,102.609808212111,-0.999999999976353,4.50882576487578
296,NonStim,0,2,0.1818,NaN,2,0.747899999999959,0.767900000000054,NaN,20.9999999995034,0.2365257001434,0.249156567812566,0.242841133977983,22.6363787545404,21.8603488077885,22.6363787545404,0.0997335610797184,-0.221245525594555,294.265007571225,-3.99999999990541,4.10110804315974
299,Stim,1,3,0.1818,-0.0659666666666681,1,0.514466666666635,0.531466666666688,0.580433333333303,17.9999999995744,0.325957228319879,0.194283389018838,0.260120308669358,26.9423748783132,18.155319811441,26.9423748783132,-0.0445476500400774,-0.255897467528264,260.124686827142,2.99999999992906,6.35495963982657
300,NonStim,0,4,1,NaN,1,0.108766666666725,0.14176666666674,NaN,33.999999999196,0.0185052754998053,0.0106382512583983,0.0145717633791018,6.06492474580603,5.86220740767031,6.06492474580603,0.00997335929501602,-0.00799683776969999,321.276667958661,-14.9999999996453,59.8001983315044
300,NonStim,0,4,1,NaN,2,0.276766666666731,0.317766666666785,NaN,41.9999999990068,0.0013297805459149,0.0333201414169943,0.0173249609814546,4.21097141139003,4.88695372825194,4.88695372825194,-0.00066489027295745,0.0166600707084972,92.2854164924232,-21.9999999994798,90
300,NonStim,0,4,1,NaN,3,0.388766666666811,0.455766666666705,NaN,67.999999998392,0.133445852188358,0.1999198345495,0.166682843368929,19.5007454198209,18.9738017857811,19.5007454198209,0.00332444907352421,0.166599972083602,88.856832790397,-11.9999999997162,2.85592689428185
300,NonStim,0,4,1,NaN,4,0.546766666666713,0.605766666666796,NaN,59.9999999985812,0.366607256566378,0.372502426766783,0.36955484166658,24.7056163581834,27.0593441940649,27.0593441940649,-0.0372338659778755,-0.366520452653922,264.199369324305,21.9999999994798,9.03493309055835
300,NonStim,0,4,1,NaN,5,0.749766666666801,0.787766666666812,NaN,38.9999999990778,0.00398934136805781,0.033557959039701,0.0187736502038794,4.98374431865352,6.2843154388565,6.2843154388565,-2.25951507504263e-09,0.0166599955463322,90.000007770751,13.9999999996689,96.8274113168063
300,NonStim,0,4,1,NaN,6,0.784766666666769,0.819766666666737,NaN,35.9999999991487,0.0333200338724417,1.38777878078145e-17,0.0166600169362209,5.5533394960281,5.40440595103801,5.5533394960281,6.93889390390723e-18,0.0166600169362209,90,18.9999999995507,90
301,NonStim,0,1,0.6363,NaN,1,0.0822000000000571,0.0962000000000671,NaN,14.9999999996453,0.0798270162510544,0.10946965374768,0.0946483349993672,7.41388095722411,9.8566940837813,9.8566940837813,0.0691486194627551,-0.0599762668143159,319.063165783143,-0.999999999976353,29.848735636146
301,NonStim,0,1,0.6363,NaN,2,0.367200000000025,0.40420000000006,NaN,37.9999999991014,0.246804599119309,0.244580097152241,0.245692348135775,15.0935379227714,21.5603189449222,21.5603189449222,-0.115690876343746,0.215913846853072,118.183279504421,0.999999999976353,8.87751111722648
301,NonStim,0,1,0.6363,NaN,3,0.506200000000035,0.540200000000027,NaN,34.9999999991724,0.589132624103795,0.307222977022787,0.448177800563291,45.5373671119853,33.5539695514795,45.5373671119853,-0.0259307338869065,-0.446486504815655,266.676149145379,0.999999999976353,7.81603746848174
301,NonStim,0,1,0.6363,NaN,4,0.785200000000032,0.803200000000061,NaN,18.9999999995507,0.143768023021998,0.122600844394008,0.133184433708003,12.4777126058075,10.8523309079378,12.4777126058075,-0.127658920917471,0.0233240774271728,169.645909222482,0.999999999976353,26.0792090492461
302,NonStim,0,1,-0.4545,NaN,1,0.287100000000009,0.322099999999978,NaN,35.9999999991487,0.21525390322032,0.231020223881526,0.223137063550923,24.9520564327277,22.48031872902,24.9520564327277,-0.0731379604269553,-0.21058309108521,250.847290213514,3.99999999990541,5.02990886850287
302,NonStim,0,1,-0.4545,NaN,2,0.784099999999967,0.819100000000049,NaN,35.9999999991487,0.522455890452421,0.437639273872466,0.480047582162444,34.8737429594582,29.4690390714181,34.8737429594582,-0.0305849679649224,0.477803828785765,93.6625951538964,4.99999999988177,8.35637370653851
302,NonStim,0,1,-0.4545,NaN,3,0.941100000000006,0.967099999999959,NaN,26.9999999993615,0.633164116998206,0.62773855775,0.630451337374103,54.2002380517326,52.201053462558,54.2002380517326,0.00531912414503439,-0.63040664899401,270.483427851926,1.99999999995271,0.962713131923124
303,NonStim,0,1,-0.0909,NaN,1,0.309166666666556,0.324166666666542,NaN,15.9999999996217,0.124527225314935,0.159958964041868,0.142243094678401,12.5515564149889,16.8253725557984,16.8253725557984,-0.0738028442466289,-0.121285219070678,238.679215492523,2.99999999992906,7.08895103815632
303,NonStim,0,1,-0.0909,NaN,2,0.542166666666617,0.555166666666537,NaN,13.9999999996689,0.273292160160568,0.203582218033891,0.238437189097229,30.3469797428479,22.7685655661098,30.3469797428479,-0.0492019031066588,-0.232573327376669,258.054950519539,0,8.98179636632784
304,Stim,1,2,-0.3636,-0.0493666666667423,1,0.0526999999999589,0.0676999999999452,0.102066666666701,15.9999999996217,0.160965254442033,0.196283996284679,0.178624625363356,17.1565046611873,18.9996170740315,18.9996170740315,-0.0990686750968959,-0.1479414050486,236.191834222193,1.99999999995271,9.25159739251521
308,NonStim,0,1,1,NaN,1,0.367033333333325,0.411033333333307,NaN,44.9999999989359,0.209092227847754,0.222677165850264,0.215884696849009,26.0064724262186,27.3433853487273,27.3433853487273,0.016622253579496,0.213914564078417,85.5567540015483,0.999999999976353,12.7101350866386
308,NonStim,0,1,1,NaN,2,0.469033333333414,0.503033333333406,NaN,34.9999999991724,0.25812051261725,0.194170815102606,0.226145663859928,31.4837927643291,28.153722554759,31.4837927643291,-0.103722909079135,-0.200586205490839,242.656564354481,-1.99999999995271,6.24258190655337
308,NonStim,0,1,1,NaN,3,0.632033333333311,0.665033333333326,NaN,33.999999999196,0.232246319067041,0.210687153953633,0.221466736510337,23.8097549962254,25.2659338415261,25.2659338415261,0.0518614415715249,-0.214581457460874,283.587064903082,0.999999999976353,9.1704324826128
310,Stim,1,3,-0.3636,-0.0611999999999853,1,0.37936666666667,0.395366666666746,0.440566666666655,16.999999999598,0.350335537637012,0.230125970679089,0.29023075415805,32.2352320616523,25.5223693327572,32.2352320616523,-0.228721979831836,-0.165933801475787,215.960229570006,3.99999999990541,26.9765783319143
313,Stim,1,2,1,-0.0540333333333365,1,0.487366666666617,0.50036666666665,0.541399999999953,13.9999999996689,0.18527898645387,0.187967398145893,0.186623192299881,16.7541523649674,18.9021861857281,18.9021861857281,-0.00332444187466482,0.186592478512342,91.0207074777915,-0.999999999976353,0.39363638408264
313,Stim,1,2,1,-0.0540333333333365,2,0.632366666666599,0.65336666666667,0.686399999999935,21.9999999994798,0.353314652436719,0.351922553870182,0.352618603153451,21.7016251687634,21.1573624075429,21.7016251687634,0.00132978201834804,-0.352525875156455,270.216127499622,0,2.59224696984626
314,Stim,1,1,0.4545,-0.0493666666667423,1,0.335199999999986,0.372200000000021,0.384566666666728,37.9999999991014,0.0332712325064757,0.204050826866192,0.118661029686334,18.8456023791406,23.094148167698,23.094148167698,-0.0764624018271998,-0.0833001904257057,227.450745600512,10.9999999997399,51.7936067271698
316,Stim,1,4,0.6363,-0.0542000000000371,1,0.0029666666665662,0.0299666666666099,0.0571666666666033,27.9999999993379,0.0271816490739455,0.0101333056752383,0.0186574773745919,4.2205532022485,4.88695394780677,4.88695394780677,-0.00182844947250366,0.0183260837712786,95.6977189359736,-5.99999999985812,20.7261617302479
316,Stim,1,4,0.6363,-0.0542000000000371,2,0.023966666666638,0.0569666666666535,0.0781666666666752,33.999999999196,0.00265956286140714,0.0292551862122627,0.0159573745368349,5.49456808689517,7.24580326337424,7.24580326337424,0.0159573745368349,0,0,-13.9999999996689,0
316,Stim,1,4,0.6363,-0.0542000000000371,3,0.259966666666628,0.290966666666577,0.314166666666665,31.9999999992433,0,0,0,1.33280578585533,5.55335924718259,5.55335924718259,0,0,0,-18.9999999995507,0
316,Stim,1,4,0.6363,-0.0542000000000371,4,0.342966666666598,0.393966666666643,0.397166666666635,51.9999999987704,0.034574291644637,0.128988617816643,0.0817814547306402,7.41387783916941,14.9907119204562,14.9907119204562,-0.0472071630860032,-3.46944695195361e-18,180,-25.9999999993852,180
316,Stim,1,4,0.6363,-0.0542000000000371,5,0.508966666666652,0.54396666666662,0.563166666666689,35.9999999991487,0.00266561254353667,0.0226576809286947,0.0126616467361157,6.96936352808706,5.66283865899437,6.96936352808706,-1.8605862336929e-10,0.0126616467361157,90.0000008419421,-8.99999999978718,7.9984422995949e-06
316,Stim,1,4,0.6363,-0.0542000000000371,6,0.604966666666655,0.627966666666566,0.659166666666692,23.9999999994325,0.00664890067923812,0.0305849548879437,0.0186169277835909,5.55335852349471,6.27657395528269,6.27657395528269,-0.0119680271043528,0,180,-5.99999999985812,180
316,Stim,1,4,0.6363,-0.0542000000000371,7,0.860966666666627,0.891966666666576,0.915166666666664,31.9999999992433,0.029255187492488,0,0.014627593746244,5.55778011179891,5.55335869276012,5.55778011179891,0.014627593746244,0,0,-11.9999999997162,0
318,NonStim,0,2,-0.6363,NaN,1,0.204999999999927,0.2349999999999,NaN,30.9999999992669,0.18038091093143,0.227744662830292,0.204062786880861,11.6151423282296,14.1163510821328,14.1163510821328,-0.101728147851925,0.175263689162104,120.132127234907,1.99999999995271,13.5965839005693
319,NonStim,0,3,0.0909,NaN,1,0.433499999999981,0.456499999999892,NaN,23.9999999994325,0.520055885482033,0.246071730197938,0.383063807839986,41.021101352561,23.4151635908947,41.021101352561,-0.0871006552934118,-0.368516552759711,256.701909290657,1.99999999995271,18.6135867735528
319,NonStim,0,3,0.0909,NaN,2,0.538499999999999,0.555499999999938,NaN,17.9999999995744,0.239967045706901,0.245975361473541,0.242971203590221,20.017552961766,17.7063934218243,20.017552961766,-0.0811166201065877,0.228574207622418,109.538801815855,0,6.82164860164835
320,Stim,1,2,-1,-0.0623666666665486,1,0.417066666666756,0.448066666666705,0.479433333333304,31.9999999992433,0.0815823135550586,0.133816799770175,0.107699556662617,15.7752070386219,15.8833795624122,15.8833795624122,0.0312498460330399,0.0833003457954889,69.4365884055923,-7.99999999981083,71.0253027652999
320,Stim,1,2,-1,-0.0623666666665486,2,0.610066666666739,0.628066666666768,0.672433333333288,18.9999999995507,0.18081785308972,0.127793071801672,0.154305462445696,20.4510480750928,14.8208205675199,20.4510480750928,-0.120345161186981,-0.0952955045199501,218.373997246695,-5.99999999985812,11.8442062353165
320,Stim,1,2,-1,-0.0623666666665486,3,0.873066666666773,0.91206666666676,0.935433333333322,39.9999999990541,0.481935069098278,0.49724853073622,0.489591799917249,42.7875440048457,47.6378203588922,47.6378203588922,-0.0658241297907873,-0.485137092556138,262.273207363754,-13.9999999996689,0.714475033118049
322,Stim,1,1,-0.4545,-0.0593666666666195,1,0.26716666666664,0.299166666666679,0.326533333333259,32.9999999992197,0.175118147480345,0.116652783226035,0.14588546535319,13.5520078285697,12.7415135725986,13.5520078285697,-0.097738906561986,-0.0386513976369622,201.576597041593,5.99999999985812,90.1219229589148
322,Stim,1,1,-0.4545,-0.0593666666666195,2,0.654166666666697,0.697166666666703,0.713533333333316,43.9999999989595,0.477777905384785,0.206269631619913,0.342023768502349,37.5078381323328,21.3352546052157,37.5078381323328,-0.0678188398186502,-0.335198198288566,258.562058136612,-0.999999999976353,1.75184524786187
323,Stim,1,4,0.3636,-0.0542333333332863,1,0.00293333333343071,0.0319333333334271,0.057166666666717,29.9999999992906,0.0376546435108951,0.0286964500958075,0.0331755468033513,5.05473852602099,5.58068617031558,5.58068617031558,-0.000831124714926773,-0.010829032212579,265.611171468518,-0.999999999976353,144.965190129427
323,Stim,1,4,0.3636,-0.0542333333332863,2,0.113933333333421,0.136933333333332,0.168166666666707,23.9999999994325,0.0252658214625052,9.81307786677359e-18,0.0126329107312526,5.71034744820333,2.66561063711693,5.71034744820333,-0.0126329107312526,-3.46944695195361e-18,180,9.99999999976353,135
323,Stim,1,4,0.3636,-0.0542333333332863,3,0.147933333333526,0.198933333333457,0.202166666666812,51.9999999987704,0.0114480017811755,0.0332445050680815,0.0223462534246285,6.14860894638479,5.31912049692135,6.14860894638479,0.0212764833076734,0.00333201472103894,8.90054238033417,-11.9999999997162,35.5992899463692
323,Stim,1,4,0.3636,-0.0542333333332863,4,0.252933333333544,0.280933333333337,0.307166666666831,28.9999999993142,0.00398933269772909,0,0.00199466634886455,5.90071978169443,5.55335941710936,5.90071978169443,0.00199466634886455,0,0,4.99999999988177,0
323,Stim,1,4,0.3636,-0.0542333333332863,5,0.285933333333446,0.316933333333395,0.340166666666732,31.9999999992433,0.0333466777316798,0.0333201561740828,0.0333334169528813,6.43422637183933,4.22055312324854,6.43422637183933,0.000664888696300839,0.0333201546762008,88.8568402096029,17.9999999995744,2.28541027290629
323,Stim,1,4,0.3636,-0.0542333333332863,6,0.383933333333403,0.43793333333349,0.438166666666689,54.9999999986994,0.19016102574372,0.188297131372341,0.189229078558031,30.7163558485871,26.9681235457652,30.7163558485871,-0.147605613381853,0.116620340918051,141.688418867849,-2.99999999992906,12.4339028159487
323,Stim,1,4,0.3636,-0.0542333333332863,7,0.501933333333341,0.566933333333395,0.556166666666627,65.9999999984393,0.311007798650025,0.240467716039839,0.275737757344932,25.8550642518507,19.6775877307213,25.8550642518507,-0.0119680166479558,-0.266560746376487,267.42926650659,-18.9999999995507,29.4550679333372
323,Stim,1,4,0.3636,-0.0542333333332863,8,0.544933333333461,0.582933333333472,0.599166666666747,38.9999999990778,0.074370736125305,0.00132978141828471,0.0378502587717949,8.52229936210863,1.73330885591086,8.52229936210863,0.0339093984335909,-0.0166599611078183,333.834741055673,23.9999999994325,26.6170173112785
323,Stim,1,4,0.3636,-0.0542333333332863,9,0.641933333333441,0.660933333333446,0.696166666666727,19.9999999995271,0.0132978137100367,0,0.00664890685501837,5.54075573252367,2.65956271259286,5.54075573252367,0.00664890685501837,0,0,-0.999999999976353,0
323,Stim,1,4,0.3636,-0.0542333333332863,10,0.733933333333539,0.757933333333426,0.788166666666825,24.9999999994088,0.0333200137619374,0,0.0166600068809687,4.66480067839417,2.43793261039387,4.66480067839417,0,0.0166600068809687,90,8.99999999978718,90
323,Stim,1,4,0.3636,-0.0542333333332863,11,0.845933333333392,0.891933333333441,0.900166666666678,46.9999999988886,0.0026595615651828,0.00799680574837811,0.00532818365678045,5.55333618334136,5.66281702178242,5.66281702178242,-0.0013297807825914,-0.00399840287418905,251.604010295764,-21.9999999994798,90
323,Stim,1,4,0.3636,-0.0542333333332863,12,0.893933333333393,0.930933333333428,0.94816666666668,37.9999999991014,0.0335579821186646,0.0253231902839972,0.0294405862013309,4.36358823131171,5.71032540722943,5.71032540722943,0.00199467082377752,-0.0293216020229673,273.89168411218,-14.9999999996453,6.82741485037093
324,NonStim,0,2,0.6363,NaN,1,0.158833333333178,0.179833333333136,NaN,21.9999999994798,0.134510742737697,0.246181066214725,0.190345904476211,20.754260026458,27.1115278598585,27.1115278598585,-0.157578971164165,-0.0979611944701761,211.867734507016,-1.99999999995271,26.9956602364479
325,Stim,1,4,-0.0909,-0.0549333333333379,1,0.404833333333272,0.451833333333298,0.45976666666661,47.999999998865,0.145977118059371,0.236571983236746,0.191274550648059,18.6083070587716,22.0484183108827,22.0484183108827,-0.140956722701665,-0.129282141542636,222.526304868881,0,1.11746091244538
326,Stim,1,1,0.0909,-0.0553666666667141,1,0.353233333333264,0.370233333333317,0.408599999999979,17.9999999995744,0.128449893842411,0.145335014789596,0.136892454316004,9.75423815451832,13.3560102063726,13.3560102063726,-0.117685498061274,-0.067306707508599,209.766109090585,3.99999999990541,15.9528593789618
327,NonStim,0,4,-0.6363,NaN,1,0.367566666666562,0.405566666666573,NaN,38.9999999990778,0.140419385635653,0.124406535712236,0.132412960673944,14.0872082082575,16.3700198730238,16.3700198730238,-0.11502601747537,0.065307473951832,150.413708920217,-1.99999999995271,5.28567046989835
327,NonStim,0,4,-0.6363,NaN,2,0.537566666666635,0.588566666666566,NaN,51.9999999987704,0.239242684915203,0.141205056197242,0.190223870556222,26.1602108022669,23.7644783378615,26.1602108022669,-0.131648215154574,-0.137278905017791,226.199461155582,-6.99999999983447,1.80386794780168
328,NonStim,0,2,-1,NaN,1,0.41083333333313,0.430833333333112,NaN,20.9999999995034,0.320527841467204,0.193963973218644,0.257245907342924,30.6172778546334,20.9427615374965,30.6172778546334,-0.154919428668037,-0.193256566995381,231.283440965584,0,32.3593658971099
331,NonStim,0,3,-1,NaN,1,0.349066666666658,0.364066666666531,NaN,15.9999999996217,0.389996986847919,0.356106424319733,0.373051705583826,42.4368345253715,39.7406076350989,42.4368345253715,-0.0192818199734306,-0.372517879798488,267.036969429622,1.99999999995271,1.57444100331327
331,NonStim,0,3,-1,NaN,2,0.600066666666635,0.613066666666555,NaN,13.9999999996689,0.190072232085068,0.19502781482692,0.192550023455994,20.9940439251089,20.7615341286667,20.9940439251089,-0.150930082985222,0.118619694663271,141.835316687856,-0.999999999976353,8.93648139661113
333,Stim,1,1,-0.0909,-0.0581666666666933,1,0.248599999999897,0.276599999999917,0.30676666666659,28.9999999993142,0.152367254737128,0.160875163123491,0.156621208930309,11.3336912496399,11.4480082221605,11.4480082221605,-0.0871006431552753,-0.129948535238293,236.167227451461,5.99999999985812,5.53087605966493
333,Stim,1,1,-0.0909,-0.0581666666666933,2,0.460599999999886,0.493600000000015,0.518766666666579,33.999999999196,0.126796118774031,0.0720967573885757,0.0994464380813034,14.5768267206214,5.65096334971799,14.5768267206214,-0.04454767425621,0.0486473798154167,132.481148731229,16.999999999598,102.223271380517
334,Stim,1,1,-0.3636,-0.0570333333332655,1,0.511199999999917,0.531199999999899,0.568233333333183,20.9999999995034,0.325606236649023,0.42629902224087,0.375952629444946,25.8453757297663,34.310699737373,34.310699737373,-0.145610963952995,0.346527350700134,112.792169958971,0.999999999976353,2.31457447411154
334,Stim,1,1,-0.3636,-0.0570333333332655,2,0.654199999999946,0.671199999999999,0.711233333333212,17.9999999995744,0.475838809846343,0.37584973733939,0.425844273592866,45.981694674381,39.7619855994848,45.981694674381,0.00265956050181952,-0.425829408300474,270.357841914736,2.99999999992906,0.640489017118568
335,Stim,1,4,-1,-0.053000000000111,1,0.0392666666664354,0.0772666666664463,0.0922666666665464,38.9999999990778,0.305544573051794,0.191493585572053,0.248519079311923,26.9684299873652,26.0696809349306,26.9684299873652,-0.129653585373486,-0.211915804498857,238.541017365256,1.99999999995271,3.12031580000297
335,Stim,1,4,-1,-0.053000000000111,2,0.653266666666468,0.711266666666461,0.706266666666579,58.9999999986048,0.135822566949215,0.215585078227622,0.175703822588418,27.8751268893699,29.8735687203403,29.8735687203403,-0.136302508104144,0.1086236521318,141.447583130604,1.99999999995271,14.9317058553212
337,Stim,1,1,-1,-0.0528000000001612,1,0.40376666666657,0.439766666666401,0.456566666666731,36.9999999991251,0.160903276855623,0.154714601526311,0.157808939190967,18.5532051481799,18.716004363947,18.716004363947,-0.150265100432675,0.0333201516241569,167.497390239712,-0.999999999976353,25.5139307289221
337,Stim,1,1,-1,-0.0528000000001612,2,0.56976666666651,0.606766666666545,0.622566666666671,37.9999999991014,0.140268728523962,0.106382018838617,0.12332537368129,16.6440583437448,11.4976686481899,16.6440583437448,-0.10239270169895,-0.0499802213605709,206.018062388888,-1.99999999995271,45.4497343600674
337,Stim,1,1,-1,-0.0528000000001612,3,0.624766666666574,0.647766666666485,0.677566666666735,23.9999999994325,0.0598610474645728,0.0173206092882472,0.03859082837641,5.85961465461105,4.89196590296763,5.85961465461105,0.0119679370589453,0.0206584783589652,59.9152893367219,-4.99999999988177,140.641159391487
338,NonStim,0,3,-0.1818,NaN,1,0.298299999999927,0.317299999999932,NaN,19.9999999995271,0.218914377178942,0.409110528844879,0.314012453011911,23.736312438094,41.8125910296728,41.8125910296728,-0.189493660557095,0.241236504659313,128.149985037131,5.99999999985812,25.9091100107839
338,NonStim,0,3,-0.1818,NaN,2,0.446299999999837,0.484299999999848,NaN,38.9999999990778,0.280866096296312,0.211165399171735,0.246015747734024,19.5618280995969,21.0098417086189,21.0098417086189,0.0924197330456794,-0.227909075549868,292.073116201339,10.9999999997399,2.96859481360394
340,Stim,1,2,0.3636,-0.0591333333334205,1,0.0534000000000106,0.0704000000000633,0.112533333333431,17.9999999995744,0.206524674457012,0.240181846474525,0.223353260465768,24.721992244353,26.9493968126336,26.9493968126336,-0.212099869737895,-0.0699723158231189,198.257861457141,0,1.05435738740479
340,Stim,1,2,0.3636,-0.0591333333334205,2,0.714400000000069,0.729399999999941,0.773533333333489,15.9999999996217,0.254015879666811,0.207921375309975,0.230968627488393,24.7769976149432,22.3236434253022,24.7769976149432,-0.0106382392174695,-0.230574315161317,267.358360331261,2.99999999992906,4.13736775398684
342,NonStim,0,1,-0.1818,NaN,1,0.259199999999964,0.289199999999937,NaN,30.9999999992669,0.134846946324853,0.13967031128144,0.137258628803147,18.2576200339288,12.4291690449086,18.2576200339288,-0.132977980981745,-0.000666402618797322,180.287128271938,-2.99999999992906,28.6926764010158
342,NonStim,0,1,-0.1818,NaN,2,0.47420000000011,0.495200000000068,NaN,21.9999999994798,0.148741644491589,0.207612945597467,0.178177295044528,16.3149606132546,22.2253155833589,22.2253155833589,-0.144946059780203,0.101292721128199,145.052977606758,-1.99999999995271,14.2874508888502
342,NonStim,0,1,-0.1818,NaN,3,0.587199999999939,0.641200000000026,NaN,54.9999999986994,0.437156659980268,0.104152686926348,0.270654673453308,45.7744635999301,38.7100146928367,45.7744635999301,-0.014627580197182,-0.26855812036654,266.882346007505,16.999999999598,16.3131648768036
342,NonStim,0,1,-0.1818,NaN,4,0.86220000000003,0.884199999999964,NaN,22.9999999994561,0.232959329730018,0.277127761787783,0.2550435457589,25.9223727129046,25.570370067177,25.9223727129046,-0.0545210161466264,-0.248567802966668,257.628621995184,-4.99999999988177,7.66888962206124
343,NonStim,0,4,-0.3636,NaN,1,0.0463333333334504,0.0783333333333758,NaN,32.9999999992197,0.0332445290433161,0,0.016622264521658,5.54520597575933,5.39282821417447,5.54520597575933,0.016622264521658,-8.67361737988404e-19,360,15.9999999996217,0
343,NonStim,0,4,-0.3636,NaN,2,0.245333333333292,0.267333333333454,NaN,22.9999999994561,0.170322614058743,0.191689705565099,0.181006159811921,14.5326281460865,16.5033649933636,16.5033649933636,-0.159573665044836,-0.0846331724664372,207.940162191862,3.99999999990541,7.42005525291637
343,NonStim,0,4,-0.3636,NaN,3,0.319333333333361,0.343333333333248,NaN,24.9999999994088,0.0334261286949538,0.0146275906677196,0.0240268596813367,5.72400231661245,4.74830827469849,5.72400231661245,-0.00864357633209682,-0.0166600781024469,242.57882736492,-0.999999999976353,85.4364168822416
343,NonStim,0,4,-0.3636,NaN,4,0.523333333333312,0.566333333333432,NaN,43.9999999989595,0.0470683697061874,0.115563841316525,0.081316105511356,14.9590407143027,19.7613040179664,19.7613040179664,-0.0638294460106789,0.049980228059934,141.938070012239,-2.99999999992906,9.84956859818163
343,NonStim,0,4,-0.3636,NaN,5,0.752333333333354,0.800333333333356,NaN,48.9999999988413,0.210687147431389,0.234211670299693,0.222449408865541,22.5607019954749,22.4077850486597,22.5607019954749,-0.0831110983356396,-0.20591834917557,248.020410223165,4.99999999988177,6.80702645007099
343,NonStim,0,4,-0.3636,NaN,6,0.879333333333307,0.923333333333403,NaN,44.9999999989359,0.0388341798014736,0.00132977663741003,0.0200819782194418,5.62365496829378,5.90071454601452,5.90071454601452,0.010638208345348,-0.0166600200437891,302.560150424295,-10.9999999997399,59.0936606503976
344,NonStim,0,4,0.6363,NaN,1,0.402433333333192,0.431433333333189,NaN,29.9999999992906,0.14743091285262,0.177354588172938,0.162392750512779,15.8960669240109,12.0016539890717,15.8960669240109,-0.154254501403353,0.0159936097634866,174.08053809405,0.999999999976353,34.6685011751653
345,NonStim,0,2,0.3636,NaN,1,0.570733333333237,0.598733333333257,NaN,28.9999999993142,0.188155575197616,0.0337420261633038,0.11094880068046,21.4900489734794,22.0314579932183,22.0314579932183,0.00199467266929188,-0.110622655919878,271.033006674899,0,11.9056975606774
345,NonStim,0,2,0.3636,NaN,2,0.86573333333331,0.883733333333339,NaN,18.9999999995507,0.56034722968664,0.482645335004881,0.521496282345761,54.5203879583717,47.3547467114402,54.5203879583717,-0.109706915148472,-0.509786804586835,257.855082044499,0,1.39675752494162
346,NonStim,0,4,-0.4545,NaN,1,0.184566666666569,0.208566666666684,NaN,24.9999999994088,0.0311125972314534,0.00666402904682283,0.0188883131391381,5.33122383202975,2.88774556300383,5.33122383202975,0.00265955720289957,0.0119952547084565,77.4987559283961,6.99999999983447,170.156163987067
346,NonStim,0,4,-0.4545,NaN,2,0.212566666666589,0.243566666666538,NaN,31.9999999992433,0.0306545373328945,0.0452290626800375,0.037941800006466,4.8869550856547,7.68978177504436,7.68978177504436,0.0152924560081081,0.0319873352019917,64.4485411003942,9.99999999976353,42.5491601938122
346,NonStim,0,4,-0.4545,NaN,3,0.257566666666662,0.301566666666531,NaN,44.9999999989359,0.123911085891574,0.160412805362331,0.142161945626952,12.0978863465961,11.6511828837457,12.0978863465961,-0.138962031482319,-0.00333201648793622,181.373568774834,1.99999999995271,24.4112062245687
346,NonStim,0,4,-0.4545,NaN,4,0.325566666666646,0.36256666666668,NaN,37.9999999991014,0.00265956262528571,0.0337420263124412,0.0182007944688634,5.59300588209289,5.55335575075643,5.59300588209289,0.0039893429209911,0.0166600665355444,76.5337741422003,-12.9999999996926,80.9300082531443
346,NonStim,0,4,-0.4545,NaN,5,0.455566666666527,0.522566666666535,NaN,67.999999998392,0.233547627465957,0.233426265169586,0.233486946317772,30.7861613933654,25.965872669688,30.7861613933654,0.00132978286693544,-0.233240684944872,270.326658792159,-11.9999999997162,5.22280131403443
346,NonStim,0,4,-0.4545,NaN,6,0.592566666666698,0.617566666666562,NaN,25.9999999993852,0.0339058564141362,2.79715755706988e-17,0.0169529282070681,5.81875598114528,5.55333526426856,5.81875598114528,0.01662226049408,0.0033320010295549,11.3349501345084,0.999999999976353,71.5400335165898
346,NonStim,0,4,-0.4545,NaN,7,0.680566666666664,0.705566666666527,NaN,25.9999999993852,0.0253232248534642,0.00398934352508028,0.0146562841892722,4.22053877106321,6.06490279273225,6.06490279273225,0.00199467176254014,-0.0126616124267321,278.952624295832,-12.9999999996926,90
346,NonStim,0,4,-0.4545,NaN,8,0.741566666666586,0.770566666666582,NaN,29.9999999992906,0.0674107241611372,0.00531912321669648,0.0363649236889168,7.84470339745032,2.88676941640121,7.84470339745032,-0.0192818221024282,-0.0293215260354774,236.671098480737,10.9999999997399,60.4512657656376
346,NonStim,0,4,-0.4545,NaN,9,0.809566666666569,0.826566666666622,NaN,17.9999999995744,0,0,0,5.33119394447636,2.66560803508375,5.33119394447636,0,0,0,2.99999999992906,0
346,NonStim,0,4,-0.4545,NaN,10,0.856566666666595,0.894566666666606,NaN,38.9999999990778,0.0103998564412292,0.0112964035247745,0.0108481299830018,5.96944737213508,5.55335472755529,5.96944737213508,0.00066489100031655,0.00799682177203567,85.247108532861,16.999999999598,84.6765789366847
347,NonStim,0,1,0.4545,NaN,1,0.38226666666651,0.417266666666364,NaN,35.9999999991487,0.0751085483040717,0.202689227692313,0.138898887998193,15.5636115985354,13.9302589562401,15.5636115985354,-0.0950793397321236,-0.0959619690458154,225.264710156458,-0.999999999976353,30.3642195378072
347,NonStim,0,1,0.4545,NaN,2,0.743266666666386,0.762266666666392,NaN,19.9999999995271,0.52643718677351,0.44148616274338,0.483961674758445,43.8891406929243,38.5963372446161,43.8891406929243,-0.0538560519078142,-0.480471565856406,263.604412695103,0,5.13011367732298
348,NonStim,0,4,0.1818,NaN,1,0.466899999999896,0.50689999999986,NaN,40.9999999990305,0.179378270054349,0.0767747898532184,0.128076529953784,19.1048146886257,15.5636090699444,19.1048146886257,-0.0671539501045688,-0.101293183037601,236.456969696989,2.99999999992906,40.2923044577544
348,NonStim,0,4,0.1818,NaN,2,0.862899999999854,0.878899999999931,NaN,16.999999999598,0.222242337514352,0.219263100516134,0.220752719015243,21.653716481384,22.1969591145358,22.1969591145358,-0.0964090922850407,-0.198587637137242,244.104642295347,0.999999999976353,0.00826740671334392
349,NonStim,0,4,-0.1818,NaN,1,0.127566666666553,0.152566666666644,NaN,25.9999999993852,0.0159936141612247,0.0266560268199158,0.0213248204905703,5.71032829234405,4.66480414333601,5.71032829234405,0,0.0213248204905703,90,12.9999999996926,0
349,NonStim,0,4,-0.1818,NaN,2,0.216566666666495,0.254566666666506,NaN,38.9999999990778,0.410835670752782,0.378485290760239,0.394660480756511,31.1982980989705,29.1051724699062,31.1982980989705,-0.0944144294765932,-0.383179981328469,256.158209541881,0,1.15923233631824
349,NonStim,0,4,-0.1818,NaN,3,0.389566666666497,0.43156666666664,NaN,42.9999999989832,0.363876046622982,0.341485659188592,0.352680852905787,26.8927759297769,26.6217702928896,26.8927759297769,-0.0186169382660663,0.35185888123725,93.028709335053,0.999999999976353,4.95857150496965
349,NonStim,0,4,-0.1818,NaN,4,0.564566666666678,0.595566666666627,NaN,31.9999999992433,0.0311125328543266,0.0402650194263,0.0356887761403133,6.71083675534354,5.55334892051154,6.71083675534354,0.0086435709860324,0.031987281246847,74.878730602192,-14.9999999996453,43.9991027791007
349,NonStim,0,4,-0.1818,NaN,5,0.726566666666486,0.785566666666682,NaN,59.9999999985812,0.177475457090648,0.120795171000933,0.149135314045791,14.8508676139596,14.8208158417119,14.8508676139596,-0.0644943920493609,-0.133280514880919,244.177677292635,-4.99999999988177,13.9937432960338
349,NonStim,0,4,-0.1818,NaN,6,0.953566666666575,0.973566666666557,NaN,20.9999999995034,0.00265956281826759,0.0142951501166676,0.00847735646746759,4.8506555506452,4.37862083961433,4.8506555506452,-0.00847735646746759,0,180,6.99999999983447,0
350,NonStim,0,4,0.0909,NaN,1,0.417533333333267,0.459533333333184,NaN,42.9999999989832,0.0940375888438123,0.0941366822600356,0.094087135551924,14.3543090314252,16.3462548350256,16.3462548350256,-0.0498667578612637,0.077302728861041,122.825417047647,-5.99999999985812,24.2318836993758
350,NonStim,0,4,0.0909,NaN,2,0.638533333333271,0.661533333333182,NaN,23.9999999994325,0.133287195645699,0.0744723138413521,0.103879754743526,14.0623521753887,9.77391142263373,14.0623521753887,-0.0159573472553312,-0.0999604340672591,260.93002388042,2.99999999992906,27.0846130555158
350,NonStim,0,4,0.0909,NaN,3,0.80953333333332,0.836533333333364,NaN,27.9999999993379,0.0470683383616363,0.034262110592159,0.0406652244768977,5.82953312319783,7.24296239266258,7.24296239266258,0.0126329037881162,0.03332015150544,69.2364262445831,-14.9999999996453,58.4010959503359
351,Stim,1,4,1,-0.0467333333335773,1,0.391699999999673,0.425699999999779,0.438433333333251,34.9999999991724,0.16664789997041,0.306968146871749,0.23680802342108,30.5662497169622,24.7053726582753,30.5662497169622,-0.0412232154448307,0.230573881164241,100.136545249579,-2.99999999992906,17.7261863197693
351,Stim,1,4,1,-0.0467333333335773,2,0.53269999999975,0.581699999999728,0.579433333333327,49.9999999988177,0.393729923073624,0.432049705152516,0.41288981411307,45.0191682324682,28.3141644361867,45.0191682324682,-0.0970740110956002,-0.400506627306548,256.375505463292,11.9999999997162,7.08289913648355
351,Stim,1,4,1,-0.0467333333335773,3,0.745699999999715,0.766699999999673,0.792433333333292,21.9999999994798,0.214551639122716,0.275410000142614,0.244980819632665,23.2545299319552,24.1714103066653,24.1714103066653,-0.134307275597826,0.203919046483722,123.370113604529,-2.99999999992906,9.36975628028912
352,Stim,1,2,0.0909,-0.0585000000000946,1,0.120766666666668,0.134766666666565,0.179266666666763,14.9999999996453,0.234196499009335,0.270154853219372,0.252175676114354,21.9848682011633,25.5543941830111,25.5543941830111,-0.143616288595456,-0.207251144190285,235.279675748232,0.999999999976353,1.69834041641963
352,Stim,1,2,0.0909,-0.0585000000000946,2,0.529766666666546,0.548766666666552,0.588266666666641,19.9999999995271,0.155293122117035,0.275913756882201,0.215603439499618,21.0812993916743,28.7215863309261,28.7215863309261,-0.164892393536718,0.133946912383876,140.912034994551,2.99999999992906,20.4759072264874
353,Stim,1,3,-0.1818,-0.0532666666667865,1,0.300700000000006,0.324699999999893,0.353966666666793,24.9999999994088,0.2624458602966,0.257672453196322,0.260059156746461,19.4298777997308,18.2719577278193,19.4298777997308,-0.0518614709666707,-0.254565542535565,258.484974380453,0,5.16959453358766
353,Stim,1,3,-0.1818,-0.0532666666667865,2,0.623699999999872,0.639699999999948,0.676966666666658,16.999999999598,0.249530296287255,0.136153301111796,0.192841798699525,22.4783527208301,10.6253595000847,22.4783527208301,-0.0711432669927303,-0.177928989993532,248.206455049333,1.99999999995271,13.478485360272
355,NonStim,0,1,0.0909,NaN,1,0.244599999999991,0.276599999999917,NaN,32.9999999992197,0.138523069030219,0.195066238804768,0.166794653917493,26.8300949490932,16.9576471479417,26.8300949490932,-0.0791219492456005,0.139944455950147,119.482996905661,0.999999999976353,31.3764545919176
355,NonStim,0,1,0.0909,NaN,2,0.537600000000111,0.559600000000046,NaN,22.9999999994561,0.10515229689696,0.151205301127046,0.128178799012003,17.5572508400826,16.2929274872258,17.5572508400826,-0.116355818094653,0.0526456772322596,155.655426893995,4.99999999988177,9.94946920783343
355,NonStim,0,1,0.0909,NaN,3,0.671600000000126,0.694600000000037,NaN,23.9999999994325,0.221664512399802,0.223373677308064,0.222519094853933,18.2720469777123,17.0308859608086,18.2720469777123,0.081116635871535,-0.206584590791154,291.437741486615,-1.99999999995271,8.27327476234922
357,NonStim,0,1,0.1818,NaN,1,0.362166666666553,0.400166666666564,NaN,38.9999999990778,0.372036670722807,0.274727813147119,0.323382241934963,23.7331528556945,19.1865616530305,23.7331528556945,-0.065159270003417,-0.316540438994051,258.368244926611,2.99999999992906,4.12668287957575
357,NonStim,0,1,0.1818,NaN,2,0.538166666666484,0.556166666666513,NaN,18.9999999995507,0.313638929094968,0.331620801597881,0.322629865346425,29.1517037072519,31.3447554299293,31.3447554299293,-0.0824461989850616,0.311209488772786,104.838044065989,0,7.46956738370392
359,Stim,1,4,0.3636,-0.0558000000000902,1,0.516766666666626,0.569766666666737,0.572566666666717,53.9999999987231,0.202665756446496,0.245813316348073,0.224239536397285,26.2874953287565,30.5664971515217,30.5664971515217,0.00132978740943469,-0.221911832148816,270.343335880328,16.999999999598,16.5887107373399
360,Stim,1,1,0.3636,-0.060799999999972,1,0.00746666666668716,0.0624666666665235,0.0682666666666591,55.9999999986758,0.107626994407822,0.169885202705783,0.138756098556802,12.6616126815819,16.4394274049182,16.4394274049182,0.03656898092544,-0.133280541120183,285.343006742744,4.99999999988177,10.4716339375051
360,Stim,1,1,0.3636,-0.060799999999972,2,0.174466666666603,0.197466666666514,0.235266666666575,23.9999999994325,0.0173206459686535,0.00664890422507496,0.0119847750968642,4.57784805189532,4.65423378498959,4.65423378498959,-0.00664889986658911,0.00799682695345094,129.741566987491,7.99999999981083,67.4263250505387
360,Stim,1,1,0.3636,-0.060799999999972,3,0.403466666666645,0.447466666666514,0.464266666666617,44.9999999989359,0.0532579781934208,0.105500960866103,0.079379469529762,27.5313803900113,30.2997588191824,30.2997588191824,-0.0751326165307095,0.0219912809544727,163.685271762515,-9.99999999976353,20.186822666248
360,Stim,1,1,0.3636,-0.060799999999972,4,0.574466666666694,0.604466666666667,0.635266666666666,30.9999999992669,0.0556188074643488,0.0691495700698592,0.062384188767104,22.9744417938532,20.2015243296387,22.9744417938532,-0.04853701128754,-0.0379848993113677,218.046612227229,-4.99999999988177,17.9008340471987
361,Stim,1,3,0.0909,-0.0556000000001404,1,0.911999999999807,0.938999999999851,0.967599999999948,27.9999999993379,0.211583726239524,0.270849119963151,0.241216423101337,20.0693384207599,22.0487062403296,22.0487062403296,-0.101728226010541,-0.211915031883582,244.357014171173,-1.99999999995271,26.131206373447
362,NonStim,0,4,-0.4545,NaN,1,0.29060000000004,0.310600000000022,NaN,20.9999999995034,0.0757605513969657,0.21865926043292,0.147209905914943,12.922728121263,22.4077905270681,22.4077905270681,-0.0824464312414551,0.116620454589128,125.258925053613,-4.99999999988177,32.1876587841111
362,NonStim,0,4,-0.4545,NaN,2,0.579600000000028,0.610599999999977,NaN,31.9999999992433,0.192155954370767,0.140273824096197,0.166214889233482,17.346634539511,14.8165089581721,17.346634539511,0.0339094221524294,-0.162602248145869,281.779754992468,-0.999999999976353,4.30639106319683
363,NonStim,0,4,0.0909,NaN,1,0.00303333333317823,0.0190333333332546,NaN,16.999999999598,0.250623528592885,0.27081111861052,0.260717323601703,23.3251495627194,25.5463896952139,25.5463896952139,0.017287156862844,-0.259896684067015,273.805451634545,0,4.98553960554136
363,NonStim,0,4,0.0909,NaN,2,0.30303333333336,0.328033333333224,NaN,25.9999999993852,0.265365230946074,0.187354273642719,0.226359752294397,17.9082957282635,18.9863808676645,18.9863808676645,-0.114361142275039,-0.195254627070945,239.642383164238,0,3.0795084632723
363,NonStim,0,4,0.0909,NaN,3,0.785033333333331,0.814033333333327,NaN,29.9999999992906,0.0740210272984307,0.104338273432905,0.089179650365668,13.7093291206806,16.4943485953504,16.4943485953504,-0.06848369585816,0.0473145761416138,145.359863391583,-2.99999999992906,42.7145923038473
365,NonStim,0,4,0.1818,NaN,1,0.327033333333475,0.349033333333409,NaN,22.9999999994561,0.116652856370411,0.127122297975409,0.12188757717291,9.37166771816421,11.4618961844383,11.4618961844383,-0.091754846743524,0.0126616469258994,172.14312889593,-0.999999999976353,81.176930779532
365,NonStim,0,4,0.1818,NaN,2,0.514033333333373,0.564033333333327,NaN,50.999999998794,0.126944412116381,0.133942057408282,0.130443234762332,27.5510213246506,26.6113699287674,27.5510213246506,0.0365689857179445,0.122617920299571,73.3935649032283,1.99999999995271,22.4267451203521
365,NonStim,0,4,0.1818,NaN,3,0.666033333333417,0.727033333333338,NaN,61.9999999985339,0.368830901901871,0.091962051413861,0.230396476657866,33.6850550690463,9.25250555713882,33.6850550690463,-0.0206116101049931,-0.137278953771178,261.461165982921,42.9999999989832,173.582799453281
367,Stim,1,1,-0.0909,-0.0528000000001612,1,0.190699999999879,0.216699999999946,0.24350000000004,26.9999999993615,0.0628539660327473,0.102633315265951,0.0827436406493489,12.5801107422638,14.5151537895103,14.5151537895103,-0.0797868575168674,0.0199920850479482,165.933096022543,-0.999999999976353,12.8583457040858
367,Stim,1,1,-0.0909,-0.0528000000001612,2,0.448699999999917,0.46369999999979,0.501500000000078,15.9999999996217,0.0904272767164726,0.166966535114964,0.128696905915718,12.7097631537766,18.7822784687586,18.7822784687586,-0.0930846689505391,0.0872983971459871,136.83728616455,0,15.5727702765532
367,Stim,1,1,-0.0909,-0.0528000000001612,3,0.600699999999961,0.634699999999839,0.653500000000122,34.9999999991724,0.624622317084614,0.539052663856596,0.581837490470605,43.5643180946681,42.0193215544987,43.5643180946681,-0.0731378236411197,-0.577094354167831,262.777148230923,-6.99999999983447,2.40127570486243
367,Stim,1,1,-0.0909,-0.0528000000001612,4,0.789699999999812,0.813699999999926,0.842499999999973,24.9999999994088,0.285290516751038,0.234462062137796,0.259876289444417,26.8775666375773,27.3684740692182,27.3684740692182,-0.0152924746775999,0.25922504154387,93.3761396335537,-0.999999999976353,4.52405024535062
368,Stim,1,4,0.1818,-0.0561999999999898,1,0.185433333333322,0.225433333333285,0.241633333333311,40.9999999990305,0.00930845735360688,0.00132978134424784,0.00531911934892736,5.61832848281498,4.85065531766761,5.61832848281498,0.00398933800467952,-3.46944695195361e-18,360,-14.9999999996453,180
368,Stim,1,4,0.1818,-0.0561999999999898,2,0.408433333333278,0.504433333333282,0.464633333333268,96.9999999977063,0.189179053678925,0.156956924472061,0.173067989075493,21.1100453924743,25.1873369233918,25.1873369233918,-0.107712242918397,0.131947524716814,129.22566832373,10.9999999997399,20.5028334027389
368,Stim,1,4,0.1818,-0.0561999999999898,3,0.55343333333326,0.633433333333414,0.60963333333325,80.9999999980846,0.14404986803349,0.178889528954254,0.161469698493872,18.7205023589365,26.6179444551842,26.6179444551842,0.0192816763506161,-0.0333202974613338,300.056962012333,-29.9999999992906,155.302684121108
368,Stim,1,4,0.1818,-0.0561999999999898,4,0.824433333333218,0.87243333333322,0.880633333333208,48.9999999988413,0.00930846926066019,6.93889390390723e-18,0.0046542346303301,7.84472464883608,5.55335918619635,7.84472464883608,-0.00465423463033009,0,180,10.9999999997399,180
368,Stim,1,4,0.1818,-0.0561999999999898,5,0.875433333333376,0.905433333333349,0.931633333333366,30.9999999992669,0.00398934421689911,6.93889390390723e-18,0.00199467210844956,6.43494385465899,5.39282635716669,6.43494385465899,-0.00199467210844955,0,180,-8.99999999978718,180
368,Stim,1,4,0.1818,-0.0561999999999898,6,0.921433333333425,0.962433333333365,0.977633333333415,41.9999999990068,0.00531912567697103,0.0434748276670949,0.024396976672033,4.96481906198001,5.82953448769163,5.82953448769163,-0.0113031369210094,0.0166600772986532,124.155183588241,-17.9999999995744,129.966149023639
369,NonStim,0,4,0.4545,NaN,1,0.379133333333129,0.418133333333117,NaN,39.9999999990541,0.178939923679109,0.232000249444715,0.205470086561912,18.8961460791586,20.8572395236838,20.8572395236838,-0.107047286886871,-0.17526384596009,238.584336100565,-2.99999999992906,3.62015834110161
369,NonStim,0,4,0.4545,NaN,2,0.752133333333177,0.782133333333149,NaN,30.9999999992669,0.14120509089333,0.136642175854,0.138923633373665,20.3295385106915,12.4582526318187,20.3295385106915,-0.100398413481066,-0.0959620244780995,223.70573149859,0,2.7641242197756
370,NonStim,0,3,0.4545,NaN,1,0.447966666666616,0.465966666666645,NaN,18.9999999995507,0.534983928731572,0.484669428275963,0.509826678503767,47.9460144084892,43.1006722326357,47.9460144084892,-0.0545210173190587,-0.50579349114899,263.847669113064,-0.999999999976353,7.54897868394244
370,NonStim,0,3,0.4545,NaN,2,0.66896666666662,0.682966666666744,NaN,14.9999999996453,0.21187341424155,0.257460155166182,0.234666784703866,20.09415638897,24.0000309119344,24.0000309119344,-0.0578454810831123,0.226575636409397,104.321861157766,0,9.64938271038665
372,NonStim,0,4,0.3636,NaN,1,0.281433333333098,0.303433333333032,NaN,22.9999999994561,0.185449537965871,0.115896620446807,0.150673079206339,20.0824992844609,10.8961659220554,20.0824992844609,-0.113696249721217,-0.03265373708261,196.024146674518,0,79.0722943932535
372,NonStim,0,4,0.3636,NaN,2,0.485433333333049,0.518433333333178,NaN,33.999999999196,0.128988555843183,0.125027760611424,0.127008158227304,22.7556145922237,19.4549214935286,22.7556145922237,-0.126993948860139,0.00133280285497474,179.398702255707,4.99999999988177,1.22164492900404
372,NonStim,0,4,0.3636,NaN,3,0.875433333333149,0.892433333333202,NaN,17.9999999995744,0.27472773274904,0.291210278234896,0.282969005491968,29.63298380952,28.9317921248676,29.63298380952,-0.0551857788728851,-0.277222771666462,258.74150283255,-0.999999999976353,5.33867342111259
374,NonStim,0,1,0.4545,NaN,1,0.269733333333306,0.304733333333388,NaN,35.9999999991487,0.195465527437223,0.167749368070058,0.181607447753641,17.7357424836854,15.6423961193496,17.7357424836854,-0.153589632144456,0.0733041600009438,154.486124289836,-1.99999999995271,40.981615930082
375,NonStim,0,3,-0.6363,NaN,1,0.319266666666863,0.339266666666845,NaN,20.9999999995034,0.184590452721764,0.148192088543318,0.166391270632541,10.22782724653,13.1544073638516,13.1544073638516,0.0352392002581719,0.16260212360112,77.7719357042708,2.99999999992906,1.5184811325301
375,NonStim,0,3,-0.6363,NaN,2,0.466266666666797,0.492266666666865,NaN,26.9999999993615,0.517727477892601,0.369309452607451,0.443518465250026,33.6903371343858,21.2066690408672,33.6903371343858,-0.0784570852623665,-0.436491627362816,259.810191817155,0.999999999976353,1.39104755378855
375,NonStim,0,3,-0.6363,NaN,3,0.71826666666675,0.737266666666756,NaN,19.9999999995271,0.466393769571445,0.426580311468437,0.446487040519941,34.6983201617888,34.585282162957,34.6983201617888,-0.152259671932391,0.41716402880645,110.05145207977,1.99999999995271,11.911102724329
375,NonStim,0,3,-0.6363,NaN,4,0.740266666666685,0.755266666666785,NaN,15.9999999996217,0.226250621761658,0.249523263980957,0.237886942871308,21.2777067895961,21.0598818051472,21.2777067895961,0.0558505884446432,-0.231237764611227,283.578529695941,0,0.0360154454383519
375,NonStim,0,3,-0.6363,NaN,5,0.913266666666686,0.931266666666716,NaN,18.9999999995507,0.349322152864716,0.259141136100491,0.304231644482603,30.2102327072343,24.1893473476447,30.2102327072343,0.0246009390799044,-0.303212544144254,274.638493011049,1.99999999995271,1.41695602986385
376,Stim,1,2,-0.0909,-0.0618000000001757,1,0.907399999999825,0.948399999999992,0.969200000000001,41.9999999990068,0.42137273145388,0.293294438695998,0.357333585074939,38.5072662028951,29.3708185932023,38.5072662028951,-0.127658828579231,-0.333200258841934,249.036692794177,-2.99999999992906,6.25701830126525
377,NonStim,0,1,0.6363,NaN,1,0.372133333333295,0.40913333333333,NaN,37.9999999991014,0.108126969386615,0.19992512859027,0.154026048988443,10.0305395144723,15.2407547275282,15.2407547275282,-0.0199466992098183,-0.149940576778633,262.422394298152,5.99999999985812,22.7921005065347
377,NonStim,0,1,0.6363,NaN,2,0.503133333333381,0.542133333333368,NaN,39.9999999990541,0.200059768846369,0.197393442627394,0.198726605736881,18.2262306236086,15.404945830998,18.2262306236086,-0.167552337278319,0.106624446683649,147.528751229291,-0.999999999976353,4.06630194858818
377,NonStim,0,1,0.6363,NaN,3,0.653133333333244,0.690133333333279,NaN,37.9999999991014,0.171192437699947,0.0717513186912043,0.121471878195576,26.9883253993542,12.721602971893,26.9883253993542,0.0299200660624506,-0.11728687310039,284.311016207571,7.99999999981083,10.5589065447407
377,NonStim,0,1,0.6363,NaN,4,0.739133333333257,0.758133333333262,NaN,19.9999999995271,0.038834284212728,0.0013297794252826,0.0200820318190053,5.71034499131402,4.95615850978032,5.71034499131402,-0.0106382486527066,0.0166600575938786,122.560190318065,-6.99999999983447,59.093619041561
379,Stim,1,1,0.1818,-0.0561333333334915,1,0.290066666666462,0.314066666666577,0.346199999999953,24.9999999994088,0.0339770597624236,0.0354043250403044,0.034690692401364,5.90072125693106,4.44268670708405,5.90072125693106,-0.00930846771273708,-0.0333201527066485,254.391523594896,9.99999999976353,8.47249540642179
379,Stim,1,1,0.1818,-0.0561333333334915,2,0.444066666666458,0.472066666666478,0.50019999999995,28.9999999993142,0.00664890654232291,0.036828188756165,0.021738547649244,5.54075582409557,5.62367485960213,5.62367485960213,-0.01529248589881,-0.013994465577094,222.462267554317,-6.99999999983447,49.4630194543984
379,Stim,1,1,0.1818,-0.0561333333334915,3,0.587066666666487,0.615066666666507,0.643199999999979,28.9999999993142,0.045220555026607,0.0265956224771689,0.0359080887518879,5.06464386841144,5.82521194054442,5.82521194054442,-0.00332445611556724,0.0153272592865033,102.237797276623,0.999999999976353,137.321095505403
382,Stim,1,3,0.6363,-0.0634000000000015,1,0.374199999999973,0.410200000000032,0.437599999999975,36.9999999991251,0.114898339955801,0.223753865276836,0.169326102616319,16.4379077581544,25.5215276069444,25.5215276069444,-0.103057927126918,0.00533106176838351,177.038798089633,-14.9999999996453,113.703268499848
383,NonStim,0,3,-0.1818,NaN,1,0.308533333333116,0.333533333333207,NaN,25.9999999993852,0.23910458379763,0.222862217315507,0.230983400556569,22.6785463258034,21.8751919126816,22.6785463258034,-0.0598400847169589,0.217912764522176,105.355245167538,-8.99999999978718,23.9102512479463
383,NonStim,0,3,-0.1818,NaN,2,0.511533333333091,0.528533333333144,NaN,17.9999999995744,0.27606356556099,0.253887855143694,0.264975710352342,30.4956909450826,27.0830414089011,30.4956909450826,-0.091754884632581,-0.248567891551755,249.739176972575,0,1.15915069162639
384,Stim,1,3,-0.1818,-0.0663333333334322,1,0.239433333333182,0.258433333333187,0.305766666666614,19.9999999995271,0.180882202617319,0.193076504586118,0.186979353601719,13.1654011582867,14.5704248970412,14.5704248970412,-0.14561095590428,0.116620503698621,141.308597547443,-0.999999999976353,7.72285054001676
384,Stim,1,3,-0.1818,-0.0663333333334322,2,0.562433333333274,0.582433333333256,0.628766666666706,20.9999999995034,0.089135159839826,0.10645756697351,0.0977963634066679,21.7105289247808,25.4248463802539,25.4248463802539,-0.0977388727885519,0.00333201499846873,178.047486282979,0,0.438765025034911
385,NonStim,0,2,-0.6363,NaN,1,0.398533333333262,0.427533333333258,NaN,29.9999999992906,0.149607088827725,0.191374709418654,0.170490899123189,16.4943693573857,13.2635097653343,16.4943693573857,-0.0964090778618902,0.016659963268847,170.19583124908,6.99999999983447,111.210889416875
386,Stim,1,1,-0.1818,-0.0565666666666402,1,0.0841000000000349,0.123100000000022,0.140666666666675,39.9999999990541,0.00132978133253031,0.0426328509027063,0.0219813161176183,5.55335947095138,5.85963016446959,5.85963016446959,0.0126329234002947,0.0166600760824883,52.8278580079755,-21.9999999994798,128.596324025894
386,Stim,1,1,-0.1818,-0.0565666666666402,2,0.20010000000002,0.235100000000102,0.256666666666661,35.9999999991487,0.0177798110912378,0.0333201521649767,0.0255499816281073,5.55335732613311,5.97927947950333,5.97927947950333,0.0019946720934188,-0.0253233147291933,274.503786697906,-10.9999999997399,12.9661255823495
386,Stim,1,1,-0.1818,-0.0565666666666402,3,0.359099999999899,0.416099999999915,0.415666666666539,57.9999999986285,0.076074613014323,0.0756027131041568,0.0758386630592399,21.0538567543148,19.8284934348658,21.0538567543148,-0.0352391973706491,0.0559778540141334,122.191249316144,-1.99999999995271,58.5705314148703
386,Stim,1,1,-0.1818,-0.0565666666666402,4,0.527100000000019,0.566100000000006,0.583666666666659,39.9999999990541,0.133222819735068,0.0664890593232588,0.0998559395291635,17.2711838517009,17.7927557421353,17.7927557421353,-0.0977388959288105,-0.0166600313425668,189.673351025385,2.99999999992906,14.4838896943809
386,Stim,1,1,-0.1818,-0.0565666666666402,5,0.642100000000028,0.673099999999977,0.698666666666668,31.9999999992433,0.00132978046509056,0,0.000664890232545279,5.55334423609145,5.77353805727858,5.77353805727858,0.000664890232545279,0,0,-0.999999999976353,0
386,Stim,1,1,-0.1818,-0.0565666666666402,6,0.692099999999982,0.750099999999975,0.748666666666622,58.9999999986048,0.235598090006984,0.229338766404202,0.232468428205593,25.9659592279843,25.3581939667041,25.9659592279843,0.0199467142664756,-0.231241572732945,274.9300848887,6.99999999983447,6.4505730290233
387,Stim,1,1,0.0909,-0.0538333333333867,1,0.319599999999809,0.346599999999853,0.373433333333196,27.9999999993379,0.00531911470097657,0.0265955774872202,0.0159573460940984,5.09748763848173,5.66284093132694,5.66284093132694,0.0106382313931218,0,0,0,180
387,Stim,1,1,0.0909,-0.0538333333333867,2,0.364599999999882,0.440599999999904,0.418433333333269,76.9999999981792,0.19104149458146,0.151716524482706,0.171379009532083,33.1007218582214,25.7826156714316,33.1007218582214,-0.105052674415197,0.121951616371792,130.742567778341,39.9999999990541,40.4408465206428
387,Stim,1,1,0.0909,-0.0538333333333867,3,0.571599999999762,0.609599999999773,0.625433333333149,38.9999999990778,0.171624296461903,0.120053578818806,0.145838937640354,29.1828205425285,25.1050396997404,29.1828205425285,-0.0538561273052184,-0.133280147822283,247.997245992862,2.99999999992906,19.7320116772777
388,Stim,1,2,-0.4545,-0.0529000000001361,1,0.497699999999895,0.510699999999815,0.550600000000031,13.9999999996689,0.236779223830783,0.148165971141931,0.192472597486357,24.5265901744928,12.7533354077177,24.5265901744928,-0.0864357419875719,-0.170599031105485,243.130481000838,-0.999999999976353,13.3007967900263
390,NonStim,0,2,0.6363,NaN,1,0.480333333333192,0.505333333333283,NaN,25.9999999993852,0.229903921647209,0.347365146139702,0.288634533893455,20.4644497473425,21.758940980346,21.758940980346,-0.0558508000714258,-0.282554251128222,258.8188209527,1.99999999995271,7.63152073248042
391,NonStim,0,2,-1,NaN,1,0.545499999999947,0.577499999999873,NaN,32.9999999992197,0.125537378348273,0.133004794910763,0.129271086629518,10.8845769691115,18.6144922423963,18.6144922423963,-0.0704783819399622,0.0639745913011169,137.769366192468,-15.9999999996217,85.2076728715261
392,NonStim,0,4,-1,NaN,1,0.370499999999993,0.403499999999894,NaN,33.999999999196,0.11850600282161,0.168290673681701,0.143398338251656,19.4715244545879,14.597094861165,19.4715244545879,-0.128988631660092,0.058643431320126,155.55154124319,0,17.9611576913258
393,Stim,1,3,0.4545,-0.0573666666666668,1,0.528899999999794,0.563899999999876,0.586266666666461,35.9999999991487,0.126897262359318,0.145139894412917,0.136018578386117,16.6048724742755,14.5923920501355,16.6048724742755,-0.124999317318678,0.0319873139558947,165.646045645071,3.99999999990541,36.9864036397012
394,NonStim,0,1,-0.4545,NaN,1,0.587766666666766,0.617766666666739,NaN,30.9999999992669,0.073215309768693,0.107953046413026,0.0905841780908598,20.6774612912277,14.8450641018933,20.6774612912277,-0.0831113134580672,0.0359855404922121,156.588351091523,1.99999999995271,2.24888942222782
394,NonStim,0,1,-0.4545,NaN,2,0.789766666666765,0.807766666666794,NaN,18.9999999995507,0.0907183079196105,0.0662547947783664,0.0784865513489885,9.32962604925302,8.24201051947147,9.32962604925302,-0.0186169380092769,-0.0739705483602208,255.873175523538,4.99999999988177,27.5966394967513
395,Stim,1,4,-1,-0.0555000000001655,1,0.330899999999929,0.357899999999972,0.386400000000094,27.9999999993379,0.208190518409241,0.125967624722088,0.167079071565664,22.0815451861838,12.0424641409799,22.0815451861838,-0.0658240547925107,-0.151939691729508,246.576538923719,-3.99999999990541,15.8243499656356
395,Stim,1,4,-1,-0.0555000000001655,2,0.595899999999801,0.614899999999807,0.651399999999967,19.9999999995271,0.25975424002884,0.138145822357104,0.198950031192972,24.0604622989915,13.4864969077468,24.0604622989915,-0.14095629663641,-0.135279046138629,223.82261009042,4.99999999988177,22.8829819161606
400,Stim,1,3,-0.4545,-0.0680333333334602,1,0.479366666666465,0.515366666666523,0.547399999999925,36.9999999991251,0.113636827010023,0.295659677339319,0.204648252174671,20.2153849735937,23.888652998076,23.888652998076,-0.124999310012681,0.113954250259884,137.646477389891,-3.99999999990541,77.8754379987573
401,Stim,1,4,0.4545,-0.0486333333335551,1,0.479333333333216,0.520333333333156,0.527966666666771,41.9999999990068,0.246146024397874,0.187286417523018,0.216716220960446,20.464059727213,23.2128081217152,23.2128081217152,-0.203456311738348,0.0746371116619841,159.854645340252,-2.99999999992906,0.462576097817987
401,Stim,1,4,0.4545,-0.0486333333335551,2,0.832333333333054,0.855333333333192,0.880966666666609,23.9999999994325,0.180719022877586,0.116652496397767,0.148685759637677,19.5834524587352,16.7412700881891,19.5834524587352,-0.0957438703233606,-0.109956349747468,228.952465271501,-0.999999999976353,23.169631534701
403,NonStim,0,2,0.1818,NaN,1,0.615266666666457,0.629266666666581,NaN,14.9999999996453,0.219122769885553,0.154821335379482,0.186972052632518,23.7362352881717,17.7363579349179,23.7362352881717,-0.10305778618983,-0.155937829848182,236.539674190912,0.999999999976353,2.85366741055947
403,NonStim,0,2,0.1818,NaN,2,0.63226666666651,0.646266666666634,NaN,14.9999999996453,0.223914552185122,0.236229926273039,0.23007223922908,21.3629239398792,25.3707833228051,25.3707833228051,-0.0132976899078158,0.22924209136583,93.3198470147923,0,7.12917499137706
405,NonStim,0,1,-1,NaN,1,0.16636666666659,0.188366666666525,NaN,22.9999999994561,0.0322351372311323,0.00664890614435915,0.0194420216877457,5.5125073608647,5.3191254183309,5.5125073608647,0.00531912376752626,0.0159936645861606,71.6040651933513,-3.99999999990541,82.8909888609451
405,NonStim,0,1,-1,NaN,2,0.368366666666589,0.39336666666668,NaN,25.9999999993852,0.235596455396208,0.194170828614653,0.21488364200543,30.3469853296332,27.545483057601,30.3469853296332,-0.0664890495607724,0.199919514062872,108.396046433718,0,22.7945129781371
405,NonStim,0,1,-1,NaN,3,0.473366666666607,0.532366666666576,NaN,59.9999999985812,0.325437831350162,0.266642700151573,0.296040265750868,24.5158377986445,21.5631176737714,24.5158377986445,0.012632924534487,-0.295214473268113,272.450326785223,-26.9999999993615,7.05673251748067
405,NonStim,0,1,-1,NaN,4,0.66636666666659,0.720366666666678,NaN,54.9999999986994,0.03755423869636,1.73472347597681e-18,0.01877711934818,6.59774385777603,4.65423470569233,6.59774385777603,0.0172871339738394,0.00733043040934994,22.9788705529794,-10.9999999997399,112.978870552979
405,NonStim,0,1,-1,NaN,5,0.945366666666587,0.964366666666592,NaN,19.9999999995271,0.0189552620115728,0.0134242759547394,0.0161897689831561,5.98318703029812,3.3244489319378,5.98318703029812,0.0124666853741217,0.00833002603966061,33.7501689931611,-5.99999999985812,45.0230114214159
406,Stim,1,1,1,-0.0471666666667261,1,0.35073333333321,0.385733333333292,0.397899999999936,35.9999999991487,0.0499658656167187,0.0929056139021762,0.0714357397594474,11.4083583195071,10.0957932342435,11.4083583195071,0.0638294733178818,0.027322504279715,23.173572215107,14.9999999996453,28.5554041003573
406,Stim,1,1,1,-0.0471666666667261,2,0.517733333333126,0.563733333333175,0.564899999999852,46.9999999988886,0.190845439482977,0.18544951350741,0.188147476495193,19.6257219246682,17.0135420710269,19.6257219246682,-0.146275847312737,-0.11662039965324,218.564078310753,7.99999999981083,12.2440662556483
407,Stim,1,1,-0.6363,-0.0505333333333056,1,0.157300000000077,0.177300000000059,0.207833333333383,20.9999999995034,0.117520010628958,0.164495224135667,0.141007617382312,12.314354356211,12.9309386263819,12.9309386263819,-0.116355828017266,-0.0793019268716535,214.276255894355,-1.99999999995271,6.15253850407245
407,Stim,1,1,-0.6363,-0.0505333333333056,2,0.449299999999994,0.485300000000052,0.499833333333299,36.9999999991251,0.361271798787333,0.210685887577049,0.285978843182191,37.8552176333098,34.7274355993452,37.8552176333098,-0.0372338733928697,-0.280551518671287,262.440072460569,2.99999999992906,17.1305829843147
407,Stim,1,1,-0.6363,-0.0505333333333056,3,0.682299999999941,0.721299999999928,0.732833333333247,39.9999999990541,0.211109411664325,0.400330858014624,0.305720134839474,37.653311503122,36.2936969826583,37.653311503122,-0.132977778441336,0.273889769677632,115.897300257955,-1.99999999995271,10.9267718338927
407,Stim,1,1,-0.6363,-0.0505333333333056,4,0.895299999999907,0.930299999999988,0.945833333333212,35.9999999991487,0.143502555262914,0.0571313982684248,0.10031697676567,15.574642268374,16.2867838702985,16.2867838702985,-0.0518613941282017,-0.0799682891756751,237.035603359988,1.99999999995271,40.4312615863079
410,NonStim,0,1,1,NaN,1,0.319533333333311,0.397533333333286,NaN,78.9999999981319,0.316029002977519,0.390143520034489,0.353086261506004,32.9184946979482,38.7584350156126,38.7584350156126,-0.0997335710380333,0.338529892872114,106.415388382674,6.99999999983447,3.58495390148229
410,NonStim,0,1,1,NaN,2,0.458533333333207,0.506533333333209,NaN,48.9999999988413,0.466509069096677,0.396519281621657,0.431514175359167,42.9028820564666,32.9360881248545,42.9028820564666,-0.022606271338835,-0.430493051136323,266.994015749679,-4.99999999988177,5.12094285083208
410,NonStim,0,1,1,NaN,3,0.736533333333227,0.804533333333211,NaN,68.9999999983684,0.158243611279166,0.118498789630068,0.138371200454617,19.6285051897471,20.5852563555467,20.5852563555467,-0.137632048895034,0.00932964201541282,176.12203258566,-2.99999999992906,9.05972365023675
411,NonStim,0,4,-0.0909,NaN,1,0.338266666666641,0.383266666666714,NaN,45.9999999989122,0.0895643518407688,0.151205338701215,0.120384845270992,24.9105660765196,25.784553488397,25.784553488397,-0.0964091130184496,0.0693058595682594,144.288681141073,0.999999999976353,19.654037795379
411,NonStim,0,4,-0.0909,NaN,2,0.592266666666774,0.665266666666639,NaN,73.9999999982501,0.145010634389368,0.0803205172960532,0.112665575842711,22.3342098279813,19.8302025829212,22.3342098279813,0.088430243970709,-0.0679731016547121,322.451832792002,38.9999999990778,16.960076610038
411,NonStim,0,4,-0.0909,NaN,3,0.80026666666663,0.826266666666697,NaN,26.9999999993615,0.177849732556935,0.18389391021344,0.180871821385188,15.8093760128853,16.9529244337822,16.9529244337822,-0.172871364183301,0.0499802236321762,163.874466393161,8.99999999978718,11.5665630984266
411,NonStim,0,4,-0.0909,NaN,4,0.827266666666674,0.842266666666774,NaN,15.9999999996217,0.119322349805894,0.0876842450067886,0.103503297406342,15.3594339176561,10.399868624875,15.3594339176561,0.0618348255440535,-0.0826339509135663,306.807437869793,1.99999999995271,8.7595074836895
412,Stim,1,2,-0.1818,-0.0570999999999913,1,0.285566666666682,0.305566666666664,0.342666666666673,20.9999999995034,0.180353805485653,0.196775921220046,0.188564863352849,15.5329940876877,15.3400221646722,15.5329940876877,0.0438827620718901,0.182594047821642,76.4864096283666,1.99999999995271,10.3804171567941
413,NonStim,0,2,1,NaN,1,0.44123333333323,0.463233333333164,NaN,22.9999999994561,0.385054967688784,0.259078225899227,0.322066596794006,30.8519325017515,18.0669164904048,30.8519325017515,-0.143616153259806,-0.287218583093607,243.433853786705,1.99999999995271,8.94606928740151
414,NonStim,0,1,-0.6363,NaN,1,0.420199999999795,0.445199999999886,NaN,25.9999999993852,0.139537035549476,0.141054363197747,0.140295699373611,13.0517487122417,13.2793668617872,13.2793668617872,-0.13430774584637,0.0386513765350127,163.945124173886,0.999999999976353,10.0292784130274
414,NonStim,0,1,-0.6363,NaN,2,0.633199999999988,0.650199999999813,NaN,17.9999999995744,0.0664890639226059,0.10889452737536,0.087691795648983,8.23923499750145,9.7750363593585,9.7750363593585,-0.0791219814408817,0.0293217351520073,159.665848971081,2.99999999992906,32.583938057585
415,Stim,1,4,0.6363,-0.0479000000002543,1,0.711199999999735,0.730199999999741,0.759099999999989,19.9999999995271,0.245521000858935,0.225025127737235,0.235273064298085,19.7863455965851,19.7358439764454,19.7863455965851,-0.160903380089216,-0.171265420679042,226.786768414785,-0.999999999976353,5.59645984061095
416,NonStim,0,4,-0.3636,NaN,1,0.392433333333429,0.447433333333265,NaN,55.9999999986758,0.108472487529275,0.0574332560262217,0.0829528717777482,11.1553272619447,16.5070850104377,16.5070850104377,-0.0558507811113004,-0.0199920604956794,199.695076628303,-2.99999999992906,94.5521315297846
416,NonStim,0,4,-0.3636,NaN,2,0.536433333333207,0.579433333333327,NaN,43.9999999989595,0.147601572485555,0.163280929085895,0.155441250785725,19.068321464167,19.5070838888087,19.5070838888087,-0.115026045104998,-0.0992940330973505,220.801773771441,-11.9999999997162,24.3470147844282
418,NonStim,0,3,0.1818,NaN,1,0.392366666666476,0.411366666666481,NaN,19.9999999995271,0.148726605428023,0.174169211891827,0.161447908659925,14.5768498846552,16.3420186561922,16.3420186561922,-0.134972745828761,0.0439824509674576,161.951193649307,5.99999999985812,57.0821735851896
418,NonStim,0,3,0.1818,NaN,2,0.909366666666529,0.924366666666629,NaN,15.9999999996217,0.259230420823211,0.16725094505822,0.213240682940715,28.6817179786474,19.8907949007473,28.6817179786474,-0.0917548566615516,-0.187925268905146,243.975971622885,2.99999999992906,23.0905501603513
419,NonStim,0,3,-0.3636,NaN,1,0.414599999999837,0.432599999999866,NaN,18.9999999995507,0.302573587041504,0.400460054080153,0.351516820560829,31.4839614658683,34.0621842580378,34.0621842580378,-0.0744677384172134,0.343194229519199,102.242501159741,0,5.06265527890071
419,NonStim,0,3,-0.3636,NaN,2,0.527599999999893,0.556599999999889,NaN,29.9999999992906,0.465000886639421,0.391891890083035,0.428446388361228,29.0431309986898,20.4367020511243,29.0431309986898,-0.0199466987553706,-0.427823232846903,267.330592312459,1.99999999995271,3.12763309166559
421,NonStim,0,2,0.0909,NaN,1,0.765666666666448,0.778666666666368,NaN,13.9999999996689,0.177834261561452,0.166547408151597,0.172190834856525,21.206672737623,19.7578283793297,21.206672737623,-0.0711432952477109,-0.155938097484275,245.47620990281,0.999999999976353,10.9907372347978
422,NonStim,0,2,-0.3636,NaN,1,0.683533333333116,0.706533333333255,NaN,23.9999999994325,0.132756162564502,0.181818036387369,0.157287099475936,12.8665028472665,13.9704659783536,13.9704659783536,-0.109706736710631,-0.112621932283306,225.751224897238,-1.99999999995271,3.29602069765551
424,Stim,1,4,-0.6363,-0.0543666666667377,1,0.630866666666634,0.650866666666616,0.685233333333372,20.9999999995034,0.144578852817556,0.146275744520369,0.145427298668962,12.5936454594673,14.8378907541442,14.8378907541442,-0.137632154189088,-0.0326534648848356,193.346751687622,1.99999999995271,26.8531006379213
425,NonStim,0,1,0.3636,NaN,1,0.353799999999865,0.385800000000017,NaN,32.9999999992197,0.082846279520362,0.230931440249044,0.156888859884703,21.1315787746168,19.4567310339531,21.1315787746168,-0.121674840802167,0.0979612084444992,141.162231702488,0.999999999976353,12.1121566177433
425,NonStim,0,1,0.3636,NaN,2,0.648799999999937,0.676799999999957,NaN,28.9999999993142,0.148787112794654,0.0839665905707384,0.116376851682696,16.117456447981,17.1042810219221,17.1042810219221,0.0252658407130674,0.111954993324678,77.2826171260004,0,19.8539706594062
425,NonStim,0,1,0.3636,NaN,3,0.795799999999872,0.81880000000001,NaN,23.9999999994325,0.410494948649116,0.348056834353395,0.379275891501256,31.9556774321881,29.0047797544004,31.9556774321881,-0.106382429924424,-0.363854819292336,253.702345022238,0.999999999976353,3.62145650560939
425,NonStim,0,1,0.3636,NaN,4,0.820799999999963,0.848799999999983,NaN,28.9999999993142,0.1307221926697,0.100624098995878,0.115673145832789,14.4997095294859,14.4997912889903,14.4997912889903,0.0126328918949883,0.114620603931438,83.7105393489521,0,9.10141611927128
428,NonStim,0,4,0.6363,NaN,1,0.245499999999993,0.280499999999847,NaN,35.9999999991487,0.154507895074718,0.104658663502344,0.129583279288531,15.5461096189695,18.614432506759,18.614432506759,-0.0644943857879807,-0.111289221304537,239.906828602897,0,14.1990275361608
428,NonStim,0,4,0.6363,NaN,2,0.497499999999945,0.528499999999894,NaN,31.9999999992433,0.196986316597598,0.263994491382392,0.230490403989995,18.7627986133888,21.5321158995329,21.5321158995329,-0.199466939100065,0.099960378667468,153.382829837798,-5.99999999985812,29.3911814003903
428,NonStim,0,4,0.6363,NaN,3,0.655499999999847,0.675500000000056,NaN,20.9999999995034,0.212403886437929,0.171624908539988,0.192014397488958,19.3906549021514,13.3740385159863,19.3906549021514,0.0525263009024085,-0.184593455139139,285.883769882517,-6.99999999983447,3.59028749026305
429,Stim,1,1,0.4545,-0.0489000000002306,1,0.286733333333132,0.332733333333181,0.335633333333362,46.9999999988886,0.100667250933217,0.150318390950148,0.125492820941683,15.26400828592,14.8833613862913,15.26400828592,-0.123669563059646,-0.0153272702012287,187.065056344395,6.99999999983447,13.8305082582452
429,Stim,1,1,0.4545,-0.0489000000002306,2,0.671733333333123,0.709733333333133,0.720633333333353,38.9999999990778,0.346679987148071,0.379762564682235,0.363221275915153,34.107873110613,32.1024026973764,34.107873110613,-0.112366454100134,-0.345191143077602,251.968920068997,0.999999999976353,3.82389270661446
429,Stim,1,1,0.4545,-0.0489000000002306,3,0.943733333333057,0.970733333333101,0.992633333333288,27.9999999993379,0.169923120076752,0.188543833884073,0.179233476980413,16.1665700997846,19.4794348840511,19.4794348840511,-0.0370676121948813,0.175259771582099,101.942121230819,7.99999999981083,3.76887447238315
430,NonStim,0,2,-0.1818,NaN,1,0.171333333333223,0.189333333333252,NaN,18.9999999995507,0.108640806930081,0.107626929903335,0.108133868416708,7.41741467973032,9.33225908724049,9.33225908724049,-0.0412232216720762,0.0999603329409288,112.411045319262,2.99999999992906,1.30282164930202
430,NonStim,0,2,-0.1818,NaN,2,0.57033333333311,0.604333333333216,NaN,34.9999999991724,0.239301602963115,0.209043523144294,0.224172563053705,15.912313366239,23.3792874047489,23.3792874047489,-0.194147724358217,0.105957979297014,151.376072652624,0.999999999976353,18.7892286227623
430,NonStim,0,2,-0.1818,NaN,3,0.727333333333263,0.763333333333321,NaN,36.9999999991251,0.06701215015408,0.192368925241518,0.129690537697799,6.58896754601074,18.0669175208991,18.0669175208991,0.0498666918687684,-0.107290840937566,294.928086762282,-20.9999999995034,55.7894704908456
431,Stim,1,4,-0.1818,-0.0510000000001583,1,0.365866666666534,0.405866666666498,0.416866666666692,40.9999999990305,0.166464489632188,0.184379089368537,0.175421789500363,27.5236877156736,27.2716996871577,27.5236877156736,-0.128988411087078,0.1139547944145,138.541016248584,0.999999999976353,22.3132383161891
431,Stim,1,4,-0.1818,-0.0510000000001583,2,0.541866666666692,0.594866666666576,0.592866666666851,53.9999999987231,0.0708083146157236,0.0881760470151171,0.0794921808154204,17.1172327014596,10.0305295850894,17.1172327014596,-0.00797864603313251,0.00599776019842362,143.066842774581,24.9999999994088,172.857917300256
431,Stim,1,4,-0.1818,-0.0510000000001583,3,0.596866666666529,0.638866666666672,0.647866666666687,42.9999999989832,0.0172871292941881,0.0345958393095651,0.0259414843018766,4.21096838994006,3.77626979480738,4.21096838994006,-0.00398934703583471,-0.0166600204924951,256.533724897266,27.9999999993379,105.608474364762
431,Stim,1,4,-0.1818,-0.0510000000001583,4,0.872866666666596,0.889866666666649,0.923866666666754,17.9999999995744,0,0,0,2.43793019533991,5.55334066687892,5.55334066687892,0,0,0,-2.99999999992906,0
432,NonStim,0,1,-0.3636,NaN,1,0.28489999999988,0.332899999999881,NaN,48.9999999988413,0.0744723210423798,0.127721558157802,0.101096939600091,33.6532684775688,39.2014005231237,39.2014005231237,-0.0804517452942269,0.0313209354926369,158.728374366082,-7.99999999981083,65.2809551953862
432,NonStim,0,1,-0.3636,NaN,2,0.752899999999954,0.786899999999832,NaN,34.9999999991724,0.138203279019089,0.119854604071978,0.129028941545534,17.7928394849374,18.427515413649,18.427515413649,-0.0438827788737634,-0.116620486865923,249.37933120722,1.99999999995271,30.1770951619889
433,Stim,1,1,-0.4545,-0.0497000000000298,1,0.375600000000077,0.417599999999993,0.425300000000107,42.9999999989832,0.194959397357301,0.271102763062182,0.233031080209742,20.4872546972385,22.0191924061504,22.0191924061504,-0.18683402956544,0.137278971586156,143.692883181801,2.99999999992906,11.7206654557797
438,Stim,1,3,0.3636,-0.0575333333333674,1,0.389399999999796,0.408399999999801,0.446933333333163,19.9999999995271,0.518471324102348,0.493754497127996,0.506112910615172,44.4045887441608,42.649599453524,44.4045887441608,-0.0199467207353918,-0.505128275138342,267.738654735928,-0.999999999976353,5.53979361622146
438,Stim,1,3,0.3636,-0.0575333333333674,2,0.836399999999912,0.851399999999785,0.89393333333328,15.9999999996217,0.219661304412043,0.267762772640618,0.24371203852633,21.4231187465525,24.1932242404988,24.1932242404988,-0.078457088174773,0.230573606192145,108.791855994757,0.999999999976353,4.11610765118257
439,NonStim,0,4,1,NaN,1,0.0224333333330833,0.064433333333227,NaN,42.9999999989832,0.0605283783278367,0.0886814221948127,0.0746049002613247,10.8391606641196,12.2760595681113,12.2760595681113,-0.054521032913915,-0.0166600754986333,196.991660452061,3.99999999990541,82.1172879081217
439,NonStim,0,4,1,NaN,2,0.420433333333222,0.471433333333152,NaN,51.9999999987704,0.145377585373739,0.0986631063993184,0.122020345886529,21.1967651081723,21.1285219595562,21.1967651081723,0.0345743032345852,-0.113954653985743,286.878009698381,-0.999999999976353,25.6718555209659
439,NonStim,0,4,1,NaN,3,0.565433333333203,0.612433333333229,NaN,47.999999998865,0.13736413395882,0.1843403401382,0.16085223704851,20.9596408607588,23.1115314043357,23.1115314043357,-0.0498667710815292,0.152606217859495,108.095715850648,2.99999999992906,7.13670881106361
439,NonStim,0,4,1,NaN,4,0.744433333333291,0.78843333333316,NaN,44.9999999989359,0.179043725538866,0.104493789705833,0.14176875762235,19.0110467114746,20.7939593440852,20.7939593440852,-0.0538561207715864,-0.124617252798814,246.627338138491,-8.99999999978718,34.7504220589773
439,NonStim,0,4,1,NaN,5,0.790433333333112,0.814433333333227,NaN,24.9999999994088,0.0203435220460746,0.0591834635024088,0.0397634927742417,5.54075536499153,5.71033085476771,5.71033085476771,0.0139627014887188,0.0313207964292388,65.9728543980072,-7.99999999981083,70.9172403499333
441,Stim,1,4,0.0909,-0.0525666666667348,1,0.292833333333192,0.339833333333218,0.345399999999927,47.999999998865,0.209080045486348,0.192043686429797,0.200561865958072,22.0632125558249,20.1648513784599,22.0632125558249,-0.126993984284372,-0.153938957518036,230.478621278659,19.9999999995271,11.462014165587
441,Stim,1,4,0.0909,-0.0525666666667348,2,0.516833333333352,0.548833333333278,0.569400000000087,32.9999999992197,0.0470683384816622,0.109557405878894,0.0783128721802779,9.03779138637362,15.9993573874348,15.9993573874348,-0.0339094011482903,0.0686394945566788,116.290372254785,-1.99999999995271,26.5389713676721
442,NonStim,0,1,-0.1818,NaN,1,0.414466666666613,0.448466666666491,NaN,34.9999999991724,0.164976295034382,0.216008886323028,0.190492590678705,10.2120222153601,15.5268253105049,15.5268253105049,-0.174866063082866,0.0266561046804813,171.332711245856,-7.99999999981083,43.9902190102517
442,NonStim,0,1,-0.1818,NaN,2,0.610466666666525,0.649466666666513,NaN,39.9999999990541,0.121795273494219,0.0199757490216173,0.0708855112579181,17.6284322763556,14.1251819979318,17.6284322763556,0.0565156573411409,0.0419832215656622,36.6071805325565,13.9999999996689,19.268695847655
442,NonStim,0,1,-0.1818,NaN,3,0.782466666666551,0.799466666666603,NaN,17.9999999995744,0.00265956229963591,0.00266559637381319,0.00266257933672455,5.97927001963301,5.55333114818674,5.97927001963301,0.00132978114981796,0.0013327981869066,45.0649232927806,-3.99999999990541,90
443,NonStim,0,1,0.0909,NaN,1,0.268699999999853,0.307699999999841,NaN,39.9999999990541,0.227893621163848,0.191030373549241,0.209461997356544,19.665177266057,29.2501871418202,29.2501871418202,-0.168217224992018,0.115287602788346,145.575226564542,-7.99999999981083,26.4944939968916
443,NonStim,0,1,0.0909,NaN,2,0.571699999999964,0.623699999999872,NaN,52.9999999987467,0.268436513896408,0.240181165733913,0.254308839815161,24.6728099292747,21.9912235190996,24.6728099292747,-0.00332450080873482,0.247234475963274,90.7703957358007,-30.9999999992669,27.0916923508027
443,NonStim,0,1,0.0909,NaN,3,0.733699999999999,0.759699999999839,NaN,26.9999999993615,0.475014168865029,0.417185453716837,0.446099811290933,38.3869039735442,33.6749829704467,38.3869039735442,0.009308465898248,-0.445821159286483,271.196126107095,3.99999999990541,3.27567859896158
445,Stim,1,3,-0.6363,-0.0593333333333703,1,0.264366666666547,0.32436666666672,0.323699999999917,60.9999999985575,0.366520031888382,0.362015245413423,0.364267638650903,47.1839304082725,34.1681190812026,47.1839304082725,-0.0332444971659855,-0.361188549030135,264.741201872151,15.9999999996217,10.5832226836408
445,Stim,1,3,-0.6363,-0.0593333333333703,2,0.453366666666625,0.510366666666641,0.512699999999995,57.9999999986285,0.178888406526834,0.270727785844386,0.22480809618561,19.8780914507841,24.5801358917166,24.5801358917166,-0.0804517563334112,0.209915783674256,110.969695033879,2.99999999992906,0.650114066513936
446,Stim,1,2,-1,-0.0597666666665191,1,0.460300000000188,0.477300000000241,0.520066666666708,17.9999999995744,0.485784578416089,0.320797010501034,0.403290794458561,38.268199105171,24.655728356725,38.268199105171,-0.045877430951399,-0.4005017134777,263.465257161914,1.99999999995271,3.39941306877802
446,Stim,1,2,-1,-0.0597666666665191,2,0.693300000000136,0.707300000000032,0.753066666666655,14.9999999996453,0.306892251233434,0.300836709281722,0.303864480257578,27.5445187050546,25.4885262749978,27.5445187050546,-0.0305849578136218,0.301879041792404,95.7851968901723,-0.999999999976353,6.16799512799025
447,Stim,1,4,1,-0.0604666666665707,1,0.452099999999973,0.500099999999975,0.512566666666544,48.9999999988413,0.0667595287256628,0.101024981961845,0.0838922553437541,18.9644444315437,17.7831031006336,18.9644444315437,-0.00930846758662364,0.0833003107526574,96.3761160035362,5.99999999985812,4.89936549793487
447,Stim,1,4,1,-0.0604666666665707,2,0.557099999999991,0.625099999999975,0.617566666666562,68.9999999983684,0.208684318655892,0.202665778871179,0.205675048763535,17.0794557969571,14.9001144903256,17.0794557969571,0.0465423201848989,-0.199920639214162,283.105255166463,27.9999999993379,7.22221072762062
447,Stim,1,4,1,-0.0604666666665707,3,0.712099999999964,0.753100000000131,0.772566666666535,41.9999999990068,0.0767577943456939,0.0790675973771148,0.0779126958614044,9.3084692608241,9.65119201939529,9.65119201939529,-0.0558507865812833,0.0499802114553286,138.175013191306,20.9999999995034,31.7121620930787
448,Stim,1,4,-0.0909,-0.0513333333333321,1,0.0499666666667054,0.0979666666664798,0.101300000000037,48.9999999988413,0.107786390244528,0.0664890641492891,0.0871377271969083,9.75172720832472,13.5194412831484,13.5194412831484,-0.0871006335006161,0.00199920476236311,178.685131421775,-6.99999999983447,2.12591371158211
448,Stim,1,4,-0.0909,-0.0513333333333321,2,0.40396666666652,0.449966666666569,0.455299999999852,46.9999999988886,0.22208657288567,0.225840718423898,0.223963645654784,17.1457590271832,19.4036292138036,19.4036292138036,-0.111701538128647,0.193922210155654,119.942462788672,-1.99999999995271,4.48103133375136
448,Stim,1,4,-0.0909,-0.0513333333333321,3,0.50296666666668,0.537966666666534,0.554300000000012,35.9999999991487,0.383403757730957,0.305861758334068,0.344632758032512,28.1367908242132,23.5462328725418,28.1367908242132,0.0538560891069772,-0.339864356065608,279.004417847154,-14.9999999996453,6.38301927581392
448,Stim,1,4,-0.0909,-0.0513333333333321,4,0.638966666666647,0.731966666666494,0.690299999999979,93.9999999977772,0.295462780589524,0.31136287862445,0.303412829606987,26.8781240067847,28.4103814829741,28.4103814829741,-0.0751326313184447,-0.293882540921426,255.659199732471,-13.9999999996689,2.60365546571904
450,NonStim,0,4,-0.1818,NaN,1,0.273500000000013,0.307499999999891,NaN,34.9999999991724,0.0997335533329123,0.174262580989812,0.136998067161362,15.4210596351252,18.0828236886131,18.0828236886131,-0.113696257377149,0.0593098573216199,152.451121605665,3.99999999990541,42.8979978235859
451,NonStim,0,3,-1,NaN,1,0.460233333333235,0.500233333333199,NaN,40.9999999990305,0.315410353884074,0.16679036911234,0.241100361498207,34.8484132803794,38.7886864147523,38.7886864147523,-0.0226062803792464,0.239902177935725,95.3831567692237,-3.99999999990541,4.03763587701187
451,NonStim,0,3,-1,NaN,2,0.575233333333244,0.593233333333274,NaN,18.9999999995507,0.364653583841746,0.245246857713319,0.304950220777532,37.4980724232162,28.5319745116032,37.4980724232162,-0.0857708765185889,-0.292549720437465,253.659710793762,-2.99999999992906,2.7808204723205
452,NonStim,0,1,-0.0909,NaN,1,0.414066666666486,0.434066666666467,NaN,20.9999999995034,0.204721118069445,0.224997891878909,0.214859504974177,22.4749076467829,23.6108926987143,23.6108926987143,-0.134972737382169,0.165267673080808,129.238227645778,-2.99999999992906,13.4703143839954
453,Stim,1,3,-0.0909,-0.0545999999999367,1,0.560766666666723,0.581766666666681,0.61536666666666,21.9999999994798,0.260515475899899,0.164013262393104,0.212264369146502,21.7702394081965,12.4120477182326,21.7702394081965,-0.0538560323872132,-0.205251622119999,255.297577030437,4.99999999988177,2.90540999802602
454,Stim,1,2,-0.6363,-0.0549333333335653,1,0.619766666666465,0.633766666666361,0.67470000000003,14.9999999996453,0.259911854726062,0.209446798311729,0.234679326518896,26.236951637025,18.6144545577927,26.236951637025,-0.0312498456871493,-0.232574168171863,262.347282591064,-0.999999999976353,1.30775766338962
455,NonStim,0,3,-0.4545,NaN,1,0.346366666666654,0.36536666666666,NaN,19.9999999995271,0.578748845376889,0.296112560899668,0.437430703138278,42.3997746686343,25.8595699638417,42.3997746686343,-0.202791366456052,-0.380512983393532,241.944970395716,1.99999999995271,20.5090782079832
456,Stim,1,3,-0.3636,-0.0641333333333023,1,0.414399999999887,0.441399999999931,0.478533333333189,27.9999999993379,0.211574092195024,0.420108427231549,0.315841259713286,15.3672664352058,30.143221128883,30.143221128883,-0.116355819397665,0.292549876066232,111.689192644114,-9.99999999976353,9.67109366467469
456,Stim,1,3,-0.3636,-0.0641333333333023,2,0.592399999999998,0.611400000000003,0.6565333333333,19.9999999995271,0.27687513931412,0.358264887114913,0.317570013214516,26.6678103302855,32.267170017514,32.267170017514,-0.111701563467109,-0.297214952472698,249.40239733837,-1.99999999995271,2.20567035190572
457,Stim,1,2,0.4545,-0.0620333333333747,1,0.395066666666708,0.426066666666657,0.457100000000082,31.9999999992433,0.239897354342729,0.30689972209688,0.273398538219804,26.1042000862822,32.6681755994785,32.6681755994785,-0.209440211138741,0.0406504249884443,169.015982786083,6.99999999983447,78.1122774895741
457,Stim,1,2,0.4545,-0.0620333333333747,2,0.717066666666597,0.72906666666654,0.779099999999971,12.9999999996926,0.161816368848568,0.243906523018665,0.202861445933617,21.1027110759526,28.0948419899724,28.0948419899724,0.00731377838704809,0.202585973478597,87.9324001970601,0,4.40140585741932
457,Stim,1,2,0.4545,-0.0620333333333747,3,0.936066666666648,0.955066666666653,0.998100000000022,19.9999999995271,0.267517161305269,0.302503741395133,0.285010451350201,39.1011667427522,36.4406546566528,39.1011667427522,-0.0252658311393773,0.283886159131579,95.0859166757498,0,0.449251384724022
461,NonStim,0,4,-0.6363,NaN,1,0.165899999999738,0.178899999999885,NaN,13.9999999996689,0.0744723086039187,0.162195616596277,0.118333962600098,7.84472333893842,16.3024728078489,16.3024728078489,-0.0498667625077385,-0.107290792817668,245.071872394367,0,2.31249347507674
461,NonStim,0,4,-0.6363,NaN,2,0.436899999999696,0.479899999999816,NaN,43.9999999989595,0.100039802426069,0.08808977294657,0.0940647876863195,33.7286955861341,34.2665186182383,34.2665186182383,-0.00997335628757011,0.0932963074268252,96.1017349231872,-0.999999999976353,8.15126947987986
461,NonStim,0,4,-0.6363,NaN,3,0.586899999999787,0.629899999999679,NaN,43.9999999989595,0.276020951717823,0.225442153982064,0.250731552849944,20.922919882999,19.0678035905687,20.922919882999,-0.0698134969830218,-0.240570953188369,253.817313882403,-2.99999999992906,4.99170877568457
461,NonStim,0,4,-0.6363,NaN,4,0.765899999999874,0.79289999999969,NaN,27.9999999993379,0.1688850334885,0.249108941559028,0.208996987523764,24.1714304282654,26.0159993369989,26.0159993369989,-0.110371782515783,0.176596450746446,122.005150085427,3.99999999990541,9.87260142384673
462,Stim,1,2,0.6363,-0.0609333333334234,1,0.402833333333319,0.428833333333159,0.463766666666743,26.9999999993615,0.239935348635515,0.203456252397977,0.221695800516746,25.0716678316069,20.8332065117384,25.0716678316069,-0.202791343673999,-0.0646410779211662,197.680023918812,-6.99999999983447,32.6034014329631
462,Stim,1,2,0.6363,-0.0609333333334234,2,0.430833333333339,0.446833333333188,0.491766666666763,16.999999999598,0.118398835107534,0.0669711177536332,0.0926849764305837,12.4582527435239,7.99683163023202,12.4582527435239,0.015292395398675,0.0912971807110173,80.4911562350231,0.999999999976353,5.96582565479332
462,Stim,1,2,0.6363,-0.0609333333334234,3,0.551833333333207,0.59383333333335,0.61276666666663,42.9999999989832,0.202519092885181,0.0727789983446243,0.137649045614903,24.9430721380863,18.660598985409,24.9430721380863,-0.00332443074399651,-0.133946840257423,268.578266161761,-10.9999999997399,30.1104792313223
463,Stim,1,2,1,-0.0638666666666268,1,0.289499999999862,0.308499999999867,0.353366666666489,19.9999999995271,0.507569095765063,0.455952413456981,0.481760754611022,38.8891549506752,35.7661038246393,38.8891549506752,-0.0751326359099697,-0.475807710865424,261.026773885701,0.999999999976353,1.77517868767063
464,Stim,1,4,-0.4545,-0.0553666666667141,1,0.37816666666663,0.39316666666673,0.433533333333344,15.9999999996217,0.288661801441311,0.300498998658733,0.294580400050022,29.8429627087165,32.6410442908824,32.6410442908824,-0.178855449875909,-0.233906821212047,232.59688034011,0.999999999976353,3.39103804304793
465,NonStim,0,2,-0.4545,NaN,1,0.40079999999989,0.418799999999919,NaN,18.9999999995507,0.131030775317691,0.154822499069736,0.142926637193713,11.5030761885878,13.0318123702508,13.0318123702508,-0.0944143932600994,-0.107290860563534,228.65269349549,2.99999999992906,1.3015986599334
465,NonStim,0,2,-0.4545,NaN,2,0.630799999999908,0.651799999999866,NaN,21.9999999994798,0.262579771990614,0.294248604867503,0.278414188429058,19.6623370366898,23.2679367890836,23.2679367890836,-0.0319147202808256,-0.276556379217324,263.417162122215,0.999999999976353,1.45641403644578
466,Stim,1,3,-1,-0.0673333333334085,1,0.360466666666753,0.377466666666578,0.427800000000161,17.9999999995744,0.171364035949045,0.154421482378908,0.162892759163977,17.3768731627483,13.2381631703113,17.3768731627483,-0.109706887768159,-0.119952476357161,227.55439184243,0.999999999976353,7.38832830806746
466,Stim,1,3,-1,-0.0673333333334085,2,0.630466666666734,0.664466666666613,0.697800000000143,34.9999999991724,0.240793276547013,0.356471646803051,0.298632461675032,28.3721782795516,32.5916360596565,32.5916360596565,-0.104387771520392,0.278553483843709,110.543459776556,5.99999999985812,10.3065326385745
466,Stim,1,3,-1,-0.0673333333334085,3,0.822466666666742,0.844466666666676,0.88980000000015,22.9999999994561,0.20588310016602,0.236984882259603,0.221433991212812,24.6566141959566,26.8906784346873,26.8906784346873,-0.0359040710529458,-0.217910874083571,260.643726663741,3.99999999990541,8.35249218737818
467,NonStim,0,3,0.3636,NaN,1,0.414566666666587,0.435566666666546,NaN,21.9999999994798,0.158524070931841,0.162498328167598,0.16051119954972,13.2384597096255,10.6605185947125,13.2384597096255,-0.0325796352830076,-0.156604629100754,258.24795703907,-4.99999999988177,9.52051445361508
469,Stim,1,1,-0.3636,-0.0543666666667377,1,0.273699999999963,0.294699999999921,0.3280666666667,21.9999999994798,0.100620195479659,0.132756036971247,0.116688116225453,9.96391188070596,12.1896465982879,12.1896465982879,-0.115026007006428,0.00599762800353322,177.015215370282,3.99999999990541,18.6083212034134
469,Stim,1,1,-0.3636,-0.0543666666667377,2,0.572699999999941,0.61669999999981,0.627066666666678,44.9999999989359,0.0417907222613585,0.112404117895106,0.0770974200782322,8.42193416189258,10.5132844197776,10.5132844197776,-0.0498666984329926,0.0579769584189739,130.699231487292,22.9999999994561,16.437679662689
470,NonStim,0,3,0.0909,NaN,1,0.632366666666485,0.663366666666661,NaN,31.9999999992433,0.411769258196331,0.635734959122665,0.523752108659498,52.238332111323,53.3480955318949,53.3480955318949,0.0478720668713199,-0.51778382878867,275.282304470877,1.99999999995271,14.0659084690362
471,Stim,1,1,-1,-0.0606666666667479,1,0.159366666666756,0.198366666666743,0.220033333333504,39.9999999990541,0.0904250930445158,0.112328163009021,0.101376628026769,9.72106145884244,7.97868649742523,9.72106145884244,-0.0904251013751819,0.0333200980628307,159.772023622952,-19.9999999995271,36.3889377976324
471,Stim,1,1,-1,-0.0606666666667479,2,0.471366666666654,0.512366666666594,0.532033333333402,41.9999999990068,0.504956217791298,0.434644706283103,0.469800462037201,47.3252204064577,43.5944409116592,47.3252204064577,0.0658240969897428,-0.464477701483552,278.066038294239,-8.99999999978718,6.1916022619414
471,Stim,1,1,-1,-0.0606666666667479,3,0.913366666666661,0.953366666666625,0.974033333333409,40.9999999990305,0.298383309420239,0.283684959237678,0.291034134328959,30.3404183352191,35.5869998017028,35.5869998017028,-0.0877655170579883,0.277221496916651,107.567259471308,-6.99999999983447,4.76572217326742
472,Stim,1,1,0.6363,-0.051200000000108,1,0.418699999999717,0.451699999999846,0.469899999999825,33.999999999196,0.203061657901976,0.194706871168674,0.198884264535325,17.2619500364815,18.8814138294789,18.8814138294789,-0.118350496628164,0.0046649316795157,177.742784238184,2.99999999992906,106.932656740337
472,Stim,1,1,0.6363,-0.051200000000108,2,0.583699999999681,0.61669999999981,0.634899999999789,33.999999999196,0.101376470342501,0.138064288850316,0.119720379596408,15.094917052879,12.2675406058065,15.094917052879,-0.115025968454386,-0.0326537136418852,195.848249224943,1.99999999995271,5.79228652975161
472,Stim,1,1,0.6363,-0.051200000000108,3,0.816699999999855,0.843699999999899,0.867899999999963,27.9999999993379,0.233152497289835,0.204680227358871,0.218916362324353,18.2974028215776,14.6876443638483,18.2974028215776,-0.0392284983427042,-0.215247735628186,259.671309148258,1.99999999995271,3.85225311069564
473,NonStim,0,3,0.6363,NaN,1,0.383199999999988,0.424199999999928,NaN,41.9999999990068,0.129574282492155,0.152207477213629,0.140890879852892,11.026055631942,9.4136738188532,11.026055631942,-0.0844411032011887,0.112621982559574,126.861631907274,7.99999999981083,4.91289425027173
473,NonStim,0,3,0.6363,NaN,2,0.529199999999946,0.544200000000046,NaN,15.9999999996217,0.155943815983754,0.180374213799785,0.168159014891769,15.5494020054425,19.6775965222824,19.6775965222824,-0.0119680282546795,-0.167267021594,265.907436421328,2.99999999992906,8.54074535036318
473,NonStim,0,3,0.6363,NaN,3,0.546199999999999,0.568199999999933,NaN,22.9999999994561,0.0752152496488843,0.0442970222524012,0.0597561359506427,19.6775950336439,20.227541852832,20.227541852832,-0.0106382463380737,-0.0586433394669543,259.718022652419,0,8.56576001565608
475,NonStim,0,4,0.4545,NaN,1,0.31956666666656,0.339566666666542,NaN,20.9999999995034,0.192859528880049,0.216419723091228,0.204639625985639,18.5732804313004,18.0192583373418,18.5732804313004,-0.196142535895528,0.039984167090821,168.477977491211,-1.99999999995271,24.0168860923482
475,NonStim,0,4,0.4545,NaN,2,0.792566666666517,0.808566666666593,NaN,16.999999999598,0.458883652170769,0.369878965426241,0.414381308798505,42.2192280518806,34.3918412633002,42.2192280518806,-0.0531912471761612,-0.410500084914811,262.616939282346,0,5.36836767741397
475,NonStim,0,4,0.4545,NaN,3,0.811566666666522,0.826566666666622,NaN,15.9999999996217,0.217540800954351,0.19458766864485,0.206064234799601,17.8586065605612,17.7706224753765,17.8586065605612,0.013297811733564,0.205248307240706,86.2930505321222,0.999999999976353,7.02230883596496
478,Stim,1,2,-1,-0.0529666666666344,1,0.412233333333234,0.436233333333348,0.465199999999868,24.9999999994088,0.215139200963113,0.123455386180296,0.169297293571705,21.5321175030454,21.7749000219502,21.7749000219502,-0.137632278428102,-0.0979612298949673,215.441761894445,1.99999999995271,7.78911617999509
478,Stim,1,2,-1,-0.0529666666666344,2,0.585233333333235,0.611233333333303,0.63819999999987,26.9999999993615,0.164105536707687,0.194171189000138,0.179138362853913,17.7317704991044,17.7428998272331,17.7428998272331,-0.0977387638034227,0.149940458555444,123.098339651473,-3.99999999990541,4.78576321073893
479,NonStim,0,4,0.0909,NaN,1,0.338199999999915,0.378199999999879,NaN,40.9999999990305,0.102704939984463,0.133644317784702,0.118174628884582,26.7306279467824,22.0091550302255,26.7306279467824,-0.11768560420518,0.010662449311866,174.823071524962,1.99999999995271,1.2578016802828
481,NonStim,0,3,-0.3636,NaN,1,0.440066666666553,0.460066666666535,NaN,20.9999999995034,0.417892215385401,0.412967931198897,0.415430073292149,28.0024851845353,24.4663423001186,28.0024851845353,-0.0897601997791381,0.403832103534869,102.531475560904,0,10.4999389655603
481,NonStim,0,3,-0.3636,NaN,2,0.462066666666487,0.47906666666654,NaN,17.9999999995744,0.413062489938002,0.402509459143638,0.40778597454082,38.4384543214698,35.6758406151833,38.4384543214698,-0.0146275821556165,-0.407164196427665,267.942504654414,0,4.80987938763269
481,NonStim,0,3,-0.3636,NaN,3,0.698066666666591,0.717066666666597,NaN,19.9999999995271,0.249662621452894,0.24929105544895,0.249476838450922,18.408211517234,19.2268885070162,19.2268885070162,-0.00997334932037275,-0.249234022262344,267.708474532562,0,2.13623764909283
483,Stim,1,3,1,-0.057933333333267,1,0.295833333333348,0.313833333333378,0.353766666666615,18.9999999995507,0.319092116664535,0.327486147300744,0.32328913198264,31.6024894806229,28.5566405138435,31.6024894806229,-0.0658241099014998,0.315873120977371,101.771280690247,-1.99999999995271,7.15806442546477
483,Stim,1,3,1,-0.057933333333267,2,0.508833333333314,0.525833333333367,0.566766666666581,17.9999999995744,0.281180630931499,0.208574814330076,0.244877722630788,22.0012993694847,16.4393786783682,22.0012993694847,-0.0797867458404194,-0.231241115513756,250.963670088692,0.999999999976353,5.32855364072466
484,NonStim,0,4,0.6363,NaN,1,0.276566666666668,0.326566666666622,NaN,50.999999998794,0.188273230731275,0.164317183528269,0.176295207129772,17.2453128206457,17.9534076346573,17.9534076346573,-0.146940615817651,0.0833003534234067,150.451182351621,13.9999999996689,33.3655989213318
485,NonStim,0,2,0.6363,NaN,1,0.477066666666587,0.506066666666584,NaN,29.9999999992906,0.134446731550259,0.122444021391682,0.12844537647097,27.0593280841767,12.1663102254428,27.0593280841767,-0.0538561239369435,-0.0106624619474413,191.198630493956,16.999999999598,129.656442777416
486,Stim,1,4,-1,-0.0557666666666137,1,0.0189666666667563,0.0359666666665817,0.07473333333337,17.9999999995744,0.342224792120414,0.359303176851494,0.350763984485954,31.145648701648,30.4908581262569,31.145648701648,0.160238493252818,-0.311875564864959,297.193637794738,-0.999999999976353,3.14555331543033
486,Stim,1,4,-1,-0.0557666666666137,2,0.397966666666662,0.431966666666767,0.453733333333275,34.9999999991724,0.137214008524696,0.141246384643318,0.139230196584007,26.6333364656449,20.9498101658287,26.6333364656449,-0.0259306808130178,-0.136611771786459,259.252378082238,0,5.8153553557741
486,Stim,1,4,-1,-0.0557666666666137,3,0.837966666666716,0.870966666666618,0.89373333333333,33.999999999196,0.18237488837737,0.312432951042164,0.247403919709767,24.8256334301334,26.2021345537832,26.2021345537832,-0.172206322771451,0.172597058273127,134.935071734213,0.999999999976353,20.2674870920881
487,Stim,1,1,0.6363,-0.0526333333334605,1,0.358966666666674,0.392966666666553,0.411600000000135,34.9999999991724,0.0274728220882658,0.0805300803764684,0.0540014512323671,9.64289965543385,11.2575397809553,11.2575397809553,-0.0192818305559851,-0.0199920521530319,226.03601330602,2.99999999992906,159.850414764067
487,Stim,1,1,0.6363,-0.0526333333334605,2,0.386966666666694,0.41896666666662,0.439600000000155,32.9999999992197,0.0434748019386778,0.0598519349266426,0.0516633684326602,6.44570100486534,5.71032919103634,6.44570100486534,0.0199467107636571,-0.0459816451619901,293.451066856833,-7.99999999981083,28.4315021710797
487,Stim,1,1,0.6363,-0.0526333333334605,3,0.454966666666678,0.496966666666594,0.507600000000139,42.9999999989832,0.00799683375308567,0.0253581078397129,0.0166774707963993,5.55335515261315,5.86218711787333,5.86218711787333,0.000664890627460554,0.00866319158194864,85.6112143409911,-25.9999999993852,176.994025828879
487,Stim,1,1,0.6363,-0.0526333333334605,4,0.70996666666656,0.734966666666651,0.76260000000002,25.9999999993852,0.0119680141759623,0.0399514258818457,0.025959720028904,5.55335515261315,5.90069925015265,5.90069925015265,-0.00598402079188341,-0.0159936054773443,249.486622033222,12.9999999996926,126.807538580604
489,Stim,1,2,-0.0909,-0.0635666666667021,1,0.822599999999966,0.835599999999886,0.886166666666668,13.9999999996689,0.276998562294422,0.283104095247326,0.280051328770874,27.9727478908687,26.8377103312047,27.9727478908687,-0.0538561235088753,-0.274556738373061,258.901962689863,0.999999999976353,4.96056725229579
491,Stim,1,3,-0.4545,-0.056400000000167,1,0.43139999999994,0.447400000000016,0.487800000000107,16.999999999598,0.317580785986141,0.258488398451514,0.288034592218828,26.6217704169164,20.6596610160998,26.6217704169164,0.05917526694506,-0.281887534910436,281.855668473461,0,0.510898239895596
492,Stim,1,4,0.6363,-0.0571999999999662,1,0.00886666666656311,0.0298666666665213,0.0660666666665293,21.9999999994798,0,6.93889390390723e-18,3.46944695195361e-18,5.62366149102231,6.25626624900307,6.25626624900307,3.46944695195361e-18,0,0,7.99999999981083,0
492,Stim,1,4,0.6363,-0.0571999999999662,2,0.125866666666525,0.142866666666578,0.183066666666491,17.9999999995744,0.0395337258453923,0.0506464532540019,0.0450900895496971,5.62366211984,5.55334296053494,5.62366211984,-0.0106382321799087,-0.0419832652191235,255.7809768532,3.99999999990541,32.560179717257
492,Stim,1,4,0.6363,-0.0571999999999662,3,0.167866666666669,0.214866666666694,0.225066666666635,47.999999998865,0.0333201257974783,0.0252658402311459,0.0292929830143121,6.5889601656151,6.58956077726045,6.58956077726045,0.012632920115573,0.0166600628987391,52.8278433513271,20.9999999995034,90
492,Stim,1,4,0.6363,-0.0571999999999662,4,0.46586666666667,0.515866666666625,0.523066666666637,50.999999998794,0.11041001425633,0.152492204374472,0.131451109315401,20.3962842084651,24.4618532974813,24.4618532974813,-0.121010055174979,0.0459818103411335,159.194040859996,-11.9999999997162,20.2757025038983
492,Stim,1,4,0.6363,-0.0571999999999662,5,0.526866666666592,0.560866666666698,0.584066666666558,34.9999999991724,0,0.0372338437830614,0.0186169218915307,5.5533592049187,4.66816162341564,5.5533592049187,0.0186169218915307,0,0,-20.9999999995034,0
493,NonStim,0,4,0.1818,NaN,1,0.460766666666359,0.482766666666521,NaN,22.9999999994561,0.188725417444578,0.164592641764526,0.176659029604552,12.5148687270532,12.3001348017943,12.5148687270532,-0.160903399085158,-0.0319872763339135,191.243697316809,0,43.6605417418764
494,Stim,1,3,-0.6363,-0.0637333333334027,1,0.497566666666671,0.517566666666653,0.561300000000074,20.9999999995034,0.185069362816424,0.234139334137047,0.209604348476735,14.9316987291146,19.3121576578194,19.3121576578194,-0.104387776826681,0.181260404921688,119.937618685156,2.99999999992906,7.42844253262137
494,Stim,1,3,-0.6363,-0.0637333333334027,2,0.647566666666535,0.660566666666682,0.711299999999937,13.9999999996689,0.271850924290135,0.24271687067254,0.257283897481338,26.434554426322,24.8240987733751,26.434554426322,-0.0910899940062353,-0.240571087229872,249.261296958596,0,2.14741121780287
495,Stim,1,4,-0.3636,-0.0606000000000222,1,0.0899999999999181,0.115000000000009,0.15059999999994,25.9999999993852,0.0265956166362633,0.0292551662864218,0.0279253914613425,4.65423340368876,5.55335524900403,5.55335524900403,0.0279253914613425,0,0,-9.99999999976353,0
495,Stim,1,4,-0.3636,-0.0606000000000222,2,0.115999999999985,0.147999999999911,0.176600000000008,32.9999999992197,0.00664890625200621,0.00398934288995209,0.00531912457097915,3.58756762416508,4.22636012776804,4.22636012776804,0.00531912457097915,0,0,11.9999999997162,0
495,Stim,1,4,-0.3636,-0.0606000000000222,3,0.207999999999856,0.267000000000053,0.268599999999878,59.9999999985812,0.0339770628962837,0.0026595626089111,0.0183183127525974,5.55335947798496,3.20142957446135,5.55335947798496,0.00199467212373698,0.0166600783361989,83.1726097485467,0.999999999976353,101.284923231406
495,Stim,1,4,-0.3636,-0.0606000000000222,4,0.307999999999993,0.363000000000056,0.368600000000015,55.9999999986758,0.120053655212378,0.15715117057037,0.138602412891374,13.800812564063,15.9264969193587,15.9264969193587,-0.0797868223102288,0.113288483152825,125.15627382462,-13.9999999996689,2.6921624687422
495,Stim,1,4,-0.3636,-0.0606000000000222,5,0.468000000000075,0.518000000000029,0.528600000000097,50.999999998794,0.148944495236594,0.137364102269837,0.143154298753215,17.4186850338085,12.2136758345023,17.4186850338085,-0.049866712872311,-0.13328050417811,249.486734642904,3.99999999990541,12.5073464968237
495,Stim,1,4,-0.3636,-0.0606000000000222,6,0.578999999999951,0.623000000000047,0.639599999999973,44.9999999989359,0.0368915963870565,0.0136982703688341,0.0252949333779453,5.85962436660365,5.55335915069347,5.85962436660365,0.0106382102311357,0.0113288532495654,46.8007823235002,20.9999999995034,125.198154497936
495,Stim,1,4,-0.3636,-0.0606000000000222,7,0.625,0.644000000000005,0.685600000000022,19.9999999995271,0.0066488916126418,0.0320366702506245,0.0193427809316331,3.33201571587938,3.7792294942268,3.7792294942268,0.00797867266247207,0.0153272708776968,62.5005868526615,3.99999999990541,73.1087411499006
495,Stim,1,4,-0.3636,-0.0606000000000222,8,0.69399999999996,0.715999999999894,0.754599999999982,22.9999999994561,0.0305849280599736,0.00398933766168202,0.0172871328608278,4.65422813515601,4.36360633779704,4.65422813515601,0.0132977951991458,0,0,5.99999999985812,180
495,Stim,1,4,-0.3636,-0.0606000000000222,9,0.732999999999947,0.772999999999911,0.793599999999969,40.9999999990305,0.0269529843073573,0.0226062343905262,0.0247796093489417,5.71035031228059,5.36351480685834,5.71035031228059,-0.0132977870804462,0.0133280581037639,134.934860241304,21.9999999994798,81.4883178919546
495,Stim,1,4,-0.3636,-0.0606000000000222,10,0.764999999999873,0.788000000000011,0.825599999999895,23.9999999994325,0.0106382409411179,0.0369441385315636,0.0237911897363408,5.55335801274711,4.79463829731226,5.55335801274711,0.0132977902381371,-0.0166600771816872,308.5962721256,9.99999999976353,64.4097953651096
495,Stim,1,4,-0.3636,-0.0606000000000222,11,0.788000000000011,0.829999999999927,0.848600000000033,42.9999999989832,0.0333201471164992,0.0339058003789888,0.033612973747744,5.61154645244175,5.69215752105022,5.69215752105022,-0.016622228966364,-0.0199920893182256,230.258498992585,11.9999999997162,78.6649801094358
495,Stim,1,4,-0.3636,-0.0606000000000222,12,0.867999999999938,0.912000000000035,0.92859999999996,44.9999999989359,0.0332445228882695,0.00376546434023357,0.0185049936142515,6.06492482782049,5.1645455301246,6.06492482782049,-0.0152924841017063,-0.00133280630399039,184.980989424108,1.99999999995271,134.934820211499
496,Stim,1,1,1,-0.0550333333333128,1,0.394033333333255,0.424033333333227,0.449066666666567,30.9999999992669,0.184192463104342,0.051371726138272,0.117782094621307,26.0235204907342,13.7093609650797,26.0235204907342,-0.0518614548247776,-0.101959614305555,243.039970674109,3.99999999990541,33.5293582545122
496,Stim,1,1,1,-0.0550333333333128,2,0.554033333333336,0.580033333333404,0.609066666666649,26.9999999993615,0.00531912385326945,0.00797868395667293,0.00664890390497119,5.62367261116969,5.26346553110252,5.62367261116969,-0.00132978005170174,0,180,-4.99999999988177,180
496,Stim,1,1,1,-0.0550333333333128,3,0.651033333333316,0.672033333333275,0.706066666666629,21.9999999994798,0.00664890481658681,0.0456265185032102,0.0261377116598985,2.97889218380199,5.55335923565983,5.55335923565983,-0.00598401514354922,-0.0226577034082932,255.205692813083,7.99999999981083,83.3052523465239
496,Stim,1,1,1,-0.0550333333333128,4,0.793033333333369,0.842033333333347,0.848066666666682,49.9999999988177,0.0363895483534215,0.0305849333697752,0.0334872408615983,6.27578089798129,6.79368245468381,6.79368245468381,0.0226062617105809,0.0166600783210537,36.3890049276881,3.99999999990541,66.2984661724144
496,Stim,1,1,1,-0.0550333333333128,5,0.8440333333333,0.891033333333326,0.899066666666613,47.999999998865,0.0239360438177602,0.0381682884325879,0.031052166125174,6.52329465727793,5.71034135765926,6.52329465727793,0.00265956169860196,0.0166600458877511,80.9299968963361,32.9999999992197,119.193383338896
497,NonStim,0,3,0.0909,NaN,1,0.413133333333235,0.429133333333311,NaN,16.999999999598,0.359932658851715,0.324660840307489,0.342296749579602,35.8390911902495,30.04071351076,35.8390911902495,-0.158243884732834,-0.303211863262584,242.440298376152,-0.999999999976353,4.6036660321829
498,NonStim,0,2,0.0909,NaN,1,0.516466666666474,0.558466666666618,NaN,42.9999999989832,0.0769939258577689,0.148079374290785,0.112536650074277,11.0423433088059,20.484889783927,20.484889783927,-0.050531623946628,-0.0579769775281208,228.92521652144,-17.9999999995744,100.604931491264
499,NonStim,0,3,-0.4545,NaN,1,0.566633333333357,0.58163333333323,NaN,15.9999999996217,0.224492485435735,0.230640987924865,0.2275667366803,23.4092187881179,21.3459071727621,23.4092187881179,0.0472072022322182,-0.221911765505793,282.009485738001,-1.99999999995271,8.92237410419307
501,Stim,1,1,-0.0909,-0.0485333333333529,1,0.432499999999891,0.472499999999854,0.481033333333244,40.9999999990305,0.165399425084484,0.190751842969169,0.178075634026827,17.1648583206475,21.197058942746,21.197058942746,-0.0997335722833455,-0.147274936245771,235.894413333513,0,5.56081200559757
502,Stim,1,2,0.6363,-0.0540333333333365,1,0.645333333333156,0.660333333333256,0.699366666666492,15.9999999996217,0.336269940715822,0.213073643617858,0.27467179216684,31.0939659800186,21.1970001647002,31.0939659800186,-0.152259696682764,-0.226575078908018,236.098682595156,0,13.0504958425126
503,NonStim,0,4,1,NaN,1,0.405166666666446,0.436166666666395,NaN,31.9999999992433,0.154755521986196,0.0701813097999014,0.112468415893049,25.2241036299068,29.7127128309287,29.7127128309287,0.0126328883396641,-0.0553114274333025,282.865428811821,-15.9999999996217,137.437002255543
506,Stim,1,4,0.0909,-0.061033333333171,1,0.366833333333489,0.393833333333305,0.42786666666666,27.9999999993379,0.0743708822797208,0.0944143930452988,0.0843926376625098,9.17714630675123,10.7453780838003,10.7453780838003,-0.0804517277310181,0.0166600773558176,168.300460619359,0.999999999976353,26.6171612336141
506,Stim,1,4,0.0909,-0.061033333333171,2,0.722833333333483,0.752833333333456,0.783866666666654,30.9999999992669,0.265701132751254,0.321409151573827,0.293555142162541,17.9928548101266,18.079026784022,18.079026784022,-0.0917548186259066,-0.277889558996285,251.727578848758,-3.99999999990541,9.06297675992818
507,NonStim,0,3,0.1818,NaN,1,0.802066666666633,0.823066666666591,NaN,21.9999999994798,0.343564680690772,0.294155152026757,0.318859916358765,29.8141136507532,26.6719788358389,29.8141136507532,-0.218083512339583,-0.231240748923602,226.677271488746,0.999999999976353,9.12116290907545
508,NonStim,0,1,0.4545,NaN,1,0.43139999999994,0.471399999999903,NaN,40.9999999990305,0.138055995432622,0.233260384574293,0.185658190003457,10.8845804936957,24.8039954819547,24.8039954819547,-0.123669504800003,-0.0766362788545744,211.785921625729,-21.9999999994798,79.9862555198673
509,NonStim,0,4,-0.3636,NaN,1,0.0973999999998796,0.121399999999767,NaN,24.9999999994088,0.191604242798628,0.278473532410135,0.235038887604381,17.7304046787456,19.5735586520747,19.5735586520747,-0.219413549309467,-0.0606426599800134,195.450011681413,-5.99999999985812,29.3458685773932
509,NonStim,0,4,-0.3636,NaN,2,0.463399999999865,0.497399999999743,NaN,34.9999999991724,0.187865434315698,0.0580708711909125,0.122968152753305,20.0925111526627,21.3294771874283,21.3294771874283,0.0731379617647265,0.0919632016898428,51.5049121157021,-1.99999999995271,40.6267650110043
510,NonStim,0,2,-0.3636,NaN,1,0.771033333333207,0.789033333333236,NaN,18.9999999995507,0.260811315583187,0.196366703133293,0.22858900935824,18.377693702679,16.265646754381,18.377693702679,-0.177525406201001,0.139277897136436,141.883974614208,1.99999999995271,18.6127714091489
511,Stim,1,1,-0.4545,-0.0501000000001568,1,0.458933333333334,0.504933333333156,0.509033333333491,46.9999999988886,0.0744496380948399,0.0942721846968202,0.0843609113958301,20.6307369264939,19.745069996151,20.6307369264939,-0.0804517398716317,0.00133280381702045,179.050896240447,8.99999999978718,35.2231497274031
511,Stim,1,1,-0.4545,-0.0501000000001568,2,0.764933333333147,0.828933333333225,0.815033333333304,64.999999998463,0.221093606771674,0.224662493220577,0.222878049996125,18.5719494260473,16.2867864873756,18.5719494260473,-0.0997335809534917,-0.199254322687721,243.410473201242,19.9999999995271,2.59930061286613
512,NonStim,0,3,-1,NaN,1,0.363699999999881,0.38169999999991,NaN,18.9999999995507,0.177771173885842,0.200661406735327,0.189216290310585,18.4024722296552,19.2400967565545,19.2400967565545,-0.183509665153472,0.0459817426320897,165.933103699957,0,2.1611723655048
512,NonStim,0,3,-1,NaN,2,0.612699999999904,0.639699999999721,NaN,27.9999999993379,0,0.116502743632098,0.0582513718160491,5.55335722026703,17.1351705214113,17.1351705214113,0.0299200635937893,-0.0499801171766854,300.906397888467,7.99999999981083,59.0936021115334
513,Stim,1,1,0.3636,-0.0539333333333616,1,0.0492333333331771,0.0882333333331644,0.103166666666539,39.9999999990541,0.0226455392521967,0.00678117461786044,0.0147133569350286,5.65097924344191,5.51037796970869,5.65097924344191,0.0146275953075583,2.46908982842742e-10,9.67133855107907e-07,-17.9999999995744,14.7090866970772
513,Stim,1,1,0.3636,-0.0539333333333616,2,0.231233333333194,0.283233333333328,0.285166666666555,52.9999999987467,0.0286533480978316,0.0172871583736119,0.0229702532357218,5.67305748842872,4.43905774574902,5.67305748842872,0.0219413867067285,0.00533121979165834,13.6568235908649,2.99999999992906,21.8463272594391
513,Stim,1,1,0.3636,-0.0539333333333616,3,0.42823333333331,0.489233333333232,0.482166666666672,61.9999999985339,0.0332444850016668,0.0172929397407254,0.0252687123711961,5.66284322301166,4.87584842455481,5.66284322301166,0.0246009093041437,0.00333201399469515,7.71335809940032,-37.9999999991014,22.6661657539903
513,Stim,1,1,0.3636,-0.0539333333333616,4,0.491233333333184,0.583233333333283,0.545166666666546,92.9999999978008,0.137089013477599,0.195675894776705,0.166382454127152,21.004523196552,19.475511116918,21.004523196552,-0.162898088358698,7.06714510870232e-09,179.999997514289,-17.9999999995744,23.8711390403135
513,Stim,1,1,0.3636,-0.0539333333333616,5,0.737233333333279,0.764233333333323,0.791166666666641,27.9999999993379,0.0369440372196143,0.00398934124664496,0.0204666892331296,6.7108283829984,5.07338405967577,6.7108283829984,0.00598401601541625,0.0166600129364258,70.2425056470467,-8.99999999978718,115.590337904403
513,Stim,1,1,0.3636,-0.0539333333333616,6,0.823233333333292,0.85723333333317,0.877166666666653,34.9999999991724,0.022657622128875,0.0266289940837552,0.0246433081063151,5.71033015786845,7.24296048182654,7.24296048182654,0.0132978095545958,0.0106624083874713,38.7232279356918,3.99999999990541,92.8689044977925
513,Stim,1,1,0.3636,-0.0539333333333616,7,0.915233333333163,0.957233333333306,0.969166666666524,42.9999999989832,0.041790712598866,0.029321701983247,0.0355562072910565,5.54075449238815,4.66481684990385,5.54075449238815,0.0166222630161007,-0.0273224578052876,301.315228707585,1.99999999995271,52.7025394763166
514,Stim,1,3,-0.1818,-0.066533333333382,1,0.432566666666617,0.454566666666551,0.499099999999999,22.9999999994561,0.255701052764737,0.346136907213908,0.300918979989323,20.8673061782316,28.5568489585874,28.5568489585874,-0.118350488912373,0.276556273685451,113.168193801357,1.99999999995271,3.03378817398908
514,Stim,1,3,-0.1818,-0.066533333333382,2,0.456566666666731,0.471566666666604,0.523100000000113,15.9999999996217,0.106895456543458,0.120997925589212,0.113946691066335,10.2277746411704,11.9266883935924,11.9266883935924,0.037898758860354,-0.107290037171817,289.45508070307,2.99999999992906,6.08025248147379
515,NonStim,0,4,-1,NaN,1,0.303766666666434,0.351766666666435,NaN,48.9999999988413,0.30147202480577,0.169841186156081,0.235656605480926,29.0681486142153,25.7826354476319,29.0681486142153,-0.133642950623796,0.187258951308297,125.514687357178,-7.99999999981083,26.0850801684182
516,NonStim,0,3,-0.6363,NaN,1,0.00340000000005602,0.0194000000001324,NaN,16.999999999598,0.300581486164144,0.29091402056034,0.295747753362242,24.4669754493137,27.2412894890587,27.2412894890587,-0.080451742176315,-0.284553518583973,254.21282453275,1.99999999995271,1.88046809437009
517,Stim,1,1,0.1818,-0.0588333333334958,1,0.50393333333318,0.551933333333182,0.562766666666676,48.9999999988413,0.119948784181125,0.141371422193694,0.130660103187409,19.223513649013,16.3788867979479,19.223513649013,-0.11901537551195,-0.0479810151616176,201.956814102501,6.99999999983447,21.7796182960622
517,Stim,1,1,0.1818,-0.0588333333334958,2,0.744933333333393,0.7819333333332,0.803766666666888,37.9999999991014,0.327616535676231,0.295093987328141,0.311355261502186,33.2035237533046,31.8070467056331,33.2035237533046,-0.00332445199259594,-0.309875315997551,269.385334193384,2.99999999992906,11.1248737187821
517,Stim,1,1,0.1818,-0.0588333333334958,3,0.940933333333305,0.964933333333192,0.999766666666801,24.9999999994088,0.214086243695208,0.199557720190285,0.206821981942746,16.791112005626,17.8505099918634,17.8505099918634,-0.0859370990007426,0.184591487665202,114.964468137383,5.99999999985812,20.2175640748012
518,NonStim,0,3,-0.1818,NaN,1,0.372466666666469,0.408466666666527,NaN,36.9999999991251,0.159692574811077,0.0880555922310183,0.123874083521048,16.1180842503411,22.4290221084196,22.4290221084196,-0.00731375936178903,-0.0353192570827336,258.300788891845,-13.9999999996689,175.901932577124
518,NonStim,0,3,-0.1818,NaN,2,0.521466666666356,0.549466666666376,NaN,28.9999999993142,0.23869303595496,0.253271754608005,0.245982395281482,27.562512333682,20.0972980869127,27.562512333682,-0.22473258045841,-0.0999604060086595,203.979360811539,-1.99999999995271,1.51191696542173
527,NonStim,0,1,0.3636,NaN,1,0.382366666666485,0.402366666666467,NaN,20.9999999995034,0.364756063344226,0.193047939921724,0.278902001632975,33.8602267471536,18.8961123787912,33.8602267471536,-0.143616115341506,-0.235239048380797,238.595459857928,0.999999999976353,18.5201075074165
527,NonStim,0,1,0.3636,NaN,2,0.40136666666649,0.418366666666543,NaN,17.9999999995744,0.0974385360332684,0.074472136423618,0.0859553362284432,11.1077486683476,6.72271994539733,11.1077486683476,-0.0139627058035618,0.0819666611054294,99.6673205202246,-2.99999999992906,29.6423972769663
530,NonStim,0,1,1,NaN,1,0.563033333333124,0.603033333333087,NaN,40.9999999990305,0.508108824119412,0.349512094133377,0.428810459126394,36.2452195149492,26.3711515306409,36.2452195149492,-0.259971624369563,-0.340529268024495,232.64065475181,-3.99999999990541,4.96351505077894
533,Stim,1,4,0.4545,-0.0513333333335595,1,0.624733333333097,0.661733333333132,0.676066666666657,37.9999999991014,0.41926661135896,0.265955025527795,0.342610818443377,31.3827800504336,27.571607525615,31.3827800504336,-0.307178209671786,-0.116620067085009,200.789242941405,2.99999999992906,33.8006506647011
535,Stim,1,1,-0.3636,-0.0595333333333201,1,0.147499999999809,0.181499999999915,0.207033333333129,34.9999999991724,0.0319147505107793,0.0337420423442849,0.0328283964275321,6.46546951482125,3.50967098244228,6.46546951482125,0.0186169370310659,0.0166600746262506,41.8249813900135,19.9999999995271,80.9300120234686
535,Stim,1,1,-0.3636,-0.0595333333333201,2,0.183499999999867,0.209499999999935,0.243033333333187,26.9999999993615,0.00970131447364662,0.0266561181128562,0.0181787162932514,5.55335925557737,5.55335835237023,5.55335925557737,-0.00132978142137733,-0.0179928802749215,265.773183933244,-10.9999999997399,15.9110435852042
537,NonStim,0,3,1,NaN,1,0.510166666666692,0.543166666666593,NaN,33.999999999196,0.237410028882338,0.165399494480953,0.201404761681646,37.0691053794623,23.5975403979517,37.0691053794623,-0.0831113084324595,-0.179928613052003,245.207185933483,0,20.8202584156479
538,NonStim,0,4,0.3636,NaN,1,0.447699999999941,0.471700000000055,NaN,24.9999999994088,0.187499012129534,0.181279052383446,0.18438903225649,13.6914471802208,12.5936802643165,13.6914471802208,-0.182844770282089,0.0166600600930961,174.793820923793,2.99999999992906,10.5915091297202
538,NonStim,0,4,0.3636,NaN,2,0.602699999999913,0.638699999999972,NaN,36.9999999991251,0.136590059714406,0.22919516636131,0.182892613037858,12.217388360115,12.2136636088956,12.217388360115,0.0764623176953884,-0.160603003449418,295.458894623541,-0.999999999976353,27.8255418881827
539,NonStim,0,1,0.6363,NaN,1,0.377899999999727,0.40489999999977,NaN,27.9999999993379,0.0946384809720222,0.0709263193312013,0.0827824001516118,10.3550377009622,10.3558178227203,10.3558178227203,0.0192818264373413,-0.0766363047327683,284.122584565428,0,35.0314040838181
539,NonStim,0,1,0.6363,NaN,2,0.5328999999997,0.550899999999729,NaN,18.9999999995507,0.217881352995165,0.18187716200657,0.199879257500867,17.8427695489601,15.4447506587345,17.8427695489601,-0.177525617852757,0.0912971297905507,152.784337508878,0,5.79352824596174
540,Stim,1,3,0.6363,-0.0509333333334325,1,0.58420000000001,0.599199999999882,0.635133333333442,15.9999999996217,0.225063362909639,0.243215108616552,0.234139235763095,22.826657891003,24.8240680661612,24.8240680661612,-0.0837761690853292,0.218579596297169,110.970596299039,0,2.48293744492508
540,Stim,1,3,0.6363,-0.0509333333334325,2,0.758199999999988,0.775199999999813,0.809133333333421,17.9999999995744,0.304108507693975,0.364491151435491,0.334299829564733,34.1799230258343,32.9187626410784,34.1799230258343,0.113031219476807,-0.314541311393617,289.766029041964,0,2.28538148371285
541,Stim,1,2,0.0909,-0.0633666666667523,1,0.688533333333226,0.708533333333207,0.751899999999978,20.9999999995034,0.424529716977418,0.455550165029044,0.440039941003231,37.2650164776887,38.0483547305061,38.0483547305061,-0.0910899632274642,-0.430490481048522,258.052680157122,1.99999999995271,1.0329511570543
542,Stim,1,1,-0.6363,-0.0553999999999633,1,0.440100000000029,0.492100000000164,0.495499999999993,52.9999999987467,0.194171175363611,0.254982879075662,0.224577027219636,26.330731551128,34.2353162880465,34.2353162880465,-0.117685542843114,0.191257006962488,121.605095320873,0,1.23079638671334
544,NonStim,0,2,-0.1818,NaN,1,0.508366666666461,0.531366666666599,NaN,23.9999999994325,0.197111011553152,0.237659157508374,0.217385084530763,21.0470338824385,20.5971686809672,21.0470338824385,-0.216089033052906,0.0233240983450774,173.839490336004,-0.999999999976353,2.23331565046055
545,Stim,1,2,-0.1818,-0.0572333333332153,1,0.323699999999917,0.341699999999946,0.380933333333132,18.9999999995507,0.270030962036873,0.236893356559997,0.253462159298435,22.9744399797895,24.6598730209859,24.6598730209859,-0.0910899459743576,-0.235906219680118,248.887039885596,2.99999999992906,7.77381982510238
546,Stim,1,4,-0.0909,-0.0520333333333838,1,0.367199999999912,0.405199999999923,0.419233333333295,38.9999999990778,0.0337420398595714,0.0630298990632496,0.0483859694614105,18.897334324328,18.8814139605322,18.897334324328,-0.00465422861557658,0.013994461568478,108.395911352181,2.99999999992906,175.650800362588
546,Stim,1,4,-0.0909,-0.0520333333333838,2,0.531199999999899,0.565200000000004,0.583233333333283,34.9999999991724,0.1939639819563,0.190615152120557,0.192289567038429,28.5000725277152,23.5716456229922,28.5000725277152,-0.166222554823321,-0.0966283640794641,210.170259512801,2.99999999992906,1.71690204038075
546,Stim,1,4,-0.0909,-0.0520333333333838,3,0.900200000000041,0.91619999999989,0.952233333333425,16.999999999598,0.00531911766470235,0.029891725447908,0.0176054215563052,2.67480996343702,3.99552262975566,3.99552262975566,-0.0113031401664293,-0.00533121461139321,205.25127558235,3.99999999990541,159.102226384313
548,NonStim,0,2,-0.0909,NaN,1,0.616833333333261,0.633833333333087,NaN,17.9999999995744,0.231769036601709,0.260372654421181,0.246070845511445,25.0138769534463,27.1360374543908,27.1360374543908,-0.11170155434532,0.21324838117177,117.645979865152,-3.99999999990541,23.953949117992
548,NonStim,0,2,-0.0909,NaN,2,0.636833333333243,0.649833333333163,NaN,13.9999999996689,0.129111329230458,0.155140869476243,0.14212609935335,12.7687908966167,14.5471355851148,14.5471355851148,0.0272604746365218,-0.139277664878767,281.074361439194,0.999999999976353,6.19190664974798
548,NonStim,0,2,-0.0909,NaN,3,0.818833333333259,0.843833333333123,NaN,25.9999999993852,0.321229198906339,0.327179120005332,0.324204159455835,23.5598094304708,23.1019467461683,23.5598094304708,-0.0159573627836707,-0.323203777040753,267.173462110822,0,7.0118020168232
549,Stim,1,4,1,-0.0564333333334162,1,0.192466666666633,0.211466666666638,0.248900000000049,19.9999999995271,0.00799683758518339,0.0334145609094596,0.0207056992473215,3.77628448561359,5.5533594798476,5.5533594798476,-0.00664890584778346,0.019325690931505,108.985518568571,6.99999999983447,23.4509960584197
549,Stim,1,4,1,-0.0564333333334162,2,0.442466666666633,0.495466666666516,0.498900000000049,53.9999999987231,0.12005364245966,0.111259318080489,0.115656480270075,18.2974214168599,17.7039865551153,18.2974214168599,-0.083111314547998,0.0746370930348106,138.07496528053,-4.99999999988177,30.0596572863181
549,Stim,1,4,1,-0.0564333333334162,3,0.50946666666664,0.541466666666565,0.565900000000056,32.9999999992197,0.0342619325748059,0.0415994108629951,0.0379306717189005,5.49453874554384,6.90334899342247,6.90334899342247,0.00930846513181961,0.0326536102965691,74.0889002865712,10.9999999997399,53.2079323553797
549,Stim,1,4,1,-0.0564333333334162,4,0.663466666666636,0.711466666666638,0.719900000000052,48.9999999988413,0.307163227231002,0.364825150259515,0.335994188745259,34.8120191691116,31.6549145971997,34.8120191691116,0.0199467093765056,-0.331867593555376,273.439591715242,12.9999999996926,16.6818419794733
549,Stim,1,4,1,-0.0564333333334162,5,0.909466666666503,0.926466666666556,0.96589999999992,17.9999999995744,0.0337418751639715,0.0306139568987186,0.0321779160313451,4.44266564636457,4.96479051553352,4.96479051553352,0.0179520255694248,0.0159935917541826,41.6980791205122,0,83.4251675252224
550,NonStim,0,3,0.3636,NaN,1,0.399899999999661,0.429899999999861,NaN,30.9999999992669,0.175657444940966,0.181116196433673,0.178386820687319,17.5087796130672,20.2123278842023,20.2123278842023,-0.177525637199264,0.00866323657646793,177.20618699762,15.9999999996217,9.78591182678241
550,NonStim,0,3,0.3636,NaN,2,0.555899999999838,0.587899999999763,NaN,32.9999999992197,0.204969231317611,0.163224730961128,0.18409698113937,23.706386532736,17.2790573268984,23.706386532736,0.0418880283961807,-0.179262160710615,283.152265834764,11.9999999997162,0.922736537590708
551,NonStim,0,2,-0.6363,NaN,1,0.451433333333171,0.474433333333309,NaN,23.9999999994325,0.0708267925747288,0.259828032198709,0.165327412386719,19.3233452784427,28.1163712362625,28.1163712362625,-0.122339751012041,0.0759696884088856,148.160833343797,-0.999999999976353,73.543434212876
552,NonStim,0,1,-0.6363,NaN,1,0.362366666666503,0.384366666666438,NaN,22.9999999994561,0.269040698682306,0.22455894369191,0.246799821187108,25.9012610211966,19.1334191906015,25.9012610211966,-0.226727320758158,-0.0852995372978109,200.617344447496,0.999999999976353,22.1476341314154
552,NonStim,0,1,-0.6363,NaN,2,0.792366666666567,0.816366666666454,NaN,24.9999999994088,0.239255208264362,0.168845024082216,0.204050116173289,24.4507978070736,25.4623900289497,25.4623900289497,0.0372338689749637,0.200586542022063,79.4841630812405,0.999999999976353,2.21766878306877
553,NonStim,0,2,0.3636,NaN,1,0.421833333333325,0.441833333333307,NaN,20.9999999995034,0.113401417326707,0.122169040407973,0.11778522886734,9.85669177577328,11.5030763806092,11.5030763806092,-0.0970739734134732,0.0666402929316337,145.530798678392,-0.999999999976353,2.9331746818367
553,NonStim,0,2,0.3636,NaN,2,0.692833333333283,0.71883333333335,NaN,26.9999999993615,0.239604112193106,0.211515204173208,0.225559658183157,19.3682524784664,21.4940362465414,21.4940362465414,-0.11569093824183,-0.191923887161319,238.918598273765,2.99999999992906,13.085425926434
554,Stim,1,4,-0.6363,-0.0517666666669356,1,0.366366666666408,0.433366666666416,0.418133333333344,67.999999998392,0.0941366760459764,0.121907399362972,0.108022037704474,13.7410726963487,10.097137211218,13.7410726963487,-0.0166222676581458,-0.0919635595107253,259.754496403399,34.9999999991724,60.7601183004767
554,Stim,1,4,-0.6363,-0.0517666666669356,2,0.557366666666439,0.616366666666408,0.609133333333375,59.9999999985812,0.105343607655423,0.258784311222508,0.182063959438965,16.5827888987982,24.9429448019695,24.9429448019695,-0.03989343594871,0.17726248324523,102.683268368077,20.9999999995034,8.03492092971499
556,Stim,1,2,0.1818,-0.0587333333332936,1,0.75036666666665,0.764366666666547,0.809099999999944,14.9999999996453,0.257454483917948,0.178599994758124,0.218027239338036,22.2310873789228,17.9941422420434,22.2310873789228,0.0272605058552708,0.21524741704703,82.7820708503988,1.99999999995271,11.496831796983
558,NonStim,0,4,-0.1818,NaN,1,0.310833333333221,0.355833333333294,NaN,45.9999999989122,0.0199467172700537,0.00132978118204182,0.0106382492260477,5.6236688672399,5.77355277331312,5.77355277331312,0.00930846804400592,0,0,27.9999999993379,180
558,NonStim,0,4,-0.1818,NaN,2,0.402833333333319,0.438833333333378,NaN,36.9999999991251,0.0332444996867226,0.0336149846473588,0.0334297421670407,3.76771092912913,6.15734829884805,6.15734829884805,0.025930715639541,-0.0139944368494017,331.644897252638,19.9999999995271,56.3699474709679
558,NonStim,0,4,-0.1818,NaN,3,0.626833333333252,0.659833333333381,NaN,33.999999999196,0.10534357254863,0.0803702560687118,0.0928569143086709,16.9996539274166,14.9972309564928,16.9996539274166,-0.0531912217192332,-0.0666401777268176,231.403641046403,2.99999999992906,47.1110923912878
559,NonStim,0,3,-0.0909,NaN,1,0.793933333333371,0.828933333333225,NaN,35.9999999991487,0.200603592337631,0.243856834973078,0.222230213655355,34.846516632826,23.7331695962396,34.846516632826,-0.21808371323031,0.018659208195428,175.10969205711,3.99999999990541,20.0172581479777
561,Stim,1,1,0.4545,-0.0579666666667435,1,0.0741666666665424,0.105166666666491,0.132133333333286,31.9999999992433,0.0426327532163834,0.00797868819686831,0.0253057207066259,7.53092592879873,3.61233320570421,7.53092592879873,-0.0172871578880992,0.0166600138090476,136.058368637373,17.9999999995744,51.403572137161
561,Stim,1,1,0.4545,-0.0579666666667435,2,0.235166666666601,0.257166666666535,0.293133333333344,22.9999999994561,0.033426065376754,0.0190809563620042,0.0262535108693791,6.15735018384252,5.37251845355343,6.15735018384252,0.00332445313964864,0.0073304156650777,65.6049972764955,0,163.368279091155
561,Stim,1,1,0.4545,-0.0579666666667435,3,0.565166666666528,0.607166666666672,0.623133333333271,42.9999999989832,0.0133280572408078,0.0190752745850869,0.0162016659129474,5.62367167902368,3.79477111764273,5.62367167902368,0.00398934410505993,0.0153272646633349,75.4108850645654,17.9999999995744,24.7256552098419
561,Stim,1,1,0.4545,-0.0579666666667435,4,0.633166666666511,0.653166666666493,0.691133333333255,20.9999999995034,0.00664890702242357,0.0333201440998001,0.0199845255611118,5.54075463414105,4.37861939992195,5.54075463414105,0.00332445351121179,0.0166600720499,78.7150723451785,0.999999999976353,90
561,Stim,1,1,0.4545,-0.0579666666667435,5,0.671166666666522,0.690166666666528,0.729133333333266,19.9999999995271,0.0210304730646511,0.0279254025932309,0.024477937828941,4.65423410719257,6.27657592160592,6.27657592160592,0.0239360595528622,0.00333201506949002,7.924921373171,0,18.4740400925848
561,Stim,1,1,0.4545,-0.0579666666667435,6,0.873166666666521,0.910166666666555,0.931133333333264,37.9999999991014,0.023613122688075,0.0426328445346579,0.0331229836113665,4.88695624296139,7.24580423318375,7.24580423318375,-0.0166222652615696,-0.0279889252433228,239.294464543946,-8.99999999978718,22.2420077795202
562,Stim,1,4,0.3636,-0.0567666666668174,1,0.40989999999988,0.448899999999867,0.466666666666697,39.9999999990541,0.214207326979467,0.166563931909105,0.190385629444286,21.8334789870783,15.7120235469504,21.8334789870783,-0.149600131362807,-0.0786355015659617,207.728117908628,-7.99999999981083,55.2963368782514
562,Stim,1,4,0.3636,-0.0567666666668174,2,0.50689999999986,0.560899999999947,0.563666666666677,54.9999999986994,0.0220529158057589,0.0333201511525135,0.0276865334791362,5.62367232706249,5.59301992845417,5.62367232706249,-0.00465423466366606,0.0266561184722982,99.9041660168003,-19.9999999995271,24.9670500335648
562,Stim,1,4,0.3636,-0.0567666666668174,3,0.5628999999999,0.614899999999807,0.619666666666717,52.9999999987467,0.00265956253627371,0,0.00132978126813685,5.97927769113578,2.43793246847676,5.97927769113578,0.00132978126813685,0,0,19.9999999995271,0
562,Stim,1,4,0.3636,-0.0567666666668174,4,0.708899999999858,0.747899999999845,0.765666666666675,39.9999999990541,0.0333201392425782,0.0336150119957099,0.033467575619144,7.24580387602447,7.10547023019626,7.24580387602447,0.00930846589325075,-0.0306545228289753,286.891289530194,-5.99999999985812,33.6300219206458
562,Stim,1,4,0.3636,-0.0567666666668174,5,0.747899999999845,0.805899999999838,0.804666666666662,58.9999999986048,0.0348454464158139,0.00664890190093193,0.0207471741583729,5.62367233798263,3.98934209476517,5.62367233798263,0.0152924836333409,0.0126616538288241,39.6235949274653,26.9999999993615,46.6131371750398
562,Stim,1,4,0.3636,-0.0567666666668174,6,0.920899999999847,0.955899999999929,0.977666666666664,35.9999999991487,0.0199911900174057,0,0.00999559500870284,5.54075333987582,2.65956268585097,5.54075333987582,0.00997335583148041,-0.000666403058727116,356.177273590154,4.99999999988177,3.82272640984593
563,NonStim,0,4,-0.4545,NaN,1,0.0585333333331164,0.0815333333330273,NaN,23.9999999994325,0.152936225523609,0.118845429851159,0.135890827687384,13.2521551330917,10.9863893046502,13.2521551330917,-0.0910899966288929,0.0972948293651561,133.113530365762,3.99999999990541,22.678437436604
563,NonStim,0,4,-0.4545,NaN,2,0.0835333333332073,0.137533333333067,NaN,54.9999999986994,0.0332445345839357,0.0334841219302081,0.0333643282570719,4.37389732187297,5.55237012537924,5.55237012537924,0.0332445345554627,-0.00199920893860751,356.558578622197,19.9999999995271,6.85818917989849
563,NonStim,0,4,-0.4545,NaN,3,0.330533333333051,0.384533333333138,NaN,54.9999999986994,0.010638250828188,0.00265956281731434,0.00664890682275115,6.28432752595022,5.62367251738861,6.28432752595022,-0.00664890682275115,-1.73472347597681e-18,180,2.99999999992906,8.5265128291212e-14
563,NonStim,0,4,-0.4545,NaN,4,0.429533333333211,0.463533333333089,NaN,34.9999999991724,0.194171484509661,0.0803703497983265,0.137270917153994,12.2193940601996,14.2165854119121,14.2165854119121,-0.0864357618907798,-0.0999604089423961,229.150029354644,3.99999999990541,34.6005974038103
563,NonStim,0,4,-0.4545,NaN,5,0.725533333333033,0.765533333333224,NaN,40.9999999990305,0.0358756803931036,0.0066640314420984,0.021269855917601,6.71084636947785,2.74177879124743,6.71084636947785,0.0066489070876249,-0.0133280606730482,296.51301710673,-10.9999999997399,158.243441808029
563,NonStim,0,4,-0.4545,NaN,6,0.775533333333215,0.804533333333211,NaN,29.9999999992906,0.0298917427846895,0.00266561262822487,0.0162786777064572,6.28291054557619,2.74177879124743,6.28291054557619,0.013962704281657,0.00399841876268815,15.9798174272197,-12.9999999996926,110.897803872246
565,Stim,1,4,-0.1818,-0.0569666666667672,1,0.298666666666577,0.335666666666611,0.355633333333344,37.9999999991014,0.157221166726959,0.127077556681477,0.142149361704218,15.6918720134168,11.2391690445579,15.6918720134168,-0.0385636303163074,0.00133282573444604,178.020546714306,2.99999999992906,150.890560329825
565,Stim,1,4,-0.1818,-0.0569666666667672,2,0.479666666666617,0.510666666666566,0.536633333333384,31.9999999992433,0.260420723835062,0.221041913950321,0.240731318892692,28.8676281190615,26.6674838509224,28.8676281190615,0.0179520067806916,0.211247852514773,85.142630542806,-16.999999999598,56.7562781668085
565,Stim,1,4,-0.1818,-0.0569666666667672,3,0.589666666666744,0.63466666666659,0.646633333333511,45.9999999989122,0.13218876832469,0.149272170727496,0.140730469526093,19.1718497857586,23.1876343895538,23.1876343895538,-0.00398934380125615,-0.14060996469742,268.37485726671,-15.9999999996217,3.4603782653648
565,Stim,1,4,-0.1818,-0.0569666666667672,4,0.706666666666706,0.737666666666655,0.763633333333473,31.9999999992433,0.264087580375224,0.261282078035338,0.262684829205281,32.0006769714659,26.6501379766754,32.0006769714659,-0.211434689518796,-0.15393848660125,216.057103501306,-2.99999999992906,10.7157635393522
566,Stim,1,1,0.0909,-0.0505000000000564,1,0.676433333333307,0.704433333333327,0.726933333333363,28.9999999993142,0.256159016408187,0.281100592507702,0.268629804457944,17.0511378509468,18.8643805674911,18.8643805674911,-0.253987510884301,0.0859659837162488,161.300818838519,3.99999999990541,6.91860969075333
566,Stim,1,1,0.0909,-0.0505000000000564,2,0.940433333333203,0.955433333333303,0.99093333333326,15.9999999996217,0.201348533206549,0.259550259165763,0.230449396186156,21.1039205722498,24.4598824760185,24.4598824760185,0.0232710582774897,-0.229242327527516,275.796405948148,0.999999999976353,1.83071357959921
567,NonStim,0,1,-0.1818,NaN,1,0.504900000000134,0.55190000000016,NaN,47.999999998865,0.202430026846493,0.218439124121717,0.210434575484105,15.142389207425,16.5089431122372,16.5089431122372,-0.196142548580493,0.0746371170395781,159.166935506587,-8.99999999978718,8.45182838487321
568,Stim,1,4,-0.4545,-0.0503000000001066,1,0.417933333333394,0.438933333333352,0.468233333333501,21.9999999994798,0.151334783020937,0.245661209879992,0.198497996450465,18.2720414745053,23.67865087189,23.67865087189,-0.0731379594203006,0.183926452858947,111.685136034123,0,8.89092785743367
568,Stim,1,4,-0.4545,-0.0503000000001066,2,0.549933333333229,0.600933333333387,0.600233333333335,51.9999999987704,0.485145773730872,0.434432934396752,0.459789354063812,42.7068503528054,37.8562510356304,42.7068503528054,0.0179520465283797,-0.459148774474952,272.239040829916,-5.99999999985812,4.07469442133277
571,NonStim,0,1,-1,NaN,1,0.202966666666498,0.264966666666623,NaN,62.9999999985102,0.0306545374270544,0.0426328182223169,0.0366436778246856,3.10988095298297,5.97927873314915,5.97927873314915,0.0132977860825256,0.00133280879822731,5.72351966777583,-25.9999999993852,141.403737157691
571,NonStim,0,1,-1,NaN,2,0.288966666666511,0.368966666666438,NaN,80.9999999980846,0.158324144005816,0.168492238682773,0.163408191344295,15.7414248493443,14.4059623240447,15.7414248493443,-0.139626891022511,0.0833003291528928,149.180022836894,17.9999999995744,11.4968811133205
571,NonStim,0,1,-1,NaN,3,0.401966666666567,0.446966666666412,NaN,45.9999999989122,0.04181611471245,0.0374887114503901,0.0396524130814201,6.45092610867408,7.84471187804995,7.84471187804995,0.0292551794395224,0.0253232298509022,40.8794039397955,0,25.3001239082653
571,NonStim,0,1,-1,NaN,4,0.482966666666471,0.51396666666642,NaN,31.9999999992433,0.168924796783316,0.169885183062511,0.169404989922913,12.9142448917332,14.4659191264813,14.4659191264813,-0.00265956238578207,-0.166600623130487,269.085425043019,1.99999999995271,20.8003284155986
571,NonStim,0,1,-1,NaN,5,0.746966666666594,0.784966666666605,NaN,38.9999999990778,0.0333465900993835,0.0287677233516584,0.031057156725521,5.33121107995958,4.22053622023976,5.33121107995958,-0.00265956312023038,-0.0026656236013164,225.065207072782,13.9999999996689,168.922175456723
571,NonStim,0,1,-1,NaN,6,0.787966666666534,0.817966666666507,NaN,30.9999999992669,0.0358755968232662,0.0173264174894177,0.0266010071563419,5.55776461014391,4.96480909113254,5.55776461014391,-0.00664890392186655,0.00799682392315151,129.741594840207,-2.99999999992906,158.24339942989
572,Stim,1,1,-1,-0.0576333333333423,1,0.39393333333328,0.439933333333329,0.451566666666622,46.9999999988886,0.0625565349463254,0.0767577944766938,0.0696571647115096,26.6811853194917,22.7505444366778,26.6811853194917,-0.0658241584091945,0.0153272525468105,166.892163276616,2.99999999992906,28.1698551597838
573,NonStim,0,1,0.0909,NaN,1,0.0667333333331044,0.129733333333206,NaN,63.9999999984866,0.0341062794132052,0.0339770612095451,0.0340416703113751,5.82953389451935,6.93324899546855,6.93324899546855,0.0139627044002696,0.0299881377696362,65.0329559632978,2.99999999992906,27.3114002509057
573,NonStim,0,1,0.0909,NaN,2,0.195733333333237,0.235733333333201,NaN,40.9999999990305,0.0311126036061424,0.0337099819115637,0.032411292758853,4.93197935002835,5.76599302317933,5.76599302317933,-0.00265956552137528,0.0313209464156679,94.8535320654744,-16.999999999598,28.2397751270712
573,NonStim,0,1,0.0909,NaN,3,0.355733333333092,0.380733333333183,NaN,25.9999999993852,0.00265956196896992,0.0332444840998132,0.0179520230343916,4.88695378734226,4.87585840617378,4.88695378734226,0.0179520230343916,0,0,0,0
573,NonStim,0,1,0.0909,NaN,4,0.438733333333175,0.506733333333159,NaN,68.9999999983684,0.225251686025913,0.176053318302285,0.200652502164099,24.6907166971981,26.9589999437821,26.9589999437821,-0.182179869311552,0.0759697581529832,157.363661975412,7.99999999981083,20.8668771663916
573,NonStim,0,1,0.0909,NaN,5,0.584733333333133,0.657733333333226,NaN,73.9999999982501,0.151393819908457,0.120053587555768,0.135723703732113,20.734434976133,18.6954255961323,20.734434976133,0.0691485880982088,-0.116620404430671,300.665283093798,-39.9999999990541,5.31534825472903
573,NonStim,0,1,0.0909,NaN,6,0.886733333333268,0.90673333333325,NaN,20.9999999995034,0.0306833665453216,0.0326710641044977,0.0316772153249097,5.85351818528558,4.66482179499992,5.85351818528558,-0.00398934383561265,-0.0313209430217911,262.741329396079,7.99999999981083,9.25841256489775
574,NonStim,0,4,-0.0909,NaN,1,0.771799999999757,0.78879999999981,NaN,17.9999999995744,0.408436803398168,0.392386901702171,0.400411852550169,42.9944823437768,37.9846236336467,42.9944823437768,0.109041958521116,-0.385178289171062,285.806540141407,-2.99999999992906,2.51503538364534
575,Stim,1,3,-0.0909,-0.0608666666666977,1,0.295166666666773,0.312166666666599,0.356033333333471,17.9999999995744,0.4357375839064,0.257852172201042,0.346794878053721,35.8935269676769,24.4491129764366,35.8935269676769,-0.148935282273449,-0.311208982555497,244.425621902163,3.99999999990541,12.0309410614928
576,NonStim,0,4,-0.6363,NaN,1,0.350566666666509,0.393566666666629,NaN,43.9999999989595,0.16646463553414,0.268485291072013,0.217474963303077,13.7871625921632,19.1793771496815,19.1793771496815,-0.116355814935114,0.183260556032583,122.412285749533,-0.999999999976353,7.11858443417896
576,NonStim,0,4,-0.6363,NaN,2,0.458566666666684,0.512566666666544,NaN,54.9999999986994,0.199925156214568,0.202665466719014,0.201295311466791,15.3873089673358,15.7247285224199,15.7247285224199,0.0172871475670467,-0.199920476035849,274.942079952689,-12.9999999996926,9.06016187461483
576,NonStim,0,4,-0.6363,NaN,3,0.589566666666542,0.623566666666648,NaN,34.9999999991724,0.164770537774166,0.153148928572629,0.158959733173397,23.2685827993047,22.4434722366534,23.2685827993047,-0.132977950232632,-0.0866322269330371,213.083363983529,-4.99999999988177,6.45222930062707
576,NonStim,0,4,-0.6363,NaN,4,0.772566666666535,0.795566666666673,NaN,23.9999999994325,0.00666398538116295,0.0333200806546262,0.0199920330178946,5.99349167128481,4.71195774831832,5.99349167128481,6.93889390390723e-18,-0.0199920330178946,270,-2.99999999992906,0
576,NonStim,0,4,-0.6363,NaN,5,0.927566666666507,0.947566666666717,NaN,20.9999999995034,0.0269526706553337,0.00775853505030821,0.0173556028528209,5.55328993952131,2.65955438663531,5.55328993952131,0.00531911572185919,-0.011328701666481,295.15125841627,5.99999999985812,112.50935450051
578,NonStim,0,3,0.4545,NaN,1,0.447299999999814,0.460299999999961,NaN,13.9999999996689,0.268678225587029,0.180773008555423,0.224725617071226,26.7394158142909,18.2458151829634,26.7394158142909,-0.136302523113282,-0.176596290625091,232.337920601313,0,14.1514364265762
579,NonStim,0,1,-0.4545,NaN,1,0.283266666666577,0.323266666666541,NaN,40.9999999990305,0.200666739352547,0.0895643367290286,0.145115538040788,32.8877380339548,21.3192048402469,32.8877380339548,-0.0385636531519527,-0.133280500087896,253.862620410529,-0.999999999976353,36.9804200225326
579,NonStim,0,1,-0.4545,NaN,2,0.448266666666541,0.504266666666581,NaN,56.9999999986521,0.0750753341427618,0.179378293026733,0.127226813584747,5.71034984721443,7.85171103823248,7.85171103823248,-0.0505316683291123,0.116620457235204,113.4270948766,-13.9999999996689,5.66463651360328
579,NonStim,0,1,-0.4545,NaN,3,0.562266666666574,0.614266666666708,NaN,52.9999999987467,0.117891018489358,0.0339769995956767,0.0759340090425173,10.8509030063643,10.6886850627169,10.8509030063643,-0.0345742563329166,-0.0666402701586099,242.578845706171,-0.999999999976353,20.7304720639636
580,NonStim,0,1,0.1818,NaN,1,0.0281666666664933,0.0561666666665133,NaN,28.9999999993142,0.107875996840476,0.174776511766797,0.141326254303636,16.5070674370701,17.7316799766868,17.7316799766868,-0.0518614308651506,-0.131281015494222,248.443930207396,5.99999999985812,5.83221156087632
580,NonStim,0,1,0.1818,NaN,2,0.356166666666468,0.416166666666413,NaN,60.9999999985575,0.404095014559484,0.432173391479422,0.418134203019453,34.903415974655,33.2365409719649,34.903415974655,-0.0598401563678165,-0.413829549023271,261.772005689674,0.999999999976353,0.188343175421892
580,NonStim,0,1,0.1818,NaN,3,0.512166666666417,0.553166666666357,NaN,41.9999999990068,0.309138150858309,0.349227636819042,0.329182893838675,32.1594167653338,36.4173460878186,36.4173460878186,-0.0511965475248593,0.324534985838502,98.9647340453602,17.9999999995744,7.12925507624863
580,NonStim,0,1,0.1818,NaN,4,0.753166666666402,0.788166666666484,NaN,35.9999999991487,0.0734464673775999,0.0913150645309715,0.0823807659542857,9.5564282792091,10.2397832058449,10.2397832058449,-0.0591750514109989,-0.0573106435152881,224.083032612569,11.9999999997162,0.878343971006615
581,Stim,1,2,0.3636,-0.0557333333333645,1,0.662266666666483,0.700266666666494,0.717999999999847,38.9999999990778,0.386531332485759,0.399223208333325,0.392877270409542,42.7192043101803,35.5752730027192,42.7192043101803,-0.0285902900999519,-0.390509910531353,265.812691326773,-18.9999999995507,9.40506605690319
582,Stim,1,2,1,-0.0503000000001066,1,0.406666666666524,0.432666666666591,0.456966666666631,26.9999999993615,0.217233136939261,0.229066481254853,0.223149809097057,13.7996462494167,17.7913406609263,17.7913406609263,-0.174866080614516,0.138611775550867,141.597056434303,0.999999999976353,1.08571288062706
582,Stim,1,2,1,-0.0503000000001066,2,0.723666666666531,0.745666666666466,0.773966666666638,22.9999999994561,0.307888800670688,0.32041348011627,0.314151140393479,36.8908489243678,36.4299512848797,36.8908489243678,-0.0106382511751857,-0.3138747439395,268.058799992524,3.99999999990541,2.83599393486901
585,NonStim,0,2,-1,NaN,1,0.404999999999973,0.425999999999931,NaN,21.9999999994798,0.343888686423641,0.312664838499978,0.32827676246181,28.2531736952113,27.9724548223242,28.2531736952113,-0.0119680261237407,0.325200239635337,92.1076493120513,-1.99999999995271,15.1448515300975
585,NonStim,0,2,-1,NaN,2,0.427999999999884,0.44199999999978,NaN,14.9999999996453,0.204191981881384,0.238750265241956,0.22147112356167,19.4461403364542,21.4635430466208,21.4635430466208,0.00997335529773967,-0.221241703539092,272.581089174016,-0.999999999976353,0.75198479176106
585,NonStim,0,2,-1,NaN,3,0.558999999999969,0.574999999999818,NaN,16.999999999598,0.326795023518655,0.258679147731489,0.292737085625072,37.4689133104773,30.536735398463,37.4689133104773,-0.0964091183844656,-0.275223879397542,250.694977294336,0,10.0774590399297
586,NonStim,0,2,1,NaN,1,0.309999999999945,0.336999999999989,NaN,27.9999999993379,0.136427661887504,0.106714304633719,0.121570983260612,19.8953213631333,25.859525220948,25.859525220948,-0.0824464079636336,0.0439825388831138,151.921496245841,6.99999999983447,80.2579851576512
587,NonStim,0,2,0.1818,NaN,1,0.926533333333282,0.943533333333335,NaN,17.9999999995744,0.337979552121107,0.345521715294328,0.341750633707717,28.0125047935158,27.8376103358805,28.0125047935158,0.0964091168032607,-0.32653633040933,286.449116943808,-0.999999999976353,9.91905431236557
588,NonStim,0,1,-0.0909,NaN,1,0.560999999999922,0.592999999999847,NaN,32.9999999992197,0.105433088198377,0.210950577907764,0.158191833053071,10.0880541648437,11.4547325394987,11.4547325394987,-0.0864357582327408,0.130614899163906,123.49501014722,1.99999999995271,17.1289981964238
588,NonStim,0,1,-0.0909,NaN,2,0.74799999999982,0.805999999999813,NaN,58.9999999986048,0.166605795831342,0.196056074670291,0.181330935250817,21.324845890735,22.5253290695958,22.5253290695958,-0.0126329233980362,-0.180594963180611,265.99858136724,19.9999999995271,6.55529685147053
589,Stim,1,3,-0.3636,-0.0576666666665915,1,0.829033333333427,0.8440333333333,0.886700000000019,15.9999999996217,0.279370557710367,0.255582106429686,0.267476332070026,26.6218329748989,27.0830562912121,27.0830562912121,0.0345743143694796,-0.265227819291951,277.427028314466,0,0.665590103995953
591,Stim,1,3,0.3636,-0.0673666666666577,1,0.506833333333361,0.52483333333339,0.574200000000019,18.9999999995507,0.229996520880985,0.275279206092103,0.252637863486544,20.6595990656133,28.0961564738346,28.0961564738346,0.000664886073326241,-0.251898700094337,270.151231734724,3.99999999990541,8.79814374121133
592,Stim,1,4,0.1818,-0.057166666666717,1,0.387133333333168,0.416133333333164,0.444299999999885,29.9999999992906,0.210686764443066,0.453692088078068,0.332189426260567,34.4305007884052,38.434559266072,38.434559266072,-0.0538561365512497,0.325867841163365,99.3844371862895,-0.999999999976353,13.1828005248443
593,Stim,1,3,0.1818,-0.0631666666668025,1,0.392899999999827,0.422900000000027,0.456066666666629,30.9999999992669,0.151530613827846,0.157227243498332,0.154378928663089,24.4056295992504,24.205887494786,24.4056295992504,-0.11569093772713,0.00733042567470601,176.37446336183,0,82.6805825235698
593,Stim,1,3,0.1818,-0.0631666666668025,2,0.611899999999878,0.648899999999912,0.67506666666668,37.9999999991014,0.0797978633233889,0.0956293712747279,0.0877136172990584,15.0085434309741,12.8286710929046,15.0085434309741,-0.0804516610697197,0.025989690176341,162.097090473246,-0.999999999976353,31.0223071304192
595,Stim,1,1,-0.1818,-0.0571333333332404,1,0.183300000000145,0.199299999999994,0.240433333333385,16.999999999598,0.0333201566225336,0,0.0166600783112668,3.30141735992858,1.99467106302296,3.30141735992858,0,0.0166600783112668,90,-0.999999999976353,90
595,Stim,1,1,-0.1818,-0.0571333333332404,2,0.324299999999994,0.372299999999996,0.381433333333234,48.9999999988413,0.134638668271986,0.0743708831819271,0.104504775726956,33.7841209962965,21.5768499020796,33.7841209962965,-0.0817815091180502,-0.0299881235209069,200.137273112557,3.99999999990541,70.4803786278031
595,Stim,1,1,-0.1818,-0.0571333333332404,3,0.406300000000101,0.432300000000168,0.463433333333342,26.9999999993615,0.00265956284169454,0.0332445308484385,0.0179520468450665,4.3636030751411,6.06492134739665,6.06492134739665,0.0179520468450665,3.46944695195361e-18,1.10730920717321e-14,-1.99999999995271,1.4210854715202e-13
595,Stim,1,1,-0.1818,-0.0571333333332404,4,0.463300000000118,0.496300000000019,0.520433333333358,33.999999999196,0.0106624450082479,0,0.00533122250412395,1.554939982644,2.8811927482141,2.8811927482141,0,0.00533122250412395,90,-20.9999999995034,90
595,Stim,1,1,-0.1818,-0.0571333333332404,5,0.498300000000199,0.571300000000065,0.55543333333344,73.9999999982501,0.0651054512180139,0.0684914060968582,0.0667984286574361,17.1285637843081,18.1033015746723,18.1033015746723,-0.0465423465986364,0.0446489722218168,136.189441909385,0.999999999976353,30.1846126020771
595,Stim,1,1,-0.1818,-0.0571333333332404,6,0.572300000000041,0.597300000000132,0.629433333333282,25.9999999993852,0.00776686354801888,0,0.00388343177400944,5.55335736617472,1.73330882745186,5.55335736617472,-0.00199467214917843,0.00333201521015106,120.906357556629,9.99999999976353,120.906357556629
595,Stim,1,1,-0.1818,-0.0571333333332404,7,0.738299999999981,0.773300000000063,0.795433333333222,35.9999999991487,0.300118605802943,0.275239779601986,0.287679192702465,26.5737112959832,27.8245799075619,27.8245799075619,-0.0226062728821861,-0.286552292871912,265.489245875137,1.99999999995271,4.65191281454304
595,Stim,1,1,-0.1818,-0.0571333333332404,8,0.778300000000172,0.819300000000112,0.835433333333413,41.9999999990068,0.0339766782871415,0.0332445129409317,0.0336105956140366,3.1177293637047,5.54075196892419,5.54075196892419,0.0132978033660357,0.0166598823049091,51.4033735299009,-22.9999999994561,101.285051538903
595,Stim,1,1,-0.1818,-0.0571333333332404,9,0.832300000000032,0.888300000000072,0.889433333333272,56.9999999986521,0.0333198862873779,0.0332445330868782,0.0332822096871281,5.55331513845794,3.32445312969122,5.55331513845794,0.0166222665434391,0.016659943143689,45.0648607553069,22.9999999994561,90
597,NonStim,0,4,-0.0909,NaN,1,0.196899999999687,0.226899999999887,NaN,30.9999999992669,1.38777878078145e-17,0.00533120981757369,0.00266560490878685,4.85065096086826,5.54519508389312,5.54519508389312,-6.93889390390723e-18,0.00266560490878685,90.0000000000001,-14.9999999996453,90
597,NonStim,0,4,-0.0909,NaN,2,0.350899999999911,0.412899999999809,NaN,62.9999999985102,0.23067217475401,0.282409884694059,0.256541029724034,19.0677797595308,19.8527137558021,19.8527137558021,-0.182844751585324,0.179928639171972,135.460555651507,9.99999999976353,1.16919584980644
597,NonStim,0,4,-0.0909,NaN,3,0.525899999999865,0.5628999999999,NaN,37.9999999991014,0.211979815563867,0.302522410041699,0.257251112802783,12.4394947467138,20.9242666622787,20.9242666622787,0.0551858697887902,-0.249900562647248,282.452842511666,-1.99999999995271,11.8415276899289
597,NonStim,0,4,-0.0909,NaN,4,0.780899999999747,0.808899999999767,NaN,28.9999999993142,0.0265956268582591,0.00132978129598663,0.0139627040771228,6.1212551945458,6.1573551085395,6.1573551085395,0.0126329227811362,-1.73472347597681e-18,360,11.9999999997162,180
597,NonStim,0,4,-0.0909,NaN,5,0.918899999999894,0.942899999999781,NaN,24.9999999994088,0.0333201566084702,0.0365728159728524,0.0349464862906613,3.55415011275473,4.22055049801649,4.22055049801649,0.00997335438444678,0.0319873389651708,72.6830077738424,3.99999999990541,33.0518060990034
600,Stim,1,3,0.1818,-0.0552666666667392,1,0.468899999999849,0.481899999999996,0.524166666666588,13.9999999996689,0.180754362249028,0.275888289507014,0.228321325878021,20.008944184661,28.3046746805551,28.3046746805551,-0.0944144044411559,0.20725079134644,114.491936525901,0,8.33959887852018
602,NonStim,0,3,0.3636,NaN,1,0.12929999999983,0.144299999999703,NaN,15.9999999996217,0.134686961226853,0.14163055813031,0.138158759678582,12.9309285124532,13.1327832893788,13.1327832893788,-0.103057983682179,-0.0919635055262417,221.744038982128,-0.999999999976353,2.57203119772515
602,NonStim,0,3,0.3636,NaN,2,0.456299999999828,0.472299999999905,NaN,16.999999999598,0.189617007002561,0.220501955331518,0.20505948116704,18.614490178622,21.354008085359,21.354008085359,-0.124334237246532,0.161935846435796,127.517030587482,-0.999999999976353,10.754221950942
602,NonStim,0,3,0.3636,NaN,3,0.595299999999725,0.612299999999777,NaN,17.9999999995744,0.193099659028719,0.136264488005104,0.164682073516911,15.7715362870475,13.5791631921333,15.7715362870475,-0.0152924589153419,-0.163935048439845,264.670663458756,0.999999999976353,2.40888679330669
603,NonStim,0,4,0.3636,NaN,1,0.485233333333326,0.537233333333461,NaN,52.9999999987467,0.0960336414470356,0.148944491608225,0.12248906652763,19.932968154167,20.6563653302126,20.6563653302126,-0.0678188350156524,0.0333200510122976,153.834666157385,23.9999999994325,107.428698950363
603,NonStim,0,4,0.3636,NaN,2,0.685233333333372,0.744233333333341,NaN,59.9999999985812,0.135459749318361,0.25069545195907,0.193077600638715,16.412086689148,18.6761095618289,18.6761095618289,-0.0671539202849373,-0.180595012883858,249.602442392363,10.9999999997399,7.74146322105682
604,Stim,1,3,-0.0909,-0.0595666666667967,1,0.0553999999999633,0.0763999999999214,0.11496666666676,21.9999999994798,0.276968095004064,0.125757572830913,0.201362833917488,17.4966746587048,15.343513196381,17.4966746587048,0.0538561067831707,0.193922456054057,74.4789726800222,6.99999999983447,3.91267345749105
604,Stim,1,3,-0.0909,-0.0595666666667967,2,0.256399999999985,0.280399999999872,0.315966666666782,24.9999999994088,0.37906121684833,0.349268952934402,0.364165084891366,22.2134157230344,22.6576770308697,22.6576770308697,-0.0598401316460378,-0.359189644321573,260.541528273323,0.999999999976353,1.34236563133322
604,Stim,1,3,-0.0909,-0.0595666666667967,3,0.52839999999992,0.550399999999854,0.587966666666716,22.9999999994561,0.153099656643131,0.274460790397405,0.213780223520268,17.2929694237168,25.8907970510609,25.8907970510609,-0.125664253157189,0.172598179247113,126.057390654803,-5.99999999985812,6.13553264781177
604,Stim,1,3,-0.0909,-0.0595666666667967,4,0.739399999999932,0.756399999999985,0.798966666666729,17.9999999995744,0.31757812435277,0.4231387491196,0.370358436736185,28.5564874676409,38.789279846831,38.789279846831,0.0644943859467692,-0.364518750138376,280.033517901548,-0.999999999976353,3.59106509777195
605,NonStim,0,2,0.3636,NaN,1,0.475400000000036,0.491400000000112,NaN,16.999999999598,0.500422618869352,0.333550172333658,0.416986395601505,47.9452674375708,35.0664296891503,47.9452674375708,-0.0957442172284737,-0.40583177117161,256.72545402215,0.999999999976353,0.941712704061558
605,NonStim,0,2,0.3636,NaN,2,0.569400000000087,0.590400000000045,NaN,21.9999999994798,0.332974541332938,0.356997571843194,0.344986056588066,21.1392009567209,22.8576918747286,22.8576918747286,-0.104387677946691,0.328531300965164,107.627156730332,-0.999999999976353,4.53129909336906
606,NonStim,0,1,0.4545,NaN,1,0.38503333333324,0.409033333333127,NaN,24.9999999994088,0.157809170506097,0.229749854810429,0.193779512658263,20.3802960053252,19.2753523487655,20.3802960053252,-0.143616301803674,-0.129948306063922,222.13973299346,-0.999999999976353,3.72483605051468
606,NonStim,0,1,0.4545,NaN,2,0.604033333333064,0.62003333333314,NaN,16.999999999598,0.0891848680951106,0.10137629359509,0.0952805808451004,8.52230347663067,8.86245505840467,8.86245505840467,-0.092419613434853,0.0186592869972679,168.585569657883,0.999999999976353,16.6189562279795
607,Stim,1,4,-0.3636,-0.058866666666745,1,0.246566666666695,0.273566666666738,0.30543333333344,27.9999999993379,0.167569600575569,0.161004924790793,0.164287262683181,13.2170457562915,12.300128559166,13.2170457562915,-0.115690899181505,0.116620476220167,134.770736337393,3.99999999990541,1.64878509596673
607,Stim,1,4,-0.3636,-0.058866666666745,2,0.521566666666786,0.580566666666755,0.580433333333531,59.9999999985812,0.137364054826781,0.163161716542026,0.150262885684404,16.7983754425918,14.7142571737,16.7983754425918,-0.077792075669302,-0.120618842509295,237.180358266076,-0.999999999976353,34.5679300681912
609,Stim,1,1,0.3636,-0.0581666666669207,1,0.799999999999955,0.835999999999785,0.858166666666875,36.9999999991251,0.328929439114969,0.293770683046653,0.311350061080811,31.6025860081394,30.3470935602317,31.6025860081394,-0.0624996681113937,-0.303878185831543,258.377850235635,-4.99999999988177,9.69975048510159
611,NonStim,0,3,0.0909,NaN,1,0.599033333333182,0.615033333333258,NaN,16.999999999598,0.203862033341796,0.178698947968655,0.191280490655225,19.1241009065866,15.2581551243784,19.1241009065866,0.0465422202039611,-0.185259806632996,284.102377695727,-1.99999999995271,6.03206567134237
611,NonStim,0,3,0.0909,NaN,2,0.888033333333397,0.910033333333331,NaN,22.9999999994561,0.507140105355192,0.345601332582937,0.426370718969064,37.1020262772404,28.0533729226017,37.1020262772404,-0.110371561213932,-0.411830388166418,254.99715194681,0.999999999976353,0.661461058198825
612,NonStim,0,1,-0.1818,NaN,1,0.42286666666655,0.460866666666561,NaN,38.9999999990778,0.438231430869479,0.438435561303612,0.438333496086546,44.0095776313815,44.7720936707812,44.7720936707812,0.0671538387747737,-0.433158382179275,278.812578771945,-0.999999999976353,0.171762221270342
612,NonStim,0,1,-0.1818,NaN,2,0.570866666666461,0.602866666666387,NaN,32.9999999992197,0.328040188769018,0.385635010922057,0.356837599845538,22.8891409460848,23.4033504152461,23.4033504152461,-0.163562788832199,0.316538464825539,117.326450792163,-0.999999999976353,6.31406764620348
612,NonStim,0,1,-0.1818,NaN,3,0.863866666666581,0.878866666666454,NaN,15.9999999996217,0.0883473882308225,0.12648767192467,0.107417530077746,10.2181780725348,12.661559489473,12.661559489473,-0.0352392017692508,-0.101293029064955,250.817538673542,0.999999999976353,6.54782512166133
613,NonStim,0,1,-0.4545,NaN,1,0.392299999999977,0.438300000000027,NaN,46.9999999988886,0.499802250688107,0.392222882516297,0.446012566602202,51.6603701451979,40.2698381145859,51.6603701451979,-0.0073137980155462,-0.445818453803497,269.060128248677,-9.99999999976353,2.83100551820633
613,NonStim,0,1,-0.4545,NaN,2,0.538299999999936,0.557299999999941,NaN,19.9999999995271,0.321266776660206,0.335586364572997,0.328426570616602,28.8767843040442,30.8407385846583,30.8407385846583,-0.0359040908591456,0.325198859277186,96.3003137613361,0,10.0101036109642
613,NonStim,0,1,-0.4545,NaN,3,0.786299999999983,0.808299999999917,NaN,22.9999999994561,0.0678117357207307,0.105152334733537,0.0864820352271337,15.2397805402086,18.8813937549604,18.8813937549604,-0.0831113048641209,-0.00999606616953826,186.858206345133,0,29.8090123893728
614,Stim,1,4,-0.0909,-0.0562333333334664,1,0.193833333333259,0.243833333333214,0.250066666666726,50.999999998794,0.210489714308639,0.079791124863724,0.145140419586181,16.9185282756365,13.9160149655493,16.9185282756365,0.0651592328332693,-0.129282098799466,296.748477024795,-5.99999999985812,9.11985801058171
614,Stim,1,4,-0.0909,-0.0562333333334664,2,0.475833333333185,0.532833333333201,0.532066666666651,57.9999999986285,0.272932539231401,0.229750010201514,0.251341274716457,29.162480413483,20.8775959750359,29.162480413483,-0.146940762301298,-0.199920412646092,233.684251454551,-15.9999999996217,18.4565396699608
614,Stim,1,4,-0.0909,-0.0562333333334664,3,0.657833333333201,0.700833333333321,0.714066666666668,43.9999999989595,0.172606329347777,0.159986382490327,0.166296355919052,22.213428299372,21.655086985555,22.213428299372,0.0179520449591631,0.163934768294593,83.750598208871,-3.99999999990541,14.7920925549308
616,NonStim,0,4,-0.3636,NaN,1,0.15336666666667,0.190366666666705,NaN,37.9999999991014,0.0337420486926436,0.0402650761599369,0.0370035624262902,6.71084570492686,5.95778660034335,6.71084570492686,-0.0086435796216884,-0.0333201525352705,255.45745421987,-24.9999999994088,43.2251836067616
616,NonStim,0,4,-0.3636,NaN,2,0.267366666666703,0.30436666666651,NaN,37.9999999991014,0.0611699394678065,0.0489830094538712,0.0550764744608388,17.3232629336694,15.613446416491,17.3232629336694,-0.0485370090570782,-0.0166600746675605,198.944515493764,1.99999999995271,42.8623157349247
616,NonStim,0,4,-0.3636,NaN,3,0.467366666666521,0.495366666666541,NaN,28.9999999993142,0,0.0333201563327776,0.0166600781663888,4.66482173159755,4.66482196024814,4.66482196024814,0,-0.0166600781663888,270,-12.9999999996926,90
616,NonStim,0,4,-0.3636,NaN,4,0.535366666666505,0.58436666666671,NaN,49.9999999988177,0.23490548384797,0.148355504445614,0.191630494146792,30.5792819762585,29.7831509760017,30.5792819762585,-0.046542344756886,-0.183259972638407,255.74992927238,-0.999999999976353,19.2260832831149
616,NonStim,0,4,-0.3636,NaN,5,0.706366666666554,0.746366666666518,NaN,40.9999999990305,0.101928755821999,0.0744721941633994,0.0882004749926994,12.2599862794049,8.66299274754718,12.2599862794049,-0.0551859200912239,0.0666399214138238,129.628870236675,-3.99999999990541,22.65919228193
617,NonStim,0,3,0.4545,NaN,1,0.427699999999959,0.444700000000012,NaN,17.9999999995744,0.0906697433868553,0.0703462569754778,0.0805080001811666,8.66655399668273,7.38795128281674,8.66655399668273,-0.0132977427046204,0.0773026209605928,99.760599246042,4.99999999988177,26.255110016239
617,NonStim,0,3,0.4545,NaN,2,0.551699999999983,0.578700000000026,NaN,27.9999999993379,0.309311524554689,0.370852981099518,0.340082252827104,28.9623476194172,30.6835369364079,30.6835369364079,0.0877654932165465,-0.328535615344469,284.956813286308,0,1.41567120971524
618,NonStim,0,2,0.1818,NaN,1,0.260099999999966,0.276100000000042,NaN,16.999999999598,0.127268509865795,0.101882925836515,0.114575717851155,11.10891576069,9.18886173694859,11.10891576069,-0.0425529839465238,0.10595804272883,111.880503473318,2.99999999992906,9.54370400041267
618,NonStim,0,2,0.1818,NaN,2,0.627099999999928,0.643100000000004,NaN,16.999999999598,0.16165457213608,0.128219416320899,0.14493699422849,17.4523262565142,12.4176679305599,17.4523262565142,0.06382947874549,0.129948074108894,63.840089856431,-1.99999999995271,5.40198697638635
620,NonStim,0,4,-0.6363,NaN,1,0.359699999999748,0.388699999999744,NaN,29.9999999992906,0.0743708796391801,0.141653720802841,0.108012300221011,16.5659379663025,13.725854826651,16.5659379663025,-0.0957442303275592,-0.0499802150241848,207.565371006804,5.99999999985812,1.44602341647376
620,NonStim,0,4,-0.6363,NaN,2,0.416699999999764,0.434699999999793,NaN,18.9999999995507,0.00133280440943617,0.0470682388021505,0.0242005216057933,5.06763659948181,5.55333501816808,5.55333501816808,0.0166222460722826,0.0159936011415166,43.8958054088948,2.99999999992906,135.064999558417
620,NonStim,0,4,-0.6363,NaN,3,0.550699999999779,0.594699999999875,NaN,44.9999999989359,0.159768084190338,0.19200619065916,0.175887137424749,38.4451513892852,38.1301286697249,38.4451513892852,-0.0797868042115607,0.156604604329802,116.997900778801,-1.99999999995271,4.40697289920593
620,NonStim,0,4,-0.6363,NaN,4,0.617699999999786,0.656699999999773,NaN,39.9999999990541,0.0159573701384484,1.38777878078145e-17,0.00797868506922419,5.7735244778457,4.46833083336273,5.7735244778457,-0.00797868506922418,0,180,23.9999999994325,180
620,NonStim,0,4,-0.6363,NaN,5,0.718699999999899,0.753699999999753,NaN,35.9999999991487,0.268625783525215,0.338768451271243,0.303697117398229,43.5422806237393,38.8137454379944,43.5422806237393,-0.0472071515340727,-0.299880416468839,261.053918514881,0,3.29366819926918
620,NonStim,0,4,-0.6363,NaN,6,0.762699999999768,0.805699999999888,NaN,43.9999999989595,0.0332444951092711,0.0323901188521106,0.0328173069806909,5.54074892460485,3.10281402336022,5.54074892460485,0.0319146887086495,-0.00533115309895381,350.516651054801,2.99999999992906,19.2192500733976
621,NonStim,0,3,0.6363,NaN,1,0.00283333333322844,0.0178333333331011,NaN,15.9999999996217,0.191441886912658,0.193416895951693,0.192429391432175,16.2682303691434,20.6040972239517,20.6040972239517,-0.0364027590542877,-0.188924824008415,259.093691766005,0.999999999976353,2.00375948087503
621,NonStim,0,3,0.6363,NaN,2,0.377833333333228,0.41083333333313,NaN,33.999999999196,0.33573936184197,0.396786843074249,0.366263102458109,39.871003203199,33.9204578279406,39.871003203199,-0.0624997061362976,-0.360520449326315,260.164971074541,0,5.13619710258962
621,NonStim,0,3,0.6363,NaN,3,0.571833333333188,0.588833333333241,NaN,17.9999999995744,0.191492381490399,0.238123886045726,0.214808133768062,14.7967647294847,19.1487487334167,19.1487487334167,-0.117685557191716,0.179260717424097,123.285099104989,0.999999999976353,6.75435483891579
621,NonStim,0,3,0.6363,NaN,4,0.843833333333123,0.874833333333299,NaN,31.9999999992433,0.307624070359471,0.333574571704437,0.320599321031954,27.5444756017621,27.5271179793207,27.5444756017621,-0.109706398526791,0.301211546848139,110.012489208216,8.99999999978718,1.6012265794208
622,Stim,1,2,-0.6363,-0.0560333333332892,1,0.144366666666656,0.165366666666614,0.200399999999945,21.9999999994798,0.10534364551236,0.247425049286736,0.176384347399548,10.1137717309499,16.0752144980475,16.0752144980475,-0.0678188313883611,-0.16260214354317,247.359740130195,-6.99999999983447,6.05003553362747
623,Stim,1,1,-0.3636,-0.0495333333333292,1,0.0299666666664962,0.0799666666666781,0.0794999999998254,50.999999998794,0.0333201424754785,0.00930846459097358,0.021314303533226,5.55335726944382,5.55335678942547,5.55335726944382,0.00465423229548679,-0.0166600712377392,285.608475984744,-6.99999999983447,90
623,Stim,1,1,-0.3636,-0.0495333333333292,2,0.0729666666666162,0.132966666666562,0.122499999999945,60.9999999985575,0,0.0212764984191797,0.0106382492095899,5.55335693138154,5.55335678942547,5.55335693138154,0.0106382492095899,0,0,-11.9999999997162,0
623,Stim,1,1,-0.3636,-0.0495333333333292,3,0.484966666666651,0.533966666666629,0.53449999999998,49.9999999988177,0.265254627729352,0.316451876901283,0.290853252315318,17.4156338047524,19.9300894284508,19.9300894284508,-0.11369625830459,0.26656004496088,113.099775224192,2.99999999992906,9.81670683131784
623,Stim,1,1,-0.3636,-0.0495333333333292,4,0.607966666666698,0.647966666666662,0.657500000000027,40.9999999990305,0.266559753763709,0.30758333145632,0.287071542610014,20.7540969923414,21.4640189244676,21.4640189244676,-0.0126329112340301,-0.286551811694445,267.475695193455,0.999999999976353,4.71175703331073
623,Stim,1,1,-0.3636,-0.0495333333333292,5,0.761966666666694,0.813966666666602,0.811500000000024,52.9999999987467,0.0434747986230955,0.00132977927709474,0.0224022889500951,6.83773387934758,5.71034204688794,6.83773387934758,0.0146275740216855,-0.0166600712377392,311.283193797553,25.9999999993852,50.0338717773579
623,Stim,1,1,-0.3636,-0.0495333333333292,6,0.833966666666583,0.854966666666542,0.883499999999913,21.9999999994798,0.00531912110951238,0.0039893378312842,0.00465422947039829,4.66481957706247,1.35110476892802,4.66481957706247,0.000664891639114089,0,0,8.99999999978718,180
623,Stim,1,1,-0.3636,-0.0495333333333292,7,0.895966666666709,0.921966666666549,0.945500000000038,26.9999999993615,0.0292551798941752,1.00045226270051e-09,0.0146275904473137,7.68907603390468,4.35497532516705,7.68907603390468,0.0146275904473137,0,0,5.99999999985812,0
624,Stim,1,1,0.6363,-0.0541333333335388,1,0.352499999999736,0.385499999999865,0.406633333333275,33.999999999196,0.467089902773228,0.450099733562283,0.458594818167755,48.4385965568025,42.4739419591119,48.4385965568025,0.0265956148050664,-0.45781208685649,273.324739136581,2.99999999992906,0.7892753515452
624,Stim,1,1,0.6363,-0.0541333333335388,2,0.445499999999811,0.468499999999949,0.49963333333335,23.9999999994325,0.268156096573837,0.264456665754817,0.266306381164327,19.5474309279602,19.5152975534988,19.5474309279602,-0.0232711719915563,0.26522326332219,95.0143943351822,2.99999999992906,2.51528239771886
624,Stim,1,1,0.6363,-0.0541333333335388,3,0.651499999999942,0.669499999999744,0.705633333333481,18.9999999995507,0.204374521114432,0.214495403184783,0.209434962149608,18.2849855345571,20.6873788102585,20.6873788102585,-0.0824464159429965,0.191923908187419,113.24732798259,0.999999999976353,8.32213990093533
624,Stim,1,1,0.6363,-0.0541333333335388,4,0.876499999999851,0.9074999999998,0.93063333333339,31.9999999992433,0.0917935849868232,0.186605990823169,0.139199787904996,18.3751935340793,22.0191386749354,22.0191386749354,-0.115025713925216,0.0639743626598688,150.918306394901,3.99999999990541,40.5094346645387
625,Stim,1,3,0.6363,-0.0587333333332936,1,0.35626666666667,0.390266666666776,0.414999999999964,34.9999999991724,0.106051508405437,0.106223864873481,0.106137686639459,21.1039147605312,25.6364789724415,25.6364789724415,-0.0724730342960924,0.0759699160957015,133.650528578811,0.999999999976353,16.8364735834088
626,Stim,1,4,0.6363,-0.0521333333333587,1,0.528900000000021,0.565900000000056,0.58103333333338,37.9999999991014,0.235038619677737,0.178409076266879,0.206723847972308,26.3554217027766,15.1702888167936,26.3554217027766,-0.0631645951448659,-0.196588334491547,252.187586475429,-3.99999999990541,5.54215952204572
628,Stim,1,1,-1,-0.0581333333334442,1,0.358933333333198,0.413933333333262,0.417066666666642,55.9999999986758,0.168606389254568,0.240105125632088,0.204355757443328,27.0092935221217,30.3816041588466,30.3816041588466,-0.132978005451296,0.154605255358253,130.699255910845,-5.99999999985812,7.54692867042809
630,NonStim,0,1,1,NaN,1,0.402499999999918,0.448499999999967,NaN,46.9999999988886,0.488755708449125,0.0484298880038663,0.268592798226496,46.4877181120052,32.5512239188381,46.4877181120052,-0.0624997106233845,-0.259894429400048,256.478203262115,3.99999999990541,19.6720575402796
630,NonStim,0,1,1,NaN,2,0.596499999999878,0.625499999999874,NaN,29.9999999992906,0.136533884521094,0.116565250124432,0.126549567322763,9.30846841968509,12.5936687589448,12.5936687589448,-0.103057990305714,0.0659738601847553,147.374152516044,4.99999999988177,29.640678653307
631,Stim,1,1,-0.1818,-0.0526333333334605,1,0.318833333333259,0.366833333333261,0.37146666666672,48.9999999988413,0.0727790216739953,0.185046159156771,0.128912590415383,12.7546833950785,18.4275170796811,18.4275170796811,-0.00398934142026867,-0.123950850872967,268.156579399081,18.9999999995507,35.3095135353421
631,Stim,1,1,-0.1818,-0.0526333333334605,2,0.53583333333313,0.580833333333203,0.588466666666591,45.9999999989122,0.0771272625086596,0.127905090992578,0.102516176750619,12.1896557657357,11.9379844599137,12.1896557657357,-0.099733551284761,0.0186592861311879,169.402964361023,13.9999999996689,16.9638144029434
631,Stim,1,1,-0.1818,-0.0526333333334605,3,0.676833333333207,0.730833333333294,0.729466666666667,54.9999999986994,0.194016435828481,0.179816291444625,0.186916363636553,17.4186521053543,14.7783619335932,17.4186521053543,-0.130983139218577,-0.133280251752102,225.498031672022,17.9999999995744,2.56806784431475
632,NonStim,0,3,-0.6363,NaN,1,0.295566666666673,0.325566666666646,NaN,30.9999999992669,0.154915816962736,0.154195126391909,0.154555471677322,14.2567709358741,16.4394432720196,16.4394432720196,-0.0990686553788362,0.115954044933891,130.50986850961,2.99999999992906,18.6543673667757
632,NonStim,0,3,-0.6363,NaN,2,0.432566666666617,0.494566666666742,NaN,62.9999999985102,0.242532581032299,0.105770802930452,0.174151691981376,12.2136700437691,13.152654914554,13.152654914554,0.0505316758970331,-0.166600584442737,286.87309184951,31.9999999992433,3.16842579159845
633,NonStim,0,1,0.3636,NaN,1,0.402166666666517,0.429166666666561,NaN,27.9999999993379,0.384953727468324,0.210271117834034,0.297612422651179,39.3368923723421,37.8151992869132,39.3368923723421,-0.0638294950501799,-0.289883371387275,257.582184022854,-1.99999999995271,8.7084333907944
633,NonStim,0,1,0.3636,NaN,2,0.632166666666535,0.658166666666602,NaN,26.9999999993615,0.14746565266088,0.155933975844064,0.151699814252472,16.3635525130025,10.8961585398098,16.3635525130025,-0.128323766485789,0.0773025992919976,148.935121605401,-2.99999999992906,18.119393980254
639,Stim,1,2,-0.1818,-0.0578000000004977,1,0.598299999999654,0.616299999999683,0.656100000000151,19.0000000038708,0.640913089512771,0.633923908571948,0.63741849904236,59.4130093522377,58.1796849032255,59.4130093522377,-0.162232900079998,-0.616406828283464,255.254648410593,1.00000000020373,0.906968684983809
639,Stim,1,2,-0.1818,-0.0578000000004977,2,0.618299999999635,0.636299999999665,0.676100000000133,19.0000000038708,0.361253800707763,0.346420086156812,0.353836943432287,27.7973067671389,27.9913125436623,27.9913125436623,0.00132987501463524,0.35251195493352,89.7838488508726,1.00000000020373,9.91269217378891
641,Stim,1,3,1,-0.0535333333332346,1,0.418299999999817,0.446300000000065,0.471833333333052,29.0000000059081,0.11185093686098,0.145136027434825,0.128493482147903,22.4043427384364,22.1259520034203,22.4043427384364,-0.0312498397160883,0.124617262155253,104.077572039519,1.00000000020373,1.92074253209731
643,NonStim,0,3,-0.1818,NaN,1,0.512733333333472,0.537733333333108,NaN,26.0000000052969,0.288404004180613,0.199221523175924,0.243812763678269,18.8266633271954,18.8813487392524,18.8813487392524,-0.0226062772540192,-0.242570030654893,264.675707294136,-2.00000000040745,4.62142031637109
646,NonStim,0,2,0.6363,NaN,1,0.459366666666938,0.476366666666763,NaN,18.0000000036671,0.23743171469302,0.25896978747615,0.248200751084585,17.3022596145354,18.3683197454188,18.3683197454188,-0.246008740458965,-0.00866323401200686,182.016845884712,-1.00000000020373,14.7142887521752
647,NonStim,0,1,-1,NaN,1,0.0510666666664292,0.0700666666666621,NaN,20.0000000040745,0.138072059595748,0.129027288053785,0.133549673824766,11.0815077106132,11.0300730395846,11.0815077106132,-0.124999377295686,0.0133280557634084,173.913833610921,0,39.4875876120677
647,NonStim,0,1,-1,NaN,2,0.403066666666746,0.473066666666455,NaN,71.0000000144646,0.0941367213765648,0.129364018553498,0.111750369965032,13.5278622710731,11.9926860919156,13.5278622710731,-0.0957441602686596,-0.0166600740203662,189.87098561918,5.00000000101863,59.990945944649
648,NonStim,0,4,0.1818,NaN,1,0.0557666666663863,0.0727666666666664,NaN,18.0000000036671,0.11784339828719,0.0913567784815259,0.104600088384358,8.66655697324915,7.69612014534867,8.66655697324915,0.0605049600420527,0.0852995855761884,54.6510444642086,-2.00000000040745,2.29269812725943
648,NonStim,0,4,0.1818,NaN,2,0.579766666666728,0.610766666666677,NaN,32.0000000065193,0.367859629370078,0.332200535658204,0.350030082514141,27.0217469750856,20.3604772373282,27.0217469750856,-0.0179520349083306,-0.349191458058512,267.056998208302,-2.00000000040745,5.32916704800999
648,NonStim,0,4,0.1818,NaN,3,0.813766666666652,0.842766666666648,NaN,30.0000000061118,0.211291436657034,0.254725440376088,0.233008438516561,23.5898399780481,23.4369178652719,23.5898399780481,-0.117020686954496,0.199252725209674,120.425622413003,-1.00000000020373,14.8386120766772
649,Stim,1,4,1,-0.0597333333330425,1,0.465266666667048,0.493266666666841,0.525000000000091,29.0000000059081,0.0517815962589577,0.129281907027227,0.0905317516430923,26.8467223224966,14.2165544015329,26.8467223224966,0.018616916169657,-0.0466480699172192,291.756593990594,15.0000000030559,134.023458998674
649,Stim,1,4,1,-0.0597333333330425,2,0.658266666666805,0.691266666666706,0.717999999999847,34.0000000069267,0.262364720422832,0.292012774178692,0.277188747300762,30.0804034895565,21.9136395929965,30.0804034895565,-0.0638294642208459,-0.268559626318685,256.630380395907,1.00000000020373,10.4479618540722
652,Stim,1,4,0.1818,-0.0500333333334311,1,0.345866666666552,0.38186666666661,0.395899999999983,37.0000000075379,0.210137317605103,0.339321975494713,0.274729646549908,14.3167870394074,27.8904898946376,27.8904898946376,-0.194812692651861,0.185259653337458,136.43981433989,8.00000000162981,24.4735726832082
652,Stim,1,4,0.1818,-0.0500333333334311,2,0.503866666666454,0.555866666666589,0.553899999999885,53.0000000107975,0.281480543932913,0.303974003476488,0.292727273704701,32.9499529581843,38.4806953765725,38.4806953765725,0.0738027901403534,-0.282554079016172,284.638535107443,5.00000000101863,7.89589739640047
654,Stim,1,4,-1,-0.0565999999998894,1,0.494999999999891,0.509999999999764,0.55159999999978,16.0000000032596,0.238876349708469,0.181788261764261,0.210332305736365,27.7006910549146,17.2605327731666,27.7006910549146,-0.144281194313262,-0.152605742337648,226.606121626641,-2.00000000040745,6.37127720169593
655,NonStim,0,4,0.0909,NaN,1,0.335466666666889,0.370466666666744,NaN,36.0000000073342,0.0919965786612067,0.0891828417597594,0.090589710210483,18.1068142423724,14.8042361443557,18.1068142423724,-0.0884304459499973,-0.0166600773531886,190.669325220617,-6.00000000122236,13.2371051716638
655,NonStim,0,4,0.0909,NaN,2,0.514466666666976,0.557466666666642,NaN,44.000000008964,0.0360100345314952,0.133306744343275,0.084658389437385,13.6961164827505,14.4386856112248,14.4386856112248,0.00199467181248671,-0.0846328423320427,271.350127435027,-18.0000000036671,0.973137759912277
655,NonStim,0,4,0.0909,NaN,3,0.671466666666674,0.688466666666955,NaN,18.0000000036671,0.0335578471212281,0.00797868719050448,0.0207682671558663,5.62362982860765,3.33186600962294,5.62362982860765,-0.00199467224455189,-0.0166599388370913,263.172552710584,4.00000000081491,96.8274442587837
655,NonStim,0,4,0.0909,NaN,4,0.839466666666794,0.882466666666915,NaN,44.000000008964,0.100121408268735,0.110210190589414,0.105165799429075,9.75172704924923,12.2623072265642,12.2623072265642,-0.0997335526073316,-0.0333199119581398,198.47392188438,-24.0000000048894,1.84083630072331
657,NonStim,0,3,1,NaN,1,0.399799999999686,0.446799999999712,NaN,48.0000000097789,0.169529078319736,0.174184309049863,0.1718566936848,21.6654009790787,25.480817077142,25.480817077142,-0.167552243554643,0.00466482444668323,178.405239329899,11.000000002241,25.5082358302441
657,NonStim,0,3,1,NaN,2,0.700799999999617,0.729799999999614,NaN,30.0000000061118,0.0999603961129142,0.194703077441578,0.147331736777246,20.4555730938447,19.3906584626976,20.4555730938447,0.00332445239508865,-0.147274956947047,271.293123780567,4.00000000081491,1.95697093441237
658,NonStim,0,1,-0.0909,NaN,1,0.310999999999694,0.333999999999833,NaN,24.0000000048894,0.200203221770094,0.185202325393842,0.192702773581968,14.6599310787266,15.1112402648092,15.1112402648092,-0.0272604728652142,0.189924360937728,98.1680656519556,1.00000000020373,10.660317801101
658,NonStim,0,1,-0.0909,NaN,2,0.48700000000008,0.507000000000062,NaN,21.0000000042783,0.301621837176267,0.344987875953566,0.323304856564917,25.0484401954008,23.6672153307553,25.0484401954008,-0.12965362585166,-0.295882317382726,246.337293120691,-2.00000000040745,4.62783930679038
658,NonStim,0,1,-0.0909,NaN,3,0.509000000000015,0.523999999999887,NaN,16.0000000032596,0.14215150510644,0.158992617156311,0.150572061131375,15.359393967812,15.896009153126,15.896009153126,0.0910899998480456,0.118619342055998,52.4786708492779,1.00000000020373,13.3201848326251
659,Stim,1,3,-0.6363,-0.06670000000031,1,0.418999999999869,0.449999999999818,0.485700000000179,32.0000000065193,0.144128495789917,0.0423741115694003,0.0932513036796587,21.996249874072,20.8911767317762,21.996249874072,-0.0385636249987748,0.0526456776472225,126.22324818848,1.00000000020373,116.938835595832
659,Stim,1,3,-0.6363,-0.06670000000031,2,0.694999999999709,0.717999999999847,0.761700000000019,24.0000000048894,0.312666139714385,0.185581292204303,0.249123715959344,45.8769233302284,33.9608773348361,45.8769233302284,-0.113696249646341,-0.21591421925647,242.229577204516,1.00000000020373,24.0416096831639
660,Stim,1,1,1,-0.0549333333333379,1,0.337766666666539,0.401766666666845,0.392699999999877,65.0000000132422,0.0480991371950485,0.0743708819753159,0.0612350095851822,34.9092872287314,31.1373252900183,34.9092872287314,-0.0492019069293596,0.00133280609766016,178.448322454495,-17.0000000034634,75.0482581713519
660,Stim,1,1,1,-0.0549333333333379,2,0.634766666666565,0.664766666666765,0.689699999999903,31.0000000063155,0.0951733815673356,0.110210240091047,0.102691810829191,13.9094416213329,15.3400348614232,15.3400348614232,-0.0997335591666149,0.0106624477993605,173.897725133046,0,24.8383277763731
666,NonStim,0,2,1,NaN,1,0.456300000000283,0.478300000000218,NaN,23.0000000046857,0.243439717468289,0.179829488342845,0.211634602905567,18.7810714268063,14.0737260694041,18.7810714268063,-0.130983185123834,-0.0359857268603408,195.362159435629,-3.00000000061118,101.726848314847
667,Stim,1,4,0.0909,-0.0568000000002939,1,0.599299999999857,0.624299999999948,0.656100000000151,26.0000000052969,0.0716334008047202,0.147554044798622,0.109593722801671,15.8809082603808,19.3023844137552,19.3023844137552,-0.0990686716994776,0.0466481967354129,154.785788007972,-4.00000000081491,5.00217267655813
668,NonStim,0,2,-0.6363,NaN,1,0.447333333333518,0.461333333333187,NaN,15.0000000030559,0.26216683461409,0.195351076587523,0.228758955600806,24.1779147707781,20.8048460102478,24.1779147707781,-0.170211818830126,-0.149274027439721,221.250431657302,2.00000000040745,16.6673424750034
669,Stim,1,4,-0.4545,-0.0503666666668323,1,0.469499999999698,0.503499999999804,0.51986666666653,35.0000000071304,0.326444902697775,0.199447996915338,0.262946449806557,28.9535440581695,22.2425330364092,28.9535440581695,-0.149600287368755,-0.201919542768002,233.465601519364,4.00000000081491,35.3108381903727
670,Stim,1,3,-1,-0.0541333333335388,1,0.723733333333257,0.747733333333144,0.777866666666796,25.0000000050932,0.3357683599524,0.362577167161525,0.349172763556963,42.4272592093838,37.5075823471111,42.4272592093838,-0.16622247732171,0.303875286303622,118.679050562684,-2.00000000040745,14.5474166754413
670,Stim,1,3,-1,-0.0541333333335388,2,0.865733333333083,0.883733333333112,0.919866666666621,19.0000000038708,0.500653651501228,0.429732309972727,0.465192980736977,47.7639515212279,38.0940457967813,47.7639515212279,0.0704783597865202,-0.459815526152845,278.714207894859,-2.00000000040745,0.653264650244637
671,NonStim,0,3,0.1818,NaN,1,0.154899999999998,0.167899999999918,NaN,14.0000000028522,0.206213511164723,0.196939751222874,0.201576631193799,18.6707555787027,19.1712309983632,19.1712309983632,-0.167552319658522,0.109956477147429,146.725048108029,-1.00000000020373,12.3373375390894
673,NonStim,0,2,-0.4545,NaN,1,0.265566666666928,0.283566666666957,NaN,19.0000000038708,0.270247172926451,0.272736560423817,0.271491866675134,25.3615169602778,20.774886150117,25.3615169602778,-0.124334494509569,-0.240570375088326,242.668627271092,-3.00000000061118,8.17689992000703
673,NonStim,0,2,-0.4545,NaN,2,0.484566666666979,0.498566666666648,NaN,15.0000000030559,0.21861634012987,0.31246172558562,0.265539032857745,25.2241139861971,33.7162613772374,33.7162613772374,-0.0192817990823022,0.264561465719409,94.168467306422,1.00000000020373,5.30725481457449
673,NonStim,0,2,-0.4545,NaN,3,0.499566666666851,0.515566666666928,NaN,17.0000000034634,0.146433807095931,0.177503823624084,0.161968815360007,12.471066193414,15.3434982291597,15.3434982291597,-0.0359039972013819,-0.157937162566457,257.192564666043,2.00000000040745,0.574281496648496
674,NonStim,0,2,0.0909,NaN,1,0.408733333333203,0.425733333333028,NaN,18.0000000036671,0.162472047763588,0.132051724104349,0.147261885933968,14.4338846159778,15.3502367924992,15.3502367924992,-0.114361116921674,-0.0539786122381719,205.267378126197,3.00000000061118,62.0165701213673
674,NonStim,0,2,0.0909,NaN,2,0.787733333333108,0.803733333333184,NaN,17.0000000034634,0.340074363755952,0.321007828201237,0.330541095978595,30.3245270154591,32.8885280846043,32.8885280846043,0.080451609125232,0.31987231544556,75.8822699754188,4.00000000081491,7.49749948134391
675,Stim,1,4,0.3636,-0.0529333333333852,1,0.418233333333319,0.432233333333443,0.471166666666704,15.0000000030559,0.191745356552012,0.158182131585539,0.174963744068776,21.3673584843991,14.7759674736027,21.3673584843991,-0.113696272742867,-0.129948546737168,228.816248878969,-1.00000000020373,18.6796051699735
675,Stim,1,4,0.3636,-0.0529333333333852,2,0.760233333333417,0.786233333333257,0.813166666666802,27.0000000055006,0.231367351918302,0.235976052744376,0.233671702331339,24.3330252525877,24.5982575671036,24.5982575671036,-0.222737965872897,-0.0706386398410332,197.59579186813,-1.00000000020373,0.327368014182241
676,NonStim,0,4,-0.4545,NaN,1,0.0506333333332805,0.0686333333333096,NaN,19.0000000038708,0.281910518560861,0.271975211977837,0.276942865269349,26.5198641042723,26.9042408435242,26.9042408435242,-0.0937495465284331,-0.26056304540198,250.211470661546,4.00000000081491,1.61734287023077
676,NonStim,0,4,-0.4545,NaN,2,0.345633333333353,0.37463333333335,NaN,30.0000000061118,0.101376418609923,0.132079376985654,0.116727897797788,12.379061502998,13.1058063238093,13.1058063238093,-0.113696260435859,0.0219911954922687,169.052996474033,-1.00000000020373,14.5580786137993
676,NonStim,0,4,-0.4545,NaN,3,0.540633333333062,0.578633333333073,NaN,39.0000000079453,0.235759962104894,0.321202504358076,0.278481233231485,18.6816603050488,25.9951487537748,25.9951487537748,-0.0950791756213236,0.26122948307489,109.999887566026,6.00000000122236,6.85797298050986
676,NonStim,0,4,-0.4545,NaN,4,0.681633333333139,0.722633333333306,NaN,42.0000000085565,0.503211187038806,0.528215160938825,0.515713173988816,59.1933690376748,49.3135973075637,59.1933690376748,0.039893425737225,-0.513792237133005,274.439825957465,4.00000000081491,4.36861460030855
676,NonStim,0,4,-0.4545,NaN,5,0.89563333333308,0.915633333333062,NaN,21.0000000042783,0.137498306189749,0.155272369497166,0.146385337843457,10.5715195481686,15.0843059732559,15.0843059732559,-0.107712252707239,0.0986261153810537,137.521398328023,2.00000000040745,7.83400768624378
678,NonStim,0,3,-1,NaN,1,0.260633333333317,0.281633333333502,NaN,22.000000004482,0.131648300689947,0.168672298341306,0.150160299515626,22.7512638583783,24.9105813142192,24.9105813142192,-0.135637637128895,0.0473145127841958,160.769682384973,1.00000000020373,34.1265691264529
678,NonStim,0,3,-1,NaN,2,0.543633333333219,0.571633333333466,NaN,29.0000000059081,0.446115284433668,0.261350214609642,0.353732749521655,25.7607560245526,24.4376942990544,25.7607560245526,0.0186169309106425,-0.353191702635277,273.017300019349,14.0000000028522,2.0105809303376
678,NonStim,0,3,-1,NaN,3,0.806633333333139,0.822633333333215,NaN,17.0000000034634,0.209316548328661,0.240167264652521,0.224741906490591,16.7164484946289,20.0178219845322,20.0178219845322,-0.0897601767508182,0.205917571128013,113.552552553314,1.00000000020373,3.6141287224641
679,Stim,1,3,-0.1818,-0.062733333333199,1,0.716966666666849,0.736966666666831,0.779700000000048,21.0000000042783,0.432056987341153,0.504812889565464,0.468434938453308,36.8081418406194,38.7685310097706,38.7685310097706,-0.0784569810328629,-0.461806337326804,260.357995604402,-1.00000000020373,0.802642948816299
679,Stim,1,3,-0.1818,-0.062733333333199,2,0.904966666666951,0.918966666667075,0.96770000000015,15.0000000030559,0.387843277715772,0.358224457200935,0.373033867458354,35.5660367812149,34.1348469730591,35.5660367812149,-0.0485369581826387,0.366516720252106,97.5436534792242,0,15.3056787637495
680,Stim,1,3,0.4545,-0.0626666666667006,1,0.0495666666665784,0.0645666666664511,0.112233333333279,16.0000000032596,0.164604407624209,0.169479349032531,0.16704187832837,16.8809985477345,19.9723735236673,19.9723735236673,-0.140291849468094,0.0359857477299738,165.613440385632,-3.00000000061118,59.7718307763865
681,Stim,1,4,0.4545,-0.0512333333331298,1,0.0326333333332514,0.0696333333335133,0.0838666666663812,38.0000000077416,0.0335580782162468,0.00664890715179616,0.0201034926840215,6.96936191855032,2.65956284860837,6.96936191855032,0.00132978233702403,0.0166600552232201,85.4364060664637,-26.0000000052969,96.8273966337469
681,Stim,1,4,0.4545,-0.0512333333331298,2,0.133633333333364,0.155633333333299,0.184866666666494,23.0000000046857,0.0026595608686773,0.0367232399827823,0.0196914004257298,3.99841697404762,5.61154756229477,5.61154756229477,0.0146275935533484,-0.0126616450337287,319.120536071906,6.00000000122236,43.5961782378735
681,Stim,1,4,0.4545,-0.0512333333331298,3,0.208633333333182,0.247633333333397,0.259866666666312,40.0000000081491,0.0358756719002849,0.0282346450539848,0.0320551584771348,4.3636055505218,6.36138593018243,6.36138593018243,-0.00199467514113472,-0.00333202176585824,239.093654248362,1.00000000020373,177.492931143105
681,Stim,1,4,0.4545,-0.0512333333331298,4,0.308633333333546,0.363633333333382,0.359866666666676,56.0000000114087,0.0339770623628785,0.0333201505165842,0.0336486064397314,5.55335947882908,5.66284244786025,5.66284244786025,0.00332445192248512,0.0333201536229883,84.3022841197669,-27.0000000055006,11.2849182326065
681,Stim,1,4,0.4545,-0.0512333333331298,5,0.466633333333448,0.48663333333343,0.517866666666578,21.0000000042783,0.0268100364137629,0.0333201559931963,0.0300650962034796,5.27835633449547,5.33122493081035,5.33122493081035,0.00598400719399907,0.02865533418515,78.2046058390939,-2.00000000040745,26.5129789573841
681,Stim,1,4,0.4545,-0.0512333333331298,6,0.59863333333351,0.63763333333327,0.64986666666664,40.0000000081491,0.425813707886433,0.291862511912674,0.358838109899553,27.7439943196398,21.0045425453483,27.7439943196398,-0.191488330915813,-0.303210530217573,237.72611941658,1.00000000020373,4.11742536849377
681,Stim,1,4,0.4545,-0.0512333333331298,7,0.673633333333328,0.705633333333481,0.724866666666458,33.000000006723,0.00398932956003092,0.0274177697607888,0.0157035496604099,5.66265667968383,4.21097128673907,5.66265667968383,0.0152924683113463,0.00333195826895109,12.2916338331727,8.00000000162981,14.066683479063
681,Stim,1,4,0.4545,-0.0512333333331298,8,0.699633333333168,0.754633333333459,0.750866666666298,56.0000000114087,0,0.00666391653790219,0.00333195826895109,1.33275730236495,3.98934204093809,3.98934204093809,0,-0.00333195826895109,270,-43.0000000087603,90
681,Stim,1,4,0.4545,-0.0512333333331298,9,0.74963333333335,0.78763333333336,0.800866666666479,39.0000000079453,0.038833331587039,0.00664890475487496,0.022741118170957,5.55759308396209,3.87887823644894,5.55759308396209,0.013297795493615,0.0166595119263508,51.4027690101832,-18.0000000036671,59.0928320545025
681,Stim,1,4,0.4545,-0.0512333333331298,10,0.796633333333375,0.838633333333291,0.847866666666505,43.0000000087603,0.201191934621434,0.236626775411108,0.218909355016271,27.3950258254838,27.0419322060044,27.3950258254838,-0.0312498304269511,0.216578769784665,98.2104579009048,0,3.25450158262095
681,Stim,1,4,0.4545,-0.0512333333331298,11,0.926633333333484,0.957633333333433,0.977866666666614,32.0000000065193,0.0226062738662734,0,0.0113031369331367,3.87106607909239,5.31912161669847,5.31912161669847,0.0113031369331367,0,0,11.000000002241,0
684,Stim,1,1,0.1818,-0.0569000000004962,1,0.398933333332934,0.439933333333101,0.45583333333343,42.0000000085565,0.165619570078524,0.23251730038299,0.199068435230757,14.8302741060962,17.4523367124517,17.4523367124517,-0.178190559419789,0.080634400314331,155.652401516093,-2.00000000040745,21.7797623050676
684,Stim,1,1,0.1818,-0.0569000000004962,2,0.57093333333296,0.605933333332814,0.627833333333456,36.0000000073342,0.128926101441531,0.161060019645179,0.144993060543355,21.9924070062524,26.6892569267275,26.6892569267275,0.0804517552005053,-0.120618681583429,303.702989933077,2.00000000040745,1.01725851160984
684,Stim,1,1,0.1818,-0.0569000000004962,3,0.780933333332996,0.805933333333087,0.837833333333492,26.0000000052969,0.320634205452343,0.201853184676819,0.261243695064581,27.310053383893,17.7681879120725,27.310053383893,-0.164892713099811,-0.199920437034831,230.484471494526,7.00000000142609,14.9164669379643
685,Stim,1,1,-0.6363,-0.0529999999998836,1,0.458800000000338,0.501800000000003,0.511800000000221,44.000000008964,0.270811575501759,0.213057833614876,0.241934704558318,28.2993446389772,22.2411012344374,28.2993446389772,-0.156249211913679,-0.0473139809516305,196.846889994422,-5.00000000101863,96.0302335963614
685,Stim,1,1,-0.6363,-0.0529999999998836,2,0.628799999999956,0.669800000000123,0.681799999999839,42.0000000085565,0.191441918829562,0.205886148115609,0.198664033472586,19.8170202813311,19.793217331354,19.8170202813311,-0.0997331482136031,-0.159270153752113,237.945672546444,-5.00000000101863,37.8861062894587
686,NonStim,0,4,0.4545,NaN,1,0.414933333333465,0.464933333333647,NaN,51.0000000103901,0.185271153250722,0.213057709854154,0.199164431552438,13.1327585037112,12.2991264544682,13.1327585037112,-0.169546832502961,0.0999604053438293,149.47750372897,9.00000000183354,17.6421648732174
686,NonStim,0,4,0.4545,NaN,2,0.563933333333807,0.620933333333596,NaN,58.0000000118162,0.238644476935371,0.279829825937991,0.259237151436681,22.350094279825,23.6108951596292,23.6108951596292,0.117020567845425,-0.229908741119327,296.975503847306,-9.00000000183354,11.3418108940916
686,NonStim,0,4,0.4545,NaN,3,0.877933333333658,0.900933333333796,NaN,24.0000000048894,0.254966928859485,0.254370710772487,0.254668819815986,22.0245414945876,18.2448241320847,22.0245414945876,-0.160238394927934,-0.197919126874812,231.005832062921,0,1.26343701597017
689,Stim,1,3,-0.3636,-0.053899999999885,1,0.246666666666897,0.288666666666813,0.300566666666782,43.0000000087603,0.454935318186956,0.139951905247516,0.297443611717236,41.1426307873752,27.809691722536,41.1426307873752,-0.0432178643878846,-0.293880566162807,261.634088290656,-9.00000000183354,7.02714201039566
689,Stim,1,3,-0.3636,-0.053899999999885,2,0.453666666666777,0.482666666666773,0.507566666666662,30.0000000061118,0.186762934116166,0.115563835577186,0.151163384846676,19.2316434964468,18.3831273073776,19.2316434964468,-0.0432178781404288,-0.126616302113333,251.153713443239,-16.0000000032596,57.2330330535867
691,NonStim,0,1,-0.3636,NaN,1,0.319533333333311,0.377533333333304,NaN,59.0000000120199,0.17840941978756,0.206876059421337,0.192642739604448,18.6467258919508,17.7830869408776,18.6467258919508,-0.090425078256953,-0.168599505510684,241.793977962553,1.00000000020373,13.4846008805818
691,NonStim,0,1,-0.3636,NaN,2,0.495533333333242,0.520533333333333,NaN,26.0000000052969,0.066640191707358,0.169521809634889,0.118081000671123,7.9968246818378,18.8827109102431,18.8827109102431,0.00465423359275537,0.117953121884514,87.7403762655334,-1.00000000020373,3.14770271281139
692,Stim,1,4,-0.6363,-0.0577666666672485,1,0.37883333333275,0.448833333332914,0.436599999999999,71.0000000144646,0.0997335100872918,0.141204971367036,0.120469240727164,22.4783989700759,21.9923913885083,22.4783989700759,-0.0997334753396597,0.0499802079988718,153.382822599518,-21.0000000042783,45.0651233213811
692,Stim,1,4,-0.6363,-0.0577666666672485,2,0.551833333332979,0.594833333333099,0.609600000000228,44.000000008964,0.253506632723208,0.183637603831114,0.218572118277161,25.4548788962359,22.4564519720928,25.4548788962359,-0.114361154782374,-0.182594214984867,237.940545739531,-3.00000000061118,19.6435403970588
693,NonStim,0,4,1,NaN,1,0.105466666666416,0.138466666666318,NaN,34.0000000069267,0.00398934420611162,0.0277718712720472,0.0158806077390794,5.55335930444372,3.76771386095972,5.55335930444372,-0.0113031418144913,-0.00399841887526569,199.480928959324,22.000000004482,163.264891120659
693,NonStim,0,4,1,NaN,2,0.397466666666332,0.42146666666622,NaN,25.0000000050932,0.226774726503454,0.227388243302073,0.227081484902763,16.6251929220558,14.954442368575,16.6251929220558,-0.222072854381929,-0.0113288556162033,182.920363296674,-2.00000000040745,23.4043445921514
693,NonStim,0,4,1,NaN,3,0.422466666666423,0.449466666666467,NaN,28.0000000057044,0.08044410197305,0.0971701014286581,0.0888071017008541,11.3200985519563,10.0175396588943,11.3200985519563,0.0771268066223683,0.0413169749952505,28.1780376350337,-1.00000000020373,19.8001784750631
693,NonStim,0,4,1,NaN,4,0.614466666666431,0.660466666666252,NaN,47.0000000095752,0.147554068797288,0.190751857842247,0.169152963319767,12.0714945041993,14.4387199519306,14.4387199519306,0.115690939670748,-0.114621259491797,315.266107132949,13.0000000026484,31.6282377303944
693,NonStim,0,4,1,NaN,5,0.894466666666176,0.932466666666187,NaN,39.0000000079453,0.157812159932971,0.140487189109445,0.149149674521208,18.5145754976034,15.287378605045,18.5145754976034,-0.143616269534329,0.00599762801540352,177.608632983138,-1.00000000020373,31.0068095448935
694,NonStim,0,1,0.6363,NaN,1,0.338999999999942,0.376999999999953,NaN,39.0000000079453,0.167025643776747,0.10024354451366,0.133634594145203,25.7608514216059,24.0018085381363,25.7608514216059,0.00997336939683294,0.123950864309047,85.3997613396863,-14.0000000028522,44.4449133192037
694,NonStim,0,1,0.6363,NaN,2,0.563000000000102,0.592000000000098,NaN,30.0000000061118,0.346426559735004,0.276655137559144,0.311540848647074,19.5834824813455,16.2045502344927,19.5834824813455,-0.101063355835062,-0.294548581429755,251.062254999796,3.00000000061118,3.41375412998642
695,Stim,1,1,0.0909,-0.0586666666667952,1,0.461666666666588,0.488666666666631,0.520333333333383,28.0000000057044,0.255532941417579,0.313978120325729,0.284755530871654,38.4809239240011,38.0485338689626,38.4809239240011,-0.0884304452170827,0.27055899892156,108.099642820922,-2.00000000040745,3.22667029841688
695,Stim,1,1,0.0909,-0.0586666666667952,2,0.609666666666726,0.650666666666439,0.668333333333521,42.0000000085565,0.128972773317209,0.275598506266771,0.20228563979199,19.3452653375879,18.6279774016329,19.3452653375879,0.0332444573036184,-0.183260343580791,280.281963494381,-24.0000000048894,49.4991519451815
696,NonStim,0,4,-0.1818,NaN,1,0.264033333333373,0.298033333333478,NaN,35.0000000071304,0.406960786911002,0.480709603161767,0.443835195036384,39.4821995312076,42.4183142436912,42.4183142436912,-0.101063355416183,-0.431826456337153,256.827749856715,-6.00000000122236,4.50193482583262
696,NonStim,0,4,-0.1818,NaN,2,0.517033333333075,0.548033333333478,NaN,32.0000000065193,0.170046912860832,0.201655460227673,0.185851186544252,20.5640472321383,22.8892345888086,22.8892345888086,-0.070478401053028,0.171931279536395,112.289799437937,2.00000000040745,2.23934563748352
696,NonStim,0,4,-0.1818,NaN,3,0.724033333333409,0.74503333333314,NaN,22.000000004482,0.163024964487767,0.105152258722955,0.134088611605361,15.5045167279606,9.79210635828446,15.5045167279606,-0.0977387976764891,-0.049313791709282,206.77307911775,5.00000000101863,72.5086038980961
698,NonStim,0,2,-0.1818,NaN,1,0.31116666666685,0.342166666666799,NaN,32.0000000065193,0.238586140417907,0.243346729339157,0.240966434878532,22.8690813596971,20.2445166275186,22.8690813596971,-0.100398353239516,0.189924354842799,117.861953372306,-12.0000000024447,53.8713568204526
698,NonStim,0,2,-0.1818,NaN,2,0.745166666667046,0.766166666666777,NaN,22.000000004482,0.543082997824937,0.538492554234588,0.540787776029763,42.8192449395381,44.3295034793237,44.3295034793237,-0.0492017585619471,-0.538443056658618,264.778935536593,3.00000000061118,2.2193271405207
698,NonStim,0,2,-0.1818,NaN,3,0.844166666666752,0.865166666666937,NaN,22.000000004482,0.356584602807765,0.328788227336166,0.342686415071965,22.4042794745933,21.1285314078466,22.4042794745933,0.121009996492193,0.319870189098219,69.2778831879047,2.00000000040745,7.28822809791336
699,Stim,1,1,-0.4545,-0.0511000000001332,1,0.00520000000005894,0.0271999999999935,0.0563000000001921,23.0000000046857,0.25259920070972,0.242530476928636,0.247564838819178,22.5251413416381,22.4782578538646,22.5251413416381,-0.0684836840866921,-0.237903219310918,253.940814759453,-4.00000000081491,0.290115252117744
699,Stim,1,1,-0.4545,-0.0511000000001332,2,0.404199999999946,0.446199999999862,0.455300000000079,43.0000000087603,0.494489310666232,0.434640625161817,0.464564967914025,47.9984179434148,45.9134757104046,47.9984179434148,0.0206115921745914,-0.463807918268793,272.544546323943,-4.00000000081491,4.12206310791532
699,Stim,1,1,-0.4545,-0.0511000000001332,3,0.534200000000055,0.55619999999999,0.585300000000188,23.0000000046857,0.397894678549671,0.444490128785377,0.421192403667524,33.5411826841067,35.0467825353214,35.0467825353214,-0.0844410411121359,0.412498377092894,101.568979464821,-3.00000000061118,2.95823592506224
699,Stim,1,1,-0.4545,-0.0511000000001332,4,0.833200000000033,0.863199999999779,0.884300000000167,31.0000000063155,0.0827502268887122,0.0986272951157699,0.090688761002241,14.4998255106501,13.6152636156141,14.4998255106501,0.0106382508677887,-0.08929773978226,276.79376221987,-4.00000000081491,14.8990719826885
700,Stim,1,1,-0.0909,-0.0586000000002969,1,0.244499999999789,0.260499999999865,0.303100000000086,17.0000000034634,0.184512966366867,0.199564616618631,0.192038791492749,15.3502269170757,15.7366948685406,15.7366948685406,-0.142951408458105,0.127948792335504,138.16983674946,0,5.10036195466952
700,Stim,1,1,-0.0909,-0.0586000000002969,2,0.622499999999945,0.654499999999643,0.681100000000242,33.000000006723,0.281959296890806,0.17567070544183,0.228815001166318,36.3781155658684,29.4042013946343,36.3781155658684,-0.075132567233032,-0.215913965949034,250.813403572376,2.00000000040745,4.95518732404656
701,Stim,1,4,-0.1818,-0.0564333333336435,1,0.227366666666512,0.243366666666589,0.283800000000156,17.0000000034634,0.0984037375068475,0.135478534515542,0.116941136011195,12.6972265476953,13.8055505974488,13.8055505974488,-0.115025957696055,-0.0159936751090003,187.915884396918,-5.00000000101863,13.6568507374033
701,Stim,1,4,-0.1818,-0.0564333333336435,2,0.245366666666541,0.257366666666712,0.301800000000185,13.0000000026484,0.0892979560398288,0.0679540834195204,0.0786260197296746,10.6624436655077,9.60429296913359,10.6624436655077,0.00664890708611394,-0.077969113042255,274.874172239963,0,11.2849307556235
702,NonStim,0,1,0.1818,NaN,1,0.0744666666664671,0.0974666666666053,NaN,24.0000000048894,0.135705922865768,0.145976994437574,0.140841458651671,13.7404282593024,13.6914417108517,13.7404282593024,0.113031278642433,-0.0819674874583463,324.051306487445,-9.00000000183354,15.0907803409378
702,NonStim,0,1,0.1818,NaN,2,0.514466666666522,0.5634666666665,NaN,50.0000000101863,0.167745984395278,0.262471130398354,0.215108557396816,22.1626803038721,20.6824515552584,22.1626803038721,-0.165557610506665,0.137278953799759,140.334768006209,-22.000000004482,2.24241197648064
703,NonStim,0,2,0.4545,NaN,1,0.540099999999711,0.552099999999882,NaN,13.0000000026484,0.188394250348047,0.164843864466444,0.176619057407246,19.123962219394,20.4509476206901,20.4509476206901,-0.0152924058411232,-0.175929636698148,265.032141588652,0,1.9720581842538
705,Stim,1,2,0.3636,-0.0540333333333365,1,0.0321333333331495,0.0551333333332877,0.086166666666486,24.0000000048894,0.164240684921361,0.16849223726853,0.166366461094945,23.3477151849265,24.1308002003342,24.1308002003342,-0.132978073616201,0.0999603771213947,143.067606390407,-2.00000000040745,1.10094764562254
705,Stim,1,2,0.3636,-0.0540333333333365,2,0.466133333333346,0.492133333333186,0.520166666666682,27.0000000055006,0.193107568372012,0.126027357375466,0.159567462873739,25.4455611172838,15.216250771134,25.4455611172838,-0.1050526616563,-0.119952388521923,228.788567936178,1.00000000020373,4.47754739260259
706,Stim,1,2,-1,-0.0669000000002598,1,0.418533333333016,0.431533333332936,0.485433333333276,14.0000000028522,0.247398119966449,0.303272619982296,0.275335369974373,24.4704974412434,32.1994167449594,32.1994167449594,-0.164892702712897,0.219912199342581,126.862985967548,0,6.73117783140177
706,Stim,1,2,-1,-0.0669000000002598,2,0.5965333333329,0.615533333333133,0.66343333333316,20.0000000040745,0.250340196116945,0.207766681346757,0.229053438731851,22.0202022104394,19.1820614210421,22.0202022104394,-0.0764622212922595,-0.215914236511564,250.499297317728,-2.00000000040745,0.111202817637832
707,NonStim,0,4,-1,NaN,1,0.386566666667022,0.458566666666684,NaN,73.0000000148721,0.337892716602042,0.352269351667524,0.345081034134783,23.6128436056789,23.5920287980641,23.6128436056789,-0.171541669525239,0.299213589801906,119.826010219282,-3.00000000061118,3.72308468154836
707,NonStim,0,4,-1,NaN,2,0.546566666666877,0.606566666666822,NaN,61.0000000124273,0.346485347347562,0.301057135601989,0.323771241474776,27.7445172746964,28.4042612057922,28.4042612057922,-0.0079786332522446,-0.321871246607669,268.580027202363,3.00000000061118,12.1226325113994
708,NonStim,0,3,-0.4545,NaN,1,0.398866666666891,0.458866666666836,NaN,61.0000000124273,0.132360877872098,0.224619114700373,0.178489996286236,17.0841343317962,18.5850651977343,18.5850651977343,-0.0944144082926213,0.139278051151388,124.132730110599,14.0000000028522,40.4083029990423
708,NonStim,0,3,-0.4545,NaN,2,0.852866666666614,0.8738666666668,NaN,22.000000004482,0.34085010461702,0.307602861583342,0.324226483100181,32.5364600928872,30.7650968730887,32.5364600928872,-0.0844409245610677,-0.312542063300669,254.881101577965,4.00000000081491,6.23407051197768
709,Stim,1,2,-0.3636,-0.0561333333339462,1,0.411933333332854,0.429933333332883,0.4680666666668,19.0000000038708,0.118845381440506,0.139843514701167,0.129344448070837,20.598667715264,17.8040118644053,20.598667715264,-0.112366491111971,0.063308209598082,150.602730198145,0,8.7097549306699
710,NonStim,0,1,-0.6363,NaN,1,0.14926666666679,0.172266666666928,NaN,24.0000000048894,0.0345959501690648,0.0434748213673883,0.0390353857682266,5.54075583546868,5.18960788341723,5.54075583546868,-0.0186169321044179,-0.0333201485359105,240.806642909372,8.00000000162981,24.3576647748563
710,NonStim,0,1,-0.6363,NaN,2,0.182266666666692,0.20526666666683,NaN,24.0000000048894,0.0334261190186523,0,0.0167130595093261,5.62367347299809,5.55335856936252,5.62367347299809,0.00132978136936644,0.0166600732192858,85.4364142820061,-2.00000000040745,85.4364142820061
710,NonStim,0,1,-0.6363,NaN,3,0.23126666666667,0.254266666666808,NaN,24.0000000048894,0.0274728313345695,0.033346675292522,0.0304097533135458,5.62367347299809,4.79463815221711,5.62367347299809,0.00265956342453296,0.0299881331203696,84.9318579317911,-10.0000000020373,16.2910623225712
710,NonStim,0,1,-0.6363,NaN,4,0.281266666666852,0.31326666666655,NaN,33.000000006723,0.0159573768098878,0.0374887312100693,0.0267230540099786,4.37378873555698,7.53093822728916,7.53093822728916,0.00864357111988877,0.00866324016891573,45.0651161552685,-11.000000002241,152.472237287762
710,NonStim,0,1,-0.6363,NaN,5,0.326266666666925,0.379266666666808,NaN,54.0000000110012,0.0572400201950787,0.146647313437153,0.101943666816116,9.41367029810393,11.0424640648938,11.0424640648938,0.00731380836281963,0.0499801419542202,81.6747523104526,5.00000000101863,150.252351920054
710,NonStim,0,1,-0.6363,NaN,6,0.38226666666651,0.404266666666899,NaN,23.0000000046857,0.0337420398691732,0.00531912309837372,0.0195305814837735,5.59301918686075,2.97888098625541,5.59301918686075,0.00531912428791974,0.0166600732192858,72.2930814737559,10.0000000020373,80.9300080404801
710,NonStim,0,1,-0.6363,NaN,7,0.409266666666554,0.432266666666692,NaN,24.0000000048894,0,0.0168548866153914,0.00842744330769571,5.5533525844617,4.27257715288334,5.5533525844617,-0.00265956154918686,0.00799678266995621,108.39603911709,4.00000000081491,108.39603911709
710,NonStim,0,1,-0.6363,NaN,8,0.428266666666786,0.449266666666517,NaN,22.000000004482,0.00776685958878972,0.0333199518537302,0.02054340572126,4.22054857778632,5.55332596951615,5.55332596951615,0.00199467192758674,-0.0133279628912827,278.511750610992,10.0000000020373,149.093628769294
710,NonStim,0,1,-0.6363,NaN,9,0.476266666666561,0.506266666666761,NaN,31.0000000063155,0.00664890684683218,0,0.00332445342341609,4.66481601026471,4.85062872671229,4.85062872671229,-0.00332445342341609,0,180,3.00000000061118,180
710,NonStim,0,1,-0.6363,NaN,10,0.50726666666651,0.615266666666685,NaN,109.000000022206,0.101609881430942,0.127832755425608,0.114721318428275,15.90594179942,11.8112356622274,15.90594179942,-0.113031352249649,0.0159936139662598,171.946275674885,-39.0000000079453,11.4431721580812
710,NonStim,0,1,-0.6363,NaN,11,0.617266666666637,0.637266666666619,NaN,21.0000000042783,0.0339769649165759,0.026655866278859,0.0303164155977175,5.62365914065195,5.66279302791515,5.66279302791515,-0.00332444964178164,0.0299879622755029,96.3259492790174,-9.00000000183354,11.2849431793822
710,NonStim,0,1,-0.6363,NaN,12,0.646266666666634,0.660266666666757,NaN,15.0000000030559,0.0333200582721469,0.033557813116184,0.0334389356941654,5.55334350939755,5.66279147669516,5.66279147669516,-0.00199466692211803,-0.0333199513794391,266.574131657442,-3.00000000061118,6.82743597964355
710,NonStim,0,1,-0.6363,NaN,13,0.694266666666863,0.713266666666641,NaN,20.0000000040745,0.0342620697016645,0.0333199518537302,0.0337910107776973,5.44517051232849,5.55332596951615,5.55332596951615,-0.00398934356517915,-0.0333200327388749,263.172585750511,-2.00000000040745,13.4662355263147
710,NonStim,0,1,-0.6363,NaN,14,0.721266666666907,0.743266666666841,NaN,23.0000000046857,0.0342620697624822,0.0388341064836418,0.036548088123062,5.55777337400918,5.55774546278384,5.55777337400918,0.0139626660465114,0.0333200327388748,67.2640160916185,10.0000000020373,17.4401761479502
710,NonStim,0,1,-0.6363,NaN,15,0.941266666666706,0.971266666666907,NaN,31.0000000063155,0.0339769663992282,0.0306542607962352,0.0323156135977317,6.5895619978233,5.55330822525903,6.5895619978233,0.0033244534300777,0.00133289873795585,21.8477106252342,0,168.715044291136
711,NonStim,0,4,-0.3636,NaN,1,0.361499999999978,0.395500000000084,NaN,35.0000000071304,0.139484372578811,0.117070804259194,0.128277588419003,18.1030147027721,15.4653271107063,18.1030147027721,-0.0831113223108825,-0.0919633080110973,227.894479282282,-5.00000000101863,29.9511997727262
711,NonStim,0,4,-0.3636,NaN,2,0.792500000000018,0.827499999999873,NaN,36.0000000073342,0.223110904676182,0.331369651586491,0.277240278131337,19.0398438522061,26.015925811807,26.015925811807,-0.216088033700786,0.167933095038518,142.147388404181,-5.00000000101863,18.7732442421064
714,NonStim,0,3,-0.0909,NaN,1,0.324233333333723,0.341233333333548,NaN,18.0000000036671,0.280342710350578,0.285149369427743,0.28274603988916,22.4783601899664,20.0031265724366,22.4783601899664,-0.0352391366456332,0.279888395845337,97.1760229086295,0,7.7598179334228
714,NonStim,0,3,-0.0909,NaN,2,0.509233333333668,0.526233333333494,NaN,18.0000000036671,0.425237747571052,0.425180795333483,0.425209271452267,37.9848541500972,39.5397993463907,39.5397993463907,0.00199466774303067,-0.425162484672191,270.26880359589,1.00000000020373,1.61269031875673
714,NonStim,0,3,-0.0909,NaN,3,0.532233333333807,0.546233333333475,NaN,15.0000000030559,0.189442075283931,0.186893241549253,0.188167658416592,18.2148543882075,18.7463484764415,18.7463484764415,0.0172871387627762,0.187257026498922,84.7255352562536,-1.00000000020373,3.99561735010613
716,Stim,1,3,-0.4545,-0.0511333333333823,1,0.281066666666902,0.312066666666851,0.332200000000284,32.0000000065193,0.144050450801793,0.161568499168718,0.152809474985256,11.6160629795878,12.8996479528118,12.8996479528118,-0.116355830659419,-0.00133279689502761,180.656265329292,6.00000000122236,80.9686006512013
716,Stim,1,3,-0.4545,-0.0511333333333823,2,0.422066666666524,0.469066666666549,0.473199999999906,48.0000000097789,0.0339770296813979,0.00132977904492863,0.0176534043631633,7.68978615857139,6.47236994105464,7.68978615857139,-0.00265956169047755,0.0166600618433851,99.069994534309,21.0000000042783,101.284926789606
716,Stim,1,3,-0.4545,-0.0511333333333823,3,0.778066666666746,0.805066666666789,0.829200000000128,28.0000000057044,0.0316758513282667,0.0329670251314825,0.0323214382298746,6.93324718088691,5.8903919913476,6.93324718088691,0.00797868844976164,0.000666213387006039,4.77307437674336,-2.00000000040745,151.405074758702
716,Stim,1,3,-0.4545,-0.0511333333333823,4,0.940066666666553,0.957066666666833,0.991199999999935,18.0000000036671,0.0368916798241593,0.00398934383637316,0.0204405118302662,7.24580466593418,5.71030648385028,7.24580466593418,0.0146275905067288,-0.00799683699591999,331.334773727653,-5.00000000101863,154.308166246708
717,Stim,1,4,-0.6363,-0.0503333333331284,1,0.354200000000219,0.376200000000154,0.404533333333347,23.0000000046857,0.473589659637697,0.311815435516922,0.392702547577309,42.3223124362137,26.0931721680915,42.3223124362137,-0.0970739843572208,-0.379845764991326,255.664240495884,-3.00000000061118,6.73233560146238
717,Stim,1,4,-0.6363,-0.0503333333331284,2,0.76720000000023,0.781199999999899,0.817533333333358,15.0000000030559,0.264637948991966,0.143670122132235,0.204154035562101,27.4727288590699,14.4017129732966,27.4727288590699,-0.0704783973307877,-0.191257192575052,249.771125772047,-1.00000000020373,6.76489308315797
718,Stim,1,3,0.6363,-0.053899999999885,1,0.520333333333383,0.560333333333347,0.574233333333268,41.0000000083528,0.187517950292583,0.142292779928333,0.164905365110458,18.5935630896759,15.7247175330192,18.5935630896759,-0.164892770525873,-0.00199920770963221,180.694636590559,10.0000000020373,0.277822425208115
719,Stim,1,4,0.4545,-0.0559333333335417,1,0.411133333333055,0.454133333333175,0.467066666666597,44.000000008964,0.124986867353662,0.083011292199008,0.103999079776335,16.5827408672107,12.3157649506449,16.5827408672107,-0.0525262873377082,-0.00932946938925615,190.071570589299,-26.0000000052969,122.431536568311
719,Stim,1,4,0.4545,-0.0559333333335417,2,0.517133333333277,0.567133333333004,0.573066666666818,51.0000000103901,0.114813613418134,0.140487153186664,0.127650383302399,31.7198543525507,29.9966722103702,31.7198543525507,-0.115026033734666,-0.0533121904333945,204.866748548244,-11.000000002241,13.4575701668096
719,Stim,1,4,0.4545,-0.0559333333335417,3,0.68713333333335,0.70813333333308,0.743066666666891,22.000000004482,0.633936204960011,0.488930672601612,0.561433438780812,53.2735628009603,40.8911614904996,53.2735628009603,-0.0558507183871756,-0.558430820203557,264.288631119129,0,3.21044241093904
719,Stim,1,4,0.4545,-0.0559333333335417,4,0.778133333333244,0.810133333332942,0.834066666666786,33.000000006723,0.274922770106026,0.305527939231339,0.290225354668683,20.6931077912734,23.948090215918,23.948090215918,0.0777921680294385,0.278543664804993,74.3959204153367,-2.00000000040745,9.63608489399112
720,Stim,1,1,-0.3636,-0.0518999999999323,1,0.143433333333178,0.173433333333378,0.19533333333311,31.0000000063155,0.119193864515651,0.167928148560486,0.143561006538068,10.0175902925078,15.2261270878977,15.2261270878977,-0.128323669541185,0.0579770473114247,155.686394190811,-2.00000000040745,22.7921191421364
720,Stim,1,1,-0.3636,-0.0518999999999323,2,0.464433333333545,0.498433333333196,0.516333333333478,35.0000000071304,0.473291868051897,0.299927108150777,0.386609488101337,32.5363232585144,24.8947741258279,32.5363232585144,-0.00864357835036276,-0.386510232565422,268.718900602799,1.00000000020373,0.432802831828496
720,Stim,1,1,-0.3636,-0.0518999999999323,3,0.664433333333363,0.679433333333236,0.716333333333296,16.0000000032596,0.354736402237384,0.332019781166106,0.343378091701745,37.3760028784747,34.3749723900495,37.3760028784747,-0.127658905672277,0.316539682955859,111.963979322093,0,12.5825531751458
720,Stim,1,1,-0.3636,-0.0518999999999323,4,0.681433333333189,0.695433333333312,0.733333333333121,15.0000000030559,0.149138788628913,0.155184134677714,0.152161461653314,16.7953834083909,16.3420098735255,16.7953834083909,0.119015323743159,-0.094629205530804,321.511754132526,-1.00000000020373,4.37872065333715
720,Stim,1,1,-0.3636,-0.0518999999999323,5,0.902433333333192,0.922433333333174,0.954333333333125,21.0000000042783,0.203460614280295,0.239347824398842,0.221404219339568,18.8539977575373,18.3361254869094,18.8539977575373,-0.214758944830452,0.038651263346838,169.797407975591,-2.00000000040745,19.5555123138427
721,NonStim,0,2,-1,NaN,1,0.405333333333147,0.420333333333019,NaN,16.0000000032596,0.228971487976229,0.283026689414498,0.255999088695364,24.0253694711539,25.5608178208264,25.5608178208264,0.039893395046682,0.252566350059141,81.0241645532587,0,5.59356334565189
721,NonStim,0,2,-1,NaN,2,0.571333333332859,0.597333333333154,NaN,27.0000000055006,0.4306992176073,0.451350265122776,0.441024741365038,22.3237128022693,24.9145500137283,24.9145500137283,-0.00731379618187018,-0.44048971863654,269.048760655646,-3.00000000061118,5.31648643854044
721,NonStim,0,2,-1,NaN,3,0.848333333332903,0.862333333333027,NaN,15.0000000030559,0.254624659979533,0.221249368282936,0.237937014131235,25.7473218446484,20.9606135016966,25.7473218446484,0.0126329093812213,0.237238632456466,86.9518901227799,1.00000000020373,6.33986007003122
722,NonStim,0,3,-0.1818,NaN,1,0.420466666666471,0.444466666666358,NaN,25.0000000050932,0.350342189562321,0.486886131967377,0.418614160764849,24.0456879788593,27.743115414413,27.743115414413,-0.148935426092265,0.391175316703039,110.843745965534,-1.00000000020373,1.70874637560354
722,NonStim,0,3,-0.1818,NaN,2,0.564466666666704,0.583466666666482,NaN,20.0000000040745,0.523795915576172,0.534477493315228,0.5291367044457,51.5253831359988,48.0673337778756,51.5253831359988,-0.0039893399394506,-0.529120094165528,269.568022433539,-3.00000000061118,0.279297867392415
722,NonStim,0,3,-0.1818,NaN,3,0.585466666666434,0.597466666666605,NaN,13.0000000026484,0.124660396611987,0.125289897348226,0.124975146980106,12.4165833281691,13.1226690811304,13.1226690811304,0.00731379383574485,0.124615976971998,86.6411260464018,0,5.51539490749667
723,Stim,1,4,-0.4545,-0.0546333333331859,1,0.363400000000183,0.40940000000046,0.418033333333369,47.0000000095752,0.121221277268006,0.261704724906345,0.191463001087176,20.2736656590245,17.2548044962116,20.2736656590245,-0.119680180681886,-0.0506465279290058,202.937218748608,-7.00000000142609,104.261434166229
724,NonStim,0,2,-0.3636,NaN,1,0.36393333333308,0.391933333332872,NaN,29.0000000059081,0.246670042254259,0.164861678854793,0.205765860554526,27.7329762638841,21.6783143610758,27.7329762638841,-0.156914092070093,-0.111955605338294,215.507228471449,-1.00000000020373,41.8346858162012
725,NonStim,0,4,-0.0909,NaN,1,0.0754333333329669,0.148433333333287,NaN,74.0000000150758,0.0426328294766166,0.00132978057463271,0.0219813050256247,5.6628414769634,4.71196583943163,5.6628414769634,0.0139626928113694,-0.0166600715882873,309.966144655452,45.0000000091677,51.4036926860871
725,NonStim,0,4,-0.0909,NaN,2,0.473433333333105,0.496433333333243,NaN,24.0000000048894,0.252443648874219,0.266531484896394,0.259487566885307,25.7043631700664,26.9224038876078,26.9224038876078,-0.114361134537478,0.23257372080114,116.184265302562,-3.00000000061118,5.67338851929804
725,NonStim,0,4,-0.0909,NaN,3,0.613433333332978,0.653433333332941,NaN,41.0000000083528,0.236626685547592,0.199918763485753,0.218272724516673,21.366292622094,15.4653183190597,21.366292622094,0.0199467204302107,-0.216579171754644,275.262038330211,0,9.70598339755588
725,NonStim,0,4,-0.0909,NaN,4,0.816433333332952,0.845433333332949,NaN,30.0000000061118,0.197668740884758,0.246336361593774,0.222002551239266,17.4885850317803,19.0329636920487,19.0329636920487,-0.103058025751131,-0.195922163219371,242.254949993836,-2.00000000040745,8.67738760879769
726,Stim,1,2,0.4545,-0.0557000000003427,1,0.414133333333211,0.431133333333037,0.469833333333554,18.0000000036671,0.280896365496896,0.19567516512096,0.238285765308928,30.1399111042661,22.9075631351849,30.1399111042661,-0.200795919166833,-0.110622821273634,208.851320977234,3.00000000061118,32.1872540675847
727,Stim,1,4,-1,-0.0506000000000313,1,0.494966666666642,0.546966666666776,0.545566666666673,53.0000000107975,0.365257770637867,0.337228127565886,0.351242949101877,32.5260967268949,33.621297960472,33.621297960472,-0.161567979048862,0.311875684464715,117.386528387431,-9.00000000183354,0.319055216829213
728,NonStim,0,1,0.3636,NaN,1,0.474166666666861,0.499166666666952,NaN,26.0000000052969,0.288645992101078,0.145990648973251,0.217318320537165,17.2101595218285,13.2381662895297,17.2101595218285,-0.0804516903273269,-0.20125346303791,248.210787989577,5.00000000101863,8.86721655277594
730,Stim,1,3,0.4545,-0.0707666666667137,1,0.48146666666662,0.492466666666587,0.552233333333334,12.0000000024447,0.252336153629499,0.181667449417852,0.217001801523675,25.5299931823155,19.1484166005752,25.5299931823155,-0.168216954201127,-0.135279436914484,218.80610912913,0,11.8966594105497
733,Stim,1,2,-0.3636,-0.0563333333334413,1,0.529333333333398,0.560333333333347,0.585666666666839,32.0000000065193,0.15655893406861,0.187494107861652,0.172026520965131,27.6817285664395,24.6995662349567,27.6817285664395,-0.142286314861541,0.0966283537943864,145.819100697541,-1.00000000020373,2.18690671629932
734,Stim,1,4,1,-0.0559000000002925,1,0.459599999999682,0.480599999999868,0.515499999999975,22.000000004482,0.119213214685463,0.231597523480496,0.17540536908298,20.6596358806455,22.6399516451199,22.6399516451199,-0.132978004152783,0.113287750151599,139.571376817797,1.00000000020373,10.9158851197273
735,Stim,1,1,-0.1818,-0.0534999999999854,1,0.232199999999921,0.264200000000073,0.285699999999906,33.000000006723,0.162026251110898,0.135444408336925,0.148735329723912,14.8378956563502,14.7862709661123,14.8378956563502,-0.131648231473738,-0.0659738901940029,206.617175164697,-4.00000000081491,16.2504350951547
735,Stim,1,1,-0.1818,-0.0534999999999854,2,0.87920000000031,0.900200000000041,0.932700000000295,22.000000004482,0.138481334778329,0.196678271906768,0.167579803342549,13.2589793969479,13.1439104204992,13.2589793969479,-0.156913884840606,0.0579770250030171,159.721581778342,-5.00000000101863,6.93689490785593
736,NonStim,0,1,-0.6363,NaN,1,0.514266666666572,0.55026666666663,NaN,37.0000000075379,0.196879583279456,0.195755375790851,0.196317479535154,15.0735008093101,17.5721838188038,17.5721838188038,-0.185504259965489,-0.0419833888900344,192.752368272917,17.0000000034634,28.6920081957909
736,NonStim,0,1,-0.6363,NaN,2,0.552266666666583,0.568266666666659,NaN,17.0000000034634,0.124595001480595,0.130851151154007,0.127723076317301,10.7395561920922,10.3955959743853,10.7395561920922,0.0937493647517735,0.0866323335011583,42.7405443237113,3.00000000061118,3.92087686224494
738,NonStim,0,4,0.3636,NaN,1,0.014866666666876,0.0818666666668832,NaN,68.0000000138534,0.225243512921297,0.125758731518301,0.175501122219799,19.6623024030088,10.0220303811602,19.6623024030088,0.0166222673498864,0.173264273429569,84.5200476044434,3.00000000061118,15.3284344755669
738,NonStim,0,4,0.3636,NaN,2,0.349866666666912,0.389866666666876,NaN,41.0000000083528,0.599456801391066,0.439290649269423,0.519373725330244,70.8433567248848,54.9775788503117,70.8433567248848,-0.069813485511643,-0.514458759309593,262.272010128081,1.00000000020373,3.21576642460553
738,NonStim,0,4,0.3636,NaN,3,0.534866666666858,0.559866666666949,NaN,26.0000000052969,0.299801571518713,0.20107313487139,0.250437353195052,32.901326626128,32.7149416772933,32.901326626128,-0.08111663239132,0.233905073814034,109.126185720557,-2.00000000040745,17.7034071265496
738,NonStim,0,4,0.3636,NaN,4,0.914866666666967,0.95986666666704,NaN,46.0000000093714,0.148743644499933,0.0726674548360072,0.11070554966797,15.6704904879031,12.0233270410342,15.6704904879031,-0.0864357682479591,-0.0666402874106506,217.63152067279,-18.0000000036671,20.5423176516338
739,Stim,1,2,-1,-0.0558666666670433,1,0.0680999999999585,0.0810999999998785,0.123966666667002,14.0000000028522,0.193831961589724,0.140102098571547,0.166967030080635,15.9588201722821,14.6430750610735,15.9588201722821,0.0339094115681848,0.161935523019634,78.1731119861946,0,15.6758257362451
739,Stim,1,2,-1,-0.0558666666670433,2,0.530099999999948,0.543099999999868,0.585966666666991,14.0000000028522,0.220737307103505,0.117121282815357,0.168929294959431,22.1969936270308,12.5712741890634,22.1969936270308,-0.101728239807512,-0.130614913188076,232.087081885083,1.00000000020373,24.1159060005238
739,Stim,1,2,-1,-0.0558666666670433,3,0.547099999999773,0.562099999999646,0.602966666666816,16.0000000032596,0.14936885914616,0.125987349182842,0.137678104164501,14.7783922091218,11.142027369319,14.7783922091218,-0.0265955521438066,0.134613287047957,101.175998393086,-2.00000000040745,9.43176605424719
741,Stim,1,1,0.6363,-0.0519000000003871,1,0.263866666666672,0.284866666666403,0.315766666667059,22.000000004482,0.00188273338859983,0.0414201412573695,0.0216514373229847,4.44267738738139,5.82952923343723,5.82952923343723,0.0139627004768547,-0.0139944507087277,314.934930655462,-7.00000000142609,179.99997364154
741,Stim,1,1,0.6363,-0.0519000000003871,2,0.453866666666272,0.478866666666363,0.505766666666659,26.0000000052969,0.0697734910066188,0.152888082562265,0.111330786784442,11.6707147396673,11.926739995798,11.926739995798,-0.0751326362856565,0.0806344086249175,132.977124451659,-7.00000000142609,17.5307015659983
741,Stim,1,1,0.6363,-0.0519000000003871,3,0.760866666666516,0.788866666666308,0.812766666666903,29.0000000059081,0.137088976221514,0.146993630384935,0.142041303303224,27.5511165696897,31.1220888033508,31.1220888033508,-0.132978065380301,-0.0479807633725533,199.840311972861,1.00000000020373,11.1567052563146
745,NonStim,0,3,1,NaN,1,0.42106666666632,0.443066666666255,NaN,23.0000000046857,0.245586996489637,0.290979170862914,0.268283083676276,17.2030667290177,19.6653860719925,19.6653860719925,-0.236700628833223,0.124617203143557,152.234271131379,0,8.78503958801235
745,NonStim,0,3,1,NaN,2,0.58906666666644,0.608066666666218,NaN,20.0000000040745,0.138115264512807,0.151204964379436,0.144660114446122,20.0677824368467,20.6480761258417,20.6480761258417,0.132978001054555,0.0546446671191122,22.3392374623833,-2.00000000040745,12.7472236285451
746,NonStim,0,2,-0.1818,NaN,1,0.0144666666665216,0.0294666666668491,NaN,16.0000000032596,0.215108636038792,0.165225592820798,0.190167114429795,19.5834736617193,14.597714461744,19.5834736617193,-0.0904251139787768,-0.16726700962754,241.604193482494,0,1.78027461465587
747,Stim,1,3,0.1818,-0.0643333333332521,1,0.314899999999852,0.333900000000085,0.379233333333104,20.0000000040745,0.502707442301783,0.653016321347882,0.577861881824833,41.7161541078473,49.788677182392,49.788677182392,-0.0126329246657853,0.577083988643746,91.2540595358323,0,5.43837751951878
747,Stim,1,3,0.1818,-0.0643333333332521,2,0.472899999999754,0.489900000000034,0.537233333333006,18.0000000036671,0.483807627271683,0.604669549281083,0.544238588276383,43.7206528254535,54.903181646245,54.903181646245,-0.0172871563020896,-0.543780385367356,268.179140607637,-1.00000000020373,2.99421019929434
747,Stim,1,3,0.1818,-0.0643333333332521,3,0.722899999999754,0.73889999999983,0.787233333333006,17.0000000034634,0.278116208822029,0.274776808004636,0.276446508413333,24.6578952939742,26.2876271547248,26.2876271547248,-0.0651592687902356,0.268559900405002,103.637842921788,1.00000000020373,3.0044720634279
748,NonStim,0,4,0.0909,NaN,1,0.330266666666375,0.354266666666717,NaN,25.0000000050932,0.218337042281069,0.307162906151238,0.262749974216154,21.6509699911788,26.1394073967285,26.1394073967285,-0.0771272987903142,-0.249900535355635,252.848100772301,0,11.2002597052246
748,NonStim,0,4,0.0909,NaN,2,0.59326666666675,0.63226666666651,NaN,40.0000000081491,0.195477370463361,0.190556035450722,0.193016702957041,17.7828122161086,20.1760912650414,20.1760912650414,-0.178855213534269,0.0499800910144182,164.387276081481,1.00000000020373,31.6393718962078
748,NonStim,0,4,0.0909,NaN,3,0.735266666666575,0.762266666666619,NaN,28.0000000057044,0.0244754494546701,0.0319145142269448,0.0281949818408075,6.16841179485433,6.06491643622161,6.16841179485433,0.00731373694721484,0.00866322489824242,49.828006354976,-8.00000000162981,134.934765463574
749,NonStim,0,3,-0.3636,NaN,1,0.367000000000189,0.394000000000233,NaN,28.0000000057044,0.160602929606241,0.133007004842421,0.146804967224331,17.4792010685002,12.6111257178455,17.4792010685002,0.045212554952198,-0.137278117151791,288.229301244797,0,20.2822854543597
749,NonStim,0,3,-0.3636,NaN,2,0.501000000000204,0.51299999999992,NaN,13.0000000026484,0.228678625528307,0.272313326039195,0.250495975783751,26.5152458139944,30.8204886124584,30.8204886124584,-0.121010035447747,0.219246197498811,118.895920267765,-1.00000000020373,2.75204399552544
750,NonStim,0,4,-1,NaN,1,0.0813999999995758,0.100399999999354,NaN,20.0000000040745,0.00531912531019454,0.0101467753348289,0.00773295032251173,5.97928047361066,5.59301950458454,5.97928047361066,0.00465423454066922,-0.00466482009222028,314.934917522138,-6.00000000122236,66.8485019234867
750,NonStim,0,4,-1,NaN,2,0.375399999999445,0.420399999999518,NaN,46.0000000093714,0.188273299430608,0.251817322565645,0.220045310998127,26.6790548637522,18.0097252394745,26.6790548637522,-0.160903371568447,0.149940409194908,137.019893181576,1.00000000020373,3.64364599649417
750,NonStim,0,4,-1,NaN,3,0.509399999999459,0.532399999999598,NaN,24.0000000048894,0.190397859482858,0.170949727711932,0.180673793597395,22.4453779684667,27.0221095582022,27.0221095582022,-0.0272604619837032,-0.178595485741829,261.321470265024,-3.00000000061118,1.19497476001271
750,NonStim,0,4,-1,NaN,4,0.52639999999974,0.56039999999939,NaN,35.0000000071304,0.180765181585315,0.164709691135441,0.172737436360378,23.325109353819,18.8266478308213,23.325109353819,0.0219413432244167,-0.171265014016104,277.30058881486,8.00000000162981,3.32724421142893
750,NonStim,0,4,-1,NaN,5,0.772399999999379,0.825399999999718,NaN,54.0000000110012,0.141204744556494,0.196250265176454,0.168727504866474,13.8366110393982,20.4644294516409,20.4644294516409,-0.101728008347566,0.133280417999551,127.353153588888,-3.00000000061118,13.0292294068787
752,Stim,1,4,0.3636,-0.0483333333336304,1,0.241799999999785,0.266799999999876,0.290133333333415,26.0000000052969,0,0.0216489462580092,0.0108244731290046,5.71035065490992,5.32376148213422,5.71035065490992,-0.0106382508157521,0.00199920936914867,169.356739160901,-8.00000000162981,169.356739160901
752,Stim,1,4,0.3636,-0.0483333333336304,2,0.451799999999821,0.46979999999985,0.500133333333451,19.0000000038708,0.00132978064138516,0.0146275924275023,0.00797868653444374,5.55335947239507,6.28282811309119,6.28282811309119,0.00664890589305858,0,0,-3.00000000061118,180
752,Stim,1,4,0.3636,-0.0483333333336304,3,0.693799999999555,0.718799999999646,0.742133333333186,26.0000000052969,0.164585541682423,0.192699224097268,0.178642382889846,16.7281681665906,16.6967884718898,16.7281681665906,-0.00132977867827266,0.177928237649357,90.4282023384204,0,10.2458615425192
752,Stim,1,4,0.3636,-0.0483333333336304,4,0.741799999999785,0.764799999999923,0.790133333333415,24.0000000048894,0.00132978130611199,0.0143937894735458,0.00786178538982889,5.72818113502668,5.75981316289629,5.75981316289629,0.00531911877466463,0.0039983652936094,36.9320724899372,-6.00000000122236,146.250145463739
752,Stim,1,4,0.3636,-0.0483333333336304,5,0.77579999999989,0.866799999999785,0.824133333333521,92.0000000187429,0.209912938601963,0.218873778067164,0.214393358334564,25.3417547181048,21.1847097882973,25.3417547181048,-0.0631645701479679,-0.203251856758586,252.736325240037,39.0000000079453,13.8033691592954
754,NonStim,0,2,-0.6363,NaN,1,0.449666666666417,0.470666666666602,NaN,22.000000004482,0.172806418827836,0.222744537504205,0.19777547816602,28.0535086239444,27.4199929775659,28.0535086239444,-0.0990686699377189,0.17059851043858,120.144266469583,1.00000000020373,8.19836305931375
755,NonStim,0,1,0.0909,NaN,1,0.533300000000054,0.574299999999766,NaN,42.0000000085565,0.427385674876383,0.506570370701686,0.466978022789035,35.0287381627763,30.2811626292919,35.0287381627763,-0.259970128752032,0.379181126925933,124.434899912944,15.0000000030559,20.27271597035
755,NonStim,0,1,0.0909,NaN,2,0.678300000000036,0.699299999999766,NaN,22.000000004482,0.460754000171731,0.402059859566761,0.431406929869246,38.2414263544963,30.1236580446451,38.2414263544963,0.235369902057147,-0.361188233359109,303.090453552193,-1.00000000020373,4.26088608899352
756,NonStim,0,1,-0.3636,NaN,1,0.363100000000031,0.393100000000231,NaN,31.0000000063155,0.0149001445513003,0.0375376910460172,0.0262189177986588,6.25628169002493,5.56377649249088,6.25628169002493,0.00997335835946399,-0.023990509902287,292.573681107296,-17.0000000034634,17.1392181753151
758,NonStim,0,2,0.6363,NaN,1,0.587866666666741,0.604866666667021,NaN,18.0000000036671,0.178100240335517,0.168862260609413,0.173481250472465,16.8564889180155,15.2336725866456,16.8564889180155,-0.138297113909603,-0.103291965759782,216.755482164072,-2.00000000040745,11.4721790039946
761,Stim,1,3,-0.0909,-0.0521333333331313,1,0.583799999999883,0.595800000000054,0.635933333333014,13.0000000026484,0.16927139707971,0.222899864852619,0.196085630966165,18.6592809348988,23.1096171429137,23.1096171429137,-0.00531912418275579,-0.195922255284725,268.444849866422,0,3.52794266538962
762,NonStim,0,3,-0.6363,NaN,1,0.398766666666688,0.432766666666339,NaN,35.0000000071304,0.151021500043638,0.05868571787343,0.104853608958534,14.3397329916485,22.7534360511224,22.7534360511224,0.0212764301828568,-0.0759698475336528,285.64565429878,-16.0000000032596,94.3844340508091
762,NonStim,0,3,-0.6363,NaN,2,0.673766666666324,0.699766666666619,NaN,27.0000000055006,0.45867256607937,0.238631219832312,0.348651892955841,51.3123202225579,39.7618838791265,51.3123202225579,-0.00398933663026996,-0.348525845819335,269.34420309675,-1.00000000020373,2.93858453430136
763,Stim,1,3,0.0909,-0.0637000000006083,1,0.197699999999713,0.220699999999397,0.261400000000322,24.0000000048894,0.185046196103141,0.137364147319271,0.161205171711206,15.399832328988,10.9878140083173,15.399832328988,-0.0352392063704924,-0.157271036395392,257.370522665888,0,2.39769150097163
763,Stim,1,3,0.0909,-0.0637000000006083,2,0.469699999999648,0.483699999999772,0.533400000000256,15.0000000030559,0.0797488361566698,0.134687063113745,0.107217949635208,10.9662947472537,13.6194134693742,13.6194134693742,-0.0844410800059923,0.0646410651805704,142.565337088031,-1.00000000020373,15.1610564989285
764,NonStim,0,4,-0.6363,NaN,1,0.0176000000001295,0.0336000000002059,NaN,17.0000000034634,0.132756278498082,0.140302362479227,0.136529320488655,10.8348776872846,12.5515648448485,12.5515648448485,-0.11303123927051,0.0719715226684017,147.513457694564,0,22.1008936430306
764,NonStim,0,4,-0.6363,NaN,2,0.336600000000089,0.370600000000195,NaN,35.0000000071304,0.25926563296202,0.330330164004944,0.294797898483482,19.9330814748265,24.9941866837621,24.9941866837621,-0.245344267042543,0.162602184651347,146.46552907092,-2.00000000040745,6.46750415662473
764,NonStim,0,4,-0.6363,NaN,3,0.510600000000068,0.529599999999846,NaN,20.0000000040745,0.161534742305122,0.0950848588600603,0.128309800582591,19.2982553263986,18.0828059056806,19.2982553263986,0.0671539126894545,-0.1072908471263,302.042668800352,-6.00000000122236,19.54313049632
767,NonStim,0,3,0.0909,NaN,1,0.362733333333381,0.381733333333614,NaN,20.0000000040745,0.133001821310393,0.145010893303655,0.139006357307024,16.6944288767463,17.0601136877017,17.0601136877017,-0.116355825375549,0.0686395080165282,149.463204670017,3.00000000061118,27.2819035869747
767,NonStim,0,3,0.0909,NaN,2,0.881733333333614,0.904733333333752,NaN,24.0000000048894,0.487794826629753,0.469556601584044,0.478675714106899,37.0868549551244,39.7911466320012,39.7911466320012,-0.200796234223955,-0.434487104353275,245.19619596048,0,1.3601430388361
769,NonStim,0,2,0.0909,NaN,1,0.485033333333377,0.518033333333278,NaN,34.0000000069267,0.182725316818965,0.176064689915331,0.179395003367148,20.4600949703555,19.144419529881,20.4600949703555,-0.123669585494436,-0.129948533186824,226.418209901816,21.0000000042783,0.852275125039199
770,NonStim,0,3,0.1818,NaN,1,0.479599999999664,0.500599999999849,NaN,22.000000004482,0.088018140169818,0.0757096519536423,0.0818638960617302,18.4275064960016,17.2790549312356,18.4275064960016,-0.0797868141916238,0.0153272713661713,169.125793508672,0,14.1319219713052
773,NonStim,0,1,0.1818,NaN,1,0.370133333332888,0.393133333333026,NaN,24.0000000048894,0.230222119653484,0.301361335418119,0.265791727535801,20.3614664859762,24.2563899172513,24.2563899172513,-0.24534402406428,-0.0912969824348167,200.411151105749,-2.00000000040745,20.1172538887802
773,NonStim,0,1,0.1818,NaN,2,0.395133333332979,0.409133333333102,NaN,15.0000000030559,0.0988499168419563,0.11489247144518,0.106871194143568,11.1504893456047,8.80983643600268,11.1504893456047,0.0671535386025437,0.0826337157806716,50.9004428848348,-1.00000000020373,9.83912665436262
773,NonStim,0,1,0.1818,NaN,3,0.672133333333022,0.693133333332753,NaN,22.000000004482,0.168718940470298,0.143838787305899,0.156278863888099,14.68159746296,16.8160445490117,16.8160445490117,-0.0365688667467287,-0.151939524863995,256.467411150532,-4.00000000081491,0.31386941939536
775,NonStim,0,1,-0.4545,NaN,1,0.0306333333337534,0.0456333333336261,NaN,16.0000000032596,0.0332445336881679,0.0334260672327922,0.0333353004604801,3.10282330524211,5.55334945557449,5.55334945557449,0.017952048167602,0.0166600472476644,42.8622546414473,-4.00000000081491,85.4364073544875
775,NonStim,0,1,-0.4545,NaN,2,0.133633333333364,0.171633333333375,NaN,39.0000000079453,0.0266892646825588,0,0.0133446323412794,5.33122306252357,5.33122153300266,5.33122306252357,-0.000664890597477321,0.0133280581037639,92.8559201661469,17.0000000034634,92.8559201661469
775,NonStim,0,1,-0.4545,NaN,3,0.244633333333695,0.261633333333521,NaN,18.0000000036671,0.0425758280934054,0.0333201553554859,0.0379479917244457,7.10547456083152,5.55335929843552,7.10547456083152,0.00731379743790006,0.0366521674008602,78.7150754435404,6.00000000122236,20.0942663254791
775,NonStim,0,1,-0.4545,NaN,4,0.320633333333717,0.360633333333681,NaN,41.0000000083528,0.235789054589818,0.168924558427165,0.202356806508491,36.5810763675574,30.2912799299283,36.5810763675574,0.031249836143541,-0.199920392784514,278.884093142955,6.00000000122236,1.08358529391205
775,NonStim,0,1,-0.4545,NaN,5,0.374633333333804,0.415633333333517,NaN,42.0000000085565,0.0279253602422395,0.0292193191138327,0.0285723396780361,6.15729295626189,4.4250477906646,6.15729295626189,0.0199466758992189,0.0133279385839179,33.749991759864,25.0000000050932,65.8208093041317
775,NonStim,0,1,-0.4545,NaN,6,0.421633333333375,0.463633333333746,NaN,43.0000000087603,0.0333197341266184,0,0.0166598670633092,4.66476502109234,5.55330651986304,5.55330651986304,0,-0.0166598670633092,270,-16.0000000032596,90
775,NonStim,0,1,-0.4545,NaN,7,0.512633333333724,0.544633333333422,NaN,33.000000006723,0.0306540232650067,0.034261663418081,0.0324578433415438,5.66275041901994,5.71027816132924,5.71027816132924,0.0039893300427242,-0.0319868627979155,277.109093713747,-3.00000000061118,13.4663517134059
775,NonStim,0,1,-0.4545,NaN,8,0.546633333333375,0.589633333333495,NaN,44.000000008964,0.192603104122151,0.252083697436489,0.22234340077932,31.7000063871621,40.2602934700187,40.2602934700187,-0.187498958199497,0.1192849734264,147.535886911899,4.00000000081491,3.74446635608879
775,NonStim,0,1,-0.4545,NaN,9,0.591633333333448,0.614633333333586,NaN,24.0000000048894,0.0066639854015568,0.0604401786217128,0.0335520820116348,5.55332815397575,5.69214839946293,5.69214839946293,0.0073137777354206,0.0326536988788473,77.3752505140601,-3.00000000061118,14.0056206174559
775,NonStim,0,1,-0.4545,NaN,10,0.687633333333451,0.703633333333528,NaN,17.0000000034634,0.0333200467618652,0.0395337976865521,0.0364269222242086,5.55334161625876,5.66284331084939,5.66284331084939,0.0106382377136384,0.0333201010586755,72.293075814793,5.00000000101863,32.5601322637902
775,NonStim,0,1,-0.4545,NaN,11,0.737633333333633,0.759633333333568,NaN,23.0000000046857,0.0333466306230169,0.0418162050321808,0.0375814178275988,5.59301194794333,6.06492409901404,6.06492409901404,0.0132978084173141,0.0333201289396784,68.2434362310775,10.0000000020373,34.8867112981402
776,Stim,1,1,-1,-0.0554999999999382,1,0.00279999999975189,0.0277999999998428,0.05829999999969,26.0000000052969,0.0320977231683911,0.00235341854610494,0.017225570857248,3.11776874707777,2.6656121342232,3.11776874707777,-0.000498667625468249,-0.0168266787703071,268.302505761803,-12.0000000024447,49.6877931864933
776,Stim,1,1,-1,-0.0554999999999382,2,0.342799999999897,0.362799999999879,0.398299999999836,21.0000000042783,0.0159573753185673,0.0265955788918509,0.0212764771052091,6.12125319246684,5.54074503740484,6.12125319246684,-0.00531910178664177,3.46944695195361e-18,180,-1.00000000020373,180
776,Stim,1,1,-1,-0.0554999999999382,3,0.434799999999996,0.488800000000083,0.490299999999934,55.000000011205,0.0173206385734251,0.105343244332227,0.061331941452826,23.1539209666063,18.9863172076003,23.1539209666063,-0.0199466864907786,0.0579768281638504,108.985565500805,-2.00000000040745,4.17774644945408
777,Stim,1,3,-0.3636,-0.0720666666670695,1,0.382633333332706,0.399633333332986,0.454699999999775,18.0000000036671,0.123302969778382,0.215449914046577,0.169376441912479,16.2867879356395,22.5428138966832,22.5428138966832,-0.104387728853295,0.128615594225324,129.063673807411,4.00000000081491,25.0521508527262
778,NonStim,0,4,1,NaN,1,0.390266666666776,0.417266666666819,NaN,28.0000000057044,0.144050354143467,0.326972287893288,0.235511321018377,11.3906248912847,16.9431045956097,16.9431045956097,-0.117020650092873,-0.199920174560953,239.657987782279,1.00000000020373,22.5699475099323
778,NonStim,0,4,1,NaN,2,0.553266666666786,0.573266666666768,NaN,21.0000000042783,0.193394766092397,0.125963919135863,0.15967934261413,14.5607478764662,10.8391313924179,14.5607478764662,-0.117685467220491,-0.105290876689916,221.818372639627,-3.00000000061118,17.4641319051811
780,NonStim,0,3,0.6363,NaN,1,0.410566666666909,0.434566666666797,NaN,25.0000000050932,0.250339963236376,0.207804556161681,0.229072259699029,27.5485722033666,26.126109908043,27.5485722033666,-0.127658887367234,-0.176596445155607,234.137405330909,-1.00000000020373,36.0874727915518
782,Stim,1,4,-0.0909,-0.0556000000001404,1,0.0826999999999316,0.10169999999971,0.138300000000072,20.0000000040745,0,0.00297889307545892,0.00148944653772946,4.6648185242298,5.32376150126131,5.32376150126131,-0.000664890711122779,0.00133280581144326,116.513021581653,-5.00000000101863,116.513021581653
782,Stim,1,4,-0.0909,-0.0556000000001404,2,0.265699999999924,0.287699999999859,0.321300000000065,23.0000000046857,0.0335580611418195,0.00930846528372008,0.0214332632127698,6.15734934463219,2.78188818241191,6.15734934463219,-0.00664890303394572,-0.0166600467264189,248.24341870866,6.00000000122236,83.1726027881213
782,Stim,1,4,-0.0909,-0.0556000000001404,3,0.290700000000015,0.33869999999979,0.346300000000156,49.0000000099826,0.119948768353904,0.298483714160688,0.209216241257296,17.1458400426974,23.9730131884525,23.9730131884525,-0.117020701342104,0.0999596066283733,139.495899212335,-9.00000000183354,97.0085845033221
782,Stim,1,4,-0.0909,-0.0556000000001404,4,0.348700000000008,0.377700000000004,0.404300000000148,30.0000000061118,0.0287095121821486,0.0372849100786524,0.0329972111304005,6.83773303821187,4.66994945244187,6.83773303821187,0.00132978498499396,-0.00733013101902921,280.282402258829,17.0000000034634,158.537076289658
782,Stim,1,4,-0.0909,-0.0556000000001404,5,0.451700000000073,0.510699999999815,0.507300000000214,60.0000000122236,0.219847487637522,0.33485234857177,0.277349918104646,20.1324201803461,31.6059740717812,31.6059740717812,0.0651592612789009,-0.265226521344908,283.802725792507,11.000000002241,20.5051370770624
782,Stim,1,4,-0.0909,-0.0556000000001404,6,0.65769999999975,0.697699999999713,0.71329999999989,41.0000000083528,0.0744677467301064,0.179525705538637,0.126996726134372,14.3502502150712,18.9662801997549,18.9662801997549,-0.0871006596083346,0.0746369437145791,139.406580370569,4.00000000081491,56.2521362596964
782,Stim,1,4,-0.0909,-0.0556000000001404,7,0.683700000000044,0.712700000000041,0.739300000000185,30.0000000061118,0.0333201267902192,0.0653071771367495,0.0493136519634844,5.62366978001572,9.58923189862374,9.58923189862374,3.46944695195361e-18,-0.0159935251732651,270,-18.0000000036671,180
785,Stim,1,1,-0.0909,-0.0559666666667908,1,0.0933333333332484,0.110333333333074,0.149300000000039,18.0000000036671,0.0226576174663752,0.00531912572180115,0.0139883715940882,4.88693743858292,4.85064257710493,4.88693743858292,0.00265956286090058,-0.0113288087331876,283.211575355167,6.00000000122236,90
785,Stim,1,1,-0.0909,-0.0559666666667908,2,0.193333333333157,0.218333333333248,0.249299999999948,26.0000000052969,0.0337418262180736,0.00132978143045029,0.0175358038242619,5.99349839872575,5.9006918898771,5.99349839872575,0.00332445350623266,0.0166599650327772,78.7150017319261,2.00000000040745,80.9299499455026
785,Stim,1,1,-0.0909,-0.0559666666667908,3,0.326333333333423,0.398333333333085,0.382300000000214,73.0000000148721,0.433681289158586,0.400813983379777,0.417247636269181,46.975788144436,39.1779503825824,46.975788144436,0.00332445687425999,-0.416499527094135,270.457319374174,11.000000002241,6.80720501818593
785,Stim,1,1,-0.0909,-0.0559666666667908,4,0.545333333333019,0.581333333333077,0.60129999999981,37.0000000075379,0.404694963642366,0.379499979942846,0.392097471792606,38.1052207760543,33.6591862655312,38.1052207760543,-0.0804517431159382,0.383179872338306,101.857483410771,2.00000000040745,6.14432521994425
785,Stim,1,1,-0.0909,-0.0559666666667908,5,0.815333333333456,0.852333333333263,0.871300000000247,38.0000000077416,0.099960037092634,0.038856389963402,0.069408213528018,10.8845423995417,7.46277406115517,10.8845423995417,-0.00199467159759792,-0.030654490210338,266.277042143169,3.00000000061118,174.107120981915
785,Stim,1,1,-0.0909,-0.0559666666667908,6,0.918333333333067,0.944333333333361,0.974299999999857,27.0000000055006,0.0333198177180084,0.0345288110995684,0.0339243144087884,5.33116970709209,5.61154631791132,5.61154631791132,0.0166222663925136,0.0213246659763396,52.064104205162,3.00000000061118,74.3241255337827
786,NonStim,0,4,0.1818,NaN,1,0.446366666666563,0.478366666666261,NaN,33.000000006723,0.141773845648737,0.133307079818088,0.137540462733413,14.4338896179252,11.5128755069745,14.4338896179252,-0.024600952354822,-0.132614153823153,259.490655595122,-3.00000000061118,22.600246511499
787,NonStim,0,1,-0.1818,NaN,1,0.360166666666828,0.390166666666573,NaN,31.0000000063155,0.283329909093036,0.166358777123375,0.224844343108206,28.1870628231428,37.1634603149748,37.1634603149748,-0.0957441947031798,0.188591500740278,116.916008829256,-3.00000000061118,41.1497199481995
787,NonStim,0,1,-0.1818,NaN,2,0.628166666666857,0.651166666666995,NaN,24.0000000048894,0.262579238546882,0.206584666364845,0.234581952455864,26.3107593477846,21.7792839208588,26.3107593477846,-0.0132978139557539,-0.233906774470372,266.746185013295,-3.00000000061118,5.8132348350743
787,NonStim,0,1,-0.1818,NaN,3,0.901166666666995,0.960166666666737,NaN,60.0000000122236,0.199340698289299,0.184080350624528,0.191710524456914,14.4998322059322,13.520991197701,14.4998322059322,-0.0678188254893675,0.179262192379785,110.722731542644,-5.00000000101863,2.58003942983922
788,Stim,1,1,0.0909,-0.0511666666666315,1,0.0353333333332557,0.058333333333394,0.0864999999998872,24.0000000048894,0.120840852907202,0.121914727592238,0.12137779024972,9.72879146839013,9.72879055396611,9.72879146839013,-0.0950793423077773,-0.0753035228167727,218.379477108666,-9.00000000183354,4.41581269438777
788,Stim,1,1,0.0909,-0.0511666666666315,2,0.458333333333485,0.493333333333339,0.509500000000116,36.0000000073342,0.196947235538671,0.165619581834632,0.181283408686652,25.1343723565863,28.4296992957342,28.4296992957342,-0.147605643686693,-0.0559777964597872,200.768674125807,-3.00000000061118,59.1368460297468
789,Stim,1,1,-0.6363,-0.0537333333336392,1,0.404233333333195,0.529233333333195,0.457966666666834,126.00000002567,0.281244197565098,0.314140919318953,0.297692558442026,31.0941851759335,34.1138844646344,34.1138844646344,-0.157578970965717,0.252566271918646,121.960508481667,-1.00000000020373,0.0287213799053063
789,Stim,1,1,-0.6363,-0.0537333333336392,2,0.567233333333206,0.628233333333355,0.620966666666845,62.0000000126311,0.298499916280307,0.142542216131545,0.220521066205926,23.3240458227767,15.3271868105796,23.3240458227767,-0.0478720258888814,-0.21524741421014,257.461232191632,-15.0000000030559,1.40108227183327
791,Stim,1,2,0.6363,-0.0653999999999542,1,0.265933333333123,0.283933333333152,0.331333333333077,19.0000000038708,0.174339649809028,0.215585089202025,0.194962369505526,21.6958871530542,22.9180293847553,22.9180293847553,-0.141621634752359,0.133946957229017,136.595294263793,-4.00000000081491,2.034889294712
792,NonStim,0,3,-0.4545,NaN,1,0.255299999999806,0.280299999999897,NaN,26.0000000052969,0.532852186257306,0.528461588786018,0.530656887521662,34.0460137201349,33.1453764406788,34.0460137201349,-0.0691486076737761,0.525786723690848,97.49223105951,2.00000000040745,4.11815116587971
792,NonStim,0,3,-0.4545,NaN,2,0.426300000000083,0.444300000000112,NaN,19.0000000038708,0.391863407228291,0.391018996478238,0.391441201853265,36.8232257405714,40.4775068792844,40.4775068792844,-0.011968021450127,-0.391176501831957,268.247585732163,3.00000000061118,2.34074025704433
793,Stim,1,3,-0.6363,-0.0634333333332506,1,0.272266666666383,0.294266666666772,0.335699999999633,23.0000000046857,0.673342756647471,0.569713850680855,0.621528303664163,44.2307726081931,38.996565298684,44.2307726081931,-0.00332445335988166,-0.621069992288952,269.693311011797,2.00000000040745,4.37322428805749
793,Stim,1,3,-0.6363,-0.0634333333332506,2,0.372266666666746,0.393266666666477,0.435699999999997,22.000000004482,0.27927856329431,0.326367183236453,0.302822873265381,21.4392083997026,21.7015898999877,21.7015898999877,-0.0777921646251842,0.292545163698798,104.891204759461,-1.00000000020373,3.11645242938317
794,NonStim,0,3,0.4545,NaN,1,0.427633333333688,0.453633333333528,NaN,27.0000000055006,0.125754334223912,0.18828689266296,0.157020613443436,15.5395200865363,16.9257493041346,16.9257493041346,-0.120345145222476,0.0986274231029763,140.66407791107,4.00000000081491,15.7617637141198
794,NonStim,0,3,0.4545,NaN,2,0.68463333333375,0.708633333333637,NaN,25.0000000050932,0.44515374881731,0.419903877652069,0.43252881323469,31.6207775959037,29.1071781797079,31.6207775959037,-0.0239360614312154,-0.431159907215336,266.82245736069,1.00000000020373,6.5463731434993
796,Stim,1,1,-0.4545,-0.0579999999999927,1,0.00599999999985812,0.0259999999998399,0.0639999999998508,21.0000000042783,0.0409968529301164,0.00531911920474874,0.0231579860674326,5.75480685664788,6.52820875523662,6.52820875523662,-0.0139627057267336,-0.0119952400089425,220.665590832267,5.00000000101863,144.184393411987
796,Stim,1,1,-0.4545,-0.0579999999999927,2,0.62099999999964,0.645999999999731,0.678999999999633,26.0000000052969,0.557635807116648,0.523304939720788,0.540470373418718,50.6804990598602,41.6052739597629,50.6804990598602,-0.181514980292051,-0.508453578448109,250.353730033066,-3.00000000061118,5.34950653128581
796,Stim,1,1,-0.4545,-0.0579999999999927,3,0.717999999999847,0.742999999999938,0.77599999999984,26.0000000052969,0.371365522284367,0.344902086161826,0.358133804223096,24.8794661557615,28.2840585335035,28.2840585335035,-0.0744674404697538,0.349854313094797,102.016233874316,1.00000000020373,5.69755493435423
798,NonStim,0,4,0.4545,NaN,1,0.521666666666988,0.537666666667064,NaN,17.0000000034634,0.597538548802006,0.57864353818852,0.588091043495263,61.466875413027,58.5149626904775,61.466875413027,-0.129653609359079,-0.573091590932017,257.252261499817,-5.00000000101863,4.80288144342279
799,NonStim,0,1,-0.0909,NaN,1,0.098166666666657,0.141166666666777,NaN,44.000000008964,0.111478532412305,0.0780775800914457,0.0947780562518752,22.0727504617951,11.0264352243618,22.0727504617951,0.0890953301053579,0.00133287421202771,0.857086117511162,17.0000000034634,40.5084205237793
799,NonStim,0,1,-0.0909,NaN,2,0.41916666666657,0.468166666666548,NaN,50.0000000101863,0.0941366675354806,0.141213241179217,0.117674954357349,14.465922463713,20.536024215997,20.536024215997,-0.0837761171280899,0.0159936218926643,169.191769368598,2.00000000040745,89.3663075209627
799,NonStim,0,1,-0.0909,NaN,3,0.482166666666672,0.512166666666872,NaN,31.0000000063155,6.93889390390723e-18,0.0292551876799117,0.0146275938399558,5.55335451363033,6.83773802713041,6.83773802713041,0.0146275938399558,3.46944695195361e-18,1.3589703799984e-14,17.0000000034634,90
799,NonStim,0,1,-0.0909,NaN,4,0.709166666666533,0.767166666666526,NaN,59.0000000120199,0.074370856759259,0.113231292382093,0.093801074570676,26.2716715435447,28.3732393919807,28.3732393919807,-0.0598401427217106,0.0666401144791126,131.922563603703,12.0000000024447,35.3642699707175
800,Stim,1,1,0.3636,-0.0509666666666817,1,0.204733333333479,0.244733333333443,0.255700000000161,41.0000000083528,0.455696955089819,0.40120731177322,0.42845213343152,42.2523849078155,45.5419006201843,45.5419006201843,0.019281824801424,-0.42782737066303,272.580526998298,-1.00000000020373,3.42398570123601
800,Stim,1,1,0.3636,-0.0509666666666817,2,0.469733333333352,0.497733333333599,0.520700000000033,29.0000000059081,0.214304630382082,0.234277315101106,0.224290972741594,18.9280970140741,22.0328147678628,22.0328147678628,-0.0325796385550245,0.221910738183079,98.3521641806608,6.00000000122236,0.40652881510681
803,Stim,1,2,0.0909,-0.0603333333328919,1,0.608566666666775,0.633566666666866,0.668899999999667,26.0000000052969,0.251073964514891,0.234877874048621,0.242975919281756,17.195861042277,16.975024846844,17.195861042277,-0.0265956239705666,-0.241237105631778,263.708729161599,-2.00000000040745,5.47728617256826
803,Stim,1,2,0.0909,-0.0603333333328919,2,0.633566666666866,0.647566666666989,0.693899999999758,15.0000000030559,0.118037312663818,0.101184908478761,0.109611110571289,13.2816094836551,12.2136472524331,13.2816094836551,-0.00465423402108752,0.107956579633541,92.4686122589279,2.00000000040745,19.378261171384
804,NonStim,0,1,0.6363,NaN,1,0.358266666667078,0.380266666667012,NaN,23.0000000046857,0.379843940070492,0.294163470227506,0.337003705148999,33.4452727641852,23.8777548924698,33.4452727641852,-0.0831113148997685,-0.326533839536925,255.719957224932,-2.00000000040745,2.15897772940511
804,NonStim,0,1,0.6363,NaN,2,0.383266666666714,0.39926666666679,NaN,17.0000000034634,0.254561294403481,0.201246484750099,0.22790388957679,25.3228656806101,22.4781373234848,25.3228656806101,-0.0199467045967301,0.225907042663598,95.0459064881661,1.00000000020373,11.4335658233804
804,NonStim,0,1,0.6363,NaN,3,0.563266666667005,0.587266666666892,NaN,25.0000000050932,0.103966673932563,0.0585103555326264,0.0812385147325945,12.8836969996759,14.4007033504064,14.4007033504064,-0.0285902889128732,0.0519790846876176,118.812310545551,-13.0000000026484,90.7328572220906
805,Stim,1,4,-0.1818,-0.0482666666666773,1,0.288500000000113,0.328500000000076,0.33676666666679,41.0000000083528,0.0335581035453166,0.0461387408114698,0.0398484221783932,17.2101774974414,17.5703038560975,17.5703038560975,-0.0179520459348501,-0.0333201420721996,241.685341056786,0,36.9384334787199
805,Stim,1,4,-0.1818,-0.0482666666666773,2,0.45049999999992,0.497499999999945,0.498766666666597,48.0000000097789,0.280135508105442,0.0732894987240977,0.17671250341477,23.8353623013527,15.1005733363665,23.8353623013527,-0.124334389469749,-0.115953882898197,223.002511306734,1.00000000020373,39.3116586235411
806,Stim,1,1,1,-0.05026666666663,1,0.363733333333585,0.42373333333353,0.414000000000215,61.0000000124273,0.00133280189582557,0.0866922591756525,0.044012530535739,18.5790414691486,21.211377445534,21.211377445534,-0.0432178754739658,0.00399839581006568,174.714203121284,-26.0000000052969,85.5913536535159
806,Stim,1,1,1,-0.05026666666663,2,0.562733333333654,0.596733333333304,0.613000000000284,35.0000000071304,0.0961093326484971,0.137364147564504,0.116736740106501,14.1252365022571,15.676809483501,15.676809483501,-0.01928182985451,0.114621298097596,99.549008668932,-3.00000000061118,10.8330194213141
806,Stim,1,1,1,-0.05026666666663,3,0.760733333333519,0.804733333333388,0.811000000000149,45.0000000091677,0.0496510961399071,0.204399172276465,0.127025134208186,12.5082224419321,23.8778715523023,23.8778715523023,0.00332443337353198,-0.0966283523673789,271.97044550016,-21.0000000042783,109.729304611693
807,NonStim,0,4,-0.1818,NaN,1,0.178466666666736,0.221466666666402,NaN,44.000000008964,0.168562119672179,0.182791871803767,0.175676995737973,14.5841593463165,12.2622802648304,14.5841593463165,0.168216839425155,-0.0193256194056531,353.446297348282,-17.0000000034634,30.9389788645864
807,NonStim,0,4,-0.1818,NaN,2,0.261466666666365,0.283466666666754,NaN,23.0000000046857,0.191488046519602,0.199577632133007,0.195532839326305,18.173646170702,19.0601193249444,19.0601193249444,-0.195477195105962,0.00333200322007016,179.023460330283,-5.00000000101863,1.91349313772386
807,NonStim,0,4,-0.1818,NaN,3,0.480466666666416,0.513466666666318,NaN,34.0000000069267,0.0950848847622784,0.0812840474129549,0.0881844660876167,11.5128617386162,12.6615772215714,12.6615772215714,-0.0565156788795081,-0.000666472239568082,180.675640410701,13.0000000026484,100.70141655764
807,NonStim,0,4,-0.1818,NaN,4,0.646466666666583,0.664466666666613,NaN,19.0000000038708,0.0960335353208809,0.0990778758878312,0.0975557056043561,10.9863737510117,13.7030861054395,13.7030861054395,-0.0671538715544496,0.070638685676411,133.551281771813,-7.00000000142609,4.9368636779588
807,NonStim,0,4,-0.1818,NaN,5,0.804466666666485,0.818466666666609,NaN,15.0000000030559,0.11202665871528,0.132197696489524,0.122112177602402,13.152679666253,15.2581627783307,15.2581627783307,-0.0186169269711067,-0.119952471578396,261.177935540926,1.00000000020373,12.5240866535534
809,NonStim,0,1,0.4545,NaN,1,0.408999999999651,0.445999999999913,NaN,38.0000000077416,0.27868785753726,0.377717400764923,0.328202629151092,32.7649708132493,31.2591730997597,32.7649708132493,-0.0957442296857416,-0.313208085966236,253.002190227493,3.00000000061118,7.50353313083539
809,NonStim,0,1,0.4545,NaN,2,0.643999999999778,0.679999999999836,NaN,37.0000000075379,0.203119185855743,0.142610183263239,0.172864684559491,26.5284127450261,22.5926282931807,26.5284127450261,0.0179520487170119,0.171265458090216,84.0161068931428,2.00000000040745,10.1813105135454
809,NonStim,0,1,0.4545,NaN,3,0.850999999999658,0.873999999999796,NaN,24.0000000048894,0.261879452466793,0.158345976258646,0.21011271436272,25.5444462727364,17.4523780865975,25.5444462727364,-0.117685601882268,-0.172598219352581,235.711990474899,-1.00000000020373,12.7005677509613
811,NonStim,0,2,0.4545,NaN,1,0.418900000000122,0.4378999999999,NaN,20.0000000040745,0.171846658809678,0.186659993721747,0.179253326265712,16.2919208344223,20.8048435750074,20.8048435750074,-0.123004721858237,-0.0119953074868287,185.569820066054,1.00000000020373,92.9279923961199
812,Stim,1,4,0.1818,-0.0530666666668367,1,0.114900000000034,0.139900000000125,0.167966666666871,26.0000000052969,0.0214788558573501,0.0354042642446429,0.0284415600509965,5.34961992717279,5.580684872864,5.580684872864,0.011303136532183,0.00733040102819391,32.9645399005481,-12.0000000024447,130.553721810028
812,Stim,1,4,0.1818,-0.0530666666668367,2,0.282900000000154,0.339899999999943,0.335966666666991,58.0000000118162,0.058326438122763,0.0335581211686116,0.0459422796456873,8.87148031936108,10.4261166192281,10.4261166192281,0.0259307361286149,-5.2479040557607e-10,359.999998840439,15.0000000030559,118.011456443718
812,Stim,1,4,0.1818,-0.0530666666668367,3,0.534900000000107,0.581900000000132,0.587966666666944,48.0000000097789,0.235341446171125,0.242331021696089,0.238836233933607,26.7316491217136,23.172927778849,26.7316491217136,-0.149600177096227,-0.184593323398425,230.97761460266,-3.00000000061118,11.6540500520421
812,Stim,1,4,0.1818,-0.0530666666668367,4,0.591899999999896,0.627899999999954,0.644966666666733,37.0000000075379,0.0316756558343987,0.0292550368979213,0.03046534636616,5.59298236975338,5.71033918048626,5.71033918048626,0.010638184986082,-0.0153271658063967,304.763503742406,18.0000000036671,104.589167758912
812,Stim,1,4,0.1818,-0.0530666666668367,5,0.676899999999932,0.705899999999929,0.729966666666769,30.0000000061118,0.00132977986205113,0.0252657647934182,0.0132977723277347,5.55333615561236,6.05560550378236,6.05560550378236,0.0132977723277347,0,0,16.0000000032596,0
812,Stim,1,4,0.1818,-0.0530666666668367,6,0.715900000000147,0.729899999999816,0.768966666666984,15.0000000030559,0.0333200136013365,0.0332444342823916,0.033282223941864,5.55333615561236,6.28282093325831,6.28282093325831,-0.0166222171411958,0.0166600068006682,134.934944639807,1.00000000020373,90
812,Stim,1,4,0.1818,-0.0530666666668367,7,0.913900000000012,0.928899999999885,0.966966666666849,16.0000000032596,0.033320082655796,0.00265955681841956,0.0179898197371078,5.55334751444207,5.62367093715728,5.62367093715728,0.00132977840920978,0.016660041327898,85.4364156989565,-4.00000000081491,90
813,NonStim,0,1,-1,NaN,1,0.386899999999514,0.422899999999572,NaN,37.0000000075379,0.0569988531979561,0.249667393419545,0.15333312330875,19.7800874896454,18.7797132535348,19.7800874896454,-0.113695984221862,0.101959592948534,138.115073589485,0,13.2181553418898
815,Stim,1,4,0.0909,-0.0545666666666875,1,0.130733333332955,0.16973333333317,0.185299999999643,40.0000000081491,0.140962032701556,0.219326975406888,0.180144504054222,19.4503621242771,19.5118125395394,19.5118125395394,-0.161568282247992,0.0746371312252817,155.205229998195,1.00000000020373,18.243616315442
815,Stim,1,4,0.0909,-0.0545666666666875,2,0.64373333333333,0.679733333333388,0.698300000000017,37.0000000075379,0.534145393319379,0.537123442304254,0.535634417811817,44.6680291363586,42.7319310835631,44.6680291363586,0.0186169373031248,-0.53510923399267,271.992568638825,3.00000000061118,3.14276960619048
815,Stim,1,4,0.0909,-0.0545666666666875,3,0.809733333333043,0.840733333332992,0.86429999999973,32.0000000065193,0.376871140858704,0.338731933810592,0.357801537334648,27.2124285362055,32.5760893986241,32.5760893986241,-0.105052663413535,0.341188418227474,107.11371400266,6.00000000122236,7.70540222804681
816,Stim,1,1,0.4545,-0.0555333333331873,1,0.425200000000132,0.451199999999972,0.480733333333319,27.0000000055006,0.0399260655434803,0.124124288169177,0.0820251768563286,17.3589165754918,14.4916084332747,17.3589165754918,-0.0179520781633363,0.0399841838444178,114.179101924397,0,160.051348969311
819,NonStim,0,1,1,NaN,1,0.00893333333306146,0.031933333332745,NaN,24.0000000048894,0.0268100406227935,0.00533122507310486,0.0160706328479492,6.44880686360604,4.44268761983918,6.44880686360604,-0.00598401387407604,-0.0146608677445013,247.796567619742,0,26.5130063776654
819,NonStim,0,1,1,NaN,2,0.140933333332669,0.168933333332916,NaN,29.0000000059081,0.0253233178041208,0,0.0126616589020604,7.1054681998936,3.46662161069216,7.1054681998936,0,-0.0126616589020604,270,-14.0000000028522,90
819,NonStim,0,1,1,NaN,3,0.358933333332971,0.394933333333029,NaN,37.0000000075379,0.245117088942539,0.234211528603967,0.239664308773253,26.8496035134742,28.1358363361986,28.1358363361986,-0.11369622285317,-0.2105828825352,241.634858068117,5.00000000101863,6.18343676300546
819,NonStim,0,1,1,NaN,4,0.425933333332978,0.455933333332723,NaN,31.0000000063155,0.0313670412698228,0.0253231058298542,0.0283450735498385,4.79459474214519,4.8874929149475,4.8874929149475,0.00332445336629447,-0.00266557432148042,321.277071661406,14.0000000028522,167.762110282342
819,NonStim,0,1,1,NaN,5,0.555933333333087,0.597933333333003,NaN,43.0000000087603,0.180051001840242,0.23333525039841,0.206693126119326,20.0913085930741,21.8603397601384,21.8603397601384,-0.00664890692115412,0.206584347718393,91.8434254628555,-4.00000000081491,0.48342545355797
819,NonStim,0,1,1,NaN,6,0.599933333332956,0.62193333333289,NaN,23.0000000046857,0.026595628009463,0.0066489071097193,0.0166222675595912,5.61154828395268,5.62366706928884,5.62366706928884,0.0166222675595912,0,0,-2.00000000040745,0
819,NonStim,0,1,1,NaN,7,0.799933333332774,0.874933333333047,NaN,76.0000000154832,0.22241066618554,0.033977013698138,0.128193839941839,23.0061406425238,7.10546893256977,23.0061406425238,-0.0199467209871293,-0.126616073224349,261.047370669142,-21.0000000042783,2.68851496866523
821,Stim,1,2,1,-0.0617666666671539,1,0.35416666666606,0.380166666666355,0.415933333333214,27.0000000055006,0.502234160216611,0.517525950993836,0.509880055605223,39.1425669079104,34.1823447391063,39.1425669079104,-0.269943668007009,0.42982440295796,122.130153861928,-7.00000000142609,10.9335951293856
821,Stim,1,2,1,-0.0617666666671539,2,0.52216666666618,0.537166666666053,0.583933333333334,16.0000000032596,0.25484551762211,0.27200248644272,0.263424002032415,25.7185438356373,28.0449750649923,28.0449750649923,0.084440880896629,-0.249232686412356,288.716554856299,-2.00000000040745,5.24298914093532
823,NonStim,0,4,-0.4545,NaN,1,0.110133333333579,0.132133333333513,NaN,23.0000000046857,0.0333201513879739,0.0443279002570166,0.0388240258224953,5.55335868808818,5.55777972671881,5.55777972671881,-0.0166222636207311,-0.00199920814046463,186.85818795664,-11.000000002241,131.412353832824
823,NonStim,0,4,-0.4545,NaN,2,0.317133333333459,0.356133333333219,NaN,40.0000000081491,0.172626356067497,0.194150805758823,0.18338858091316,18.0642468743079,14.1441866405861,18.0642468743079,-0.031914749342772,0.179928267057873,100.058217641997,7.00000000142609,9.68092840614935
823,NonStim,0,4,-0.4545,NaN,3,0.436133333333601,0.503133333333608,NaN,68.0000000138534,0.16749411823978,0.191991201739461,0.17974265998962,19.3945976936384,14.8164040618794,19.3945976936384,0.0312498299868288,-0.17659564377705,280.035003516641,20.0000000040745,7.69659849825138
823,NonStim,0,4,-0.4545,NaN,4,0.582133333333331,0.625133333333451,NaN,44.000000008964,0.280224412721318,0.228350129064994,0.254287270893156,20.3609037471792,18.0027901996553,20.3609037471792,-0.090425058887301,-0.237239103827866,249.135364993623,2.00000000040745,6.45661083764105
824,Stim,1,1,0.1818,-0.0519666666668854,1,0.288166666666712,0.340166666666846,0.340133333333597,53.0000000107975,0.663267033223991,0.558096416020466,0.610681724622228,55.851662040567,51.6412392822114,55.851662040567,0.0664890547415546,-0.606415610201224,276.25707159588,-15.0000000030559,5.2332044365528
824,Stim,1,1,0.1818,-0.0519666666668854,2,0.395166666666682,0.416166666666868,0.447133333333568,22.000000004482,0.22135272442685,0.199954415604322,0.210653570015586,17.8817951989845,17.2974584589836,17.8817951989845,-0.0146275895096273,0.20991032736193,93.9862092162183,-1.00000000020373,5.41099110825127
824,Stim,1,1,0.1818,-0.0519666666668854,3,0.43616666666685,0.458166666666784,0.488133333333735,23.0000000046857,0.216342621829476,0.226462360035231,0.221402490932353,19.7120763081622,23.1596978307163,23.1596978307163,-0.0990686809480616,0.197920622830923,116.59014308215,-2.00000000040745,2.923709007806
824,Stim,1,1,0.1818,-0.0519666666668854,4,0.650166666666792,0.666166666666868,0.702133333333677,17.0000000034634,0.0333512229773077,0.0489830276047809,0.0411671252910443,8.29827709481768,7.84472918138231,8.29827709481768,-0.0345743118574201,0.0153272723738052,156.091625441365,-2.00000000040745,47.4465892794279
825,NonStim,0,4,0.6363,NaN,1,0.303799999999683,0.347799999999552,NaN,45.0000000091677,0.471193936713797,0.500237963521952,0.485715950117874,42.927260784493,39.1461420489576,42.927260784493,-0.0664889953224412,-0.481139446543221,262.132087423463,6.00000000122236,0.473865243544935
825,NonStim,0,4,0.6363,NaN,2,0.516799999999421,0.538799999999355,NaN,23.0000000046857,0.306877283510217,0.275157693122126,0.291017488316171,25.488491242723,27.2164599922497,27.2164599922497,-0.0757975246686693,0.280554456425379,105.118677402036,3.00000000061118,6.04947110621617
826,Stim,1,3,-1,-0.0692333333336137,1,0.375066666666498,0.393066666666527,0.444300000000112,19.0000000038708,0.256204846482668,0.278314327977882,0.267259587230275,22.5236973301986,25.2713874268294,25.2713874268294,-0.115025538018713,0.241234918001557,115.492721328564,3.00000000061118,0.682163300275761
826,Stim,1,3,-1,-0.0692333333336137,2,0.580066666666426,0.592066666666597,0.649300000000039,13.0000000026484,0.205649380929957,0.200644408955626,0.203146894942792,21.7020775630728,23.2464779047786,23.2464779047786,0.0605046695772178,-0.193923007480618,287.328107892069,-1.00000000020373,0.738352781651827
830,Stim,1,2,-0.6363,-0.0633333333335031,1,0.715899999999692,0.734899999999925,0.779233333333195,20.0000000040745,0.431906719263959,0.439831138781805,0.435868929022882,38.1722380259888,41.0424186560336,41.0424186560336,-0.244679066443821,-0.360520793037394,235.83595762863,3.00000000061118,3.09602712160267
830,Stim,1,2,-0.6363,-0.0633333333335031,2,0.872899999999845,0.89489999999978,0.936233333333348,23.0000000046857,0.312733533833961,0.219556873655568,0.266145203744765,26.0634432941218,19.19312798979,26.0634432941218,0.101727921965977,0.245899980149748,67.5252993542456,7.00000000142609,1.85023430497995
833,Stim,1,3,0.1818,-0.0515000000000327,1,0.505433333333258,0.527433333333192,0.556933333333291,23.0000000046857,0.415231422691675,0.317965249152501,0.366598335922088,30.2100433370531,25.6613690342924,30.2100433370531,-0.0545210326531316,-0.362520644647902,261.447141988834,5.00000000101863,0.239991604570605
833,Stim,1,3,0.1818,-0.0515000000000327,2,0.772433333333083,0.796433333333425,0.823933333333116,25.0000000050932,0.157423071055704,0.227050010944192,0.192236540999948,13.2919798883742,22.7401057281489,22.7401057281489,-0.0904250713666492,0.169265992218773,118.111969793516,7.00000000142609,6.84053378560273
834,NonStim,0,4,-0.4545,NaN,1,0.550766666666732,0.603766666666615,NaN,54.0000000110012,0.22867865836613,0.203605688194387,0.216142173280258,25.8227242457447,22.1254115968131,25.8227242457447,-0.0771272177700472,-0.198587690974889,248.7748933325,-12.0000000024447,19.473782150201
836,NonStim,0,4,-0.0909,NaN,1,0.00203333333320188,0.0290333333332455,NaN,28.0000000057044,0.0932022164096458,0.055896828896275,0.0745495226529604,7.6897890031916,8.49693624322262,8.49693624322262,-0.0550196801777979,-0.0499801978773217,222.252190479497,-1.00000000020373,9.05269605454188
836,NonStim,0,4,-0.0909,NaN,2,0.235033333333377,0.256033333333107,NaN,22.000000004482,0.00941367074718804,0.0159936517956843,0.0127036612714362,4.26115800275735,5.33121857291879,5.33121857291879,-0.00332445163189716,-0.00466481140488263,234.523826740644,9.00000000183354,135.065097579607
836,NonStim,0,4,-0.0909,NaN,3,0.380033333333358,0.434033333333446,NaN,55.000000011205,0.16807158522656,0.219470753286062,0.193771169256311,20.5561810340079,28.0123310878035,28.0123310878035,-0.117685595812149,0.153938966609797,127.397737636829,-8.00000000162981,0.239501872923881
836,NonStim,0,4,-0.0909,NaN,4,0.451033333333271,0.480033333333267,NaN,30.0000000061118,0,0.0452288596199798,0.0226144298099899,5.33581055546677,4.31261786143419,5.33581055546677,0.0152924560396495,0.0166599286885133,47.4506035776828,-13.0000000026484,47.4506035776828
836,NonStim,0,4,-0.0909,NaN,5,0.481033333333471,0.531033333333198,NaN,51.0000000103901,0.0334260039776866,0.0372338525544142,0.0353299282660504,5.71033192183897,5.54075206906369,5.71033192183897,0.0172871458290235,0.0166600155893897,43.9416543923435,-3.00000000061118,94.5635982895486
836,NonStim,0,4,-0.0909,NaN,6,0.575033333333067,0.611033333333125,NaN,37.0000000075379,0.202665938960153,0.200928819061146,0.201797379010649,20.3794534992282,22.1026334622844,22.1026334622844,0.0319147460878929,-0.199254040917722,279.099837284596,-1.00000000020373,0.685760508431883
836,NonStim,0,4,-0.0909,NaN,7,0.675033333333431,0.700033333333067,NaN,26.0000000052969,0,0.0426328411598775,0.0213164205799388,7.24580537397823,5.55335714757434,7.24580537397823,-0.0132978127971766,-0.016660070862757,231.403669888439,13.0000000026484,128.596330111561
836,NonStim,0,4,-0.0909,NaN,8,0.730033333333267,0.76203333333342,NaN,33.000000006723,0,0.0126412353561884,0.0063206176780942,6.1380311137583,4.57528543087294,6.1380311137583,0.00199467144908784,-0.00599762399978782,288.395935748014,-6.00000000122236,71.6040642519855
836,NonStim,0,4,-0.0909,NaN,9,0.859033333333173,0.890033333333122,NaN,32.0000000065193,0.0066489041365345,0.0212765012364088,0.0139627026864716,3.01898266106286,5.82953270020672,5.82953270020672,-0.00731379854993713,0,180,7.00000000142609,180
838,Stim,1,1,0.4545,-0.05676666666659,1,0.0410666666666657,0.0640666666668039,0.0978333333332557,24.0000000048894,0.0106382160231497,0.0375375881391944,0.0240879020811721,5.36977862065996,4.57879297598021,5.36977862065996,0.0139626583653453,0.016660032056055,50.0338579996984,8.00000000162981,62.5788330243288
838,Stim,1,1,0.4545,-0.05676666666659,2,0.240066666666735,0.259066666666513,0.296833333333325,20.0000000040745,0.0333466481877033,0.0319146917533317,0.0326306699705175,5.55335420103393,6.36138462668114,6.36138462668114,0.0152924562861695,0.0166600617697253,47.4508311220756,-8.00000000162981,92.2854153740116
838,Stim,1,1,0.4545,-0.05676666666659,3,0.383066666666764,0.427066666666633,0.439833333333354,45.0000000091677,0.1696299834213,0.167933473565643,0.168781728493472,15.8467713389293,16.6553087002875,16.6553087002875,0.0159573588650967,-0.167267070017018,275.449552253037,12.0000000024447,10.8444397689617
838,Stim,1,1,0.4545,-0.05676666666659,4,0.429066666666586,0.457066666666378,0.485833333333176,29.0000000059081,0.0944544982857206,0.0470683377614125,0.0707614180235665,10.0305320824476,5.82952713831971,10.0305320824476,0.047207234815654,0.052645782995841,48.1175650550645,1.00000000020373,4.57309741035959
838,Stim,1,1,0.4545,-0.05676666666659,5,0.515066666666371,0.530066666666698,0.571833333332961,16.0000000032596,0.0213248852974154,0.0363895030931128,0.0288571941952641,5.55335657456012,5.7659853407778,5.7659853407778,0.00731379701229762,-0.0273224953828326,284.985826708812,1.00000000020373,23.7015719442822
838,Stim,1,1,0.4545,-0.05676666666659,6,0.61906666666664,0.637066666666669,0.67583333333323,19.0000000038708,0.030584959176234,0.00132978096605856,0.0159573700711463,5.54881916072391,6.46546745524028,6.46546745524028,0.0146275891050877,-3.46944695195361e-18,360,-1.00000000020373,180
838,Stim,1,1,0.4545,-0.05676666666659,7,0.820066666666662,0.847066666666706,0.876833333333252,28.0000000057044,0.017326475338326,0.0319873362085435,0.0246569057734348,5.62367215267667,3.55414798156462,5.62367215267667,0,0.00733043043510873,90,16.0000000032596,180
838,Stim,1,1,0.4545,-0.05676666666659,8,0.855066666666517,0.873066666666546,0.911833333333107,19.0000000038708,0.0266561130312481,0.0333466669070881,0.0300013899691681,5.55335657456013,4.36360525848576,5.55335657456013,0.000664889613262602,-0.029988127651584,271.270140255805,-7.00000000142609,2.28541416869251
839,NonStim,0,4,0.3636,NaN,1,0.00826666666625897,0.0242666666663354,NaN,17.0000000034634,0.221748494975066,0.266010345499771,0.243879420237419,19.9075862320755,29.2501018151087,29.2501018151087,-0.0565157029381434,-0.23723905089582,256.600596765207,2.00000000040745,0.416608858941515
839,NonStim,0,4,0.3636,NaN,2,0.424266666666426,0.448266666666314,NaN,25.0000000050932,0.280087854425082,0.305692184722766,0.292890019573924,23.7839144097504,26.2876273453572,26.2876273453572,-0.031249857343196,0.291217460597093,96.1248374024956,-3.00000000061118,0.247875106505774
839,NonStim,0,4,0.3636,NaN,3,0.532266666666146,0.568266666666204,NaN,37.0000000075379,0.186404112666775,0.187151075183524,0.18677759392515,17.0886486116286,17.2180840893804,17.2180840893804,-0.0970739764776807,-0.154605002788641,237.87595403655,2.00000000040745,24.414888313327
839,NonStim,0,4,0.3636,NaN,4,0.647266666666383,0.663266666666459,NaN,17.0000000034634,0.211285457841467,0.223930366969263,0.217607912405365,22.2411350180129,23.1018914922257,23.1018914922257,-0.0319147268624426,-0.21524772822731,261.566213455913,0,0.92295751602677
840,Stim,1,2,-1,-0.0510666666664292,1,0.682466666667096,0.698466666666718,0.733533333333526,17.0000000034634,0.355742439348836,0.336454230486443,0.346098334917639,38.2270725301685,30.7548363326547,38.2270725301685,-0.0551858580903231,-0.341196998216003,260.812436088349,-3.00000000061118,5.95722921762746
842,NonStim,0,1,-0.4545,NaN,1,0.458766666666634,0.518766666666579,NaN,61.0000000124273,0.00265956138337377,0.210355542481116,0.106507551932245,21.9817544252399,19.0939314522034,21.9817544252399,-0.083775986439592,0.0653068658021897,142.062102567631,19.0000000038708,38.3832683596885
842,NonStim,0,1,-0.4545,NaN,2,0.636766666666517,0.675766666666732,NaN,40.0000000081491,0.390812953528417,0.270483435309992,0.330648194419204,44.1747930849896,26.5505026409977,44.1747930849896,-0.136302380677719,-0.299880607739067,245.557151509038,1.00000000020373,10.1150615342578
842,NonStim,0,1,-0.4545,NaN,3,0.884766666666565,0.90176666666639,NaN,18.0000000036671,0.00132977859919836,0.0159573026373575,0.00864354061827792,6.5281685011601,6.71083032386113,6.71083032386113,0.00731376201907956,0,0,4.00000000081491,180
847,Stim,1,2,-0.3636,-0.0583999999998923,1,0.707533333333231,0.723533333333307,0.765933333333123,17.0000000034634,0.245765555368808,0.233858345568586,0.239811950468697,24.6127721036825,21.8985358870349,24.6127721036825,-0.216753701376228,-0.0992939922159822,204.612323756419,1.00000000020373,12.3808130404041
850,NonStim,0,2,-0.1818,NaN,1,0.91836666666677,0.938366666666752,NaN,21.0000000042783,0.193275014592998,0.232296979862168,0.212785997227583,12.7206452206106,15.1703169863206,15.1703169863206,-0.0345742791499916,0.207917507813836,99.4412361232322,0,15.8435915034543
851,NonStim,0,3,-0.4545,NaN,1,0.485733333333428,0.498733333333348,NaN,14.0000000028522,0.24568493820362,0.297420232885986,0.271552585544803,27.8888115679271,31.744879182837,31.744879182837,-0.103057977096089,0.251231482580262,112.303989623477,0,0.683838916852636
851,NonStim,0,3,-0.4545,NaN,2,0.500733333333301,0.515733333333174,NaN,16.0000000032596,0.158741651875291,0.205524509617371,0.182133080746331,16.5069103836957,16.4615531135406,16.5069103836957,0.00864357866565999,-0.181925672484564,272.720168245335,-1.00000000020373,0.5664990658492
851,NonStim,0,3,-0.4545,NaN,3,0.599733333333461,0.621733333333395,NaN,23.0000000046857,0.200706756819342,0.11168688304619,0.156196819932766,11.8207165833145,8.44400428317293,11.8207165833145,-0.0518614380375677,-0.147274960028646,250.600783073465,9.00000000183354,3.24074832758558
852,NonStim,0,1,-0.6363,NaN,1,0.30696666666654,0.355966666666518,NaN,50.0000000101863,0.0961920813175892,0.140618305040644,0.118405193179116,35.8444358701562,38.9996907259055,38.9996907259055,-0.0339094120513988,0.111289279552946,106.945775487011,-3.00000000061118,21.8222154222704
852,NonStim,0,1,-0.6363,NaN,2,0.453966666666474,0.489966666666533,NaN,37.0000000075379,0.158533242205809,0.103891925653325,0.131212583929567,12.8522066906631,11.926766402856,12.8522066906631,-0.0950793475332907,-0.0813010030050825,220.533283388346,12.0000000024447,35.9292840007371
852,NonStim,0,1,-0.6363,NaN,3,0.577966666666271,0.615966666666282,NaN,39.0000000079453,0.187355106720847,0.251751238743074,0.219553172731961,20.6584860206342,20.6581881667735,20.6584860206342,-0.100398365326269,-0.194589491356441,242.70854765185,0,8.49424559389826
853,Stim,1,3,0.0909,-0.0471666666667261,1,0.282933333332949,0.304933333332883,0.330099999999675,23.0000000046857,0.410607861510973,0.40338333318071,0.406995597345841,26.6217622202924,25.6231614314518,26.6217622202924,-0.0179520469299512,-0.406503985817816,267.471344274352,0,2.48132749901453
855,NonStim,0,3,-0.0909,NaN,1,0.365533333333133,0.383533333333162,NaN,19.0000000038708,0.16504087074258,0.143635199524574,0.154338035133577,18.9515616084554,14.5916736491266,18.9515616084554,-0.095744216619604,0.00866308556370508,174.829867266384,6.00000000122236,103.29326105311
855,NonStim,0,3,-0.0909,NaN,2,0.736533333333227,0.753533333333507,NaN,18.0000000036671,0.242487487204886,0.310541133846682,0.276514310525784,23.8800381595937,25.3581113465016,25.3581113465016,-0.106382415394332,-0.255231061371645,247.373222648507,-3.00000000061118,0.0942414079562468
856,Stim,1,4,-1,-0.0606333333339535,1,0.400866666666388,0.423866666666072,0.461500000000342,24.0000000048894,0.123219669830225,0.146368770072173,0.134794219951199,16.7419738365951,18.1226620970894,18.1226620970894,-0.124999307526988,0.0479808806728911,159.0007422341,0,13.3172110970924
856,Stim,1,4,-1,-0.0606333333339535,2,0.594866666666348,0.636866666666265,0.655500000000302,43.0000000087603,0.259276462482536,0.143095753115313,0.201186107798925,28.3025016840078,20.3664352321645,28.3025016840078,-0.117685595766821,-0.161269276210426,233.880053981512,-22.000000004482,14.8328804702528
857,NonStim,0,2,-0.4545,NaN,1,0.263733333333221,0.288733333333312,NaN,26.0000000052969,0.257273567408871,0.254204855378554,0.255739211393713,20.4411865063215,19.2719621929956,20.4411865063215,-0.1702118943612,-0.190590274398304,228.232674493104,2.00000000040745,4.61029157816247
857,NonStim,0,2,-0.4545,NaN,2,0.291733333333013,0.305733333333137,NaN,15.0000000030559,0.107948778785931,0.11765637676513,0.11280257777553,11.4563652770664,12.8521146801919,12.8521146801919,0.0319147042009103,0.107290013842182,73.4342575544978,0,14.2253903046158
857,NonStim,0,2,-0.4545,NaN,3,0.845733333333101,0.870733333333192,NaN,26.0000000052969,0.0642962343781809,0.21675025094655,0.140523242662365,17.6748385583006,21.3433048369796,21.3433048369796,0.0445476506821638,0.120618762511263,69.7294986382931,0,57.3951747174941
859,Stim,1,3,-0.3636,-0.061200000000099,1,0.774366666666992,0.787366666666912,0.835566666667091,14.0000000028522,0.284488707487643,0.239404961358649,0.261946834423146,26.4532228094144,23.9731843666829,26.4532228094144,-0.0884303740143696,-0.246568678674173,250.269933285221,1.00000000020373,0.138652986020247
860,Stim,1,4,1,-0.0559333333335417,1,0.127333333333354,0.167333333333318,0.183266666666896,41.0000000083528,0.202246211369376,0.206521570970341,0.204383891169859,22.5253147475988,22.3907749639148,22.5253147475988,-0.0458774462874161,-0.198587432907998,256.99180334443,3.00000000061118,8.5309882931312
860,Stim,1,4,1,-0.0559333333335417,2,0.493333333333339,0.51433333333307,0.549266666666881,22.000000004482,0.498231421415965,0.560738524196064,0.529484972806014,38.8781517625633,42.9019213806987,42.9019213806987,-0.0485369993148272,-0.527107425585014,264.73893776676,2.00000000040745,2.71030722232115
860,Stim,1,4,1,-0.0559333333335417,3,0.58333333333303,0.607333333333372,0.639266666666572,25.0000000050932,0.233693073748441,0.25608332707574,0.244888200412091,15.7711622009916,17.2391042213186,17.2391042213186,-0.021276501687424,0.243895498608272,94.9856410172812,1.00000000020373,2.67177560530189
860,Stim,1,4,1,-0.0559333333335417,4,0.821333333333314,0.845333333333201,0.877266666666856,25.0000000050932,0.0999597053435888,0.156122787718091,0.12804124653084,18.9138194548575,17.1834989251518,18.9138194548575,-0.0285902904249336,0.122617146843831,103.124991893643,1.00000000020373,21.4847706227694
861,Stim,1,1,0.1818,-0.0519000000003871,1,0.230133333333015,0.26913333333323,0.282033333333402,40.0000000081491,0.167423536653998,0.155349298539561,0.16138641759678,22.8613965293824,15.3435254270778,22.8613965293824,-0.115690851739792,-0.110622677607457,223.717105163221,-3.00000000061118,14.6679704157367
861,Stim,1,1,0.1818,-0.0519000000003871,2,0.529133333332993,0.558133333332989,0.58103333333338,30.0000000061118,0.103757772062573,0.142905391420986,0.123331581741779,13.3025047548575,13.4886552428362,13.4886552428362,-0.113031289213009,0.0493138221991244,156.429093154061,-2.00000000040745,1.56165868726026
861,Stim,1,1,0.1818,-0.0519000000003871,3,0.830133333332924,0.856133333333219,0.882033333333311,27.0000000055006,0.066852052930726,0.063123490757159,0.0649877718439425,12.4582304960479,11.4206677898244,12.4582304960479,0.0285902816336064,-0.0513128719533622,299.125486316779,13.0000000026484,50.6803822189717
864,Stim,1,2,0.1818,-0.059099999999944,1,0.91836666666677,0.939366666666501,0.977466666666714,22.000000004482,0.307375371244298,0.209004443696608,0.258189907470453,18.014691966049,16.7541422752403,18.014691966049,0.0691486040922192,-0.248567540854764,285.545949782584,2.00000000040745,4.40015701153516
866,Stim,1,4,-0.4545,-0.0516999999999825,1,0.028933333333498,0.0619333333333998,0.0806333333334806,34.0000000069267,0.0333200618367929,0.0452290784029045,0.0392745701198487,5.90070653171257,5.55335726655062,5.90070653171257,0.0152924625164317,0.0333201021510639,65.3469569866023,17.0000000034634,42.549164294071
866,Stim,1,4,-0.4545,-0.0516999999999825,2,0.125933333333705,0.162933333333513,0.177633333333688,38.0000000077416,0.0337418794736208,0.045229009665592,0.0394854445696064,5.55333146697596,6.15734815343621,6.15734815343621,0.0179519907745098,0.0333200454988845,61.6853452269394,-9.00000000183354,33.47911503384
866,Stim,1,4,-0.4545,-0.0516999999999825,3,0.206933333333382,0.220933333333505,0.258633333333364,15.0000000030559,0.0333198859560483,0.0333200466632738,0.0333199663096611,5.55331508242435,5.55334160003721,5.55334160003721,0,0.0333199663096611,90,-3.00000000061118,0
866,Stim,1,4,-0.4545,-0.0516999999999825,4,0.243933333333644,0.271933333333436,0.295633333333626,29.0000000059081,0.0306541874025472,0.0333200466632738,0.0319871170329105,4.57875345342644,5.62365708150686,5.62365708150686,6.93889390390723e-18,0.0319871170329105,90,-16.0000000032596,2.8421709430404e-14
866,Stim,1,4,-0.4545,-0.0516999999999825,5,0.303933333333589,0.322933333333367,0.355633333333571,20.0000000040745,0.0240270634642225,0.00666400024902823,0.0153455318566254,4.42503724476067,2.66559940935523,4.42503724476067,-0.000664889782084583,-0.0153271185589492,267.516068729616,4.00000000081491,3.17266015027866
866,Stim,1,4,-0.4545,-0.0516999999999825,6,0.331933333333382,0.383933333333516,0.383633333333364,53.0000000107975,0.413074649363303,0.297888926897743,0.355481788130523,40.4220464000338,25.9243959779446,40.4220464000338,-0.118350495716837,-0.333200507770593,250.445316624289,-10.0000000020373,11.9704497203379
866,Stim,1,4,-0.4545,-0.0516999999999825,7,0.542933333333622,0.609933333333629,0.594633333333604,68.0000000138534,0.105343137429516,0.0744722880459905,0.0899077127377533,19.4465798431919,16.9150869080165,19.4465798431919,-0.0332445163699299,0.083300072602783,111.756620133674,5.00000000101863,8.11697550751995
866,Stim,1,4,-0.4545,-0.0516999999999825,8,0.679933333333338,0.721933333333709,0.73163333333332,43.0000000087603,0.0332445334431931,0.00132978136524934,0.0172871574042212,5.5523642786074,5.55335942777615,5.55335942777615,0.0172871574042212,0,0,-22.000000004482,0
866,Stim,1,4,-0.4545,-0.0516999999999825,9,0.724933333333411,0.751933333333454,0.776633333333393,28.0000000057044,0.0333201071369779,0.021276501547799,0.0272983043423884,5.59301223104748,5.96945077998207,5.96945077998207,0.0106382507738995,0.0166600535684889,57.4397982203846,2.00000000040745,90
866,Stim,1,4,-0.4545,-0.0516999999999825,10,0.942933333333713,0.964933333333647,0.994633333333695,23.0000000046857,0.00265955912833836,0,0.00132977956416918,5.06147407231761,5.97927304359973,5.97927304359973,-0.00132977956416918,0,180,-3.00000000061118,180
867,Stim,1,1,-0.1818,-0.0603333333333467,1,0.0585666666665929,0.0885666666663383,0.11889999999994,31.0000000063155,0.035404330560346,0.0194026259520371,0.0274034782561916,5.76599326309929,5.62367373026366,5.76599326309929,0.00332445292045612,0.00733043748188538,65.6050628398798,1.00000000020373,176.15362403503
867,Stim,1,1,-0.1818,-0.0603333333333467,2,0.159566666666706,0.184566666666342,0.219900000000052,26.0000000052969,0.0375376799376107,0.00810663536031556,0.0228221576489631,5.71034953797742,4.6648162286456,5.71034953797742,0.00930846233387915,-0.0206584854726161,294.255748066454,11.000000002241,17.979919803844
867,Stim,1,1,-0.1818,-0.0603333333333467,3,0.254566666666506,0.282566666666298,0.314899999999852,29.0000000059081,0.0339770497781232,0.0417907164920233,0.0378838831350732,5.55335774105707,5.41893594501454,5.55335774105707,0.0132978007654762,0.0293217013200815,65.6050448050349,-5.00000000101863,63.9873777254658
867,Stim,1,1,-0.1818,-0.0603333333333467,4,0.296566666666422,0.322566666666717,0.356899999999769,27.0000000055006,0.00797867694411981,0.0319146689633617,0.0199466729537408,4.57880532186967,5.33121157523841,5.33121157523841,0.0199466729537408,0,0,-3.00000000061118,0
867,Stim,1,1,-0.1818,-0.0603333333333467,5,0.397566666666535,0.434566666666342,0.457899999999881,38.0000000077416,0.173192249848925,0.12154670927808,0.147369479563503,16.8848128384365,14.4333264096565,16.8848128384365,-0.113031305630143,0.0133280689883498,173.275030053705,-3.00000000061118,80.3662997364391
867,Stim,1,1,-0.1818,-0.0603333333333467,6,0.495566666666491,0.516566666666677,0.555899999999838,22.000000004482,0.0093084672194742,0.00132978052565794,0.00531912387256607,5.47551634922785,5.49456569377103,5.49456569377103,0.00531912387256607,0,0,4.00000000081491,0
867,Stim,1,1,-0.1818,-0.0603333333333467,7,0.520566666666582,0.545566666666673,0.580899999999929,26.0000000052969,0.0333201115723459,0,0.0166600557861729,5.55335224942752,5.55335942998843,5.55335942998843,0,-0.0166600557861729,270,4.00000000081491,90
867,Stim,1,1,-0.1818,-0.0603333333333467,8,0.624566666666396,0.646566666666331,0.684899999999743,23.0000000046857,1.55158384577955e-17,0.0279254042656606,0.0139627021328303,5.97927308737918,4.65423415340009,5.97927308737918,0.0139627021328303,-6.93889390390723e-18,360,-2.00000000040745,116.565051177078
867,Stim,1,1,-0.1818,-0.0603333333333467,9,0.65156666666644,0.692566666666607,0.711899999999787,42.0000000085565,0.00930846600337509,0.017377435127488,0.0133429505654315,4.66481493331839,5.5930206216438,5.5930206216438,0.0053191233828851,-0.00866324036856328,301.54941490299,13.0000000026484,85.6112405788253
867,Stim,1,1,-0.1818,-0.0603333333333467,10,0.751566666666349,0.795566666666673,0.811899999999696,45.0000000091677,0.0349771647376975,0.0292551587563235,0.0321161617470105,5.71034477788336,5.51037524330279,5.71034477788336,0.00930845778962724,0.0166600557861729,60.8066375005177,25.0000000050932,107.706927472668
867,Stim,1,1,-0.1818,-0.0603333333333467,11,0.871566666666695,0.887566666666316,0.931900000000041,17.0000000034634,0.00132978053708069,0.0335581072979156,0.0174439439174981,4.66481637715718,7.68978056408705,7.68978056408705,0.00265955847566456,-0.0166600702308871,279.069979262591,-1.00000000020373,83.1726197375973
867,Stim,1,1,-0.1818,-0.0603333333333467,12,0.941566666666404,0.972566666666353,1.00189999999975,32.0000000065193,0.00664889619215038,0.00398933641424844,0.00531911630319941,5.71034447546389,4.89197738959208,5.71034447546389,0.00531911630319941,0,0,1.00000000020373,0
868,NonStim,0,1,-0.0909,NaN,1,0.236199999999826,0.273199999999633,NaN,38.0000000077416,0.17503961713503,0.250223729418857,0.212631673276944,16.4006316966482,17.0655223001311,17.0655223001311,-0.200131883768215,0.0713051209922484,160.389491465625,2.00000000040745,4.74441739093547
868,NonStim,0,1,-0.0909,NaN,2,0.403199999999742,0.424199999999928,NaN,22.000000004482,0.0878096871751734,0.0665023569650842,0.0771560220701288,10.9662968502699,8.86245308489776,10.9662968502699,0.0618347869364779,0.0326537229249757,27.8376444732726,1.00000000020373,50.5171720769043
868,NonStim,0,1,-0.0909,NaN,3,0.639199999999619,0.673199999999724,NaN,35.0000000071304,0.00398934386432459,0.0333201213138764,0.0186547325891005,5.97926455432995,6.58956902749722,6.58956902749722,0.00199467193216229,0.0166600606569382,83.1726032214062,-9.00000000183354,90
868,NonStim,0,1,-0.0909,NaN,4,0.728200000000015,0.751199999999699,NaN,24.0000000048894,3.46944695195361e-18,0.0461387203176573,0.0230693601588287,5.55335165856272,6.3613873204483,6.3613873204483,-0.0159573731248251,-0.0166600606569382,226.234149913111,-1.00000000020373,46.2341499131108
869,Stim,1,1,-0.4545,-0.0526333333332332,1,0.184033333333446,0.225033333333613,0.236666666666679,42.0000000085565,0.302548713543495,0.188273385926004,0.24541104973475,27.1885217438224,18.5396100202031,27.1885217438224,-0.115026027330435,0.209916554728833,118.721010627872,-3.00000000061118,26.2203087225727
869,Stim,1,1,-0.4545,-0.0526333333332332,2,0.408033333333606,0.4690333333333,0.460666666666839,62.0000000126311,0.1205123278996,0.0733236675632271,0.0969179977314135,13.952001886556,13.2381619407739,13.952001886556,0.0259307237120724,-0.0926297547567554,285.639030001118,-2.00000000040745,14.4841528424611
869,Stim,1,1,-0.4545,-0.0526333333332332,3,0.669033333333573,0.721033333333253,0.721666666666806,53.0000000107975,0.213428729015971,0.179378276185197,0.196403502600584,32.5763720472893,30.3925726972144,32.5763720472893,-0.0624996921024369,-0.185926294198673,251.419771963073,-2.00000000040745,5.8455163989004
871,NonStim,0,2,0.6363,NaN,1,0.522833333333438,0.566833333333307,NaN,45.0000000091677,0.191490104580749,0.177763629959372,0.184626867270061,21.02951516793,19.2476604041464,21.02951516793,-0.166222497228993,-0.07863554479989,205.317614752465,10.0000000020373,10.2874942027771
873,Stim,1,3,0.3636,-0.0572000000001935,1,0.455799999999726,0.475799999999708,0.51299999999992,21.0000000042783,0.232726914228209,0.22343070112748,0.228078807677844,14.6598974247787,17.6747991025499,17.6747991025499,-0.115026052272295,0.196588321901767,120.332385768979,5.00000000101863,5.99061790511291
873,Stim,1,3,0.3636,-0.0572000000001935,2,0.659799999999905,0.680799999999635,0.717000000000098,22.000000004482,0.361250438870372,0.342901680830232,0.352076059850302,30.4176473090321,31.9880909331586,31.9880909331586,-0.0113031379447501,-0.351859713768885,268.160063682716,2.00000000040745,1.61269296384307
877,NonStim,0,3,0.3636,NaN,1,0.525099999999838,0.5621000000001,NaN,38.0000000077416,0.0534576933507707,0.19643221926162,0.124944956306195,18.8972987585974,16.7419791377678,18.8972987585974,0.00199469641320077,0.0966283675214119,88.8174129494262,12.0000000024447,101.200065396939
878,NonStim,0,2,0.3636,NaN,1,0.386899999999514,0.404899999999543,NaN,19.0000000038708,0.318931331991665,0.218859779538742,0.268895555765204,26.4545715596475,21.868933116401,26.4545715596475,-0.211434794732415,-0.165267711894209,218.012911858273,6.00000000122236,7.3494710182735
879,NonStim,0,4,-0.3636,NaN,1,0.0832333333328279,0.115233333332981,NaN,33.000000006723,0.572817501071375,0.470834958125007,0.521826229598191,41.9074895865243,34.5097664716897,41.9074895865243,-0.321139504342733,-0.410500863626128,231.963522820644,5.00000000101863,5.67561106182083
879,NonStim,0,4,-0.3636,NaN,2,0.361233333333075,0.427233333332879,NaN,67.0000000136497,0.0743708582265655,0.16301518362658,0.118693020926573,11.2221169821315,12.3951203963832,12.3951203963832,-0.113031306526324,0.0333201171457173,163.575188270677,20.0000000040745,14.8228173155472
880,Stim,1,4,0.6363,-0.0600666666664438,1,0.0279999999997926,0.0670000000000073,0.0880666666662364,40.0000000081491,0.148944601753966,0.166464645533544,0.157704623643755,20.5534277583561,22.7556432754158,22.7556432754158,-0.0831112993913849,0.1332805236844,121.946911118709,0,10.294440356109
880,Stim,1,4,0.6363,-0.0600666666664438,2,0.458000000000084,0.503000000000156,0.518066666666527,46.0000000093714,0.164379311657987,0.172420439347803,0.168399875502895,22.4743174048845,23.9264974010883,23.9264974010883,-0.154919415707585,-0.0659738713568925,203.067180164218,-4.00000000081491,1.65912759291169
880,Stim,1,4,0.6363,-0.0600666666664438,3,0.603999999999814,0.619000000000142,0.664066666666258,16.0000000032596,0,0.0368281443779655,0.0184140721889828,5.55335943790661,5.59301797388222,5.59301797388222,0.0119680075436611,0.0139944578321541,49.4630631082936,3.00000000061118,49.4630631082936
880,Stim,1,4,0.6363,-0.0600666666664438,4,0.731999999999971,0.746000000000095,0.792066666666415,15.0000000030559,0,6.93889390390723e-18,3.46944695195361e-18,4.66482123140753,4.65423406552343,4.66482123140753,3.46944695195361e-18,0,0,-3.00000000061118,0
881,NonStim,0,3,-0.1818,NaN,1,0.377999999999702,0.397999999999683,NaN,21.0000000042783,0.276088280549317,0.277906769443322,0.27699752499632,28.8666587038976,27.0904317436564,28.8666587038976,-0.25398782145414,-0.109956484529604,203.408766117259,3.00000000061118,4.67048240084588
882,Stim,1,1,-0.6363,-0.0566333333331386,1,0.00833333333366681,0.0293333333333976,0.0649666666668054,22.000000004482,0.025635511686603,0.0266560358341496,0.0261457737603763,4.5778368617695,5.55334004717156,5.55334004717156,-0.00199467022114912,0.000666416297715938,161.525604305263,-9.00000000183354,171.047374992512
882,Stim,1,1,-0.6363,-0.0566333333331386,2,0.0623333333332994,0.0903333333335468,0.118966666666438,29.0000000059081,0.033320012603599,0,0.0166600063017995,5.55333599118583,3.32445348588732,5.55333599118583,0,-0.0166600063017995,270,-6.00000000122236,90
882,Stim,1,1,-0.6363,-0.0566333333331386,3,0.089333333333343,0.140333333333274,0.145966666666482,52.0000000105938,0.033320012603599,0.0332445325849443,0.0332822725942717,5.33120129024465,7.10546030322441,7.10546030322441,0.0166222662924722,0.0166600063017995,45.0649697919614,-3.00000000061118,90
882,Stim,1,1,-0.6363,-0.0566333333331386,4,0.142333333333681,0.17333333333363,0.19896666666682,32.0000000065193,0.0186169275898106,0.047068317900745,0.0328426227452778,7.24295040905699,7.84472007129717,7.84472007129717,0.00731379183588497,0.0166600496771786,66.298439111897,-12.0000000024447,134.934937246745
882,Stim,1,1,-0.6363,-0.0566333333331386,5,0.286333333333459,0.317333333333409,0.342966666666598,32.0000000065193,0.005319120589731,0,0.0026595602948655,5.59300868202289,4.66481475844663,5.59300868202289,0.0026595602948655,-6.93889390390723e-18,360,-12.0000000024447,2.27373675443232e-13
882,Stim,1,1,-0.6363,-0.0566333333331386,6,0.326333333333423,0.357333333333372,0.382966666666562,32.0000000065193,1.38777878078145e-17,0,6.93889390390723e-18,5.55334739659216,5.33121639733005,5.55334739659216,0,-6.93889390390723e-18,270,3.00000000061118,90
882,Stim,1,1,-0.6363,-0.0566333333331386,7,0.39333333333343,0.430333333333692,0.449966666666569,38.0000000077416,0.00797867992124544,0.0339770052413832,0.0209778425813143,6.58956065600432,4.2205455585746,6.58956065600432,0.00731378969662209,0.0166600496771786,66.2984452802764,6.00000000122236,78.7150700657794
882,Stim,1,1,-0.6363,-0.0566333333331386,8,0.482333333333372,0.529333333333398,0.538966666666511,48.0000000097789,0.233005729289472,0.238507750341552,0.235756739815512,19.0381433231248,19.1718318814527,19.1718318814527,-0.139626956946811,0.188591909823013,126.51497303931,-2.00000000040745,11.0874311475733
882,Stim,1,1,-0.6363,-0.0566333333331386,9,0.537333333333663,0.563333333333503,0.593966666666802,27.0000000055006,0.0335579930763319,0.0470682121198672,0.0403131025980996,7.24578817323109,5.71032612018185,7.24578817323109,0.0146275597105229,0.0333200117426417,66.2984182064444,-11.000000002241,51.7623960804623
882,Stim,1,1,-0.6363,-0.0566333333331386,10,0.578333333333376,0.623333333333449,0.634966666666514,46.0000000093714,0.0358255937507277,0.0470681767891892,0.0414468852699584,5.3237562930967,5.5929794672637,5.5929794672637,0.00465423449792165,0.0299879221911944,81.177873732911,-21.0000000042783,86.8577571075473
882,Stim,1,1,-0.6363,-0.0566333333331386,11,0.648333333333539,0.71233333333339,0.704966666666678,65.0000000132422,0.235597929909733,0.290125383941345,0.262861656925539,23.6264364497543,26.6560962085727,26.6560962085727,0.0465423304271852,-0.258563868181001,280.204152762984,-4.00000000081491,3.79114058173911
882,Stim,1,1,-0.6363,-0.0566333333331386,12,0.719333333333452,0.756333333333259,0.775966666666591,38.0000000077416,0.00398934282779214,0.0066489055274194,0.00531912417760577,6.71083609418063,2.8091578001469,6.71083609418063,-0.00132978134981363,-6.93889390390723e-18,180,6.00000000122236,180
882,Stim,1,1,-0.6363,-0.0566333333331386,13,0.833333333333485,0.860333333333529,0.889966666666623,28.0000000057044,1.39048664439199e-17,0.0159936266587306,0.00799681332936533,5.55334739659217,3.55413626617772,5.55334739659217,-4.33680868994202e-19,-0.00799681332936531,270,-8.00000000162981,176.423665625003
882,Stim,1,1,-0.6363,-0.0566333333331386,14,0.917333333333318,0.951333333333423,0.973966666666456,35.0000000071304,0.00265956243158882,0,0.00132978121579441,4.79462967548119,2.6656011981691,4.79462967548119,0.00132978121579441,0,0,-9.00000000183354,0
884,NonStim,0,1,1,NaN,1,0.363966666666784,0.384966666666969,NaN,22.000000004482,0.246336396348199,0.23349078630659,0.239913591327394,18.7823458046215,22.0061010759101,22.0061010759101,-0.116355808751928,0.208583923431259,119.154390499719,2.00000000040745,10.8340701550594
884,NonStim,0,1,1,NaN,2,0.918966666667075,0.950966666666773,NaN,33.000000006723,0.199471443752792,0.314233600369615,0.256852522061204,26.2286024599967,26.4234056617089,26.4234056617089,-0.248002988081539,0.0526456885976837,168.015246965626,-1.00000000020373,18.9364579575383
885,NonStim,0,3,-0.3636,NaN,1,0.401133333333746,0.443133333333662,NaN,43.0000000087603,0.229009879069152,0.230501617328056,0.229755748198604,16.1932950907211,17.2848941111852,17.2848941111852,-0.114361096174148,0.199254316622053,119.853470314235,3.00000000061118,1.31591629910815
885,NonStim,0,3,-0.3636,NaN,2,0.52313333333359,0.542133333333823,NaN,20.0000000040745,0.159621582480761,0.107048193984101,0.133334888232431,14.0018110798845,12.3157883742358,14.0018110798845,-0.0877652053666182,-0.0986273467241319,228.335174961376,5.00000000101863,16.4119302719953
886,NonStim,0,4,-0.1818,NaN,1,0.0345333333334565,0.0905333333334966,NaN,57.0000000116124,0.0252658406740465,0.0369441564615692,0.0311049985678078,5.90072102884328,5.97928060245431,5.97928060245431,0.00465423183592853,0.0166600781500786,74.3915316416558,24.0000000048894,115.590255744294
886,NonStim,0,4,-0.1818,NaN,2,0.0995333333335111,0.140533333333678,NaN,42.0000000085565,0.0375376919782979,0.0334261288496378,0.0354819104139678,5.5533589491993,5.68438055556536,5.68438055556536,0.00997335874434164,-1.61965994435742e-09,359.999990695243,6.00000000122236,148.015237952971
886,NonStim,0,4,-0.1818,NaN,3,0.389533333333475,0.440533333333406,NaN,52.0000000105938,0.0238311462650068,0.061642880945182,0.0427370136050944,5.62367459752209,6.36139199191329,6.36139199191329,0.0206116141046074,-0.0273225282383194,307.030232273105,-40.0000000081491,83.7929008860459
886,NonStim,0,4,-0.1818,NaN,4,0.595533333333606,0.63053333333346,NaN,36.0000000073342,0.0402650579470852,0,0.0201325289735426,4.66482155846464,4.2205531430543,4.66482155846464,0.0113031222620622,0.0166600765304186,55.8448497070323,1.00000000020373,55.8448497070323
886,NonStim,0,4,-0.1818,NaN,5,0.746533333333446,0.760533333333569,NaN,15.0000000030559,0,0,0,4.66481927291079,2.88677812021127,4.66481927291079,0,0,0,1.00000000020373,0
887,NonStim,0,1,-1,NaN,1,0.390133333333324,0.41913333333332,NaN,30.0000000061118,0.326536595877254,0.271904924349473,0.299220760113364,20.214221211202,19.6280592537751,20.214221211202,-0.00132977966870764,-0.299214256530289,269.745365538502,2.00000000040745,0.560431024351544
887,NonStim,0,1,-1,NaN,2,0.589133333333393,0.627133333333404,NaN,39.0000000079453,0.105343330611325,0.219419479405239,0.162381405008282,11.8157302478197,19.3048177465361,19.3048177465361,-0.0618348210242841,0.149940293543908,112.411069295298,-2.00000000040745,5.94149689008358
888,Stim,1,1,0.0909,-0.0559666666667908,1,0.404866666666749,0.432866666666541,0.460833333333539,29.0000000059081,0.18856176407739,0.210304576118109,0.199433170097749,13.8857443002604,17.0886732332392,17.0886732332392,-0.193482979807411,0.0233240889501342,173.126246246937,-4.00000000081491,24.5602180124914
889,Stim,1,3,-1,-0.0552000000002408,1,0.569799999999759,0.586800000000039,0.625,18.0000000036671,0.375916167353164,0.267060848394149,0.321488507873657,32.9512799953524,21.851737530203,32.9512799953524,-0.126329180937626,-0.294549305189359,246.786002391336,1.00000000020373,9.13404399335803
892,NonStim,0,3,0.4545,NaN,1,0.353900000000067,0.367900000000191,NaN,15.0000000030559,0.18526206620174,0.206173575490158,0.195717820845949,20.9427283140043,17.7759940085108,20.9427283140043,-0.0957441975566458,-0.170598800907461,240.697799526805,-1.00000000020373,3.44758604942439
893,NonStim,0,3,0.0909,NaN,1,0.0109333333334689,0.0299333333337017,NaN,20.0000000040745,0.181339524065411,0.177865505618411,0.179602514841911,14.4404333164579,15.7715315550699,15.7715315550699,-0.00997336021929836,-0.179262248491305,266.815598610042,-1.00000000020373,3.03644741294858
893,NonStim,0,3,0.0909,NaN,2,0.369933333333393,0.403933333333498,NaN,35.0000000071304,0.185725005906576,0.417593326453182,0.301659166179879,24.237909176565,30.7860148919236,30.7860148919236,-0.111701573477983,0.27855457625406,111.850995941083,3.00000000061118,12.5622923676884
893,NonStim,0,3,0.0909,NaN,3,0.558933333333698,0.579933333333429,NaN,22.000000004482,0.233574413950859,0.256241065460478,0.244907739705669,14.2290292380219,16.558514717789,16.558514717789,0.0478721227519513,-0.239238358246455,281.315562992544,-1.00000000020373,9.98267998319301
896,Stim,1,1,-0.3636,-0.0471000000002277,1,0.350866666666661,0.369866666666439,0.397966666666889,20.0000000040745,0.0292551765645372,0.0085265661081797,0.0188908713363585,6.28282900056207,5.59302012694496,6.28282900056207,0.0119680280300279,-0.00333201465542864,344.442283540629,-5.00000000101863,128.596301829174
896,Stim,1,1,-0.3636,-0.0471000000002277,2,0.534866666666403,0.581866666666429,0.581966666666631,48.0000000097789,0.242900029341793,0.20748475102107,0.225192390181432,31.1899913036396,25.6536912837393,31.1899913036396,-0.0957442053529254,0.199920428232548,115.590299426575,-8.00000000162981,20.3742142481028
896,Stim,1,1,-0.3636,-0.0471000000002277,3,0.66186666666681,0.712866666666741,0.708966666667038,52.0000000105938,0.299880111663867,0.368025043331696,0.333952577497781,33.0665391149674,32.4928735505693,33.0665391149674,-0.016622264752845,-0.333200276404513,267.144069800785,-13.0000000026484,5.18272135979561
897,NonStim,0,4,0.1818,NaN,1,0.240600000000086,0.278600000000097,NaN,39.0000000079453,0.0334261278279731,0.0470683545131864,0.0402472411705798,5.58068462748589,5.90072037103539,5.90072037103539,0.0152924751099606,0.0333201529290298,65.3469722006114,26.0000000052969,49.4984763748422
897,NonStim,0,4,0.1818,NaN,2,0.308600000000297,0.322599999999966,NaN,15.0000000030559,0.0297889330695718,0.0386096473878169,0.0341992902286943,5.16454747153122,5.66284213899803,5.66284213899803,0.019946695031981,-0.000666403165522802,358.086505442529,1.00000000020373,109.94922734242
897,NonStim,0,4,0.1818,NaN,3,0.337600000000293,0.394600000000082,NaN,58.0000000118162,0.138416050605957,0.210698300829479,0.174557175717718,13.4956785813616,13.4886679378416,13.4956785813616,-0.11236647221496,0.133280297216007,130.133698570199,-1.00000000020373,6.01742009277351
897,NonStim,0,4,0.1818,NaN,4,0.453600000000279,0.493600000000242,NaN,41.0000000083528,0.194171302697499,0.139318714074414,0.166745008385957,22.3092421217988,21.7020919385982,22.3092421217988,-0.0678187748269093,-0.150606648081333,245.757771965026,3.00000000061118,15.9720176058694
898,Stim,1,2,0.4545,-0.0595333333335475,1,0.27619999999979,0.29320000000007,0.335733333333337,18.0000000036671,0.121750718154752,0.176409782258896,0.149080250206824,10.809479921775,15.3435456591529,15.3435456591529,0.0724729552930692,0.127949329372737,60.4719518627899,-1.00000000020373,19.2683163202828
898,Stim,1,2,0.4545,-0.0595333333335475,2,0.384199999999964,0.410199999999804,0.443733333333512,27.0000000055006,0.226836572631663,0.187179839390152,0.207008206010907,24.0605413348336,24.2373242906664,24.2373242906664,-0.153589476516663,-0.121951537571266,218.44991682049,3.00000000061118,37.5153508674934
900,NonStim,0,1,-0.3636,NaN,1,0.296133333332818,0.352133333332858,NaN,57.0000000116124,0.43427876822046,0.339768707344825,0.387023737782643,46.8939341257408,33.7816968540574,46.8939341257408,-0.0664890605169117,-0.381179191422759,260.105449472071,-11.000000002241,2.47823678122433
900,NonStim,0,1,-0.3636,NaN,2,0.404133333332993,0.419133333332866,NaN,16.0000000032596,0.119949273905062,0.09876954703094,0.109359410468001,11.1615801171469,11.1065739853082,11.1615801171469,-0.00265956257924258,0.109287744561577,91.3940414056196,-2.00000000040745,3.0870945415395
900,NonStim,0,1,-0.3636,NaN,3,0.436133333333146,0.455133333332924,NaN,20.0000000040745,0.233239431316539,0.226429755580678,0.229834593448609,19.1034309576107,19.6623223787841,19.6623223787841,-0.0319147359615963,0.22524318541312,98.0645639967109,-2.00000000040745,16.3733516021595
900,NonStim,0,1,-0.3636,NaN,4,0.804133333333084,0.853133333333062,NaN,50.0000000101863,0.162050149375365,0.31057688391479,0.236313516645078,20.244286222308,16.6912049084822,20.244286222308,-0.0638294679282732,0.227240830975067,105.689472679176,-1.00000000020373,5.85956837476056
901,NonStim,0,3,-0.6363,NaN,1,0.387966666666671,0.398966666666638,NaN,12.0000000024447,0.19619107089432,0.168269509050372,0.182230289972346,22.680473459481,18.8813469577808,22.680473459481,0.0285902756839742,0.179261710047407,80.9382711850975,0,10.0983364883693
901,NonStim,0,3,-0.6363,NaN,2,0.508966666666765,0.522966666666889,NaN,15.0000000030559,0.273224603046958,0.250380520134274,0.261802561590616,28.2110073946544,25.9659094826291,28.2110073946544,0.0119680313745336,-0.261229184170637,272.623131599858,-1.00000000020373,5.4857820526916
901,NonStim,0,3,-0.6363,NaN,3,0.79796666666698,0.819966666666915,NaN,23.0000000046857,0.268819605801418,0.207931668906364,0.238375637353891,21.1769240432303,16.297939287145,21.1769240432303,-0.102393121532897,-0.215246760573145,244.559515460799,-1.00000000020373,1.32076577578525
904,NonStim,0,4,1,NaN,1,0.307400000000143,0.322400000000016,NaN,16.0000000032596,0.0369441533336732,0.0368916789238691,0.0369179161287712,6.83773736369617,6.58269970188539,6.83773736369617,0.0246009463580821,-0.00866324092140038,340.600248366109,-4.00000000081491,90.101591001478
904,NonStim,0,4,1,NaN,2,0.334400000000187,0.36239999999998,NaN,29.0000000059081,0.0306545441987689,0.043474809337981,0.037064676768375,4.88695629242439,5.54519961798612,5.54519961798612,0.0139626869946648,-0.0319873481386008,293.581584440483,4.00000000081491,39.9661253690624
904,NonStim,0,4,1,NaN,3,0.476400000000012,0.529400000000351,NaN,54.0000000110012,0.108736054278861,0.18363749680983,0.146186775544345,8.48752858480594,10.3998668413035,10.3998668413035,-0.0910899964092183,0.11328840144909,128.801162055811,-9.00000000183354,12.5598643859311
904,NonStim,0,4,1,NaN,4,0.636400000000322,0.679399999999987,NaN,44.000000008964,0.28460735368211,0.102654015505691,0.1936306845939,23.7569819157172,24.1933235370822,24.1933235370822,0.0851059891774105,-0.17059867251324,296.513078941851,16.0000000032596,22.8452917733392
906,Stim,1,4,-0.3636,-0.0531999999998334,1,0.308366666666643,0.36236666666673,0.361566666666477,55.000000011205,0.243649385872986,0.0639546142124972,0.153802000042741,17.7927367316443,18.1030581381418,18.1030581381418,-0.0531912509975931,-0.117953140927117,245.726892048974,5.00000000101863,83.5262449730719
906,Stim,1,4,-0.3636,-0.0531999999998334,2,0.626366666666854,0.66836666666677,0.679566666666688,43.0000000087603,0.155807596860856,0.125754408183672,0.140781002522264,18.0786649370413,21.0034765588073,21.0034765588073,-0.130318511674652,-0.013328113960639,185.839529016198,11.000000002241,43.2299967883709
908,Stim,1,2,0.3636,-0.0511666666666315,1,0.533466666666754,0.560466666666798,0.584633333333386,28.0000000057044,0.254845457018505,0.250419551522311,0.252632504270408,18.858213566198,17.0511334028056,18.858213566198,-0.248668356694663,0.0433161734880516,170.118649771607,6.00000000122236,4.7791369781998
910,NonStim,0,3,-1,NaN,1,0.527766666666594,0.548766666666779,NaN,22.000000004482,0.175102809099951,0.2739192138547,0.224511011477326,16.5070618391859,22.3117032605895,22.3117032605895,-0.0930846547683097,-0.202585936832834,245.322055682491,1.00000000020373,13.8711477911179
910,NonStim,0,3,-1,NaN,2,0.721766666666554,0.734766666666474,NaN,14.0000000028522,0.16623729244121,0.191923497748751,0.179080395094981,16.9484900764384,18.9864589075642,18.9864589075642,0.0172871559592052,0.17726281644663,84.4299721601292,0,12.0040999001764
912,Stim,1,4,0.3636,-0.0529999999998836,1,0.110633333333226,0.134633333333568,0.163633333333109,25.0000000050932,0.338189507860783,0.313122897714055,0.325656202787419,29.3428566243136,26.0428900183311,29.3428566243136,-0.265290874782941,-0.187925485566511,215.312812054552,0,6.65467260744404
912,Stim,1,4,0.3636,-0.0529999999998836,2,0.683633333333546,0.709633333333386,0.73663333333343,27.0000000055006,0.169062868006123,0.134412717392433,0.151737792699278,23.0165712494123,16.9774704343539,23.0165712494123,-0.149599792278664,-0.0213248739099867,188.112639192525,-3.00000000061118,10.4792323910661
914,NonStim,0,2,-0.0909,NaN,1,0.539533333333566,0.563533333333453,NaN,25.0000000050932,0.133075170358961,0.180018283882362,0.156546727120661,12.4582405199733,14.4076714386338,14.4076714386338,-0.0558507953424247,0.142610085409946,111.38694335324,-6.00000000122236,24.1685479438628
915,Stim,1,1,-0.0909,-0.04796666666698,1,0.420066666666571,0.460066666666535,0.468033333333551,41.0000000083528,0.197447537231696,0.0345959589819123,0.116021748106804,20.4775383357389,21.2795973166555,21.2795973166555,-0.0405583234719042,0.108623542729586,110.474841509803,-5.00000000101863,5.71803998300391
916,Stim,1,3,-0.0909,-0.0553333333336923,1,0.418666666666468,0.440666666666402,0.47400000000016,23.0000000046857,0.212254711704415,0.526338321281126,0.369296516492771,16.3903722200105,38.8827362057048,38.8827362057048,0.031249832188563,0.367847100049488,85.1441925062192,-1.00000000020373,3.28664052310941
916,Stim,1,3,-0.0909,-0.0553333333336923,2,0.595666666666602,0.613666666666631,0.651000000000295,19.0000000038708,0.406595462298444,0.408926736004229,0.407761099151336,39.4700420798218,35.505975478602,39.4700420798218,-0.0950793403681395,-0.396503916867701,256.515416400197,-1.00000000020373,1.03931882975451
917,NonStim,0,4,0.0909,NaN,1,0.0540333333333365,0.0970333333330018,NaN,44.000000008964,0.0334261149954973,0.00666402369715872,0.020045069346328,5.55335725593765,4.12584109457845,5.55335725593765,-0.00132978139008931,0.0133280593510772,95.6977194149717,12.0000000024447,175.436413660302
917,NonStim,0,4,0.0909,NaN,2,0.346033333333253,0.375033333333249,NaN,30.0000000061118,0.239327871901964,0.278280751208364,0.258804311555164,15.7748818093899,15.4446345248735,15.7748818093899,-0.22938669330674,0.114621279937504,153.449351184215,-2.00000000040745,15.5787825829996
917,NonStim,0,4,0.0909,NaN,3,0.410033333333104,0.438033333333351,NaN,29.0000000059081,0.02925502393051,0.0144063723387694,0.0218306981346397,5.96942103515873,4.65419887773322,5.96942103515873,-0.0106382014804781,0.00599760726013832,150.586557415136,17.0000000034634,123.629878187601
917,NonStim,0,4,0.0909,NaN,4,0.529033333333246,0.563033333333351,NaN,35.0000000071304,0.123079146104549,0.179324326098399,0.151201736101474,13.2384483534476,16.7542044840387,16.7542044840387,0.0824463054422868,-0.126616480038547,303.070158243868,6.00000000122236,4.42121393254479
917,NonStim,0,4,0.0909,NaN,5,0.637033333332965,0.654033333333246,NaN,18.0000000036671,0,0,0,5.62367247503734,2.65956285208616,5.62367247503734,0,0,0,1.00000000020373,0
917,NonStim,0,4,0.0909,NaN,6,0.73203333333322,0.769033333333027,NaN,38.0000000077416,0.0292551905998723,0,0.0146275952999362,5.5930182045837,3.54608376887663,5.5930182045837,0.0146275952999362,0,0,13.0000000026484,0
917,NonStim,0,4,0.0909,NaN,7,0.800033333332976,0.842033333333347,NaN,43.0000000087603,0.00941367470571525,0,0.00470683735285762,2.66561243642043,5.31912549247556,5.31912549247556,-0.00332445347522327,0.00333201544974385,134.934910078705,12.0000000024447,134.934910078705
917,NonStim,0,4,0.0909,NaN,8,0.908033333333151,0.938033333333351,NaN,31.0000000063155,0.033426128989901,0.0268944991332092,0.0301603140615551,5.71035178871557,5.59302020305647,5.71035178871557,0.0146275881267014,0.0146608689816873,45.0651059119129,7.00000000142609,93.9863059006155
918,NonStim,0,1,0.3636,NaN,1,0.453566666667029,0.495566666666946,NaN,43.0000000087603,0.1680714902753,0.384980804160417,0.276526147217859,17.8159139860677,23.3390014727853,23.3390014727853,-0.123004655430597,0.245235178334555,116.637351600311,-7.00000000142609,15.6296212149928
918,NonStim,0,1,0.3636,NaN,2,0.72456666666676,0.748566666666648,NaN,25.0000000050932,0.283704972931888,0.215065544193704,0.249385258562796,34.9620833318088,28.2057841746954,34.9620833318088,-0.150930102343846,-0.197921342275261,232.67171932625,1.00000000020373,7.19538726875453
920,Stim,1,4,-0.0909,-0.0586666666667952,1,0.0420333333331655,0.0640333333331,0.100699999999961,23.0000000046857,0.00266561230133601,6.93889390390723e-18,0.00133280615066801,5.55335943901245,4.22055180993033,5.55335943901245,-6.93889390390723e-18,-0.00133280615066801,270,-4.00000000081491,2.8421709430404e-13
920,Stim,1,4,-0.0909,-0.0586666666667952,2,0.302033333332929,0.346033333333253,0.360699999999724,45.0000000091677,0.00398934416385876,6.93889390390723e-18,0.00199467208192938,5.5533570117244,4.71196667714552,5.5533570117244,0.00199467208192938,-3.46944695195361e-18,360,15.0000000030559,90
920,Stim,1,4,-0.0909,-0.0586666666667952,3,0.42603333333318,0.448033333333115,0.484699999999975,23.0000000046857,0.0333201563467935,0.0426328542080616,0.0379765052774275,5.55335943901245,7.84472921838646,7.84472921838646,0.0132978139978622,0.0333201564253054,68.2434442242232,11.000000002241,38.5963202439541
920,Stim,1,4,-0.0909,-0.0586666666667952,4,0.459033333333082,0.499033333333045,0.517699999999877,41.0000000083528,0.0470683659370874,0.0349771957796638,0.0410227808583756,5.90072076792432,5.59301813265586,5.90072076792432,-0.0113031396350487,0.0333201456320992,108.738395439545,7.00000000142609,62.6418327345158
920,Stim,1,4,-0.0909,-0.0586666666667952,5,0.666033333332962,0.71503333333294,0.724699999999757,50.0000000101863,0.00666402702293482,0.0354043170409466,0.0210341720319407,5.55335356989217,4.67008206276432,5.55335356989217,-0.00598401627095002,-0.0199920845063033,253.336544651245,36.0000000073342,19.7574316085721
920,Stim,1,4,-0.0909,-0.0586666666667952,6,0.726033333332907,0.768033333333278,0.784699999999702,43.0000000087603,0.0279254089587676,0.0339058756761318,0.0309156423174497,5.69880205077151,5.66284127044392,5.69880205077151,-0.00265956295056685,-0.00333201543041569,231.403676325886,-28.0000000057044,168.665006751499
920,Stim,1,4,-0.0909,-0.0586666666667952,7,0.893033333333278,0.938033333332896,0.951700000000073,46.0000000093714,0.00666403114188657,0.0212764798204471,0.0139702554811669,6.16842341933978,6.43494287357399,6.43494287357399,0.0106382399102236,-0.00333201557094329,342.60886101592,-15.0000000030559,90
920,Stim,1,4,-0.0909,-0.0586666666667952,8,0.934033333332991,0.963033333332987,0.992699999999786,30.0000000061118,0.00166222478924632,0.0162132898428964,0.00893775731607136,5.33582889970821,4.22055179178015,5.33582889970821,0.00216089133168185,0.00799683561547922,74.8787676622116,-15.0000000030559,80.5587807889284
922,NonStim,0,2,-0.3636,NaN,1,0.0629666666668527,0.0859666666665362,NaN,24.0000000048894,0.286146873569936,0.266696486687405,0.27642168012867,22.4414175870882,20.9498300931119,22.4414175870882,-0.0372338443313741,0.273889539037101,97.7416022999133,2.00000000040745,1.10581815872723
922,NonStim,0,2,-0.3636,NaN,2,0.48796666666658,0.510966666666718,NaN,24.0000000048894,0.316460154980509,0.261460607389366,0.288960381184937,22.275334379862,17.3152284816701,22.275334379862,-0.207444537878375,0.200587035693835,135.962839575558,2.00000000040745,6.04057067731807
922,NonStim,0,2,-0.3636,NaN,3,0.682966666666744,0.705966666666882,NaN,24.0000000048894,0.315763467829682,0.18703189907256,0.251397683451121,35.7745682240594,33.3797622267014,35.7745682240594,0.0890949502672128,-0.226576483919926,291.465864022038,0,29.8828170431205
923,NonStim,0,3,0.6363,NaN,1,0.773766666666234,0.785766666666404,NaN,13.0000000026484,0.165257185895569,0.156949381318678,0.161103283607124,16.2002444103781,16.4246843170296,16.4246843170296,-0.151594906734452,-0.0539785773308957,199.599349001455,1.00000000020373,5.49358893141707
925,NonStim,0,1,0.6363,NaN,1,0.217366666666294,0.241366666666181,NaN,25.0000000050932,0.0434748231015933,0.0279253847362503,0.0357001039189218,5.66284225699325,7.53093478435435,7.53093478435435,-8.46569417865817e-09,-0.0166600734198252,269.99997088557,-12.0000000024447,129.966157761086
925,NonStim,0,1,0.6363,NaN,2,0.308366666666188,0.325366666666469,NaN,18.0000000036671,0.00398934209915655,0.0333466812014594,0.018668011650308,2.88677594793093,5.55335945692413,5.55335945692413,-0.00132978277029374,0.0166600783420731,94.5635891081069,-4.00000000081491,92.2854086008159
925,NonStim,0,1,0.6363,NaN,3,0.463366666666388,0.475366666666105,NaN,13.0000000026484,0.0333199820553552,0.0418160756218687,0.0375680288386119,5.5533309540204,5.55333104178504,5.55333104178504,-0.0126329226704711,-0.0333199823213535,249.236301418864,-1.00000000020373,37.1722807886803
925,NonStim,0,1,0.6363,NaN,4,0.604366666666465,0.62136666666629,NaN,18.0000000036671,0.0333200595206289,0.0697420303098976,0.0515310449152632,5.55334371465323,6.15733121456624,6.15733121456624,-0.0166222378097499,-0.047314375425045,250.642872689632,4.00000000081491,28.4686459133655
925,NonStim,0,1,0.6363,NaN,5,0.662366666666458,0.676366666666127,NaN,15.0000000030559,0.043474753052511,0.033741876910218,0.0386083149813645,7.39010601593952,5.62364662280568,7.39010601593952,-0.0113031393299933,0.0333200210539904,108.738460138966,-2.00000000040745,49.0362502834781
925,NonStim,0,1,0.6363,NaN,6,0.907366666666348,0.932366666666439,NaN,26.0000000052969,0.0282346402976564,0.00398934284950307,0.0161119915735798,4.27259988449256,5.7103501682808,5.7103501682808,0.00664890336232936,-0.0133280476160517,296.513026705002,12.0000000024447,70.7505006134146
934,NonStim,0,2,0.4545,NaN,1,0.383766666666361,0.409766666666201,NaN,27.0000000055006,0.409569999063399,0.401618644611131,0.405594321837265,32.1228646181581,28.8118920205262,32.1228646181581,-0.402921610426188,0.0326537493722628,175.36673624142,3.00000000061118,9.35846461689368
935,Stim,1,1,0.3636,-0.0535666666669385,1,0.688999999999851,0.724999999999909,0.742566666666789,37.0000000075379,0.266279304023122,0.270459080024754,0.268369192023938,21.5632591465557,19.3023458010076,21.5632591465557,-0.2606361063543,0.0606426187580388,166.901940064614,-5.00000000101863,8.68941574883161
936,Stim,1,3,0.4545,-0.0553000000004431,1,0.458699999999681,0.49769999999944,0.514000000000124,40.0000000081491,0.336142553018088,0.175845425950184,0.255993989484136,21.653370796335,18.5797573981541,21.653370796335,-0.189493642658032,-0.145275494714158,217.475614993692,8.00000000162981,44.6253062842086
936,Stim,1,3,0.4545,-0.0553000000004431,2,0.652699999999641,0.692699999999604,0.708000000000084,41.0000000083528,0.170530824925921,0.12530087369529,0.147915849310605,12.1973927250351,9.97536647825939,12.1973927250351,0.0957441884810639,0.11262172294192,49.6308196236871,10.0000000020373,4.18567484337879
940,NonStim,0,4,-1,NaN,1,0.848966666666911,0.882966666667016,NaN,35.0000000071304,0.358740277812188,0.310341394652607,0.334540836232397,32.8067346914582,32.5569181126872,32.8067346914582,-0.281912389748414,-0.179928522612352,212.547757072576,4.00000000081491,2.84690661511229
954,Stim,1,2,1,-0.0515333333332819,1,0.392800000000079,0.414800000000014,0.444333333333361,23.0000000046857,0.186455069535226,0.250091869701363,0.218273469618294,19.5567741775477,23.7362884833598,23.7362884833598,-0.142951166645021,0.161935718018344,131.436933888561,-10.0000000020373,16.7145938900492
955,Stim,1,4,-0.6363,-0.0570333333339477,1,0.789299999999457,0.837299999999686,0.846333333333405,49.0000000099826,0.394021780232013,0.575143743161704,0.484582761696858,29.4291143567366,31.5502679559854,31.5502679559854,-0.115026022245049,-0.469138806641646,256.223674444265,-14.0000000028522,9.32772564172274
957,Stim,1,1,1,-0.063833333333605,1,0.00209999999970023,0.0210999999999331,0.0659333333333052,20.0000000040745,0.0333201486531843,0.034374908510482,0.0338475285818331,4.66482054112729,5.7103487164425,5.7103487164425,-0.0118017880643743,-0.0291551286385827,247.962248872734,-2.00000000040745,43.3656124884918
957,Stim,1,1,1,-0.063833333333605,2,0.0300999999999476,0.0800999999996748,0.0939333333335526,51.0000000103901,0.006648905579579,0.00797867450479341,0.0073137900421862,6.36139021868852,4.2726028693178,6.36139021868852,0.0073137900421862,1.73472347597681e-18,1.35897165795622e-14,10.0000000020373,2.8421709430404e-14
957,Stim,1,1,1,-0.063833333333605,3,0.219099999999798,0.265100000000075,0.282933333333403,47.0000000095752,0.0334261285520202,0.0452291102510183,0.0393276194015192,5.55335945517454,5.90072149300957,5.90072149300957,-0.0139627000039452,-0.0333201564868012,247.264042272213,1.00000000020373,47.1127562129267
957,Stim,1,1,1,-0.063833333333605,4,0.371099999999842,0.43309999999974,0.434933333333447,63.0000000128348,0.16502581516586,0.165619598074516,0.165322706620188,20.0908692988171,16.6552971867793,20.0908692988171,-0.158243882664847,-0.0459818074497188,196.202574134691,1.00000000020373,9.20921726293665
957,Stim,1,1,1,-0.063833333333605,5,0.452099999999973,0.488100000000031,0.515933333333578,37.0000000075379,0.00664889420743087,1.38777878078145e-17,0.00332444710371544,5.66284081520707,2.88677651548175,5.66284081520707,-0.00332444710371543,0,180,23.0000000046857,180
957,Stim,1,1,1,-0.063833333333605,6,0.942099999999755,0.965099999999893,1.00593333333336,24.0000000048894,0.00666403005765575,0.0333201564999066,0.0199920932787812,5.66284150351438,5.55335945837103,5.66284150351438,3.46944695195361e-18,-0.0199920932787812,270,2.00000000040745,0
960,NonStim,0,2,0.0909,NaN,1,0.326599999999871,0.35759999999982,NaN,32.0000000065193,0.0399156479980135,0.228949332241853,0.134432490119933,11.4785566753127,19.4306801044589,19.4306801044589,-0.0937494435066123,0.0139944655516781,171.509853688069,-10.0000000020373,171.400505789987
960,NonStim,0,2,0.0909,NaN,2,0.830599999999777,0.860599999999522,NaN,31.0000000063155,0.169884299918165,0.100039676077658,0.134961987997912,12.5652015409617,10.2278004569897,12.5652015409617,0.0186169336917173,0.133279926119004,82.0482066220286,12.0000000024447,8.99956481887187
961,Stim,1,4,-0.1818,-0.0575666666663892,1,0.436500000000251,0.460500000000138,0.49406666666664,25.0000000050932,0.123115057029001,0.292202658332266,0.207658857680634,12.8698845501493,20.2951093486627,20.2951093486627,-0.0757974871810916,0.189258170812231,111.825994658779,-6.00000000122236,24.0250906553004
962,Stim,1,1,0.6363,-0.0593333333335977,1,0.386333333332914,0.412333333332754,0.445666666666511,27.0000000055006,0.288394082421449,0.323744873076771,0.30606947774911,38.4644551204303,32.2711562726727,38.4644551204303,0.07646233129182,0.291217492020251,75.2884309455015,1.00000000020373,20.7372584347004
962,Stim,1,1,0.6363,-0.0593333333335977,2,0.631333333332805,0.654333333332943,0.690666666666402,24.0000000048894,0.699683815420231,0.59484620125553,0.647265008337881,53.9730147300463,45.4360922051692,53.9730147300463,-0.0871006541111697,-0.641067753897519,262.262709970251,0,3.54236094513396
962,Stim,1,1,0.6363,-0.0593333333335977,3,0.873333333332994,0.891333333333023,0.932666666666591,19.0000000038708,0.233148802551891,0.25092037429031,0.242034588421101,19.8905148818926,18.2861059629311,19.8905148818926,-0.0405583214326433,0.23856854869834,99.6484346945344,1.00000000020373,2.16148414517875
963,NonStim,0,3,0.1818,NaN,1,0.449066666666567,0.483066666666673,NaN,35.0000000071304,0.406135030390363,0.146645329834821,0.276390180112592,22.505971660323,10.8867928532939,22.505971660323,-0.123004628974259,-0.246567730244915,243.486881974721,18.0000000036671,10.1467306430111
963,NonStim,0,3,0.1818,NaN,2,0.649066666666386,0.663066666666509,NaN,15.0000000030559,0.223857342262669,0.252760103296296,0.238308722779482,21.8152263491847,22.5548454691328,22.5548454691328,-0.194145997413815,0.137278473044188,144.736294653517,-1.00000000020373,7.66826357261147
966,Stim,1,3,1,-0.0624000000002525,1,0.421033333333071,0.4390333333331,0.483433333333323,19.0000000038708,0.255119291914402,0.244534234185064,0.249826763049733,23.3774135937793,20.5533843028604,23.3774135937793,-0.200796629462721,-0.143276295843964,215.509351289381,1.00000000020373,18.23244312439
966,Stim,1,3,1,-0.0624000000002525,2,0.446033333333162,0.459033333333082,0.508433333333414,14.0000000028522,0.209707207362999,0.19694294668777,0.203325077025384,23.1728969112496,18.9662509334769,23.1728969112496,0.12965339691463,0.15660429357016,50.3784902776587,0,1.40165275202486
966,Stim,1,3,1,-0.0624000000002525,3,0.624033333333045,0.636033333333216,0.686433333333298,13.0000000026484,0.210808359218512,0.200776182443305,0.205792270830909,21.9651655199606,19.2101319428505,21.9651655199606,-0.164892667532777,-0.12261759889658,216.635255569143,0,6.25019252582729
969,NonStim,0,1,0.1818,NaN,1,0.577066666666269,0.600066666666407,NaN,24.0000000048894,0.328535144462798,0.219645897569282,0.27409052101604,24.9829088347033,18.0581343626915,24.9829088347033,-0.216088861875433,-0.161935418819731,216.847622428051,2.00000000040745,20.1489959957219
979,Stim,1,2,0.6363,-0.056999999999789,1,0.524200000000292,0.542200000000321,0.581200000000081,19.0000000038708,0.406828524212237,0.342844889550261,0.374836706881249,34.1381405128786,29.7255395628009,34.1381405128786,-0.349730746160056,-0.133280544150335,200.861580051651,2.00000000040745,6.34549424483427
981,NonStim,0,1,0.4545,NaN,1,0.0875333333333401,0.112533333332976,NaN,26.0000000052969,0.00132978067665399,0,0.000664890338326996,4.6542310081619,5.5533513317558,5.5533513317558,0.000664890338326996,-6.93889390390723e-18,359.999999999999,2.00000000040745,6.82121026329696e-13
981,NonStim,0,1,0.4545,NaN,2,0.183533333333344,0.20853333333298,NaN,26.0000000052969,0.0362277279627143,0.0345959108476032,0.0354118194051587,5.55334841640237,4.96670873565634,5.55334841640237,0.0152924627908015,0.0313208906819574,63.9760003358557,-4.00000000081491,20.3569715230711
981,NonStim,0,1,0.4545,NaN,3,0.385533333333115,0.405533333333096,NaN,21.0000000042783,0.0106623929094571,0.033320046846337,0.0219912198778971,5.90560175822315,5.55334163015711,5.90560175822315,0,-0.0219912198778971,270,9.00000000183354,0
981,NonStim,0,1,0.4545,NaN,4,0.477533333333213,0.521533333333082,NaN,45.0000000091677,0.423706973597688,0.306901154198752,0.36530406389822,31.5870311196487,30.0030344389425,31.5870311196487,-0.218748656100462,-0.291883861436366,233.150741356219,-1.00000000020373,6.35794741096959
981,NonStim,0,1,0.4545,NaN,5,0.824533333332965,0.846533333333355,NaN,23.0000000046857,0.160133558998468,0.1569566722359,0.158545115617184,12.6169924402081,11.5083002707798,12.6169924402081,-0.110371515349275,0.112622012865459,134.421778591439,-3.00000000061118,11.9195868414622
982,Stim,1,4,0.1818,-0.0549333333337927,1,0.103199999999561,0.136199999999917,0.158133333333353,34.0000000069267,0.0333201532413676,0.0199467056508149,0.0266334294460913,5.55335897715413,5.89039620166986,5.89039620166986,-0.00997335282540747,0.0166600766206838,120.906336639795,-6.00000000122236,90
982,Stim,1,4,0.1818,-0.0549333333337927,2,0.133199999999761,0.179199999999582,0.188133333333553,47.0000000095752,0.0434748328948627,0.0418162042961327,0.0426455185954977,6.96513048871645,5.61154419749012,6.96513048871645,0.0265956190762403,-0.03332015489855,308.59631222106,-8.00000000162981,2.79404123831273
982,Stim,1,4,0.1818,-0.0549333333337927,3,0.328199999999924,0.344199999999546,0.383133333333717,17.0000000034634,0.0349772081065525,0.0333201565557324,0.0341486823311425,5.62367473053498,5.55335946494079,5.62367473053498,-0.0053191256164014,0.0333201555408687,99.0699897559636,5.00000000101863,17.7069186430589
982,Stim,1,4,0.1818,-0.0549333333337927,4,0.419199999999819,0.442199999999957,0.474133333333612,24.0000000048894,0.0333201532413676,0.00265956284721647,0.017989858044292,5.55335897715413,5.55335942677728,5.55335942677728,0.00132978142360824,0.0166600766206838,85.4364150244308,-12.0000000024447,89.9999999999999
982,Stim,1,4,0.1818,-0.0549333333337927,5,0.544199999999819,0.592199999999593,0.599133333333612,49.0000000099826,0.214833212143872,0.257464225846706,0.236148718995289,18.9852436093277,17.4538375883384,18.9852436093277,-0.14893535531355,-0.183260584721751,230.899337598139,-7.00000000142609,0.0918137549264486
982,Stim,1,4,0.1818,-0.0549333333337927,6,0.717199999999593,0.741199999999935,0.772133333333386,25.0000000050932,0.00531912068990315,0.0132977652376625,0.00930844296378284,4.12864764862034,4.46833208908826,4.46833208908826,0.00930844296378284,0,0,-8.00000000162981,0
982,Stim,1,4,0.1818,-0.0549333333337927,7,0.852199999999812,0.876199999999699,0.907133333333604,25.0000000050932,0.0358647867352088,0,0.0179323933676044,5.33120300659835,2.74727782996079,5.33120300659835,-0.00930845348976448,-0.015327211929095,238.729041057884,4.00000000081491,121.270958942116
983,NonStim,0,2,-0.6363,NaN,1,0.675399999999627,0.690399999999499,NaN,16.0000000032596,0.212480468646183,0.18896407006499,0.200722269355587,17.1702756636138,17.6863851172817,17.6863851172817,-0.175530795692751,0.0972948187698636,151.000871461655,2.00000000040745,1.98834659156012
983,NonStim,0,2,-0.6363,NaN,2,0.881399999999758,0.900399999999536,NaN,20.0000000040745,0.443804170602637,0.429181501510959,0.436492836056798,40.2614116515361,38.6332798030171,40.2614116515361,-0.0864357178790207,-0.427828583670206,258.578080176958,2.00000000040745,1.10046083564117
989,Stim,1,3,-0.4545,-0.0527666666666846,1,0.0810666666666293,0.113066666666782,0.133833333333314,33.000000006723,0.00265955763345621,0.0335581142111703,0.0181088359223132,7.84472283457007,4.4250845731731,7.84472283457007,-0.00332445078166587,-0.0166600732622873,258.715082173061,13.0000000026484,83.1726082272666
989,Stim,1,3,-0.4545,-0.0527666666666846,2,0.164066666666713,0.176066666666429,0.216833333333398,13.0000000026484,0.0239360563732897,0.033320156711523,0.0286281065424063,6.46546823776384,5.55335947903613,6.46546823776384,0.0119680281866449,0.0166600783557615,54.3078312410714,-1.00000000020373,90
990,Stim,1,3,0.6363,-0.0658333333331029,1,0.0610666666666475,0.0770666666667239,0.12689999999975,17.0000000034634,0.19823601586363,0.203582727782579,0.200909371823104,20.4730044914605,19.8645717581219,20.4730044914605,-0.057180586399244,-0.192590324257568,253.463703846029,2.00000000040745,1.12984711362617
990,Stim,1,3,0.6363,-0.0658333333331029,2,0.543066666666618,0.573066666666818,0.608899999999721,31.0000000063155,0.215490218431196,0.222548636307848,0.219019427369522,23.6378846619518,21.5606574067079,23.6378846619518,-0.208110318205713,0.0506466274355817,166.322143034803,6.00000000122236,24.1258290846739
990,Stim,1,3,0.6363,-0.0658333333331029,3,0.737066666667033,0.755066666667062,0.802900000000136,19.0000000038708,0.168295660330719,0.151686734125985,0.159991197228352,12.1662761901737,15.3980256559777,15.3980256559777,0.0718081550298724,-0.142609834634963,296.72656979647,2.00000000040745,7.29105342652014
994,NonStim,0,1,-0.1818,NaN,1,0.158799999999701,0.18979999999965,NaN,32.0000000065193,0.010727046609501,0.0265956085053715,0.0186613275574362,5.67305877507955,7.07485774146172,7.07485774146172,0.0179520381766359,0.00266561227896208,8.44586593579132,16.0000000032596,29.8009953839234
994,NonStim,0,1,-0.1818,NaN,2,0.685799999999745,0.720799999999599,NaN,36.0000000073342,0.346019887336445,0.327605694624066,0.336812790980256,26.7354449309889,26.007675976091,26.7354449309889,-0.332444174353092,0.0173263586174711,177.016552207519,-5.00000000101863,17.5008251948901
994,NonStim,0,1,-0.1818,NaN,3,0.844799999999395,0.866799999999785,NaN,23.0000000046857,0.00665857731807196,0.0305847743440684,0.0186216758310702,5.62367255533719,5.76428761695181,5.76428761695181,-0.0132977256736282,-0.00266561221522602,191.335066007511,-11.000000002241,126.807286805905
994,NonStim,0,1,-0.1818,NaN,4,0.942799999999352,0.971799999999348,NaN,30.0000000061118,0.184554498518774,0.166464252582193,0.175509375550484,14.9134498586113,14.4670580512717,14.9134498586113,0.11369605566121,-0.133280157805978,310.466189207935,-4.00000000081491,6.95855380884865
1000,Stim,1,4,0.3636,-0.0474666666668782,1,0.333366666666734,0.369366666666792,0.380833333333612,37.0000000075379,0,0,0,5.55335864660295,6.58896776772151,6.58896776772151,0,0,0,-5.00000000101863,0
1000,Stim,1,4,0.3636,-0.0474666666668782,2,0.387366666666821,0.427366666666785,0.4348333333337,41.0000000083528,0.0901591991502548,0.181699261181186,0.135929230165721,14.5918936067155,19.2599684747853,19.2599684747853,-0.107047349925777,0.0799682541036966,143.238934570365,-3.00000000061118,22.4853981150562
1000,Stim,1,4,0.3636,-0.0474666666668782,3,0.429366666666738,0.448366666666516,0.476833333333616,20.0000000040745,0.0405707584217753,0.0509814167120136,0.0457760875668944,5.69879773841625,5.55332091818067,5.69879773841625,0.0319147163137412,0.032653607894838,45.6556391507427,1.00000000020373,8.22705933923137
1000,Stim,1,4,0.3636,-0.0474666666668782,4,0.654366666666647,0.713366666666843,0.701833333333525,60.0000000122236,0.103503669411456,0.197254525020194,0.150379097215825,26.7910233386404,32.9810234113153,32.9810234113153,0.0106382495527608,-0.149273881764122,274.076386378406,-8.00000000162981,11.8624439804885
1000,Stim,1,4,0.3636,-0.0474666666668782,5,0.892366666666476,0.91836666666677,0.939833333333354,27.0000000055006,0.0132978140136568,0,0.00664890700682838,7.84472840653688,2.65956280331771,7.84472840653688,-0.00664890700682838,0,180,-13.0000000026484,180
1002,Stim,1,3,0.6363,-0.0669333333330542,1,0.71236666666664,0.728366666666716,0.779299999999694,17.0000000034634,0.315245720104778,0.202202011821255,0.258723865963017,26.6887535407139,19.4008863090183,26.6887535407139,-0.138961905176263,-0.216579769320334,237.314958683528,3.00000000061118,12.2088296967882
1003,NonStim,0,1,-0.1818,NaN,1,0.00226666666640085,0.0262666666662881,NaN,25.0000000050932,0.00525761763657328,0.0283069043846499,0.0167822610106116,3.51145640039076,5.5930205107917,5.5930205107917,-0.0166222568065742,0.00166600787329949,174.276499273594,0,15.099943088281
1003,NonStim,0,1,-0.1818,NaN,2,0.137266666666164,0.17126666666627,NaN,35.0000000071304,0.0333201545299969,0.010395611249149,0.0218578828895729,5.5533591747371,2.04529916184168,5.5533591747371,-0.00398934259051706,0.013328061507781,106.663442969369,20.0000000040745,129.869620849111
1003,NonStim,0,1,-0.1818,NaN,3,0.200266666666266,0.269266666666226,NaN,70.0000000142609,6.93889390390723e-18,0.00132978089902224,0.000664890449511124,5.55335917473709,5.16454777575341,5.55335917473709,-0.000664890449511124,0,180,26.0000000052969,0
1003,NonStim,0,1,-0.1818,NaN,4,0.278266666666241,0.295266666666521,NaN,18.0000000036671,0.0333201545299969,0,0.0166600772649984,5.5533591747371,4.66482193023947,5.5533591747371,0,-0.0166600772649984,270,2.00000000040745,90
1003,NonStim,0,1,-0.1818,NaN,5,0.347266666666201,0.412266666666255,NaN,66.000000013446,0.433736461948347,0.399597570160764,0.416667016054556,33.4214366912414,30.3502306334061,33.4214366912414,-0.345075551344586,-0.233239847008118,214.055134714297,16.0000000032596,3.17999794331072
1003,NonStim,0,1,-0.1818,NaN,6,0.498266666666495,0.562266666666346,NaN,65.0000000132422,0.293895778809609,0.303778306957354,0.298837042883482,28.6123631915035,21.2832646358734,28.6123631915035,0.222071606887443,0.19991993313025,41.9951208802959,-2.00000000040745,1.7065762076231
1003,NonStim,0,1,-0.1818,NaN,7,0.64526666666643,0.68826666666655,NaN,44.000000008964,0.0332712398683237,0.0333466617405156,0.0333089508044197,5.33122466102307,5.49456541195345,5.49456541195345,0.0172871576309895,-0.0173264716075244,314.934923785449,26.0000000052969,85.4187667810255
1003,NonStim,0,1,-0.1818,NaN,8,0.725266666666357,0.747266666666292,NaN,23.0000000046857,0,0.0239360642551084,0.0119680321275542,5.33122105839108,3.54608367049151,5.33122105839108,-0.0119680321275542,0,180,8.00000000162981,180
1003,NonStim,0,1,-0.1818,NaN,9,0.750266666666448,0.823266666666314,NaN,74.0000000150758,0.14120489693617,0.132977902679822,0.137091399807996,18.953017566515,18.1762479298278,18.953017566515,-0.116355713873319,-0.04998011328644,203.245740486813,38.0000000077416,45.0650447689029
1003,NonStim,0,1,-0.1818,NaN,10,0.859266666666372,0.89526666666643,NaN,37.0000000075379,0.0333200141309772,0.0329012537098241,0.0331106339204007,5.5533362428942,5.77354940301496,5.77354940301496,0.0159573112012587,0.0206584246456991,52.3162098090869,5.00000000101863,75.9330430469534
1005,Stim,1,2,0.1818,-0.0652000000004591,1,0.349533333333056,0.366533333332882,0.414733333333515,18.0000000036671,0.392444821795532,0.527552754350134,0.459998788072833,38.9619226976011,46.6494118964607,46.6494118964607,-0.126329050366688,0.441813095552833,105.956993639848,-3.00000000061118,5.29085645653822
1005,Stim,1,2,0.1818,-0.0652000000004591,2,0.467533333332995,0.490533333333133,0.532733333333454,24.0000000048894,0.73505811544672,0.688521496675704,0.711789806061212,52.3710075145514,50.272528772554,52.3710075145514,0.0438827385910913,-0.710375896480411,273.534895857684,-1.00000000020373,1.48613540860248
1007,Stim,1,4,-0.3636,-0.0559666666663361,1,0.574833333333572,0.629833333333409,0.630799999999908,56.0000000114087,0.258870830147688,0.199484675303227,0.229177752725458,21.4200795834847,18.4367374173481,21.4200795834847,-0.198802019154825,-0.0846331163813691,203.06021006373,-5.00000000101863,39.2926527566057
1013,NonStim,0,2,1,NaN,1,0.393133333333026,0.418133333333117,NaN,26.0000000052969,0.345605091845113,0.334846442443311,0.340225767144212,25.8471542762373,21.3262859970463,25.8471542762373,-0.275263839804358,-0.199920286934733,215.990380756441,-1.00000000020373,1.31634201716835
1013,NonStim,0,2,1,NaN,2,0.547133333333022,0.561133333333146,NaN,15.0000000030559,0.117843005413672,0.0744721223110037,0.0961575638623379,11.2963495941434,6.66769830344831,11.2963495941434,0.049866468467934,0.0819673830898041,58.6849378490031,2.00000000040745,7.83474741327299
1020,NonStim,0,3,-1,NaN,1,0.296466666666674,0.337466666666387,NaN,42.0000000085565,0.236955041292747,0.229826600887864,0.233390821090306,21.0734869387969,19.1924426107231,21.0734869387969,-0.224067142184674,-0.0653074960708832,196.249500327914,-15.0000000030559,0.171597877710497
1020,NonStim,0,3,-1,NaN,2,0.442466666666405,0.514466666666522,NaN,73.0000000148721,0.113017996339859,0.135799212326709,0.124408604333284,9.78551799730295,11.0903606833564,11.0903606833564,0.107047035721342,0.0553114394499166,27.325498471972,-20.0000000040745,28.952602364777
1021,Stim,1,1,0.3636,-0.0575333333335948,1,0.0551333333332877,0.0981333333334078,0.112666666666883,44.000000008964,0.0334260964206829,0.042632810059162,0.0380294532399224,7.24580048103265,6.47237903506702,7.24580048103265,0.0146275933632371,0.0333201134115115,66.2984340365858,4.00000000081491,34.0327726694499
1021,Stim,1,1,0.3636,-0.0575333333335948,2,0.353133333333062,0.429133333333084,0.410666666666657,77.000000015687,0.115563838078258,0.16213842772497,0.138851132901614,31.2710518434081,28.5391910328323,31.2710518434081,-0.111036696858055,-0.0833002421687602,216.877399915496,-22.000000004482,2.84641410413013
1022,Stim,1,1,0.4545,-0.04873333333353,1,0.326233333333221,0.363233333333028,0.374966666666751,38.0000000077416,0.0986289056102248,0.105052570043059,0.101840737826642,14.4493375812324,12.314715963268,14.4493375812324,-0.101728042379297,-0.00333201566247986,181.876003925956,-16.0000000032596,3.87423934418894
1022,Stim,1,1,0.4545,-0.04873333333353,2,0.718233333333046,0.760233333332963,0.766966666666576,43.0000000087603,0.429219846368373,0.471805950011879,0.450512898190126,44.0827950563676,39.9922496467298,44.0827950563676,-0.0671538116481909,-0.444484717178488,261.408592546094,0,7.58333597647243
1022,Stim,1,1,0.4545,-0.04873333333353,3,0.934233333332941,0.961233333332984,0.982966666666471,28.0000000057044,0.234202812501874,0.222239208355597,0.228221010428735,20.0436127359475,19.9690903241041,20.0436127359475,-0.0591751155205641,0.21657586540452,105.28194790042,2.00000000040745,20.6874863220578
1029,Stim,1,4,-0.6363,-0.0640333333335548,1,0.41283333333331,0.446833333332961,0.476866666666865,35.0000000071304,0.239313549141352,0.30517920211256,0.272246375626956,30.3471075893618,31.1358486386374,31.1358486386374,-0.179520290132383,0.204585325507796,131.266424126311,-4.00000000081491,2.52303032349661
1033,Stim,1,2,-0.4545,-0.0613333333335504,1,0.48813333333328,0.5011333333332,0.549466666666831,14.0000000028522,0.224043279779367,0.222948024441191,0.223495652110279,26.1186367561655,27.0107886076741,27.0107886076741,-0.0984037540886329,0.20058668413248,116.131631205732,1.00000000020373,2.90026224586316
1033,Stim,1,2,-0.4545,-0.0613333333335504,2,0.665133333333415,0.678133333333335,0.726466666666965,14.0000000028522,0.255433575694577,0.25174660515171,0.253590090423144,28.5905028021408,27.0274745814525,28.5905028021408,-0.129653488899781,-0.217913339036831,239.248315244423,0,1.54465135250734
1034,NonStim,0,2,-0.0909,NaN,1,0.327566666666826,0.353566666666666,NaN,27.0000000055006,0.00930846986298383,0.00398934259020911,0.00664890622659647,5.96945029988872,6.79369047783434,6.79369047783434,0.00664890622659647,0,0,13.0000000026484,0
1038,Stim,1,1,-0.1818,-0.0587999999997919,1,0.00886666666701785,0.0518666666666832,0.0676666666668098,44.000000008964,0.0418162007654621,0,0.020908100382731,5.710351619792,7.2458009407269,7.2458009407269,0.0126329117091587,0.0166600781319584,52.8278869300085,-1.00000000020373,52.8278869300085
1038,Stim,1,1,-0.1818,-0.0587999999997919,2,0.0628666666666504,0.0988666666667086,0.121666666666442,37.0000000075379,0.0333201403749851,0.0434577501512441,0.0383889452631146,5.62367244819173,5.72822185722539,5.72822185722539,0.0166222422972302,0.030654535988807,61.5314966695941,4.00000000081491,49.9055707602632
1038,Stim,1,1,-0.1818,-0.0587999999997919,3,0.407866666666905,0.42986666666684,0.466666666666697,23.0000000046857,0.0333465654998382,0.0332711319563565,0.0333088487280973,5.71033203423747,5.54073814472312,5.71033203423747,0.015957325883812,0.0173264221123528,47.3554810622656,4.00000000081491,89.9895951995976
1038,Stim,1,1,-0.1818,-0.0587999999997919,4,0.420866666666825,0.467866666666851,0.479666666666617,48.0000000097789,0.351747324586341,0.199466987622366,0.275607156104354,28.0549199313727,19.4760598182621,28.0549199313727,-0.231381623004937,-0.116620389161574,206.748904122036,11.000000002241,41.5361020452752
1038,Stim,1,1,-0.1818,-0.0587999999997919,5,0.500866666666752,0.523866666666891,0.559666666666544,24.0000000048894,0,0.0395864084494773,0.0197932042247386,3.83436784063345,5.71033248706284,5.71033248706284,0.0132977965271273,0.0146608165190528,47.7910365706998,3.00000000061118,47.7910365706998
1038,Stim,1,1,-0.1818,-0.0587999999997919,6,0.604866666667021,0.628866666666909,0.663666666666813,25.0000000050932,0.0132978043415068,0.0253231646535189,0.0193104844975129,5.25665826720433,4.66479468435663,5.25665826720433,-0.00664890217075341,-0.0126615823267594,242.294952898976,-13.0000000026484,90
1038,Stim,1,1,-0.1818,-0.0587999999997919,7,0.630866666666861,0.669866666666621,0.689666666666653,40.0000000081491,0.0402650744802557,0.0279887694489353,0.0341269219645955,6.2562819899272,5.55332685213439,6.2562819899272,0.0113031346254999,0.00266569340749078,13.2699704996042,6.00000000122236,145.844823149292
1038,Stim,1,1,-0.1818,-0.0587999999997919,8,0.671866666667029,0.711866666666992,0.730666666666821,41.0000000083528,0.00132978100271389,0.0266559696796102,0.013992875341162,4.85065771787697,5.91050252372599,5.91050252372599,0.000664890501356942,-0.0133279848398051,272.855935426968,10.0000000020373,89.9999999999998
1038,Stim,1,1,-0.1818,-0.0587999999997919,9,0.716866666666647,0.757866666666814,0.775666666666439,42.0000000085565,0.00265956286140714,0.0122760242438147,0.00746779355261092,7.24580563349412,6.28280174832088,7.24580563349412,-0.00531912362730362,-0.00466479813572976,221.250316074239,-20.0000000040745,49.4628898051661
1038,Stim,1,1,-0.1818,-0.0587999999997919,10,0.794866666666621,0.816866666667011,0.853666666666413,23.0000000046857,0.0333201562639168,0,0.0166600781319584,5.55335942802436,2.88119184987668,5.55335942802436,-4.33680868994202e-19,-0.0166600781319584,270,6.00000000122236,90
1038,Stim,1,1,-0.1818,-0.0587999999997919,11,0.867866666666941,0.888866666666672,0.926666666666733,22.000000004482,0.0337420493156278,0.00132978111973046,0.0175359152176791,5.71035185838034,4.65423401853386,5.71035185838034,0.00332445248649996,0.0166600781319584,78.7150797483629,2.00000000040745,80.9300133940407
1038,Stim,1,1,-0.1818,-0.0587999999997919,12,0.897866666666687,0.915866666666716,0.956666666666479,19.0000000038708,0.00799683777829759,0.0226062840117027,0.0153015608950001,5.33122498506383,6.47235786439782,6.47235786439782,0.0113031420058513,-0.00399841848275806,340.519073113993,1.00000000020373,90.0000020600002
1040,NonStim,0,4,-0.0909,NaN,1,0.643499999999676,0.677499999999782,NaN,35.0000000071304,0.0470683334639335,0.140581375997539,0.0938248547307364,16.9482294056813,12.9273384431151,16.9482294056813,0.0824463880997046,0.0413169674672515,26.6171614165897,15.0000000030559,24.5298261326022
1040,NonStim,0,4,-0.0909,NaN,2,0.875499999999647,0.911499999999705,NaN,37.0000000075379,0.248840025695238,0.206117991250202,0.22747900847272,27.3054078362259,24.0047572003602,27.3054078362259,-0.186834058411794,-0.124617205360123,213.703051665464,3.00000000061118,18.394343647558
1041,NonStim,0,2,0.1818,NaN,1,0.482733333333272,0.504733333333206,NaN,23.0000000046857,0.315186134459078,0.316336681245789,0.315761407852434,30.564376805058,28.9792533428221,30.564376805058,-0.291221334362161,0.00466476224817022,179.082318831222,2.00000000040745,45.4407196433663
1044,NonStim,0,1,1,NaN,1,0.613600000000133,0.62960000000021,NaN,17.0000000034634,0.389334592642957,0.353301999823596,0.371318296233276,38.4392655504277,41.4330539776089,41.4330539776089,0.0485369610690213,-0.367850454302859,277.516615819398,0,4.45163367482076
1044,NonStim,0,1,1,NaN,2,0.821600000000217,0.835599999999886,NaN,15.0000000030559,0.159161757949918,0.195090810871033,0.177126284410475,18.4434899078516,17.8979810366382,18.4434899078516,-0.174201027878838,0.0319871084141066,169.595151865486,-1.00000000020373,1.38677987341057
1045,NonStim,0,3,0.1818,NaN,1,0.443333333333612,0.512333333333572,NaN,70.0000000142609,0.299690477197004,0.323026082319035,0.31135827975802,32.1363854477071,25.9996380762942,32.1363854477071,-0.150265191057014,-0.272557676356592,241.131383753914,4.00000000081491,3.22514942158597
1049,NonStim,0,1,-0.6363,NaN,1,0.466199999999844,0.534200000000055,NaN,69.0000000140572,0.145028255494021,0.192818074695803,0.168923165094912,11.2594372867871,23.627591213518,23.627591213518,-0.0678189794689643,0.0666401329034447,135.50231777677,-49.0000000099826,113.220378577346
1049,NonStim,0,1,-0.6363,NaN,2,0.650200000000041,0.713199999999688,NaN,64.0000000130385,0.212021819035882,0.267702281301768,0.239862050168825,20.7890989277161,22.6399299207741,22.6399299207741,0.172206546393809,-0.165933840836594,316.062748936721,-23.0000000046857,8.93877332180398
1049,NonStim,0,1,-0.6363,NaN,3,0.826199999999972,0.869200000000092,NaN,44.000000008964,0.0443405032390507,0.0505492288884136,0.0474448660637321,5.21707313591598,7.53091473766925,7.53091473766925,-0.0398933702336088,0.0173263833353662,156.523856847698,-31.0000000063155,47.2058613849712
1050,Stim,1,4,-0.1818,-0.0608333333334485,1,0.544666666666672,0.587666666666337,0.60550000000012,44.000000008964,0.47868693299403,0.526422437223701,0.502554685108865,46.0737945583331,51.9615707292725,51.9615707292725,-0.400925991520769,0.301878710109283,143.02194559184,1.00000000020373,5.99385063580229
1050,Stim,1,4,-0.1818,-0.0608333333334485,2,0.673666666666577,0.703666666666322,0.734500000000025,31.0000000063155,0.517670694907335,0.440647800105629,0.479159247506482,43.1407452232506,37.9771741768003,43.1407452232506,0.182177672923133,-0.443154939299813,292.347196286746,0,1.0342027072038
1051,NonStim,0,3,-0.6363,NaN,1,0.541866666666465,0.561866666666447,NaN,21.0000000042783,0.247396658539476,0.18325462731042,0.215325642924948,19.1488152217603,15.8467423956733,19.1488152217603,-0.119680030190123,0.178595874754966,123.826689157248,6.00000000122236,6.49154006072823
1051,NonStim,0,3,-0.6363,NaN,2,0.698866666666618,0.724866666666458,NaN,27.0000000055006,0.502479255104773,0.340032567795345,0.421255911450059,31.7414252026729,28.8773592129397,31.7414252026729,-0.0179520484301403,-0.420497473422792,267.555389871878,7.00000000142609,4.93069612456316
1052,NonStim,0,1,0.4545,NaN,1,0.0793666666668287,0.108366666666825,NaN,30.0000000061118,0.117020723227917,0.120393562916686,0.118707143072302,11.0815106598073,14.6763528399177,14.6763528399177,-0.116355797698262,-0.0166600726937287,188.148350347467,-1.00000000020373,16.0669375169316
1052,NonStim,0,1,0.4545,NaN,2,0.412366666666912,0.463366666666843,NaN,52.0000000105938,0.0972948187065454,0.109168611211826,0.103231714959186,8.04582167716853,10.8845836550852,10.8845836550852,-0.0219413686070645,0.098627633190535,102.54215788743,-17.0000000034634,23.7015220733754
1052,NonStim,0,1,0.4545,NaN,3,0.781366666666599,0.804366666666738,NaN,24.0000000048894,0.273486901116695,0.178889125042484,0.22618801307959,22.7335775201751,17.1457988505077,22.7335775201751,-0.0631644073862468,-0.216579250597782,253.740902358841,0,8.43653904970279
1053,Stim,1,3,0.1818,-0.0606000000002496,1,0.538333333332957,0.55733333333319,0.598933333333207,20.0000000040745,0.138620853274033,0.279523357360251,0.209072105317142,14.0065064497215,24.1892865442597,24.1892865442597,-0.111036681393887,0.17259781937218,122.754234260685,4.00000000081491,23.3894317442715
1053,Stim,1,3,0.1818,-0.0606000000002496,2,0.694333333332906,0.731333333333168,0.754933333333156,38.0000000077416,0.347860272991478,0.509155964178668,0.428508118585073,46.9583245735783,48.2034838448679,48.2034838448679,0.00265956016419217,-0.428494226077145,270.355616497881,5.00000000101863,0.598576292566293
1054,NonStim,0,4,-0.6363,NaN,1,0.585699999999633,0.60169999999971,NaN,17.0000000034634,0.347628574583645,0.285283187434997,0.316455881009321,33.4962369243939,26.9022359376416,33.4962369243939,-0.197472170472961,-0.245902204966932,231.233736655029,-1.00000000020373,9.5078791329428
1055,Stim,1,3,-0.4545,-0.0634000000004562,1,0.459766666666383,0.492766666666284,0.523166666666839,34.0000000069267,0.433523779682759,0.586642854443145,0.510083317062952,41.7332586967536,42.8376810005471,42.8376810005471,-0.195477627583007,0.471138077110534,112.53381517754,-2.00000000040745,0.35200075468299
1055,Stim,1,3,-0.4545,-0.0634000000004562,2,0.567766666666557,0.592766666666648,0.631166666667013,26.0000000052969,0.676146425344627,0.584922347153631,0.630534386249129,53.7844810156125,45.2723048309448,53.7844810156125,0.123004695518661,-0.618412954591459,281.249528598861,-2.00000000040745,0.542827709354526
1055,Stim,1,3,-0.4545,-0.0634000000004562,3,0.846766666666554,0.864766666666583,0.91016666666701,19.0000000038708,0.0727195821017387,0.0976213096792486,0.0851704458904937,7.65538610752662,12.2173779205461,12.2173779205461,0.0132978157685748,-0.0806346743008826,279.364608310798,-3.00000000061118,33.0765346308982
1056,Stim,1,4,-1,-0.0561333333334915,1,0.556900000000041,0.581899999999678,0.613033333333533,26.0000000052969,0.207631006476678,0.345636677105211,0.276633841790944,19.2114463608871,24.6180735992524,24.6180735992524,-0.149600300802542,0.232572686077091,122.750788044275,-9.00000000183354,3.20082715345239
1056,Stim,1,4,-1,-0.0561333333334915,2,0.765899999999874,0.791899999999714,0.822033333333366,27.0000000055006,0.37250240220001,0.338421072863905,0.355461737531957,31.9735835340793,30.601137465217,31.9735835340793,0.0724730334927358,-0.347860744872543,281.768611746697,2.00000000040745,3.12299049192507
1065,NonStim,0,2,0.4545,NaN,1,0.132133333333059,0.153133333333244,NaN,22.000000004482,0.00664889967355385,0.00188273432441919,0.00426581699898652,7.24295844100896,6.25628202935112,7.24295844100896,-0.00265955963658208,0.00066640314808035,165.933078090981,8.00000000162981,134.934886258347
1065,NonStim,0,2,0.4545,NaN,2,0.161133333333055,0.189133333333302,NaN,29.0000000059081,0.0332445343314061,0.0409968696210688,0.0371207019762374,17.3011289010426,19.1411253541532,19.1411253541532,-0.0332445312783323,0.0119952559560739,160.159596950811,-5.00000000101863,35.8156447232418
1066,Stim,1,1,-0.0909,-0.058333333333394,1,0.0570999999999913,0.0880999999999403,0.115433333333385,32.0000000065193,0.0332445307674517,0.0426325934003318,0.0379385620838918,3.10282309364682,5.5929664175763,5.5929664175763,0.00332445182506789,0.0166599117515273,78.7149721271148,9.00000000183354,128.596598506213
1066,Stim,1,1,-0.0909,-0.058333333333394,2,0.090099999999893,0.117099999999937,0.148433333333287,28.0000000057044,0,0.0253230621568607,0.0126615310784303,3.10985637663354,4.99037207506495,4.99037207506495,0,-0.0126615310784303,270,13.0000000026484,90
1066,Stim,1,1,-0.0909,-0.058333333333394,3,0.224099999999908,0.285099999999602,0.282433333333302,62.0000000126311,0.0266559812769157,0.00664890709942597,0.0166524441881709,5.8295050402058,5.54075575881636,5.8295050402058,0.00332445354971299,0.0133279906384579,75.9942842841011,0,90
1066,Stim,1,1,-0.0909,-0.058333333333394,4,0.283099999999649,0.305099999999584,0.341433333333043,23.0000000046857,0.0333200483053586,0.0398934355633781,0.0366067419343683,5.82951709598297,3.76771364376499,5.82951709598297,0.019946717781689,0.0166600241526793,39.8695215816451,-4.00000000081491,90
1066,Stim,1,1,-0.0909,-0.058333333333394,5,0.434099999999944,0.518099999999777,0.492433333333338,85.0000000173168,3.46944695195361e-18,0.00664890415811652,0.00332445207905826,7.68978387898488,5.55334867919803,7.68978387898488,-0.00332445207905826,0,180,31.0000000063155,0
1066,Stim,1,1,-0.0909,-0.058333333333394,6,0.581099999999878,0.633099999999558,0.639433333333272,53.0000000107975,0.00266560999965187,0.00133280443339663,0.00199920721652425,5.55335149367198,5.55334867919803,5.55335149367198,3.46944695195361e-18,0.00199920721652425,89.9999999999999,-12.0000000024447,5.96855898038484e-13
1066,Stim,1,1,-0.0909,-0.058333333333394,7,0.673099999999977,0.693099999999959,0.731433333333371,21.0000000042783,0.0333201069476634,0,0.0166600534738317,5.55335149367197,5.55334867919803,5.55335149367197,-6.93889390390723e-18,0.0166600534738317,90,7.00000000142609,90
1066,Stim,1,1,-0.0909,-0.058333333333394,8,0.699099999999817,0.76909999999998,0.757433333333211,71.0000000144646,0,0.0332445003267947,0.0166222501633973,5.9619831164952,5.55334867919803,5.9619831164952,0.0166222501633973,0,0,29.0000000059081,0
1066,Stim,1,1,-0.0909,-0.058333333333394,9,0.783099999999649,0.806099999999788,0.841433333333043,24.0000000048894,1.38777878078145e-17,0.00852229295517936,0.00426114647758969,3.10281841692587,4.0035692993163,4.0035692993163,0.00332444242246286,0.00266560535023551,38.7233458934349,-3.00000000061118,141.276654106565
1066,Stim,1,1,-0.0909,-0.058333333333394,10,0.80809999999974,0.839099999999689,0.866433333333134,32.0000000065193,0.0305849148604495,0.00852229295517936,0.0195536039078144,5.31911584315032,5.69214664815558,5.69214664815558,0.0119680150077619,-0.00266560535023551,347.443610576119,1.00000000020373,141.276654106565
1066,Stim,1,1,-0.0909,-0.058333333333394,11,0.841099999999642,0.885099999999966,0.899433333333036,45.0000000091677,0.0266560895283246,0.0265955649604577,0.0266258272443911,4.1718046822558,4.30368660930387,4.30368660930387,-0.0132977824802288,-0.0133280447641623,225.06512099644,16.0000000032596,90
1067,Stim,1,4,-0.4545,-0.0560666666665384,1,0.00256666666655292,0.0245666666664874,0.0586333333330913,23.0000000046857,0.0146275950124688,0.00941367525259819,0.0120206351325335,7.84472851502824,6.06492468681559,7.84472851502824,0.0106382510751362,0.003332015742544,17.3911226742049,0,45.0650916314593
1067,Stim,1,4,-0.4545,-0.0560666666665384,2,0.0275666666666439,0.0585666666665929,0.0836333333331822,32.0000000065193,0.0146275926617716,0.0261816430940848,0.0204046178779282,5.90072119559578,4.7483134070016,5.90072119559578,0.00398934275661712,-0.0126616593386902,287.488214842425,14.0000000028522,104.711555116503
1067,Stim,1,4,-0.4545,-0.0560666666665384,3,0.107566666666571,0.121566666666695,0.163633333333109,15.0000000030559,0.0339770598921083,0.0339770599368016,0.033977059914455,5.55335909203445,5.8295346394394,5.8295346394394,0.00664890605420075,0.0333201537918551,78.7150771446194,-1.00000000020373,3.74850111484193e-06
1067,Stim,1,4,-0.4545,-0.0560666666665384,4,0.379566666666506,0.4055666666668,0.435633333333044,27.0000000055006,0.0349512924202636,0.00852231750613965,0.0217368049632016,6.71084667946329,2.66882257432699,6.71084667946329,-0.0146275933081521,-0.0159936737813777,227.554394022812,4.00000000081491,10.9763535495256
1067,Stim,1,4,-0.4545,-0.0560666666665384,5,0.645566666666582,0.664566666666815,0.70163333333312,20.0000000040745,0.0333201539874385,0.0132978005218921,0.0233089772546653,5.55335909203444,3.32445064303945,5.55335909203444,0.00664890026094603,0.0166600769937192,68.2434627699935,-5.00000000101863,90
1069,NonStim,0,1,-0.0909,NaN,1,0.104266666666263,0.186266666666143,NaN,83.0000000169093,0,0.00132977840222721,0.000664889201113607,6.16152977400605,5.54882091755622,6.16152977400605,-0.000664889201113607,1.73472347597681e-18,180,24.0000000048894,180
1069,NonStim,0,1,-0.0909,NaN,2,0.207266666666328,0.239266666666481,NaN,33.000000006723,0.009413671028611,0.0164836998688391,0.012948685448725,5.55335543726645,4.42508401778945,5.55335543726645,-0.0013297811130612,0.00466482115542994,105.91104028712,2.00000000040745,149.070731661595
1069,NonStim,0,1,-0.0909,NaN,3,0.241266666666434,0.267266666666274,NaN,27.0000000055006,0.0339770372811233,0.0426328390693351,0.0383049381752292,5.55335498441355,5.57101921838226,5.57101921838226,0.0166222631544363,0.0333201363625539,63.4869786551645,15.0000000030559,27.3114001687882
1069,NonStim,0,1,-0.0909,NaN,4,0.374266666666244,0.403266666666241,NaN,30.0000000061118,1.38777878078145e-17,0.00531912565133284,0.00265956282566642,1.73331057122361,4.66481943801445,4.66481943801445,-0.00265956282566642,6.93889390390723e-18,180,14.0000000028522,90
1069,NonStim,0,1,-0.0909,NaN,5,0.416266666666161,0.436266666666143,NaN,21.0000000042783,0.00941366660217881,0.0159936648034479,0.0127036657028133,1.33280430420869,5.33122243471332,5.33122243471332,0.00332445243784416,0.0046648216405234,54.5238795938627,9.00000000183354,135.06505854978
1069,NonStim,0,1,-0.0909,NaN,6,0.452266666666219,0.509266666666463,NaN,58.0000000118162,0.0743708730415128,0.0226062830771243,0.0484885780593185,16.6230049033236,17.4186616165636,17.4186616165636,0.044547673485168,-0.0166600655728094,339.495065611001,-2.00000000040745,26.617144492694
1069,NonStim,0,1,-0.0909,NaN,7,0.64526666666643,0.672266666666474,NaN,28.0000000057044,0.0307696953897127,0.0235680485686687,0.0271688719791907,5.55335906955788,5.62366666743076,5.62366666743076,0.0126329173860636,0.0186592828941202,55.9007724774054,5.00000000101863,68.6166834316282
1069,NonStim,0,1,-0.0909,NaN,8,0.758266666666259,0.79626666666627,NaN,39.0000000079453,0.033320153840865,0.00664889851405125,0.0199845261774581,5.57102113760792,4.43623226149695,5.57102113760792,0.00332444925702563,-0.0166600769204325,281.284910370024,24.0000000048894,90
1069,NonStim,0,1,-0.0909,NaN,9,0.848266666666404,0.872266666666292,NaN,25.0000000050932,0.0426328229189007,0.00398933522064947,0.0233110790697751,4.74831285396114,2.97888981479851,4.74831285396114,0.0152924581980073,0.0166600769204325,47.4508535108426,11.000000002241,51.4037267020334
1069,NonStim,0,1,-0.0909,NaN,10,0.874266666666244,0.892266666666274,NaN,19.0000000038708,0.0405332309656864,0.01462756557245,0.0275803982690682,6.06492225118574,5.17790459170891,6.06492225118574,-0.0039893379272701,-0.0199920926745848,258.715093088991,3.00000000061118,99.4412105984089
1070,NonStim,0,3,-0.1818,NaN,1,0.408933333333152,0.441933333333054,NaN,34.0000000069267,0.463556134391447,0.450050871872574,0.456803503132011,29.5488996736924,27.0623613155293,29.5488996736924,-0.335768416902127,-0.308542024792039,222.580312605318,1.00000000020373,6.78629317909252
1070,NonStim,0,3,-0.1818,NaN,2,0.534933333333356,0.571933333333163,NaN,38.0000000077416,0.342866326957433,0.321257662130214,0.332061994543823,27.4186180097993,21.7366169322083,27.4186180097993,0.128988293279443,0.303877587340987,67.0000143399009,8.00000000162981,12.4040898341042
1070,NonStim,0,3,-0.1818,NaN,3,0.886933333333218,0.927933333333385,NaN,42.0000000085565,0.134342610530411,0.138416104766147,0.136379357648279,27.5271553998611,24.9163689679498,27.5271553998611,-0.103722846207838,-0.087298749100346,220.085776650736,7.00000000142609,12.4840102697936
1077,NonStim,0,3,-0.3636,NaN,1,0.00270000000000437,0.0207000000000335,NaN,19.0000000038708,0.366341917465684,0.315952257292356,0.34114708737902,26.2875421159113,21.8268762488394,26.2875421159113,-0.0648268305031107,0.334866236269759,100.956373283056,0,2.21960687225169
1077,NonStim,0,3,-0.3636,NaN,2,0.429700000000139,0.445699999999761,NaN,17.0000000034634,0.32946433164262,0.194759149482889,0.262111740562755,28.5697715288939,16.5864910185822,28.5697715288939,-0.130318497163106,-0.22657637612595,240.094051688748,2.00000000040745,8.85967933506234
1078,Stim,1,1,0.1818,-0.0542000000004919,1,0.170233333332817,0.237233333332824,0.224433333333309,68.0000000138534,0.245291671175748,0.168225578190535,0.206758624683142,16.4246650373773,15.7357352109496,16.4246650373773,-0.204785848631199,0.025323317016043,172.950729314324,-30.0000000061118,7.37349116031484
1078,Stim,1,1,0.1818,-0.0542000000004919,2,0.488233333333028,0.511233333332711,0.54243333333352,24.0000000048894,0.226962916151261,0.237202211657706,0.232082563904484,20.1032928325233,21.150128612672,21.150128612672,0.130318406787381,-0.191923470051914,304.176989018286,0,3.30649766302685
1078,Stim,1,1,0.1818,-0.0542000000004919,3,0.701233333332766,0.754233333333104,0.755433333333258,54.0000000110012,0.132408773077676,0.134791223964882,0.133599998521279,22.928052321399,23.8959498866389,23.8959498866389,-0.106382468336628,0.0753030971299306,144.707135623798,-10.0000000020373,25.3784359414732
1079,NonStim,0,2,-0.3636,NaN,1,0.437766666666903,0.484766666666474,NaN,48.0000000097789,0.138031556446289,0.187148247985443,0.162589902215866,17.7481520852475,15.2270801936752,17.7481520852475,-0.000664912186109794,0.158603515713878,90.240199207785,17.0000000034634,25.723024445838
1080,Stim,1,1,0.6363,-0.0520333333333838,1,0.146366666666381,0.176366666666581,0.198399999999765,31.0000000063155,0.10534362196356,0.092754119773901,0.0990488708687305,14.440432221909,12.5035034419478,14.440432221909,-0.0126328348962616,0.085965903868429,98.3598776972772,-1.00000000020373,57.5058150812645
1080,Stim,1,1,0.6363,-0.0520333333333838,2,0.509366666666665,0.542366666666567,0.561400000000049,34.0000000069267,0.14686941840107,0.127998998437595,0.137434208419333,17.4932518363759,12.3158044941011,17.4932518363759,-0.1150256801362,-0.0479810123155051,202.642629846959,11.000000002241,49.9795820794464
1081,NonStim,0,4,0.6363,NaN,1,0.284166666666806,0.347166666666908,NaN,64.0000000130385,0.466009434179482,0.45438080370324,0.460195118941361,41.5939680801494,44.7199679832282,44.7199679832282,-0.256647204469971,0.381180488320536,123.952215074171,12.0000000024447,6.16956459346989
1081,NonStim,0,4,0.6363,NaN,2,0.449166666667224,0.490166666666937,NaN,42.0000000085565,0.244578402949189,0.192307961150895,0.218443182050042,22.9485662685417,16.0891296711264,22.9485662685417,0.0724728573553179,-0.205250080369394,289.447891543826,3.00000000061118,9.71876610516239
1081,NonStim,0,4,0.6363,NaN,3,0.701166666667177,0.777166666667199,NaN,77.000000015687,0.233298579362887,0.245233005961724,0.239265792662305,59.317936275822,61.3570639998661,61.3570639998661,0.00265956259861709,0.239235470177323,89.3630733971495,15.0000000030559,1.30643673612929
1081,NonStim,0,4,0.6363,NaN,4,0.82816666666713,0.861166666667032,NaN,34.0000000069267,0.671808084091603,0.620467565809111,0.646137824950357,44.303788423325,44.7709440388602,44.7709440388602,-0.0857708240730597,-0.640406546271387,262.37166662127,4.00000000081491,0.729870837817373
1088,Stim,1,1,0.0909,-0.0623000000000502,1,0.0109666666667181,0.0349666666666053,0.0732666666667683,25.0000000050932,0.203006912849409,0.223112481603465,0.213059697226437,14.3397717872697,13.8857439967945,14.3397717872697,-0.183509656383148,0.107290852374355,149.686859173196,-3.00000000061118,7.75855836823303
1089,NonStim,0,3,0.6363,NaN,1,0.273400000000038,0.305400000000191,NaN,33.000000006723,0.334384294111778,0.371414254368756,0.352899274240267,26.9195456221974,26.5732908303035,26.9195456221974,-0.344412251259444,-0.0266561239388427,184.425640382774,-3.00000000061118,23.6319700600558
1091,Stim,1,1,-1,-0.0535000000004402,1,0.420266666666521,0.45126666666647,0.473766666666961,32.0000000065193,0.126472448842518,0.234852312975576,0.180662380909047,14.9134537739903,22.031462657141,22.031462657141,-0.0811166173565558,0.0713051158043312,138.683090932869,1.00000000020373,114.350493115
1091,Stim,1,1,-1,-0.0535000000004402,2,0.637266666666619,0.657266666666601,0.690766666667059,21.0000000042783,0.167424548978817,0.127576681154942,0.14750061506688,17.4769360635711,15.3873280035963,17.4769360635711,-0.0505316828022386,-0.137278910610264,249.79159027908,3.00000000061118,14.866301180669
1091,Stim,1,1,-1,-0.0535000000004402,3,0.657266666666601,0.685266666666394,0.710766666667041,29.0000000059081,0.14259164182996,0.0999665760729063,0.121279108951433,31.4091280300666,23.9731181158483,31.4091280300666,-0.0372338711871354,-0.1152871339057,252.101286415171,2.00000000040745,5.35772981880103
1092,Stim,1,4,0.0909,-0.0554000000001906,1,0.581599999999526,0.602599999999711,0.636999999999716,22.000000004482,0.257347418435392,0.33899843677707,0.298172927606231,19.0525074805759,21.8927489939567,21.8927489939567,-0.218747842604705,0.202584388425159,137.196945135139,-3.00000000061118,1.55393232108764
1092,Stim,1,4,0.0909,-0.0554000000001906,2,0.724599999999555,0.743599999999788,0.779999999999745,20.0000000040745,0.373463857064526,0.358263747422422,0.365863802243474,33.9909200108748,31.5535964213342,33.9909200108748,0.12034465078913,-0.34519499774913,289.21998662047,-1.00000000020373,4.58298499846671
1092,Stim,1,4,0.0909,-0.0554000000001906,3,0.747599999999693,0.760599999999613,0.802999999999884,14.0000000028522,0.121314268590354,0.0999604476748532,0.110637358132604,11.1067029146097,11.0280475000788,11.1067029146097,0.00132977845667597,0.110622780093287,89.311289920181,0,1.25618926926515
1097,NonStim,0,4,1,NaN,1,0.609966666666423,0.653966666666292,NaN,45.0000000091677,0.250223652819105,0.239381757504893,0.244802705161999,33.6346426770856,27.1492696512822,33.6346426770856,-0.230716747282275,-0.010662375044752,182.64599227277,2.00000000040745,38.7258893058698
1097,NonStim,0,4,1,NaN,2,0.873966666666547,0.88896666666642,NaN,16.0000000032596,0.194170510180085,0.246336267651109,0.220253388915597,20.6744421312353,23.710925375186,23.710925375186,0.099733439907595,-0.195921740226415,296.97824798615,1.00000000020373,7.02364068626071
1097,NonStim,0,4,1,NaN,3,0.90196666666634,0.922966666666525,NaN,22.000000004482,0.0572397804856232,0.0269333293717911,0.0420865549287072,5.54075519862,5.76595889206034,5.76595889206034,0.0359040901444136,-0.0213246540888086,329.292490362863,7.00000000142609,15.3319046861352
1099,NonStim,0,2,-1,NaN,1,0.3119333333334,0.344933333333302,NaN,34.0000000069267,0.365727388499746,0.386984828564089,0.376356108531917,34.3831031706297,30.8359068410258,34.3831031706297,-0.376326350714963,0.0046648202423633,179.289816342473,0,0.243228612525741
