SourceFile,Monkey,SessionID,SessionIndex,Block,ConditionIndex,ConditionName,SignedCoherence,AbsCoherence,TowardCount,CorrectCount,TotalTrials,CorrectRate
C:\Users\zzhu329\Documents\GitHub\EM-3DMotion\BehaviorFitting\BehaviorData_Clay.mat,Clay,Clay_001,1,nonStim,1,Combined,-1,1,1,9,10,0.9
C:\Users\zzhu329\Documents\GitHub\EM-3DMotion\BehaviorFitting\BehaviorData_Clay.mat,Clay,Clay_001,1,nonStim,1,Combined,-0.636363636363636,0.636363636363636,0,9,9,1
C:\Users\zzhu329\Documents\GitHub\EM-3DMotion\BehaviorFitting\BehaviorData_Clay.mat,Clay,Clay_001,1,nonStim,1,Combined,-0.454545454545455,0.454545454545455,1,8,9,0.888888888888889
C:\Users\zzhu329\Documents\GitHub\EM-3DMotion\BehaviorFitting\BehaviorData_Clay.mat,Clay,Clay_001,1,nonStim,1,Combined,-0.363636363636364,0.363636363636364,0,10,10,1
C:\Users\zzhu329\Documents\GitHub\EM-3DMotion\BehaviorFitting\BehaviorData_Clay.mat,Clay,Clay_001,1,nonStim,1,Combined,-0.181818181818182,0.181818181818182,1,8,9,0.888888888888889
C:\Users\zzhu329\Documents\GitHub\EM-3DMotion\BehaviorFitting\BehaviorData_Clay.mat,Clay,Clay_001,1,nonStim,1,Combined,-0.0909090909090909,0.0909090909090909,3,6,9,0.666666666666667
C:\Users\zzhu329\Documents\GitHub\EM-3DMotion\BehaviorFitting\BehaviorData_Clay.mat,Clay,Clay_001,1,nonStim,1,Combined,0.0909090909090909,0.0909090909090909,8,8,10,0.8
C:\Users\zzhu329\Documents\GitHub\EM-3DMotion\BehaviorFitting\BehaviorData_Clay.mat,Clay,Clay_001,1,nonStim,1,Combined,0.181818181818182,0.181818181818182,9,9,9,1
C:\Users\zzhu329\Documents\GitHub\EM-3DMotion\BehaviorFitting\BehaviorData_Clay.mat,Clay,Clay_001,1,nonStim,1,Combined,0.363636363636364,0.363636363636364,9,9,9,1
C:\Users\zzhu329\Documents\GitHub\EM-3DMotion\BehaviorFitting\BehaviorData_Clay.mat,Clay,Clay_001,1,nonStim,1,Combined,0.454545454545455,0.454545454545455,10,10,10,1
C:\Users\zzhu329\Documents\GitHub\EM-3DMotion\BehaviorFitting\BehaviorData_Clay.mat,Clay,Clay_001,1,nonStim,1,Combined,0.636363636363636,0.636363636363636,10,10,10,1
C:\Users\zzhu329\Documents\GitHub\EM-3DMotion\BehaviorFitting\BehaviorData_Clay.mat,Clay,Clay_001,1,nonStim,1,Combined,1,1,10,10,10,1
C:\Users\zzhu329\Documents\GitHub\EM-3DMotion\BehaviorFitting\BehaviorData_Clay.mat,Clay,Clay_001,1,nonStim,2,MonoL,-1,1,1,9,10,0.9
C:\Users\zzhu329\Documents\GitHub\EM-3DMotion\BehaviorFitting\BehaviorData_Clay.mat,Clay,Clay_001,1,nonStim,2,MonoL,-0.636363636363636,0.636363636363636,0,10,10,1
C:\Users\zzhu329\Documents\GitHub\EM-3DMotion\BehaviorFitting\BehaviorData_Clay.mat,Clay,Clay_001,1,nonStim,2,MonoL,-0.454545454545455,0.454545454545455,0,10,10,1
C:\Users\zzhu329\Documents\GitHub\EM-3DMotion\BehaviorFitting\BehaviorData_Clay.mat,Clay,Clay_001,1,nonStim,2,MonoL,-0.363636363636364,0.363636363636364,0,10,10,1
C:\Users\zzhu329\Documents\GitHub\EM-3DMotion\BehaviorFitting\BehaviorData_Clay.mat,Clay,Clay_001,1,nonStim,2,MonoL,-0.181818181818182,0.181818181818182,2,7,9,0.777777777777778
C:\Users\zzhu329\Documents\GitHub\EM-3DMotion\BehaviorFitting\BehaviorData_Clay.mat,Clay,Clay_001,1,nonStim,2,MonoL,-0.0909090909090909,0.0909090909090909,4,5,9,0.555555555555556
C:\Users\zzhu329\Documents\GitHub\EM-3DMotion\BehaviorFitting\BehaviorData_Clay.mat,Clay,Clay_001,1,nonStim,2,MonoL,0.0909090909090909,0.0909090909090909,5,5,9,0.555555555555556
C:\Users\zzhu329\Documents\GitHub\EM-3DMotion\BehaviorFitting\BehaviorData_Clay.mat,Clay,Clay_001,1,nonStim,2,MonoL,0.181818181818182,0.181818181818182,7,7,9,0.777777777777778
C:\Users\zzhu329\Documents\GitHub\EM-3DMotion\BehaviorFitting\BehaviorData_Clay.mat,Clay,Clay_001,1,nonStim,2,MonoL,0.363636363636364,0.363636363636364,10,10,10,1
C:\Users\zzhu329\Documents\GitHub\EM-3DMotion\BehaviorFitting\BehaviorData_Clay.mat,Clay,Clay_001,1,nonStim,2,MonoL,0.454545454545455,0.454545454545455,10,10,10,1
C:\Users\zzhu329\Documents\GitHub\EM-3DMotion\BehaviorFitting\BehaviorData_Clay.mat,Clay,Clay_001,1,nonStim,2,MonoL,0.636363636363636,0.636363636363636,10,10,10,1
C:\Users\zzhu329\Documents\GitHub\EM-3DMotion\BehaviorFitting\BehaviorData_Clay.mat,Clay,Clay_001,1,nonStim,2,MonoL,1,1,10,10,10,1
C:\Users\zzhu329\Documents\GitHub\EM-3DMotion\BehaviorFitting\BehaviorData_Clay.mat,Clay,Clay_001,1,nonStim,3,MonoR,-1,1,4,6,10,0.6
C:\Users\zzhu329\Documents\GitHub\EM-3DMotion\BehaviorFitting\BehaviorData_Clay.mat,Clay,Clay_001,1,nonStim,3,MonoR,-0.636363636363636,0.636363636363636,2,8,10,0.8
C:\Users\zzhu329\Documents\GitHub\EM-3DMotion\BehaviorFitting\BehaviorData_Clay.mat,Clay,Clay_001,1,nonStim,3,MonoR,-0.454545454545455,0.454545454545455,1,9,10,0.9
C:\Users\zzhu329\Documents\GitHub\EM-3DMotion\BehaviorFitting\BehaviorData_Clay.mat,Clay,Clay_001,1,nonStim,3,MonoR,-0.363636363636364,0.363636363636364,0,10,10,1
C:\Users\zzhu329\Documents\GitHub\EM-3DMotion\BehaviorFitting\BehaviorData_Clay.mat,Clay,Clay_001,1,nonStim,3,MonoR,-0.181818181818182,0.181818181818182,3,7,10,0.7
C:\Users\zzhu329\Documents\GitHub\EM-3DMotion\BehaviorFitting\BehaviorData_Clay.mat,Clay,Clay_001,1,nonStim,3,MonoR,-0.0909090909090909,0.0909090909090909,3,7,10,0.7
C:\Users\zzhu329\Documents\GitHub\EM-3DMotion\BehaviorFitting\BehaviorData_Clay.mat,Clay,Clay_001,1,nonStim,3,MonoR,0.0909090909090909,0.0909090909090909,7,7,10,0.7
C:\Users\zzhu329\Documents\GitHub\EM-3DMotion\BehaviorFitting\BehaviorData_Clay.mat,Clay,Clay_001,1,nonStim,3,MonoR,0.181818181818182,0.181818181818182,6,6,10,0.6
C:\Users\zzhu329\Documents\GitHub\EM-3DMotion\BehaviorFitting\BehaviorData_Clay.mat,Clay,Clay_001,1,nonStim,3,MonoR,0.363636363636364,0.363636363636364,9,9,9,1
C:\Users\zzhu329\Documents\GitHub\EM-3DMotion\BehaviorFitting\BehaviorData_Clay.mat,Clay,Clay_001,1,nonStim,3,MonoR,0.454545454545455,0.454545454545455,10,10,10,1
C:\Users\zzhu329\Documents\GitHub\EM-3DMotion\BehaviorFitting\BehaviorData_Clay.mat,Clay,Clay_001,1,nonStim,3,MonoR,0.636363636363636,0.636363636363636,9,9,9,1
C:\Users\zzhu329\Documents\GitHub\EM-3DMotion\BehaviorFitting\BehaviorData_Clay.mat,Clay,Clay_001,1,nonStim,3,MonoR,1,1,9,9,9,1
C:\Users\zzhu329\Documents\GitHub\EM-3DMotion\BehaviorFitting\BehaviorData_Clay.mat,Clay,Clay_001,1,nonStim,4,Bino,-1,1,0,9,9,1
C:\Users\zzhu329\Documents\GitHub\EM-3DMotion\BehaviorFitting\BehaviorData_Clay.mat,Clay,Clay_001,1,nonStim,4,Bino,-0.636363636363636,0.636363636363636,3,7,10,0.7
C:\Users\zzhu329\Documents\GitHub\EM-3DMotion\BehaviorFitting\BehaviorData_Clay.mat,Clay,Clay_001,1,nonStim,4,Bino,-0.454545454545455,0.454545454545455,2,8,10,0.8
C:\Users\zzhu329\Documents\GitHub\EM-3DMotion\BehaviorFitting\BehaviorData_Clay.mat,Clay,Clay_001,1,nonStim,4,Bino,-0.363636363636364,0.363636363636364,2,8,10,0.8
C:\Users\zzhu329\Documents\GitHub\EM-3DMotion\BehaviorFitting\BehaviorData_Clay.mat,Clay,Clay_001,1,nonStim,4,Bino,-0.181818181818182,0.181818181818182,1,8,9,0.888888888888889
C:\Users\zzhu329\Documents\GitHub\EM-3DMotion\BehaviorFitting\BehaviorData_Clay.mat,Clay,Clay_001,1,nonStim,4,Bino,-0.0909090909090909,0.0909090909090909,2,8,10,0.8
C:\Users\zzhu329\Documents\GitHub\EM-3DMotion\BehaviorFitting\BehaviorData_Clay.mat,Clay,Clay_001,1,nonStim,4,Bino,0.0909090909090909,0.0909090909090909,4,4,10,0.4
C:\Users\zzhu329\Documents\GitHub\EM-3DMotion\BehaviorFitting\BehaviorData_Clay.mat,Clay,Clay_001,1,nonStim,4,Bino,0.181818181818182,0.181818181818182,5,5,9,0.555555555555556
C:\Users\zzhu329\Documents\GitHub\EM-3DMotion\BehaviorFitting\BehaviorData_Clay.mat,Clay,Clay_001,1,nonStim,4,Bino,0.363636363636364,0.363636363636364,4,4,9,0.444444444444444
C:\Users\zzhu329\Documents\GitHub\EM-3DMotion\BehaviorFitting\BehaviorData_Clay.mat,Clay,Clay_001,1,nonStim,4,Bino,0.454545454545455,0.454545454545455,9,9,10,0.9
C:\Users\zzhu329\Documents\GitHub\EM-3DMotion\BehaviorFitting\BehaviorData_Clay.mat,Clay,Clay_001,1,nonStim,4,Bino,0.636363636363636,0.636363636363636,9,9,10,0.9
C:\Users\zzhu329\Documents\GitHub\EM-3DMotion\BehaviorFitting\BehaviorData_Clay.mat,Clay,Clay_001,1,nonStim,4,Bino,1,1,9,9,9,1
C:\Users\zzhu329\Documents\GitHub\EM-3DMotion\BehaviorFitting\BehaviorData_Clay.mat,Clay,Clay_002,2,nonStim,1,Combined,-1,1,0,10,10,1
C:\Users\zzhu329\Documents\GitHub\EM-3DMotion\BehaviorFitting\BehaviorData_Clay.mat,Clay,Clay_002,2,nonStim,1,Combined,-0.636363636363636,0.636363636363636,1,9,10,0.9
C:\Users\zzhu329\Documents\GitHub\EM-3DMotion\BehaviorFitting\BehaviorData_Clay.mat,Clay,Clay_002,2,nonStim,1,Combined,-0.454545454545455,0.454545454545455,0,10,10,1
C:\Users\zzhu329\Documents\GitHub\EM-3DMotion\BehaviorFitting\BehaviorData_Clay.mat,Clay,Clay_002,2,nonStim,1,Combined,-0.363636363636364,0.363636363636364,0,10,10,1
C:\Users\zzhu329\Documents\GitHub\EM-3DMotion\BehaviorFitting\BehaviorData_Clay.mat,Clay,Clay_002,2,nonStim,1,Combined,-0.181818181818182,0.181818181818182,2,8,10,0.8
C:\Users\zzhu329\Documents\GitHub\EM-3DMotion\BehaviorFitting\BehaviorData_Clay.mat,Clay,Clay_002,2,nonStim,1,Combined,-0.0909090909090909,0.0909090909090909,3,7,10,0.7
C:\Users\zzhu329\Documents\GitHub\EM-3DMotion\BehaviorFitting\BehaviorData_Clay.mat,Clay,Clay_002,2,nonStim,1,Combined,0.0909090909090909,0.0909090909090909,10,10,10,1
C:\Users\zzhu329\Documents\GitHub\EM-3DMotion\BehaviorFitting\BehaviorData_Clay.mat,Clay,Clay_002,2,nonStim,1,Combined,0.181818181818182,0.181818181818182,10,10,10,1
C:\Users\zzhu329\Documents\GitHub\EM-3DMotion\BehaviorFitting\BehaviorData_Clay.mat,Clay,Clay_002,2,nonStim,1,Combined,0.363636363636364,0.363636363636364,10,10,10,1
C:\Users\zzhu329\Documents\GitHub\EM-3DMotion\BehaviorFitting\BehaviorData_Clay.mat,Clay,Clay_002,2,nonStim,1,Combined,0.454545454545455,0.454545454545455,10,10,10,1
C:\Users\zzhu329\Documents\GitHub\EM-3DMotion\BehaviorFitting\BehaviorData_Clay.mat,Clay,Clay_002,2,nonStim,1,Combined,0.636363636363636,0.636363636363636,10,10,10,1
C:\Users\zzhu329\Documents\GitHub\EM-3DMotion\BehaviorFitting\BehaviorData_Clay.mat,Clay,Clay_002,2,nonStim,1,Combined,1,1,10,10,10,1
C:\Users\zzhu329\Documents\GitHub\EM-3DMotion\BehaviorFitting\BehaviorData_Clay.mat,Clay,Clay_002,2,nonStim,2,MonoL,-1,1,2,8,10,0.8
C:\Users\zzhu329\Documents\GitHub\EM-3DMotion\BehaviorFitting\BehaviorData_Clay.mat,Clay,Clay_002,2,nonStim,2,MonoL,-0.636363636363636,0.636363636363636,3,7,10,0.7
C:\Users\zzhu329\Documents\GitHub\EM-3DMotion\BehaviorFitting\BehaviorData_Clay.mat,Clay,Clay_002,2,nonStim,2,MonoL,-0.454545454545455,0.454545454545455,4,6,10,0.6
C:\Users\zzhu329\Documents\GitHub\EM-3DMotion\BehaviorFitting\BehaviorData_Clay.mat,Clay,Clay_002,2,nonStim,2,MonoL,-0.363636363636364,0.363636363636364,3,7,10,0.7
C:\Users\zzhu329\Documents\GitHub\EM-3DMotion\BehaviorFitting\BehaviorData_Clay.mat,Clay,Clay_002,2,nonStim,2,MonoL,-0.181818181818182,0.181818181818182,8,2,10,0.2
C:\Users\zzhu329\Documents\GitHub\EM-3DMotion\BehaviorFitting\BehaviorData_Clay.mat,Clay,Clay_002,2,nonStim,2,MonoL,-0.0909090909090909,0.0909090909090909,4,6,10,0.6
C:\Users\zzhu329\Documents\GitHub\EM-3DMotion\BehaviorFitting\BehaviorData_Clay.mat,Clay,Clay_002,2,nonStim,2,MonoL,0.0909090909090909,0.0909090909090909,6,6,10,0.6
C:\Users\zzhu329\Documents\GitHub\EM-3DMotion\BehaviorFitting\BehaviorData_Clay.mat,Clay,Clay_002,2,nonStim,2,MonoL,0.181818181818182,0.181818181818182,8,8,10,0.8
C:\Users\zzhu329\Documents\GitHub\EM-3DMotion\BehaviorFitting\BehaviorData_Clay.mat,Clay,Clay_002,2,nonStim,2,MonoL,0.363636363636364,0.363636363636364,9,9,10,0.9
C:\Users\zzhu329\Documents\GitHub\EM-3DMotion\BehaviorFitting\BehaviorData_Clay.mat,Clay,Clay_002,2,nonStim,2,MonoL,0.454545454545455,0.454545454545455,11,11,11,1
C:\Users\zzhu329\Documents\GitHub\EM-3DMotion\BehaviorFitting\BehaviorData_Clay.mat,Clay,Clay_002,2,nonStim,2,MonoL,0.636363636363636,0.636363636363636,9,9,10,0.9
C:\Users\zzhu329\Documents\GitHub\EM-3DMotion\BehaviorFitting\BehaviorData_Clay.mat,Clay,Clay_002,2,nonStim,2,MonoL,1,1,10,10,10,1
C:\Users\zzhu329\Documents\GitHub\EM-3DMotion\BehaviorFitting\BehaviorData_Clay.mat,Clay,Clay_002,2,nonStim,3,MonoR,-1,1,2,8,10,0.8
C:\Users\zzhu329\Documents\GitHub\EM-3DMotion\BehaviorFitting\BehaviorData_Clay.mat,Clay,Clay_002,2,nonStim,3,MonoR,-0.636363636363636,0.636363636363636,1,9,10,0.9
C:\Users\zzhu329\Documents\GitHub\EM-3DMotion\BehaviorFitting\BehaviorData_Clay.mat,Clay,Clay_002,2,nonStim,3,MonoR,-0.454545454545455,0.454545454545455,3,7,10,0.7
C:\Users\zzhu329\Documents\GitHub\EM-3DMotion\BehaviorFitting\BehaviorData_Clay.mat,Clay,Clay_002,2,nonStim,3,MonoR,-0.363636363636364,0.363636363636364,1,9,10,0.9
C:\Users\zzhu329\Documents\GitHub\EM-3DMotion\BehaviorFitting\BehaviorData_Clay.mat,Clay,Clay_002,2,nonStim,3,MonoR,-0.181818181818182,0.181818181818182,4,6,10,0.6
C:\Users\zzhu329\Documents\GitHub\EM-3DMotion\BehaviorFitting\BehaviorData_Clay.mat,Clay,Clay_002,2,nonStim,3,MonoR,-0.0909090909090909,0.0909090909090909,6,4,10,0.4
C:\Users\zzhu329\Documents\GitHub\EM-3DMotion\BehaviorFitting\BehaviorData_Clay.mat,Clay,Clay_002,2,nonStim,3,MonoR,0.0909090909090909,0.0909090909090909,8,8,10,0.8
C:\Users\zzhu329\Documents\GitHub\EM-3DMotion\BehaviorFitting\BehaviorData_Clay.mat,Clay,Clay_002,2,nonStim,3,MonoR,0.181818181818182,0.181818181818182,7,7,10,0.7
C:\Users\zzhu329\Documents\GitHub\EM-3DMotion\BehaviorFitting\BehaviorData_Clay.mat,Clay,Clay_002,2,nonStim,3,MonoR,0.363636363636364,0.363636363636364,8,8,10,0.8
C:\Users\zzhu329\Documents\GitHub\EM-3DMotion\BehaviorFitting\BehaviorData_Clay.mat,Clay,Clay_002,2,nonStim,3,MonoR,0.454545454545455,0.454545454545455,10,10,10,1
C:\Users\zzhu329\Documents\GitHub\EM-3DMotion\BehaviorFitting\BehaviorData_Clay.mat,Clay,Clay_002,2,nonStim,3,MonoR,0.636363636363636,0.636363636363636,10,10,10,1
C:\Users\zzhu329\Documents\GitHub\EM-3DMotion\BehaviorFitting\BehaviorData_Clay.mat,Clay,Clay_002,2,nonStim,3,MonoR,1,1,10,10,10,1
C:\Users\zzhu329\Documents\GitHub\EM-3DMotion\BehaviorFitting\BehaviorData_Clay.mat,Clay,Clay_002,2,nonStim,4,Bino,-1,1,0,10,10,1
C:\Users\zzhu329\Documents\GitHub\EM-3DMotion\BehaviorFitting\BehaviorData_Clay.mat,Clay,Clay_002,2,nonStim,4,Bino,-0.636363636363636,0.636363636363636,3,7,10,0.7
C:\Users\zzhu329\Documents\GitHub\EM-3DMotion\BehaviorFitting\BehaviorData_Clay.mat,Clay,Clay_002,2,nonStim,4,Bino,-0.454545454545455,0.454545454545455,3,7,10,0.7
C:\Users\zzhu329\Documents\GitHub\EM-3DMotion\BehaviorFitting\BehaviorData_Clay.mat,Clay,Clay_002,2,nonStim,4,Bino,-0.363636363636364,0.363636363636364,1,9,10,0.9
C:\Users\zzhu329\Documents\GitHub\EM-3DMotion\BehaviorFitting\BehaviorData_Clay.mat,Clay,Clay_002,2,nonStim,4,Bino,-0.181818181818182,0.181818181818182,3,7,10,0.7
C:\Users\zzhu329\Documents\GitHub\EM-3DMotion\BehaviorFitting\BehaviorData_Clay.mat,Clay,Clay_002,2,nonStim,4,Bino,-0.0909090909090909,0.0909090909090909,3,7,10,0.7
C:\Users\zzhu329\Documents\GitHub\EM-3DMotion\BehaviorFitting\BehaviorData_Clay.mat,Clay,Clay_002,2,nonStim,4,Bino,0.0909090909090909,0.0909090909090909,3,3,10,0.3
C:\Users\zzhu329\Documents\GitHub\EM-3DMotion\BehaviorFitting\BehaviorData_Clay.mat,Clay,Clay_002,2,nonStim,4,Bino,0.181818181818182,0.181818181818182,10,10,10,1
C:\Users\zzhu329\Documents\GitHub\EM-3DMotion\BehaviorFitting\BehaviorData_Clay.mat,Clay,Clay_002,2,nonStim,4,Bino,0.363636363636364,0.363636363636364,7,7,10,0.7
C:\Users\zzhu329\Documents\GitHub\EM-3DMotion\BehaviorFitting\BehaviorData_Clay.mat,Clay,Clay_002,2,nonStim,4,Bino,0.454545454545455,0.454545454545455,9,9,10,0.9
C:\Users\zzhu329\Documents\GitHub\EM-3DMotion\BehaviorFitting\BehaviorData_Clay.mat,Clay,Clay_002,2,nonStim,4,Bino,0.636363636363636,0.636363636363636,9,9,10,0.9
C:\Users\zzhu329\Documents\GitHub\EM-3DMotion\BehaviorFitting\BehaviorData_Clay.mat,Clay,Clay_002,2,nonStim,4,Bino,1,1,10,10,10,1
C:\Users\zzhu329\Documents\GitHub\EM-3DMotion\BehaviorFitting\BehaviorData_Clay.mat,Clay,Clay_003,3,nonStim,1,Combined,-1,1,0,9,9,1
C:\Users\zzhu329\Documents\GitHub\EM-3DMotion\BehaviorFitting\BehaviorData_Clay.mat,Clay,Clay_003,3,nonStim,1,Combined,-0.636363636363636,0.636363636363636,0,9,9,1
C:\Users\zzhu329\Documents\GitHub\EM-3DMotion\BehaviorFitting\BehaviorData_Clay.mat,Clay,Clay_003,3,nonStim,1,Combined,-0.454545454545455,0.454545454545455,1,8,9,0.888888888888889
C:\Users\zzhu329\Documents\GitHub\EM-3DMotion\BehaviorFitting\BehaviorData_Clay.mat,Clay,Clay_003,3,nonStim,1,Combined,-0.363636363636364,0.363636363636364,1,8,9,0.888888888888889
C:\Users\zzhu329\Documents\GitHub\EM-3DMotion\BehaviorFitting\BehaviorData_Clay.mat,Clay,Clay_003,3,nonStim,1,Combined,-0.181818181818182,0.181818181818182,0,9,9,1
C:\Users\zzhu329\Documents\GitHub\EM-3DMotion\BehaviorFitting\BehaviorData_Clay.mat,Clay,Clay_003,3,nonStim,1,Combined,-0.0909090909090909,0.0909090909090909,4,5,9,0.555555555555556
C:\Users\zzhu329\Documents\GitHub\EM-3DMotion\BehaviorFitting\BehaviorData_Clay.mat,Clay,Clay_003,3,nonStim,1,Combined,0.0909090909090909,0.0909090909090909,9,9,9,1
C:\Users\zzhu329\Documents\GitHub\EM-3DMotion\BehaviorFitting\BehaviorData_Clay.mat,Clay,Clay_003,3,nonStim,1,Combined,0.181818181818182,0.181818181818182,9,9,9,1
C:\Users\zzhu329\Documents\GitHub\EM-3DMotion\BehaviorFitting\BehaviorData_Clay.mat,Clay,Clay_003,3,nonStim,1,Combined,0.363636363636364,0.363636363636364,9,9,9,1
C:\Users\zzhu329\Documents\GitHub\EM-3DMotion\BehaviorFitting\BehaviorData_Clay.mat,Clay,Clay_003,3,nonStim,1,Combined,0.454545454545455,0.454545454545455,9,9,9,1
C:\Users\zzhu329\Documents\GitHub\EM-3DMotion\BehaviorFitting\BehaviorData_Clay.mat,Clay,Clay_003,3,nonStim,1,Combined,0.636363636363636,0.636363636363636,9,9,9,1
C:\Users\zzhu329\Documents\GitHub\EM-3DMotion\BehaviorFitting\BehaviorData_Clay.mat,Clay,Clay_003,3,nonStim,1,Combined,1,1,9,9,9,1
C:\Users\zzhu329\Documents\GitHub\EM-3DMotion\BehaviorFitting\BehaviorData_Clay.mat,Clay,Clay_003,3,nonStim,2,MonoL,-1,1,2,7,9,0.777777777777778
C:\Users\zzhu329\Documents\GitHub\EM-3DMotion\BehaviorFitting\BehaviorData_Clay.mat,Clay,Clay_003,3,nonStim,2,MonoL,-0.636363636363636,0.636363636363636,1,8,9,0.888888888888889
C:\Users\zzhu329\Documents\GitHub\EM-3DMotion\BehaviorFitting\BehaviorData_Clay.mat,Clay,Clay_003,3,nonStim,2,MonoL,-0.454545454545455,0.454545454545455,2,7,9,0.777777777777778
C:\Users\zzhu329\Documents\GitHub\EM-3DMotion\BehaviorFitting\BehaviorData_Clay.mat,Clay,Clay_003,3,nonStim,2,MonoL,-0.363636363636364,0.363636363636364,1,8,9,0.888888888888889
C:\Users\zzhu329\Documents\GitHub\EM-3DMotion\BehaviorFitting\BehaviorData_Clay.mat,Clay,Clay_003,3,nonStim,2,MonoL,-0.181818181818182,0.181818181818182,2,7,9,0.777777777777778
C:\Users\zzhu329\Documents\GitHub\EM-3DMotion\BehaviorFitting\BehaviorData_Clay.mat,Clay,Clay_003,3,nonStim,2,MonoL,-0.0909090909090909,0.0909090909090909,6,3,9,0.333333333333333
C:\Users\zzhu329\Documents\GitHub\EM-3DMotion\BehaviorFitting\BehaviorData_Clay.mat,Clay,Clay_003,3,nonStim,2,MonoL,0.0909090909090909,0.0909090909090909,5,5,9,0.555555555555556
C:\Users\zzhu329\Documents\GitHub\EM-3DMotion\BehaviorFitting\BehaviorData_Clay.mat,Clay,Clay_003,3,nonStim,2,MonoL,0.181818181818182,0.181818181818182,6,6,9,0.666666666666667
C:\Users\zzhu329\Documents\GitHub\EM-3DMotion\BehaviorFitting\BehaviorData_Clay.mat,Clay,Clay_003,3,nonStim,2,MonoL,0.363636363636364,0.363636363636364,5,5,9,0.555555555555556
C:\Users\zzhu329\Documents\GitHub\EM-3DMotion\BehaviorFitting\BehaviorData_Clay.mat,Clay,Clay_003,3,nonStim,2,MonoL,0.454545454545455,0.454545454545455,8,8,9,0.888888888888889
C:\Users\zzhu329\Documents\GitHub\EM-3DMotion\BehaviorFitting\BehaviorData_Clay.mat,Clay,Clay_003,3,nonStim,2,MonoL,0.636363636363636,0.636363636363636,9,9,9,1
C:\Users\zzhu329\Documents\GitHub\EM-3DMotion\BehaviorFitting\BehaviorData_Clay.mat,Clay,Clay_003,3,nonStim,2,MonoL,1,1,9,9,9,1
C:\Users\zzhu329\Documents\GitHub\EM-3DMotion\BehaviorFitting\BehaviorData_Clay.mat,Clay,Clay_003,3,nonStim,3,MonoR,-1,1,1,8,9,0.888888888888889
C:\Users\zzhu329\Documents\GitHub\EM-3DMotion\BehaviorFitting\BehaviorData_Clay.mat,Clay,Clay_003,3,nonStim,3,MonoR,-0.636363636363636,0.636363636363636,2,7,9,0.777777777777778
C:\Users\zzhu329\Documents\GitHub\EM-3DMotion\BehaviorFitting\BehaviorData_Clay.mat,Clay,Clay_003,3,nonStim,3,MonoR,-0.454545454545455,0.454545454545455,3,6,9,0.666666666666667
C:\Users\zzhu329\Documents\GitHub\EM-3DMotion\BehaviorFitting\BehaviorData_Clay.mat,Clay,Clay_003,3,nonStim,3,MonoR,-0.363636363636364,0.363636363636364,2,7,9,0.777777777777778
C:\Users\zzhu329\Documents\GitHub\EM-3DMotion\BehaviorFitting\BehaviorData_Clay.mat,Clay,Clay_003,3,nonStim,3,MonoR,-0.181818181818182,0.181818181818182,1,8,9,0.888888888888889
C:\Users\zzhu329\Documents\GitHub\EM-3DMotion\BehaviorFitting\BehaviorData_Clay.mat,Clay,Clay_003,3,nonStim,3,MonoR,-0.0909090909090909,0.0909090909090909,5,4,9,0.444444444444444
C:\Users\zzhu329\Documents\GitHub\EM-3DMotion\BehaviorFitting\BehaviorData_Clay.mat,Clay,Clay_003,3,nonStim,3,MonoR,0.0909090909090909,0.0909090909090909,6,6,9,0.666666666666667
C:\Users\zzhu329\Documents\GitHub\EM-3DMotion\BehaviorFitting\BehaviorData_Clay.mat,Clay,Clay_003,3,nonStim,3,MonoR,0.181818181818182,0.181818181818182,4,4,9,0.444444444444444
C:\Users\zzhu329\Documents\GitHub\EM-3DMotion\BehaviorFitting\BehaviorData_Clay.mat,Clay,Clay_003,3,nonStim,3,MonoR,0.363636363636364,0.363636363636364,6,6,9,0.666666666666667
C:\Users\zzhu329\Documents\GitHub\EM-3DMotion\BehaviorFitting\BehaviorData_Clay.mat,Clay,Clay_003,3,nonStim,3,MonoR,0.454545454545455,0.454545454545455,8,8,9,0.888888888888889
C:\Users\zzhu329\Documents\GitHub\EM-3DMotion\BehaviorFitting\BehaviorData_Clay.mat,Clay,Clay_003,3,nonStim,3,MonoR,0.636363636363636,0.636363636363636,7,7,9,0.777777777777778
C:\Users\zzhu329\Documents\GitHub\EM-3DMotion\BehaviorFitting\BehaviorData_Clay.mat,Clay,Clay_003,3,nonStim,3,MonoR,1,1,9,9,9,1
C:\Users\zzhu329\Documents\GitHub\EM-3DMotion\BehaviorFitting\BehaviorData_Clay.mat,Clay,Clay_003,3,nonStim,4,Bino,-1,1,2,7,9,0.777777777777778
C:\Users\zzhu329\Documents\GitHub\EM-3DMotion\BehaviorFitting\BehaviorData_Clay.mat,Clay,Clay_003,3,nonStim,4,Bino,-0.636363636363636,0.636363636363636,2,7,9,0.777777777777778
C:\Users\zzhu329\Documents\GitHub\EM-3DMotion\BehaviorFitting\BehaviorData_Clay.mat,Clay,Clay_003,3,nonStim,4,Bino,-0.454545454545455,0.454545454545455,1,8,9,0.888888888888889
C:\Users\zzhu329\Documents\GitHub\EM-3DMotion\BehaviorFitting\BehaviorData_Clay.mat,Clay,Clay_003,3,nonStim,4,Bino,-0.363636363636364,0.363636363636364,3,6,9,0.666666666666667
C:\Users\zzhu329\Documents\GitHub\EM-3DMotion\BehaviorFitting\BehaviorData_Clay.mat,Clay,Clay_003,3,nonStim,4,Bino,-0.181818181818182,0.181818181818182,1,8,9,0.888888888888889
C:\Users\zzhu329\Documents\GitHub\EM-3DMotion\BehaviorFitting\BehaviorData_Clay.mat,Clay,Clay_003,3,nonStim,4,Bino,-0.0909090909090909,0.0909090909090909,5,4,9,0.444444444444444
C:\Users\zzhu329\Documents\GitHub\EM-3DMotion\BehaviorFitting\BehaviorData_Clay.mat,Clay,Clay_003,3,nonStim,4,Bino,0.0909090909090909,0.0909090909090909,5,5,9,0.555555555555556
C:\Users\zzhu329\Documents\GitHub\EM-3DMotion\BehaviorFitting\BehaviorData_Clay.mat,Clay,Clay_003,3,nonStim,4,Bino,0.181818181818182,0.181818181818182,9,9,9,1
C:\Users\zzhu329\Documents\GitHub\EM-3DMotion\BehaviorFitting\BehaviorData_Clay.mat,Clay,Clay_003,3,nonStim,4,Bino,0.363636363636364,0.363636363636364,9,9,9,1
C:\Users\zzhu329\Documents\GitHub\EM-3DMotion\BehaviorFitting\BehaviorData_Clay.mat,Clay,Clay_003,3,nonStim,4,Bino,0.454545454545455,0.454545454545455,7,7,9,0.777777777777778
C:\Users\zzhu329\Documents\GitHub\EM-3DMotion\BehaviorFitting\BehaviorData_Clay.mat,Clay,Clay_003,3,nonStim,4,Bino,0.636363636363636,0.636363636363636,9,9,9,1
C:\Users\zzhu329\Documents\GitHub\EM-3DMotion\BehaviorFitting\BehaviorData_Clay.mat,Clay,Clay_003,3,nonStim,4,Bino,1,1,9,9,9,1
C:\Users\zzhu329\Documents\GitHub\EM-3DMotion\BehaviorFitting\BehaviorData_Clay.mat,Clay,Clay_004,4,nonStim,1,Combined,-1,1,0,5,5,1
C:\Users\zzhu329\Documents\GitHub\EM-3DMotion\BehaviorFitting\BehaviorData_Clay.mat,Clay,Clay_004,4,nonStim,1,Combined,-0.636363636363636,0.636363636363636,0,5,5,1
C:\Users\zzhu329\Documents\GitHub\EM-3DMotion\BehaviorFitting\BehaviorData_Clay.mat,Clay,Clay_004,4,nonStim,1,Combined,-0.454545454545455,0.454545454545455,0,5,5,1
C:\Users\zzhu329\Documents\GitHub\EM-3DMotion\BehaviorFitting\BehaviorData_Clay.mat,Clay,Clay_004,4,nonStim,1,Combined,-0.363636363636364,0.363636363636364,0,5,5,1
C:\Users\zzhu329\Documents\GitHub\EM-3DMotion\BehaviorFitting\BehaviorData_Clay.mat,Clay,Clay_004,4,nonStim,1,Combined,-0.181818181818182,0.181818181818182,0,5,5,1
C:\Users\zzhu329\Documents\GitHub\EM-3DMotion\BehaviorFitting\BehaviorData_Clay.mat,Clay,Clay_004,4,nonStim,1,Combined,-0.0909090909090909,0.0909090909090909,1,4,5,0.8
C:\Users\zzhu329\Documents\GitHub\EM-3DMotion\BehaviorFitting\BehaviorData_Clay.mat,Clay,Clay_004,4,nonStim,1,Combined,0.0909090909090909,0.0909090909090909,3,3,5,0.6
C:\Users\zzhu329\Documents\GitHub\EM-3DMotion\BehaviorFitting\BehaviorData_Clay.mat,Clay,Clay_004,4,nonStim,1,Combined,0.181818181818182,0.181818181818182,4,4,5,0.8
C:\Users\zzhu329\Documents\GitHub\EM-3DMotion\BehaviorFitting\BehaviorData_Clay.mat,Clay,Clay_004,4,nonStim,1,Combined,0.363636363636364,0.363636363636364,5,5,5,1
C:\Users\zzhu329\Documents\GitHub\EM-3DMotion\BehaviorFitting\BehaviorData_Clay.mat,Clay,Clay_004,4,nonStim,1,Combined,0.454545454545455,0.454545454545455,5,5,5,1
C:\Users\zzhu329\Documents\GitHub\EM-3DMotion\BehaviorFitting\BehaviorData_Clay.mat,Clay,Clay_004,4,nonStim,1,Combined,0.636363636363636,0.636363636363636,5,5,5,1
C:\Users\zzhu329\Documents\GitHub\EM-3DMotion\BehaviorFitting\BehaviorData_Clay.mat,Clay,Clay_004,4,nonStim,1,Combined,1,1,5,5,5,1
C:\Users\zzhu329\Documents\GitHub\EM-3DMotion\BehaviorFitting\BehaviorData_Clay.mat,Clay,Clay_004,4,nonStim,2,MonoL,-1,1,0,5,5,1
C:\Users\zzhu329\Documents\GitHub\EM-3DMotion\BehaviorFitting\BehaviorData_Clay.mat,Clay,Clay_004,4,nonStim,2,MonoL,-0.636363636363636,0.636363636363636,0,5,5,1
C:\Users\zzhu329\Documents\GitHub\EM-3DMotion\BehaviorFitting\BehaviorData_Clay.mat,Clay,Clay_004,4,nonStim,2,MonoL,-0.454545454545455,0.454545454545455,1,4,5,0.8
C:\Users\zzhu329\Documents\GitHub\EM-3DMotion\BehaviorFitting\BehaviorData_Clay.mat,Clay,Clay_004,4,nonStim,2,MonoL,-0.363636363636364,0.363636363636364,2,3,5,0.6
C:\Users\zzhu329\Documents\GitHub\EM-3DMotion\BehaviorFitting\BehaviorData_Clay.mat,Clay,Clay_004,4,nonStim,2,MonoL,-0.181818181818182,0.181818181818182,0,5,5,1
C:\Users\zzhu329\Documents\GitHub\EM-3DMotion\BehaviorFitting\BehaviorData_Clay.mat,Clay,Clay_004,4,nonStim,2,MonoL,-0.0909090909090909,0.0909090909090909,2,3,5,0.6
C:\Users\zzhu329\Documents\GitHub\EM-3DMotion\BehaviorFitting\BehaviorData_Clay.mat,Clay,Clay_004,4,nonStim,2,MonoL,0.0909090909090909,0.0909090909090909,2,2,5,0.4
C:\Users\zzhu329\Documents\GitHub\EM-3DMotion\BehaviorFitting\BehaviorData_Clay.mat,Clay,Clay_004,4,nonStim,2,MonoL,0.181818181818182,0.181818181818182,3,3,5,0.6
C:\Users\zzhu329\Documents\GitHub\EM-3DMotion\BehaviorFitting\BehaviorData_Clay.mat,Clay,Clay_004,4,nonStim,2,MonoL,0.363636363636364,0.363636363636364,5,5,5,1
C:\Users\zzhu329\Documents\GitHub\EM-3DMotion\BehaviorFitting\BehaviorData_Clay.mat,Clay,Clay_004,4,nonStim,2,MonoL,0.454545454545455,0.454545454545455,5,5,5,1
C:\Users\zzhu329\Documents\GitHub\EM-3DMotion\BehaviorFitting\BehaviorData_Clay.mat,Clay,Clay_004,4,nonStim,2,MonoL,0.636363636363636,0.636363636363636,5,5,5,1
C:\Users\zzhu329\Documents\GitHub\EM-3DMotion\BehaviorFitting\BehaviorData_Clay.mat,Clay,Clay_004,4,nonStim,2,MonoL,1,1,5,5,5,1
C:\Users\zzhu329\Documents\GitHub\EM-3DMotion\BehaviorFitting\BehaviorData_Clay.mat,Clay,Clay_004,4,nonStim,3,MonoR,-1,1,0,5,5,1
C:\Users\zzhu329\Documents\GitHub\EM-3DMotion\BehaviorFitting\BehaviorData_Clay.mat,Clay,Clay_004,4,nonStim,3,MonoR,-0.636363636363636,0.636363636363636,1,4,5,0.8
C:\Users\zzhu329\Documents\GitHub\EM-3DMotion\BehaviorFitting\BehaviorData_Clay.mat,Clay,Clay_004,4,nonStim,3,MonoR,-0.454545454545455,0.454545454545455,1,4,5,0.8
C:\Users\zzhu329\Documents\GitHub\EM-3DMotion\BehaviorFitting\BehaviorData_Clay.mat,Clay,Clay_004,4,nonStim,3,MonoR,-0.363636363636364,0.363636363636364,1,4,5,0.8
C:\Users\zzhu329\Documents\GitHub\EM-3DMotion\BehaviorFitting\BehaviorData_Clay.mat,Clay,Clay_004,4,nonStim,3,MonoR,-0.181818181818182,0.181818181818182,1,4,5,0.8
C:\Users\zzhu329\Documents\GitHub\EM-3DMotion\BehaviorFitting\BehaviorData_Clay.mat,Clay,Clay_004,4,nonStim,3,MonoR,-0.0909090909090909,0.0909090909090909,2,3,5,0.6
C:\Users\zzhu329\Documents\GitHub\EM-3DMotion\BehaviorFitting\BehaviorData_Clay.mat,Clay,Clay_004,4,nonStim,3,MonoR,0.0909090909090909,0.0909090909090909,1,1,5,0.2
C:\Users\zzhu329\Documents\GitHub\EM-3DMotion\BehaviorFitting\BehaviorData_Clay.mat,Clay,Clay_004,4,nonStim,3,MonoR,0.181818181818182,0.181818181818182,3,3,5,0.6
C:\Users\zzhu329\Documents\GitHub\EM-3DMotion\BehaviorFitting\BehaviorData_Clay.mat,Clay,Clay_004,4,nonStim,3,MonoR,0.363636363636364,0.363636363636364,5,5,5,1
C:\Users\zzhu329\Documents\GitHub\EM-3DMotion\BehaviorFitting\BehaviorData_Clay.mat,Clay,Clay_004,4,nonStim,3,MonoR,0.454545454545455,0.454545454545455,5,5,5,1
C:\Users\zzhu329\Documents\GitHub\EM-3DMotion\BehaviorFitting\BehaviorData_Clay.mat,Clay,Clay_004,4,nonStim,3,MonoR,0.636363636363636,0.636363636363636,5,5,5,1
C:\Users\zzhu329\Documents\GitHub\EM-3DMotion\BehaviorFitting\BehaviorData_Clay.mat,Clay,Clay_004,4,nonStim,3,MonoR,1,1,5,5,5,1
C:\Users\zzhu329\Documents\GitHub\EM-3DMotion\BehaviorFitting\BehaviorData_Clay.mat,Clay,Clay_004,4,nonStim,4,Bino,-1,1,0,5,5,1
C:\Users\zzhu329\Documents\GitHub\EM-3DMotion\BehaviorFitting\BehaviorData_Clay.mat,Clay,Clay_004,4,nonStim,4,Bino,-0.636363636363636,0.636363636363636,0,5,5,1
C:\Users\zzhu329\Documents\GitHub\EM-3DMotion\BehaviorFitting\BehaviorData_Clay.mat,Clay,Clay_004,4,nonStim,4,Bino,-0.454545454545455,0.454545454545455,0,5,5,1
C:\Users\zzhu329\Documents\GitHub\EM-3DMotion\BehaviorFitting\BehaviorData_Clay.mat,Clay,Clay_004,4,nonStim,4,Bino,-0.363636363636364,0.363636363636364,0,5,5,1
C:\Users\zzhu329\Documents\GitHub\EM-3DMotion\BehaviorFitting\BehaviorData_Clay.mat,Clay,Clay_004,4,nonStim,4,Bino,-0.181818181818182,0.181818181818182,1,4,5,0.8
C:\Users\zzhu329\Documents\GitHub\EM-3DMotion\BehaviorFitting\BehaviorData_Clay.mat,Clay,Clay_004,4,nonStim,4,Bino,-0.0909090909090909,0.0909090909090909,0,5,5,1
C:\Users\zzhu329\Documents\GitHub\EM-3DMotion\BehaviorFitting\BehaviorData_Clay.mat,Clay,Clay_004,4,nonStim,4,Bino,0.0909090909090909,0.0909090909090909,3,3,5,0.6
C:\Users\zzhu329\Documents\GitHub\EM-3DMotion\BehaviorFitting\BehaviorData_Clay.mat,Clay,Clay_004,4,nonStim,4,Bino,0.181818181818182,0.181818181818182,1,1,4,0.25
C:\Users\zzhu329\Documents\GitHub\EM-3DMotion\BehaviorFitting\BehaviorData_Clay.mat,Clay,Clay_004,4,nonStim,4,Bino,0.363636363636364,0.363636363636364,4,4,5,0.8
C:\Users\zzhu329\Documents\GitHub\EM-3DMotion\BehaviorFitting\BehaviorData_Clay.mat,Clay,Clay_004,4,nonStim,4,Bino,0.454545454545455,0.454545454545455,4,4,5,0.8
C:\Users\zzhu329\Documents\GitHub\EM-3DMotion\BehaviorFitting\BehaviorData_Clay.mat,Clay,Clay_004,4,nonStim,4,Bino,0.636363636363636,0.636363636363636,4,4,5,0.8
C:\Users\zzhu329\Documents\GitHub\EM-3DMotion\BehaviorFitting\BehaviorData_Clay.mat,Clay,Clay_004,4,nonStim,4,Bino,1,1,5,5,5,1
C:\Users\zzhu329\Documents\GitHub\EM-3DMotion\BehaviorFitting\BehaviorData_Clay.mat,Clay,Clay_005,5,nonStim,1,Combined,-1,1,0,9,9,1
C:\Users\zzhu329\Documents\GitHub\EM-3DMotion\BehaviorFitting\BehaviorData_Clay.mat,Clay,Clay_005,5,nonStim,1,Combined,-0.636363636363636,0.636363636363636,1,8,9,0.888888888888889
C:\Users\zzhu329\Documents\GitHub\EM-3DMotion\BehaviorFitting\BehaviorData_Clay.mat,Clay,Clay_005,5,nonStim,1,Combined,-0.454545454545455,0.454545454545455,0,10,10,1
C:\Users\zzhu329\Documents\GitHub\EM-3DMotion\BehaviorFitting\BehaviorData_Clay.mat,Clay,Clay_005,5,nonStim,1,Combined,-0.363636363636364,0.363636363636364,0,9,9,1
C:\Users\zzhu329\Documents\GitHub\EM-3DMotion\BehaviorFitting\BehaviorData_Clay.mat,Clay,Clay_005,5,nonStim,1,Combined,-0.181818181818182,0.181818181818182,0,9,9,1
C:\Users\zzhu329\Documents\GitHub\EM-3DMotion\BehaviorFitting\BehaviorData_Clay.mat,Clay,Clay_005,5,nonStim,1,Combined,-0.0909090909090909,0.0909090909090909,2,7,9,0.777777777777778
C:\Users\zzhu329\Documents\GitHub\EM-3DMotion\BehaviorFitting\BehaviorData_Clay.mat,Clay,Clay_005,5,nonStim,1,Combined,0.0909090909090909,0.0909090909090909,7,7,9,0.777777777777778
C:\Users\zzhu329\Documents\GitHub\EM-3DMotion\BehaviorFitting\BehaviorData_Clay.mat,Clay,Clay_005,5,nonStim,1,Combined,0.181818181818182,0.181818181818182,8,8,9,0.888888888888889
C:\Users\zzhu329\Documents\GitHub\EM-3DMotion\BehaviorFitting\BehaviorData_Clay.mat,Clay,Clay_005,5,nonStim,1,Combined,0.363636363636364,0.363636363636364,10,10,10,1
C:\Users\zzhu329\Documents\GitHub\EM-3DMotion\BehaviorFitting\BehaviorData_Clay.mat,Clay,Clay_005,5,nonStim,1,Combined,0.454545454545455,0.454545454545455,10,10,10,1
C:\Users\zzhu329\Documents\GitHub\EM-3DMotion\BehaviorFitting\BehaviorData_Clay.mat,Clay,Clay_005,5,nonStim,1,Combined,0.636363636363636,0.636363636363636,9,9,9,1
C:\Users\zzhu329\Documents\GitHub\EM-3DMotion\BehaviorFitting\BehaviorData_Clay.mat,Clay,Clay_005,5,nonStim,1,Combined,1,1,10,10,10,1
C:\Users\zzhu329\Documents\GitHub\EM-3DMotion\BehaviorFitting\BehaviorData_Clay.mat,Clay,Clay_005,5,nonStim,2,MonoL,-1,1,1,8,9,0.888888888888889
C:\Users\zzhu329\Documents\GitHub\EM-3DMotion\BehaviorFitting\BehaviorData_Clay.mat,Clay,Clay_005,5,nonStim,2,MonoL,-0.636363636363636,0.636363636363636,1,8,9,0.888888888888889
C:\Users\zzhu329\Documents\GitHub\EM-3DMotion\BehaviorFitting\BehaviorData_Clay.mat,Clay,Clay_005,5,nonStim,2,MonoL,-0.454545454545455,0.454545454545455,1,8,9,0.888888888888889
C:\Users\zzhu329\Documents\GitHub\EM-3DMotion\BehaviorFitting\BehaviorData_Clay.mat,Clay,Clay_005,5,nonStim,2,MonoL,-0.363636363636364,0.363636363636364,3,6,9,0.666666666666667
C:\Users\zzhu329\Documents\GitHub\EM-3DMotion\BehaviorFitting\BehaviorData_Clay.mat,Clay,Clay_005,5,nonStim,2,MonoL,-0.181818181818182,0.181818181818182,3,6,9,0.666666666666667
C:\Users\zzhu329\Documents\GitHub\EM-3DMotion\BehaviorFitting\BehaviorData_Clay.mat,Clay,Clay_005,5,nonStim,2,MonoL,-0.0909090909090909,0.0909090909090909,2,7,9,0.777777777777778
C:\Users\zzhu329\Documents\GitHub\EM-3DMotion\BehaviorFitting\BehaviorData_Clay.mat,Clay,Clay_005,5,nonStim,2,MonoL,0.0909090909090909,0.0909090909090909,6,6,9,0.666666666666667
C:\Users\zzhu329\Documents\GitHub\EM-3DMotion\BehaviorFitting\BehaviorData_Clay.mat,Clay,Clay_005,5,nonStim,2,MonoL,0.181818181818182,0.181818181818182,8,8,9,0.888888888888889
C:\Users\zzhu329\Documents\GitHub\EM-3DMotion\BehaviorFitting\BehaviorData_Clay.mat,Clay,Clay_005,5,nonStim,2,MonoL,0.363636363636364,0.363636363636364,9,9,9,1
C:\Users\zzhu329\Documents\GitHub\EM-3DMotion\BehaviorFitting\BehaviorData_Clay.mat,Clay,Clay_005,5,nonStim,2,MonoL,0.454545454545455,0.454545454545455,10,10,10,1
C:\Users\zzhu329\Documents\GitHub\EM-3DMotion\BehaviorFitting\BehaviorData_Clay.mat,Clay,Clay_005,5,nonStim,2,MonoL,0.636363636363636,0.636363636363636,9,9,9,1
C:\Users\zzhu329\Documents\GitHub\EM-3DMotion\BehaviorFitting\BehaviorData_Clay.mat,Clay,Clay_005,5,nonStim,2,MonoL,1,1,10,10,10,1
C:\Users\zzhu329\Documents\GitHub\EM-3DMotion\BehaviorFitting\BehaviorData_Clay.mat,Clay,Clay_005,5,nonStim,3,MonoR,-1,1,1,8,9,0.888888888888889
C:\Users\zzhu329\Documents\GitHub\EM-3DMotion\BehaviorFitting\BehaviorData_Clay.mat,Clay,Clay_005,5,nonStim,3,MonoR,-0.636363636363636,0.636363636363636,1,9,10,0.9
C:\Users\zzhu329\Documents\GitHub\EM-3DMotion\BehaviorFitting\BehaviorData_Clay.mat,Clay,Clay_005,5,nonStim,3,MonoR,-0.454545454545455,0.454545454545455,0,9,9,1
C:\Users\zzhu329\Documents\GitHub\EM-3DMotion\BehaviorFitting\BehaviorData_Clay.mat,Clay,Clay_005,5,nonStim,3,MonoR,-0.363636363636364,0.363636363636364,3,7,10,0.7
C:\Users\zzhu329\Documents\GitHub\EM-3DMotion\BehaviorFitting\BehaviorData_Clay.mat,Clay,Clay_005,5,nonStim,3,MonoR,-0.181818181818182,0.181818181818182,2,7,9,0.777777777777778
C:\Users\zzhu329\Documents\GitHub\EM-3DMotion\BehaviorFitting\BehaviorData_Clay.mat,Clay,Clay_005,5,nonStim,3,MonoR,-0.0909090909090909,0.0909090909090909,4,5,9,0.555555555555556
C:\Users\zzhu329\Documents\GitHub\EM-3DMotion\BehaviorFitting\BehaviorData_Clay.mat,Clay,Clay_005,5,nonStim,3,MonoR,0.0909090909090909,0.0909090909090909,5,5,10,0.5
C:\Users\zzhu329\Documents\GitHub\EM-3DMotion\BehaviorFitting\BehaviorData_Clay.mat,Clay,Clay_005,5,nonStim,3,MonoR,0.181818181818182,0.181818181818182,7,7,9,0.777777777777778
C:\Users\zzhu329\Documents\GitHub\EM-3DMotion\BehaviorFitting\BehaviorData_Clay.mat,Clay,Clay_005,5,nonStim,3,MonoR,0.363636363636364,0.363636363636364,8,8,9,0.888888888888889
C:\Users\zzhu329\Documents\GitHub\EM-3DMotion\BehaviorFitting\BehaviorData_Clay.mat,Clay,Clay_005,5,nonStim,3,MonoR,0.454545454545455,0.454545454545455,9,9,9,1
C:\Users\zzhu329\Documents\GitHub\EM-3DMotion\BehaviorFitting\BehaviorData_Clay.mat,Clay,Clay_005,5,nonStim,3,MonoR,0.636363636363636,0.636363636363636,9,9,9,1
C:\Users\zzhu329\Documents\GitHub\EM-3DMotion\BehaviorFitting\BehaviorData_Clay.mat,Clay,Clay_005,5,nonStim,3,MonoR,1,1,9,9,9,1
C:\Users\zzhu329\Documents\GitHub\EM-3DMotion\BehaviorFitting\BehaviorData_Clay.mat,Clay,Clay_005,5,nonStim,4,Bino,-1,1,1,9,10,0.9
C:\Users\zzhu329\Documents\GitHub\EM-3DMotion\BehaviorFitting\BehaviorData_Clay.mat,Clay,Clay_005,5,nonStim,4,Bino,-0.636363636363636,0.636363636363636,0,9,9,1
C:\Users\zzhu329\Documents\GitHub\EM-3DMotion\BehaviorFitting\BehaviorData_Clay.mat,Clay,Clay_005,5,nonStim,4,Bino,-0.454545454545455,0.454545454545455,1,8,9,0.888888888888889
C:\Users\zzhu329\Documents\GitHub\EM-3DMotion\BehaviorFitting\BehaviorData_Clay.mat,Clay,Clay_005,5,nonStim,4,Bino,-0.363636363636364,0.363636363636364,1,9,10,0.9
C:\Users\zzhu329\Documents\GitHub\EM-3DMotion\BehaviorFitting\BehaviorData_Clay.mat,Clay,Clay_005,5,nonStim,4,Bino,-0.181818181818182,0.181818181818182,0,9,9,1
C:\Users\zzhu329\Documents\GitHub\EM-3DMotion\BehaviorFitting\BehaviorData_Clay.mat,Clay,Clay_005,5,nonStim,4,Bino,-0.0909090909090909,0.0909090909090909,2,7,9,0.777777777777778
C:\Users\zzhu329\Documents\GitHub\EM-3DMotion\BehaviorFitting\BehaviorData_Clay.mat,Clay,Clay_005,5,nonStim,4,Bino,0.0909090909090909,0.0909090909090909,4,4,10,0.4
C:\Users\zzhu329\Documents\GitHub\EM-3DMotion\BehaviorFitting\BehaviorData_Clay.mat,Clay,Clay_005,5,nonStim,4,Bino,0.181818181818182,0.181818181818182,7,7,10,0.7
C:\Users\zzhu329\Documents\GitHub\EM-3DMotion\BehaviorFitting\BehaviorData_Clay.mat,Clay,Clay_005,5,nonStim,4,Bino,0.363636363636364,0.363636363636364,8,8,9,0.888888888888889
C:\Users\zzhu329\Documents\GitHub\EM-3DMotion\BehaviorFitting\BehaviorData_Clay.mat,Clay,Clay_005,5,nonStim,4,Bino,0.454545454545455,0.454545454545455,7,7,9,0.777777777777778
C:\Users\zzhu329\Documents\GitHub\EM-3DMotion\BehaviorFitting\BehaviorData_Clay.mat,Clay,Clay_005,5,nonStim,4,Bino,0.636363636363636,0.636363636363636,8,8,9,0.888888888888889
C:\Users\zzhu329\Documents\GitHub\EM-3DMotion\BehaviorFitting\BehaviorData_Clay.mat,Clay,Clay_005,5,nonStim,4,Bino,1,1,9,9,9,1
C:\Users\zzhu329\Documents\GitHub\EM-3DMotion\BehaviorFitting\BehaviorData_Clay.mat,Clay,Clay_006,6,nonStim,1,Combined,-1,1,0,9,9,1
C:\Users\zzhu329\Documents\GitHub\EM-3DMotion\BehaviorFitting\BehaviorData_Clay.mat,Clay,Clay_006,6,nonStim,1,Combined,-0.636363636363636,0.636363636363636,1,9,10,0.9
C:\Users\zzhu329\Documents\GitHub\EM-3DMotion\BehaviorFitting\BehaviorData_Clay.mat,Clay,Clay_006,6,nonStim,1,Combined,-0.454545454545455,0.454545454545455,1,7,8,0.875
C:\Users\zzhu329\Documents\GitHub\EM-3DMotion\BehaviorFitting\BehaviorData_Clay.mat,Clay,Clay_006,6,nonStim,1,Combined,-0.363636363636364,0.363636363636364,1,8,9,0.888888888888889
C:\Users\zzhu329\Documents\GitHub\EM-3DMotion\BehaviorFitting\BehaviorData_Clay.mat,Clay,Clay_006,6,nonStim,1,Combined,-0.181818181818182,0.181818181818182,4,5,9,0.555555555555556
C:\Users\zzhu329\Documents\GitHub\EM-3DMotion\BehaviorFitting\BehaviorData_Clay.mat,Clay,Clay_006,6,nonStim,1,Combined,-0.0909090909090909,0.0909090909090909,5,4,9,0.444444444444444
C:\Users\zzhu329\Documents\GitHub\EM-3DMotion\BehaviorFitting\BehaviorData_Clay.mat,Clay,Clay_006,6,nonStim,1,Combined,0.0909090909090909,0.0909090909090909,7,7,10,0.7
C:\Users\zzhu329\Documents\GitHub\EM-3DMotion\BehaviorFitting\BehaviorData_Clay.mat,Clay,Clay_006,6,nonStim,1,Combined,0.181818181818182,0.181818181818182,10,10,10,1
C:\Users\zzhu329\Documents\GitHub\EM-3DMotion\BehaviorFitting\BehaviorData_Clay.mat,Clay,Clay_006,6,nonStim,1,Combined,0.363636363636364,0.363636363636364,9,9,9,1
C:\Users\zzhu329\Documents\GitHub\EM-3DMotion\BehaviorFitting\BehaviorData_Clay.mat,Clay,Clay_006,6,nonStim,1,Combined,0.454545454545455,0.454545454545455,9,9,9,1
C:\Users\zzhu329\Documents\GitHub\EM-3DMotion\BehaviorFitting\BehaviorData_Clay.mat,Clay,Clay_006,6,nonStim,1,Combined,0.636363636363636,0.636363636363636,8,8,8,1
C:\Users\zzhu329\Documents\GitHub\EM-3DMotion\BehaviorFitting\BehaviorData_Clay.mat,Clay,Clay_006,6,nonStim,1,Combined,1,1,9,9,9,1
C:\Users\zzhu329\Documents\GitHub\EM-3DMotion\BehaviorFitting\BehaviorData_Clay.mat,Clay,Clay_006,6,nonStim,2,MonoL,-1,1,0,10,10,1
C:\Users\zzhu329\Documents\GitHub\EM-3DMotion\BehaviorFitting\BehaviorData_Clay.mat,Clay,Clay_006,6,nonStim,2,MonoL,-0.636363636363636,0.636363636363636,2,7,9,0.777777777777778
C:\Users\zzhu329\Documents\GitHub\EM-3DMotion\BehaviorFitting\BehaviorData_Clay.mat,Clay,Clay_006,6,nonStim,2,MonoL,-0.454545454545455,0.454545454545455,2,7,9,0.777777777777778
C:\Users\zzhu329\Documents\GitHub\EM-3DMotion\BehaviorFitting\BehaviorData_Clay.mat,Clay,Clay_006,6,nonStim,2,MonoL,-0.363636363636364,0.363636363636364,0,9,9,1
C:\Users\zzhu329\Documents\GitHub\EM-3DMotion\BehaviorFitting\BehaviorData_Clay.mat,Clay,Clay_006,6,nonStim,2,MonoL,-0.181818181818182,0.181818181818182,2,7,9,0.777777777777778
C:\Users\zzhu329\Documents\GitHub\EM-3DMotion\BehaviorFitting\BehaviorData_Clay.mat,Clay,Clay_006,6,nonStim,2,MonoL,-0.0909090909090909,0.0909090909090909,5,5,10,0.5
C:\Users\zzhu329\Documents\GitHub\EM-3DMotion\BehaviorFitting\BehaviorData_Clay.mat,Clay,Clay_006,6,nonStim,2,MonoL,0.0909090909090909,0.0909090909090909,3,3,9,0.333333333333333
C:\Users\zzhu329\Documents\GitHub\EM-3DMotion\BehaviorFitting\BehaviorData_Clay.mat,Clay,Clay_006,6,nonStim,2,MonoL,0.181818181818182,0.181818181818182,3,3,9,0.333333333333333
C:\Users\zzhu329\Documents\GitHub\EM-3DMotion\BehaviorFitting\BehaviorData_Clay.mat,Clay,Clay_006,6,nonStim,2,MonoL,0.363636363636364,0.363636363636364,9,9,9,1
C:\Users\zzhu329\Documents\GitHub\EM-3DMotion\BehaviorFitting\BehaviorData_Clay.mat,Clay,Clay_006,6,nonStim,2,MonoL,0.454545454545455,0.454545454545455,9,9,9,1
C:\Users\zzhu329\Documents\GitHub\EM-3DMotion\BehaviorFitting\BehaviorData_Clay.mat,Clay,Clay_006,6,nonStim,2,MonoL,0.636363636363636,0.636363636363636,9,9,10,0.9
C:\Users\zzhu329\Documents\GitHub\EM-3DMotion\BehaviorFitting\BehaviorData_Clay.mat,Clay,Clay_006,6,nonStim,2,MonoL,1,1,9,9,9,1
C:\Users\zzhu329\Documents\GitHub\EM-3DMotion\BehaviorFitting\BehaviorData_Clay.mat,Clay,Clay_006,6,nonStim,3,MonoR,-1,1,0,9,9,1
C:\Users\zzhu329\Documents\GitHub\EM-3DMotion\BehaviorFitting\BehaviorData_Clay.mat,Clay,Clay_006,6,nonStim,3,MonoR,-0.636363636363636,0.636363636363636,0,9,9,1
C:\Users\zzhu329\Documents\GitHub\EM-3DMotion\BehaviorFitting\BehaviorData_Clay.mat,Clay,Clay_006,6,nonStim,3,MonoR,-0.454545454545455,0.454545454545455,2,7,9,0.777777777777778
C:\Users\zzhu329\Documents\GitHub\EM-3DMotion\BehaviorFitting\BehaviorData_Clay.mat,Clay,Clay_006,6,nonStim,3,MonoR,-0.363636363636364,0.363636363636364,1,8,9,0.888888888888889
C:\Users\zzhu329\Documents\GitHub\EM-3DMotion\BehaviorFitting\BehaviorData_Clay.mat,Clay,Clay_006,6,nonStim,3,MonoR,-0.181818181818182,0.181818181818182,1,8,9,0.888888888888889
C:\Users\zzhu329\Documents\GitHub\EM-3DMotion\BehaviorFitting\BehaviorData_Clay.mat,Clay,Clay_006,6,nonStim,3,MonoR,-0.0909090909090909,0.0909090909090909,4,5,9,0.555555555555556
C:\Users\zzhu329\Documents\GitHub\EM-3DMotion\BehaviorFitting\BehaviorData_Clay.mat,Clay,Clay_006,6,nonStim,3,MonoR,0.0909090909090909,0.0909090909090909,5,5,9,0.555555555555556
C:\Users\zzhu329\Documents\GitHub\EM-3DMotion\BehaviorFitting\BehaviorData_Clay.mat,Clay,Clay_006,6,nonStim,3,MonoR,0.181818181818182,0.181818181818182,4,4,9,0.444444444444444
C:\Users\zzhu329\Documents\GitHub\EM-3DMotion\BehaviorFitting\BehaviorData_Clay.mat,Clay,Clay_006,6,nonStim,3,MonoR,0.363636363636364,0.363636363636364,7,7,9,0.777777777777778
C:\Users\zzhu329\Documents\GitHub\EM-3DMotion\BehaviorFitting\BehaviorData_Clay.mat,Clay,Clay_006,6,nonStim,3,MonoR,0.454545454545455,0.454545454545455,9,9,9,1
C:\Users\zzhu329\Documents\GitHub\EM-3DMotion\BehaviorFitting\BehaviorData_Clay.mat,Clay,Clay_006,6,nonStim,3,MonoR,0.636363636363636,0.636363636363636,8,8,9,0.888888888888889
C:\Users\zzhu329\Documents\GitHub\EM-3DMotion\BehaviorFitting\BehaviorData_Clay.mat,Clay,Clay_006,6,nonStim,3,MonoR,1,1,9,9,9,1
C:\Users\zzhu329\Documents\GitHub\EM-3DMotion\BehaviorFitting\BehaviorData_Clay.mat,Clay,Clay_006,6,nonStim,4,Bino,-1,1,1,8,9,0.888888888888889
C:\Users\zzhu329\Documents\GitHub\EM-3DMotion\BehaviorFitting\BehaviorData_Clay.mat,Clay,Clay_006,6,nonStim,4,Bino,-0.636363636363636,0.636363636363636,2,7,9,0.777777777777778
C:\Users\zzhu329\Documents\GitHub\EM-3DMotion\BehaviorFitting\BehaviorData_Clay.mat,Clay,Clay_006,6,nonStim,4,Bino,-0.454545454545455,0.454545454545455,1,8,9,0.888888888888889
C:\Users\zzhu329\Documents\GitHub\EM-3DMotion\BehaviorFitting\BehaviorData_Clay.mat,Clay,Clay_006,6,nonStim,4,Bino,-0.363636363636364,0.363636363636364,3,7,10,0.7
C:\Users\zzhu329\Documents\GitHub\EM-3DMotion\BehaviorFitting\BehaviorData_Clay.mat,Clay,Clay_006,6,nonStim,4,Bino,-0.181818181818182,0.181818181818182,2,7,9,0.777777777777778
C:\Users\zzhu329\Documents\GitHub\EM-3DMotion\BehaviorFitting\BehaviorData_Clay.mat,Clay,Clay_006,6,nonStim,4,Bino,-0.0909090909090909,0.0909090909090909,5,4,9,0.444444444444444
C:\Users\zzhu329\Documents\GitHub\EM-3DMotion\BehaviorFitting\BehaviorData_Clay.mat,Clay,Clay_006,6,nonStim,4,Bino,0.0909090909090909,0.0909090909090909,4,4,9,0.444444444444444
C:\Users\zzhu329\Documents\GitHub\EM-3DMotion\BehaviorFitting\BehaviorData_Clay.mat,Clay,Clay_006,6,nonStim,4,Bino,0.181818181818182,0.181818181818182,6,6,10,0.6
C:\Users\zzhu329\Documents\GitHub\EM-3DMotion\BehaviorFitting\BehaviorData_Clay.mat,Clay,Clay_006,6,nonStim,4,Bino,0.363636363636364,0.363636363636364,6,6,9,0.666666666666667
C:\Users\zzhu329\Documents\GitHub\EM-3DMotion\BehaviorFitting\BehaviorData_Clay.mat,Clay,Clay_006,6,nonStim,4,Bino,0.454545454545455,0.454545454545455,9,9,9,1
C:\Users\zzhu329\Documents\GitHub\EM-3DMotion\BehaviorFitting\BehaviorData_Clay.mat,Clay,Clay_006,6,nonStim,4,Bino,0.636363636363636,0.636363636363636,7,7,9,0.777777777777778
C:\Users\zzhu329\Documents\GitHub\EM-3DMotion\BehaviorFitting\BehaviorData_Clay.mat,Clay,Clay_006,6,nonStim,4,Bino,1,1,9,9,9,1
C:\Users\zzhu329\Documents\GitHub\EM-3DMotion\BehaviorFitting\BehaviorData_Clay.mat,Clay,Clay_007,7,nonStim,1,Combined,-1,1,1,11,12,0.916666666666667
C:\Users\zzhu329\Documents\GitHub\EM-3DMotion\BehaviorFitting\BehaviorData_Clay.mat,Clay,Clay_007,7,nonStim,1,Combined,-0.636363636363636,0.636363636363636,1,11,12,0.916666666666667
C:\Users\zzhu329\Documents\GitHub\EM-3DMotion\BehaviorFitting\BehaviorData_Clay.mat,Clay,Clay_007,7,nonStim,1,Combined,-0.454545454545455,0.454545454545455,3,9,12,0.75
C:\Users\zzhu329\Documents\GitHub\EM-3DMotion\BehaviorFitting\BehaviorData_Clay.mat,Clay,Clay_007,7,nonStim,1,Combined,-0.363636363636364,0.363636363636364,1,11,12,0.916666666666667
C:\Users\zzhu329\Documents\GitHub\EM-3DMotion\BehaviorFitting\BehaviorData_Clay.mat,Clay,Clay_007,7,nonStim,1,Combined,-0.181818181818182,0.181818181818182,1,11,12,0.916666666666667
C:\Users\zzhu329\Documents\GitHub\EM-3DMotion\BehaviorFitting\BehaviorData_Clay.mat,Clay,Clay_007,7,nonStim,1,Combined,-0.0909090909090909,0.0909090909090909,3,9,12,0.75
C:\Users\zzhu329\Documents\GitHub\EM-3DMotion\BehaviorFitting\BehaviorData_Clay.mat,Clay,Clay_007,7,nonStim,1,Combined,0.0909090909090909,0.0909090909090909,9,9,12,0.75
C:\Users\zzhu329\Documents\GitHub\EM-3DMotion\BehaviorFitting\BehaviorData_Clay.mat,Clay,Clay_007,7,nonStim,1,Combined,0.181818181818182,0.181818181818182,10,10,12,0.833333333333333
C:\Users\zzhu329\Documents\GitHub\EM-3DMotion\BehaviorFitting\BehaviorData_Clay.mat,Clay,Clay_007,7,nonStim,1,Combined,0.363636363636364,0.363636363636364,11,11,12,0.916666666666667
C:\Users\zzhu329\Documents\GitHub\EM-3DMotion\BehaviorFitting\BehaviorData_Clay.mat,Clay,Clay_007,7,nonStim,1,Combined,0.454545454545455,0.454545454545455,12,12,12,1
C:\Users\zzhu329\Documents\GitHub\EM-3DMotion\BehaviorFitting\BehaviorData_Clay.mat,Clay,Clay_007,7,nonStim,1,Combined,0.636363636363636,0.636363636363636,12,12,12,1
C:\Users\zzhu329\Documents\GitHub\EM-3DMotion\BehaviorFitting\BehaviorData_Clay.mat,Clay,Clay_007,7,nonStim,1,Combined,1,1,12,12,12,1
C:\Users\zzhu329\Documents\GitHub\EM-3DMotion\BehaviorFitting\BehaviorData_Clay.mat,Clay,Clay_007,7,nonStim,2,MonoL,-1,1,0,12,12,1
C:\Users\zzhu329\Documents\GitHub\EM-3DMotion\BehaviorFitting\BehaviorData_Clay.mat,Clay,Clay_007,7,nonStim,2,MonoL,-0.636363636363636,0.636363636363636,2,10,12,0.833333333333333
C:\Users\zzhu329\Documents\GitHub\EM-3DMotion\BehaviorFitting\BehaviorData_Clay.mat,Clay,Clay_007,7,nonStim,2,MonoL,-0.454545454545455,0.454545454545455,1,11,12,0.916666666666667
C:\Users\zzhu329\Documents\GitHub\EM-3DMotion\BehaviorFitting\BehaviorData_Clay.mat,Clay,Clay_007,7,nonStim,2,MonoL,-0.363636363636364,0.363636363636364,1,11,12,0.916666666666667
C:\Users\zzhu329\Documents\GitHub\EM-3DMotion\BehaviorFitting\BehaviorData_Clay.mat,Clay,Clay_007,7,nonStim,2,MonoL,-0.181818181818182,0.181818181818182,1,11,12,0.916666666666667
C:\Users\zzhu329\Documents\GitHub\EM-3DMotion\BehaviorFitting\BehaviorData_Clay.mat,Clay,Clay_007,7,nonStim,2,MonoL,-0.0909090909090909,0.0909090909090909,3,9,12,0.75
C:\Users\zzhu329\Documents\GitHub\EM-3DMotion\BehaviorFitting\BehaviorData_Clay.mat,Clay,Clay_007,7,nonStim,2,MonoL,0.0909090909090909,0.0909090909090909,4,4,11,0.363636363636364
C:\Users\zzhu329\Documents\GitHub\EM-3DMotion\BehaviorFitting\BehaviorData_Clay.mat,Clay,Clay_007,7,nonStim,2,MonoL,0.181818181818182,0.181818181818182,1,1,12,0.0833333333333333
C:\Users\zzhu329\Documents\GitHub\EM-3DMotion\BehaviorFitting\BehaviorData_Clay.mat,Clay,Clay_007,7,nonStim,2,MonoL,0.363636363636364,0.363636363636364,2,2,12,0.166666666666667
C:\Users\zzhu329\Documents\GitHub\EM-3DMotion\BehaviorFitting\BehaviorData_Clay.mat,Clay,Clay_007,7,nonStim,2,MonoL,0.454545454545455,0.454545454545455,5,5,12,0.416666666666667
C:\Users\zzhu329\Documents\GitHub\EM-3DMotion\BehaviorFitting\BehaviorData_Clay.mat,Clay,Clay_007,7,nonStim,2,MonoL,0.636363636363636,0.636363636363636,9,9,12,0.75
C:\Users\zzhu329\Documents\GitHub\EM-3DMotion\BehaviorFitting\BehaviorData_Clay.mat,Clay,Clay_007,7,nonStim,2,MonoL,1,1,12,12,12,1
C:\Users\zzhu329\Documents\GitHub\EM-3DMotion\BehaviorFitting\BehaviorData_Clay.mat,Clay,Clay_007,7,nonStim,3,MonoR,-1,1,1,11,12,0.916666666666667
C:\Users\zzhu329\Documents\GitHub\EM-3DMotion\BehaviorFitting\BehaviorData_Clay.mat,Clay,Clay_007,7,nonStim,3,MonoR,-0.636363636363636,0.636363636363636,0,12,12,1
C:\Users\zzhu329\Documents\GitHub\EM-3DMotion\BehaviorFitting\BehaviorData_Clay.mat,Clay,Clay_007,7,nonStim,3,MonoR,-0.454545454545455,0.454545454545455,2,10,12,0.833333333333333
C:\Users\zzhu329\Documents\GitHub\EM-3DMotion\BehaviorFitting\BehaviorData_Clay.mat,Clay,Clay_007,7,nonStim,3,MonoR,-0.363636363636364,0.363636363636364,1,11,12,0.916666666666667
C:\Users\zzhu329\Documents\GitHub\EM-3DMotion\BehaviorFitting\BehaviorData_Clay.mat,Clay,Clay_007,7,nonStim,3,MonoR,-0.181818181818182,0.181818181818182,2,10,12,0.833333333333333
C:\Users\zzhu329\Documents\GitHub\EM-3DMotion\BehaviorFitting\BehaviorData_Clay.mat,Clay,Clay_007,7,nonStim,3,MonoR,-0.0909090909090909,0.0909090909090909,2,10,12,0.833333333333333
C:\Users\zzhu329\Documents\GitHub\EM-3DMotion\BehaviorFitting\BehaviorData_Clay.mat,Clay,Clay_007,7,nonStim,3,MonoR,0.0909090909090909,0.0909090909090909,1,1,12,0.0833333333333333
C:\Users\zzhu329\Documents\GitHub\EM-3DMotion\BehaviorFitting\BehaviorData_Clay.mat,Clay,Clay_007,7,nonStim,3,MonoR,0.181818181818182,0.181818181818182,4,4,12,0.333333333333333
C:\Users\zzhu329\Documents\GitHub\EM-3DMotion\BehaviorFitting\BehaviorData_Clay.mat,Clay,Clay_007,7,nonStim,3,MonoR,0.363636363636364,0.363636363636364,5,5,12,0.416666666666667
C:\Users\zzhu329\Documents\GitHub\EM-3DMotion\BehaviorFitting\BehaviorData_Clay.mat,Clay,Clay_007,7,nonStim,3,MonoR,0.454545454545455,0.454545454545455,2,2,12,0.166666666666667
C:\Users\zzhu329\Documents\GitHub\EM-3DMotion\BehaviorFitting\BehaviorData_Clay.mat,Clay,Clay_007,7,nonStim,3,MonoR,0.636363636363636,0.636363636363636,9,9,12,0.75
C:\Users\zzhu329\Documents\GitHub\EM-3DMotion\BehaviorFitting\BehaviorData_Clay.mat,Clay,Clay_007,7,nonStim,3,MonoR,1,1,9,9,12,0.75
C:\Users\zzhu329\Documents\GitHub\EM-3DMotion\BehaviorFitting\BehaviorData_Clay.mat,Clay,Clay_007,7,nonStim,4,Bino,-1,1,1,11,12,0.916666666666667
C:\Users\zzhu329\Documents\GitHub\EM-3DMotion\BehaviorFitting\BehaviorData_Clay.mat,Clay,Clay_007,7,nonStim,4,Bino,-0.636363636363636,0.636363636363636,1,11,12,0.916666666666667
C:\Users\zzhu329\Documents\GitHub\EM-3DMotion\BehaviorFitting\BehaviorData_Clay.mat,Clay,Clay_007,7,nonStim,4,Bino,-0.454545454545455,0.454545454545455,2,10,12,0.833333333333333
C:\Users\zzhu329\Documents\GitHub\EM-3DMotion\BehaviorFitting\BehaviorData_Clay.mat,Clay,Clay_007,7,nonStim,4,Bino,-0.363636363636364,0.363636363636364,0,12,12,1
C:\Users\zzhu329\Documents\GitHub\EM-3DMotion\BehaviorFitting\BehaviorData_Clay.mat,Clay,Clay_007,7,nonStim,4,Bino,-0.181818181818182,0.181818181818182,1,11,12,0.916666666666667
C:\Users\zzhu329\Documents\GitHub\EM-3DMotion\BehaviorFitting\BehaviorData_Clay.mat,Clay,Clay_007,7,nonStim,4,Bino,-0.0909090909090909,0.0909090909090909,2,10,12,0.833333333333333
C:\Users\zzhu329\Documents\GitHub\EM-3DMotion\BehaviorFitting\BehaviorData_Clay.mat,Clay,Clay_007,7,nonStim,4,Bino,0.0909090909090909,0.0909090909090909,7,7,12,0.583333333333333
C:\Users\zzhu329\Documents\GitHub\EM-3DMotion\BehaviorFitting\BehaviorData_Clay.mat,Clay,Clay_007,7,nonStim,4,Bino,0.181818181818182,0.181818181818182,3,3,12,0.25
C:\Users\zzhu329\Documents\GitHub\EM-3DMotion\BehaviorFitting\BehaviorData_Clay.mat,Clay,Clay_007,7,nonStim,4,Bino,0.363636363636364,0.363636363636364,4,4,12,0.333333333333333
C:\Users\zzhu329\Documents\GitHub\EM-3DMotion\BehaviorFitting\BehaviorData_Clay.mat,Clay,Clay_007,7,nonStim,4,Bino,0.454545454545455,0.454545454545455,6,6,12,0.5
C:\Users\zzhu329\Documents\GitHub\EM-3DMotion\BehaviorFitting\BehaviorData_Clay.mat,Clay,Clay_007,7,nonStim,4,Bino,0.636363636363636,0.636363636363636,7,7,12,0.583333333333333
C:\Users\zzhu329\Documents\GitHub\EM-3DMotion\BehaviorFitting\BehaviorData_Clay.mat,Clay,Clay_007,7,nonStim,4,Bino,1,1,7,7,12,0.583333333333333
C:\Users\zzhu329\Documents\GitHub\EM-3DMotion\BehaviorFitting\BehaviorData_Clay.mat,Clay,Clay_008,8,nonStim,1,Combined,-1,1,1,6,7,0.857142857142857
C:\Users\zzhu329\Documents\GitHub\EM-3DMotion\BehaviorFitting\BehaviorData_Clay.mat,Clay,Clay_008,8,nonStim,1,Combined,-0.636363636363636,0.636363636363636,0,8,8,1
C:\Users\zzhu329\Documents\GitHub\EM-3DMotion\BehaviorFitting\BehaviorData_Clay.mat,Clay,Clay_008,8,nonStim,1,Combined,-0.454545454545455,0.454545454545455,0,7,7,1
C:\Users\zzhu329\Documents\GitHub\EM-3DMotion\BehaviorFitting\BehaviorData_Clay.mat,Clay,Clay_008,8,nonStim,1,Combined,-0.363636363636364,0.363636363636364,0,7,7,1
C:\Users\zzhu329\Documents\GitHub\EM-3DMotion\BehaviorFitting\BehaviorData_Clay.mat,Clay,Clay_008,8,nonStim,1,Combined,-0.181818181818182,0.181818181818182,0,7,7,1
C:\Users\zzhu329\Documents\GitHub\EM-3DMotion\BehaviorFitting\BehaviorData_Clay.mat,Clay,Clay_008,8,nonStim,1,Combined,-0.0909090909090909,0.0909090909090909,0,8,8,1
C:\Users\zzhu329\Documents\GitHub\EM-3DMotion\BehaviorFitting\BehaviorData_Clay.mat,Clay,Clay_008,8,nonStim,1,Combined,0.0909090909090909,0.0909090909090909,3,3,7,0.428571428571429
C:\Users\zzhu329\Documents\GitHub\EM-3DMotion\BehaviorFitting\BehaviorData_Clay.mat,Clay,Clay_008,8,nonStim,1,Combined,0.181818181818182,0.181818181818182,6,6,7,0.857142857142857
C:\Users\zzhu329\Documents\GitHub\EM-3DMotion\BehaviorFitting\BehaviorData_Clay.mat,Clay,Clay_008,8,nonStim,1,Combined,0.363636363636364,0.363636363636364,7,7,7,1
C:\Users\zzhu329\Documents\GitHub\EM-3DMotion\BehaviorFitting\BehaviorData_Clay.mat,Clay,Clay_008,8,nonStim,1,Combined,0.454545454545455,0.454545454545455,7,7,7,1
C:\Users\zzhu329\Documents\GitHub\EM-3DMotion\BehaviorFitting\BehaviorData_Clay.mat,Clay,Clay_008,8,nonStim,1,Combined,0.636363636363636,0.636363636363636,7,7,7,1
C:\Users\zzhu329\Documents\GitHub\EM-3DMotion\BehaviorFitting\BehaviorData_Clay.mat,Clay,Clay_008,8,nonStim,1,Combined,1,1,7,7,7,1
C:\Users\zzhu329\Documents\GitHub\EM-3DMotion\BehaviorFitting\BehaviorData_Clay.mat,Clay,Clay_008,8,nonStim,2,MonoL,-1,1,0,7,7,1
C:\Users\zzhu329\Documents\GitHub\EM-3DMotion\BehaviorFitting\BehaviorData_Clay.mat,Clay,Clay_008,8,nonStim,2,MonoL,-0.636363636363636,0.636363636363636,2,5,7,0.714285714285714
C:\Users\zzhu329\Documents\GitHub\EM-3DMotion\BehaviorFitting\BehaviorData_Clay.mat,Clay,Clay_008,8,nonStim,2,MonoL,-0.454545454545455,0.454545454545455,1,6,7,0.857142857142857
C:\Users\zzhu329\Documents\GitHub\EM-3DMotion\BehaviorFitting\BehaviorData_Clay.mat,Clay,Clay_008,8,nonStim,2,MonoL,-0.363636363636364,0.363636363636364,0,7,7,1
C:\Users\zzhu329\Documents\GitHub\EM-3DMotion\BehaviorFitting\BehaviorData_Clay.mat,Clay,Clay_008,8,nonStim,2,MonoL,-0.181818181818182,0.181818181818182,2,5,7,0.714285714285714
C:\Users\zzhu329\Documents\GitHub\EM-3DMotion\BehaviorFitting\BehaviorData_Clay.mat,Clay,Clay_008,8,nonStim,2,MonoL,-0.0909090909090909,0.0909090909090909,2,6,8,0.75
C:\Users\zzhu329\Documents\GitHub\EM-3DMotion\BehaviorFitting\BehaviorData_Clay.mat,Clay,Clay_008,8,nonStim,2,MonoL,0.0909090909090909,0.0909090909090909,1,1,7,0.142857142857143
C:\Users\zzhu329\Documents\GitHub\EM-3DMotion\BehaviorFitting\BehaviorData_Clay.mat,Clay,Clay_008,8,nonStim,2,MonoL,0.181818181818182,0.181818181818182,2,2,7,0.285714285714286
C:\Users\zzhu329\Documents\GitHub\EM-3DMotion\BehaviorFitting\BehaviorData_Clay.mat,Clay,Clay_008,8,nonStim,2,MonoL,0.363636363636364,0.363636363636364,7,7,8,0.875
C:\Users\zzhu329\Documents\GitHub\EM-3DMotion\BehaviorFitting\BehaviorData_Clay.mat,Clay,Clay_008,8,nonStim,2,MonoL,0.454545454545455,0.454545454545455,7,7,7,1
C:\Users\zzhu329\Documents\GitHub\EM-3DMotion\BehaviorFitting\BehaviorData_Clay.mat,Clay,Clay_008,8,nonStim,2,MonoL,0.636363636363636,0.636363636363636,7,7,7,1
C:\Users\zzhu329\Documents\GitHub\EM-3DMotion\BehaviorFitting\BehaviorData_Clay.mat,Clay,Clay_008,8,nonStim,2,MonoL,1,1,7,7,7,1
C:\Users\zzhu329\Documents\GitHub\EM-3DMotion\BehaviorFitting\BehaviorData_Clay.mat,Clay,Clay_008,8,nonStim,3,MonoR,-1,1,0,7,7,1
C:\Users\zzhu329\Documents\GitHub\EM-3DMotion\BehaviorFitting\BehaviorData_Clay.mat,Clay,Clay_008,8,nonStim,3,MonoR,-0.636363636363636,0.636363636363636,1,6,7,0.857142857142857
C:\Users\zzhu329\Documents\GitHub\EM-3DMotion\BehaviorFitting\BehaviorData_Clay.mat,Clay,Clay_008,8,nonStim,3,MonoR,-0.454545454545455,0.454545454545455,2,5,7,0.714285714285714
C:\Users\zzhu329\Documents\GitHub\EM-3DMotion\BehaviorFitting\BehaviorData_Clay.mat,Clay,Clay_008,8,nonStim,3,MonoR,-0.363636363636364,0.363636363636364,0,7,7,1
C:\Users\zzhu329\Documents\GitHub\EM-3DMotion\BehaviorFitting\BehaviorData_Clay.mat,Clay,Clay_008,8,nonStim,3,MonoR,-0.181818181818182,0.181818181818182,0,7,7,1
C:\Users\zzhu329\Documents\GitHub\EM-3DMotion\BehaviorFitting\BehaviorData_Clay.mat,Clay,Clay_008,8,nonStim,3,MonoR,-0.0909090909090909,0.0909090909090909,0,7,7,1
C:\Users\zzhu329\Documents\GitHub\EM-3DMotion\BehaviorFitting\BehaviorData_Clay.mat,Clay,Clay_008,8,nonStim,3,MonoR,0.0909090909090909,0.0909090909090909,0,0,7,0
C:\Users\zzhu329\Documents\GitHub\EM-3DMotion\BehaviorFitting\BehaviorData_Clay.mat,Clay,Clay_008,8,nonStim,3,MonoR,0.181818181818182,0.181818181818182,2,2,7,0.285714285714286
C:\Users\zzhu329\Documents\GitHub\EM-3DMotion\BehaviorFitting\BehaviorData_Clay.mat,Clay,Clay_008,8,nonStim,3,MonoR,0.363636363636364,0.363636363636364,4,4,7,0.571428571428571
C:\Users\zzhu329\Documents\GitHub\EM-3DMotion\BehaviorFitting\BehaviorData_Clay.mat,Clay,Clay_008,8,nonStim,3,MonoR,0.454545454545455,0.454545454545455,5,5,7,0.714285714285714
C:\Users\zzhu329\Documents\GitHub\EM-3DMotion\BehaviorFitting\BehaviorData_Clay.mat,Clay,Clay_008,8,nonStim,3,MonoR,0.636363636363636,0.636363636363636,7,7,7,1
C:\Users\zzhu329\Documents\GitHub\EM-3DMotion\BehaviorFitting\BehaviorData_Clay.mat,Clay,Clay_008,8,nonStim,3,MonoR,1,1,7,7,7,1
C:\Users\zzhu329\Documents\GitHub\EM-3DMotion\BehaviorFitting\BehaviorData_Clay.mat,Clay,Clay_008,8,nonStim,4,Bino,-1,1,0,7,7,1
C:\Users\zzhu329\Documents\GitHub\EM-3DMotion\BehaviorFitting\BehaviorData_Clay.mat,Clay,Clay_008,8,nonStim,4,Bino,-0.636363636363636,0.636363636363636,0,7,7,1
C:\Users\zzhu329\Documents\GitHub\EM-3DMotion\BehaviorFitting\BehaviorData_Clay.mat,Clay,Clay_008,8,nonStim,4,Bino,-0.454545454545455,0.454545454545455,0,7,7,1
C:\Users\zzhu329\Documents\GitHub\EM-3DMotion\BehaviorFitting\BehaviorData_Clay.mat,Clay,Clay_008,8,nonStim,4,Bino,-0.363636363636364,0.363636363636364,0,7,7,1
C:\Users\zzhu329\Documents\GitHub\EM-3DMotion\BehaviorFitting\BehaviorData_Clay.mat,Clay,Clay_008,8,nonStim,4,Bino,-0.181818181818182,0.181818181818182,1,6,7,0.857142857142857
C:\Users\zzhu329\Documents\GitHub\EM-3DMotion\BehaviorFitting\BehaviorData_Clay.mat,Clay,Clay_008,8,nonStim,4,Bino,-0.0909090909090909,0.0909090909090909,1,7,8,0.875
C:\Users\zzhu329\Documents\GitHub\EM-3DMotion\BehaviorFitting\BehaviorData_Clay.mat,Clay,Clay_008,8,nonStim,4,Bino,0.0909090909090909,0.0909090909090909,0,0,7,0
C:\Users\zzhu329\Documents\GitHub\EM-3DMotion\BehaviorFitting\BehaviorData_Clay.mat,Clay,Clay_008,8,nonStim,4,Bino,0.181818181818182,0.181818181818182,3,3,7,0.428571428571429
C:\Users\zzhu329\Documents\GitHub\EM-3DMotion\BehaviorFitting\BehaviorData_Clay.mat,Clay,Clay_008,8,nonStim,4,Bino,0.363636363636364,0.363636363636364,0,0,7,0
C:\Users\zzhu329\Documents\GitHub\EM-3DMotion\BehaviorFitting\BehaviorData_Clay.mat,Clay,Clay_008,8,nonStim,4,Bino,0.454545454545455,0.454545454545455,2,2,8,0.25
C:\Users\zzhu329\Documents\GitHub\EM-3DMotion\BehaviorFitting\BehaviorData_Clay.mat,Clay,Clay_008,8,nonStim,4,Bino,0.636363636363636,0.636363636363636,4,4,7,0.571428571428571
C:\Users\zzhu329\Documents\GitHub\EM-3DMotion\BehaviorFitting\BehaviorData_Clay.mat,Clay,Clay_008,8,nonStim,4,Bino,1,1,7,7,7,1
C:\Users\zzhu329\Documents\GitHub\EM-3DMotion\BehaviorFitting\BehaviorData_Clay.mat,Clay,Clay_009,9,nonStim,1,Combined,-1,1,0,8,8,1
C:\Users\zzhu329\Documents\GitHub\EM-3DMotion\BehaviorFitting\BehaviorData_Clay.mat,Clay,Clay_009,9,nonStim,1,Combined,-0.636363636363636,0.636363636363636,0,8,8,1
C:\Users\zzhu329\Documents\GitHub\EM-3DMotion\BehaviorFitting\BehaviorData_Clay.mat,Clay,Clay_009,9,nonStim,1,Combined,-0.454545454545455,0.454545454545455,0,8,8,1
C:\Users\zzhu329\Documents\GitHub\EM-3DMotion\BehaviorFitting\BehaviorData_Clay.mat,Clay,Clay_009,9,nonStim,1,Combined,-0.363636363636364,0.363636363636364,0,8,8,1
C:\Users\zzhu329\Documents\GitHub\EM-3DMotion\BehaviorFitting\BehaviorData_Clay.mat,Clay,Clay_009,9,nonStim,1,Combined,-0.181818181818182,0.181818181818182,0,8,8,1
C:\Users\zzhu329\Documents\GitHub\EM-3DMotion\BehaviorFitting\BehaviorData_Clay.mat,Clay,Clay_009,9,nonStim,1,Combined,-0.0909090909090909,0.0909090909090909,1,7,8,0.875
C:\Users\zzhu329\Documents\GitHub\EM-3DMotion\BehaviorFitting\BehaviorData_Clay.mat,Clay,Clay_009,9,nonStim,1,Combined,0.0909090909090909,0.0909090909090909,3,3,7,0.428571428571429
C:\Users\zzhu329\Documents\GitHub\EM-3DMotion\BehaviorFitting\BehaviorData_Clay.mat,Clay,Clay_009,9,nonStim,1,Combined,0.181818181818182,0.181818181818182,7,7,8,0.875
C:\Users\zzhu329\Documents\GitHub\EM-3DMotion\BehaviorFitting\BehaviorData_Clay.mat,Clay,Clay_009,9,nonStim,1,Combined,0.363636363636364,0.363636363636364,8,8,8,1
C:\Users\zzhu329\Documents\GitHub\EM-3DMotion\BehaviorFitting\BehaviorData_Clay.mat,Clay,Clay_009,9,nonStim,1,Combined,0.454545454545455,0.454545454545455,8,8,8,1
C:\Users\zzhu329\Documents\GitHub\EM-3DMotion\BehaviorFitting\BehaviorData_Clay.mat,Clay,Clay_009,9,nonStim,1,Combined,0.636363636363636,0.636363636363636,8,8,8,1
C:\Users\zzhu329\Documents\GitHub\EM-3DMotion\BehaviorFitting\BehaviorData_Clay.mat,Clay,Clay_009,9,nonStim,1,Combined,1,1,7,7,7,1
C:\Users\zzhu329\Documents\GitHub\EM-3DMotion\BehaviorFitting\BehaviorData_Clay.mat,Clay,Clay_009,9,nonStim,2,MonoL,-1,1,0,8,8,1
C:\Users\zzhu329\Documents\GitHub\EM-3DMotion\BehaviorFitting\BehaviorData_Clay.mat,Clay,Clay_009,9,nonStim,2,MonoL,-0.636363636363636,0.636363636363636,0,8,8,1
C:\Users\zzhu329\Documents\GitHub\EM-3DMotion\BehaviorFitting\BehaviorData_Clay.mat,Clay,Clay_009,9,nonStim,2,MonoL,-0.454545454545455,0.454545454545455,0,8,8,1
C:\Users\zzhu329\Documents\GitHub\EM-3DMotion\BehaviorFitting\BehaviorData_Clay.mat,Clay,Clay_009,9,nonStim,2,MonoL,-0.363636363636364,0.363636363636364,1,7,8,0.875
C:\Users\zzhu329\Documents\GitHub\EM-3DMotion\BehaviorFitting\BehaviorData_Clay.mat,Clay,Clay_009,9,nonStim,2,MonoL,-0.181818181818182,0.181818181818182,0,8,8,1
C:\Users\zzhu329\Documents\GitHub\EM-3DMotion\BehaviorFitting\BehaviorData_Clay.mat,Clay,Clay_009,9,nonStim,2,MonoL,-0.0909090909090909,0.0909090909090909,2,6,8,0.75
C:\Users\zzhu329\Documents\GitHub\EM-3DMotion\BehaviorFitting\BehaviorData_Clay.mat,Clay,Clay_009,9,nonStim,2,MonoL,0.0909090909090909,0.0909090909090909,3,3,8,0.375
C:\Users\zzhu329\Documents\GitHub\EM-3DMotion\BehaviorFitting\BehaviorData_Clay.mat,Clay,Clay_009,9,nonStim,2,MonoL,0.181818181818182,0.181818181818182,4,4,8,0.5
C:\Users\zzhu329\Documents\GitHub\EM-3DMotion\BehaviorFitting\BehaviorData_Clay.mat,Clay,Clay_009,9,nonStim,2,MonoL,0.363636363636364,0.363636363636364,8,8,8,1
C:\Users\zzhu329\Documents\GitHub\EM-3DMotion\BehaviorFitting\BehaviorData_Clay.mat,Clay,Clay_009,9,nonStim,2,MonoL,0.454545454545455,0.454545454545455,8,8,8,1
C:\Users\zzhu329\Documents\GitHub\EM-3DMotion\BehaviorFitting\BehaviorData_Clay.mat,Clay,Clay_009,9,nonStim,2,MonoL,0.636363636363636,0.636363636363636,8,8,8,1
C:\Users\zzhu329\Documents\GitHub\EM-3DMotion\BehaviorFitting\BehaviorData_Clay.mat,Clay,Clay_009,9,nonStim,2,MonoL,1,1,8,8,8,1
C:\Users\zzhu329\Documents\GitHub\EM-3DMotion\BehaviorFitting\BehaviorData_Clay.mat,Clay,Clay_009,9,nonStim,3,MonoR,-1,1,0,8,8,1
C:\Users\zzhu329\Documents\GitHub\EM-3DMotion\BehaviorFitting\BehaviorData_Clay.mat,Clay,Clay_009,9,nonStim,3,MonoR,-0.636363636363636,0.636363636363636,0,8,8,1
C:\Users\zzhu329\Documents\GitHub\EM-3DMotion\BehaviorFitting\BehaviorData_Clay.mat,Clay,Clay_009,9,nonStim,3,MonoR,-0.454545454545455,0.454545454545455,0,8,8,1
C:\Users\zzhu329\Documents\GitHub\EM-3DMotion\BehaviorFitting\BehaviorData_Clay.mat,Clay,Clay_009,9,nonStim,3,MonoR,-0.363636363636364,0.363636363636364,0,8,8,1
C:\Users\zzhu329\Documents\GitHub\EM-3DMotion\BehaviorFitting\BehaviorData_Clay.mat,Clay,Clay_009,9,nonStim,3,MonoR,-0.181818181818182,0.181818181818182,0,8,8,1
C:\Users\zzhu329\Documents\GitHub\EM-3DMotion\BehaviorFitting\BehaviorData_Clay.mat,Clay,Clay_009,9,nonStim,3,MonoR,-0.0909090909090909,0.0909090909090909,2,6,8,0.75
C:\Users\zzhu329\Documents\GitHub\EM-3DMotion\BehaviorFitting\BehaviorData_Clay.mat,Clay,Clay_009,9,nonStim,3,MonoR,0.0909090909090909,0.0909090909090909,5,5,8,0.625
C:\Users\zzhu329\Documents\GitHub\EM-3DMotion\BehaviorFitting\BehaviorData_Clay.mat,Clay,Clay_009,9,nonStim,3,MonoR,0.181818181818182,0.181818181818182,7,7,8,0.875
C:\Users\zzhu329\Documents\GitHub\EM-3DMotion\BehaviorFitting\BehaviorData_Clay.mat,Clay,Clay_009,9,nonStim,3,MonoR,0.363636363636364,0.363636363636364,8,8,8,1
C:\Users\zzhu329\Documents\GitHub\EM-3DMotion\BehaviorFitting\BehaviorData_Clay.mat,Clay,Clay_009,9,nonStim,3,MonoR,0.454545454545455,0.454545454545455,8,8,8,1
C:\Users\zzhu329\Documents\GitHub\EM-3DMotion\BehaviorFitting\BehaviorData_Clay.mat,Clay,Clay_009,9,nonStim,3,MonoR,0.636363636363636,0.636363636363636,8,8,8,1
C:\Users\zzhu329\Documents\GitHub\EM-3DMotion\BehaviorFitting\BehaviorData_Clay.mat,Clay,Clay_009,9,nonStim,3,MonoR,1,1,8,8,8,1
C:\Users\zzhu329\Documents\GitHub\EM-3DMotion\BehaviorFitting\BehaviorData_Clay.mat,Clay,Clay_009,9,nonStim,4,Bino,-1,1,0,8,8,1
C:\Users\zzhu329\Documents\GitHub\EM-3DMotion\BehaviorFitting\BehaviorData_Clay.mat,Clay,Clay_009,9,nonStim,4,Bino,-0.636363636363636,0.636363636363636,0,8,8,1
C:\Users\zzhu329\Documents\GitHub\EM-3DMotion\BehaviorFitting\BehaviorData_Clay.mat,Clay,Clay_009,9,nonStim,4,Bino,-0.454545454545455,0.454545454545455,0,8,8,1
C:\Users\zzhu329\Documents\GitHub\EM-3DMotion\BehaviorFitting\BehaviorData_Clay.mat,Clay,Clay_009,9,nonStim,4,Bino,-0.363636363636364,0.363636363636364,0,8,8,1
C:\Users\zzhu329\Documents\GitHub\EM-3DMotion\BehaviorFitting\BehaviorData_Clay.mat,Clay,Clay_009,9,nonStim,4,Bino,-0.181818181818182,0.181818181818182,0,8,8,1
C:\Users\zzhu329\Documents\GitHub\EM-3DMotion\BehaviorFitting\BehaviorData_Clay.mat,Clay,Clay_009,9,nonStim,4,Bino,-0.0909090909090909,0.0909090909090909,1,7,8,0.875
C:\Users\zzhu329\Documents\GitHub\EM-3DMotion\BehaviorFitting\BehaviorData_Clay.mat,Clay,Clay_009,9,nonStim,4,Bino,0.0909090909090909,0.0909090909090909,4,4,8,0.5
C:\Users\zzhu329\Documents\GitHub\EM-3DMotion\BehaviorFitting\BehaviorData_Clay.mat,Clay,Clay_009,9,nonStim,4,Bino,0.181818181818182,0.181818181818182,3,3,8,0.375
C:\Users\zzhu329\Documents\GitHub\EM-3DMotion\BehaviorFitting\BehaviorData_Clay.mat,Clay,Clay_009,9,nonStim,4,Bino,0.363636363636364,0.363636363636364,7,7,8,0.875
C:\Users\zzhu329\Documents\GitHub\EM-3DMotion\BehaviorFitting\BehaviorData_Clay.mat,Clay,Clay_009,9,nonStim,4,Bino,0.454545454545455,0.454545454545455,5,5,8,0.625
C:\Users\zzhu329\Documents\GitHub\EM-3DMotion\BehaviorFitting\BehaviorData_Clay.mat,Clay,Clay_009,9,nonStim,4,Bino,0.636363636363636,0.636363636363636,8,8,8,1
C:\Users\zzhu329\Documents\GitHub\EM-3DMotion\BehaviorFitting\BehaviorData_Clay.mat,Clay,Clay_009,9,nonStim,4,Bino,1,1,8,8,8,1
C:\Users\zzhu329\Documents\GitHub\EM-3DMotion\BehaviorFitting\BehaviorData_Clay.mat,Clay,Clay_010,10,nonStim,1,Combined,-1,1,0,10,10,1
C:\Users\zzhu329\Documents\GitHub\EM-3DMotion\BehaviorFitting\BehaviorData_Clay.mat,Clay,Clay_010,10,nonStim,1,Combined,-0.636363636363636,0.636363636363636,2,7,9,0.777777777777778
C:\Users\zzhu329\Documents\GitHub\EM-3DMotion\BehaviorFitting\BehaviorData_Clay.mat,Clay,Clay_010,10,nonStim,1,Combined,-0.454545454545455,0.454545454545455,1,9,10,0.9
C:\Users\zzhu329\Documents\GitHub\EM-3DMotion\BehaviorFitting\BehaviorData_Clay.mat,Clay,Clay_010,10,nonStim,1,Combined,-0.363636363636364,0.363636363636364,0,9,9,1
C:\Users\zzhu329\Documents\GitHub\EM-3DMotion\BehaviorFitting\BehaviorData_Clay.mat,Clay,Clay_010,10,nonStim,1,Combined,-0.181818181818182,0.181818181818182,0,9,9,1
C:\Users\zzhu329\Documents\GitHub\EM-3DMotion\BehaviorFitting\BehaviorData_Clay.mat,Clay,Clay_010,10,nonStim,1,Combined,-0.0909090909090909,0.0909090909090909,3,7,10,0.7
C:\Users\zzhu329\Documents\GitHub\EM-3DMotion\BehaviorFitting\BehaviorData_Clay.mat,Clay,Clay_010,10,nonStim,1,Combined,0.0909090909090909,0.0909090909090909,8,8,9,0.888888888888889
C:\Users\zzhu329\Documents\GitHub\EM-3DMotion\BehaviorFitting\BehaviorData_Clay.mat,Clay,Clay_010,10,nonStim,1,Combined,0.181818181818182,0.181818181818182,9,9,9,1
C:\Users\zzhu329\Documents\GitHub\EM-3DMotion\BehaviorFitting\BehaviorData_Clay.mat,Clay,Clay_010,10,nonStim,1,Combined,0.363636363636364,0.363636363636364,9,9,9,1
C:\Users\zzhu329\Documents\GitHub\EM-3DMotion\BehaviorFitting\BehaviorData_Clay.mat,Clay,Clay_010,10,nonStim,1,Combined,0.454545454545455,0.454545454545455,10,10,10,1
C:\Users\zzhu329\Documents\GitHub\EM-3DMotion\BehaviorFitting\BehaviorData_Clay.mat,Clay,Clay_010,10,nonStim,1,Combined,0.636363636363636,0.636363636363636,9,9,9,1
C:\Users\zzhu329\Documents\GitHub\EM-3DMotion\BehaviorFitting\BehaviorData_Clay.mat,Clay,Clay_010,10,nonStim,1,Combined,1,1,9,9,9,1
C:\Users\zzhu329\Documents\GitHub\EM-3DMotion\BehaviorFitting\BehaviorData_Clay.mat,Clay,Clay_010,10,nonStim,2,MonoL,-1,1,0,10,10,1
C:\Users\zzhu329\Documents\GitHub\EM-3DMotion\BehaviorFitting\BehaviorData_Clay.mat,Clay,Clay_010,10,nonStim,2,MonoL,-0.636363636363636,0.636363636363636,1,8,9,0.888888888888889
C:\Users\zzhu329\Documents\GitHub\EM-3DMotion\BehaviorFitting\BehaviorData_Clay.mat,Clay,Clay_010,10,nonStim,2,MonoL,-0.454545454545455,0.454545454545455,2,8,10,0.8
C:\Users\zzhu329\Documents\GitHub\EM-3DMotion\BehaviorFitting\BehaviorData_Clay.mat,Clay,Clay_010,10,nonStim,2,MonoL,-0.363636363636364,0.363636363636364,4,5,9,0.555555555555556
C:\Users\zzhu329\Documents\GitHub\EM-3DMotion\BehaviorFitting\BehaviorData_Clay.mat,Clay,Clay_010,10,nonStim,2,MonoL,-0.181818181818182,0.181818181818182,2,7,9,0.777777777777778
C:\Users\zzhu329\Documents\GitHub\EM-3DMotion\BehaviorFitting\BehaviorData_Clay.mat,Clay,Clay_010,10,nonStim,2,MonoL,-0.0909090909090909,0.0909090909090909,5,4,9,0.444444444444444
C:\Users\zzhu329\Documents\GitHub\EM-3DMotion\BehaviorFitting\BehaviorData_Clay.mat,Clay,Clay_010,10,nonStim,2,MonoL,0.0909090909090909,0.0909090909090909,7,7,8,0.875
C:\Users\zzhu329\Documents\GitHub\EM-3DMotion\BehaviorFitting\BehaviorData_Clay.mat,Clay,Clay_010,10,nonStim,2,MonoL,0.181818181818182,0.181818181818182,5,5,9,0.555555555555556
C:\Users\zzhu329\Documents\GitHub\EM-3DMotion\BehaviorFitting\BehaviorData_Clay.mat,Clay,Clay_010,10,nonStim,2,MonoL,0.363636363636364,0.363636363636364,8,8,9,0.888888888888889
C:\Users\zzhu329\Documents\GitHub\EM-3DMotion\BehaviorFitting\BehaviorData_Clay.mat,Clay,Clay_010,10,nonStim,2,MonoL,0.454545454545455,0.454545454545455,8,8,9,0.888888888888889
C:\Users\zzhu329\Documents\GitHub\EM-3DMotion\BehaviorFitting\BehaviorData_Clay.mat,Clay,Clay_010,10,nonStim,2,MonoL,0.636363636363636,0.636363636363636,10,10,10,1
C:\Users\zzhu329\Documents\GitHub\EM-3DMotion\BehaviorFitting\BehaviorData_Clay.mat,Clay,Clay_010,10,nonStim,2,MonoL,1,1,9,9,9,1
C:\Users\zzhu329\Documents\GitHub\EM-3DMotion\BehaviorFitting\BehaviorData_Clay.mat,Clay,Clay_010,10,nonStim,3,MonoR,-1,1,1,9,10,0.9
C:\Users\zzhu329\Documents\GitHub\EM-3DMotion\BehaviorFitting\BehaviorData_Clay.mat,Clay,Clay_010,10,nonStim,3,MonoR,-0.636363636363636,0.636363636363636,1,8,9,0.888888888888889
C:\Users\zzhu329\Documents\GitHub\EM-3DMotion\BehaviorFitting\BehaviorData_Clay.mat,Clay,Clay_010,10,nonStim,3,MonoR,-0.454545454545455,0.454545454545455,2,7,9,0.777777777777778
C:\Users\zzhu329\Documents\GitHub\EM-3DMotion\BehaviorFitting\BehaviorData_Clay.mat,Clay,Clay_010,10,nonStim,3,MonoR,-0.363636363636364,0.363636363636364,3,6,9,0.666666666666667
C:\Users\zzhu329\Documents\GitHub\EM-3DMotion\BehaviorFitting\BehaviorData_Clay.mat,Clay,Clay_010,10,nonStim,3,MonoR,-0.181818181818182,0.181818181818182,6,4,10,0.4
C:\Users\zzhu329\Documents\GitHub\EM-3DMotion\BehaviorFitting\BehaviorData_Clay.mat,Clay,Clay_010,10,nonStim,3,MonoR,-0.0909090909090909,0.0909090909090909,6,4,10,0.4
C:\Users\zzhu329\Documents\GitHub\EM-3DMotion\BehaviorFitting\BehaviorData_Clay.mat,Clay,Clay_010,10,nonStim,3,MonoR,0.0909090909090909,0.0909090909090909,7,7,9,0.777777777777778
C:\Users\zzhu329\Documents\GitHub\EM-3DMotion\BehaviorFitting\BehaviorData_Clay.mat,Clay,Clay_010,10,nonStim,3,MonoR,0.181818181818182,0.181818181818182,9,9,9,1
C:\Users\zzhu329\Documents\GitHub\EM-3DMotion\BehaviorFitting\BehaviorData_Clay.mat,Clay,Clay_010,10,nonStim,3,MonoR,0.363636363636364,0.363636363636364,8,8,8,1
C:\Users\zzhu329\Documents\GitHub\EM-3DMotion\BehaviorFitting\BehaviorData_Clay.mat,Clay,Clay_010,10,nonStim,3,MonoR,0.454545454545455,0.454545454545455,9,9,9,1
C:\Users\zzhu329\Documents\GitHub\EM-3DMotion\BehaviorFitting\BehaviorData_Clay.mat,Clay,Clay_010,10,nonStim,3,MonoR,0.636363636363636,0.636363636363636,10,10,10,1
C:\Users\zzhu329\Documents\GitHub\EM-3DMotion\BehaviorFitting\BehaviorData_Clay.mat,Clay,Clay_010,10,nonStim,3,MonoR,1,1,9,9,9,1
C:\Users\zzhu329\Documents\GitHub\EM-3DMotion\BehaviorFitting\BehaviorData_Clay.mat,Clay,Clay_010,10,nonStim,4,Bino,-1,1,2,8,10,0.8
C:\Users\zzhu329\Documents\GitHub\EM-3DMotion\BehaviorFitting\BehaviorData_Clay.mat,Clay,Clay_010,10,nonStim,4,Bino,-0.636363636363636,0.636363636363636,2,7,9,0.777777777777778
C:\Users\zzhu329\Documents\GitHub\EM-3DMotion\BehaviorFitting\BehaviorData_Clay.mat,Clay,Clay_010,10,nonStim,4,Bino,-0.454545454545455,0.454545454545455,2,7,9,0.777777777777778
C:\Users\zzhu329\Documents\GitHub\EM-3DMotion\BehaviorFitting\BehaviorData_Clay.mat,Clay,Clay_010,10,nonStim,4,Bino,-0.363636363636364,0.363636363636364,4,5,9,0.555555555555556
C:\Users\zzhu329\Documents\GitHub\EM-3DMotion\BehaviorFitting\BehaviorData_Clay.mat,Clay,Clay_010,10,nonStim,4,Bino,-0.181818181818182,0.181818181818182,4,5,9,0.555555555555556
C:\Users\zzhu329\Documents\GitHub\EM-3DMotion\BehaviorFitting\BehaviorData_Clay.mat,Clay,Clay_010,10,nonStim,4,Bino,-0.0909090909090909,0.0909090909090909,2,7,9,0.777777777777778
C:\Users\zzhu329\Documents\GitHub\EM-3DMotion\BehaviorFitting\BehaviorData_Clay.mat,Clay,Clay_010,10,nonStim,4,Bino,0.0909090909090909,0.0909090909090909,7,7,9,0.777777777777778
C:\Users\zzhu329\Documents\GitHub\EM-3DMotion\BehaviorFitting\BehaviorData_Clay.mat,Clay,Clay_010,10,nonStim,4,Bino,0.181818181818182,0.181818181818182,9,9,9,1
C:\Users\zzhu329\Documents\GitHub\EM-3DMotion\BehaviorFitting\BehaviorData_Clay.mat,Clay,Clay_010,10,nonStim,4,Bino,0.363636363636364,0.363636363636364,10,10,10,1
C:\Users\zzhu329\Documents\GitHub\EM-3DMotion\BehaviorFitting\BehaviorData_Clay.mat,Clay,Clay_010,10,nonStim,4,Bino,0.454545454545455,0.454545454545455,9,9,9,1
C:\Users\zzhu329\Documents\GitHub\EM-3DMotion\BehaviorFitting\BehaviorData_Clay.mat,Clay,Clay_010,10,nonStim,4,Bino,0.636363636363636,0.636363636363636,10,10,10,1
C:\Users\zzhu329\Documents\GitHub\EM-3DMotion\BehaviorFitting\BehaviorData_Clay.mat,Clay,Clay_010,10,nonStim,4,Bino,1,1,9,9,9,1
C:\Users\zzhu329\Documents\GitHub\EM-3DMotion\BehaviorFitting\BehaviorData_Clay.mat,Clay,Clay_011,11,nonStim,1,Combined,-1,1,0,4,4,1
C:\Users\zzhu329\Documents\GitHub\EM-3DMotion\BehaviorFitting\BehaviorData_Clay.mat,Clay,Clay_011,11,nonStim,1,Combined,-0.636363636363636,0.636363636363636,0,7,7,1
C:\Users\zzhu329\Documents\GitHub\EM-3DMotion\BehaviorFitting\BehaviorData_Clay.mat,Clay,Clay_011,11,nonStim,1,Combined,-0.454545454545455,0.454545454545455,1,6,7,0.857142857142857
C:\Users\zzhu329\Documents\GitHub\EM-3DMotion\BehaviorFitting\BehaviorData_Clay.mat,Clay,Clay_011,11,nonStim,1,Combined,-0.363636363636364,0.363636363636364,0,5,5,1
C:\Users\zzhu329\Documents\GitHub\EM-3DMotion\BehaviorFitting\BehaviorData_Clay.mat,Clay,Clay_011,11,nonStim,1,Combined,-0.181818181818182,0.181818181818182,2,5,7,0.714285714285714
C:\Users\zzhu329\Documents\GitHub\EM-3DMotion\BehaviorFitting\BehaviorData_Clay.mat,Clay,Clay_011,11,nonStim,1,Combined,-0.0909090909090909,0.0909090909090909,4,2,6,0.333333333333333
C:\Users\zzhu329\Documents\GitHub\EM-3DMotion\BehaviorFitting\BehaviorData_Clay.mat,Clay,Clay_011,11,nonStim,1,Combined,0.0909090909090909,0.0909090909090909,7,7,9,0.777777777777778
C:\Users\zzhu329\Documents\GitHub\EM-3DMotion\BehaviorFitting\BehaviorData_Clay.mat,Clay,Clay_011,11,nonStim,1,Combined,0.181818181818182,0.181818181818182,7,7,7,1
C:\Users\zzhu329\Documents\GitHub\EM-3DMotion\BehaviorFitting\BehaviorData_Clay.mat,Clay,Clay_011,11,nonStim,1,Combined,0.363636363636364,0.363636363636364,6,6,6,1
C:\Users\zzhu329\Documents\GitHub\EM-3DMotion\BehaviorFitting\BehaviorData_Clay.mat,Clay,Clay_011,11,nonStim,1,Combined,0.454545454545455,0.454545454545455,5,5,5,1
C:\Users\zzhu329\Documents\GitHub\EM-3DMotion\BehaviorFitting\BehaviorData_Clay.mat,Clay,Clay_011,11,nonStim,1,Combined,0.636363636363636,0.636363636363636,8,8,8,1
C:\Users\zzhu329\Documents\GitHub\EM-3DMotion\BehaviorFitting\BehaviorData_Clay.mat,Clay,Clay_011,11,nonStim,1,Combined,1,1,6,6,6,1
C:\Users\zzhu329\Documents\GitHub\EM-3DMotion\BehaviorFitting\BehaviorData_Clay.mat,Clay,Clay_011,11,nonStim,2,MonoL,-1,1,0,6,6,1
C:\Users\zzhu329\Documents\GitHub\EM-3DMotion\BehaviorFitting\BehaviorData_Clay.mat,Clay,Clay_011,11,nonStim,2,MonoL,-0.636363636363636,0.636363636363636,1,4,5,0.8
C:\Users\zzhu329\Documents\GitHub\EM-3DMotion\BehaviorFitting\BehaviorData_Clay.mat,Clay,Clay_011,11,nonStim,2,MonoL,-0.454545454545455,0.454545454545455,1,6,7,0.857142857142857
C:\Users\zzhu329\Documents\GitHub\EM-3DMotion\BehaviorFitting\BehaviorData_Clay.mat,Clay,Clay_011,11,nonStim,2,MonoL,-0.363636363636364,0.363636363636364,0,8,8,1
C:\Users\zzhu329\Documents\GitHub\EM-3DMotion\BehaviorFitting\BehaviorData_Clay.mat,Clay,Clay_011,11,nonStim,2,MonoL,-0.181818181818182,0.181818181818182,2,6,8,0.75
C:\Users\zzhu329\Documents\GitHub\EM-3DMotion\BehaviorFitting\BehaviorData_Clay.mat,Clay,Clay_011,11,nonStim,2,MonoL,-0.0909090909090909,0.0909090909090909,5,3,8,0.375
C:\Users\zzhu329\Documents\GitHub\EM-3DMotion\BehaviorFitting\BehaviorData_Clay.mat,Clay,Clay_011,11,nonStim,2,MonoL,0.0909090909090909,0.0909090909090909,4,4,8,0.5
C:\Users\zzhu329\Documents\GitHub\EM-3DMotion\BehaviorFitting\BehaviorData_Clay.mat,Clay,Clay_011,11,nonStim,2,MonoL,0.181818181818182,0.181818181818182,6,6,7,0.857142857142857
C:\Users\zzhu329\Documents\GitHub\EM-3DMotion\BehaviorFitting\BehaviorData_Clay.mat,Clay,Clay_011,11,nonStim,2,MonoL,0.363636363636364,0.363636363636364,5,5,6,0.833333333333333
C:\Users\zzhu329\Documents\GitHub\EM-3DMotion\BehaviorFitting\BehaviorData_Clay.mat,Clay,Clay_011,11,nonStim,2,MonoL,0.454545454545455,0.454545454545455,7,7,8,0.875
C:\Users\zzhu329\Documents\GitHub\EM-3DMotion\BehaviorFitting\BehaviorData_Clay.mat,Clay,Clay_011,11,nonStim,2,MonoL,0.636363636363636,0.636363636363636,6,6,6,1
C:\Users\zzhu329\Documents\GitHub\EM-3DMotion\BehaviorFitting\BehaviorData_Clay.mat,Clay,Clay_011,11,nonStim,2,MonoL,1,1,10,10,10,1
C:\Users\zzhu329\Documents\GitHub\EM-3DMotion\BehaviorFitting\BehaviorData_Clay.mat,Clay,Clay_011,11,nonStim,3,MonoR,-1,1,1,8,9,0.888888888888889
C:\Users\zzhu329\Documents\GitHub\EM-3DMotion\BehaviorFitting\BehaviorData_Clay.mat,Clay,Clay_011,11,nonStim,3,MonoR,-0.636363636363636,0.636363636363636,1,5,6,0.833333333333333
C:\Users\zzhu329\Documents\GitHub\EM-3DMotion\BehaviorFitting\BehaviorData_Clay.mat,Clay,Clay_011,11,nonStim,3,MonoR,-0.454545454545455,0.454545454545455,1,7,8,0.875
C:\Users\zzhu329\Documents\GitHub\EM-3DMotion\BehaviorFitting\BehaviorData_Clay.mat,Clay,Clay_011,11,nonStim,3,MonoR,-0.363636363636364,0.363636363636364,1,7,8,0.875
C:\Users\zzhu329\Documents\GitHub\EM-3DMotion\BehaviorFitting\BehaviorData_Clay.mat,Clay,Clay_011,11,nonStim,3,MonoR,-0.181818181818182,0.181818181818182,2,3,5,0.6
C:\Users\zzhu329\Documents\GitHub\EM-3DMotion\BehaviorFitting\BehaviorData_Clay.mat,Clay,Clay_011,11,nonStim,3,MonoR,-0.0909090909090909,0.0909090909090909,2,5,7,0.714285714285714
C:\Users\zzhu329\Documents\GitHub\EM-3DMotion\BehaviorFitting\BehaviorData_Clay.mat,Clay,Clay_011,11,nonStim,3,MonoR,0.0909090909090909,0.0909090909090909,1,1,8,0.125
C:\Users\zzhu329\Documents\GitHub\EM-3DMotion\BehaviorFitting\BehaviorData_Clay.mat,Clay,Clay_011,11,nonStim,3,MonoR,0.181818181818182,0.181818181818182,8,8,8,1
C:\Users\zzhu329\Documents\GitHub\EM-3DMotion\BehaviorFitting\BehaviorData_Clay.mat,Clay,Clay_011,11,nonStim,3,MonoR,0.363636363636364,0.363636363636364,6,6,7,0.857142857142857
C:\Users\zzhu329\Documents\GitHub\EM-3DMotion\BehaviorFitting\BehaviorData_Clay.mat,Clay,Clay_011,11,nonStim,3,MonoR,0.454545454545455,0.454545454545455,6,6,6,1
C:\Users\zzhu329\Documents\GitHub\EM-3DMotion\BehaviorFitting\BehaviorData_Clay.mat,Clay,Clay_011,11,nonStim,3,MonoR,0.636363636363636,0.636363636363636,9,9,9,1
C:\Users\zzhu329\Documents\GitHub\EM-3DMotion\BehaviorFitting\BehaviorData_Clay.mat,Clay,Clay_011,11,nonStim,3,MonoR,1,1,4,4,4,1
C:\Users\zzhu329\Documents\GitHub\EM-3DMotion\BehaviorFitting\BehaviorData_Clay.mat,Clay,Clay_011,11,nonStim,4,Bino,-1,1,1,8,9,0.888888888888889
C:\Users\zzhu329\Documents\GitHub\EM-3DMotion\BehaviorFitting\BehaviorData_Clay.mat,Clay,Clay_011,11,nonStim,4,Bino,-0.636363636363636,0.636363636363636,0,7,7,1
C:\Users\zzhu329\Documents\GitHub\EM-3DMotion\BehaviorFitting\BehaviorData_Clay.mat,Clay,Clay_011,11,nonStim,4,Bino,-0.454545454545455,0.454545454545455,0,7,7,1
C:\Users\zzhu329\Documents\GitHub\EM-3DMotion\BehaviorFitting\BehaviorData_Clay.mat,Clay,Clay_011,11,nonStim,4,Bino,-0.363636363636364,0.363636363636364,0,5,5,1
C:\Users\zzhu329\Documents\GitHub\EM-3DMotion\BehaviorFitting\BehaviorData_Clay.mat,Clay,Clay_011,11,nonStim,4,Bino,-0.181818181818182,0.181818181818182,3,6,9,0.666666666666667
C:\Users\zzhu329\Documents\GitHub\EM-3DMotion\BehaviorFitting\BehaviorData_Clay.mat,Clay,Clay_011,11,nonStim,4,Bino,-0.0909090909090909,0.0909090909090909,2,6,8,0.75
C:\Users\zzhu329\Documents\GitHub\EM-3DMotion\BehaviorFitting\BehaviorData_Clay.mat,Clay,Clay_011,11,nonStim,4,Bino,0.0909090909090909,0.0909090909090909,3,3,6,0.5
C:\Users\zzhu329\Documents\GitHub\EM-3DMotion\BehaviorFitting\BehaviorData_Clay.mat,Clay,Clay_011,11,nonStim,4,Bino,0.181818181818182,0.181818181818182,6,6,7,0.857142857142857
C:\Users\zzhu329\Documents\GitHub\EM-3DMotion\BehaviorFitting\BehaviorData_Clay.mat,Clay,Clay_011,11,nonStim,4,Bino,0.363636363636364,0.363636363636364,9,9,9,1
C:\Users\zzhu329\Documents\GitHub\EM-3DMotion\BehaviorFitting\BehaviorData_Clay.mat,Clay,Clay_011,11,nonStim,4,Bino,0.454545454545455,0.454545454545455,7,7,8,0.875
C:\Users\zzhu329\Documents\GitHub\EM-3DMotion\BehaviorFitting\BehaviorData_Clay.mat,Clay,Clay_011,11,nonStim,4,Bino,0.636363636363636,0.636363636363636,7,7,7,1
C:\Users\zzhu329\Documents\GitHub\EM-3DMotion\BehaviorFitting\BehaviorData_Clay.mat,Clay,Clay_011,11,nonStim,4,Bino,1,1,7,7,8,0.875
C:\Users\zzhu329\Documents\GitHub\EM-3DMotion\BehaviorFitting\BehaviorData_Clay.mat,Clay,Clay_012,12,nonStim,1,Combined,-1,1,1,7,8,0.875
C:\Users\zzhu329\Documents\GitHub\EM-3DMotion\BehaviorFitting\BehaviorData_Clay.mat,Clay,Clay_012,12,nonStim,1,Combined,-0.636363636363636,0.636363636363636,1,7,8,0.875
C:\Users\zzhu329\Documents\GitHub\EM-3DMotion\BehaviorFitting\BehaviorData_Clay.mat,Clay,Clay_012,12,nonStim,1,Combined,-0.454545454545455,0.454545454545455,0,8,8,1
C:\Users\zzhu329\Documents\GitHub\EM-3DMotion\BehaviorFitting\BehaviorData_Clay.mat,Clay,Clay_012,12,nonStim,1,Combined,-0.363636363636364,0.363636363636364,1,7,8,0.875
C:\Users\zzhu329\Documents\GitHub\EM-3DMotion\BehaviorFitting\BehaviorData_Clay.mat,Clay,Clay_012,12,nonStim,1,Combined,-0.181818181818182,0.181818181818182,2,6,8,0.75
C:\Users\zzhu329\Documents\GitHub\EM-3DMotion\BehaviorFitting\BehaviorData_Clay.mat,Clay,Clay_012,12,nonStim,1,Combined,-0.0909090909090909,0.0909090909090909,4,4,8,0.5
C:\Users\zzhu329\Documents\GitHub\EM-3DMotion\BehaviorFitting\BehaviorData_Clay.mat,Clay,Clay_012,12,nonStim,1,Combined,0.0909090909090909,0.0909090909090909,8,8,8,1
C:\Users\zzhu329\Documents\GitHub\EM-3DMotion\BehaviorFitting\BehaviorData_Clay.mat,Clay,Clay_012,12,nonStim,1,Combined,0.181818181818182,0.181818181818182,8,8,8,1
C:\Users\zzhu329\Documents\GitHub\EM-3DMotion\BehaviorFitting\BehaviorData_Clay.mat,Clay,Clay_012,12,nonStim,1,Combined,0.363636363636364,0.363636363636364,8,8,8,1
C:\Users\zzhu329\Documents\GitHub\EM-3DMotion\BehaviorFitting\BehaviorData_Clay.mat,Clay,Clay_012,12,nonStim,1,Combined,0.454545454545455,0.454545454545455,8,8,8,1
C:\Users\zzhu329\Documents\GitHub\EM-3DMotion\BehaviorFitting\BehaviorData_Clay.mat,Clay,Clay_012,12,nonStim,1,Combined,0.636363636363636,0.636363636363636,8,8,8,1
C:\Users\zzhu329\Documents\GitHub\EM-3DMotion\BehaviorFitting\BehaviorData_Clay.mat,Clay,Clay_012,12,nonStim,1,Combined,1,1,8,8,8,1
C:\Users\zzhu329\Documents\GitHub\EM-3DMotion\BehaviorFitting\BehaviorData_Clay.mat,Clay,Clay_012,12,nonStim,2,MonoL,-1,1,0,8,8,1
C:\Users\zzhu329\Documents\GitHub\EM-3DMotion\BehaviorFitting\BehaviorData_Clay.mat,Clay,Clay_012,12,nonStim,2,MonoL,-0.636363636363636,0.636363636363636,0,8,8,1
C:\Users\zzhu329\Documents\GitHub\EM-3DMotion\BehaviorFitting\BehaviorData_Clay.mat,Clay,Clay_012,12,nonStim,2,MonoL,-0.454545454545455,0.454545454545455,0,8,8,1
C:\Users\zzhu329\Documents\GitHub\EM-3DMotion\BehaviorFitting\BehaviorData_Clay.mat,Clay,Clay_012,12,nonStim,2,MonoL,-0.363636363636364,0.363636363636364,2,6,8,0.75
C:\Users\zzhu329\Documents\GitHub\EM-3DMotion\BehaviorFitting\BehaviorData_Clay.mat,Clay,Clay_012,12,nonStim,2,MonoL,-0.181818181818182,0.181818181818182,1,7,8,0.875
C:\Users\zzhu329\Documents\GitHub\EM-3DMotion\BehaviorFitting\BehaviorData_Clay.mat,Clay,Clay_012,12,nonStim,2,MonoL,-0.0909090909090909,0.0909090909090909,4,4,8,0.5
C:\Users\zzhu329\Documents\GitHub\EM-3DMotion\BehaviorFitting\BehaviorData_Clay.mat,Clay,Clay_012,12,nonStim,2,MonoL,0.0909090909090909,0.0909090909090909,5,5,9,0.555555555555556
C:\Users\zzhu329\Documents\GitHub\EM-3DMotion\BehaviorFitting\BehaviorData_Clay.mat,Clay,Clay_012,12,nonStim,2,MonoL,0.181818181818182,0.181818181818182,5,5,8,0.625
C:\Users\zzhu329\Documents\GitHub\EM-3DMotion\BehaviorFitting\BehaviorData_Clay.mat,Clay,Clay_012,12,nonStim,2,MonoL,0.363636363636364,0.363636363636364,7,7,8,0.875
C:\Users\zzhu329\Documents\GitHub\EM-3DMotion\BehaviorFitting\BehaviorData_Clay.mat,Clay,Clay_012,12,nonStim,2,MonoL,0.454545454545455,0.454545454545455,8,8,8,1
C:\Users\zzhu329\Documents\GitHub\EM-3DMotion\BehaviorFitting\BehaviorData_Clay.mat,Clay,Clay_012,12,nonStim,2,MonoL,0.636363636363636,0.636363636363636,8,8,8,1
C:\Users\zzhu329\Documents\GitHub\EM-3DMotion\BehaviorFitting\BehaviorData_Clay.mat,Clay,Clay_012,12,nonStim,2,MonoL,1,1,8,8,8,1
C:\Users\zzhu329\Documents\GitHub\EM-3DMotion\BehaviorFitting\BehaviorData_Clay.mat,Clay,Clay_012,12,nonStim,3,MonoR,-1,1,0,8,8,1
C:\Users\zzhu329\Documents\GitHub\EM-3DMotion\BehaviorFitting\BehaviorData_Clay.mat,Clay,Clay_012,12,nonStim,3,MonoR,-0.636363636363636,0.636363636363636,2,6,8,0.75
C:\Users\zzhu329\Documents\GitHub\EM-3DMotion\BehaviorFitting\BehaviorData_Clay.mat,Clay,Clay_012,12,nonStim,3,MonoR,-0.454545454545455,0.454545454545455,2,6,8,0.75
C:\Users\zzhu329\Documents\GitHub\EM-3DMotion\BehaviorFitting\BehaviorData_Clay.mat,Clay,Clay_012,12,nonStim,3,MonoR,-0.363636363636364,0.363636363636364,1,7,8,0.875
C:\Users\zzhu329\Documents\GitHub\EM-3DMotion\BehaviorFitting\BehaviorData_Clay.mat,Clay,Clay_012,12,nonStim,3,MonoR,-0.181818181818182,0.181818181818182,3,5,8,0.625
C:\Users\zzhu329\Documents\GitHub\EM-3DMotion\BehaviorFitting\BehaviorData_Clay.mat,Clay,Clay_012,12,nonStim,3,MonoR,-0.0909090909090909,0.0909090909090909,3,5,8,0.625
C:\Users\zzhu329\Documents\GitHub\EM-3DMotion\BehaviorFitting\BehaviorData_Clay.mat,Clay,Clay_012,12,nonStim,3,MonoR,0.0909090909090909,0.0909090909090909,3,3,8,0.375
C:\Users\zzhu329\Documents\GitHub\EM-3DMotion\BehaviorFitting\BehaviorData_Clay.mat,Clay,Clay_012,12,nonStim,3,MonoR,0.181818181818182,0.181818181818182,6,6,8,0.75
C:\Users\zzhu329\Documents\GitHub\EM-3DMotion\BehaviorFitting\BehaviorData_Clay.mat,Clay,Clay_012,12,nonStim,3,MonoR,0.363636363636364,0.363636363636364,6,6,8,0.75
C:\Users\zzhu329\Documents\GitHub\EM-3DMotion\BehaviorFitting\BehaviorData_Clay.mat,Clay,Clay_012,12,nonStim,3,MonoR,0.454545454545455,0.454545454545455,8,8,8,1
C:\Users\zzhu329\Documents\GitHub\EM-3DMotion\BehaviorFitting\BehaviorData_Clay.mat,Clay,Clay_012,12,nonStim,3,MonoR,0.636363636363636,0.636363636363636,7,7,8,0.875
C:\Users\zzhu329\Documents\GitHub\EM-3DMotion\BehaviorFitting\BehaviorData_Clay.mat,Clay,Clay_012,12,nonStim,3,MonoR,1,1,8,8,8,1
C:\Users\zzhu329\Documents\GitHub\EM-3DMotion\BehaviorFitting\BehaviorData_Clay.mat,Clay,Clay_012,12,nonStim,4,Bino,-1,1,0,8,8,1
C:\Users\zzhu329\Documents\GitHub\EM-3DMotion\BehaviorFitting\BehaviorData_Clay.mat,Clay,Clay_012,12,nonStim,4,Bino,-0.636363636363636,0.636363636363636,0,8,8,1
C:\Users\zzhu329\Documents\GitHub\EM-3DMotion\BehaviorFitting\BehaviorData_Clay.mat,Clay,Clay_012,12,nonStim,4,Bino,-0.454545454545455,0.454545454545455,2,6,8,0.75
C:\Users\zzhu329\Documents\GitHub\EM-3DMotion\BehaviorFitting\BehaviorData_Clay.mat,Clay,Clay_012,12,nonStim,4,Bino,-0.363636363636364,0.363636363636364,1,7,8,0.875
C:\Users\zzhu329\Documents\GitHub\EM-3DMotion\BehaviorFitting\BehaviorData_Clay.mat,Clay,Clay_012,12,nonStim,4,Bino,-0.181818181818182,0.181818181818182,0,8,8,1
C:\Users\zzhu329\Documents\GitHub\EM-3DMotion\BehaviorFitting\BehaviorData_Clay.mat,Clay,Clay_012,12,nonStim,4,Bino,-0.0909090909090909,0.0909090909090909,5,3,8,0.375
C:\Users\zzhu329\Documents\GitHub\EM-3DMotion\BehaviorFitting\BehaviorData_Clay.mat,Clay,Clay_012,12,nonStim,4,Bino,0.0909090909090909,0.0909090909090909,6,6,8,0.75
C:\Users\zzhu329\Documents\GitHub\EM-3DMotion\BehaviorFitting\BehaviorData_Clay.mat,Clay,Clay_012,12,nonStim,4,Bino,0.181818181818182,0.181818181818182,7,7,8,0.875
C:\Users\zzhu329\Documents\GitHub\EM-3DMotion\BehaviorFitting\BehaviorData_Clay.mat,Clay,Clay_012,12,nonStim,4,Bino,0.363636363636364,0.363636363636364,8,8,8,1
C:\Users\zzhu329\Documents\GitHub\EM-3DMotion\BehaviorFitting\BehaviorData_Clay.mat,Clay,Clay_012,12,nonStim,4,Bino,0.454545454545455,0.454545454545455,8,8,8,1
C:\Users\zzhu329\Documents\GitHub\EM-3DMotion\BehaviorFitting\BehaviorData_Clay.mat,Clay,Clay_012,12,nonStim,4,Bino,0.636363636363636,0.636363636363636,7,7,8,0.875
C:\Users\zzhu329\Documents\GitHub\EM-3DMotion\BehaviorFitting\BehaviorData_Clay.mat,Clay,Clay_012,12,nonStim,4,Bino,1,1,8,8,8,1
C:\Users\zzhu329\Documents\GitHub\EM-3DMotion\BehaviorFitting\BehaviorData_Clay.mat,Clay,Clay_013,13,nonStim,1,Combined,-1,1,0,13,13,1
C:\Users\zzhu329\Documents\GitHub\EM-3DMotion\BehaviorFitting\BehaviorData_Clay.mat,Clay,Clay_013,13,nonStim,1,Combined,-0.636363636363636,0.636363636363636,0,12,12,1
C:\Users\zzhu329\Documents\GitHub\EM-3DMotion\BehaviorFitting\BehaviorData_Clay.mat,Clay,Clay_013,13,nonStim,1,Combined,-0.454545454545455,0.454545454545455,0,13,13,1
C:\Users\zzhu329\Documents\GitHub\EM-3DMotion\BehaviorFitting\BehaviorData_Clay.mat,Clay,Clay_013,13,nonStim,1,Combined,-0.363636363636364,0.363636363636364,1,12,13,0.923076923076923
C:\Users\zzhu329\Documents\GitHub\EM-3DMotion\BehaviorFitting\BehaviorData_Clay.mat,Clay,Clay_013,13,nonStim,1,Combined,-0.181818181818182,0.181818181818182,2,11,13,0.846153846153846
C:\Users\zzhu329\Documents\GitHub\EM-3DMotion\BehaviorFitting\BehaviorData_Clay.mat,Clay,Clay_013,13,nonStim,1,Combined,-0.0909090909090909,0.0909090909090909,4,9,13,0.692307692307692
C:\Users\zzhu329\Documents\GitHub\EM-3DMotion\BehaviorFitting\BehaviorData_Clay.mat,Clay,Clay_013,13,nonStim,1,Combined,0.0909090909090909,0.0909090909090909,12,12,13,0.923076923076923
C:\Users\zzhu329\Documents\GitHub\EM-3DMotion\BehaviorFitting\BehaviorData_Clay.mat,Clay,Clay_013,13,nonStim,1,Combined,0.181818181818182,0.181818181818182,12,12,12,1
C:\Users\zzhu329\Documents\GitHub\EM-3DMotion\BehaviorFitting\BehaviorData_Clay.mat,Clay,Clay_013,13,nonStim,1,Combined,0.363636363636364,0.363636363636364,12,12,12,1
C:\Users\zzhu329\Documents\GitHub\EM-3DMotion\BehaviorFitting\BehaviorData_Clay.mat,Clay,Clay_013,13,nonStim,1,Combined,0.454545454545455,0.454545454545455,13,13,13,1
C:\Users\zzhu329\Documents\GitHub\EM-3DMotion\BehaviorFitting\BehaviorData_Clay.mat,Clay,Clay_013,13,nonStim,1,Combined,0.636363636363636,0.636363636363636,12,12,12,1
C:\Users\zzhu329\Documents\GitHub\EM-3DMotion\BehaviorFitting\BehaviorData_Clay.mat,Clay,Clay_013,13,nonStim,1,Combined,1,1,13,13,13,1
C:\Users\zzhu329\Documents\GitHub\EM-3DMotion\BehaviorFitting\BehaviorData_Clay.mat,Clay,Clay_013,13,nonStim,2,MonoL,-1,1,0,13,13,1
C:\Users\zzhu329\Documents\GitHub\EM-3DMotion\BehaviorFitting\BehaviorData_Clay.mat,Clay,Clay_013,13,nonStim,2,MonoL,-0.636363636363636,0.636363636363636,0,13,13,1
C:\Users\zzhu329\Documents\GitHub\EM-3DMotion\BehaviorFitting\BehaviorData_Clay.mat,Clay,Clay_013,13,nonStim,2,MonoL,-0.454545454545455,0.454545454545455,2,11,13,0.846153846153846
C:\Users\zzhu329\Documents\GitHub\EM-3DMotion\BehaviorFitting\BehaviorData_Clay.mat,Clay,Clay_013,13,nonStim,2,MonoL,-0.363636363636364,0.363636363636364,3,10,13,0.769230769230769
C:\Users\zzhu329\Documents\GitHub\EM-3DMotion\BehaviorFitting\BehaviorData_Clay.mat,Clay,Clay_013,13,nonStim,2,MonoL,-0.181818181818182,0.181818181818182,6,7,13,0.538461538461538
C:\Users\zzhu329\Documents\GitHub\EM-3DMotion\BehaviorFitting\BehaviorData_Clay.mat,Clay,Clay_013,13,nonStim,2,MonoL,-0.0909090909090909,0.0909090909090909,6,7,13,0.538461538461538
C:\Users\zzhu329\Documents\GitHub\EM-3DMotion\BehaviorFitting\BehaviorData_Clay.mat,Clay,Clay_013,13,nonStim,2,MonoL,0.0909090909090909,0.0909090909090909,12,12,13,0.923076923076923
C:\Users\zzhu329\Documents\GitHub\EM-3DMotion\BehaviorFitting\BehaviorData_Clay.mat,Clay,Clay_013,13,nonStim,2,MonoL,0.181818181818182,0.181818181818182,10,10,13,0.769230769230769
C:\Users\zzhu329\Documents\GitHub\EM-3DMotion\BehaviorFitting\BehaviorData_Clay.mat,Clay,Clay_013,13,nonStim,2,MonoL,0.363636363636364,0.363636363636364,13,13,13,1
C:\Users\zzhu329\Documents\GitHub\EM-3DMotion\BehaviorFitting\BehaviorData_Clay.mat,Clay,Clay_013,13,nonStim,2,MonoL,0.454545454545455,0.454545454545455,11,11,12,0.916666666666667
C:\Users\zzhu329\Documents\GitHub\EM-3DMotion\BehaviorFitting\BehaviorData_Clay.mat,Clay,Clay_013,13,nonStim,2,MonoL,0.636363636363636,0.636363636363636,13,13,13,1
C:\Users\zzhu329\Documents\GitHub\EM-3DMotion\BehaviorFitting\BehaviorData_Clay.mat,Clay,Clay_013,13,nonStim,2,MonoL,1,1,12,12,12,1
C:\Users\zzhu329\Documents\GitHub\EM-3DMotion\BehaviorFitting\BehaviorData_Clay.mat,Clay,Clay_013,13,nonStim,3,MonoR,-1,1,0,12,12,1
C:\Users\zzhu329\Documents\GitHub\EM-3DMotion\BehaviorFitting\BehaviorData_Clay.mat,Clay,Clay_013,13,nonStim,3,MonoR,-0.636363636363636,0.636363636363636,0,12,12,1
C:\Users\zzhu329\Documents\GitHub\EM-3DMotion\BehaviorFitting\BehaviorData_Clay.mat,Clay,Clay_013,13,nonStim,3,MonoR,-0.454545454545455,0.454545454545455,3,10,13,0.769230769230769
C:\Users\zzhu329\Documents\GitHub\EM-3DMotion\BehaviorFitting\BehaviorData_Clay.mat,Clay,Clay_013,13,nonStim,3,MonoR,-0.363636363636364,0.363636363636364,4,9,13,0.692307692307692
C:\Users\zzhu329\Documents\GitHub\EM-3DMotion\BehaviorFitting\BehaviorData_Clay.mat,Clay,Clay_013,13,nonStim,3,MonoR,-0.181818181818182,0.181818181818182,3,10,13,0.769230769230769
C:\Users\zzhu329\Documents\GitHub\EM-3DMotion\BehaviorFitting\BehaviorData_Clay.mat,Clay,Clay_013,13,nonStim,3,MonoR,-0.0909090909090909,0.0909090909090909,3,10,13,0.769230769230769
C:\Users\zzhu329\Documents\GitHub\EM-3DMotion\BehaviorFitting\BehaviorData_Clay.mat,Clay,Clay_013,13,nonStim,3,MonoR,0.0909090909090909,0.0909090909090909,10,10,13,0.769230769230769
C:\Users\zzhu329\Documents\GitHub\EM-3DMotion\BehaviorFitting\BehaviorData_Clay.mat,Clay,Clay_013,13,nonStim,3,MonoR,0.181818181818182,0.181818181818182,11,11,13,0.846153846153846
C:\Users\zzhu329\Documents\GitHub\EM-3DMotion\BehaviorFitting\BehaviorData_Clay.mat,Clay,Clay_013,13,nonStim,3,MonoR,0.363636363636364,0.363636363636364,13,13,13,1
C:\Users\zzhu329\Documents\GitHub\EM-3DMotion\BehaviorFitting\BehaviorData_Clay.mat,Clay,Clay_013,13,nonStim,3,MonoR,0.454545454545455,0.454545454545455,12,12,12,1
C:\Users\zzhu329\Documents\GitHub\EM-3DMotion\BehaviorFitting\BehaviorData_Clay.mat,Clay,Clay_013,13,nonStim,3,MonoR,0.636363636363636,0.636363636363636,13,13,13,1
C:\Users\zzhu329\Documents\GitHub\EM-3DMotion\BehaviorFitting\BehaviorData_Clay.mat,Clay,Clay_013,13,nonStim,3,MonoR,1,1,13,13,13,1
C:\Users\zzhu329\Documents\GitHub\EM-3DMotion\BehaviorFitting\BehaviorData_Clay.mat,Clay,Clay_013,13,nonStim,4,Bino,-1,1,0,13,13,1
C:\Users\zzhu329\Documents\GitHub\EM-3DMotion\BehaviorFitting\BehaviorData_Clay.mat,Clay,Clay_013,13,nonStim,4,Bino,-0.636363636363636,0.636363636363636,1,12,13,0.923076923076923
C:\Users\zzhu329\Documents\GitHub\EM-3DMotion\BehaviorFitting\BehaviorData_Clay.mat,Clay,Clay_013,13,nonStim,4,Bino,-0.454545454545455,0.454545454545455,0,13,13,1
C:\Users\zzhu329\Documents\GitHub\EM-3DMotion\BehaviorFitting\BehaviorData_Clay.mat,Clay,Clay_013,13,nonStim,4,Bino,-0.363636363636364,0.363636363636364,0,13,13,1
C:\Users\zzhu329\Documents\GitHub\EM-3DMotion\BehaviorFitting\BehaviorData_Clay.mat,Clay,Clay_013,13,nonStim,4,Bino,-0.181818181818182,0.181818181818182,5,8,13,0.615384615384615
C:\Users\zzhu329\Documents\GitHub\EM-3DMotion\BehaviorFitting\BehaviorData_Clay.mat,Clay,Clay_013,13,nonStim,4,Bino,-0.0909090909090909,0.0909090909090909,4,9,13,0.692307692307692
C:\Users\zzhu329\Documents\GitHub\EM-3DMotion\BehaviorFitting\BehaviorData_Clay.mat,Clay,Clay_013,13,nonStim,4,Bino,0.0909090909090909,0.0909090909090909,6,6,13,0.461538461538462
C:\Users\zzhu329\Documents\GitHub\EM-3DMotion\BehaviorFitting\BehaviorData_Clay.mat,Clay,Clay_013,13,nonStim,4,Bino,0.181818181818182,0.181818181818182,9,9,13,0.692307692307692
C:\Users\zzhu329\Documents\GitHub\EM-3DMotion\BehaviorFitting\BehaviorData_Clay.mat,Clay,Clay_013,13,nonStim,4,Bino,0.363636363636364,0.363636363636364,11,11,13,0.846153846153846
C:\Users\zzhu329\Documents\GitHub\EM-3DMotion\BehaviorFitting\BehaviorData_Clay.mat,Clay,Clay_013,13,nonStim,4,Bino,0.454545454545455,0.454545454545455,10,10,13,0.769230769230769
C:\Users\zzhu329\Documents\GitHub\EM-3DMotion\BehaviorFitting\BehaviorData_Clay.mat,Clay,Clay_013,13,nonStim,4,Bino,0.636363636363636,0.636363636363636,13,13,13,1
C:\Users\zzhu329\Documents\GitHub\EM-3DMotion\BehaviorFitting\BehaviorData_Clay.mat,Clay,Clay_013,13,nonStim,4,Bino,1,1,13,13,13,1
C:\Users\zzhu329\Documents\GitHub\EM-3DMotion\BehaviorFitting\BehaviorData_Clay.mat,Clay,Clay_014,14,nonStim,1,Combined,-1,1,1,9,10,0.9
C:\Users\zzhu329\Documents\GitHub\EM-3DMotion\BehaviorFitting\BehaviorData_Clay.mat,Clay,Clay_014,14,nonStim,1,Combined,-0.636363636363636,0.636363636363636,1,9,10,0.9
C:\Users\zzhu329\Documents\GitHub\EM-3DMotion\BehaviorFitting\BehaviorData_Clay.mat,Clay,Clay_014,14,nonStim,1,Combined,-0.454545454545455,0.454545454545455,1,9,10,0.9
C:\Users\zzhu329\Documents\GitHub\EM-3DMotion\BehaviorFitting\BehaviorData_Clay.mat,Clay,Clay_014,14,nonStim,1,Combined,-0.363636363636364,0.363636363636364,0,10,10,1
C:\Users\zzhu329\Documents\GitHub\EM-3DMotion\BehaviorFitting\BehaviorData_Clay.mat,Clay,Clay_014,14,nonStim,1,Combined,-0.181818181818182,0.181818181818182,3,7,10,0.7
C:\Users\zzhu329\Documents\GitHub\EM-3DMotion\BehaviorFitting\BehaviorData_Clay.mat,Clay,Clay_014,14,nonStim,1,Combined,-0.0909090909090909,0.0909090909090909,5,5,10,0.5
C:\Users\zzhu329\Documents\GitHub\EM-3DMotion\BehaviorFitting\BehaviorData_Clay.mat,Clay,Clay_014,14,nonStim,1,Combined,0.0909090909090909,0.0909090909090909,7,7,10,0.7
C:\Users\zzhu329\Documents\GitHub\EM-3DMotion\BehaviorFitting\BehaviorData_Clay.mat,Clay,Clay_014,14,nonStim,1,Combined,0.181818181818182,0.181818181818182,9,9,10,0.9
C:\Users\zzhu329\Documents\GitHub\EM-3DMotion\BehaviorFitting\BehaviorData_Clay.mat,Clay,Clay_014,14,nonStim,1,Combined,0.363636363636364,0.363636363636364,10,10,10,1
C:\Users\zzhu329\Documents\GitHub\EM-3DMotion\BehaviorFitting\BehaviorData_Clay.mat,Clay,Clay_014,14,nonStim,1,Combined,0.454545454545455,0.454545454545455,10,10,10,1
C:\Users\zzhu329\Documents\GitHub\EM-3DMotion\BehaviorFitting\BehaviorData_Clay.mat,Clay,Clay_014,14,nonStim,1,Combined,0.636363636363636,0.636363636363636,10,10,10,1
C:\Users\zzhu329\Documents\GitHub\EM-3DMotion\BehaviorFitting\BehaviorData_Clay.mat,Clay,Clay_014,14,nonStim,1,Combined,1,1,10,10,10,1
C:\Users\zzhu329\Documents\GitHub\EM-3DMotion\BehaviorFitting\BehaviorData_Clay.mat,Clay,Clay_014,14,nonStim,2,MonoL,-1,1,3,7,10,0.7
C:\Users\zzhu329\Documents\GitHub\EM-3DMotion\BehaviorFitting\BehaviorData_Clay.mat,Clay,Clay_014,14,nonStim,2,MonoL,-0.636363636363636,0.636363636363636,1,9,10,0.9
C:\Users\zzhu329\Documents\GitHub\EM-3DMotion\BehaviorFitting\BehaviorData_Clay.mat,Clay,Clay_014,14,nonStim,2,MonoL,-0.454545454545455,0.454545454545455,1,9,10,0.9
C:\Users\zzhu329\Documents\GitHub\EM-3DMotion\BehaviorFitting\BehaviorData_Clay.mat,Clay,Clay_014,14,nonStim,2,MonoL,-0.363636363636364,0.363636363636364,3,7,10,0.7
C:\Users\zzhu329\Documents\GitHub\EM-3DMotion\BehaviorFitting\BehaviorData_Clay.mat,Clay,Clay_014,14,nonStim,2,MonoL,-0.181818181818182,0.181818181818182,3,7,10,0.7
C:\Users\zzhu329\Documents\GitHub\EM-3DMotion\BehaviorFitting\BehaviorData_Clay.mat,Clay,Clay_014,14,nonStim,2,MonoL,-0.0909090909090909,0.0909090909090909,1,9,10,0.9
C:\Users\zzhu329\Documents\GitHub\EM-3DMotion\BehaviorFitting\BehaviorData_Clay.mat,Clay,Clay_014,14,nonStim,2,MonoL,0.0909090909090909,0.0909090909090909,5,5,10,0.5
C:\Users\zzhu329\Documents\GitHub\EM-3DMotion\BehaviorFitting\BehaviorData_Clay.mat,Clay,Clay_014,14,nonStim,2,MonoL,0.181818181818182,0.181818181818182,8,8,10,0.8
C:\Users\zzhu329\Documents\GitHub\EM-3DMotion\BehaviorFitting\BehaviorData_Clay.mat,Clay,Clay_014,14,nonStim,2,MonoL,0.363636363636364,0.363636363636364,9,9,10,0.9
C:\Users\zzhu329\Documents\GitHub\EM-3DMotion\BehaviorFitting\BehaviorData_Clay.mat,Clay,Clay_014,14,nonStim,2,MonoL,0.454545454545455,0.454545454545455,10,10,10,1
C:\Users\zzhu329\Documents\GitHub\EM-3DMotion\BehaviorFitting\BehaviorData_Clay.mat,Clay,Clay_014,14,nonStim,2,MonoL,0.636363636363636,0.636363636363636,10,10,10,1
C:\Users\zzhu329\Documents\GitHub\EM-3DMotion\BehaviorFitting\BehaviorData_Clay.mat,Clay,Clay_014,14,nonStim,2,MonoL,1,1,10,10,10,1
C:\Users\zzhu329\Documents\GitHub\EM-3DMotion\BehaviorFitting\BehaviorData_Clay.mat,Clay,Clay_014,14,nonStim,3,MonoR,-1,1,1,9,10,0.9
C:\Users\zzhu329\Documents\GitHub\EM-3DMotion\BehaviorFitting\BehaviorData_Clay.mat,Clay,Clay_014,14,nonStim,3,MonoR,-0.636363636363636,0.636363636363636,1,9,10,0.9
C:\Users\zzhu329\Documents\GitHub\EM-3DMotion\BehaviorFitting\BehaviorData_Clay.mat,Clay,Clay_014,14,nonStim,3,MonoR,-0.454545454545455,0.454545454545455,0,10,10,1
C:\Users\zzhu329\Documents\GitHub\EM-3DMotion\BehaviorFitting\BehaviorData_Clay.mat,Clay,Clay_014,14,nonStim,3,MonoR,-0.363636363636364,0.363636363636364,0,10,10,1
C:\Users\zzhu329\Documents\GitHub\EM-3DMotion\BehaviorFitting\BehaviorData_Clay.mat,Clay,Clay_014,14,nonStim,3,MonoR,-0.181818181818182,0.181818181818182,2,8,10,0.8
C:\Users\zzhu329\Documents\GitHub\EM-3DMotion\BehaviorFitting\BehaviorData_Clay.mat,Clay,Clay_014,14,nonStim,3,MonoR,-0.0909090909090909,0.0909090909090909,2,8,10,0.8
C:\Users\zzhu329\Documents\GitHub\EM-3DMotion\BehaviorFitting\BehaviorData_Clay.mat,Clay,Clay_014,14,nonStim,3,MonoR,0.0909090909090909,0.0909090909090909,6,6,10,0.6
C:\Users\zzhu329\Documents\GitHub\EM-3DMotion\BehaviorFitting\BehaviorData_Clay.mat,Clay,Clay_014,14,nonStim,3,MonoR,0.181818181818182,0.181818181818182,10,10,10,1
C:\Users\zzhu329\Documents\GitHub\EM-3DMotion\BehaviorFitting\BehaviorData_Clay.mat,Clay,Clay_014,14,nonStim,3,MonoR,0.363636363636364,0.363636363636364,10,10,10,1
C:\Users\zzhu329\Documents\GitHub\EM-3DMotion\BehaviorFitting\BehaviorData_Clay.mat,Clay,Clay_014,14,nonStim,3,MonoR,0.454545454545455,0.454545454545455,10,10,10,1
C:\Users\zzhu329\Documents\GitHub\EM-3DMotion\BehaviorFitting\BehaviorData_Clay.mat,Clay,Clay_014,14,nonStim,3,MonoR,0.636363636363636,0.636363636363636,10,10,10,1
C:\Users\zzhu329\Documents\GitHub\EM-3DMotion\BehaviorFitting\BehaviorData_Clay.mat,Clay,Clay_014,14,nonStim,3,MonoR,1,1,10,10,10,1
C:\Users\zzhu329\Documents\GitHub\EM-3DMotion\BehaviorFitting\BehaviorData_Clay.mat,Clay,Clay_014,14,nonStim,4,Bino,-1,1,0,10,10,1
C:\Users\zzhu329\Documents\GitHub\EM-3DMotion\BehaviorFitting\BehaviorData_Clay.mat,Clay,Clay_014,14,nonStim,4,Bino,-0.636363636363636,0.636363636363636,2,8,10,0.8
C:\Users\zzhu329\Documents\GitHub\EM-3DMotion\BehaviorFitting\BehaviorData_Clay.mat,Clay,Clay_014,14,nonStim,4,Bino,-0.454545454545455,0.454545454545455,0,10,10,1
C:\Users\zzhu329\Documents\GitHub\EM-3DMotion\BehaviorFitting\BehaviorData_Clay.mat,Clay,Clay_014,14,nonStim,4,Bino,-0.363636363636364,0.363636363636364,0,10,10,1
C:\Users\zzhu329\Documents\GitHub\EM-3DMotion\BehaviorFitting\BehaviorData_Clay.mat,Clay,Clay_014,14,nonStim,4,Bino,-0.181818181818182,0.181818181818182,6,4,10,0.4
C:\Users\zzhu329\Documents\GitHub\EM-3DMotion\BehaviorFitting\BehaviorData_Clay.mat,Clay,Clay_014,14,nonStim,4,Bino,-0.0909090909090909,0.0909090909090909,1,9,10,0.9
C:\Users\zzhu329\Documents\GitHub\EM-3DMotion\BehaviorFitting\BehaviorData_Clay.mat,Clay,Clay_014,14,nonStim,4,Bino,0.0909090909090909,0.0909090909090909,5,5,10,0.5
C:\Users\zzhu329\Documents\GitHub\EM-3DMotion\BehaviorFitting\BehaviorData_Clay.mat,Clay,Clay_014,14,nonStim,4,Bino,0.181818181818182,0.181818181818182,2,2,10,0.2
C:\Users\zzhu329\Documents\GitHub\EM-3DMotion\BehaviorFitting\BehaviorData_Clay.mat,Clay,Clay_014,14,nonStim,4,Bino,0.363636363636364,0.363636363636364,8,8,10,0.8
C:\Users\zzhu329\Documents\GitHub\EM-3DMotion\BehaviorFitting\BehaviorData_Clay.mat,Clay,Clay_014,14,nonStim,4,Bino,0.454545454545455,0.454545454545455,8,8,10,0.8
C:\Users\zzhu329\Documents\GitHub\EM-3DMotion\BehaviorFitting\BehaviorData_Clay.mat,Clay,Clay_014,14,nonStim,4,Bino,0.636363636363636,0.636363636363636,10,10,10,1
C:\Users\zzhu329\Documents\GitHub\EM-3DMotion\BehaviorFitting\BehaviorData_Clay.mat,Clay,Clay_014,14,nonStim,4,Bino,1,1,10,10,10,1
C:\Users\zzhu329\Documents\GitHub\EM-3DMotion\BehaviorFitting\BehaviorData_Clay.mat,Clay,Clay_015,15,nonStim,1,Combined,-1,1,0,9,9,1
C:\Users\zzhu329\Documents\GitHub\EM-3DMotion\BehaviorFitting\BehaviorData_Clay.mat,Clay,Clay_015,15,nonStim,1,Combined,-0.636363636363636,0.636363636363636,1,7,8,0.875
C:\Users\zzhu329\Documents\GitHub\EM-3DMotion\BehaviorFitting\BehaviorData_Clay.mat,Clay,Clay_015,15,nonStim,1,Combined,-0.454545454545455,0.454545454545455,0,9,9,1
C:\Users\zzhu329\Documents\GitHub\EM-3DMotion\BehaviorFitting\BehaviorData_Clay.mat,Clay,Clay_015,15,nonStim,1,Combined,-0.363636363636364,0.363636363636364,1,7,8,0.875
C:\Users\zzhu329\Documents\GitHub\EM-3DMotion\BehaviorFitting\BehaviorData_Clay.mat,Clay,Clay_015,15,nonStim,1,Combined,-0.181818181818182,0.181818181818182,1,8,9,0.888888888888889
C:\Users\zzhu329\Documents\GitHub\EM-3DMotion\BehaviorFitting\BehaviorData_Clay.mat,Clay,Clay_015,15,nonStim,1,Combined,-0.0909090909090909,0.0909090909090909,2,7,9,0.777777777777778
C:\Users\zzhu329\Documents\GitHub\EM-3DMotion\BehaviorFitting\BehaviorData_Clay.mat,Clay,Clay_015,15,nonStim,1,Combined,0.0909090909090909,0.0909090909090909,6,6,9,0.666666666666667
C:\Users\zzhu329\Documents\GitHub\EM-3DMotion\BehaviorFitting\BehaviorData_Clay.mat,Clay,Clay_015,15,nonStim,1,Combined,0.181818181818182,0.181818181818182,8,8,9,0.888888888888889
C:\Users\zzhu329\Documents\GitHub\EM-3DMotion\BehaviorFitting\BehaviorData_Clay.mat,Clay,Clay_015,15,nonStim,1,Combined,0.363636363636364,0.363636363636364,9,9,9,1
C:\Users\zzhu329\Documents\GitHub\EM-3DMotion\BehaviorFitting\BehaviorData_Clay.mat,Clay,Clay_015,15,nonStim,1,Combined,0.454545454545455,0.454545454545455,9,9,9,1
C:\Users\zzhu329\Documents\GitHub\EM-3DMotion\BehaviorFitting\BehaviorData_Clay.mat,Clay,Clay_015,15,nonStim,1,Combined,0.636363636363636,0.636363636363636,9,9,9,1
C:\Users\zzhu329\Documents\GitHub\EM-3DMotion\BehaviorFitting\BehaviorData_Clay.mat,Clay,Clay_015,15,nonStim,1,Combined,1,1,8,8,8,1
C:\Users\zzhu329\Documents\GitHub\EM-3DMotion\BehaviorFitting\BehaviorData_Clay.mat,Clay,Clay_015,15,nonStim,2,MonoL,-1,1,0,9,9,1
C:\Users\zzhu329\Documents\GitHub\EM-3DMotion\BehaviorFitting\BehaviorData_Clay.mat,Clay,Clay_015,15,nonStim,2,MonoL,-0.636363636363636,0.636363636363636,1,7,8,0.875
C:\Users\zzhu329\Documents\GitHub\EM-3DMotion\BehaviorFitting\BehaviorData_Clay.mat,Clay,Clay_015,15,nonStim,2,MonoL,-0.454545454545455,0.454545454545455,2,7,9,0.777777777777778
C:\Users\zzhu329\Documents\GitHub\EM-3DMotion\BehaviorFitting\BehaviorData_Clay.mat,Clay,Clay_015,15,nonStim,2,MonoL,-0.363636363636364,0.363636363636364,1,8,9,0.888888888888889
C:\Users\zzhu329\Documents\GitHub\EM-3DMotion\BehaviorFitting\BehaviorData_Clay.mat,Clay,Clay_015,15,nonStim,2,MonoL,-0.181818181818182,0.181818181818182,0,9,9,1
C:\Users\zzhu329\Documents\GitHub\EM-3DMotion\BehaviorFitting\BehaviorData_Clay.mat,Clay,Clay_015,15,nonStim,2,MonoL,-0.0909090909090909,0.0909090909090909,0,8,8,1
C:\Users\zzhu329\Documents\GitHub\EM-3DMotion\BehaviorFitting\BehaviorData_Clay.mat,Clay,Clay_015,15,nonStim,2,MonoL,0.0909090909090909,0.0909090909090909,2,2,9,0.222222222222222
C:\Users\zzhu329\Documents\GitHub\EM-3DMotion\BehaviorFitting\BehaviorData_Clay.mat,Clay,Clay_015,15,nonStim,2,MonoL,0.181818181818182,0.181818181818182,4,4,9,0.444444444444444
C:\Users\zzhu329\Documents\GitHub\EM-3DMotion\BehaviorFitting\BehaviorData_Clay.mat,Clay,Clay_015,15,nonStim,2,MonoL,0.363636363636364,0.363636363636364,7,7,9,0.777777777777778
C:\Users\zzhu329\Documents\GitHub\EM-3DMotion\BehaviorFitting\BehaviorData_Clay.mat,Clay,Clay_015,15,nonStim,2,MonoL,0.454545454545455,0.454545454545455,8,8,9,0.888888888888889
C:\Users\zzhu329\Documents\GitHub\EM-3DMotion\BehaviorFitting\BehaviorData_Clay.mat,Clay,Clay_015,15,nonStim,2,MonoL,0.636363636363636,0.636363636363636,7,7,9,0.777777777777778
C:\Users\zzhu329\Documents\GitHub\EM-3DMotion\BehaviorFitting\BehaviorData_Clay.mat,Clay,Clay_015,15,nonStim,2,MonoL,1,1,9,9,9,1
C:\Users\zzhu329\Documents\GitHub\EM-3DMotion\BehaviorFitting\BehaviorData_Clay.mat,Clay,Clay_015,15,nonStim,3,MonoR,-1,1,2,7,9,0.777777777777778
C:\Users\zzhu329\Documents\GitHub\EM-3DMotion\BehaviorFitting\BehaviorData_Clay.mat,Clay,Clay_015,15,nonStim,3,MonoR,-0.636363636363636,0.636363636363636,0,9,9,1
C:\Users\zzhu329\Documents\GitHub\EM-3DMotion\BehaviorFitting\BehaviorData_Clay.mat,Clay,Clay_015,15,nonStim,3,MonoR,-0.454545454545455,0.454545454545455,1,8,9,0.888888888888889
C:\Users\zzhu329\Documents\GitHub\EM-3DMotion\BehaviorFitting\BehaviorData_Clay.mat,Clay,Clay_015,15,nonStim,3,MonoR,-0.363636363636364,0.363636363636364,1,8,9,0.888888888888889
C:\Users\zzhu329\Documents\GitHub\EM-3DMotion\BehaviorFitting\BehaviorData_Clay.mat,Clay,Clay_015,15,nonStim,3,MonoR,-0.181818181818182,0.181818181818182,2,6,8,0.75
C:\Users\zzhu329\Documents\GitHub\EM-3DMotion\BehaviorFitting\BehaviorData_Clay.mat,Clay,Clay_015,15,nonStim,3,MonoR,-0.0909090909090909,0.0909090909090909,1,7,8,0.875
C:\Users\zzhu329\Documents\GitHub\EM-3DMotion\BehaviorFitting\BehaviorData_Clay.mat,Clay,Clay_015,15,nonStim,3,MonoR,0.0909090909090909,0.0909090909090909,4,4,9,0.444444444444444
C:\Users\zzhu329\Documents\GitHub\EM-3DMotion\BehaviorFitting\BehaviorData_Clay.mat,Clay,Clay_015,15,nonStim,3,MonoR,0.181818181818182,0.181818181818182,3,3,8,0.375
C:\Users\zzhu329\Documents\GitHub\EM-3DMotion\BehaviorFitting\BehaviorData_Clay.mat,Clay,Clay_015,15,nonStim,3,MonoR,0.363636363636364,0.363636363636364,3,3,9,0.333333333333333
C:\Users\zzhu329\Documents\GitHub\EM-3DMotion\BehaviorFitting\BehaviorData_Clay.mat,Clay,Clay_015,15,nonStim,3,MonoR,0.454545454545455,0.454545454545455,8,8,9,0.888888888888889
C:\Users\zzhu329\Documents\GitHub\EM-3DMotion\BehaviorFitting\BehaviorData_Clay.mat,Clay,Clay_015,15,nonStim,3,MonoR,0.636363636363636,0.636363636363636,7,7,8,0.875
C:\Users\zzhu329\Documents\GitHub\EM-3DMotion\BehaviorFitting\BehaviorData_Clay.mat,Clay,Clay_015,15,nonStim,3,MonoR,1,1,9,9,9,1
C:\Users\zzhu329\Documents\GitHub\EM-3DMotion\BehaviorFitting\BehaviorData_Clay.mat,Clay,Clay_015,15,nonStim,4,Bino,-1,1,0,9,9,1
C:\Users\zzhu329\Documents\GitHub\EM-3DMotion\BehaviorFitting\BehaviorData_Clay.mat,Clay,Clay_015,15,nonStim,4,Bino,-0.636363636363636,0.636363636363636,2,7,9,0.777777777777778
C:\Users\zzhu329\Documents\GitHub\EM-3DMotion\BehaviorFitting\BehaviorData_Clay.mat,Clay,Clay_015,15,nonStim,4,Bino,-0.454545454545455,0.454545454545455,0,8,8,1
C:\Users\zzhu329\Documents\GitHub\EM-3DMotion\BehaviorFitting\BehaviorData_Clay.mat,Clay,Clay_015,15,nonStim,4,Bino,-0.363636363636364,0.363636363636364,1,8,9,0.888888888888889
C:\Users\zzhu329\Documents\GitHub\EM-3DMotion\BehaviorFitting\BehaviorData_Clay.mat,Clay,Clay_015,15,nonStim,4,Bino,-0.181818181818182,0.181818181818182,2,7,9,0.777777777777778
C:\Users\zzhu329\Documents\GitHub\EM-3DMotion\BehaviorFitting\BehaviorData_Clay.mat,Clay,Clay_015,15,nonStim,4,Bino,-0.0909090909090909,0.0909090909090909,1,8,9,0.888888888888889
C:\Users\zzhu329\Documents\GitHub\EM-3DMotion\BehaviorFitting\BehaviorData_Clay.mat,Clay,Clay_015,15,nonStim,4,Bino,0.0909090909090909,0.0909090909090909,3,3,8,0.375
C:\Users\zzhu329\Documents\GitHub\EM-3DMotion\BehaviorFitting\BehaviorData_Clay.mat,Clay,Clay_015,15,nonStim,4,Bino,0.181818181818182,0.181818181818182,6,6,8,0.75
C:\Users\zzhu329\Documents\GitHub\EM-3DMotion\BehaviorFitting\BehaviorData_Clay.mat,Clay,Clay_015,15,nonStim,4,Bino,0.363636363636364,0.363636363636364,7,7,9,0.777777777777778
C:\Users\zzhu329\Documents\GitHub\EM-3DMotion\BehaviorFitting\BehaviorData_Clay.mat,Clay,Clay_015,15,nonStim,4,Bino,0.454545454545455,0.454545454545455,8,8,9,0.888888888888889
C:\Users\zzhu329\Documents\GitHub\EM-3DMotion\BehaviorFitting\BehaviorData_Clay.mat,Clay,Clay_015,15,nonStim,4,Bino,0.636363636363636,0.636363636363636,9,9,9,1
C:\Users\zzhu329\Documents\GitHub\EM-3DMotion\BehaviorFitting\BehaviorData_Clay.mat,Clay,Clay_015,15,nonStim,4,Bino,1,1,9,9,9,1
C:\Users\zzhu329\Documents\GitHub\EM-3DMotion\BehaviorFitting\BehaviorData_Clay.mat,Clay,Clay_016,16,nonStim,1,Combined,-1,1,0,6,6,1
C:\Users\zzhu329\Documents\GitHub\EM-3DMotion\BehaviorFitting\BehaviorData_Clay.mat,Clay,Clay_016,16,nonStim,1,Combined,-0.636363636363636,0.636363636363636,1,5,6,0.833333333333333
C:\Users\zzhu329\Documents\GitHub\EM-3DMotion\BehaviorFitting\BehaviorData_Clay.mat,Clay,Clay_016,16,nonStim,1,Combined,-0.454545454545455,0.454545454545455,0,6,6,1
C:\Users\zzhu329\Documents\GitHub\EM-3DMotion\BehaviorFitting\BehaviorData_Clay.mat,Clay,Clay_016,16,nonStim,1,Combined,-0.363636363636364,0.363636363636364,0,6,6,1
C:\Users\zzhu329\Documents\GitHub\EM-3DMotion\BehaviorFitting\BehaviorData_Clay.mat,Clay,Clay_016,16,nonStim,1,Combined,-0.181818181818182,0.181818181818182,0,6,6,1
C:\Users\zzhu329\Documents\GitHub\EM-3DMotion\BehaviorFitting\BehaviorData_Clay.mat,Clay,Clay_016,16,nonStim,1,Combined,-0.0909090909090909,0.0909090909090909,1,5,6,0.833333333333333
C:\Users\zzhu329\Documents\GitHub\EM-3DMotion\BehaviorFitting\BehaviorData_Clay.mat,Clay,Clay_016,16,nonStim,1,Combined,0.0909090909090909,0.0909090909090909,2,2,6,0.333333333333333
C:\Users\zzhu329\Documents\GitHub\EM-3DMotion\BehaviorFitting\BehaviorData_Clay.mat,Clay,Clay_016,16,nonStim,1,Combined,0.181818181818182,0.181818181818182,6,6,6,1
C:\Users\zzhu329\Documents\GitHub\EM-3DMotion\BehaviorFitting\BehaviorData_Clay.mat,Clay,Clay_016,16,nonStim,1,Combined,0.363636363636364,0.363636363636364,5,5,5,1
C:\Users\zzhu329\Documents\GitHub\EM-3DMotion\BehaviorFitting\BehaviorData_Clay.mat,Clay,Clay_016,16,nonStim,1,Combined,0.454545454545455,0.454545454545455,6,6,6,1
C:\Users\zzhu329\Documents\GitHub\EM-3DMotion\BehaviorFitting\BehaviorData_Clay.mat,Clay,Clay_016,16,nonStim,1,Combined,0.636363636363636,0.636363636363636,6,6,6,1
C:\Users\zzhu329\Documents\GitHub\EM-3DMotion\BehaviorFitting\BehaviorData_Clay.mat,Clay,Clay_016,16,nonStim,1,Combined,1,1,6,6,6,1
C:\Users\zzhu329\Documents\GitHub\EM-3DMotion\BehaviorFitting\BehaviorData_Clay.mat,Clay,Clay_016,16,nonStim,2,MonoL,-1,1,1,5,6,0.833333333333333
C:\Users\zzhu329\Documents\GitHub\EM-3DMotion\BehaviorFitting\BehaviorData_Clay.mat,Clay,Clay_016,16,nonStim,2,MonoL,-0.636363636363636,0.636363636363636,1,5,6,0.833333333333333
C:\Users\zzhu329\Documents\GitHub\EM-3DMotion\BehaviorFitting\BehaviorData_Clay.mat,Clay,Clay_016,16,nonStim,2,MonoL,-0.454545454545455,0.454545454545455,0,6,6,1
C:\Users\zzhu329\Documents\GitHub\EM-3DMotion\BehaviorFitting\BehaviorData_Clay.mat,Clay,Clay_016,16,nonStim,2,MonoL,-0.363636363636364,0.363636363636364,2,4,6,0.666666666666667
C:\Users\zzhu329\Documents\GitHub\EM-3DMotion\BehaviorFitting\BehaviorData_Clay.mat,Clay,Clay_016,16,nonStim,2,MonoL,-0.181818181818182,0.181818181818182,4,2,6,0.333333333333333
C:\Users\zzhu329\Documents\GitHub\EM-3DMotion\BehaviorFitting\BehaviorData_Clay.mat,Clay,Clay_016,16,nonStim,2,MonoL,-0.0909090909090909,0.0909090909090909,2,4,6,0.666666666666667
C:\Users\zzhu329\Documents\GitHub\EM-3DMotion\BehaviorFitting\BehaviorData_Clay.mat,Clay,Clay_016,16,nonStim,2,MonoL,0.0909090909090909,0.0909090909090909,4,4,6,0.666666666666667
C:\Users\zzhu329\Documents\GitHub\EM-3DMotion\BehaviorFitting\BehaviorData_Clay.mat,Clay,Clay_016,16,nonStim,2,MonoL,0.181818181818182,0.181818181818182,5,5,6,0.833333333333333
C:\Users\zzhu329\Documents\GitHub\EM-3DMotion\BehaviorFitting\BehaviorData_Clay.mat,Clay,Clay_016,16,nonStim,2,MonoL,0.363636363636364,0.363636363636364,6,6,6,1
C:\Users\zzhu329\Documents\GitHub\EM-3DMotion\BehaviorFitting\BehaviorData_Clay.mat,Clay,Clay_016,16,nonStim,2,MonoL,0.454545454545455,0.454545454545455,6,6,6,1
C:\Users\zzhu329\Documents\GitHub\EM-3DMotion\BehaviorFitting\BehaviorData_Clay.mat,Clay,Clay_016,16,nonStim,2,MonoL,0.636363636363636,0.636363636363636,6,6,6,1
C:\Users\zzhu329\Documents\GitHub\EM-3DMotion\BehaviorFitting\BehaviorData_Clay.mat,Clay,Clay_016,16,nonStim,2,MonoL,1,1,6,6,6,1
C:\Users\zzhu329\Documents\GitHub\EM-3DMotion\BehaviorFitting\BehaviorData_Clay.mat,Clay,Clay_016,16,nonStim,3,MonoR,-1,1,0,6,6,1
C:\Users\zzhu329\Documents\GitHub\EM-3DMotion\BehaviorFitting\BehaviorData_Clay.mat,Clay,Clay_016,16,nonStim,3,MonoR,-0.636363636363636,0.636363636363636,1,5,6,0.833333333333333
C:\Users\zzhu329\Documents\GitHub\EM-3DMotion\BehaviorFitting\BehaviorData_Clay.mat,Clay,Clay_016,16,nonStim,3,MonoR,-0.454545454545455,0.454545454545455,1,4,5,0.8
C:\Users\zzhu329\Documents\GitHub\EM-3DMotion\BehaviorFitting\BehaviorData_Clay.mat,Clay,Clay_016,16,nonStim,3,MonoR,-0.363636363636364,0.363636363636364,1,5,6,0.833333333333333
C:\Users\zzhu329\Documents\GitHub\EM-3DMotion\BehaviorFitting\BehaviorData_Clay.mat,Clay,Clay_016,16,nonStim,3,MonoR,-0.181818181818182,0.181818181818182,1,5,6,0.833333333333333
C:\Users\zzhu329\Documents\GitHub\EM-3DMotion\BehaviorFitting\BehaviorData_Clay.mat,Clay,Clay_016,16,nonStim,3,MonoR,-0.0909090909090909,0.0909090909090909,4,2,6,0.333333333333333
C:\Users\zzhu329\Documents\GitHub\EM-3DMotion\BehaviorFitting\BehaviorData_Clay.mat,Clay,Clay_016,16,nonStim,3,MonoR,0.0909090909090909,0.0909090909090909,5,5,6,0.833333333333333
C:\Users\zzhu329\Documents\GitHub\EM-3DMotion\BehaviorFitting\BehaviorData_Clay.mat,Clay,Clay_016,16,nonStim,3,MonoR,0.181818181818182,0.181818181818182,5,5,5,1
C:\Users\zzhu329\Documents\GitHub\EM-3DMotion\BehaviorFitting\BehaviorData_Clay.mat,Clay,Clay_016,16,nonStim,3,MonoR,0.363636363636364,0.363636363636364,6,6,6,1
C:\Users\zzhu329\Documents\GitHub\EM-3DMotion\BehaviorFitting\BehaviorData_Clay.mat,Clay,Clay_016,16,nonStim,3,MonoR,0.454545454545455,0.454545454545455,6,6,6,1
C:\Users\zzhu329\Documents\GitHub\EM-3DMotion\BehaviorFitting\BehaviorData_Clay.mat,Clay,Clay_016,16,nonStim,3,MonoR,0.636363636363636,0.636363636363636,6,6,6,1
C:\Users\zzhu329\Documents\GitHub\EM-3DMotion\BehaviorFitting\BehaviorData_Clay.mat,Clay,Clay_016,16,nonStim,3,MonoR,1,1,6,6,6,1
C:\Users\zzhu329\Documents\GitHub\EM-3DMotion\BehaviorFitting\BehaviorData_Clay.mat,Clay,Clay_016,16,nonStim,4,Bino,-1,1,0,6,6,1
C:\Users\zzhu329\Documents\GitHub\EM-3DMotion\BehaviorFitting\BehaviorData_Clay.mat,Clay,Clay_016,16,nonStim,4,Bino,-0.636363636363636,0.636363636363636,0,6,6,1
C:\Users\zzhu329\Documents\GitHub\EM-3DMotion\BehaviorFitting\BehaviorData_Clay.mat,Clay,Clay_016,16,nonStim,4,Bino,-0.454545454545455,0.454545454545455,0,5,5,1
C:\Users\zzhu329\Documents\GitHub\EM-3DMotion\BehaviorFitting\BehaviorData_Clay.mat,Clay,Clay_016,16,nonStim,4,Bino,-0.363636363636364,0.363636363636364,0,5,5,1
C:\Users\zzhu329\Documents\GitHub\EM-3DMotion\BehaviorFitting\BehaviorData_Clay.mat,Clay,Clay_016,16,nonStim,4,Bino,-0.181818181818182,0.181818181818182,0,6,6,1
C:\Users\zzhu329\Documents\GitHub\EM-3DMotion\BehaviorFitting\BehaviorData_Clay.mat,Clay,Clay_016,16,nonStim,4,Bino,-0.0909090909090909,0.0909090909090909,0,6,6,1
C:\Users\zzhu329\Documents\GitHub\EM-3DMotion\BehaviorFitting\BehaviorData_Clay.mat,Clay,Clay_016,16,nonStim,4,Bino,0.0909090909090909,0.0909090909090909,2,2,5,0.4
C:\Users\zzhu329\Documents\GitHub\EM-3DMotion\BehaviorFitting\BehaviorData_Clay.mat,Clay,Clay_016,16,nonStim,4,Bino,0.181818181818182,0.181818181818182,2,2,6,0.333333333333333
C:\Users\zzhu329\Documents\GitHub\EM-3DMotion\BehaviorFitting\BehaviorData_Clay.mat,Clay,Clay_016,16,nonStim,4,Bino,0.363636363636364,0.363636363636364,3,3,6,0.5
C:\Users\zzhu329\Documents\GitHub\EM-3DMotion\BehaviorFitting\BehaviorData_Clay.mat,Clay,Clay_016,16,nonStim,4,Bino,0.454545454545455,0.454545454545455,6,6,6,1
C:\Users\zzhu329\Documents\GitHub\EM-3DMotion\BehaviorFitting\BehaviorData_Clay.mat,Clay,Clay_016,16,nonStim,4,Bino,0.636363636363636,0.636363636363636,6,6,6,1
C:\Users\zzhu329\Documents\GitHub\EM-3DMotion\BehaviorFitting\BehaviorData_Clay.mat,Clay,Clay_016,16,nonStim,4,Bino,1,1,6,6,6,1
C:\Users\zzhu329\Documents\GitHub\EM-3DMotion\BehaviorFitting\BehaviorData_Clay.mat,Clay,Clay_017,17,nonStim,1,Combined,-1,1,1,11,12,0.916666666666667
C:\Users\zzhu329\Documents\GitHub\EM-3DMotion\BehaviorFitting\BehaviorData_Clay.mat,Clay,Clay_017,17,nonStim,1,Combined,-0.636363636363636,0.636363636363636,1,11,12,0.916666666666667
C:\Users\zzhu329\Documents\GitHub\EM-3DMotion\BehaviorFitting\BehaviorData_Clay.mat,Clay,Clay_017,17,nonStim,1,Combined,-0.454545454545455,0.454545454545455,2,10,12,0.833333333333333
C:\Users\zzhu329\Documents\GitHub\EM-3DMotion\BehaviorFitting\BehaviorData_Clay.mat,Clay,Clay_017,17,nonStim,1,Combined,-0.363636363636364,0.363636363636364,0,12,12,1
C:\Users\zzhu329\Documents\GitHub\EM-3DMotion\BehaviorFitting\BehaviorData_Clay.mat,Clay,Clay_017,17,nonStim,1,Combined,-0.181818181818182,0.181818181818182,3,10,13,0.769230769230769
C:\Users\zzhu329\Documents\GitHub\EM-3DMotion\BehaviorFitting\BehaviorData_Clay.mat,Clay,Clay_017,17,nonStim,1,Combined,-0.0909090909090909,0.0909090909090909,7,5,12,0.416666666666667
C:\Users\zzhu329\Documents\GitHub\EM-3DMotion\BehaviorFitting\BehaviorData_Clay.mat,Clay,Clay_017,17,nonStim,1,Combined,0.0909090909090909,0.0909090909090909,12,12,13,0.923076923076923
C:\Users\zzhu329\Documents\GitHub\EM-3DMotion\BehaviorFitting\BehaviorData_Clay.mat,Clay,Clay_017,17,nonStim,1,Combined,0.181818181818182,0.181818181818182,12,12,12,1
C:\Users\zzhu329\Documents\GitHub\EM-3DMotion\BehaviorFitting\BehaviorData_Clay.mat,Clay,Clay_017,17,nonStim,1,Combined,0.363636363636364,0.363636363636364,13,13,13,1
C:\Users\zzhu329\Documents\GitHub\EM-3DMotion\BehaviorFitting\BehaviorData_Clay.mat,Clay,Clay_017,17,nonStim,1,Combined,0.454545454545455,0.454545454545455,12,12,12,1
C:\Users\zzhu329\Documents\GitHub\EM-3DMotion\BehaviorFitting\BehaviorData_Clay.mat,Clay,Clay_017,17,nonStim,1,Combined,0.636363636363636,0.636363636363636,13,13,13,1
C:\Users\zzhu329\Documents\GitHub\EM-3DMotion\BehaviorFitting\BehaviorData_Clay.mat,Clay,Clay_017,17,nonStim,1,Combined,1,1,13,13,13,1
C:\Users\zzhu329\Documents\GitHub\EM-3DMotion\BehaviorFitting\BehaviorData_Clay.mat,Clay,Clay_017,17,nonStim,2,MonoL,-1,1,1,11,12,0.916666666666667
C:\Users\zzhu329\Documents\GitHub\EM-3DMotion\BehaviorFitting\BehaviorData_Clay.mat,Clay,Clay_017,17,nonStim,2,MonoL,-0.636363636363636,0.636363636363636,1,12,13,0.923076923076923
C:\Users\zzhu329\Documents\GitHub\EM-3DMotion\BehaviorFitting\BehaviorData_Clay.mat,Clay,Clay_017,17,nonStim,2,MonoL,-0.454545454545455,0.454545454545455,3,9,12,0.75
C:\Users\zzhu329\Documents\GitHub\EM-3DMotion\BehaviorFitting\BehaviorData_Clay.mat,Clay,Clay_017,17,nonStim,2,MonoL,-0.363636363636364,0.363636363636364,3,10,13,0.769230769230769
C:\Users\zzhu329\Documents\GitHub\EM-3DMotion\BehaviorFitting\BehaviorData_Clay.mat,Clay,Clay_017,17,nonStim,2,MonoL,-0.181818181818182,0.181818181818182,3,10,13,0.769230769230769
C:\Users\zzhu329\Documents\GitHub\EM-3DMotion\BehaviorFitting\BehaviorData_Clay.mat,Clay,Clay_017,17,nonStim,2,MonoL,-0.0909090909090909,0.0909090909090909,3,9,12,0.75
C:\Users\zzhu329\Documents\GitHub\EM-3DMotion\BehaviorFitting\BehaviorData_Clay.mat,Clay,Clay_017,17,nonStim,2,MonoL,0.0909090909090909,0.0909090909090909,7,7,12,0.583333333333333
C:\Users\zzhu329\Documents\GitHub\EM-3DMotion\BehaviorFitting\BehaviorData_Clay.mat,Clay,Clay_017,17,nonStim,2,MonoL,0.181818181818182,0.181818181818182,11,11,13,0.846153846153846
C:\Users\zzhu329\Documents\GitHub\EM-3DMotion\BehaviorFitting\BehaviorData_Clay.mat,Clay,Clay_017,17,nonStim,2,MonoL,0.363636363636364,0.363636363636364,13,13,13,1
C:\Users\zzhu329\Documents\GitHub\EM-3DMotion\BehaviorFitting\BehaviorData_Clay.mat,Clay,Clay_017,17,nonStim,2,MonoL,0.454545454545455,0.454545454545455,12,12,13,0.923076923076923
C:\Users\zzhu329\Documents\GitHub\EM-3DMotion\BehaviorFitting\BehaviorData_Clay.mat,Clay,Clay_017,17,nonStim,2,MonoL,0.636363636363636,0.636363636363636,12,12,13,0.923076923076923
C:\Users\zzhu329\Documents\GitHub\EM-3DMotion\BehaviorFitting\BehaviorData_Clay.mat,Clay,Clay_017,17,nonStim,2,MonoL,1,1,13,13,13,1
C:\Users\zzhu329\Documents\GitHub\EM-3DMotion\BehaviorFitting\BehaviorData_Clay.mat,Clay,Clay_017,17,nonStim,3,MonoR,-1,1,1,12,13,0.923076923076923
C:\Users\zzhu329\Documents\GitHub\EM-3DMotion\BehaviorFitting\BehaviorData_Clay.mat,Clay,Clay_017,17,nonStim,3,MonoR,-0.636363636363636,0.636363636363636,2,11,13,0.846153846153846
C:\Users\zzhu329\Documents\GitHub\EM-3DMotion\BehaviorFitting\BehaviorData_Clay.mat,Clay,Clay_017,17,nonStim,3,MonoR,-0.454545454545455,0.454545454545455,2,10,12,0.833333333333333
C:\Users\zzhu329\Documents\GitHub\EM-3DMotion\BehaviorFitting\BehaviorData_Clay.mat,Clay,Clay_017,17,nonStim,3,MonoR,-0.363636363636364,0.363636363636364,4,9,13,0.692307692307692
C:\Users\zzhu329\Documents\GitHub\EM-3DMotion\BehaviorFitting\BehaviorData_Clay.mat,Clay,Clay_017,17,nonStim,3,MonoR,-0.181818181818182,0.181818181818182,3,9,12,0.75
C:\Users\zzhu329\Documents\GitHub\EM-3DMotion\BehaviorFitting\BehaviorData_Clay.mat,Clay,Clay_017,17,nonStim,3,MonoR,-0.0909090909090909,0.0909090909090909,6,7,13,0.538461538461538
C:\Users\zzhu329\Documents\GitHub\EM-3DMotion\BehaviorFitting\BehaviorData_Clay.mat,Clay,Clay_017,17,nonStim,3,MonoR,0.0909090909090909,0.0909090909090909,10,10,13,0.769230769230769
C:\Users\zzhu329\Documents\GitHub\EM-3DMotion\BehaviorFitting\BehaviorData_Clay.mat,Clay,Clay_017,17,nonStim,3,MonoR,0.181818181818182,0.181818181818182,13,13,13,1
C:\Users\zzhu329\Documents\GitHub\EM-3DMotion\BehaviorFitting\BehaviorData_Clay.mat,Clay,Clay_017,17,nonStim,3,MonoR,0.363636363636364,0.363636363636364,11,11,12,0.916666666666667
C:\Users\zzhu329\Documents\GitHub\EM-3DMotion\BehaviorFitting\BehaviorData_Clay.mat,Clay,Clay_017,17,nonStim,3,MonoR,0.454545454545455,0.454545454545455,12,12,12,1
C:\Users\zzhu329\Documents\GitHub\EM-3DMotion\BehaviorFitting\BehaviorData_Clay.mat,Clay,Clay_017,17,nonStim,3,MonoR,0.636363636363636,0.636363636363636,12,12,12,1
C:\Users\zzhu329\Documents\GitHub\EM-3DMotion\BehaviorFitting\BehaviorData_Clay.mat,Clay,Clay_017,17,nonStim,3,MonoR,1,1,13,13,13,1
C:\Users\zzhu329\Documents\GitHub\EM-3DMotion\BehaviorFitting\BehaviorData_Clay.mat,Clay,Clay_017,17,nonStim,4,Bino,-1,1,1,11,12,0.916666666666667
C:\Users\zzhu329\Documents\GitHub\EM-3DMotion\BehaviorFitting\BehaviorData_Clay.mat,Clay,Clay_017,17,nonStim,4,Bino,-0.636363636363636,0.636363636363636,2,11,13,0.846153846153846
C:\Users\zzhu329\Documents\GitHub\EM-3DMotion\BehaviorFitting\BehaviorData_Clay.mat,Clay,Clay_017,17,nonStim,4,Bino,-0.454545454545455,0.454545454545455,4,8,12,0.666666666666667
C:\Users\zzhu329\Documents\GitHub\EM-3DMotion\BehaviorFitting\BehaviorData_Clay.mat,Clay,Clay_017,17,nonStim,4,Bino,-0.363636363636364,0.363636363636364,4,8,12,0.666666666666667
C:\Users\zzhu329\Documents\GitHub\EM-3DMotion\BehaviorFitting\BehaviorData_Clay.mat,Clay,Clay_017,17,nonStim,4,Bino,-0.181818181818182,0.181818181818182,3,10,13,0.769230769230769
C:\Users\zzhu329\Documents\GitHub\EM-3DMotion\BehaviorFitting\BehaviorData_Clay.mat,Clay,Clay_017,17,nonStim,4,Bino,-0.0909090909090909,0.0909090909090909,6,6,12,0.5
C:\Users\zzhu329\Documents\GitHub\EM-3DMotion\BehaviorFitting\BehaviorData_Clay.mat,Clay,Clay_017,17,nonStim,4,Bino,0.0909090909090909,0.0909090909090909,12,12,13,0.923076923076923
C:\Users\zzhu329\Documents\GitHub\EM-3DMotion\BehaviorFitting\BehaviorData_Clay.mat,Clay,Clay_017,17,nonStim,4,Bino,0.181818181818182,0.181818181818182,11,11,13,0.846153846153846
C:\Users\zzhu329\Documents\GitHub\EM-3DMotion\BehaviorFitting\BehaviorData_Clay.mat,Clay,Clay_017,17,nonStim,4,Bino,0.363636363636364,0.363636363636364,13,13,13,1
C:\Users\zzhu329\Documents\GitHub\EM-3DMotion\BehaviorFitting\BehaviorData_Clay.mat,Clay,Clay_017,17,nonStim,4,Bino,0.454545454545455,0.454545454545455,12,12,13,0.923076923076923
C:\Users\zzhu329\Documents\GitHub\EM-3DMotion\BehaviorFitting\BehaviorData_Clay.mat,Clay,Clay_017,17,nonStim,4,Bino,0.636363636363636,0.636363636363636,13,13,13,1
C:\Users\zzhu329\Documents\GitHub\EM-3DMotion\BehaviorFitting\BehaviorData_Clay.mat,Clay,Clay_017,17,nonStim,4,Bino,1,1,12,12,12,1
C:\Users\zzhu329\Documents\GitHub\EM-3DMotion\BehaviorFitting\BehaviorData_Clay.mat,Clay,Clay_018,18,nonStim,1,Combined,-1,1,0,11,11,1
C:\Users\zzhu329\Documents\GitHub\EM-3DMotion\BehaviorFitting\BehaviorData_Clay.mat,Clay,Clay_018,18,nonStim,1,Combined,-0.636363636363636,0.636363636363636,0,11,11,1
C:\Users\zzhu329\Documents\GitHub\EM-3DMotion\BehaviorFitting\BehaviorData_Clay.mat,Clay,Clay_018,18,nonStim,1,Combined,-0.454545454545455,0.454545454545455,0,12,12,1
C:\Users\zzhu329\Documents\GitHub\EM-3DMotion\BehaviorFitting\BehaviorData_Clay.mat,Clay,Clay_018,18,nonStim,1,Combined,-0.363636363636364,0.363636363636364,0,12,12,1
C:\Users\zzhu329\Documents\GitHub\EM-3DMotion\BehaviorFitting\BehaviorData_Clay.mat,Clay,Clay_018,18,nonStim,1,Combined,-0.181818181818182,0.181818181818182,1,10,11,0.909090909090909
C:\Users\zzhu329\Documents\GitHub\EM-3DMotion\BehaviorFitting\BehaviorData_Clay.mat,Clay,Clay_018,18,nonStim,1,Combined,-0.0909090909090909,0.0909090909090909,4,7,11,0.636363636363636
C:\Users\zzhu329\Documents\GitHub\EM-3DMotion\BehaviorFitting\BehaviorData_Clay.mat,Clay,Clay_018,18,nonStim,1,Combined,0.0909090909090909,0.0909090909090909,11,11,11,1
C:\Users\zzhu329\Documents\GitHub\EM-3DMotion\BehaviorFitting\BehaviorData_Clay.mat,Clay,Clay_018,18,nonStim,1,Combined,0.181818181818182,0.181818181818182,12,12,12,1
C:\Users\zzhu329\Documents\GitHub\EM-3DMotion\BehaviorFitting\BehaviorData_Clay.mat,Clay,Clay_018,18,nonStim,1,Combined,0.363636363636364,0.363636363636364,12,12,12,1
C:\Users\zzhu329\Documents\GitHub\EM-3DMotion\BehaviorFitting\BehaviorData_Clay.mat,Clay,Clay_018,18,nonStim,1,Combined,0.454545454545455,0.454545454545455,12,12,12,1
C:\Users\zzhu329\Documents\GitHub\EM-3DMotion\BehaviorFitting\BehaviorData_Clay.mat,Clay,Clay_018,18,nonStim,1,Combined,0.636363636363636,0.636363636363636,11,11,11,1
C:\Users\zzhu329\Documents\GitHub\EM-3DMotion\BehaviorFitting\BehaviorData_Clay.mat,Clay,Clay_018,18,nonStim,1,Combined,1,1,11,11,11,1
C:\Users\zzhu329\Documents\GitHub\EM-3DMotion\BehaviorFitting\BehaviorData_Clay.mat,Clay,Clay_018,18,nonStim,2,MonoL,-1,1,0,11,11,1
C:\Users\zzhu329\Documents\GitHub\EM-3DMotion\BehaviorFitting\BehaviorData_Clay.mat,Clay,Clay_018,18,nonStim,2,MonoL,-0.636363636363636,0.636363636363636,1,10,11,0.909090909090909
C:\Users\zzhu329\Documents\GitHub\EM-3DMotion\BehaviorFitting\BehaviorData_Clay.mat,Clay,Clay_018,18,nonStim,2,MonoL,-0.454545454545455,0.454545454545455,0,12,12,1
C:\Users\zzhu329\Documents\GitHub\EM-3DMotion\BehaviorFitting\BehaviorData_Clay.mat,Clay,Clay_018,18,nonStim,2,MonoL,-0.363636363636364,0.363636363636364,0,11,11,1
C:\Users\zzhu329\Documents\GitHub\EM-3DMotion\BehaviorFitting\BehaviorData_Clay.mat,Clay,Clay_018,18,nonStim,2,MonoL,-0.181818181818182,0.181818181818182,3,8,11,0.727272727272727
C:\Users\zzhu329\Documents\GitHub\EM-3DMotion\BehaviorFitting\BehaviorData_Clay.mat,Clay,Clay_018,18,nonStim,2,MonoL,-0.0909090909090909,0.0909090909090909,3,9,12,0.75
C:\Users\zzhu329\Documents\GitHub\EM-3DMotion\BehaviorFitting\BehaviorData_Clay.mat,Clay,Clay_018,18,nonStim,2,MonoL,0.0909090909090909,0.0909090909090909,7,7,12,0.583333333333333
C:\Users\zzhu329\Documents\GitHub\EM-3DMotion\BehaviorFitting\BehaviorData_Clay.mat,Clay,Clay_018,18,nonStim,2,MonoL,0.181818181818182,0.181818181818182,5,5,11,0.454545454545455
C:\Users\zzhu329\Documents\GitHub\EM-3DMotion\BehaviorFitting\BehaviorData_Clay.mat,Clay,Clay_018,18,nonStim,2,MonoL,0.363636363636364,0.363636363636364,5,5,11,0.454545454545455
C:\Users\zzhu329\Documents\GitHub\EM-3DMotion\BehaviorFitting\BehaviorData_Clay.mat,Clay,Clay_018,18,nonStim,2,MonoL,0.454545454545455,0.454545454545455,10,10,12,0.833333333333333
C:\Users\zzhu329\Documents\GitHub\EM-3DMotion\BehaviorFitting\BehaviorData_Clay.mat,Clay,Clay_018,18,nonStim,2,MonoL,0.636363636363636,0.636363636363636,12,12,12,1
C:\Users\zzhu329\Documents\GitHub\EM-3DMotion\BehaviorFitting\BehaviorData_Clay.mat,Clay,Clay_018,18,nonStim,2,MonoL,1,1,10,10,11,0.909090909090909
C:\Users\zzhu329\Documents\GitHub\EM-3DMotion\BehaviorFitting\BehaviorData_Clay.mat,Clay,Clay_018,18,nonStim,3,MonoR,-1,1,2,10,12,0.833333333333333
C:\Users\zzhu329\Documents\GitHub\EM-3DMotion\BehaviorFitting\BehaviorData_Clay.mat,Clay,Clay_018,18,nonStim,3,MonoR,-0.636363636363636,0.636363636363636,0,11,11,1
C:\Users\zzhu329\Documents\GitHub\EM-3DMotion\BehaviorFitting\BehaviorData_Clay.mat,Clay,Clay_018,18,nonStim,3,MonoR,-0.454545454545455,0.454545454545455,4,8,12,0.666666666666667
C:\Users\zzhu329\Documents\GitHub\EM-3DMotion\BehaviorFitting\BehaviorData_Clay.mat,Clay,Clay_018,18,nonStim,3,MonoR,-0.363636363636364,0.363636363636364,2,10,12,0.833333333333333
C:\Users\zzhu329\Documents\GitHub\EM-3DMotion\BehaviorFitting\BehaviorData_Clay.mat,Clay,Clay_018,18,nonStim,3,MonoR,-0.181818181818182,0.181818181818182,3,9,12,0.75
C:\Users\zzhu329\Documents\GitHub\EM-3DMotion\BehaviorFitting\BehaviorData_Clay.mat,Clay,Clay_018,18,nonStim,3,MonoR,-0.0909090909090909,0.0909090909090909,0,11,11,1
C:\Users\zzhu329\Documents\GitHub\EM-3DMotion\BehaviorFitting\BehaviorData_Clay.mat,Clay,Clay_018,18,nonStim,3,MonoR,0.0909090909090909,0.0909090909090909,4,4,12,0.333333333333333
C:\Users\zzhu329\Documents\GitHub\EM-3DMotion\BehaviorFitting\BehaviorData_Clay.mat,Clay,Clay_018,18,nonStim,3,MonoR,0.181818181818182,0.181818181818182,6,6,11,0.545454545454545
C:\Users\zzhu329\Documents\GitHub\EM-3DMotion\BehaviorFitting\BehaviorData_Clay.mat,Clay,Clay_018,18,nonStim,3,MonoR,0.363636363636364,0.363636363636364,10,10,12,0.833333333333333
C:\Users\zzhu329\Documents\GitHub\EM-3DMotion\BehaviorFitting\BehaviorData_Clay.mat,Clay,Clay_018,18,nonStim,3,MonoR,0.454545454545455,0.454545454545455,9,9,11,0.818181818181818
C:\Users\zzhu329\Documents\GitHub\EM-3DMotion\BehaviorFitting\BehaviorData_Clay.mat,Clay,Clay_018,18,nonStim,3,MonoR,0.636363636363636,0.636363636363636,11,11,11,1
C:\Users\zzhu329\Documents\GitHub\EM-3DMotion\BehaviorFitting\BehaviorData_Clay.mat,Clay,Clay_018,18,nonStim,3,MonoR,1,1,12,12,12,1
C:\Users\zzhu329\Documents\GitHub\EM-3DMotion\BehaviorFitting\BehaviorData_Clay.mat,Clay,Clay_018,18,nonStim,4,Bino,-1,1,2,9,11,0.818181818181818
C:\Users\zzhu329\Documents\GitHub\EM-3DMotion\BehaviorFitting\BehaviorData_Clay.mat,Clay,Clay_018,18,nonStim,4,Bino,-0.636363636363636,0.636363636363636,0,11,11,1
C:\Users\zzhu329\Documents\GitHub\EM-3DMotion\BehaviorFitting\BehaviorData_Clay.mat,Clay,Clay_018,18,nonStim,4,Bino,-0.454545454545455,0.454545454545455,1,11,12,0.916666666666667
C:\Users\zzhu329\Documents\GitHub\EM-3DMotion\BehaviorFitting\BehaviorData_Clay.mat,Clay,Clay_018,18,nonStim,4,Bino,-0.363636363636364,0.363636363636364,2,10,12,0.833333333333333
C:\Users\zzhu329\Documents\GitHub\EM-3DMotion\BehaviorFitting\BehaviorData_Clay.mat,Clay,Clay_018,18,nonStim,4,Bino,-0.181818181818182,0.181818181818182,1,11,12,0.916666666666667
C:\Users\zzhu329\Documents\GitHub\EM-3DMotion\BehaviorFitting\BehaviorData_Clay.mat,Clay,Clay_018,18,nonStim,4,Bino,-0.0909090909090909,0.0909090909090909,3,8,11,0.727272727272727
C:\Users\zzhu329\Documents\GitHub\EM-3DMotion\BehaviorFitting\BehaviorData_Clay.mat,Clay,Clay_018,18,nonStim,4,Bino,0.0909090909090909,0.0909090909090909,5,5,12,0.416666666666667
C:\Users\zzhu329\Documents\GitHub\EM-3DMotion\BehaviorFitting\BehaviorData_Clay.mat,Clay,Clay_018,18,nonStim,4,Bino,0.181818181818182,0.181818181818182,5,5,11,0.454545454545455
C:\Users\zzhu329\Documents\GitHub\EM-3DMotion\BehaviorFitting\BehaviorData_Clay.mat,Clay,Clay_018,18,nonStim,4,Bino,0.363636363636364,0.363636363636364,9,9,11,0.818181818181818
C:\Users\zzhu329\Documents\GitHub\EM-3DMotion\BehaviorFitting\BehaviorData_Clay.mat,Clay,Clay_018,18,nonStim,4,Bino,0.454545454545455,0.454545454545455,12,12,12,1
C:\Users\zzhu329\Documents\GitHub\EM-3DMotion\BehaviorFitting\BehaviorData_Clay.mat,Clay,Clay_018,18,nonStim,4,Bino,0.636363636363636,0.636363636363636,11,11,11,1
C:\Users\zzhu329\Documents\GitHub\EM-3DMotion\BehaviorFitting\BehaviorData_Clay.mat,Clay,Clay_018,18,nonStim,4,Bino,1,1,11,11,11,1
C:\Users\zzhu329\Documents\GitHub\EM-3DMotion\BehaviorFitting\BehaviorData_Clay.mat,Clay,Clay_019,19,nonStim,1,Combined,-1,1,0,12,12,1
C:\Users\zzhu329\Documents\GitHub\EM-3DMotion\BehaviorFitting\BehaviorData_Clay.mat,Clay,Clay_019,19,nonStim,1,Combined,-0.636363636363636,0.636363636363636,1,11,12,0.916666666666667
C:\Users\zzhu329\Documents\GitHub\EM-3DMotion\BehaviorFitting\BehaviorData_Clay.mat,Clay,Clay_019,19,nonStim,1,Combined,-0.454545454545455,0.454545454545455,0,12,12,1
C:\Users\zzhu329\Documents\GitHub\EM-3DMotion\BehaviorFitting\BehaviorData_Clay.mat,Clay,Clay_019,19,nonStim,1,Combined,-0.363636363636364,0.363636363636364,3,9,12,0.75
C:\Users\zzhu329\Documents\GitHub\EM-3DMotion\BehaviorFitting\BehaviorData_Clay.mat,Clay,Clay_019,19,nonStim,1,Combined,-0.181818181818182,0.181818181818182,6,6,12,0.5
C:\Users\zzhu329\Documents\GitHub\EM-3DMotion\BehaviorFitting\BehaviorData_Clay.mat,Clay,Clay_019,19,nonStim,1,Combined,-0.0909090909090909,0.0909090909090909,8,4,12,0.333333333333333
C:\Users\zzhu329\Documents\GitHub\EM-3DMotion\BehaviorFitting\BehaviorData_Clay.mat,Clay,Clay_019,19,nonStim,1,Combined,0.0909090909090909,0.0909090909090909,12,12,12,1
C:\Users\zzhu329\Documents\GitHub\EM-3DMotion\BehaviorFitting\BehaviorData_Clay.mat,Clay,Clay_019,19,nonStim,1,Combined,0.181818181818182,0.181818181818182,12,12,12,1
C:\Users\zzhu329\Documents\GitHub\EM-3DMotion\BehaviorFitting\BehaviorData_Clay.mat,Clay,Clay_019,19,nonStim,1,Combined,0.363636363636364,0.363636363636364,12,12,12,1
C:\Users\zzhu329\Documents\GitHub\EM-3DMotion\BehaviorFitting\BehaviorData_Clay.mat,Clay,Clay_019,19,nonStim,1,Combined,0.454545454545455,0.454545454545455,12,12,12,1
C:\Users\zzhu329\Documents\GitHub\EM-3DMotion\BehaviorFitting\BehaviorData_Clay.mat,Clay,Clay_019,19,nonStim,1,Combined,0.636363636363636,0.636363636363636,12,12,12,1
C:\Users\zzhu329\Documents\GitHub\EM-3DMotion\BehaviorFitting\BehaviorData_Clay.mat,Clay,Clay_019,19,nonStim,1,Combined,1,1,12,12,12,1
C:\Users\zzhu329\Documents\GitHub\EM-3DMotion\BehaviorFitting\BehaviorData_Clay.mat,Clay,Clay_019,19,nonStim,2,MonoL,-1,1,2,10,12,0.833333333333333
C:\Users\zzhu329\Documents\GitHub\EM-3DMotion\BehaviorFitting\BehaviorData_Clay.mat,Clay,Clay_019,19,nonStim,2,MonoL,-0.636363636363636,0.636363636363636,1,11,12,0.916666666666667
C:\Users\zzhu329\Documents\GitHub\EM-3DMotion\BehaviorFitting\BehaviorData_Clay.mat,Clay,Clay_019,19,nonStim,2,MonoL,-0.454545454545455,0.454545454545455,2,10,12,0.833333333333333
C:\Users\zzhu329\Documents\GitHub\EM-3DMotion\BehaviorFitting\BehaviorData_Clay.mat,Clay,Clay_019,19,nonStim,2,MonoL,-0.363636363636364,0.363636363636364,2,10,12,0.833333333333333
C:\Users\zzhu329\Documents\GitHub\EM-3DMotion\BehaviorFitting\BehaviorData_Clay.mat,Clay,Clay_019,19,nonStim,2,MonoL,-0.181818181818182,0.181818181818182,5,7,12,0.583333333333333
C:\Users\zzhu329\Documents\GitHub\EM-3DMotion\BehaviorFitting\BehaviorData_Clay.mat,Clay,Clay_019,19,nonStim,2,MonoL,-0.0909090909090909,0.0909090909090909,7,6,13,0.461538461538462
C:\Users\zzhu329\Documents\GitHub\EM-3DMotion\BehaviorFitting\BehaviorData_Clay.mat,Clay,Clay_019,19,nonStim,2,MonoL,0.0909090909090909,0.0909090909090909,9,9,12,0.75
C:\Users\zzhu329\Documents\GitHub\EM-3DMotion\BehaviorFitting\BehaviorData_Clay.mat,Clay,Clay_019,19,nonStim,2,MonoL,0.181818181818182,0.181818181818182,10,10,12,0.833333333333333
C:\Users\zzhu329\Documents\GitHub\EM-3DMotion\BehaviorFitting\BehaviorData_Clay.mat,Clay,Clay_019,19,nonStim,2,MonoL,0.363636363636364,0.363636363636364,10,10,12,0.833333333333333
C:\Users\zzhu329\Documents\GitHub\EM-3DMotion\BehaviorFitting\BehaviorData_Clay.mat,Clay,Clay_019,19,nonStim,2,MonoL,0.454545454545455,0.454545454545455,12,12,12,1
C:\Users\zzhu329\Documents\GitHub\EM-3DMotion\BehaviorFitting\BehaviorData_Clay.mat,Clay,Clay_019,19,nonStim,2,MonoL,0.636363636363636,0.636363636363636,12,12,12,1
C:\Users\zzhu329\Documents\GitHub\EM-3DMotion\BehaviorFitting\BehaviorData_Clay.mat,Clay,Clay_019,19,nonStim,2,MonoL,1,1,12,12,12,1
C:\Users\zzhu329\Documents\GitHub\EM-3DMotion\BehaviorFitting\BehaviorData_Clay.mat,Clay,Clay_019,19,nonStim,3,MonoR,-1,1,2,10,12,0.833333333333333
C:\Users\zzhu329\Documents\GitHub\EM-3DMotion\BehaviorFitting\BehaviorData_Clay.mat,Clay,Clay_019,19,nonStim,3,MonoR,-0.636363636363636,0.636363636363636,0,12,12,1
C:\Users\zzhu329\Documents\GitHub\EM-3DMotion\BehaviorFitting\BehaviorData_Clay.mat,Clay,Clay_019,19,nonStim,3,MonoR,-0.454545454545455,0.454545454545455,1,11,12,0.916666666666667
C:\Users\zzhu329\Documents\GitHub\EM-3DMotion\BehaviorFitting\BehaviorData_Clay.mat,Clay,Clay_019,19,nonStim,3,MonoR,-0.363636363636364,0.363636363636364,4,8,12,0.666666666666667
C:\Users\zzhu329\Documents\GitHub\EM-3DMotion\BehaviorFitting\BehaviorData_Clay.mat,Clay,Clay_019,19,nonStim,3,MonoR,-0.181818181818182,0.181818181818182,5,7,12,0.583333333333333
C:\Users\zzhu329\Documents\GitHub\EM-3DMotion\BehaviorFitting\BehaviorData_Clay.mat,Clay,Clay_019,19,nonStim,3,MonoR,-0.0909090909090909,0.0909090909090909,9,3,12,0.25
C:\Users\zzhu329\Documents\GitHub\EM-3DMotion\BehaviorFitting\BehaviorData_Clay.mat,Clay,Clay_019,19,nonStim,3,MonoR,0.0909090909090909,0.0909090909090909,7,7,12,0.583333333333333
C:\Users\zzhu329\Documents\GitHub\EM-3DMotion\BehaviorFitting\BehaviorData_Clay.mat,Clay,Clay_019,19,nonStim,3,MonoR,0.181818181818182,0.181818181818182,11,11,12,0.916666666666667
C:\Users\zzhu329\Documents\GitHub\EM-3DMotion\BehaviorFitting\BehaviorData_Clay.mat,Clay,Clay_019,19,nonStim,3,MonoR,0.363636363636364,0.363636363636364,12,12,12,1
C:\Users\zzhu329\Documents\GitHub\EM-3DMotion\BehaviorFitting\BehaviorData_Clay.mat,Clay,Clay_019,19,nonStim,3,MonoR,0.454545454545455,0.454545454545455,12,12,12,1
C:\Users\zzhu329\Documents\GitHub\EM-3DMotion\BehaviorFitting\BehaviorData_Clay.mat,Clay,Clay_019,19,nonStim,3,MonoR,0.636363636363636,0.636363636363636,12,12,12,1
C:\Users\zzhu329\Documents\GitHub\EM-3DMotion\BehaviorFitting\BehaviorData_Clay.mat,Clay,Clay_019,19,nonStim,3,MonoR,1,1,12,12,12,1
C:\Users\zzhu329\Documents\GitHub\EM-3DMotion\BehaviorFitting\BehaviorData_Clay.mat,Clay,Clay_019,19,nonStim,4,Bino,-1,1,2,10,12,0.833333333333333
C:\Users\zzhu329\Documents\GitHub\EM-3DMotion\BehaviorFitting\BehaviorData_Clay.mat,Clay,Clay_019,19,nonStim,4,Bino,-0.636363636363636,0.636363636363636,3,9,12,0.75
C:\Users\zzhu329\Documents\GitHub\EM-3DMotion\BehaviorFitting\BehaviorData_Clay.mat,Clay,Clay_019,19,nonStim,4,Bino,-0.454545454545455,0.454545454545455,3,9,12,0.75
C:\Users\zzhu329\Documents\GitHub\EM-3DMotion\BehaviorFitting\BehaviorData_Clay.mat,Clay,Clay_019,19,nonStim,4,Bino,-0.363636363636364,0.363636363636364,3,9,12,0.75
C:\Users\zzhu329\Documents\GitHub\EM-3DMotion\BehaviorFitting\BehaviorData_Clay.mat,Clay,Clay_019,19,nonStim,4,Bino,-0.181818181818182,0.181818181818182,7,5,12,0.416666666666667
C:\Users\zzhu329\Documents\GitHub\EM-3DMotion\BehaviorFitting\BehaviorData_Clay.mat,Clay,Clay_019,19,nonStim,4,Bino,-0.0909090909090909,0.0909090909090909,5,7,12,0.583333333333333
C:\Users\zzhu329\Documents\GitHub\EM-3DMotion\BehaviorFitting\BehaviorData_Clay.mat,Clay,Clay_019,19,nonStim,4,Bino,0.0909090909090909,0.0909090909090909,12,12,13,0.923076923076923
C:\Users\zzhu329\Documents\GitHub\EM-3DMotion\BehaviorFitting\BehaviorData_Clay.mat,Clay,Clay_019,19,nonStim,4,Bino,0.181818181818182,0.181818181818182,11,11,12,0.916666666666667
C:\Users\zzhu329\Documents\GitHub\EM-3DMotion\BehaviorFitting\BehaviorData_Clay.mat,Clay,Clay_019,19,nonStim,4,Bino,0.363636363636364,0.363636363636364,12,12,12,1
C:\Users\zzhu329\Documents\GitHub\EM-3DMotion\BehaviorFitting\BehaviorData_Clay.mat,Clay,Clay_019,19,nonStim,4,Bino,0.454545454545455,0.454545454545455,12,12,12,1
C:\Users\zzhu329\Documents\GitHub\EM-3DMotion\BehaviorFitting\BehaviorData_Clay.mat,Clay,Clay_019,19,nonStim,4,Bino,0.636363636363636,0.636363636363636,12,12,12,1
C:\Users\zzhu329\Documents\GitHub\EM-3DMotion\BehaviorFitting\BehaviorData_Clay.mat,Clay,Clay_019,19,nonStim,4,Bino,1,1,12,12,12,1
C:\Users\zzhu329\Documents\GitHub\EM-3DMotion\BehaviorFitting\BehaviorData_Clay.mat,Clay,Clay_020,20,nonStim,1,Combined,-1,1,0,12,12,1
C:\Users\zzhu329\Documents\GitHub\EM-3DMotion\BehaviorFitting\BehaviorData_Clay.mat,Clay,Clay_020,20,nonStim,1,Combined,-0.636363636363636,0.636363636363636,0,12,12,1
C:\Users\zzhu329\Documents\GitHub\EM-3DMotion\BehaviorFitting\BehaviorData_Clay.mat,Clay,Clay_020,20,nonStim,1,Combined,-0.454545454545455,0.454545454545455,0,12,12,1
C:\Users\zzhu329\Documents\GitHub\EM-3DMotion\BehaviorFitting\BehaviorData_Clay.mat,Clay,Clay_020,20,nonStim,1,Combined,-0.363636363636364,0.363636363636364,2,10,12,0.833333333333333
C:\Users\zzhu329\Documents\GitHub\EM-3DMotion\BehaviorFitting\BehaviorData_Clay.mat,Clay,Clay_020,20,nonStim,1,Combined,-0.181818181818182,0.181818181818182,4,8,12,0.666666666666667
C:\Users\zzhu329\Documents\GitHub\EM-3DMotion\BehaviorFitting\BehaviorData_Clay.mat,Clay,Clay_020,20,nonStim,1,Combined,-0.0909090909090909,0.0909090909090909,9,3,12,0.25
C:\Users\zzhu329\Documents\GitHub\EM-3DMotion\BehaviorFitting\BehaviorData_Clay.mat,Clay,Clay_020,20,nonStim,1,Combined,0.0909090909090909,0.0909090909090909,12,12,12,1
C:\Users\zzhu329\Documents\GitHub\EM-3DMotion\BehaviorFitting\BehaviorData_Clay.mat,Clay,Clay_020,20,nonStim,1,Combined,0.181818181818182,0.181818181818182,12,12,12,1
C:\Users\zzhu329\Documents\GitHub\EM-3DMotion\BehaviorFitting\BehaviorData_Clay.mat,Clay,Clay_020,20,nonStim,1,Combined,0.363636363636364,0.363636363636364,12,12,12,1
C:\Users\zzhu329\Documents\GitHub\EM-3DMotion\BehaviorFitting\BehaviorData_Clay.mat,Clay,Clay_020,20,nonStim,1,Combined,0.454545454545455,0.454545454545455,12,12,12,1
C:\Users\zzhu329\Documents\GitHub\EM-3DMotion\BehaviorFitting\BehaviorData_Clay.mat,Clay,Clay_020,20,nonStim,1,Combined,0.636363636363636,0.636363636363636,12,12,12,1
C:\Users\zzhu329\Documents\GitHub\EM-3DMotion\BehaviorFitting\BehaviorData_Clay.mat,Clay,Clay_020,20,nonStim,1,Combined,1,1,12,12,12,1
C:\Users\zzhu329\Documents\GitHub\EM-3DMotion\BehaviorFitting\BehaviorData_Clay.mat,Clay,Clay_020,20,nonStim,2,MonoL,-1,1,1,11,12,0.916666666666667
C:\Users\zzhu329\Documents\GitHub\EM-3DMotion\BehaviorFitting\BehaviorData_Clay.mat,Clay,Clay_020,20,nonStim,2,MonoL,-0.636363636363636,0.636363636363636,2,9,11,0.818181818181818
C:\Users\zzhu329\Documents\GitHub\EM-3DMotion\BehaviorFitting\BehaviorData_Clay.mat,Clay,Clay_020,20,nonStim,2,MonoL,-0.454545454545455,0.454545454545455,2,10,12,0.833333333333333
C:\Users\zzhu329\Documents\GitHub\EM-3DMotion\BehaviorFitting\BehaviorData_Clay.mat,Clay,Clay_020,20,nonStim,2,MonoL,-0.363636363636364,0.363636363636364,4,8,12,0.666666666666667
C:\Users\zzhu329\Documents\GitHub\EM-3DMotion\BehaviorFitting\BehaviorData_Clay.mat,Clay,Clay_020,20,nonStim,2,MonoL,-0.181818181818182,0.181818181818182,5,7,12,0.583333333333333
C:\Users\zzhu329\Documents\GitHub\EM-3DMotion\BehaviorFitting\BehaviorData_Clay.mat,Clay,Clay_020,20,nonStim,2,MonoL,-0.0909090909090909,0.0909090909090909,8,4,12,0.333333333333333
C:\Users\zzhu329\Documents\GitHub\EM-3DMotion\BehaviorFitting\BehaviorData_Clay.mat,Clay,Clay_020,20,nonStim,2,MonoL,0.0909090909090909,0.0909090909090909,9,9,11,0.818181818181818
C:\Users\zzhu329\Documents\GitHub\EM-3DMotion\BehaviorFitting\BehaviorData_Clay.mat,Clay,Clay_020,20,nonStim,2,MonoL,0.181818181818182,0.181818181818182,8,8,12,0.666666666666667
C:\Users\zzhu329\Documents\GitHub\EM-3DMotion\BehaviorFitting\BehaviorData_Clay.mat,Clay,Clay_020,20,nonStim,2,MonoL,0.363636363636364,0.363636363636364,12,12,12,1
C:\Users\zzhu329\Documents\GitHub\EM-3DMotion\BehaviorFitting\BehaviorData_Clay.mat,Clay,Clay_020,20,nonStim,2,MonoL,0.454545454545455,0.454545454545455,11,11,12,0.916666666666667
C:\Users\zzhu329\Documents\GitHub\EM-3DMotion\BehaviorFitting\BehaviorData_Clay.mat,Clay,Clay_020,20,nonStim,2,MonoL,0.636363636363636,0.636363636363636,11,11,12,0.916666666666667
C:\Users\zzhu329\Documents\GitHub\EM-3DMotion\BehaviorFitting\BehaviorData_Clay.mat,Clay,Clay_020,20,nonStim,2,MonoL,1,1,12,12,12,1
C:\Users\zzhu329\Documents\GitHub\EM-3DMotion\BehaviorFitting\BehaviorData_Clay.mat,Clay,Clay_020,20,nonStim,3,MonoR,-1,1,1,11,12,0.916666666666667
C:\Users\zzhu329\Documents\GitHub\EM-3DMotion\BehaviorFitting\BehaviorData_Clay.mat,Clay,Clay_020,20,nonStim,3,MonoR,-0.636363636363636,0.636363636363636,1,11,12,0.916666666666667
C:\Users\zzhu329\Documents\GitHub\EM-3DMotion\BehaviorFitting\BehaviorData_Clay.mat,Clay,Clay_020,20,nonStim,3,MonoR,-0.454545454545455,0.454545454545455,3,9,12,0.75
C:\Users\zzhu329\Documents\GitHub\EM-3DMotion\BehaviorFitting\BehaviorData_Clay.mat,Clay,Clay_020,20,nonStim,3,MonoR,-0.363636363636364,0.363636363636364,2,9,11,0.818181818181818
C:\Users\zzhu329\Documents\GitHub\EM-3DMotion\BehaviorFitting\BehaviorData_Clay.mat,Clay,Clay_020,20,nonStim,3,MonoR,-0.181818181818182,0.181818181818182,4,7,11,0.636363636363636
C:\Users\zzhu329\Documents\GitHub\EM-3DMotion\BehaviorFitting\BehaviorData_Clay.mat,Clay,Clay_020,20,nonStim,3,MonoR,-0.0909090909090909,0.0909090909090909,6,6,12,0.5
C:\Users\zzhu329\Documents\GitHub\EM-3DMotion\BehaviorFitting\BehaviorData_Clay.mat,Clay,Clay_020,20,nonStim,3,MonoR,0.0909090909090909,0.0909090909090909,10,10,11,0.909090909090909
C:\Users\zzhu329\Documents\GitHub\EM-3DMotion\BehaviorFitting\BehaviorData_Clay.mat,Clay,Clay_020,20,nonStim,3,MonoR,0.181818181818182,0.181818181818182,12,12,12,1
C:\Users\zzhu329\Documents\GitHub\EM-3DMotion\BehaviorFitting\BehaviorData_Clay.mat,Clay,Clay_020,20,nonStim,3,MonoR,0.363636363636364,0.363636363636364,12,12,12,1
C:\Users\zzhu329\Documents\GitHub\EM-3DMotion\BehaviorFitting\BehaviorData_Clay.mat,Clay,Clay_020,20,nonStim,3,MonoR,0.454545454545455,0.454545454545455,12,12,12,1
C:\Users\zzhu329\Documents\GitHub\EM-3DMotion\BehaviorFitting\BehaviorData_Clay.mat,Clay,Clay_020,20,nonStim,3,MonoR,0.636363636363636,0.636363636363636,12,12,12,1
C:\Users\zzhu329\Documents\GitHub\EM-3DMotion\BehaviorFitting\BehaviorData_Clay.mat,Clay,Clay_020,20,nonStim,3,MonoR,1,1,12,12,12,1
C:\Users\zzhu329\Documents\GitHub\EM-3DMotion\BehaviorFitting\BehaviorData_Clay.mat,Clay,Clay_020,20,nonStim,4,Bino,-1,1,3,9,12,0.75
C:\Users\zzhu329\Documents\GitHub\EM-3DMotion\BehaviorFitting\BehaviorData_Clay.mat,Clay,Clay_020,20,nonStim,4,Bino,-0.636363636363636,0.636363636363636,2,10,12,0.833333333333333
C:\Users\zzhu329\Documents\GitHub\EM-3DMotion\BehaviorFitting\BehaviorData_Clay.mat,Clay,Clay_020,20,nonStim,4,Bino,-0.454545454545455,0.454545454545455,6,5,11,0.454545454545455
C:\Users\zzhu329\Documents\GitHub\EM-3DMotion\BehaviorFitting\BehaviorData_Clay.mat,Clay,Clay_020,20,nonStim,4,Bino,-0.363636363636364,0.363636363636364,1,11,12,0.916666666666667
C:\Users\zzhu329\Documents\GitHub\EM-3DMotion\BehaviorFitting\BehaviorData_Clay.mat,Clay,Clay_020,20,nonStim,4,Bino,-0.181818181818182,0.181818181818182,4,8,12,0.666666666666667
C:\Users\zzhu329\Documents\GitHub\EM-3DMotion\BehaviorFitting\BehaviorData_Clay.mat,Clay,Clay_020,20,nonStim,4,Bino,-0.0909090909090909,0.0909090909090909,5,7,12,0.583333333333333
C:\Users\zzhu329\Documents\GitHub\EM-3DMotion\BehaviorFitting\BehaviorData_Clay.mat,Clay,Clay_020,20,nonStim,4,Bino,0.0909090909090909,0.0909090909090909,10,10,12,0.833333333333333
C:\Users\zzhu329\Documents\GitHub\EM-3DMotion\BehaviorFitting\BehaviorData_Clay.mat,Clay,Clay_020,20,nonStim,4,Bino,0.181818181818182,0.181818181818182,7,7,12,0.583333333333333
C:\Users\zzhu329\Documents\GitHub\EM-3DMotion\BehaviorFitting\BehaviorData_Clay.mat,Clay,Clay_020,20,nonStim,4,Bino,0.363636363636364,0.363636363636364,12,12,12,1
C:\Users\zzhu329\Documents\GitHub\EM-3DMotion\BehaviorFitting\BehaviorData_Clay.mat,Clay,Clay_020,20,nonStim,4,Bino,0.454545454545455,0.454545454545455,12,12,12,1
C:\Users\zzhu329\Documents\GitHub\EM-3DMotion\BehaviorFitting\BehaviorData_Clay.mat,Clay,Clay_020,20,nonStim,4,Bino,0.636363636363636,0.636363636363636,12,12,12,1
C:\Users\zzhu329\Documents\GitHub\EM-3DMotion\BehaviorFitting\BehaviorData_Clay.mat,Clay,Clay_020,20,nonStim,4,Bino,1,1,12,12,12,1
C:\Users\zzhu329\Documents\GitHub\EM-3DMotion\BehaviorFitting\BehaviorData_Clay.mat,Clay,Clay_021,21,nonStim,1,Combined,-1,1,0,9,9,1
C:\Users\zzhu329\Documents\GitHub\EM-3DMotion\BehaviorFitting\BehaviorData_Clay.mat,Clay,Clay_021,21,nonStim,1,Combined,-0.636363636363636,0.636363636363636,0,8,8,1
C:\Users\zzhu329\Documents\GitHub\EM-3DMotion\BehaviorFitting\BehaviorData_Clay.mat,Clay,Clay_021,21,nonStim,1,Combined,-0.454545454545455,0.454545454545455,0,9,9,1
C:\Users\zzhu329\Documents\GitHub\EM-3DMotion\BehaviorFitting\BehaviorData_Clay.mat,Clay,Clay_021,21,nonStim,1,Combined,-0.363636363636364,0.363636363636364,0,9,9,1
C:\Users\zzhu329\Documents\GitHub\EM-3DMotion\BehaviorFitting\BehaviorData_Clay.mat,Clay,Clay_021,21,nonStim,1,Combined,-0.181818181818182,0.181818181818182,0,9,9,1
C:\Users\zzhu329\Documents\GitHub\EM-3DMotion\BehaviorFitting\BehaviorData_Clay.mat,Clay,Clay_021,21,nonStim,1,Combined,-0.0909090909090909,0.0909090909090909,0,9,9,1
C:\Users\zzhu329\Documents\GitHub\EM-3DMotion\BehaviorFitting\BehaviorData_Clay.mat,Clay,Clay_021,21,nonStim,1,Combined,0.0909090909090909,0.0909090909090909,5,5,8,0.625
C:\Users\zzhu329\Documents\GitHub\EM-3DMotion\BehaviorFitting\BehaviorData_Clay.mat,Clay,Clay_021,21,nonStim,1,Combined,0.181818181818182,0.181818181818182,9,9,9,1
C:\Users\zzhu329\Documents\GitHub\EM-3DMotion\BehaviorFitting\BehaviorData_Clay.mat,Clay,Clay_021,21,nonStim,1,Combined,0.363636363636364,0.363636363636364,8,8,8,1
C:\Users\zzhu329\Documents\GitHub\EM-3DMotion\BehaviorFitting\BehaviorData_Clay.mat,Clay,Clay_021,21,nonStim,1,Combined,0.454545454545455,0.454545454545455,9,9,9,1
C:\Users\zzhu329\Documents\GitHub\EM-3DMotion\BehaviorFitting\BehaviorData_Clay.mat,Clay,Clay_021,21,nonStim,1,Combined,0.636363636363636,0.636363636363636,9,9,9,1
C:\Users\zzhu329\Documents\GitHub\EM-3DMotion\BehaviorFitting\BehaviorData_Clay.mat,Clay,Clay_021,21,nonStim,1,Combined,1,1,9,9,9,1
C:\Users\zzhu329\Documents\GitHub\EM-3DMotion\BehaviorFitting\BehaviorData_Clay.mat,Clay,Clay_021,21,nonStim,2,MonoL,-1,1,0,9,9,1
C:\Users\zzhu329\Documents\GitHub\EM-3DMotion\BehaviorFitting\BehaviorData_Clay.mat,Clay,Clay_021,21,nonStim,2,MonoL,-0.636363636363636,0.636363636363636,0,9,9,1
C:\Users\zzhu329\Documents\GitHub\EM-3DMotion\BehaviorFitting\BehaviorData_Clay.mat,Clay,Clay_021,21,nonStim,2,MonoL,-0.454545454545455,0.454545454545455,0,9,9,1
C:\Users\zzhu329\Documents\GitHub\EM-3DMotion\BehaviorFitting\BehaviorData_Clay.mat,Clay,Clay_021,21,nonStim,2,MonoL,-0.363636363636364,0.363636363636364,1,8,9,0.888888888888889
C:\Users\zzhu329\Documents\GitHub\EM-3DMotion\BehaviorFitting\BehaviorData_Clay.mat,Clay,Clay_021,21,nonStim,2,MonoL,-0.181818181818182,0.181818181818182,1,8,9,0.888888888888889
C:\Users\zzhu329\Documents\GitHub\EM-3DMotion\BehaviorFitting\BehaviorData_Clay.mat,Clay,Clay_021,21,nonStim,2,MonoL,-0.0909090909090909,0.0909090909090909,1,8,9,0.888888888888889
C:\Users\zzhu329\Documents\GitHub\EM-3DMotion\BehaviorFitting\BehaviorData_Clay.mat,Clay,Clay_021,21,nonStim,2,MonoL,0.0909090909090909,0.0909090909090909,3,3,9,0.333333333333333
C:\Users\zzhu329\Documents\GitHub\EM-3DMotion\BehaviorFitting\BehaviorData_Clay.mat,Clay,Clay_021,21,nonStim,2,MonoL,0.181818181818182,0.181818181818182,3,3,9,0.333333333333333
C:\Users\zzhu329\Documents\GitHub\EM-3DMotion\BehaviorFitting\BehaviorData_Clay.mat,Clay,Clay_021,21,nonStim,2,MonoL,0.363636363636364,0.363636363636364,6,6,9,0.666666666666667
C:\Users\zzhu329\Documents\GitHub\EM-3DMotion\BehaviorFitting\BehaviorData_Clay.mat,Clay,Clay_021,21,nonStim,2,MonoL,0.454545454545455,0.454545454545455,8,8,9,0.888888888888889
C:\Users\zzhu329\Documents\GitHub\EM-3DMotion\BehaviorFitting\BehaviorData_Clay.mat,Clay,Clay_021,21,nonStim,2,MonoL,0.636363636363636,0.636363636363636,7,7,9,0.777777777777778
C:\Users\zzhu329\Documents\GitHub\EM-3DMotion\BehaviorFitting\BehaviorData_Clay.mat,Clay,Clay_021,21,nonStim,2,MonoL,1,1,8,8,9,0.888888888888889
C:\Users\zzhu329\Documents\GitHub\EM-3DMotion\BehaviorFitting\BehaviorData_Clay.mat,Clay,Clay_021,21,nonStim,3,MonoR,-1,1,0,8,8,1
C:\Users\zzhu329\Documents\GitHub\EM-3DMotion\BehaviorFitting\BehaviorData_Clay.mat,Clay,Clay_021,21,nonStim,3,MonoR,-0.636363636363636,0.636363636363636,0,9,9,1
C:\Users\zzhu329\Documents\GitHub\EM-3DMotion\BehaviorFitting\BehaviorData_Clay.mat,Clay,Clay_021,21,nonStim,3,MonoR,-0.454545454545455,0.454545454545455,1,8,9,0.888888888888889
C:\Users\zzhu329\Documents\GitHub\EM-3DMotion\BehaviorFitting\BehaviorData_Clay.mat,Clay,Clay_021,21,nonStim,3,MonoR,-0.363636363636364,0.363636363636364,1,7,8,0.875
C:\Users\zzhu329\Documents\GitHub\EM-3DMotion\BehaviorFitting\BehaviorData_Clay.mat,Clay,Clay_021,21,nonStim,3,MonoR,-0.181818181818182,0.181818181818182,0,9,9,1
C:\Users\zzhu329\Documents\GitHub\EM-3DMotion\BehaviorFitting\BehaviorData_Clay.mat,Clay,Clay_021,21,nonStim,3,MonoR,-0.0909090909090909,0.0909090909090909,0,9,9,1
C:\Users\zzhu329\Documents\GitHub\EM-3DMotion\BehaviorFitting\BehaviorData_Clay.mat,Clay,Clay_021,21,nonStim,3,MonoR,0.0909090909090909,0.0909090909090909,5,5,8,0.625
C:\Users\zzhu329\Documents\GitHub\EM-3DMotion\BehaviorFitting\BehaviorData_Clay.mat,Clay,Clay_021,21,nonStim,3,MonoR,0.181818181818182,0.181818181818182,6,6,9,0.666666666666667
C:\Users\zzhu329\Documents\GitHub\EM-3DMotion\BehaviorFitting\BehaviorData_Clay.mat,Clay,Clay_021,21,nonStim,3,MonoR,0.363636363636364,0.363636363636364,6,6,9,0.666666666666667
C:\Users\zzhu329\Documents\GitHub\EM-3DMotion\BehaviorFitting\BehaviorData_Clay.mat,Clay,Clay_021,21,nonStim,3,MonoR,0.454545454545455,0.454545454545455,8,8,9,0.888888888888889
C:\Users\zzhu329\Documents\GitHub\EM-3DMotion\BehaviorFitting\BehaviorData_Clay.mat,Clay,Clay_021,21,nonStim,3,MonoR,0.636363636363636,0.636363636363636,8,8,9,0.888888888888889
C:\Users\zzhu329\Documents\GitHub\EM-3DMotion\BehaviorFitting\BehaviorData_Clay.mat,Clay,Clay_021,21,nonStim,3,MonoR,1,1,9,9,9,1
C:\Users\zzhu329\Documents\GitHub\EM-3DMotion\BehaviorFitting\BehaviorData_Clay.mat,Clay,Clay_021,21,nonStim,4,Bino,-1,1,1,7,8,0.875
C:\Users\zzhu329\Documents\GitHub\EM-3DMotion\BehaviorFitting\BehaviorData_Clay.mat,Clay,Clay_021,21,nonStim,4,Bino,-0.636363636363636,0.636363636363636,0,9,9,1
C:\Users\zzhu329\Documents\GitHub\EM-3DMotion\BehaviorFitting\BehaviorData_Clay.mat,Clay,Clay_021,21,nonStim,4,Bino,-0.454545454545455,0.454545454545455,0,8,8,1
C:\Users\zzhu329\Documents\GitHub\EM-3DMotion\BehaviorFitting\BehaviorData_Clay.mat,Clay,Clay_021,21,nonStim,4,Bino,-0.363636363636364,0.363636363636364,0,8,8,1
C:\Users\zzhu329\Documents\GitHub\EM-3DMotion\BehaviorFitting\BehaviorData_Clay.mat,Clay,Clay_021,21,nonStim,4,Bino,-0.181818181818182,0.181818181818182,1,8,9,0.888888888888889
C:\Users\zzhu329\Documents\GitHub\EM-3DMotion\BehaviorFitting\BehaviorData_Clay.mat,Clay,Clay_021,21,nonStim,4,Bino,-0.0909090909090909,0.0909090909090909,0,8,8,1
C:\Users\zzhu329\Documents\GitHub\EM-3DMotion\BehaviorFitting\BehaviorData_Clay.mat,Clay,Clay_021,21,nonStim,4,Bino,0.0909090909090909,0.0909090909090909,1,1,9,0.111111111111111
C:\Users\zzhu329\Documents\GitHub\EM-3DMotion\BehaviorFitting\BehaviorData_Clay.mat,Clay,Clay_021,21,nonStim,4,Bino,0.181818181818182,0.181818181818182,3,3,8,0.375
C:\Users\zzhu329\Documents\GitHub\EM-3DMotion\BehaviorFitting\BehaviorData_Clay.mat,Clay,Clay_021,21,nonStim,4,Bino,0.363636363636364,0.363636363636364,5,5,9,0.555555555555556
C:\Users\zzhu329\Documents\GitHub\EM-3DMotion\BehaviorFitting\BehaviorData_Clay.mat,Clay,Clay_021,21,nonStim,4,Bino,0.454545454545455,0.454545454545455,6,6,8,0.75
C:\Users\zzhu329\Documents\GitHub\EM-3DMotion\BehaviorFitting\BehaviorData_Clay.mat,Clay,Clay_021,21,nonStim,4,Bino,0.636363636363636,0.636363636363636,8,8,9,0.888888888888889
C:\Users\zzhu329\Documents\GitHub\EM-3DMotion\BehaviorFitting\BehaviorData_Clay.mat,Clay,Clay_021,21,nonStim,4,Bino,1,1,6,6,9,0.666666666666667
C:\Users\zzhu329\Documents\GitHub\EM-3DMotion\BehaviorFitting\BehaviorData_Clay.mat,Clay,Clay_022,22,nonStim,1,Combined,-1,1,0,10,10,1
C:\Users\zzhu329\Documents\GitHub\EM-3DMotion\BehaviorFitting\BehaviorData_Clay.mat,Clay,Clay_022,22,nonStim,1,Combined,-0.636363636363636,0.636363636363636,0,10,10,1
C:\Users\zzhu329\Documents\GitHub\EM-3DMotion\BehaviorFitting\BehaviorData_Clay.mat,Clay,Clay_022,22,nonStim,1,Combined,-0.454545454545455,0.454545454545455,0,10,10,1
C:\Users\zzhu329\Documents\GitHub\EM-3DMotion\BehaviorFitting\BehaviorData_Clay.mat,Clay,Clay_022,22,nonStim,1,Combined,-0.363636363636364,0.363636363636364,0,11,11,1
C:\Users\zzhu329\Documents\GitHub\EM-3DMotion\BehaviorFitting\BehaviorData_Clay.mat,Clay,Clay_022,22,nonStim,1,Combined,-0.181818181818182,0.181818181818182,1,9,10,0.9
C:\Users\zzhu329\Documents\GitHub\EM-3DMotion\BehaviorFitting\BehaviorData_Clay.mat,Clay,Clay_022,22,nonStim,1,Combined,-0.0909090909090909,0.0909090909090909,7,3,10,0.3
C:\Users\zzhu329\Documents\GitHub\EM-3DMotion\BehaviorFitting\BehaviorData_Clay.mat,Clay,Clay_022,22,nonStim,1,Combined,0.0909090909090909,0.0909090909090909,9,9,10,0.9
C:\Users\zzhu329\Documents\GitHub\EM-3DMotion\BehaviorFitting\BehaviorData_Clay.mat,Clay,Clay_022,22,nonStim,1,Combined,0.181818181818182,0.181818181818182,10,10,10,1
C:\Users\zzhu329\Documents\GitHub\EM-3DMotion\BehaviorFitting\BehaviorData_Clay.mat,Clay,Clay_022,22,nonStim,1,Combined,0.363636363636364,0.363636363636364,10,10,10,1
C:\Users\zzhu329\Documents\GitHub\EM-3DMotion\BehaviorFitting\BehaviorData_Clay.mat,Clay,Clay_022,22,nonStim,1,Combined,0.454545454545455,0.454545454545455,10,10,10,1
C:\Users\zzhu329\Documents\GitHub\EM-3DMotion\BehaviorFitting\BehaviorData_Clay.mat,Clay,Clay_022,22,nonStim,1,Combined,0.636363636363636,0.636363636363636,10,10,10,1
C:\Users\zzhu329\Documents\GitHub\EM-3DMotion\BehaviorFitting\BehaviorData_Clay.mat,Clay,Clay_022,22,nonStim,1,Combined,1,1,10,10,10,1
C:\Users\zzhu329\Documents\GitHub\EM-3DMotion\BehaviorFitting\BehaviorData_Clay.mat,Clay,Clay_022,22,nonStim,2,MonoL,-1,1,0,10,10,1
C:\Users\zzhu329\Documents\GitHub\EM-3DMotion\BehaviorFitting\BehaviorData_Clay.mat,Clay,Clay_022,22,nonStim,2,MonoL,-0.636363636363636,0.636363636363636,1,9,10,0.9
C:\Users\zzhu329\Documents\GitHub\EM-3DMotion\BehaviorFitting\BehaviorData_Clay.mat,Clay,Clay_022,22,nonStim,2,MonoL,-0.454545454545455,0.454545454545455,0,10,10,1
C:\Users\zzhu329\Documents\GitHub\EM-3DMotion\BehaviorFitting\BehaviorData_Clay.mat,Clay,Clay_022,22,nonStim,2,MonoL,-0.363636363636364,0.363636363636364,5,5,10,0.5
C:\Users\zzhu329\Documents\GitHub\EM-3DMotion\BehaviorFitting\BehaviorData_Clay.mat,Clay,Clay_022,22,nonStim,2,MonoL,-0.181818181818182,0.181818181818182,6,4,10,0.4
C:\Users\zzhu329\Documents\GitHub\EM-3DMotion\BehaviorFitting\BehaviorData_Clay.mat,Clay,Clay_022,22,nonStim,2,MonoL,-0.0909090909090909,0.0909090909090909,5,5,10,0.5
C:\Users\zzhu329\Documents\GitHub\EM-3DMotion\BehaviorFitting\BehaviorData_Clay.mat,Clay,Clay_022,22,nonStim,2,MonoL,0.0909090909090909,0.0909090909090909,7,7,10,0.7
C:\Users\zzhu329\Documents\GitHub\EM-3DMotion\BehaviorFitting\BehaviorData_Clay.mat,Clay,Clay_022,22,nonStim,2,MonoL,0.181818181818182,0.181818181818182,6,6,10,0.6
C:\Users\zzhu329\Documents\GitHub\EM-3DMotion\BehaviorFitting\BehaviorData_Clay.mat,Clay,Clay_022,22,nonStim,2,MonoL,0.363636363636364,0.363636363636364,10,10,10,1
C:\Users\zzhu329\Documents\GitHub\EM-3DMotion\BehaviorFitting\BehaviorData_Clay.mat,Clay,Clay_022,22,nonStim,2,MonoL,0.454545454545455,0.454545454545455,10,10,10,1
C:\Users\zzhu329\Documents\GitHub\EM-3DMotion\BehaviorFitting\BehaviorData_Clay.mat,Clay,Clay_022,22,nonStim,2,MonoL,0.636363636363636,0.636363636363636,10,10,10,1
C:\Users\zzhu329\Documents\GitHub\EM-3DMotion\BehaviorFitting\BehaviorData_Clay.mat,Clay,Clay_022,22,nonStim,2,MonoL,1,1,10,10,10,1
C:\Users\zzhu329\Documents\GitHub\EM-3DMotion\BehaviorFitting\BehaviorData_Clay.mat,Clay,Clay_022,22,nonStim,3,MonoR,-1,1,1,9,10,0.9
C:\Users\zzhu329\Documents\GitHub\EM-3DMotion\BehaviorFitting\BehaviorData_Clay.mat,Clay,Clay_022,22,nonStim,3,MonoR,-0.636363636363636,0.636363636363636,0,10,10,1
C:\Users\zzhu329\Documents\GitHub\EM-3DMotion\BehaviorFitting\BehaviorData_Clay.mat,Clay,Clay_022,22,nonStim,3,MonoR,-0.454545454545455,0.454545454545455,1,9,10,0.9
C:\Users\zzhu329\Documents\GitHub\EM-3DMotion\BehaviorFitting\BehaviorData_Clay.mat,Clay,Clay_022,22,nonStim,3,MonoR,-0.363636363636364,0.363636363636364,3,8,11,0.727272727272727
C:\Users\zzhu329\Documents\GitHub\EM-3DMotion\BehaviorFitting\BehaviorData_Clay.mat,Clay,Clay_022,22,nonStim,3,MonoR,-0.181818181818182,0.181818181818182,6,5,11,0.454545454545455
C:\Users\zzhu329\Documents\GitHub\EM-3DMotion\BehaviorFitting\BehaviorData_Clay.mat,Clay,Clay_022,22,nonStim,3,MonoR,-0.0909090909090909,0.0909090909090909,6,4,10,0.4
C:\Users\zzhu329\Documents\GitHub\EM-3DMotion\BehaviorFitting\BehaviorData_Clay.mat,Clay,Clay_022,22,nonStim,3,MonoR,0.0909090909090909,0.0909090909090909,8,8,11,0.727272727272727
C:\Users\zzhu329\Documents\GitHub\EM-3DMotion\BehaviorFitting\BehaviorData_Clay.mat,Clay,Clay_022,22,nonStim,3,MonoR,0.181818181818182,0.181818181818182,10,10,10,1
C:\Users\zzhu329\Documents\GitHub\EM-3DMotion\BehaviorFitting\BehaviorData_Clay.mat,Clay,Clay_022,22,nonStim,3,MonoR,0.363636363636364,0.363636363636364,10,10,10,1
C:\Users\zzhu329\Documents\GitHub\EM-3DMotion\BehaviorFitting\BehaviorData_Clay.mat,Clay,Clay_022,22,nonStim,3,MonoR,0.454545454545455,0.454545454545455,10,10,10,1
C:\Users\zzhu329\Documents\GitHub\EM-3DMotion\BehaviorFitting\BehaviorData_Clay.mat,Clay,Clay_022,22,nonStim,3,MonoR,0.636363636363636,0.636363636363636,10,10,10,1
C:\Users\zzhu329\Documents\GitHub\EM-3DMotion\BehaviorFitting\BehaviorData_Clay.mat,Clay,Clay_022,22,nonStim,3,MonoR,1,1,10,10,10,1
C:\Users\zzhu329\Documents\GitHub\EM-3DMotion\BehaviorFitting\BehaviorData_Clay.mat,Clay,Clay_022,22,nonStim,4,Bino,-1,1,1,9,10,0.9
C:\Users\zzhu329\Documents\GitHub\EM-3DMotion\BehaviorFitting\BehaviorData_Clay.mat,Clay,Clay_022,22,nonStim,4,Bino,-0.636363636363636,0.636363636363636,1,9,10,0.9
C:\Users\zzhu329\Documents\GitHub\EM-3DMotion\BehaviorFitting\BehaviorData_Clay.mat,Clay,Clay_022,22,nonStim,4,Bino,-0.454545454545455,0.454545454545455,3,7,10,0.7
C:\Users\zzhu329\Documents\GitHub\EM-3DMotion\BehaviorFitting\BehaviorData_Clay.mat,Clay,Clay_022,22,nonStim,4,Bino,-0.363636363636364,0.363636363636364,4,6,10,0.6
C:\Users\zzhu329\Documents\GitHub\EM-3DMotion\BehaviorFitting\BehaviorData_Clay.mat,Clay,Clay_022,22,nonStim,4,Bino,-0.181818181818182,0.181818181818182,1,9,10,0.9
C:\Users\zzhu329\Documents\GitHub\EM-3DMotion\BehaviorFitting\BehaviorData_Clay.mat,Clay,Clay_022,22,nonStim,4,Bino,-0.0909090909090909,0.0909090909090909,3,7,10,0.7
C:\Users\zzhu329\Documents\GitHub\EM-3DMotion\BehaviorFitting\BehaviorData_Clay.mat,Clay,Clay_022,22,nonStim,4,Bino,0.0909090909090909,0.0909090909090909,6,6,10,0.6
C:\Users\zzhu329\Documents\GitHub\EM-3DMotion\BehaviorFitting\BehaviorData_Clay.mat,Clay,Clay_022,22,nonStim,4,Bino,0.181818181818182,0.181818181818182,8,8,10,0.8
C:\Users\zzhu329\Documents\GitHub\EM-3DMotion\BehaviorFitting\BehaviorData_Clay.mat,Clay,Clay_022,22,nonStim,4,Bino,0.363636363636364,0.363636363636364,9,9,10,0.9
C:\Users\zzhu329\Documents\GitHub\EM-3DMotion\BehaviorFitting\BehaviorData_Clay.mat,Clay,Clay_022,22,nonStim,4,Bino,0.454545454545455,0.454545454545455,9,9,10,0.9
C:\Users\zzhu329\Documents\GitHub\EM-3DMotion\BehaviorFitting\BehaviorData_Clay.mat,Clay,Clay_022,22,nonStim,4,Bino,0.636363636363636,0.636363636363636,9,9,10,0.9
C:\Users\zzhu329\Documents\GitHub\EM-3DMotion\BehaviorFitting\BehaviorData_Clay.mat,Clay,Clay_022,22,nonStim,4,Bino,1,1,9,9,10,0.9
C:\Users\zzhu329\Documents\GitHub\EM-3DMotion\BehaviorFitting\BehaviorData_Clay.mat,Clay,Clay_023,23,nonStim,1,Combined,-1,1,0,9,9,1
C:\Users\zzhu329\Documents\GitHub\EM-3DMotion\BehaviorFitting\BehaviorData_Clay.mat,Clay,Clay_023,23,nonStim,1,Combined,-0.636363636363636,0.636363636363636,0,8,8,1
C:\Users\zzhu329\Documents\GitHub\EM-3DMotion\BehaviorFitting\BehaviorData_Clay.mat,Clay,Clay_023,23,nonStim,1,Combined,-0.454545454545455,0.454545454545455,0,9,9,1
C:\Users\zzhu329\Documents\GitHub\EM-3DMotion\BehaviorFitting\BehaviorData_Clay.mat,Clay,Clay_023,23,nonStim,1,Combined,-0.363636363636364,0.363636363636364,0,7,7,1
C:\Users\zzhu329\Documents\GitHub\EM-3DMotion\BehaviorFitting\BehaviorData_Clay.mat,Clay,Clay_023,23,nonStim,1,Combined,-0.181818181818182,0.181818181818182,1,8,9,0.888888888888889
C:\Users\zzhu329\Documents\GitHub\EM-3DMotion\BehaviorFitting\BehaviorData_Clay.mat,Clay,Clay_023,23,nonStim,1,Combined,-0.0909090909090909,0.0909090909090909,3,6,9,0.666666666666667
C:\Users\zzhu329\Documents\GitHub\EM-3DMotion\BehaviorFitting\BehaviorData_Clay.mat,Clay,Clay_023,23,nonStim,1,Combined,0.0909090909090909,0.0909090909090909,8,8,8,1
C:\Users\zzhu329\Documents\GitHub\EM-3DMotion\BehaviorFitting\BehaviorData_Clay.mat,Clay,Clay_023,23,nonStim,1,Combined,0.181818181818182,0.181818181818182,9,9,9,1
C:\Users\zzhu329\Documents\GitHub\EM-3DMotion\BehaviorFitting\BehaviorData_Clay.mat,Clay,Clay_023,23,nonStim,1,Combined,0.363636363636364,0.363636363636364,9,9,9,1
C:\Users\zzhu329\Documents\GitHub\EM-3DMotion\BehaviorFitting\BehaviorData_Clay.mat,Clay,Clay_023,23,nonStim,1,Combined,0.454545454545455,0.454545454545455,9,9,9,1
C:\Users\zzhu329\Documents\GitHub\EM-3DMotion\BehaviorFitting\BehaviorData_Clay.mat,Clay,Clay_023,23,nonStim,1,Combined,0.636363636363636,0.636363636363636,9,9,9,1
C:\Users\zzhu329\Documents\GitHub\EM-3DMotion\BehaviorFitting\BehaviorData_Clay.mat,Clay,Clay_023,23,nonStim,1,Combined,1,1,9,9,9,1
C:\Users\zzhu329\Documents\GitHub\EM-3DMotion\BehaviorFitting\BehaviorData_Clay.mat,Clay,Clay_023,23,nonStim,2,MonoL,-1,1,0,9,9,1
C:\Users\zzhu329\Documents\GitHub\EM-3DMotion\BehaviorFitting\BehaviorData_Clay.mat,Clay,Clay_023,23,nonStim,2,MonoL,-0.636363636363636,0.636363636363636,1,8,9,0.888888888888889
C:\Users\zzhu329\Documents\GitHub\EM-3DMotion\BehaviorFitting\BehaviorData_Clay.mat,Clay,Clay_023,23,nonStim,2,MonoL,-0.454545454545455,0.454545454545455,1,8,9,0.888888888888889
C:\Users\zzhu329\Documents\GitHub\EM-3DMotion\BehaviorFitting\BehaviorData_Clay.mat,Clay,Clay_023,23,nonStim,2,MonoL,-0.363636363636364,0.363636363636364,0,8,8,1
C:\Users\zzhu329\Documents\GitHub\EM-3DMotion\BehaviorFitting\BehaviorData_Clay.mat,Clay,Clay_023,23,nonStim,2,MonoL,-0.181818181818182,0.181818181818182,2,7,9,0.777777777777778
C:\Users\zzhu329\Documents\GitHub\EM-3DMotion\BehaviorFitting\BehaviorData_Clay.mat,Clay,Clay_023,23,nonStim,2,MonoL,-0.0909090909090909,0.0909090909090909,4,5,9,0.555555555555556
C:\Users\zzhu329\Documents\GitHub\EM-3DMotion\BehaviorFitting\BehaviorData_Clay.mat,Clay,Clay_023,23,nonStim,2,MonoL,0.0909090909090909,0.0909090909090909,4,4,7,0.571428571428571
C:\Users\zzhu329\Documents\GitHub\EM-3DMotion\BehaviorFitting\BehaviorData_Clay.mat,Clay,Clay_023,23,nonStim,2,MonoL,0.181818181818182,0.181818181818182,3,3,7,0.428571428571429
C:\Users\zzhu329\Documents\GitHub\EM-3DMotion\BehaviorFitting\BehaviorData_Clay.mat,Clay,Clay_023,23,nonStim,2,MonoL,0.363636363636364,0.363636363636364,8,8,9,0.888888888888889
C:\Users\zzhu329\Documents\GitHub\EM-3DMotion\BehaviorFitting\BehaviorData_Clay.mat,Clay,Clay_023,23,nonStim,2,MonoL,0.454545454545455,0.454545454545455,7,7,8,0.875
C:\Users\zzhu329\Documents\GitHub\EM-3DMotion\BehaviorFitting\BehaviorData_Clay.mat,Clay,Clay_023,23,nonStim,2,MonoL,0.636363636363636,0.636363636363636,9,9,9,1
C:\Users\zzhu329\Documents\GitHub\EM-3DMotion\BehaviorFitting\BehaviorData_Clay.mat,Clay,Clay_023,23,nonStim,2,MonoL,1,1,9,9,9,1
C:\Users\zzhu329\Documents\GitHub\EM-3DMotion\BehaviorFitting\BehaviorData_Clay.mat,Clay,Clay_023,23,nonStim,3,MonoR,-1,1,0,8,8,1
C:\Users\zzhu329\Documents\GitHub\EM-3DMotion\BehaviorFitting\BehaviorData_Clay.mat,Clay,Clay_023,23,nonStim,3,MonoR,-0.636363636363636,0.636363636363636,2,6,8,0.75
C:\Users\zzhu329\Documents\GitHub\EM-3DMotion\BehaviorFitting\BehaviorData_Clay.mat,Clay,Clay_023,23,nonStim,3,MonoR,-0.454545454545455,0.454545454545455,2,7,9,0.777777777777778
C:\Users\zzhu329\Documents\GitHub\EM-3DMotion\BehaviorFitting\BehaviorData_Clay.mat,Clay,Clay_023,23,nonStim,3,MonoR,-0.363636363636364,0.363636363636364,2,6,8,0.75
C:\Users\zzhu329\Documents\GitHub\EM-3DMotion\BehaviorFitting\BehaviorData_Clay.mat,Clay,Clay_023,23,nonStim,3,MonoR,-0.181818181818182,0.181818181818182,4,5,9,0.555555555555556
C:\Users\zzhu329\Documents\GitHub\EM-3DMotion\BehaviorFitting\BehaviorData_Clay.mat,Clay,Clay_023,23,nonStim,3,MonoR,-0.0909090909090909,0.0909090909090909,4,5,9,0.555555555555556
C:\Users\zzhu329\Documents\GitHub\EM-3DMotion\BehaviorFitting\BehaviorData_Clay.mat,Clay,Clay_023,23,nonStim,3,MonoR,0.0909090909090909,0.0909090909090909,4,4,8,0.5
C:\Users\zzhu329\Documents\GitHub\EM-3DMotion\BehaviorFitting\BehaviorData_Clay.mat,Clay,Clay_023,23,nonStim,3,MonoR,0.181818181818182,0.181818181818182,7,7,8,0.875
C:\Users\zzhu329\Documents\GitHub\EM-3DMotion\BehaviorFitting\BehaviorData_Clay.mat,Clay,Clay_023,23,nonStim,3,MonoR,0.363636363636364,0.363636363636364,7,7,7,1
C:\Users\zzhu329\Documents\GitHub\EM-3DMotion\BehaviorFitting\BehaviorData_Clay.mat,Clay,Clay_023,23,nonStim,3,MonoR,0.454545454545455,0.454545454545455,9,9,9,1
C:\Users\zzhu329\Documents\GitHub\EM-3DMotion\BehaviorFitting\BehaviorData_Clay.mat,Clay,Clay_023,23,nonStim,3,MonoR,0.636363636363636,0.636363636363636,9,9,9,1
C:\Users\zzhu329\Documents\GitHub\EM-3DMotion\BehaviorFitting\BehaviorData_Clay.mat,Clay,Clay_023,23,nonStim,3,MonoR,1,1,9,9,9,1
C:\Users\zzhu329\Documents\GitHub\EM-3DMotion\BehaviorFitting\BehaviorData_Clay.mat,Clay,Clay_023,23,nonStim,4,Bino,-1,1,1,6,7,0.857142857142857
C:\Users\zzhu329\Documents\GitHub\EM-3DMotion\BehaviorFitting\BehaviorData_Clay.mat,Clay,Clay_023,23,nonStim,4,Bino,-0.636363636363636,0.636363636363636,0,9,9,1
C:\Users\zzhu329\Documents\GitHub\EM-3DMotion\BehaviorFitting\BehaviorData_Clay.mat,Clay,Clay_023,23,nonStim,4,Bino,-0.454545454545455,0.454545454545455,5,4,9,0.444444444444444
C:\Users\zzhu329\Documents\GitHub\EM-3DMotion\BehaviorFitting\BehaviorData_Clay.mat,Clay,Clay_023,23,nonStim,4,Bino,-0.363636363636364,0.363636363636364,0,9,9,1
C:\Users\zzhu329\Documents\GitHub\EM-3DMotion\BehaviorFitting\BehaviorData_Clay.mat,Clay,Clay_023,23,nonStim,4,Bino,-0.181818181818182,0.181818181818182,3,5,8,0.625
C:\Users\zzhu329\Documents\GitHub\EM-3DMotion\BehaviorFitting\BehaviorData_Clay.mat,Clay,Clay_023,23,nonStim,4,Bino,-0.0909090909090909,0.0909090909090909,4,5,9,0.555555555555556
C:\Users\zzhu329\Documents\GitHub\EM-3DMotion\BehaviorFitting\BehaviorData_Clay.mat,Clay,Clay_023,23,nonStim,4,Bino,0.0909090909090909,0.0909090909090909,7,7,9,0.777777777777778
C:\Users\zzhu329\Documents\GitHub\EM-3DMotion\BehaviorFitting\BehaviorData_Clay.mat,Clay,Clay_023,23,nonStim,4,Bino,0.181818181818182,0.181818181818182,8,8,9,0.888888888888889
C:\Users\zzhu329\Documents\GitHub\EM-3DMotion\BehaviorFitting\BehaviorData_Clay.mat,Clay,Clay_023,23,nonStim,4,Bino,0.363636363636364,0.363636363636364,9,9,9,1
C:\Users\zzhu329\Documents\GitHub\EM-3DMotion\BehaviorFitting\BehaviorData_Clay.mat,Clay,Clay_023,23,nonStim,4,Bino,0.454545454545455,0.454545454545455,8,8,9,0.888888888888889
C:\Users\zzhu329\Documents\GitHub\EM-3DMotion\BehaviorFitting\BehaviorData_Clay.mat,Clay,Clay_023,23,nonStim,4,Bino,0.636363636363636,0.636363636363636,7,7,7,1
C:\Users\zzhu329\Documents\GitHub\EM-3DMotion\BehaviorFitting\BehaviorData_Clay.mat,Clay,Clay_023,23,nonStim,4,Bino,1,1,8,8,8,1
C:\Users\zzhu329\Documents\GitHub\EM-3DMotion\BehaviorFitting\BehaviorData_Clay.mat,Clay,Clay_024,24,nonStim,1,Combined,-1,1,0,10,10,1
C:\Users\zzhu329\Documents\GitHub\EM-3DMotion\BehaviorFitting\BehaviorData_Clay.mat,Clay,Clay_024,24,nonStim,1,Combined,-0.636363636363636,0.636363636363636,1,9,10,0.9
C:\Users\zzhu329\Documents\GitHub\EM-3DMotion\BehaviorFitting\BehaviorData_Clay.mat,Clay,Clay_024,24,nonStim,1,Combined,-0.454545454545455,0.454545454545455,2,8,10,0.8
C:\Users\zzhu329\Documents\GitHub\EM-3DMotion\BehaviorFitting\BehaviorData_Clay.mat,Clay,Clay_024,24,nonStim,1,Combined,-0.363636363636364,0.363636363636364,0,10,10,1
C:\Users\zzhu329\Documents\GitHub\EM-3DMotion\BehaviorFitting\BehaviorData_Clay.mat,Clay,Clay_024,24,nonStim,1,Combined,-0.181818181818182,0.181818181818182,2,8,10,0.8
C:\Users\zzhu329\Documents\GitHub\EM-3DMotion\BehaviorFitting\BehaviorData_Clay.mat,Clay,Clay_024,24,nonStim,1,Combined,-0.0909090909090909,0.0909090909090909,6,4,10,0.4
C:\Users\zzhu329\Documents\GitHub\EM-3DMotion\BehaviorFitting\BehaviorData_Clay.mat,Clay,Clay_024,24,nonStim,1,Combined,0.0909090909090909,0.0909090909090909,9,9,10,0.9
C:\Users\zzhu329\Documents\GitHub\EM-3DMotion\BehaviorFitting\BehaviorData_Clay.mat,Clay,Clay_024,24,nonStim,1,Combined,0.181818181818182,0.181818181818182,10,10,10,1
C:\Users\zzhu329\Documents\GitHub\EM-3DMotion\BehaviorFitting\BehaviorData_Clay.mat,Clay,Clay_024,24,nonStim,1,Combined,0.363636363636364,0.363636363636364,10,10,10,1
C:\Users\zzhu329\Documents\GitHub\EM-3DMotion\BehaviorFitting\BehaviorData_Clay.mat,Clay,Clay_024,24,nonStim,1,Combined,0.454545454545455,0.454545454545455,9,9,9,1
C:\Users\zzhu329\Documents\GitHub\EM-3DMotion\BehaviorFitting\BehaviorData_Clay.mat,Clay,Clay_024,24,nonStim,1,Combined,0.636363636363636,0.636363636363636,10,10,10,1
C:\Users\zzhu329\Documents\GitHub\EM-3DMotion\BehaviorFitting\BehaviorData_Clay.mat,Clay,Clay_024,24,nonStim,1,Combined,1,1,9,9,9,1
C:\Users\zzhu329\Documents\GitHub\EM-3DMotion\BehaviorFitting\BehaviorData_Clay.mat,Clay,Clay_024,24,nonStim,2,MonoL,-1,1,1,9,10,0.9
C:\Users\zzhu329\Documents\GitHub\EM-3DMotion\BehaviorFitting\BehaviorData_Clay.mat,Clay,Clay_024,24,nonStim,2,MonoL,-0.636363636363636,0.636363636363636,0,10,10,1
C:\Users\zzhu329\Documents\GitHub\EM-3DMotion\BehaviorFitting\BehaviorData_Clay.mat,Clay,Clay_024,24,nonStim,2,MonoL,-0.454545454545455,0.454545454545455,1,9,10,0.9
C:\Users\zzhu329\Documents\GitHub\EM-3DMotion\BehaviorFitting\BehaviorData_Clay.mat,Clay,Clay_024,24,nonStim,2,MonoL,-0.363636363636364,0.363636363636364,0,10,10,1
C:\Users\zzhu329\Documents\GitHub\EM-3DMotion\BehaviorFitting\BehaviorData_Clay.mat,Clay,Clay_024,24,nonStim,2,MonoL,-0.181818181818182,0.181818181818182,2,7,9,0.777777777777778
C:\Users\zzhu329\Documents\GitHub\EM-3DMotion\BehaviorFitting\BehaviorData_Clay.mat,Clay,Clay_024,24,nonStim,2,MonoL,-0.0909090909090909,0.0909090909090909,6,4,10,0.4
C:\Users\zzhu329\Documents\GitHub\EM-3DMotion\BehaviorFitting\BehaviorData_Clay.mat,Clay,Clay_024,24,nonStim,2,MonoL,0.0909090909090909,0.0909090909090909,3,3,10,0.3
C:\Users\zzhu329\Documents\GitHub\EM-3DMotion\BehaviorFitting\BehaviorData_Clay.mat,Clay,Clay_024,24,nonStim,2,MonoL,0.181818181818182,0.181818181818182,7,7,10,0.7
C:\Users\zzhu329\Documents\GitHub\EM-3DMotion\BehaviorFitting\BehaviorData_Clay.mat,Clay,Clay_024,24,nonStim,2,MonoL,0.363636363636364,0.363636363636364,10,10,10,1
C:\Users\zzhu329\Documents\GitHub\EM-3DMotion\BehaviorFitting\BehaviorData_Clay.mat,Clay,Clay_024,24,nonStim,2,MonoL,0.454545454545455,0.454545454545455,10,10,10,1
C:\Users\zzhu329\Documents\GitHub\EM-3DMotion\BehaviorFitting\BehaviorData_Clay.mat,Clay,Clay_024,24,nonStim,2,MonoL,0.636363636363636,0.636363636363636,10,10,10,1
C:\Users\zzhu329\Documents\GitHub\EM-3DMotion\BehaviorFitting\BehaviorData_Clay.mat,Clay,Clay_024,24,nonStim,2,MonoL,1,1,10,10,10,1
C:\Users\zzhu329\Documents\GitHub\EM-3DMotion\BehaviorFitting\BehaviorData_Clay.mat,Clay,Clay_024,24,nonStim,3,MonoR,-1,1,1,9,10,0.9
C:\Users\zzhu329\Documents\GitHub\EM-3DMotion\BehaviorFitting\BehaviorData_Clay.mat,Clay,Clay_024,24,nonStim,3,MonoR,-0.636363636363636,0.636363636363636,0,10,10,1
C:\Users\zzhu329\Documents\GitHub\EM-3DMotion\BehaviorFitting\BehaviorData_Clay.mat,Clay,Clay_024,24,nonStim,3,MonoR,-0.454545454545455,0.454545454545455,1,8,9,0.888888888888889
C:\Users\zzhu329\Documents\GitHub\EM-3DMotion\BehaviorFitting\BehaviorData_Clay.mat,Clay,Clay_024,24,nonStim,3,MonoR,-0.363636363636364,0.363636363636364,0,10,10,1
C:\Users\zzhu329\Documents\GitHub\EM-3DMotion\BehaviorFitting\BehaviorData_Clay.mat,Clay,Clay_024,24,nonStim,3,MonoR,-0.181818181818182,0.181818181818182,5,5,10,0.5
C:\Users\zzhu329\Documents\GitHub\EM-3DMotion\BehaviorFitting\BehaviorData_Clay.mat,Clay,Clay_024,24,nonStim,3,MonoR,-0.0909090909090909,0.0909090909090909,4,6,10,0.6
C:\Users\zzhu329\Documents\GitHub\EM-3DMotion\BehaviorFitting\BehaviorData_Clay.mat,Clay,Clay_024,24,nonStim,3,MonoR,0.0909090909090909,0.0909090909090909,7,7,10,0.7
C:\Users\zzhu329\Documents\GitHub\EM-3DMotion\BehaviorFitting\BehaviorData_Clay.mat,Clay,Clay_024,24,nonStim,3,MonoR,0.181818181818182,0.181818181818182,8,8,10,0.8
C:\Users\zzhu329\Documents\GitHub\EM-3DMotion\BehaviorFitting\BehaviorData_Clay.mat,Clay,Clay_024,24,nonStim,3,MonoR,0.363636363636364,0.363636363636364,6,6,10,0.6
C:\Users\zzhu329\Documents\GitHub\EM-3DMotion\BehaviorFitting\BehaviorData_Clay.mat,Clay,Clay_024,24,nonStim,3,MonoR,0.454545454545455,0.454545454545455,9,9,9,1
C:\Users\zzhu329\Documents\GitHub\EM-3DMotion\BehaviorFitting\BehaviorData_Clay.mat,Clay,Clay_024,24,nonStim,3,MonoR,0.636363636363636,0.636363636363636,10,10,10,1
C:\Users\zzhu329\Documents\GitHub\EM-3DMotion\BehaviorFitting\BehaviorData_Clay.mat,Clay,Clay_024,24,nonStim,3,MonoR,1,1,10,10,10,1
C:\Users\zzhu329\Documents\GitHub\EM-3DMotion\BehaviorFitting\BehaviorData_Clay.mat,Clay,Clay_024,24,nonStim,4,Bino,-1,1,0,10,10,1
C:\Users\zzhu329\Documents\GitHub\EM-3DMotion\BehaviorFitting\BehaviorData_Clay.mat,Clay,Clay_024,24,nonStim,4,Bino,-0.636363636363636,0.636363636363636,1,8,9,0.888888888888889
C:\Users\zzhu329\Documents\GitHub\EM-3DMotion\BehaviorFitting\BehaviorData_Clay.mat,Clay,Clay_024,24,nonStim,4,Bino,-0.454545454545455,0.454545454545455,1,9,10,0.9
C:\Users\zzhu329\Documents\GitHub\EM-3DMotion\BehaviorFitting\BehaviorData_Clay.mat,Clay,Clay_024,24,nonStim,4,Bino,-0.363636363636364,0.363636363636364,3,7,10,0.7
C:\Users\zzhu329\Documents\GitHub\EM-3DMotion\BehaviorFitting\BehaviorData_Clay.mat,Clay,Clay_024,24,nonStim,4,Bino,-0.181818181818182,0.181818181818182,3,7,10,0.7
C:\Users\zzhu329\Documents\GitHub\EM-3DMotion\BehaviorFitting\BehaviorData_Clay.mat,Clay,Clay_024,24,nonStim,4,Bino,-0.0909090909090909,0.0909090909090909,3,7,10,0.7
C:\Users\zzhu329\Documents\GitHub\EM-3DMotion\BehaviorFitting\BehaviorData_Clay.mat,Clay,Clay_024,24,nonStim,4,Bino,0.0909090909090909,0.0909090909090909,6,6,10,0.6
C:\Users\zzhu329\Documents\GitHub\EM-3DMotion\BehaviorFitting\BehaviorData_Clay.mat,Clay,Clay_024,24,nonStim,4,Bino,0.181818181818182,0.181818181818182,7,7,10,0.7
C:\Users\zzhu329\Documents\GitHub\EM-3DMotion\BehaviorFitting\BehaviorData_Clay.mat,Clay,Clay_024,24,nonStim,4,Bino,0.363636363636364,0.363636363636364,9,9,10,0.9
C:\Users\zzhu329\Documents\GitHub\EM-3DMotion\BehaviorFitting\BehaviorData_Clay.mat,Clay,Clay_024,24,nonStim,4,Bino,0.454545454545455,0.454545454545455,10,10,10,1
C:\Users\zzhu329\Documents\GitHub\EM-3DMotion\BehaviorFitting\BehaviorData_Clay.mat,Clay,Clay_024,24,nonStim,4,Bino,0.636363636363636,0.636363636363636,9,9,10,0.9
C:\Users\zzhu329\Documents\GitHub\EM-3DMotion\BehaviorFitting\BehaviorData_Clay.mat,Clay,Clay_024,24,nonStim,4,Bino,1,1,9,9,10,0.9
C:\Users\zzhu329\Documents\GitHub\EM-3DMotion\BehaviorFitting\BehaviorData_Clay.mat,Clay,Clay_025,25,nonStim,1,Combined,-1,1,0,10,10,1
C:\Users\zzhu329\Documents\GitHub\EM-3DMotion\BehaviorFitting\BehaviorData_Clay.mat,Clay,Clay_025,25,nonStim,1,Combined,-0.636363636363636,0.636363636363636,2,7,9,0.777777777777778
C:\Users\zzhu329\Documents\GitHub\EM-3DMotion\BehaviorFitting\BehaviorData_Clay.mat,Clay,Clay_025,25,nonStim,1,Combined,-0.454545454545455,0.454545454545455,1,9,10,0.9
C:\Users\zzhu329\Documents\GitHub\EM-3DMotion\BehaviorFitting\BehaviorData_Clay.mat,Clay,Clay_025,25,nonStim,1,Combined,-0.363636363636364,0.363636363636364,0,9,9,1
C:\Users\zzhu329\Documents\GitHub\EM-3DMotion\BehaviorFitting\BehaviorData_Clay.mat,Clay,Clay_025,25,nonStim,1,Combined,-0.181818181818182,0.181818181818182,1,9,10,0.9
C:\Users\zzhu329\Documents\GitHub\EM-3DMotion\BehaviorFitting\BehaviorData_Clay.mat,Clay,Clay_025,25,nonStim,1,Combined,-0.0909090909090909,0.0909090909090909,3,6,9,0.666666666666667
C:\Users\zzhu329\Documents\GitHub\EM-3DMotion\BehaviorFitting\BehaviorData_Clay.mat,Clay,Clay_025,25,nonStim,1,Combined,0.0909090909090909,0.0909090909090909,8,8,9,0.888888888888889
C:\Users\zzhu329\Documents\GitHub\EM-3DMotion\BehaviorFitting\BehaviorData_Clay.mat,Clay,Clay_025,25,nonStim,1,Combined,0.181818181818182,0.181818181818182,10,10,10,1
C:\Users\zzhu329\Documents\GitHub\EM-3DMotion\BehaviorFitting\BehaviorData_Clay.mat,Clay,Clay_025,25,nonStim,1,Combined,0.363636363636364,0.363636363636364,9,9,9,1
C:\Users\zzhu329\Documents\GitHub\EM-3DMotion\BehaviorFitting\BehaviorData_Clay.mat,Clay,Clay_025,25,nonStim,1,Combined,0.454545454545455,0.454545454545455,9,9,9,1
C:\Users\zzhu329\Documents\GitHub\EM-3DMotion\BehaviorFitting\BehaviorData_Clay.mat,Clay,Clay_025,25,nonStim,1,Combined,0.636363636363636,0.636363636363636,9,9,9,1
C:\Users\zzhu329\Documents\GitHub\EM-3DMotion\BehaviorFitting\BehaviorData_Clay.mat,Clay,Clay_025,25,nonStim,1,Combined,1,1,9,9,9,1
C:\Users\zzhu329\Documents\GitHub\EM-3DMotion\BehaviorFitting\BehaviorData_Clay.mat,Clay,Clay_025,25,nonStim,2,MonoL,-1,1,1,9,10,0.9
C:\Users\zzhu329\Documents\GitHub\EM-3DMotion\BehaviorFitting\BehaviorData_Clay.mat,Clay,Clay_025,25,nonStim,2,MonoL,-0.636363636363636,0.636363636363636,2,8,10,0.8
C:\Users\zzhu329\Documents\GitHub\EM-3DMotion\BehaviorFitting\BehaviorData_Clay.mat,Clay,Clay_025,25,nonStim,2,MonoL,-0.454545454545455,0.454545454545455,2,7,9,0.777777777777778
C:\Users\zzhu329\Documents\GitHub\EM-3DMotion\BehaviorFitting\BehaviorData_Clay.mat,Clay,Clay_025,25,nonStim,2,MonoL,-0.363636363636364,0.363636363636364,1,8,9,0.888888888888889
C:\Users\zzhu329\Documents\GitHub\EM-3DMotion\BehaviorFitting\BehaviorData_Clay.mat,Clay,Clay_025,25,nonStim,2,MonoL,-0.181818181818182,0.181818181818182,4,6,10,0.6
C:\Users\zzhu329\Documents\GitHub\EM-3DMotion\BehaviorFitting\BehaviorData_Clay.mat,Clay,Clay_025,25,nonStim,2,MonoL,-0.0909090909090909,0.0909090909090909,4,5,9,0.555555555555556
C:\Users\zzhu329\Documents\GitHub\EM-3DMotion\BehaviorFitting\BehaviorData_Clay.mat,Clay,Clay_025,25,nonStim,2,MonoL,0.0909090909090909,0.0909090909090909,6,6,9,0.666666666666667
C:\Users\zzhu329\Documents\GitHub\EM-3DMotion\BehaviorFitting\BehaviorData_Clay.mat,Clay,Clay_025,25,nonStim,2,MonoL,0.181818181818182,0.181818181818182,5,5,9,0.555555555555556
C:\Users\zzhu329\Documents\GitHub\EM-3DMotion\BehaviorFitting\BehaviorData_Clay.mat,Clay,Clay_025,25,nonStim,2,MonoL,0.363636363636364,0.363636363636364,9,9,10,0.9
C:\Users\zzhu329\Documents\GitHub\EM-3DMotion\BehaviorFitting\BehaviorData_Clay.mat,Clay,Clay_025,25,nonStim,2,MonoL,0.454545454545455,0.454545454545455,10,10,10,1
C:\Users\zzhu329\Documents\GitHub\EM-3DMotion\BehaviorFitting\BehaviorData_Clay.mat,Clay,Clay_025,25,nonStim,2,MonoL,0.636363636363636,0.636363636363636,10,10,10,1
C:\Users\zzhu329\Documents\GitHub\EM-3DMotion\BehaviorFitting\BehaviorData_Clay.mat,Clay,Clay_025,25,nonStim,2,MonoL,1,1,9,9,9,1
C:\Users\zzhu329\Documents\GitHub\EM-3DMotion\BehaviorFitting\BehaviorData_Clay.mat,Clay,Clay_025,25,nonStim,3,MonoR,-1,1,0,9,9,1
C:\Users\zzhu329\Documents\GitHub\EM-3DMotion\BehaviorFitting\BehaviorData_Clay.mat,Clay,Clay_025,25,nonStim,3,MonoR,-0.636363636363636,0.636363636363636,2,7,9,0.777777777777778
C:\Users\zzhu329\Documents\GitHub\EM-3DMotion\BehaviorFitting\BehaviorData_Clay.mat,Clay,Clay_025,25,nonStim,3,MonoR,-0.454545454545455,0.454545454545455,3,6,9,0.666666666666667
C:\Users\zzhu329\Documents\GitHub\EM-3DMotion\BehaviorFitting\BehaviorData_Clay.mat,Clay,Clay_025,25,nonStim,3,MonoR,-0.363636363636364,0.363636363636364,1,9,10,0.9
C:\Users\zzhu329\Documents\GitHub\EM-3DMotion\BehaviorFitting\BehaviorData_Clay.mat,Clay,Clay_025,25,nonStim,3,MonoR,-0.181818181818182,0.181818181818182,3,7,10,0.7
C:\Users\zzhu329\Documents\GitHub\EM-3DMotion\BehaviorFitting\BehaviorData_Clay.mat,Clay,Clay_025,25,nonStim,3,MonoR,-0.0909090909090909,0.0909090909090909,5,4,9,0.444444444444444
C:\Users\zzhu329\Documents\GitHub\EM-3DMotion\BehaviorFitting\BehaviorData_Clay.mat,Clay,Clay_025,25,nonStim,3,MonoR,0.0909090909090909,0.0909090909090909,6,6,9,0.666666666666667
C:\Users\zzhu329\Documents\GitHub\EM-3DMotion\BehaviorFitting\BehaviorData_Clay.mat,Clay,Clay_025,25,nonStim,3,MonoR,0.181818181818182,0.181818181818182,9,9,10,0.9
C:\Users\zzhu329\Documents\GitHub\EM-3DMotion\BehaviorFitting\BehaviorData_Clay.mat,Clay,Clay_025,25,nonStim,3,MonoR,0.363636363636364,0.363636363636364,9,9,10,0.9
C:\Users\zzhu329\Documents\GitHub\EM-3DMotion\BehaviorFitting\BehaviorData_Clay.mat,Clay,Clay_025,25,nonStim,3,MonoR,0.454545454545455,0.454545454545455,9,9,9,1
C:\Users\zzhu329\Documents\GitHub\EM-3DMotion\BehaviorFitting\BehaviorData_Clay.mat,Clay,Clay_025,25,nonStim,3,MonoR,0.636363636363636,0.636363636363636,8,8,9,0.888888888888889
C:\Users\zzhu329\Documents\GitHub\EM-3DMotion\BehaviorFitting\BehaviorData_Clay.mat,Clay,Clay_025,25,nonStim,3,MonoR,1,1,9,9,9,1
C:\Users\zzhu329\Documents\GitHub\EM-3DMotion\BehaviorFitting\BehaviorData_Clay.mat,Clay,Clay_025,25,nonStim,4,Bino,-1,1,0,9,9,1
C:\Users\zzhu329\Documents\GitHub\EM-3DMotion\BehaviorFitting\BehaviorData_Clay.mat,Clay,Clay_025,25,nonStim,4,Bino,-0.636363636363636,0.636363636363636,0,9,9,1
C:\Users\zzhu329\Documents\GitHub\EM-3DMotion\BehaviorFitting\BehaviorData_Clay.mat,Clay,Clay_025,25,nonStim,4,Bino,-0.454545454545455,0.454545454545455,2,8,10,0.8
C:\Users\zzhu329\Documents\GitHub\EM-3DMotion\BehaviorFitting\BehaviorData_Clay.mat,Clay,Clay_025,25,nonStim,4,Bino,-0.363636363636364,0.363636363636364,2,7,9,0.777777777777778
C:\Users\zzhu329\Documents\GitHub\EM-3DMotion\BehaviorFitting\BehaviorData_Clay.mat,Clay,Clay_025,25,nonStim,4,Bino,-0.181818181818182,0.181818181818182,1,8,9,0.888888888888889
C:\Users\zzhu329\Documents\GitHub\EM-3DMotion\BehaviorFitting\BehaviorData_Clay.mat,Clay,Clay_025,25,nonStim,4,Bino,-0.0909090909090909,0.0909090909090909,3,6,9,0.666666666666667
C:\Users\zzhu329\Documents\GitHub\EM-3DMotion\BehaviorFitting\BehaviorData_Clay.mat,Clay,Clay_025,25,nonStim,4,Bino,0.0909090909090909,0.0909090909090909,6,6,9,0.666666666666667
C:\Users\zzhu329\Documents\GitHub\EM-3DMotion\BehaviorFitting\BehaviorData_Clay.mat,Clay,Clay_025,25,nonStim,4,Bino,0.181818181818182,0.181818181818182,8,8,9,0.888888888888889
C:\Users\zzhu329\Documents\GitHub\EM-3DMotion\BehaviorFitting\BehaviorData_Clay.mat,Clay,Clay_025,25,nonStim,4,Bino,0.363636363636364,0.363636363636364,8,8,9,0.888888888888889
C:\Users\zzhu329\Documents\GitHub\EM-3DMotion\BehaviorFitting\BehaviorData_Clay.mat,Clay,Clay_025,25,nonStim,4,Bino,0.454545454545455,0.454545454545455,8,8,9,0.888888888888889
C:\Users\zzhu329\Documents\GitHub\EM-3DMotion\BehaviorFitting\BehaviorData_Clay.mat,Clay,Clay_025,25,nonStim,4,Bino,0.636363636363636,0.636363636363636,9,9,9,1
C:\Users\zzhu329\Documents\GitHub\EM-3DMotion\BehaviorFitting\BehaviorData_Clay.mat,Clay,Clay_025,25,nonStim,4,Bino,1,1,10,10,10,1
C:\Users\zzhu329\Documents\GitHub\EM-3DMotion\BehaviorFitting\BehaviorData_Clay.mat,Clay,Clay_026,26,nonStim,1,Combined,-1,1,0,9,9,1
C:\Users\zzhu329\Documents\GitHub\EM-3DMotion\BehaviorFitting\BehaviorData_Clay.mat,Clay,Clay_026,26,nonStim,1,Combined,-0.636363636363636,0.636363636363636,0,9,9,1
C:\Users\zzhu329\Documents\GitHub\EM-3DMotion\BehaviorFitting\BehaviorData_Clay.mat,Clay,Clay_026,26,nonStim,1,Combined,-0.454545454545455,0.454545454545455,0,9,9,1
C:\Users\zzhu329\Documents\GitHub\EM-3DMotion\BehaviorFitting\BehaviorData_Clay.mat,Clay,Clay_026,26,nonStim,1,Combined,-0.363636363636364,0.363636363636364,1,8,9,0.888888888888889
C:\Users\zzhu329\Documents\GitHub\EM-3DMotion\BehaviorFitting\BehaviorData_Clay.mat,Clay,Clay_026,26,nonStim,1,Combined,-0.181818181818182,0.181818181818182,6,3,9,0.333333333333333
C:\Users\zzhu329\Documents\GitHub\EM-3DMotion\BehaviorFitting\BehaviorData_Clay.mat,Clay,Clay_026,26,nonStim,1,Combined,-0.0909090909090909,0.0909090909090909,3,6,9,0.666666666666667
C:\Users\zzhu329\Documents\GitHub\EM-3DMotion\BehaviorFitting\BehaviorData_Clay.mat,Clay,Clay_026,26,nonStim,1,Combined,0.0909090909090909,0.0909090909090909,8,8,10,0.8
C:\Users\zzhu329\Documents\GitHub\EM-3DMotion\BehaviorFitting\BehaviorData_Clay.mat,Clay,Clay_026,26,nonStim,1,Combined,0.181818181818182,0.181818181818182,9,9,9,1
C:\Users\zzhu329\Documents\GitHub\EM-3DMotion\BehaviorFitting\BehaviorData_Clay.mat,Clay,Clay_026,26,nonStim,1,Combined,0.363636363636364,0.363636363636364,9,9,9,1
C:\Users\zzhu329\Documents\GitHub\EM-3DMotion\BehaviorFitting\BehaviorData_Clay.mat,Clay,Clay_026,26,nonStim,1,Combined,0.454545454545455,0.454545454545455,9,9,9,1
C:\Users\zzhu329\Documents\GitHub\EM-3DMotion\BehaviorFitting\BehaviorData_Clay.mat,Clay,Clay_026,26,nonStim,1,Combined,0.636363636363636,0.636363636363636,10,10,10,1
C:\Users\zzhu329\Documents\GitHub\EM-3DMotion\BehaviorFitting\BehaviorData_Clay.mat,Clay,Clay_026,26,nonStim,1,Combined,1,1,9,9,9,1
C:\Users\zzhu329\Documents\GitHub\EM-3DMotion\BehaviorFitting\BehaviorData_Clay.mat,Clay,Clay_026,26,nonStim,2,MonoL,-1,1,0,9,9,1
C:\Users\zzhu329\Documents\GitHub\EM-3DMotion\BehaviorFitting\BehaviorData_Clay.mat,Clay,Clay_026,26,nonStim,2,MonoL,-0.636363636363636,0.636363636363636,3,6,9,0.666666666666667
C:\Users\zzhu329\Documents\GitHub\EM-3DMotion\BehaviorFitting\BehaviorData_Clay.mat,Clay,Clay_026,26,nonStim,2,MonoL,-0.454545454545455,0.454545454545455,1,8,9,0.888888888888889
C:\Users\zzhu329\Documents\GitHub\EM-3DMotion\BehaviorFitting\BehaviorData_Clay.mat,Clay,Clay_026,26,nonStim,2,MonoL,-0.363636363636364,0.363636363636364,1,8,9,0.888888888888889
C:\Users\zzhu329\Documents\GitHub\EM-3DMotion\BehaviorFitting\BehaviorData_Clay.mat,Clay,Clay_026,26,nonStim,2,MonoL,-0.181818181818182,0.181818181818182,5,4,9,0.444444444444444
C:\Users\zzhu329\Documents\GitHub\EM-3DMotion\BehaviorFitting\BehaviorData_Clay.mat,Clay,Clay_026,26,nonStim,2,MonoL,-0.0909090909090909,0.0909090909090909,3,6,9,0.666666666666667
C:\Users\zzhu329\Documents\GitHub\EM-3DMotion\BehaviorFitting\BehaviorData_Clay.mat,Clay,Clay_026,26,nonStim,2,MonoL,0.0909090909090909,0.0909090909090909,5,5,9,0.555555555555556
C:\Users\zzhu329\Documents\GitHub\EM-3DMotion\BehaviorFitting\BehaviorData_Clay.mat,Clay,Clay_026,26,nonStim,2,MonoL,0.181818181818182,0.181818181818182,7,7,9,0.777777777777778
C:\Users\zzhu329\Documents\GitHub\EM-3DMotion\BehaviorFitting\BehaviorData_Clay.mat,Clay,Clay_026,26,nonStim,2,MonoL,0.363636363636364,0.363636363636364,6,6,9,0.666666666666667
C:\Users\zzhu329\Documents\GitHub\EM-3DMotion\BehaviorFitting\BehaviorData_Clay.mat,Clay,Clay_026,26,nonStim,2,MonoL,0.454545454545455,0.454545454545455,7,7,9,0.777777777777778
C:\Users\zzhu329\Documents\GitHub\EM-3DMotion\BehaviorFitting\BehaviorData_Clay.mat,Clay,Clay_026,26,nonStim,2,MonoL,0.636363636363636,0.636363636363636,8,8,9,0.888888888888889
C:\Users\zzhu329\Documents\GitHub\EM-3DMotion\BehaviorFitting\BehaviorData_Clay.mat,Clay,Clay_026,26,nonStim,2,MonoL,1,1,9,9,9,1
C:\Users\zzhu329\Documents\GitHub\EM-3DMotion\BehaviorFitting\BehaviorData_Clay.mat,Clay,Clay_026,26,nonStim,3,MonoR,-1,1,1,8,9,0.888888888888889
C:\Users\zzhu329\Documents\GitHub\EM-3DMotion\BehaviorFitting\BehaviorData_Clay.mat,Clay,Clay_026,26,nonStim,3,MonoR,-0.636363636363636,0.636363636363636,1,8,9,0.888888888888889
C:\Users\zzhu329\Documents\GitHub\EM-3DMotion\BehaviorFitting\BehaviorData_Clay.mat,Clay,Clay_026,26,nonStim,3,MonoR,-0.454545454545455,0.454545454545455,6,4,10,0.4
C:\Users\zzhu329\Documents\GitHub\EM-3DMotion\BehaviorFitting\BehaviorData_Clay.mat,Clay,Clay_026,26,nonStim,3,MonoR,-0.363636363636364,0.363636363636364,2,7,9,0.777777777777778
C:\Users\zzhu329\Documents\GitHub\EM-3DMotion\BehaviorFitting\BehaviorData_Clay.mat,Clay,Clay_026,26,nonStim,3,MonoR,-0.181818181818182,0.181818181818182,2,7,9,0.777777777777778
C:\Users\zzhu329\Documents\GitHub\EM-3DMotion\BehaviorFitting\BehaviorData_Clay.mat,Clay,Clay_026,26,nonStim,3,MonoR,-0.0909090909090909,0.0909090909090909,5,4,9,0.444444444444444
C:\Users\zzhu329\Documents\GitHub\EM-3DMotion\BehaviorFitting\BehaviorData_Clay.mat,Clay,Clay_026,26,nonStim,3,MonoR,0.0909090909090909,0.0909090909090909,6,6,9,0.666666666666667
C:\Users\zzhu329\Documents\GitHub\EM-3DMotion\BehaviorFitting\BehaviorData_Clay.mat,Clay,Clay_026,26,nonStim,3,MonoR,0.181818181818182,0.181818181818182,7,7,9,0.777777777777778
C:\Users\zzhu329\Documents\GitHub\EM-3DMotion\BehaviorFitting\BehaviorData_Clay.mat,Clay,Clay_026,26,nonStim,3,MonoR,0.363636363636364,0.363636363636364,8,8,10,0.8
C:\Users\zzhu329\Documents\GitHub\EM-3DMotion\BehaviorFitting\BehaviorData_Clay.mat,Clay,Clay_026,26,nonStim,3,MonoR,0.454545454545455,0.454545454545455,9,9,9,1
C:\Users\zzhu329\Documents\GitHub\EM-3DMotion\BehaviorFitting\BehaviorData_Clay.mat,Clay,Clay_026,26,nonStim,3,MonoR,0.636363636363636,0.636363636363636,10,10,10,1
C:\Users\zzhu329\Documents\GitHub\EM-3DMotion\BehaviorFitting\BehaviorData_Clay.mat,Clay,Clay_026,26,nonStim,3,MonoR,1,1,9,9,9,1
C:\Users\zzhu329\Documents\GitHub\EM-3DMotion\BehaviorFitting\BehaviorData_Clay.mat,Clay,Clay_026,26,nonStim,4,Bino,-1,1,2,8,10,0.8
C:\Users\zzhu329\Documents\GitHub\EM-3DMotion\BehaviorFitting\BehaviorData_Clay.mat,Clay,Clay_026,26,nonStim,4,Bino,-0.636363636363636,0.636363636363636,1,8,9,0.888888888888889
C:\Users\zzhu329\Documents\GitHub\EM-3DMotion\BehaviorFitting\BehaviorData_Clay.mat,Clay,Clay_026,26,nonStim,4,Bino,-0.454545454545455,0.454545454545455,0,9,9,1
C:\Users\zzhu329\Documents\GitHub\EM-3DMotion\BehaviorFitting\BehaviorData_Clay.mat,Clay,Clay_026,26,nonStim,4,Bino,-0.363636363636364,0.363636363636364,1,8,9,0.888888888888889
C:\Users\zzhu329\Documents\GitHub\EM-3DMotion\BehaviorFitting\BehaviorData_Clay.mat,Clay,Clay_026,26,nonStim,4,Bino,-0.181818181818182,0.181818181818182,5,4,9,0.444444444444444
C:\Users\zzhu329\Documents\GitHub\EM-3DMotion\BehaviorFitting\BehaviorData_Clay.mat,Clay,Clay_026,26,nonStim,4,Bino,-0.0909090909090909,0.0909090909090909,3,6,9,0.666666666666667
C:\Users\zzhu329\Documents\GitHub\EM-3DMotion\BehaviorFitting\BehaviorData_Clay.mat,Clay,Clay_026,26,nonStim,4,Bino,0.0909090909090909,0.0909090909090909,6,6,9,0.666666666666667
C:\Users\zzhu329\Documents\GitHub\EM-3DMotion\BehaviorFitting\BehaviorData_Clay.mat,Clay,Clay_026,26,nonStim,4,Bino,0.181818181818182,0.181818181818182,7,7,9,0.777777777777778
C:\Users\zzhu329\Documents\GitHub\EM-3DMotion\BehaviorFitting\BehaviorData_Clay.mat,Clay,Clay_026,26,nonStim,4,Bino,0.363636363636364,0.363636363636364,9,9,9,1
C:\Users\zzhu329\Documents\GitHub\EM-3DMotion\BehaviorFitting\BehaviorData_Clay.mat,Clay,Clay_026,26,nonStim,4,Bino,0.454545454545455,0.454545454545455,10,10,10,1
C:\Users\zzhu329\Documents\GitHub\EM-3DMotion\BehaviorFitting\BehaviorData_Clay.mat,Clay,Clay_026,26,nonStim,4,Bino,0.636363636363636,0.636363636363636,9,9,9,1
C:\Users\zzhu329\Documents\GitHub\EM-3DMotion\BehaviorFitting\BehaviorData_Clay.mat,Clay,Clay_026,26,nonStim,4,Bino,1,1,10,10,10,1
C:\Users\zzhu329\Documents\GitHub\EM-3DMotion\BehaviorFitting\BehaviorData_Clay.mat,Clay,Clay_027,27,nonStim,1,Combined,-1,1,1,8,9,0.888888888888889
C:\Users\zzhu329\Documents\GitHub\EM-3DMotion\BehaviorFitting\BehaviorData_Clay.mat,Clay,Clay_027,27,nonStim,1,Combined,-0.636363636363636,0.636363636363636,1,8,9,0.888888888888889
C:\Users\zzhu329\Documents\GitHub\EM-3DMotion\BehaviorFitting\BehaviorData_Clay.mat,Clay,Clay_027,27,nonStim,1,Combined,-0.454545454545455,0.454545454545455,1,8,9,0.888888888888889
C:\Users\zzhu329\Documents\GitHub\EM-3DMotion\BehaviorFitting\BehaviorData_Clay.mat,Clay,Clay_027,27,nonStim,1,Combined,-0.363636363636364,0.363636363636364,0,9,9,1
C:\Users\zzhu329\Documents\GitHub\EM-3DMotion\BehaviorFitting\BehaviorData_Clay.mat,Clay,Clay_027,27,nonStim,1,Combined,-0.181818181818182,0.181818181818182,2,7,9,0.777777777777778
C:\Users\zzhu329\Documents\GitHub\EM-3DMotion\BehaviorFitting\BehaviorData_Clay.mat,Clay,Clay_027,27,nonStim,1,Combined,-0.0909090909090909,0.0909090909090909,3,6,9,0.666666666666667
C:\Users\zzhu329\Documents\GitHub\EM-3DMotion\BehaviorFitting\BehaviorData_Clay.mat,Clay,Clay_027,27,nonStim,1,Combined,0.0909090909090909,0.0909090909090909,9,9,9,1
C:\Users\zzhu329\Documents\GitHub\EM-3DMotion\BehaviorFitting\BehaviorData_Clay.mat,Clay,Clay_027,27,nonStim,1,Combined,0.181818181818182,0.181818181818182,7,7,8,0.875
C:\Users\zzhu329\Documents\GitHub\EM-3DMotion\BehaviorFitting\BehaviorData_Clay.mat,Clay,Clay_027,27,nonStim,1,Combined,0.363636363636364,0.363636363636364,9,9,9,1
C:\Users\zzhu329\Documents\GitHub\EM-3DMotion\BehaviorFitting\BehaviorData_Clay.mat,Clay,Clay_027,27,nonStim,1,Combined,0.454545454545455,0.454545454545455,8,8,8,1
C:\Users\zzhu329\Documents\GitHub\EM-3DMotion\BehaviorFitting\BehaviorData_Clay.mat,Clay,Clay_027,27,nonStim,1,Combined,0.636363636363636,0.636363636363636,9,9,9,1
C:\Users\zzhu329\Documents\GitHub\EM-3DMotion\BehaviorFitting\BehaviorData_Clay.mat,Clay,Clay_027,27,nonStim,1,Combined,1,1,8,8,8,1
C:\Users\zzhu329\Documents\GitHub\EM-3DMotion\BehaviorFitting\BehaviorData_Clay.mat,Clay,Clay_027,27,nonStim,2,MonoL,-1,1,0,8,8,1
C:\Users\zzhu329\Documents\GitHub\EM-3DMotion\BehaviorFitting\BehaviorData_Clay.mat,Clay,Clay_027,27,nonStim,2,MonoL,-0.636363636363636,0.636363636363636,3,6,9,0.666666666666667
C:\Users\zzhu329\Documents\GitHub\EM-3DMotion\BehaviorFitting\BehaviorData_Clay.mat,Clay,Clay_027,27,nonStim,2,MonoL,-0.454545454545455,0.454545454545455,5,4,9,0.444444444444444
C:\Users\zzhu329\Documents\GitHub\EM-3DMotion\BehaviorFitting\BehaviorData_Clay.mat,Clay,Clay_027,27,nonStim,2,MonoL,-0.363636363636364,0.363636363636364,3,6,9,0.666666666666667
C:\Users\zzhu329\Documents\GitHub\EM-3DMotion\BehaviorFitting\BehaviorData_Clay.mat,Clay,Clay_027,27,nonStim,2,MonoL,-0.181818181818182,0.181818181818182,4,5,9,0.555555555555556
C:\Users\zzhu329\Documents\GitHub\EM-3DMotion\BehaviorFitting\BehaviorData_Clay.mat,Clay,Clay_027,27,nonStim,2,MonoL,-0.0909090909090909,0.0909090909090909,2,7,9,0.777777777777778
C:\Users\zzhu329\Documents\GitHub\EM-3DMotion\BehaviorFitting\BehaviorData_Clay.mat,Clay,Clay_027,27,nonStim,2,MonoL,0.0909090909090909,0.0909090909090909,6,6,9,0.666666666666667
C:\Users\zzhu329\Documents\GitHub\EM-3DMotion\BehaviorFitting\BehaviorData_Clay.mat,Clay,Clay_027,27,nonStim,2,MonoL,0.181818181818182,0.181818181818182,5,5,8,0.625
C:\Users\zzhu329\Documents\GitHub\EM-3DMotion\BehaviorFitting\BehaviorData_Clay.mat,Clay,Clay_027,27,nonStim,2,MonoL,0.363636363636364,0.363636363636364,7,7,9,0.777777777777778
C:\Users\zzhu329\Documents\GitHub\EM-3DMotion\BehaviorFitting\BehaviorData_Clay.mat,Clay,Clay_027,27,nonStim,2,MonoL,0.454545454545455,0.454545454545455,8,8,9,0.888888888888889
C:\Users\zzhu329\Documents\GitHub\EM-3DMotion\BehaviorFitting\BehaviorData_Clay.mat,Clay,Clay_027,27,nonStim,2,MonoL,0.636363636363636,0.636363636363636,9,9,9,1
C:\Users\zzhu329\Documents\GitHub\EM-3DMotion\BehaviorFitting\BehaviorData_Clay.mat,Clay,Clay_027,27,nonStim,2,MonoL,1,1,8,8,8,1
C:\Users\zzhu329\Documents\GitHub\EM-3DMotion\BehaviorFitting\BehaviorData_Clay.mat,Clay,Clay_027,27,nonStim,3,MonoR,-1,1,0,9,9,1
C:\Users\zzhu329\Documents\GitHub\EM-3DMotion\BehaviorFitting\BehaviorData_Clay.mat,Clay,Clay_027,27,nonStim,3,MonoR,-0.636363636363636,0.636363636363636,1,7,8,0.875
C:\Users\zzhu329\Documents\GitHub\EM-3DMotion\BehaviorFitting\BehaviorData_Clay.mat,Clay,Clay_027,27,nonStim,3,MonoR,-0.454545454545455,0.454545454545455,1,7,8,0.875
C:\Users\zzhu329\Documents\GitHub\EM-3DMotion\BehaviorFitting\BehaviorData_Clay.mat,Clay,Clay_027,27,nonStim,3,MonoR,-0.363636363636364,0.363636363636364,1,7,8,0.875
C:\Users\zzhu329\Documents\GitHub\EM-3DMotion\BehaviorFitting\BehaviorData_Clay.mat,Clay,Clay_027,27,nonStim,3,MonoR,-0.181818181818182,0.181818181818182,0,9,9,1
C:\Users\zzhu329\Documents\GitHub\EM-3DMotion\BehaviorFitting\BehaviorData_Clay.mat,Clay,Clay_027,27,nonStim,3,MonoR,-0.0909090909090909,0.0909090909090909,2,6,8,0.75
C:\Users\zzhu329\Documents\GitHub\EM-3DMotion\BehaviorFitting\BehaviorData_Clay.mat,Clay,Clay_027,27,nonStim,3,MonoR,0.0909090909090909,0.0909090909090909,6,6,8,0.75
C:\Users\zzhu329\Documents\GitHub\EM-3DMotion\BehaviorFitting\BehaviorData_Clay.mat,Clay,Clay_027,27,nonStim,3,MonoR,0.181818181818182,0.181818181818182,5,5,9,0.555555555555556
C:\Users\zzhu329\Documents\GitHub\EM-3DMotion\BehaviorFitting\BehaviorData_Clay.mat,Clay,Clay_027,27,nonStim,3,MonoR,0.363636363636364,0.363636363636364,8,8,9,0.888888888888889
C:\Users\zzhu329\Documents\GitHub\EM-3DMotion\BehaviorFitting\BehaviorData_Clay.mat,Clay,Clay_027,27,nonStim,3,MonoR,0.454545454545455,0.454545454545455,7,7,8,0.875
C:\Users\zzhu329\Documents\GitHub\EM-3DMotion\BehaviorFitting\BehaviorData_Clay.mat,Clay,Clay_027,27,nonStim,3,MonoR,0.636363636363636,0.636363636363636,9,9,9,1
C:\Users\zzhu329\Documents\GitHub\EM-3DMotion\BehaviorFitting\BehaviorData_Clay.mat,Clay,Clay_027,27,nonStim,3,MonoR,1,1,8,8,8,1
C:\Users\zzhu329\Documents\GitHub\EM-3DMotion\BehaviorFitting\BehaviorData_Clay.mat,Clay,Clay_027,27,nonStim,4,Bino,-1,1,0,8,8,1
C:\Users\zzhu329\Documents\GitHub\EM-3DMotion\BehaviorFitting\BehaviorData_Clay.mat,Clay,Clay_027,27,nonStim,4,Bino,-0.636363636363636,0.636363636363636,1,8,9,0.888888888888889
C:\Users\zzhu329\Documents\GitHub\EM-3DMotion\BehaviorFitting\BehaviorData_Clay.mat,Clay,Clay_027,27,nonStim,4,Bino,-0.454545454545455,0.454545454545455,2,7,9,0.777777777777778
C:\Users\zzhu329\Documents\GitHub\EM-3DMotion\BehaviorFitting\BehaviorData_Clay.mat,Clay,Clay_027,27,nonStim,4,Bino,-0.363636363636364,0.363636363636364,2,6,8,0.75
C:\Users\zzhu329\Documents\GitHub\EM-3DMotion\BehaviorFitting\BehaviorData_Clay.mat,Clay,Clay_027,27,nonStim,4,Bino,-0.181818181818182,0.181818181818182,1,8,9,0.888888888888889
C:\Users\zzhu329\Documents\GitHub\EM-3DMotion\BehaviorFitting\BehaviorData_Clay.mat,Clay,Clay_027,27,nonStim,4,Bino,-0.0909090909090909,0.0909090909090909,2,7,9,0.777777777777778
C:\Users\zzhu329\Documents\GitHub\EM-3DMotion\BehaviorFitting\BehaviorData_Clay.mat,Clay,Clay_027,27,nonStim,4,Bino,0.0909090909090909,0.0909090909090909,4,4,9,0.444444444444444
C:\Users\zzhu329\Documents\GitHub\EM-3DMotion\BehaviorFitting\BehaviorData_Clay.mat,Clay,Clay_027,27,nonStim,4,Bino,0.181818181818182,0.181818181818182,7,7,8,0.875
C:\Users\zzhu329\Documents\GitHub\EM-3DMotion\BehaviorFitting\BehaviorData_Clay.mat,Clay,Clay_027,27,nonStim,4,Bino,0.363636363636364,0.363636363636364,5,5,8,0.625
C:\Users\zzhu329\Documents\GitHub\EM-3DMotion\BehaviorFitting\BehaviorData_Clay.mat,Clay,Clay_027,27,nonStim,4,Bino,0.454545454545455,0.454545454545455,7,7,8,0.875
C:\Users\zzhu329\Documents\GitHub\EM-3DMotion\BehaviorFitting\BehaviorData_Clay.mat,Clay,Clay_027,27,nonStim,4,Bino,0.636363636363636,0.636363636363636,6,6,7,0.857142857142857
C:\Users\zzhu329\Documents\GitHub\EM-3DMotion\BehaviorFitting\BehaviorData_Clay.mat,Clay,Clay_027,27,nonStim,4,Bino,1,1,8,8,8,1
C:\Users\zzhu329\Documents\GitHub\EM-3DMotion\BehaviorFitting\BehaviorData_Clay.mat,Clay,Clay_028,28,nonStim,1,Combined,-1,1,0,11,11,1
C:\Users\zzhu329\Documents\GitHub\EM-3DMotion\BehaviorFitting\BehaviorData_Clay.mat,Clay,Clay_028,28,nonStim,1,Combined,-0.636363636363636,0.636363636363636,0,11,11,1
C:\Users\zzhu329\Documents\GitHub\EM-3DMotion\BehaviorFitting\BehaviorData_Clay.mat,Clay,Clay_028,28,nonStim,1,Combined,-0.454545454545455,0.454545454545455,1,10,11,0.909090909090909
C:\Users\zzhu329\Documents\GitHub\EM-3DMotion\BehaviorFitting\BehaviorData_Clay.mat,Clay,Clay_028,28,nonStim,1,Combined,-0.363636363636364,0.363636363636364,0,11,11,1
C:\Users\zzhu329\Documents\GitHub\EM-3DMotion\BehaviorFitting\BehaviorData_Clay.mat,Clay,Clay_028,28,nonStim,1,Combined,-0.181818181818182,0.181818181818182,3,8,11,0.727272727272727
C:\Users\zzhu329\Documents\GitHub\EM-3DMotion\BehaviorFitting\BehaviorData_Clay.mat,Clay,Clay_028,28,nonStim,1,Combined,-0.0909090909090909,0.0909090909090909,5,6,11,0.545454545454545
C:\Users\zzhu329\Documents\GitHub\EM-3DMotion\BehaviorFitting\BehaviorData_Clay.mat,Clay,Clay_028,28,nonStim,1,Combined,0.0909090909090909,0.0909090909090909,10,10,11,0.909090909090909
C:\Users\zzhu329\Documents\GitHub\EM-3DMotion\BehaviorFitting\BehaviorData_Clay.mat,Clay,Clay_028,28,nonStim,1,Combined,0.181818181818182,0.181818181818182,11,11,11,1
C:\Users\zzhu329\Documents\GitHub\EM-3DMotion\BehaviorFitting\BehaviorData_Clay.mat,Clay,Clay_028,28,nonStim,1,Combined,0.363636363636364,0.363636363636364,11,11,11,1
C:\Users\zzhu329\Documents\GitHub\EM-3DMotion\BehaviorFitting\BehaviorData_Clay.mat,Clay,Clay_028,28,nonStim,1,Combined,0.454545454545455,0.454545454545455,11,11,11,1
C:\Users\zzhu329\Documents\GitHub\EM-3DMotion\BehaviorFitting\BehaviorData_Clay.mat,Clay,Clay_028,28,nonStim,1,Combined,0.636363636363636,0.636363636363636,11,11,11,1
C:\Users\zzhu329\Documents\GitHub\EM-3DMotion\BehaviorFitting\BehaviorData_Clay.mat,Clay,Clay_028,28,nonStim,1,Combined,1,1,11,11,11,1
C:\Users\zzhu329\Documents\GitHub\EM-3DMotion\BehaviorFitting\BehaviorData_Clay.mat,Clay,Clay_028,28,nonStim,2,MonoL,-1,1,2,9,11,0.818181818181818
C:\Users\zzhu329\Documents\GitHub\EM-3DMotion\BehaviorFitting\BehaviorData_Clay.mat,Clay,Clay_028,28,nonStim,2,MonoL,-0.636363636363636,0.636363636363636,1,10,11,0.909090909090909
C:\Users\zzhu329\Documents\GitHub\EM-3DMotion\BehaviorFitting\BehaviorData_Clay.mat,Clay,Clay_028,28,nonStim,2,MonoL,-0.454545454545455,0.454545454545455,2,9,11,0.818181818181818
C:\Users\zzhu329\Documents\GitHub\EM-3DMotion\BehaviorFitting\BehaviorData_Clay.mat,Clay,Clay_028,28,nonStim,2,MonoL,-0.363636363636364,0.363636363636364,0,11,11,1
C:\Users\zzhu329\Documents\GitHub\EM-3DMotion\BehaviorFitting\BehaviorData_Clay.mat,Clay,Clay_028,28,nonStim,2,MonoL,-0.181818181818182,0.181818181818182,3,8,11,0.727272727272727
C:\Users\zzhu329\Documents\GitHub\EM-3DMotion\BehaviorFitting\BehaviorData_Clay.mat,Clay,Clay_028,28,nonStim,2,MonoL,-0.0909090909090909,0.0909090909090909,3,8,11,0.727272727272727
C:\Users\zzhu329\Documents\GitHub\EM-3DMotion\BehaviorFitting\BehaviorData_Clay.mat,Clay,Clay_028,28,nonStim,2,MonoL,0.0909090909090909,0.0909090909090909,3,3,11,0.272727272727273
C:\Users\zzhu329\Documents\GitHub\EM-3DMotion\BehaviorFitting\BehaviorData_Clay.mat,Clay,Clay_028,28,nonStim,2,MonoL,0.181818181818182,0.181818181818182,6,6,11,0.545454545454545
C:\Users\zzhu329\Documents\GitHub\EM-3DMotion\BehaviorFitting\BehaviorData_Clay.mat,Clay,Clay_028,28,nonStim,2,MonoL,0.363636363636364,0.363636363636364,7,7,11,0.636363636363636
C:\Users\zzhu329\Documents\GitHub\EM-3DMotion\BehaviorFitting\BehaviorData_Clay.mat,Clay,Clay_028,28,nonStim,2,MonoL,0.454545454545455,0.454545454545455,10,10,11,0.909090909090909
C:\Users\zzhu329\Documents\GitHub\EM-3DMotion\BehaviorFitting\BehaviorData_Clay.mat,Clay,Clay_028,28,nonStim,2,MonoL,0.636363636363636,0.636363636363636,9,9,11,0.818181818181818
C:\Users\zzhu329\Documents\GitHub\EM-3DMotion\BehaviorFitting\BehaviorData_Clay.mat,Clay,Clay_028,28,nonStim,2,MonoL,1,1,11,11,11,1
C:\Users\zzhu329\Documents\GitHub\EM-3DMotion\BehaviorFitting\BehaviorData_Clay.mat,Clay,Clay_028,28,nonStim,3,MonoR,-1,1,2,9,11,0.818181818181818
C:\Users\zzhu329\Documents\GitHub\EM-3DMotion\BehaviorFitting\BehaviorData_Clay.mat,Clay,Clay_028,28,nonStim,3,MonoR,-0.636363636363636,0.636363636363636,1,10,11,0.909090909090909
C:\Users\zzhu329\Documents\GitHub\EM-3DMotion\BehaviorFitting\BehaviorData_Clay.mat,Clay,Clay_028,28,nonStim,3,MonoR,-0.454545454545455,0.454545454545455,4,7,11,0.636363636363636
C:\Users\zzhu329\Documents\GitHub\EM-3DMotion\BehaviorFitting\BehaviorData_Clay.mat,Clay,Clay_028,28,nonStim,3,MonoR,-0.363636363636364,0.363636363636364,1,10,11,0.909090909090909
C:\Users\zzhu329\Documents\GitHub\EM-3DMotion\BehaviorFitting\BehaviorData_Clay.mat,Clay,Clay_028,28,nonStim,3,MonoR,-0.181818181818182,0.181818181818182,2,9,11,0.818181818181818
C:\Users\zzhu329\Documents\GitHub\EM-3DMotion\BehaviorFitting\BehaviorData_Clay.mat,Clay,Clay_028,28,nonStim,3,MonoR,-0.0909090909090909,0.0909090909090909,0,11,11,1
C:\Users\zzhu329\Documents\GitHub\EM-3DMotion\BehaviorFitting\BehaviorData_Clay.mat,Clay,Clay_028,28,nonStim,3,MonoR,0.0909090909090909,0.0909090909090909,6,6,11,0.545454545454545
C:\Users\zzhu329\Documents\GitHub\EM-3DMotion\BehaviorFitting\BehaviorData_Clay.mat,Clay,Clay_028,28,nonStim,3,MonoR,0.181818181818182,0.181818181818182,5,5,11,0.454545454545455
C:\Users\zzhu329\Documents\GitHub\EM-3DMotion\BehaviorFitting\BehaviorData_Clay.mat,Clay,Clay_028,28,nonStim,3,MonoR,0.363636363636364,0.363636363636364,7,7,11,0.636363636363636
C:\Users\zzhu329\Documents\GitHub\EM-3DMotion\BehaviorFitting\BehaviorData_Clay.mat,Clay,Clay_028,28,nonStim,3,MonoR,0.454545454545455,0.454545454545455,9,9,11,0.818181818181818
C:\Users\zzhu329\Documents\GitHub\EM-3DMotion\BehaviorFitting\BehaviorData_Clay.mat,Clay,Clay_028,28,nonStim,3,MonoR,0.636363636363636,0.636363636363636,11,11,11,1
C:\Users\zzhu329\Documents\GitHub\EM-3DMotion\BehaviorFitting\BehaviorData_Clay.mat,Clay,Clay_028,28,nonStim,3,MonoR,1,1,11,11,12,0.916666666666667
C:\Users\zzhu329\Documents\GitHub\EM-3DMotion\BehaviorFitting\BehaviorData_Clay.mat,Clay,Clay_028,28,nonStim,4,Bino,-1,1,0,11,11,1
C:\Users\zzhu329\Documents\GitHub\EM-3DMotion\BehaviorFitting\BehaviorData_Clay.mat,Clay,Clay_028,28,nonStim,4,Bino,-0.636363636363636,0.636363636363636,2,9,11,0.818181818181818
C:\Users\zzhu329\Documents\GitHub\EM-3DMotion\BehaviorFitting\BehaviorData_Clay.mat,Clay,Clay_028,28,nonStim,4,Bino,-0.454545454545455,0.454545454545455,2,9,11,0.818181818181818
C:\Users\zzhu329\Documents\GitHub\EM-3DMotion\BehaviorFitting\BehaviorData_Clay.mat,Clay,Clay_028,28,nonStim,4,Bino,-0.363636363636364,0.363636363636364,3,8,11,0.727272727272727
C:\Users\zzhu329\Documents\GitHub\EM-3DMotion\BehaviorFitting\BehaviorData_Clay.mat,Clay,Clay_028,28,nonStim,4,Bino,-0.181818181818182,0.181818181818182,4,7,11,0.636363636363636
C:\Users\zzhu329\Documents\GitHub\EM-3DMotion\BehaviorFitting\BehaviorData_Clay.mat,Clay,Clay_028,28,nonStim,4,Bino,-0.0909090909090909,0.0909090909090909,1,10,11,0.909090909090909
C:\Users\zzhu329\Documents\GitHub\EM-3DMotion\BehaviorFitting\BehaviorData_Clay.mat,Clay,Clay_028,28,nonStim,4,Bino,0.0909090909090909,0.0909090909090909,5,5,11,0.454545454545455
C:\Users\zzhu329\Documents\GitHub\EM-3DMotion\BehaviorFitting\BehaviorData_Clay.mat,Clay,Clay_028,28,nonStim,4,Bino,0.181818181818182,0.181818181818182,6,6,11,0.545454545454545
C:\Users\zzhu329\Documents\GitHub\EM-3DMotion\BehaviorFitting\BehaviorData_Clay.mat,Clay,Clay_028,28,nonStim,4,Bino,0.363636363636364,0.363636363636364,10,10,11,0.909090909090909
C:\Users\zzhu329\Documents\GitHub\EM-3DMotion\BehaviorFitting\BehaviorData_Clay.mat,Clay,Clay_028,28,nonStim,4,Bino,0.454545454545455,0.454545454545455,10,10,12,0.833333333333333
C:\Users\zzhu329\Documents\GitHub\EM-3DMotion\BehaviorFitting\BehaviorData_Clay.mat,Clay,Clay_028,28,nonStim,4,Bino,0.636363636363636,0.636363636363636,10,10,11,0.909090909090909
C:\Users\zzhu329\Documents\GitHub\EM-3DMotion\BehaviorFitting\BehaviorData_Clay.mat,Clay,Clay_028,28,nonStim,4,Bino,1,1,11,11,11,1
C:\Users\zzhu329\Documents\GitHub\EM-3DMotion\BehaviorFitting\BehaviorData_Clay.mat,Clay,Clay_029,29,nonStim,1,Combined,-1,1,0,10,10,1
C:\Users\zzhu329\Documents\GitHub\EM-3DMotion\BehaviorFitting\BehaviorData_Clay.mat,Clay,Clay_029,29,nonStim,1,Combined,-0.636363636363636,0.636363636363636,1,9,10,0.9
C:\Users\zzhu329\Documents\GitHub\EM-3DMotion\BehaviorFitting\BehaviorData_Clay.mat,Clay,Clay_029,29,nonStim,1,Combined,-0.454545454545455,0.454545454545455,1,10,11,0.909090909090909
C:\Users\zzhu329\Documents\GitHub\EM-3DMotion\BehaviorFitting\BehaviorData_Clay.mat,Clay,Clay_029,29,nonStim,1,Combined,-0.363636363636364,0.363636363636364,2,9,11,0.818181818181818
C:\Users\zzhu329\Documents\GitHub\EM-3DMotion\BehaviorFitting\BehaviorData_Clay.mat,Clay,Clay_029,29,nonStim,1,Combined,-0.181818181818182,0.181818181818182,5,5,10,0.5
C:\Users\zzhu329\Documents\GitHub\EM-3DMotion\BehaviorFitting\BehaviorData_Clay.mat,Clay,Clay_029,29,nonStim,1,Combined,-0.0909090909090909,0.0909090909090909,8,3,11,0.272727272727273
C:\Users\zzhu329\Documents\GitHub\EM-3DMotion\BehaviorFitting\BehaviorData_Clay.mat,Clay,Clay_029,29,nonStim,1,Combined,0.0909090909090909,0.0909090909090909,8,8,11,0.727272727272727
C:\Users\zzhu329\Documents\GitHub\EM-3DMotion\BehaviorFitting\BehaviorData_Clay.mat,Clay,Clay_029,29,nonStim,1,Combined,0.181818181818182,0.181818181818182,10,10,11,0.909090909090909
C:\Users\zzhu329\Documents\GitHub\EM-3DMotion\BehaviorFitting\BehaviorData_Clay.mat,Clay,Clay_029,29,nonStim,1,Combined,0.363636363636364,0.363636363636364,10,10,10,1
C:\Users\zzhu329\Documents\GitHub\EM-3DMotion\BehaviorFitting\BehaviorData_Clay.mat,Clay,Clay_029,29,nonStim,1,Combined,0.454545454545455,0.454545454545455,10,10,10,1
C:\Users\zzhu329\Documents\GitHub\EM-3DMotion\BehaviorFitting\BehaviorData_Clay.mat,Clay,Clay_029,29,nonStim,1,Combined,0.636363636363636,0.636363636363636,11,11,11,1
C:\Users\zzhu329\Documents\GitHub\EM-3DMotion\BehaviorFitting\BehaviorData_Clay.mat,Clay,Clay_029,29,nonStim,1,Combined,1,1,11,11,11,1
C:\Users\zzhu329\Documents\GitHub\EM-3DMotion\BehaviorFitting\BehaviorData_Clay.mat,Clay,Clay_029,29,nonStim,2,MonoL,-1,1,0,10,10,1
C:\Users\zzhu329\Documents\GitHub\EM-3DMotion\BehaviorFitting\BehaviorData_Clay.mat,Clay,Clay_029,29,nonStim,2,MonoL,-0.636363636363636,0.636363636363636,1,9,10,0.9
C:\Users\zzhu329\Documents\GitHub\EM-3DMotion\BehaviorFitting\BehaviorData_Clay.mat,Clay,Clay_029,29,nonStim,2,MonoL,-0.454545454545455,0.454545454545455,2,9,11,0.818181818181818
C:\Users\zzhu329\Documents\GitHub\EM-3DMotion\BehaviorFitting\BehaviorData_Clay.mat,Clay,Clay_029,29,nonStim,2,MonoL,-0.363636363636364,0.363636363636364,5,6,11,0.545454545454545
C:\Users\zzhu329\Documents\GitHub\EM-3DMotion\BehaviorFitting\BehaviorData_Clay.mat,Clay,Clay_029,29,nonStim,2,MonoL,-0.181818181818182,0.181818181818182,7,3,10,0.3
C:\Users\zzhu329\Documents\GitHub\EM-3DMotion\BehaviorFitting\BehaviorData_Clay.mat,Clay,Clay_029,29,nonStim,2,MonoL,-0.0909090909090909,0.0909090909090909,2,9,11,0.818181818181818
C:\Users\zzhu329\Documents\GitHub\EM-3DMotion\BehaviorFitting\BehaviorData_Clay.mat,Clay,Clay_029,29,nonStim,2,MonoL,0.0909090909090909,0.0909090909090909,9,9,11,0.818181818181818
C:\Users\zzhu329\Documents\GitHub\EM-3DMotion\BehaviorFitting\BehaviorData_Clay.mat,Clay,Clay_029,29,nonStim,2,MonoL,0.181818181818182,0.181818181818182,8,8,10,0.8
C:\Users\zzhu329\Documents\GitHub\EM-3DMotion\BehaviorFitting\BehaviorData_Clay.mat,Clay,Clay_029,29,nonStim,2,MonoL,0.363636363636364,0.363636363636364,10,10,11,0.909090909090909
C:\Users\zzhu329\Documents\GitHub\EM-3DMotion\BehaviorFitting\BehaviorData_Clay.mat,Clay,Clay_029,29,nonStim,2,MonoL,0.454545454545455,0.454545454545455,9,9,10,0.9
C:\Users\zzhu329\Documents\GitHub\EM-3DMotion\BehaviorFitting\BehaviorData_Clay.mat,Clay,Clay_029,29,nonStim,2,MonoL,0.636363636363636,0.636363636363636,11,11,11,1
C:\Users\zzhu329\Documents\GitHub\EM-3DMotion\BehaviorFitting\BehaviorData_Clay.mat,Clay,Clay_029,29,nonStim,2,MonoL,1,1,10,10,10,1
C:\Users\zzhu329\Documents\GitHub\EM-3DMotion\BehaviorFitting\BehaviorData_Clay.mat,Clay,Clay_029,29,nonStim,3,MonoR,-1,1,0,10,10,1
C:\Users\zzhu329\Documents\GitHub\EM-3DMotion\BehaviorFitting\BehaviorData_Clay.mat,Clay,Clay_029,29,nonStim,3,MonoR,-0.636363636363636,0.636363636363636,2,9,11,0.818181818181818
C:\Users\zzhu329\Documents\GitHub\EM-3DMotion\BehaviorFitting\BehaviorData_Clay.mat,Clay,Clay_029,29,nonStim,3,MonoR,-0.454545454545455,0.454545454545455,2,8,10,0.8
C:\Users\zzhu329\Documents\GitHub\EM-3DMotion\BehaviorFitting\BehaviorData_Clay.mat,Clay,Clay_029,29,nonStim,3,MonoR,-0.363636363636364,0.363636363636364,2,9,11,0.818181818181818
C:\Users\zzhu329\Documents\GitHub\EM-3DMotion\BehaviorFitting\BehaviorData_Clay.mat,Clay,Clay_029,29,nonStim,3,MonoR,-0.181818181818182,0.181818181818182,4,7,11,0.636363636363636
C:\Users\zzhu329\Documents\GitHub\EM-3DMotion\BehaviorFitting\BehaviorData_Clay.mat,Clay,Clay_029,29,nonStim,3,MonoR,-0.0909090909090909,0.0909090909090909,3,7,10,0.7
C:\Users\zzhu329\Documents\GitHub\EM-3DMotion\BehaviorFitting\BehaviorData_Clay.mat,Clay,Clay_029,29,nonStim,3,MonoR,0.0909090909090909,0.0909090909090909,9,9,11,0.818181818181818
C:\Users\zzhu329\Documents\GitHub\EM-3DMotion\BehaviorFitting\BehaviorData_Clay.mat,Clay,Clay_029,29,nonStim,3,MonoR,0.181818181818182,0.181818181818182,8,8,10,0.8
C:\Users\zzhu329\Documents\GitHub\EM-3DMotion\BehaviorFitting\BehaviorData_Clay.mat,Clay,Clay_029,29,nonStim,3,MonoR,0.363636363636364,0.363636363636364,11,11,11,1
C:\Users\zzhu329\Documents\GitHub\EM-3DMotion\BehaviorFitting\BehaviorData_Clay.mat,Clay,Clay_029,29,nonStim,3,MonoR,0.454545454545455,0.454545454545455,11,11,11,1
C:\Users\zzhu329\Documents\GitHub\EM-3DMotion\BehaviorFitting\BehaviorData_Clay.mat,Clay,Clay_029,29,nonStim,3,MonoR,0.636363636363636,0.636363636363636,11,11,11,1
C:\Users\zzhu329\Documents\GitHub\EM-3DMotion\BehaviorFitting\BehaviorData_Clay.mat,Clay,Clay_029,29,nonStim,3,MonoR,1,1,10,10,10,1
C:\Users\zzhu329\Documents\GitHub\EM-3DMotion\BehaviorFitting\BehaviorData_Clay.mat,Clay,Clay_029,29,nonStim,4,Bino,-1,1,2,8,10,0.8
C:\Users\zzhu329\Documents\GitHub\EM-3DMotion\BehaviorFitting\BehaviorData_Clay.mat,Clay,Clay_029,29,nonStim,4,Bino,-0.636363636363636,0.636363636363636,4,7,11,0.636363636363636
C:\Users\zzhu329\Documents\GitHub\EM-3DMotion\BehaviorFitting\BehaviorData_Clay.mat,Clay,Clay_029,29,nonStim,4,Bino,-0.454545454545455,0.454545454545455,4,6,10,0.6
C:\Users\zzhu329\Documents\GitHub\EM-3DMotion\BehaviorFitting\BehaviorData_Clay.mat,Clay,Clay_029,29,nonStim,4,Bino,-0.363636363636364,0.363636363636364,5,5,10,0.5
C:\Users\zzhu329\Documents\GitHub\EM-3DMotion\BehaviorFitting\BehaviorData_Clay.mat,Clay,Clay_029,29,nonStim,4,Bino,-0.181818181818182,0.181818181818182,3,8,11,0.727272727272727
C:\Users\zzhu329\Documents\GitHub\EM-3DMotion\BehaviorFitting\BehaviorData_Clay.mat,Clay,Clay_029,29,nonStim,4,Bino,-0.0909090909090909,0.0909090909090909,6,5,11,0.454545454545455
C:\Users\zzhu329\Documents\GitHub\EM-3DMotion\BehaviorFitting\BehaviorData_Clay.mat,Clay,Clay_029,29,nonStim,4,Bino,0.0909090909090909,0.0909090909090909,10,10,10,1
C:\Users\zzhu329\Documents\GitHub\EM-3DMotion\BehaviorFitting\BehaviorData_Clay.mat,Clay,Clay_029,29,nonStim,4,Bino,0.181818181818182,0.181818181818182,9,9,11,0.818181818181818
C:\Users\zzhu329\Documents\GitHub\EM-3DMotion\BehaviorFitting\BehaviorData_Clay.mat,Clay,Clay_029,29,nonStim,4,Bino,0.363636363636364,0.363636363636364,11,11,11,1
C:\Users\zzhu329\Documents\GitHub\EM-3DMotion\BehaviorFitting\BehaviorData_Clay.mat,Clay,Clay_029,29,nonStim,4,Bino,0.454545454545455,0.454545454545455,10,10,10,1
C:\Users\zzhu329\Documents\GitHub\EM-3DMotion\BehaviorFitting\BehaviorData_Clay.mat,Clay,Clay_029,29,nonStim,4,Bino,0.636363636363636,0.636363636363636,9,9,11,0.818181818181818
C:\Users\zzhu329\Documents\GitHub\EM-3DMotion\BehaviorFitting\BehaviorData_Clay.mat,Clay,Clay_029,29,nonStim,4,Bino,1,1,10,10,11,0.909090909090909
C:\Users\zzhu329\Documents\GitHub\EM-3DMotion\BehaviorFitting\BehaviorData_Clay.mat,Clay,Clay_030,30,nonStim,1,Combined,-1,1,0,1,1,1
C:\Users\zzhu329\Documents\GitHub\EM-3DMotion\BehaviorFitting\BehaviorData_Clay.mat,Clay,Clay_030,30,nonStim,1,Combined,-0.636363636363636,0.636363636363636,0,3,3,1
C:\Users\zzhu329\Documents\GitHub\EM-3DMotion\BehaviorFitting\BehaviorData_Clay.mat,Clay,Clay_030,30,nonStim,1,Combined,-0.454545454545455,0.454545454545455,0,2,2,1
C:\Users\zzhu329\Documents\GitHub\EM-3DMotion\BehaviorFitting\BehaviorData_Clay.mat,Clay,Clay_030,30,nonStim,1,Combined,-0.363636363636364,0.363636363636364,0,3,3,1
C:\Users\zzhu329\Documents\GitHub\EM-3DMotion\BehaviorFitting\BehaviorData_Clay.mat,Clay,Clay_030,30,nonStim,1,Combined,-0.181818181818182,0.181818181818182,0,2,2,1
C:\Users\zzhu329\Documents\GitHub\EM-3DMotion\BehaviorFitting\BehaviorData_Clay.mat,Clay,Clay_030,30,nonStim,1,Combined,-0.0909090909090909,0.0909090909090909,0,2,2,1
C:\Users\zzhu329\Documents\GitHub\EM-3DMotion\BehaviorFitting\BehaviorData_Clay.mat,Clay,Clay_030,30,nonStim,1,Combined,0.0909090909090909,0.0909090909090909,1,1,1,1
C:\Users\zzhu329\Documents\GitHub\EM-3DMotion\BehaviorFitting\BehaviorData_Clay.mat,Clay,Clay_030,30,nonStim,1,Combined,0.181818181818182,0.181818181818182,2,2,2,1
C:\Users\zzhu329\Documents\GitHub\EM-3DMotion\BehaviorFitting\BehaviorData_Clay.mat,Clay,Clay_030,30,nonStim,1,Combined,0.363636363636364,0.363636363636364,2,2,2,1
C:\Users\zzhu329\Documents\GitHub\EM-3DMotion\BehaviorFitting\BehaviorData_Clay.mat,Clay,Clay_030,30,nonStim,1,Combined,0.454545454545455,0.454545454545455,3,3,3,1
C:\Users\zzhu329\Documents\GitHub\EM-3DMotion\BehaviorFitting\BehaviorData_Clay.mat,Clay,Clay_030,30,nonStim,1,Combined,0.636363636363636,0.636363636363636,3,3,3,1
C:\Users\zzhu329\Documents\GitHub\EM-3DMotion\BehaviorFitting\BehaviorData_Clay.mat,Clay,Clay_030,30,nonStim,1,Combined,1,1,3,3,3,1
C:\Users\zzhu329\Documents\GitHub\EM-3DMotion\BehaviorFitting\BehaviorData_Clay.mat,Clay,Clay_030,30,nonStim,2,MonoL,-1,1,0,3,3,1
C:\Users\zzhu329\Documents\GitHub\EM-3DMotion\BehaviorFitting\BehaviorData_Clay.mat,Clay,Clay_030,30,nonStim,2,MonoL,-0.636363636363636,0.636363636363636,1,2,3,0.666666666666667
C:\Users\zzhu329\Documents\GitHub\EM-3DMotion\BehaviorFitting\BehaviorData_Clay.mat,Clay,Clay_030,30,nonStim,2,MonoL,-0.454545454545455,0.454545454545455,1,2,3,0.666666666666667
C:\Users\zzhu329\Documents\GitHub\EM-3DMotion\BehaviorFitting\BehaviorData_Clay.mat,Clay,Clay_030,30,nonStim,2,MonoL,-0.363636363636364,0.363636363636364,1,2,3,0.666666666666667
C:\Users\zzhu329\Documents\GitHub\EM-3DMotion\BehaviorFitting\BehaviorData_Clay.mat,Clay,Clay_030,30,nonStim,2,MonoL,-0.181818181818182,0.181818181818182,0,2,2,1
C:\Users\zzhu329\Documents\GitHub\EM-3DMotion\BehaviorFitting\BehaviorData_Clay.mat,Clay,Clay_030,30,nonStim,2,MonoL,-0.0909090909090909,0.0909090909090909,0,1,1,1
C:\Users\zzhu329\Documents\GitHub\EM-3DMotion\BehaviorFitting\BehaviorData_Clay.mat,Clay,Clay_030,30,nonStim,2,MonoL,0.0909090909090909,0.0909090909090909,1,1,2,0.5
C:\Users\zzhu329\Documents\GitHub\EM-3DMotion\BehaviorFitting\BehaviorData_Clay.mat,Clay,Clay_030,30,nonStim,2,MonoL,0.181818181818182,0.181818181818182,3,3,3,1
C:\Users\zzhu329\Documents\GitHub\EM-3DMotion\BehaviorFitting\BehaviorData_Clay.mat,Clay,Clay_030,30,nonStim,2,MonoL,0.363636363636364,0.363636363636364,2,2,3,0.666666666666667
C:\Users\zzhu329\Documents\GitHub\EM-3DMotion\BehaviorFitting\BehaviorData_Clay.mat,Clay,Clay_030,30,nonStim,2,MonoL,0.454545454545455,0.454545454545455,3,3,3,1
C:\Users\zzhu329\Documents\GitHub\EM-3DMotion\BehaviorFitting\BehaviorData_Clay.mat,Clay,Clay_030,30,nonStim,2,MonoL,0.636363636363636,0.636363636363636,3,3,3,1
C:\Users\zzhu329\Documents\GitHub\EM-3DMotion\BehaviorFitting\BehaviorData_Clay.mat,Clay,Clay_030,30,nonStim,2,MonoL,1,1,2,2,2,1
C:\Users\zzhu329\Documents\GitHub\EM-3DMotion\BehaviorFitting\BehaviorData_Clay.mat,Clay,Clay_030,30,nonStim,3,MonoR,-1,1,0,3,3,1
C:\Users\zzhu329\Documents\GitHub\EM-3DMotion\BehaviorFitting\BehaviorData_Clay.mat,Clay,Clay_030,30,nonStim,3,MonoR,-0.636363636363636,0.636363636363636,0,3,3,1
C:\Users\zzhu329\Documents\GitHub\EM-3DMotion\BehaviorFitting\BehaviorData_Clay.mat,Clay,Clay_030,30,nonStim,3,MonoR,-0.454545454545455,0.454545454545455,0,3,3,1
C:\Users\zzhu329\Documents\GitHub\EM-3DMotion\BehaviorFitting\BehaviorData_Clay.mat,Clay,Clay_030,30,nonStim,3,MonoR,-0.363636363636364,0.363636363636364,1,2,3,0.666666666666667
C:\Users\zzhu329\Documents\GitHub\EM-3DMotion\BehaviorFitting\BehaviorData_Clay.mat,Clay,Clay_030,30,nonStim,3,MonoR,-0.181818181818182,0.181818181818182,3,0,3,0
C:\Users\zzhu329\Documents\GitHub\EM-3DMotion\BehaviorFitting\BehaviorData_Clay.mat,Clay,Clay_030,30,nonStim,3,MonoR,-0.0909090909090909,0.0909090909090909,0,3,3,1
C:\Users\zzhu329\Documents\GitHub\EM-3DMotion\BehaviorFitting\BehaviorData_Clay.mat,Clay,Clay_030,30,nonStim,3,MonoR,0.0909090909090909,0.0909090909090909,1,1,2,0.5
C:\Users\zzhu329\Documents\GitHub\EM-3DMotion\BehaviorFitting\BehaviorData_Clay.mat,Clay,Clay_030,30,nonStim,3,MonoR,0.181818181818182,0.181818181818182,3,3,3,1
C:\Users\zzhu329\Documents\GitHub\EM-3DMotion\BehaviorFitting\BehaviorData_Clay.mat,Clay,Clay_030,30,nonStim,3,MonoR,0.363636363636364,0.363636363636364,3,3,3,1
C:\Users\zzhu329\Documents\GitHub\EM-3DMotion\BehaviorFitting\BehaviorData_Clay.mat,Clay,Clay_030,30,nonStim,3,MonoR,0.454545454545455,0.454545454545455,3,3,3,1
C:\Users\zzhu329\Documents\GitHub\EM-3DMotion\BehaviorFitting\BehaviorData_Clay.mat,Clay,Clay_030,30,nonStim,3,MonoR,0.636363636363636,0.636363636363636,2,2,2,1
C:\Users\zzhu329\Documents\GitHub\EM-3DMotion\BehaviorFitting\BehaviorData_Clay.mat,Clay,Clay_030,30,nonStim,3,MonoR,1,1,3,3,3,1
C:\Users\zzhu329\Documents\GitHub\EM-3DMotion\BehaviorFitting\BehaviorData_Clay.mat,Clay,Clay_030,30,nonStim,4,Bino,-1,1,0,2,2,1
C:\Users\zzhu329\Documents\GitHub\EM-3DMotion\BehaviorFitting\BehaviorData_Clay.mat,Clay,Clay_030,30,nonStim,4,Bino,-0.636363636363636,0.636363636363636,1,2,3,0.666666666666667
C:\Users\zzhu329\Documents\GitHub\EM-3DMotion\BehaviorFitting\BehaviorData_Clay.mat,Clay,Clay_030,30,nonStim,4,Bino,-0.454545454545455,0.454545454545455,0,3,3,1
C:\Users\zzhu329\Documents\GitHub\EM-3DMotion\BehaviorFitting\BehaviorData_Clay.mat,Clay,Clay_030,30,nonStim,4,Bino,-0.363636363636364,0.363636363636364,1,1,2,0.5
C:\Users\zzhu329\Documents\GitHub\EM-3DMotion\BehaviorFitting\BehaviorData_Clay.mat,Clay,Clay_030,30,nonStim,4,Bino,-0.181818181818182,0.181818181818182,0,3,3,1
C:\Users\zzhu329\Documents\GitHub\EM-3DMotion\BehaviorFitting\BehaviorData_Clay.mat,Clay,Clay_030,30,nonStim,4,Bino,-0.0909090909090909,0.0909090909090909,0,2,2,1
C:\Users\zzhu329\Documents\GitHub\EM-3DMotion\BehaviorFitting\BehaviorData_Clay.mat,Clay,Clay_030,30,nonStim,4,Bino,0.0909090909090909,0.0909090909090909,0,0,3,0
C:\Users\zzhu329\Documents\GitHub\EM-3DMotion\BehaviorFitting\BehaviorData_Clay.mat,Clay,Clay_030,30,nonStim,4,Bino,0.181818181818182,0.181818181818182,0,0,2,0
C:\Users\zzhu329\Documents\GitHub\EM-3DMotion\BehaviorFitting\BehaviorData_Clay.mat,Clay,Clay_030,30,nonStim,4,Bino,0.363636363636364,0.363636363636364,2,2,2,1
C:\Users\zzhu329\Documents\GitHub\EM-3DMotion\BehaviorFitting\BehaviorData_Clay.mat,Clay,Clay_030,30,nonStim,4,Bino,0.454545454545455,0.454545454545455,3,3,3,1
C:\Users\zzhu329\Documents\GitHub\EM-3DMotion\BehaviorFitting\BehaviorData_Clay.mat,Clay,Clay_030,30,nonStim,4,Bino,0.636363636363636,0.636363636363636,3,3,3,1
C:\Users\zzhu329\Documents\GitHub\EM-3DMotion\BehaviorFitting\BehaviorData_Clay.mat,Clay,Clay_030,30,nonStim,4,Bino,1,1,3,3,3,1
C:\Users\zzhu329\Documents\GitHub\EM-3DMotion\BehaviorFitting\BehaviorData_Clay.mat,Clay,Clay_031,31,nonStim,1,Combined,-1,1,0,8,8,1
C:\Users\zzhu329\Documents\GitHub\EM-3DMotion\BehaviorFitting\BehaviorData_Clay.mat,Clay,Clay_031,31,nonStim,1,Combined,-0.636363636363636,0.636363636363636,1,6,7,0.857142857142857
C:\Users\zzhu329\Documents\GitHub\EM-3DMotion\BehaviorFitting\BehaviorData_Clay.mat,Clay,Clay_031,31,nonStim,1,Combined,-0.454545454545455,0.454545454545455,1,6,7,0.857142857142857
C:\Users\zzhu329\Documents\GitHub\EM-3DMotion\BehaviorFitting\BehaviorData_Clay.mat,Clay,Clay_031,31,nonStim,1,Combined,-0.363636363636364,0.363636363636364,1,7,8,0.875
C:\Users\zzhu329\Documents\GitHub\EM-3DMotion\BehaviorFitting\BehaviorData_Clay.mat,Clay,Clay_031,31,nonStim,1,Combined,-0.181818181818182,0.181818181818182,3,4,7,0.571428571428571
C:\Users\zzhu329\Documents\GitHub\EM-3DMotion\BehaviorFitting\BehaviorData_Clay.mat,Clay,Clay_031,31,nonStim,1,Combined,-0.0909090909090909,0.0909090909090909,6,1,7,0.142857142857143
C:\Users\zzhu329\Documents\GitHub\EM-3DMotion\BehaviorFitting\BehaviorData_Clay.mat,Clay,Clay_031,31,nonStim,1,Combined,0.0909090909090909,0.0909090909090909,7,7,8,0.875
C:\Users\zzhu329\Documents\GitHub\EM-3DMotion\BehaviorFitting\BehaviorData_Clay.mat,Clay,Clay_031,31,nonStim,1,Combined,0.181818181818182,0.181818181818182,8,8,8,1
C:\Users\zzhu329\Documents\GitHub\EM-3DMotion\BehaviorFitting\BehaviorData_Clay.mat,Clay,Clay_031,31,nonStim,1,Combined,0.363636363636364,0.363636363636364,7,7,7,1
C:\Users\zzhu329\Documents\GitHub\EM-3DMotion\BehaviorFitting\BehaviorData_Clay.mat,Clay,Clay_031,31,nonStim,1,Combined,0.454545454545455,0.454545454545455,7,7,7,1
C:\Users\zzhu329\Documents\GitHub\EM-3DMotion\BehaviorFitting\BehaviorData_Clay.mat,Clay,Clay_031,31,nonStim,1,Combined,0.636363636363636,0.636363636363636,8,8,8,1
C:\Users\zzhu329\Documents\GitHub\EM-3DMotion\BehaviorFitting\BehaviorData_Clay.mat,Clay,Clay_031,31,nonStim,1,Combined,1,1,8,8,8,1
C:\Users\zzhu329\Documents\GitHub\EM-3DMotion\BehaviorFitting\BehaviorData_Clay.mat,Clay,Clay_031,31,nonStim,2,MonoL,-1,1,1,7,8,0.875
C:\Users\zzhu329\Documents\GitHub\EM-3DMotion\BehaviorFitting\BehaviorData_Clay.mat,Clay,Clay_031,31,nonStim,2,MonoL,-0.636363636363636,0.636363636363636,3,5,8,0.625
C:\Users\zzhu329\Documents\GitHub\EM-3DMotion\BehaviorFitting\BehaviorData_Clay.mat,Clay,Clay_031,31,nonStim,2,MonoL,-0.454545454545455,0.454545454545455,1,7,8,0.875
C:\Users\zzhu329\Documents\GitHub\EM-3DMotion\BehaviorFitting\BehaviorData_Clay.mat,Clay,Clay_031,31,nonStim,2,MonoL,-0.363636363636364,0.363636363636364,1,6,7,0.857142857142857
C:\Users\zzhu329\Documents\GitHub\EM-3DMotion\BehaviorFitting\BehaviorData_Clay.mat,Clay,Clay_031,31,nonStim,2,MonoL,-0.181818181818182,0.181818181818182,4,3,7,0.428571428571429
C:\Users\zzhu329\Documents\GitHub\EM-3DMotion\BehaviorFitting\BehaviorData_Clay.mat,Clay,Clay_031,31,nonStim,2,MonoL,-0.0909090909090909,0.0909090909090909,1,6,7,0.857142857142857
C:\Users\zzhu329\Documents\GitHub\EM-3DMotion\BehaviorFitting\BehaviorData_Clay.mat,Clay,Clay_031,31,nonStim,2,MonoL,0.0909090909090909,0.0909090909090909,3,3,7,0.428571428571429
C:\Users\zzhu329\Documents\GitHub\EM-3DMotion\BehaviorFitting\BehaviorData_Clay.mat,Clay,Clay_031,31,nonStim,2,MonoL,0.181818181818182,0.181818181818182,4,4,7,0.571428571428571
C:\Users\zzhu329\Documents\GitHub\EM-3DMotion\BehaviorFitting\BehaviorData_Clay.mat,Clay,Clay_031,31,nonStim,2,MonoL,0.363636363636364,0.363636363636364,5,5,7,0.714285714285714
C:\Users\zzhu329\Documents\GitHub\EM-3DMotion\BehaviorFitting\BehaviorData_Clay.mat,Clay,Clay_031,31,nonStim,2,MonoL,0.454545454545455,0.454545454545455,7,7,7,1
C:\Users\zzhu329\Documents\GitHub\EM-3DMotion\BehaviorFitting\BehaviorData_Clay.mat,Clay,Clay_031,31,nonStim,2,MonoL,0.636363636363636,0.636363636363636,5,5,7,0.714285714285714
C:\Users\zzhu329\Documents\GitHub\EM-3DMotion\BehaviorFitting\BehaviorData_Clay.mat,Clay,Clay_031,31,nonStim,2,MonoL,1,1,6,6,7,0.857142857142857
C:\Users\zzhu329\Documents\GitHub\EM-3DMotion\BehaviorFitting\BehaviorData_Clay.mat,Clay,Clay_031,31,nonStim,3,MonoR,-1,1,2,5,7,0.714285714285714
C:\Users\zzhu329\Documents\GitHub\EM-3DMotion\BehaviorFitting\BehaviorData_Clay.mat,Clay,Clay_031,31,nonStim,3,MonoR,-0.636363636363636,0.636363636363636,2,5,7,0.714285714285714
C:\Users\zzhu329\Documents\GitHub\EM-3DMotion\BehaviorFitting\BehaviorData_Clay.mat,Clay,Clay_031,31,nonStim,3,MonoR,-0.454545454545455,0.454545454545455,4,3,7,0.428571428571429
C:\Users\zzhu329\Documents\GitHub\EM-3DMotion\BehaviorFitting\BehaviorData_Clay.mat,Clay,Clay_031,31,nonStim,3,MonoR,-0.363636363636364,0.363636363636364,2,6,8,0.75
C:\Users\zzhu329\Documents\GitHub\EM-3DMotion\BehaviorFitting\BehaviorData_Clay.mat,Clay,Clay_031,31,nonStim,3,MonoR,-0.181818181818182,0.181818181818182,2,5,7,0.714285714285714
C:\Users\zzhu329\Documents\GitHub\EM-3DMotion\BehaviorFitting\BehaviorData_Clay.mat,Clay,Clay_031,31,nonStim,3,MonoR,-0.0909090909090909,0.0909090909090909,2,5,7,0.714285714285714
C:\Users\zzhu329\Documents\GitHub\EM-3DMotion\BehaviorFitting\BehaviorData_Clay.mat,Clay,Clay_031,31,nonStim,3,MonoR,0.0909090909090909,0.0909090909090909,5,5,8,0.625
C:\Users\zzhu329\Documents\GitHub\EM-3DMotion\BehaviorFitting\BehaviorData_Clay.mat,Clay,Clay_031,31,nonStim,3,MonoR,0.181818181818182,0.181818181818182,7,7,8,0.875
C:\Users\zzhu329\Documents\GitHub\EM-3DMotion\BehaviorFitting\BehaviorData_Clay.mat,Clay,Clay_031,31,nonStim,3,MonoR,0.363636363636364,0.363636363636364,6,6,8,0.75
C:\Users\zzhu329\Documents\GitHub\EM-3DMotion\BehaviorFitting\BehaviorData_Clay.mat,Clay,Clay_031,31,nonStim,3,MonoR,0.454545454545455,0.454545454545455,6,6,7,0.857142857142857
C:\Users\zzhu329\Documents\GitHub\EM-3DMotion\BehaviorFitting\BehaviorData_Clay.mat,Clay,Clay_031,31,nonStim,3,MonoR,0.636363636363636,0.636363636363636,6,6,7,0.857142857142857
C:\Users\zzhu329\Documents\GitHub\EM-3DMotion\BehaviorFitting\BehaviorData_Clay.mat,Clay,Clay_031,31,nonStim,3,MonoR,1,1,8,8,8,1
C:\Users\zzhu329\Documents\GitHub\EM-3DMotion\BehaviorFitting\BehaviorData_Clay.mat,Clay,Clay_031,31,nonStim,4,Bino,-1,1,3,4,7,0.571428571428571
C:\Users\zzhu329\Documents\GitHub\EM-3DMotion\BehaviorFitting\BehaviorData_Clay.mat,Clay,Clay_031,31,nonStim,4,Bino,-0.636363636363636,0.636363636363636,1,6,7,0.857142857142857
C:\Users\zzhu329\Documents\GitHub\EM-3DMotion\BehaviorFitting\BehaviorData_Clay.mat,Clay,Clay_031,31,nonStim,4,Bino,-0.454545454545455,0.454545454545455,2,6,8,0.75
C:\Users\zzhu329\Documents\GitHub\EM-3DMotion\BehaviorFitting\BehaviorData_Clay.mat,Clay,Clay_031,31,nonStim,4,Bino,-0.363636363636364,0.363636363636364,2,5,7,0.714285714285714
C:\Users\zzhu329\Documents\GitHub\EM-3DMotion\BehaviorFitting\BehaviorData_Clay.mat,Clay,Clay_031,31,nonStim,4,Bino,-0.181818181818182,0.181818181818182,4,3,7,0.428571428571429
C:\Users\zzhu329\Documents\GitHub\EM-3DMotion\BehaviorFitting\BehaviorData_Clay.mat,Clay,Clay_031,31,nonStim,4,Bino,-0.0909090909090909,0.0909090909090909,4,3,7,0.428571428571429
C:\Users\zzhu329\Documents\GitHub\EM-3DMotion\BehaviorFitting\BehaviorData_Clay.mat,Clay,Clay_031,31,nonStim,4,Bino,0.0909090909090909,0.0909090909090909,6,6,7,0.857142857142857
C:\Users\zzhu329\Documents\GitHub\EM-3DMotion\BehaviorFitting\BehaviorData_Clay.mat,Clay,Clay_031,31,nonStim,4,Bino,0.181818181818182,0.181818181818182,6,6,8,0.75
C:\Users\zzhu329\Documents\GitHub\EM-3DMotion\BehaviorFitting\BehaviorData_Clay.mat,Clay,Clay_031,31,nonStim,4,Bino,0.363636363636364,0.363636363636364,5,5,7,0.714285714285714
C:\Users\zzhu329\Documents\GitHub\EM-3DMotion\BehaviorFitting\BehaviorData_Clay.mat,Clay,Clay_031,31,nonStim,4,Bino,0.454545454545455,0.454545454545455,7,7,7,1
C:\Users\zzhu329\Documents\GitHub\EM-3DMotion\BehaviorFitting\BehaviorData_Clay.mat,Clay,Clay_031,31,nonStim,4,Bino,0.636363636363636,0.636363636363636,7,7,7,1
C:\Users\zzhu329\Documents\GitHub\EM-3DMotion\BehaviorFitting\BehaviorData_Clay.mat,Clay,Clay_031,31,nonStim,4,Bino,1,1,7,7,8,0.875
C:\Users\zzhu329\Documents\GitHub\EM-3DMotion\BehaviorFitting\BehaviorData_Clay.mat,Clay,Clay_032,32,nonStim,1,Combined,-1,1,0,10,10,1
C:\Users\zzhu329\Documents\GitHub\EM-3DMotion\BehaviorFitting\BehaviorData_Clay.mat,Clay,Clay_032,32,nonStim,1,Combined,-0.636363636363636,0.636363636363636,0,10,10,1
C:\Users\zzhu329\Documents\GitHub\EM-3DMotion\BehaviorFitting\BehaviorData_Clay.mat,Clay,Clay_032,32,nonStim,1,Combined,-0.454545454545455,0.454545454545455,0,11,11,1
C:\Users\zzhu329\Documents\GitHub\EM-3DMotion\BehaviorFitting\BehaviorData_Clay.mat,Clay,Clay_032,32,nonStim,1,Combined,-0.363636363636364,0.363636363636364,1,9,10,0.9
C:\Users\zzhu329\Documents\GitHub\EM-3DMotion\BehaviorFitting\BehaviorData_Clay.mat,Clay,Clay_032,32,nonStim,1,Combined,-0.181818181818182,0.181818181818182,2,8,10,0.8
C:\Users\zzhu329\Documents\GitHub\EM-3DMotion\BehaviorFitting\BehaviorData_Clay.mat,Clay,Clay_032,32,nonStim,1,Combined,-0.0909090909090909,0.0909090909090909,4,6,10,0.6
C:\Users\zzhu329\Documents\GitHub\EM-3DMotion\BehaviorFitting\BehaviorData_Clay.mat,Clay,Clay_032,32,nonStim,1,Combined,0.0909090909090909,0.0909090909090909,6,6,10,0.6
C:\Users\zzhu329\Documents\GitHub\EM-3DMotion\BehaviorFitting\BehaviorData_Clay.mat,Clay,Clay_032,32,nonStim,1,Combined,0.181818181818182,0.181818181818182,9,9,10,0.9
C:\Users\zzhu329\Documents\GitHub\EM-3DMotion\BehaviorFitting\BehaviorData_Clay.mat,Clay,Clay_032,32,nonStim,1,Combined,0.363636363636364,0.363636363636364,10,10,10,1
C:\Users\zzhu329\Documents\GitHub\EM-3DMotion\BehaviorFitting\BehaviorData_Clay.mat,Clay,Clay_032,32,nonStim,1,Combined,0.454545454545455,0.454545454545455,10,10,10,1
C:\Users\zzhu329\Documents\GitHub\EM-3DMotion\BehaviorFitting\BehaviorData_Clay.mat,Clay,Clay_032,32,nonStim,1,Combined,0.636363636363636,0.636363636363636,10,10,10,1
C:\Users\zzhu329\Documents\GitHub\EM-3DMotion\BehaviorFitting\BehaviorData_Clay.mat,Clay,Clay_032,32,nonStim,1,Combined,1,1,10,10,10,1
C:\Users\zzhu329\Documents\GitHub\EM-3DMotion\BehaviorFitting\BehaviorData_Clay.mat,Clay,Clay_032,32,nonStim,2,MonoL,-1,1,0,10,10,1
C:\Users\zzhu329\Documents\GitHub\EM-3DMotion\BehaviorFitting\BehaviorData_Clay.mat,Clay,Clay_032,32,nonStim,2,MonoL,-0.636363636363636,0.636363636363636,0,10,10,1
C:\Users\zzhu329\Documents\GitHub\EM-3DMotion\BehaviorFitting\BehaviorData_Clay.mat,Clay,Clay_032,32,nonStim,2,MonoL,-0.454545454545455,0.454545454545455,3,7,10,0.7
C:\Users\zzhu329\Documents\GitHub\EM-3DMotion\BehaviorFitting\BehaviorData_Clay.mat,Clay,Clay_032,32,nonStim,2,MonoL,-0.363636363636364,0.363636363636364,3,7,10,0.7
C:\Users\zzhu329\Documents\GitHub\EM-3DMotion\BehaviorFitting\BehaviorData_Clay.mat,Clay,Clay_032,32,nonStim,2,MonoL,-0.181818181818182,0.181818181818182,4,6,10,0.6
C:\Users\zzhu329\Documents\GitHub\EM-3DMotion\BehaviorFitting\BehaviorData_Clay.mat,Clay,Clay_032,32,nonStim,2,MonoL,-0.0909090909090909,0.0909090909090909,2,8,10,0.8
C:\Users\zzhu329\Documents\GitHub\EM-3DMotion\BehaviorFitting\BehaviorData_Clay.mat,Clay,Clay_032,32,nonStim,2,MonoL,0.0909090909090909,0.0909090909090909,5,5,10,0.5
C:\Users\zzhu329\Documents\GitHub\EM-3DMotion\BehaviorFitting\BehaviorData_Clay.mat,Clay,Clay_032,32,nonStim,2,MonoL,0.181818181818182,0.181818181818182,5,5,10,0.5
C:\Users\zzhu329\Documents\GitHub\EM-3DMotion\BehaviorFitting\BehaviorData_Clay.mat,Clay,Clay_032,32,nonStim,2,MonoL,0.363636363636364,0.363636363636364,7,7,10,0.7
C:\Users\zzhu329\Documents\GitHub\EM-3DMotion\BehaviorFitting\BehaviorData_Clay.mat,Clay,Clay_032,32,nonStim,2,MonoL,0.454545454545455,0.454545454545455,7,7,10,0.7
C:\Users\zzhu329\Documents\GitHub\EM-3DMotion\BehaviorFitting\BehaviorData_Clay.mat,Clay,Clay_032,32,nonStim,2,MonoL,0.636363636363636,0.636363636363636,10,10,10,1
C:\Users\zzhu329\Documents\GitHub\EM-3DMotion\BehaviorFitting\BehaviorData_Clay.mat,Clay,Clay_032,32,nonStim,2,MonoL,1,1,10,10,10,1
C:\Users\zzhu329\Documents\GitHub\EM-3DMotion\BehaviorFitting\BehaviorData_Clay.mat,Clay,Clay_032,32,nonStim,3,MonoR,-1,1,0,10,10,1
C:\Users\zzhu329\Documents\GitHub\EM-3DMotion\BehaviorFitting\BehaviorData_Clay.mat,Clay,Clay_032,32,nonStim,3,MonoR,-0.636363636363636,0.636363636363636,0,10,10,1
C:\Users\zzhu329\Documents\GitHub\EM-3DMotion\BehaviorFitting\BehaviorData_Clay.mat,Clay,Clay_032,32,nonStim,3,MonoR,-0.454545454545455,0.454545454545455,2,8,10,0.8
C:\Users\zzhu329\Documents\GitHub\EM-3DMotion\BehaviorFitting\BehaviorData_Clay.mat,Clay,Clay_032,32,nonStim,3,MonoR,-0.363636363636364,0.363636363636364,1,9,10,0.9
C:\Users\zzhu329\Documents\GitHub\EM-3DMotion\BehaviorFitting\BehaviorData_Clay.mat,Clay,Clay_032,32,nonStim,3,MonoR,-0.181818181818182,0.181818181818182,3,7,10,0.7
C:\Users\zzhu329\Documents\GitHub\EM-3DMotion\BehaviorFitting\BehaviorData_Clay.mat,Clay,Clay_032,32,nonStim,3,MonoR,-0.0909090909090909,0.0909090909090909,4,6,10,0.6
C:\Users\zzhu329\Documents\GitHub\EM-3DMotion\BehaviorFitting\BehaviorData_Clay.mat,Clay,Clay_032,32,nonStim,3,MonoR,0.0909090909090909,0.0909090909090909,4,4,10,0.4
C:\Users\zzhu329\Documents\GitHub\EM-3DMotion\BehaviorFitting\BehaviorData_Clay.mat,Clay,Clay_032,32,nonStim,3,MonoR,0.181818181818182,0.181818181818182,7,7,10,0.7
C:\Users\zzhu329\Documents\GitHub\EM-3DMotion\BehaviorFitting\BehaviorData_Clay.mat,Clay,Clay_032,32,nonStim,3,MonoR,0.363636363636364,0.363636363636364,10,10,10,1
C:\Users\zzhu329\Documents\GitHub\EM-3DMotion\BehaviorFitting\BehaviorData_Clay.mat,Clay,Clay_032,32,nonStim,3,MonoR,0.454545454545455,0.454545454545455,9,9,10,0.9
C:\Users\zzhu329\Documents\GitHub\EM-3DMotion\BehaviorFitting\BehaviorData_Clay.mat,Clay,Clay_032,32,nonStim,3,MonoR,0.636363636363636,0.636363636363636,9,9,10,0.9
C:\Users\zzhu329\Documents\GitHub\EM-3DMotion\BehaviorFitting\BehaviorData_Clay.mat,Clay,Clay_032,32,nonStim,3,MonoR,1,1,10,10,10,1
C:\Users\zzhu329\Documents\GitHub\EM-3DMotion\BehaviorFitting\BehaviorData_Clay.mat,Clay,Clay_032,32,nonStim,4,Bino,-1,1,2,8,10,0.8
C:\Users\zzhu329\Documents\GitHub\EM-3DMotion\BehaviorFitting\BehaviorData_Clay.mat,Clay,Clay_032,32,nonStim,4,Bino,-0.636363636363636,0.636363636363636,0,10,10,1
C:\Users\zzhu329\Documents\GitHub\EM-3DMotion\BehaviorFitting\BehaviorData_Clay.mat,Clay,Clay_032,32,nonStim,4,Bino,-0.454545454545455,0.454545454545455,1,9,10,0.9
C:\Users\zzhu329\Documents\GitHub\EM-3DMotion\BehaviorFitting\BehaviorData_Clay.mat,Clay,Clay_032,32,nonStim,4,Bino,-0.363636363636364,0.363636363636364,0,10,10,1
C:\Users\zzhu329\Documents\GitHub\EM-3DMotion\BehaviorFitting\BehaviorData_Clay.mat,Clay,Clay_032,32,nonStim,4,Bino,-0.181818181818182,0.181818181818182,3,7,10,0.7
C:\Users\zzhu329\Documents\GitHub\EM-3DMotion\BehaviorFitting\BehaviorData_Clay.mat,Clay,Clay_032,32,nonStim,4,Bino,-0.0909090909090909,0.0909090909090909,3,7,10,0.7
C:\Users\zzhu329\Documents\GitHub\EM-3DMotion\BehaviorFitting\BehaviorData_Clay.mat,Clay,Clay_032,32,nonStim,4,Bino,0.0909090909090909,0.0909090909090909,3,3,10,0.3
C:\Users\zzhu329\Documents\GitHub\EM-3DMotion\BehaviorFitting\BehaviorData_Clay.mat,Clay,Clay_032,32,nonStim,4,Bino,0.181818181818182,0.181818181818182,7,7,10,0.7
C:\Users\zzhu329\Documents\GitHub\EM-3DMotion\BehaviorFitting\BehaviorData_Clay.mat,Clay,Clay_032,32,nonStim,4,Bino,0.363636363636364,0.363636363636364,10,10,10,1
C:\Users\zzhu329\Documents\GitHub\EM-3DMotion\BehaviorFitting\BehaviorData_Clay.mat,Clay,Clay_032,32,nonStim,4,Bino,0.454545454545455,0.454545454545455,10,10,10,1
C:\Users\zzhu329\Documents\GitHub\EM-3DMotion\BehaviorFitting\BehaviorData_Clay.mat,Clay,Clay_032,32,nonStim,4,Bino,0.636363636363636,0.636363636363636,10,10,10,1
C:\Users\zzhu329\Documents\GitHub\EM-3DMotion\BehaviorFitting\BehaviorData_Clay.mat,Clay,Clay_032,32,nonStim,4,Bino,1,1,8,8,10,0.8
C:\Users\zzhu329\Documents\GitHub\EM-3DMotion\BehaviorFitting\BehaviorData_Clay.mat,Clay,Clay_033,33,nonStim,1,Combined,-1,1,0,10,10,1
C:\Users\zzhu329\Documents\GitHub\EM-3DMotion\BehaviorFitting\BehaviorData_Clay.mat,Clay,Clay_033,33,nonStim,1,Combined,-0.636363636363636,0.636363636363636,0,10,10,1
C:\Users\zzhu329\Documents\GitHub\EM-3DMotion\BehaviorFitting\BehaviorData_Clay.mat,Clay,Clay_033,33,nonStim,1,Combined,-0.454545454545455,0.454545454545455,1,9,10,0.9
C:\Users\zzhu329\Documents\GitHub\EM-3DMotion\BehaviorFitting\BehaviorData_Clay.mat,Clay,Clay_033,33,nonStim,1,Combined,-0.363636363636364,0.363636363636364,0,10,10,1
C:\Users\zzhu329\Documents\GitHub\EM-3DMotion\BehaviorFitting\BehaviorData_Clay.mat,Clay,Clay_033,33,nonStim,1,Combined,-0.181818181818182,0.181818181818182,1,10,11,0.909090909090909
C:\Users\zzhu329\Documents\GitHub\EM-3DMotion\BehaviorFitting\BehaviorData_Clay.mat,Clay,Clay_033,33,nonStim,1,Combined,-0.0909090909090909,0.0909090909090909,1,9,10,0.9
C:\Users\zzhu329\Documents\GitHub\EM-3DMotion\BehaviorFitting\BehaviorData_Clay.mat,Clay,Clay_033,33,nonStim,1,Combined,0.0909090909090909,0.0909090909090909,8,8,10,0.8
C:\Users\zzhu329\Documents\GitHub\EM-3DMotion\BehaviorFitting\BehaviorData_Clay.mat,Clay,Clay_033,33,nonStim,1,Combined,0.181818181818182,0.181818181818182,8,8,10,0.8
C:\Users\zzhu329\Documents\GitHub\EM-3DMotion\BehaviorFitting\BehaviorData_Clay.mat,Clay,Clay_033,33,nonStim,1,Combined,0.363636363636364,0.363636363636364,10,10,10,1
C:\Users\zzhu329\Documents\GitHub\EM-3DMotion\BehaviorFitting\BehaviorData_Clay.mat,Clay,Clay_033,33,nonStim,1,Combined,0.454545454545455,0.454545454545455,10,10,10,1
C:\Users\zzhu329\Documents\GitHub\EM-3DMotion\BehaviorFitting\BehaviorData_Clay.mat,Clay,Clay_033,33,nonStim,1,Combined,0.636363636363636,0.636363636363636,10,10,10,1
C:\Users\zzhu329\Documents\GitHub\EM-3DMotion\BehaviorFitting\BehaviorData_Clay.mat,Clay,Clay_033,33,nonStim,1,Combined,1,1,10,10,10,1
C:\Users\zzhu329\Documents\GitHub\EM-3DMotion\BehaviorFitting\BehaviorData_Clay.mat,Clay,Clay_033,33,nonStim,2,MonoL,-1,1,0,10,10,1
C:\Users\zzhu329\Documents\GitHub\EM-3DMotion\BehaviorFitting\BehaviorData_Clay.mat,Clay,Clay_033,33,nonStim,2,MonoL,-0.636363636363636,0.636363636363636,0,10,10,1
C:\Users\zzhu329\Documents\GitHub\EM-3DMotion\BehaviorFitting\BehaviorData_Clay.mat,Clay,Clay_033,33,nonStim,2,MonoL,-0.454545454545455,0.454545454545455,2,8,10,0.8
C:\Users\zzhu329\Documents\GitHub\EM-3DMotion\BehaviorFitting\BehaviorData_Clay.mat,Clay,Clay_033,33,nonStim,2,MonoL,-0.363636363636364,0.363636363636364,1,9,10,0.9
C:\Users\zzhu329\Documents\GitHub\EM-3DMotion\BehaviorFitting\BehaviorData_Clay.mat,Clay,Clay_033,33,nonStim,2,MonoL,-0.181818181818182,0.181818181818182,1,9,10,0.9
C:\Users\zzhu329\Documents\GitHub\EM-3DMotion\BehaviorFitting\BehaviorData_Clay.mat,Clay,Clay_033,33,nonStim,2,MonoL,-0.0909090909090909,0.0909090909090909,3,7,10,0.7
C:\Users\zzhu329\Documents\GitHub\EM-3DMotion\BehaviorFitting\BehaviorData_Clay.mat,Clay,Clay_033,33,nonStim,2,MonoL,0.0909090909090909,0.0909090909090909,3,3,10,0.3
C:\Users\zzhu329\Documents\GitHub\EM-3DMotion\BehaviorFitting\BehaviorData_Clay.mat,Clay,Clay_033,33,nonStim,2,MonoL,0.181818181818182,0.181818181818182,3,3,10,0.3
C:\Users\zzhu329\Documents\GitHub\EM-3DMotion\BehaviorFitting\BehaviorData_Clay.mat,Clay,Clay_033,33,nonStim,2,MonoL,0.363636363636364,0.363636363636364,8,8,10,0.8
C:\Users\zzhu329\Documents\GitHub\EM-3DMotion\BehaviorFitting\BehaviorData_Clay.mat,Clay,Clay_033,33,nonStim,2,MonoL,0.454545454545455,0.454545454545455,7,7,10,0.7
C:\Users\zzhu329\Documents\GitHub\EM-3DMotion\BehaviorFitting\BehaviorData_Clay.mat,Clay,Clay_033,33,nonStim,2,MonoL,0.636363636363636,0.636363636363636,9,9,10,0.9
C:\Users\zzhu329\Documents\GitHub\EM-3DMotion\BehaviorFitting\BehaviorData_Clay.mat,Clay,Clay_033,33,nonStim,2,MonoL,1,1,10,10,10,1
C:\Users\zzhu329\Documents\GitHub\EM-3DMotion\BehaviorFitting\BehaviorData_Clay.mat,Clay,Clay_033,33,nonStim,3,MonoR,-1,1,0,10,10,1
C:\Users\zzhu329\Documents\GitHub\EM-3DMotion\BehaviorFitting\BehaviorData_Clay.mat,Clay,Clay_033,33,nonStim,3,MonoR,-0.636363636363636,0.636363636363636,1,9,10,0.9
C:\Users\zzhu329\Documents\GitHub\EM-3DMotion\BehaviorFitting\BehaviorData_Clay.mat,Clay,Clay_033,33,nonStim,3,MonoR,-0.454545454545455,0.454545454545455,2,8,10,0.8
C:\Users\zzhu329\Documents\GitHub\EM-3DMotion\BehaviorFitting\BehaviorData_Clay.mat,Clay,Clay_033,33,nonStim,3,MonoR,-0.363636363636364,0.363636363636364,0,10,10,1
C:\Users\zzhu329\Documents\GitHub\EM-3DMotion\BehaviorFitting\BehaviorData_Clay.mat,Clay,Clay_033,33,nonStim,3,MonoR,-0.181818181818182,0.181818181818182,2,9,11,0.818181818181818
C:\Users\zzhu329\Documents\GitHub\EM-3DMotion\BehaviorFitting\BehaviorData_Clay.mat,Clay,Clay_033,33,nonStim,3,MonoR,-0.0909090909090909,0.0909090909090909,1,9,10,0.9
C:\Users\zzhu329\Documents\GitHub\EM-3DMotion\BehaviorFitting\BehaviorData_Clay.mat,Clay,Clay_033,33,nonStim,3,MonoR,0.0909090909090909,0.0909090909090909,7,7,10,0.7
C:\Users\zzhu329\Documents\GitHub\EM-3DMotion\BehaviorFitting\BehaviorData_Clay.mat,Clay,Clay_033,33,nonStim,3,MonoR,0.181818181818182,0.181818181818182,6,6,10,0.6
C:\Users\zzhu329\Documents\GitHub\EM-3DMotion\BehaviorFitting\BehaviorData_Clay.mat,Clay,Clay_033,33,nonStim,3,MonoR,0.363636363636364,0.363636363636364,3,3,10,0.3
C:\Users\zzhu329\Documents\GitHub\EM-3DMotion\BehaviorFitting\BehaviorData_Clay.mat,Clay,Clay_033,33,nonStim,3,MonoR,0.454545454545455,0.454545454545455,7,7,10,0.7
C:\Users\zzhu329\Documents\GitHub\EM-3DMotion\BehaviorFitting\BehaviorData_Clay.mat,Clay,Clay_033,33,nonStim,3,MonoR,0.636363636363636,0.636363636363636,10,10,10,1
C:\Users\zzhu329\Documents\GitHub\EM-3DMotion\BehaviorFitting\BehaviorData_Clay.mat,Clay,Clay_033,33,nonStim,3,MonoR,1,1,10,10,10,1
C:\Users\zzhu329\Documents\GitHub\EM-3DMotion\BehaviorFitting\BehaviorData_Clay.mat,Clay,Clay_033,33,nonStim,4,Bino,-1,1,0,10,10,1
C:\Users\zzhu329\Documents\GitHub\EM-3DMotion\BehaviorFitting\BehaviorData_Clay.mat,Clay,Clay_033,33,nonStim,4,Bino,-0.636363636363636,0.636363636363636,4,6,10,0.6
C:\Users\zzhu329\Documents\GitHub\EM-3DMotion\BehaviorFitting\BehaviorData_Clay.mat,Clay,Clay_033,33,nonStim,4,Bino,-0.454545454545455,0.454545454545455,1,9,10,0.9
C:\Users\zzhu329\Documents\GitHub\EM-3DMotion\BehaviorFitting\BehaviorData_Clay.mat,Clay,Clay_033,33,nonStim,4,Bino,-0.363636363636364,0.363636363636364,1,9,10,0.9
C:\Users\zzhu329\Documents\GitHub\EM-3DMotion\BehaviorFitting\BehaviorData_Clay.mat,Clay,Clay_033,33,nonStim,4,Bino,-0.181818181818182,0.181818181818182,1,9,10,0.9
C:\Users\zzhu329\Documents\GitHub\EM-3DMotion\BehaviorFitting\BehaviorData_Clay.mat,Clay,Clay_033,33,nonStim,4,Bino,-0.0909090909090909,0.0909090909090909,3,7,10,0.7
C:\Users\zzhu329\Documents\GitHub\EM-3DMotion\BehaviorFitting\BehaviorData_Clay.mat,Clay,Clay_033,33,nonStim,4,Bino,0.0909090909090909,0.0909090909090909,2,2,10,0.2
C:\Users\zzhu329\Documents\GitHub\EM-3DMotion\BehaviorFitting\BehaviorData_Clay.mat,Clay,Clay_033,33,nonStim,4,Bino,0.181818181818182,0.181818181818182,5,5,10,0.5
C:\Users\zzhu329\Documents\GitHub\EM-3DMotion\BehaviorFitting\BehaviorData_Clay.mat,Clay,Clay_033,33,nonStim,4,Bino,0.363636363636364,0.363636363636364,10,10,10,1
C:\Users\zzhu329\Documents\GitHub\EM-3DMotion\BehaviorFitting\BehaviorData_Clay.mat,Clay,Clay_033,33,nonStim,4,Bino,0.454545454545455,0.454545454545455,7,7,10,0.7
C:\Users\zzhu329\Documents\GitHub\EM-3DMotion\BehaviorFitting\BehaviorData_Clay.mat,Clay,Clay_033,33,nonStim,4,Bino,0.636363636363636,0.636363636363636,6,6,10,0.6
C:\Users\zzhu329\Documents\GitHub\EM-3DMotion\BehaviorFitting\BehaviorData_Clay.mat,Clay,Clay_033,33,nonStim,4,Bino,1,1,5,5,10,0.5
C:\Users\zzhu329\Documents\GitHub\EM-3DMotion\BehaviorFitting\BehaviorData_Clay.mat,Clay,Clay_034,34,nonStim,1,Combined,-1,1,0,10,10,1
C:\Users\zzhu329\Documents\GitHub\EM-3DMotion\BehaviorFitting\BehaviorData_Clay.mat,Clay,Clay_034,34,nonStim,1,Combined,-0.636363636363636,0.636363636363636,1,9,10,0.9
C:\Users\zzhu329\Documents\GitHub\EM-3DMotion\BehaviorFitting\BehaviorData_Clay.mat,Clay,Clay_034,34,nonStim,1,Combined,-0.454545454545455,0.454545454545455,0,10,10,1
C:\Users\zzhu329\Documents\GitHub\EM-3DMotion\BehaviorFitting\BehaviorData_Clay.mat,Clay,Clay_034,34,nonStim,1,Combined,-0.363636363636364,0.363636363636364,1,9,10,0.9
C:\Users\zzhu329\Documents\GitHub\EM-3DMotion\BehaviorFitting\BehaviorData_Clay.mat,Clay,Clay_034,34,nonStim,1,Combined,-0.181818181818182,0.181818181818182,0,10,10,1
C:\Users\zzhu329\Documents\GitHub\EM-3DMotion\BehaviorFitting\BehaviorData_Clay.mat,Clay,Clay_034,34,nonStim,1,Combined,-0.0909090909090909,0.0909090909090909,3,7,10,0.7
C:\Users\zzhu329\Documents\GitHub\EM-3DMotion\BehaviorFitting\BehaviorData_Clay.mat,Clay,Clay_034,34,nonStim,1,Combined,0.0909090909090909,0.0909090909090909,9,9,10,0.9
C:\Users\zzhu329\Documents\GitHub\EM-3DMotion\BehaviorFitting\BehaviorData_Clay.mat,Clay,Clay_034,34,nonStim,1,Combined,0.181818181818182,0.181818181818182,10,10,10,1
C:\Users\zzhu329\Documents\GitHub\EM-3DMotion\BehaviorFitting\BehaviorData_Clay.mat,Clay,Clay_034,34,nonStim,1,Combined,0.363636363636364,0.363636363636364,10,10,10,1
C:\Users\zzhu329\Documents\GitHub\EM-3DMotion\BehaviorFitting\BehaviorData_Clay.mat,Clay,Clay_034,34,nonStim,1,Combined,0.454545454545455,0.454545454545455,10,10,10,1
C:\Users\zzhu329\Documents\GitHub\EM-3DMotion\BehaviorFitting\BehaviorData_Clay.mat,Clay,Clay_034,34,nonStim,1,Combined,0.636363636363636,0.636363636363636,10,10,10,1
C:\Users\zzhu329\Documents\GitHub\EM-3DMotion\BehaviorFitting\BehaviorData_Clay.mat,Clay,Clay_034,34,nonStim,1,Combined,1,1,10,10,10,1
C:\Users\zzhu329\Documents\GitHub\EM-3DMotion\BehaviorFitting\BehaviorData_Clay.mat,Clay,Clay_034,34,nonStim,2,MonoL,-1,1,0,10,10,1
C:\Users\zzhu329\Documents\GitHub\EM-3DMotion\BehaviorFitting\BehaviorData_Clay.mat,Clay,Clay_034,34,nonStim,2,MonoL,-0.636363636363636,0.636363636363636,2,8,10,0.8
C:\Users\zzhu329\Documents\GitHub\EM-3DMotion\BehaviorFitting\BehaviorData_Clay.mat,Clay,Clay_034,34,nonStim,2,MonoL,-0.454545454545455,0.454545454545455,1,9,10,0.9
C:\Users\zzhu329\Documents\GitHub\EM-3DMotion\BehaviorFitting\BehaviorData_Clay.mat,Clay,Clay_034,34,nonStim,2,MonoL,-0.363636363636364,0.363636363636364,1,9,10,0.9
C:\Users\zzhu329\Documents\GitHub\EM-3DMotion\BehaviorFitting\BehaviorData_Clay.mat,Clay,Clay_034,34,nonStim,2,MonoL,-0.181818181818182,0.181818181818182,8,2,10,0.2
C:\Users\zzhu329\Documents\GitHub\EM-3DMotion\BehaviorFitting\BehaviorData_Clay.mat,Clay,Clay_034,34,nonStim,2,MonoL,-0.0909090909090909,0.0909090909090909,2,7,9,0.777777777777778
C:\Users\zzhu329\Documents\GitHub\EM-3DMotion\BehaviorFitting\BehaviorData_Clay.mat,Clay,Clay_034,34,nonStim,2,MonoL,0.0909090909090909,0.0909090909090909,6,6,10,0.6
C:\Users\zzhu329\Documents\GitHub\EM-3DMotion\BehaviorFitting\BehaviorData_Clay.mat,Clay,Clay_034,34,nonStim,2,MonoL,0.181818181818182,0.181818181818182,9,9,10,0.9
C:\Users\zzhu329\Documents\GitHub\EM-3DMotion\BehaviorFitting\BehaviorData_Clay.mat,Clay,Clay_034,34,nonStim,2,MonoL,0.363636363636364,0.363636363636364,9,9,10,0.9
C:\Users\zzhu329\Documents\GitHub\EM-3DMotion\BehaviorFitting\BehaviorData_Clay.mat,Clay,Clay_034,34,nonStim,2,MonoL,0.454545454545455,0.454545454545455,10,10,10,1
C:\Users\zzhu329\Documents\GitHub\EM-3DMotion\BehaviorFitting\BehaviorData_Clay.mat,Clay,Clay_034,34,nonStim,2,MonoL,0.636363636363636,0.636363636363636,9,9,10,0.9
C:\Users\zzhu329\Documents\GitHub\EM-3DMotion\BehaviorFitting\BehaviorData_Clay.mat,Clay,Clay_034,34,nonStim,2,MonoL,1,1,10,10,10,1
C:\Users\zzhu329\Documents\GitHub\EM-3DMotion\BehaviorFitting\BehaviorData_Clay.mat,Clay,Clay_034,34,nonStim,3,MonoR,-1,1,0,10,10,1
C:\Users\zzhu329\Documents\GitHub\EM-3DMotion\BehaviorFitting\BehaviorData_Clay.mat,Clay,Clay_034,34,nonStim,3,MonoR,-0.636363636363636,0.636363636363636,0,10,10,1
C:\Users\zzhu329\Documents\GitHub\EM-3DMotion\BehaviorFitting\BehaviorData_Clay.mat,Clay,Clay_034,34,nonStim,3,MonoR,-0.454545454545455,0.454545454545455,0,9,9,1
C:\Users\zzhu329\Documents\GitHub\EM-3DMotion\BehaviorFitting\BehaviorData_Clay.mat,Clay,Clay_034,34,nonStim,3,MonoR,-0.363636363636364,0.363636363636364,0,10,10,1
C:\Users\zzhu329\Documents\GitHub\EM-3DMotion\BehaviorFitting\BehaviorData_Clay.mat,Clay,Clay_034,34,nonStim,3,MonoR,-0.181818181818182,0.181818181818182,1,9,10,0.9
C:\Users\zzhu329\Documents\GitHub\EM-3DMotion\BehaviorFitting\BehaviorData_Clay.mat,Clay,Clay_034,34,nonStim,3,MonoR,-0.0909090909090909,0.0909090909090909,6,4,10,0.4
C:\Users\zzhu329\Documents\GitHub\EM-3DMotion\BehaviorFitting\BehaviorData_Clay.mat,Clay,Clay_034,34,nonStim,3,MonoR,0.0909090909090909,0.0909090909090909,8,8,10,0.8
C:\Users\zzhu329\Documents\GitHub\EM-3DMotion\BehaviorFitting\BehaviorData_Clay.mat,Clay,Clay_034,34,nonStim,3,MonoR,0.181818181818182,0.181818181818182,8,8,10,0.8
C:\Users\zzhu329\Documents\GitHub\EM-3DMotion\BehaviorFitting\BehaviorData_Clay.mat,Clay,Clay_034,34,nonStim,3,MonoR,0.363636363636364,0.363636363636364,9,9,10,0.9
C:\Users\zzhu329\Documents\GitHub\EM-3DMotion\BehaviorFitting\BehaviorData_Clay.mat,Clay,Clay_034,34,nonStim,3,MonoR,0.454545454545455,0.454545454545455,10,10,10,1
C:\Users\zzhu329\Documents\GitHub\EM-3DMotion\BehaviorFitting\BehaviorData_Clay.mat,Clay,Clay_034,34,nonStim,3,MonoR,0.636363636363636,0.636363636363636,10,10,10,1
C:\Users\zzhu329\Documents\GitHub\EM-3DMotion\BehaviorFitting\BehaviorData_Clay.mat,Clay,Clay_034,34,nonStim,3,MonoR,1,1,10,10,10,1
C:\Users\zzhu329\Documents\GitHub\EM-3DMotion\BehaviorFitting\BehaviorData_Clay.mat,Clay,Clay_034,34,nonStim,4,Bino,-1,1,0,10,10,1
C:\Users\zzhu329\Documents\GitHub\EM-3DMotion\BehaviorFitting\BehaviorData_Clay.mat,Clay,Clay_034,34,nonStim,4,Bino,-0.636363636363636,0.636363636363636,1,9,10,0.9
C:\Users\zzhu329\Documents\GitHub\EM-3DMotion\BehaviorFitting\BehaviorData_Clay.mat,Clay,Clay_034,34,nonStim,4,Bino,-0.454545454545455,0.454545454545455,1,9,10,0.9
C:\Users\zzhu329\Documents\GitHub\EM-3DMotion\BehaviorFitting\BehaviorData_Clay.mat,Clay,Clay_034,34,nonStim,4,Bino,-0.363636363636364,0.363636363636364,3,7,10,0.7
C:\Users\zzhu329\Documents\GitHub\EM-3DMotion\BehaviorFitting\BehaviorData_Clay.mat,Clay,Clay_034,34,nonStim,4,Bino,-0.181818181818182,0.181818181818182,2,8,10,0.8
C:\Users\zzhu329\Documents\GitHub\EM-3DMotion\BehaviorFitting\BehaviorData_Clay.mat,Clay,Clay_034,34,nonStim,4,Bino,-0.0909090909090909,0.0909090909090909,3,7,10,0.7
C:\Users\zzhu329\Documents\GitHub\EM-3DMotion\BehaviorFitting\BehaviorData_Clay.mat,Clay,Clay_034,34,nonStim,4,Bino,0.0909090909090909,0.0909090909090909,6,6,10,0.6
C:\Users\zzhu329\Documents\GitHub\EM-3DMotion\BehaviorFitting\BehaviorData_Clay.mat,Clay,Clay_034,34,nonStim,4,Bino,0.181818181818182,0.181818181818182,5,5,10,0.5
C:\Users\zzhu329\Documents\GitHub\EM-3DMotion\BehaviorFitting\BehaviorData_Clay.mat,Clay,Clay_034,34,nonStim,4,Bino,0.363636363636364,0.363636363636364,10,10,10,1
C:\Users\zzhu329\Documents\GitHub\EM-3DMotion\BehaviorFitting\BehaviorData_Clay.mat,Clay,Clay_034,34,nonStim,4,Bino,0.454545454545455,0.454545454545455,8,8,9,0.888888888888889
C:\Users\zzhu329\Documents\GitHub\EM-3DMotion\BehaviorFitting\BehaviorData_Clay.mat,Clay,Clay_034,34,nonStim,4,Bino,0.636363636363636,0.636363636363636,9,9,10,0.9
C:\Users\zzhu329\Documents\GitHub\EM-3DMotion\BehaviorFitting\BehaviorData_Clay.mat,Clay,Clay_034,34,nonStim,4,Bino,1,1,10,10,10,1
C:\Users\zzhu329\Documents\GitHub\EM-3DMotion\BehaviorFitting\BehaviorData_Clay.mat,Clay,Clay_035,35,nonStim,1,Combined,-1,1,0,10,10,1
C:\Users\zzhu329\Documents\GitHub\EM-3DMotion\BehaviorFitting\BehaviorData_Clay.mat,Clay,Clay_035,35,nonStim,1,Combined,-0.636363636363636,0.636363636363636,0,10,10,1
C:\Users\zzhu329\Documents\GitHub\EM-3DMotion\BehaviorFitting\BehaviorData_Clay.mat,Clay,Clay_035,35,nonStim,1,Combined,-0.454545454545455,0.454545454545455,0,10,10,1
C:\Users\zzhu329\Documents\GitHub\EM-3DMotion\BehaviorFitting\BehaviorData_Clay.mat,Clay,Clay_035,35,nonStim,1,Combined,-0.363636363636364,0.363636363636364,0,10,10,1
C:\Users\zzhu329\Documents\GitHub\EM-3DMotion\BehaviorFitting\BehaviorData_Clay.mat,Clay,Clay_035,35,nonStim,1,Combined,-0.181818181818182,0.181818181818182,5,5,10,0.5
C:\Users\zzhu329\Documents\GitHub\EM-3DMotion\BehaviorFitting\BehaviorData_Clay.mat,Clay,Clay_035,35,nonStim,1,Combined,-0.0909090909090909,0.0909090909090909,7,3,10,0.3
C:\Users\zzhu329\Documents\GitHub\EM-3DMotion\BehaviorFitting\BehaviorData_Clay.mat,Clay,Clay_035,35,nonStim,1,Combined,0.0909090909090909,0.0909090909090909,10,10,10,1
C:\Users\zzhu329\Documents\GitHub\EM-3DMotion\BehaviorFitting\BehaviorData_Clay.mat,Clay,Clay_035,35,nonStim,1,Combined,0.181818181818182,0.181818181818182,10,10,10,1
C:\Users\zzhu329\Documents\GitHub\EM-3DMotion\BehaviorFitting\BehaviorData_Clay.mat,Clay,Clay_035,35,nonStim,1,Combined,0.363636363636364,0.363636363636364,10,10,10,1
C:\Users\zzhu329\Documents\GitHub\EM-3DMotion\BehaviorFitting\BehaviorData_Clay.mat,Clay,Clay_035,35,nonStim,1,Combined,0.454545454545455,0.454545454545455,10,10,10,1
C:\Users\zzhu329\Documents\GitHub\EM-3DMotion\BehaviorFitting\BehaviorData_Clay.mat,Clay,Clay_035,35,nonStim,1,Combined,0.636363636363636,0.636363636363636,10,10,10,1
C:\Users\zzhu329\Documents\GitHub\EM-3DMotion\BehaviorFitting\BehaviorData_Clay.mat,Clay,Clay_035,35,nonStim,1,Combined,1,1,10,10,10,1
C:\Users\zzhu329\Documents\GitHub\EM-3DMotion\BehaviorFitting\BehaviorData_Clay.mat,Clay,Clay_035,35,nonStim,2,MonoL,-1,1,2,8,10,0.8
C:\Users\zzhu329\Documents\GitHub\EM-3DMotion\BehaviorFitting\BehaviorData_Clay.mat,Clay,Clay_035,35,nonStim,2,MonoL,-0.636363636363636,0.636363636363636,3,7,10,0.7
C:\Users\zzhu329\Documents\GitHub\EM-3DMotion\BehaviorFitting\BehaviorData_Clay.mat,Clay,Clay_035,35,nonStim,2,MonoL,-0.454545454545455,0.454545454545455,4,6,10,0.6
C:\Users\zzhu329\Documents\GitHub\EM-3DMotion\BehaviorFitting\BehaviorData_Clay.mat,Clay,Clay_035,35,nonStim,2,MonoL,-0.363636363636364,0.363636363636364,3,7,10,0.7
C:\Users\zzhu329\Documents\GitHub\EM-3DMotion\BehaviorFitting\BehaviorData_Clay.mat,Clay,Clay_035,35,nonStim,2,MonoL,-0.181818181818182,0.181818181818182,6,4,10,0.4
C:\Users\zzhu329\Documents\GitHub\EM-3DMotion\BehaviorFitting\BehaviorData_Clay.mat,Clay,Clay_035,35,nonStim,2,MonoL,-0.0909090909090909,0.0909090909090909,5,5,10,0.5
C:\Users\zzhu329\Documents\GitHub\EM-3DMotion\BehaviorFitting\BehaviorData_Clay.mat,Clay,Clay_035,35,nonStim,2,MonoL,0.0909090909090909,0.0909090909090909,7,7,10,0.7
C:\Users\zzhu329\Documents\GitHub\EM-3DMotion\BehaviorFitting\BehaviorData_Clay.mat,Clay,Clay_035,35,nonStim,2,MonoL,0.181818181818182,0.181818181818182,8,8,10,0.8
C:\Users\zzhu329\Documents\GitHub\EM-3DMotion\BehaviorFitting\BehaviorData_Clay.mat,Clay,Clay_035,35,nonStim,2,MonoL,0.363636363636364,0.363636363636364,10,10,10,1
C:\Users\zzhu329\Documents\GitHub\EM-3DMotion\BehaviorFitting\BehaviorData_Clay.mat,Clay,Clay_035,35,nonStim,2,MonoL,0.454545454545455,0.454545454545455,9,9,10,0.9
C:\Users\zzhu329\Documents\GitHub\EM-3DMotion\BehaviorFitting\BehaviorData_Clay.mat,Clay,Clay_035,35,nonStim,2,MonoL,0.636363636363636,0.636363636363636,10,10,10,1
C:\Users\zzhu329\Documents\GitHub\EM-3DMotion\BehaviorFitting\BehaviorData_Clay.mat,Clay,Clay_035,35,nonStim,2,MonoL,1,1,10,10,10,1
C:\Users\zzhu329\Documents\GitHub\EM-3DMotion\BehaviorFitting\BehaviorData_Clay.mat,Clay,Clay_035,35,nonStim,3,MonoR,-1,1,0,10,10,1
C:\Users\zzhu329\Documents\GitHub\EM-3DMotion\BehaviorFitting\BehaviorData_Clay.mat,Clay,Clay_035,35,nonStim,3,MonoR,-0.636363636363636,0.636363636363636,4,6,10,0.6
C:\Users\zzhu329\Documents\GitHub\EM-3DMotion\BehaviorFitting\BehaviorData_Clay.mat,Clay,Clay_035,35,nonStim,3,MonoR,-0.454545454545455,0.454545454545455,4,6,10,0.6
C:\Users\zzhu329\Documents\GitHub\EM-3DMotion\BehaviorFitting\BehaviorData_Clay.mat,Clay,Clay_035,35,nonStim,3,MonoR,-0.363636363636364,0.363636363636364,4,6,10,0.6
C:\Users\zzhu329\Documents\GitHub\EM-3DMotion\BehaviorFitting\BehaviorData_Clay.mat,Clay,Clay_035,35,nonStim,3,MonoR,-0.181818181818182,0.181818181818182,6,4,10,0.4
C:\Users\zzhu329\Documents\GitHub\EM-3DMotion\BehaviorFitting\BehaviorData_Clay.mat,Clay,Clay_035,35,nonStim,3,MonoR,-0.0909090909090909,0.0909090909090909,6,4,10,0.4
C:\Users\zzhu329\Documents\GitHub\EM-3DMotion\BehaviorFitting\BehaviorData_Clay.mat,Clay,Clay_035,35,nonStim,3,MonoR,0.0909090909090909,0.0909090909090909,7,7,10,0.7
C:\Users\zzhu329\Documents\GitHub\EM-3DMotion\BehaviorFitting\BehaviorData_Clay.mat,Clay,Clay_035,35,nonStim,3,MonoR,0.181818181818182,0.181818181818182,7,7,10,0.7
C:\Users\zzhu329\Documents\GitHub\EM-3DMotion\BehaviorFitting\BehaviorData_Clay.mat,Clay,Clay_035,35,nonStim,3,MonoR,0.363636363636364,0.363636363636364,10,10,11,0.909090909090909
C:\Users\zzhu329\Documents\GitHub\EM-3DMotion\BehaviorFitting\BehaviorData_Clay.mat,Clay,Clay_035,35,nonStim,3,MonoR,0.454545454545455,0.454545454545455,10,10,10,1
C:\Users\zzhu329\Documents\GitHub\EM-3DMotion\BehaviorFitting\BehaviorData_Clay.mat,Clay,Clay_035,35,nonStim,3,MonoR,0.636363636363636,0.636363636363636,10,10,10,1
C:\Users\zzhu329\Documents\GitHub\EM-3DMotion\BehaviorFitting\BehaviorData_Clay.mat,Clay,Clay_035,35,nonStim,3,MonoR,1,1,10,10,10,1
C:\Users\zzhu329\Documents\GitHub\EM-3DMotion\BehaviorFitting\BehaviorData_Clay.mat,Clay,Clay_035,35,nonStim,4,Bino,-1,1,2,8,10,0.8
C:\Users\zzhu329\Documents\GitHub\EM-3DMotion\BehaviorFitting\BehaviorData_Clay.mat,Clay,Clay_035,35,nonStim,4,Bino,-0.636363636363636,0.636363636363636,1,9,10,0.9
C:\Users\zzhu329\Documents\GitHub\EM-3DMotion\BehaviorFitting\BehaviorData_Clay.mat,Clay,Clay_035,35,nonStim,4,Bino,-0.454545454545455,0.454545454545455,4,6,10,0.6
C:\Users\zzhu329\Documents\GitHub\EM-3DMotion\BehaviorFitting\BehaviorData_Clay.mat,Clay,Clay_035,35,nonStim,4,Bino,-0.363636363636364,0.363636363636364,3,7,10,0.7
C:\Users\zzhu329\Documents\GitHub\EM-3DMotion\BehaviorFitting\BehaviorData_Clay.mat,Clay,Clay_035,35,nonStim,4,Bino,-0.181818181818182,0.181818181818182,7,3,10,0.3
C:\Users\zzhu329\Documents\GitHub\EM-3DMotion\BehaviorFitting\BehaviorData_Clay.mat,Clay,Clay_035,35,nonStim,4,Bino,-0.0909090909090909,0.0909090909090909,6,4,10,0.4
C:\Users\zzhu329\Documents\GitHub\EM-3DMotion\BehaviorFitting\BehaviorData_Clay.mat,Clay,Clay_035,35,nonStim,4,Bino,0.0909090909090909,0.0909090909090909,9,9,10,0.9
C:\Users\zzhu329\Documents\GitHub\EM-3DMotion\BehaviorFitting\BehaviorData_Clay.mat,Clay,Clay_035,35,nonStim,4,Bino,0.181818181818182,0.181818181818182,7,7,10,0.7
C:\Users\zzhu329\Documents\GitHub\EM-3DMotion\BehaviorFitting\BehaviorData_Clay.mat,Clay,Clay_035,35,nonStim,4,Bino,0.363636363636364,0.363636363636364,10,10,10,1
C:\Users\zzhu329\Documents\GitHub\EM-3DMotion\BehaviorFitting\BehaviorData_Clay.mat,Clay,Clay_035,35,nonStim,4,Bino,0.454545454545455,0.454545454545455,10,10,10,1
C:\Users\zzhu329\Documents\GitHub\EM-3DMotion\BehaviorFitting\BehaviorData_Clay.mat,Clay,Clay_035,35,nonStim,4,Bino,0.636363636363636,0.636363636363636,10,10,10,1
C:\Users\zzhu329\Documents\GitHub\EM-3DMotion\BehaviorFitting\BehaviorData_Clay.mat,Clay,Clay_035,35,nonStim,4,Bino,1,1,9,9,10,0.9
C:\Users\zzhu329\Documents\GitHub\EM-3DMotion\BehaviorFitting\BehaviorData_Clay.mat,Clay,Clay_036,36,nonStim,1,Combined,-1,1,0,10,10,1
C:\Users\zzhu329\Documents\GitHub\EM-3DMotion\BehaviorFitting\BehaviorData_Clay.mat,Clay,Clay_036,36,nonStim,1,Combined,-0.636363636363636,0.636363636363636,0,10,10,1
C:\Users\zzhu329\Documents\GitHub\EM-3DMotion\BehaviorFitting\BehaviorData_Clay.mat,Clay,Clay_036,36,nonStim,1,Combined,-0.454545454545455,0.454545454545455,0,10,10,1
C:\Users\zzhu329\Documents\GitHub\EM-3DMotion\BehaviorFitting\BehaviorData_Clay.mat,Clay,Clay_036,36,nonStim,1,Combined,-0.363636363636364,0.363636363636364,2,8,10,0.8
C:\Users\zzhu329\Documents\GitHub\EM-3DMotion\BehaviorFitting\BehaviorData_Clay.mat,Clay,Clay_036,36,nonStim,1,Combined,-0.181818181818182,0.181818181818182,3,7,10,0.7
C:\Users\zzhu329\Documents\GitHub\EM-3DMotion\BehaviorFitting\BehaviorData_Clay.mat,Clay,Clay_036,36,nonStim,1,Combined,-0.0909090909090909,0.0909090909090909,2,8,10,0.8
C:\Users\zzhu329\Documents\GitHub\EM-3DMotion\BehaviorFitting\BehaviorData_Clay.mat,Clay,Clay_036,36,nonStim,1,Combined,0.0909090909090909,0.0909090909090909,11,11,11,1
C:\Users\zzhu329\Documents\GitHub\EM-3DMotion\BehaviorFitting\BehaviorData_Clay.mat,Clay,Clay_036,36,nonStim,1,Combined,0.181818181818182,0.181818181818182,9,9,10,0.9
C:\Users\zzhu329\Documents\GitHub\EM-3DMotion\BehaviorFitting\BehaviorData_Clay.mat,Clay,Clay_036,36,nonStim,1,Combined,0.363636363636364,0.363636363636364,10,10,10,1
C:\Users\zzhu329\Documents\GitHub\EM-3DMotion\BehaviorFitting\BehaviorData_Clay.mat,Clay,Clay_036,36,nonStim,1,Combined,0.454545454545455,0.454545454545455,10,10,10,1
C:\Users\zzhu329\Documents\GitHub\EM-3DMotion\BehaviorFitting\BehaviorData_Clay.mat,Clay,Clay_036,36,nonStim,1,Combined,0.636363636363636,0.636363636363636,10,10,10,1
C:\Users\zzhu329\Documents\GitHub\EM-3DMotion\BehaviorFitting\BehaviorData_Clay.mat,Clay,Clay_036,36,nonStim,1,Combined,1,1,10,10,10,1
C:\Users\zzhu329\Documents\GitHub\EM-3DMotion\BehaviorFitting\BehaviorData_Clay.mat,Clay,Clay_036,36,nonStim,2,MonoL,-1,1,2,8,10,0.8
C:\Users\zzhu329\Documents\GitHub\EM-3DMotion\BehaviorFitting\BehaviorData_Clay.mat,Clay,Clay_036,36,nonStim,2,MonoL,-0.636363636363636,0.636363636363636,1,9,10,0.9
C:\Users\zzhu329\Documents\GitHub\EM-3DMotion\BehaviorFitting\BehaviorData_Clay.mat,Clay,Clay_036,36,nonStim,2,MonoL,-0.454545454545455,0.454545454545455,1,9,10,0.9
C:\Users\zzhu329\Documents\GitHub\EM-3DMotion\BehaviorFitting\BehaviorData_Clay.mat,Clay,Clay_036,36,nonStim,2,MonoL,-0.363636363636364,0.363636363636364,2,8,10,0.8
C:\Users\zzhu329\Documents\GitHub\EM-3DMotion\BehaviorFitting\BehaviorData_Clay.mat,Clay,Clay_036,36,nonStim,2,MonoL,-0.181818181818182,0.181818181818182,5,5,10,0.5
C:\Users\zzhu329\Documents\GitHub\EM-3DMotion\BehaviorFitting\BehaviorData_Clay.mat,Clay,Clay_036,36,nonStim,2,MonoL,-0.0909090909090909,0.0909090909090909,5,5,10,0.5
C:\Users\zzhu329\Documents\GitHub\EM-3DMotion\BehaviorFitting\BehaviorData_Clay.mat,Clay,Clay_036,36,nonStim,2,MonoL,0.0909090909090909,0.0909090909090909,2,2,10,0.2
C:\Users\zzhu329\Documents\GitHub\EM-3DMotion\BehaviorFitting\BehaviorData_Clay.mat,Clay,Clay_036,36,nonStim,2,MonoL,0.181818181818182,0.181818181818182,5,5,10,0.5
C:\Users\zzhu329\Documents\GitHub\EM-3DMotion\BehaviorFitting\BehaviorData_Clay.mat,Clay,Clay_036,36,nonStim,2,MonoL,0.363636363636364,0.363636363636364,8,8,10,0.8
C:\Users\zzhu329\Documents\GitHub\EM-3DMotion\BehaviorFitting\BehaviorData_Clay.mat,Clay,Clay_036,36,nonStim,2,MonoL,0.454545454545455,0.454545454545455,9,9,10,0.9
C:\Users\zzhu329\Documents\GitHub\EM-3DMotion\BehaviorFitting\BehaviorData_Clay.mat,Clay,Clay_036,36,nonStim,2,MonoL,0.636363636363636,0.636363636363636,8,8,10,0.8
C:\Users\zzhu329\Documents\GitHub\EM-3DMotion\BehaviorFitting\BehaviorData_Clay.mat,Clay,Clay_036,36,nonStim,2,MonoL,1,1,10,10,10,1
C:\Users\zzhu329\Documents\GitHub\EM-3DMotion\BehaviorFitting\BehaviorData_Clay.mat,Clay,Clay_036,36,nonStim,3,MonoR,-1,1,1,9,10,0.9
C:\Users\zzhu329\Documents\GitHub\EM-3DMotion\BehaviorFitting\BehaviorData_Clay.mat,Clay,Clay_036,36,nonStim,3,MonoR,-0.636363636363636,0.636363636363636,1,9,10,0.9
C:\Users\zzhu329\Documents\GitHub\EM-3DMotion\BehaviorFitting\BehaviorData_Clay.mat,Clay,Clay_036,36,nonStim,3,MonoR,-0.454545454545455,0.454545454545455,3,7,10,0.7
C:\Users\zzhu329\Documents\GitHub\EM-3DMotion\BehaviorFitting\BehaviorData_Clay.mat,Clay,Clay_036,36,nonStim,3,MonoR,-0.363636363636364,0.363636363636364,1,9,10,0.9
C:\Users\zzhu329\Documents\GitHub\EM-3DMotion\BehaviorFitting\BehaviorData_Clay.mat,Clay,Clay_036,36,nonStim,3,MonoR,-0.181818181818182,0.181818181818182,3,7,10,0.7
C:\Users\zzhu329\Documents\GitHub\EM-3DMotion\BehaviorFitting\BehaviorData_Clay.mat,Clay,Clay_036,36,nonStim,3,MonoR,-0.0909090909090909,0.0909090909090909,1,9,10,0.9
C:\Users\zzhu329\Documents\GitHub\EM-3DMotion\BehaviorFitting\BehaviorData_Clay.mat,Clay,Clay_036,36,nonStim,3,MonoR,0.0909090909090909,0.0909090909090909,5,5,11,0.454545454545455
C:\Users\zzhu329\Documents\GitHub\EM-3DMotion\BehaviorFitting\BehaviorData_Clay.mat,Clay,Clay_036,36,nonStim,3,MonoR,0.181818181818182,0.181818181818182,7,7,10,0.7
C:\Users\zzhu329\Documents\GitHub\EM-3DMotion\BehaviorFitting\BehaviorData_Clay.mat,Clay,Clay_036,36,nonStim,3,MonoR,0.363636363636364,0.363636363636364,10,10,11,0.909090909090909
C:\Users\zzhu329\Documents\GitHub\EM-3DMotion\BehaviorFitting\BehaviorData_Clay.mat,Clay,Clay_036,36,nonStim,3,MonoR,0.454545454545455,0.454545454545455,11,11,11,1
C:\Users\zzhu329\Documents\GitHub\EM-3DMotion\BehaviorFitting\BehaviorData_Clay.mat,Clay,Clay_036,36,nonStim,3,MonoR,0.636363636363636,0.636363636363636,10,10,10,1
C:\Users\zzhu329\Documents\GitHub\EM-3DMotion\BehaviorFitting\BehaviorData_Clay.mat,Clay,Clay_036,36,nonStim,3,MonoR,1,1,10,10,10,1
C:\Users\zzhu329\Documents\GitHub\EM-3DMotion\BehaviorFitting\BehaviorData_Clay.mat,Clay,Clay_036,36,nonStim,4,Bino,-1,1,1,9,10,0.9
C:\Users\zzhu329\Documents\GitHub\EM-3DMotion\BehaviorFitting\BehaviorData_Clay.mat,Clay,Clay_036,36,nonStim,4,Bino,-0.636363636363636,0.636363636363636,1,9,10,0.9
C:\Users\zzhu329\Documents\GitHub\EM-3DMotion\BehaviorFitting\BehaviorData_Clay.mat,Clay,Clay_036,36,nonStim,4,Bino,-0.454545454545455,0.454545454545455,2,8,10,0.8
C:\Users\zzhu329\Documents\GitHub\EM-3DMotion\BehaviorFitting\BehaviorData_Clay.mat,Clay,Clay_036,36,nonStim,4,Bino,-0.363636363636364,0.363636363636364,1,9,10,0.9
C:\Users\zzhu329\Documents\GitHub\EM-3DMotion\BehaviorFitting\BehaviorData_Clay.mat,Clay,Clay_036,36,nonStim,4,Bino,-0.181818181818182,0.181818181818182,1,9,10,0.9
C:\Users\zzhu329\Documents\GitHub\EM-3DMotion\BehaviorFitting\BehaviorData_Clay.mat,Clay,Clay_036,36,nonStim,4,Bino,-0.0909090909090909,0.0909090909090909,3,7,10,0.7
C:\Users\zzhu329\Documents\GitHub\EM-3DMotion\BehaviorFitting\BehaviorData_Clay.mat,Clay,Clay_036,36,nonStim,4,Bino,0.0909090909090909,0.0909090909090909,2,2,10,0.2
C:\Users\zzhu329\Documents\GitHub\EM-3DMotion\BehaviorFitting\BehaviorData_Clay.mat,Clay,Clay_036,36,nonStim,4,Bino,0.181818181818182,0.181818181818182,7,7,10,0.7
C:\Users\zzhu329\Documents\GitHub\EM-3DMotion\BehaviorFitting\BehaviorData_Clay.mat,Clay,Clay_036,36,nonStim,4,Bino,0.363636363636364,0.363636363636364,9,9,11,0.818181818181818
C:\Users\zzhu329\Documents\GitHub\EM-3DMotion\BehaviorFitting\BehaviorData_Clay.mat,Clay,Clay_036,36,nonStim,4,Bino,0.454545454545455,0.454545454545455,10,10,10,1
C:\Users\zzhu329\Documents\GitHub\EM-3DMotion\BehaviorFitting\BehaviorData_Clay.mat,Clay,Clay_036,36,nonStim,4,Bino,0.636363636363636,0.636363636363636,9,9,10,0.9
C:\Users\zzhu329\Documents\GitHub\EM-3DMotion\BehaviorFitting\BehaviorData_Clay.mat,Clay,Clay_036,36,nonStim,4,Bino,1,1,10,10,10,1
C:\Users\zzhu329\Documents\GitHub\EM-3DMotion\BehaviorFitting\BehaviorData_Clay.mat,Clay,Clay_037,37,nonStim,1,Combined,-1,1,1,5,6,0.833333333333333
C:\Users\zzhu329\Documents\GitHub\EM-3DMotion\BehaviorFitting\BehaviorData_Clay.mat,Clay,Clay_037,37,nonStim,1,Combined,-0.636363636363636,0.636363636363636,0,7,7,1
C:\Users\zzhu329\Documents\GitHub\EM-3DMotion\BehaviorFitting\BehaviorData_Clay.mat,Clay,Clay_037,37,nonStim,1,Combined,-0.454545454545455,0.454545454545455,0,6,6,1
C:\Users\zzhu329\Documents\GitHub\EM-3DMotion\BehaviorFitting\BehaviorData_Clay.mat,Clay,Clay_037,37,nonStim,1,Combined,-0.363636363636364,0.363636363636364,0,7,7,1
C:\Users\zzhu329\Documents\GitHub\EM-3DMotion\BehaviorFitting\BehaviorData_Clay.mat,Clay,Clay_037,37,nonStim,1,Combined,-0.181818181818182,0.181818181818182,1,5,6,0.833333333333333
C:\Users\zzhu329\Documents\GitHub\EM-3DMotion\BehaviorFitting\BehaviorData_Clay.mat,Clay,Clay_037,37,nonStim,1,Combined,-0.0909090909090909,0.0909090909090909,2,4,6,0.666666666666667
C:\Users\zzhu329\Documents\GitHub\EM-3DMotion\BehaviorFitting\BehaviorData_Clay.mat,Clay,Clay_037,37,nonStim,1,Combined,0.0909090909090909,0.0909090909090909,5,5,6,0.833333333333333
C:\Users\zzhu329\Documents\GitHub\EM-3DMotion\BehaviorFitting\BehaviorData_Clay.mat,Clay,Clay_037,37,nonStim,1,Combined,0.181818181818182,0.181818181818182,6,6,6,1
C:\Users\zzhu329\Documents\GitHub\EM-3DMotion\BehaviorFitting\BehaviorData_Clay.mat,Clay,Clay_037,37,nonStim,1,Combined,0.363636363636364,0.363636363636364,6,6,6,1
C:\Users\zzhu329\Documents\GitHub\EM-3DMotion\BehaviorFitting\BehaviorData_Clay.mat,Clay,Clay_037,37,nonStim,1,Combined,0.454545454545455,0.454545454545455,6,6,6,1
C:\Users\zzhu329\Documents\GitHub\EM-3DMotion\BehaviorFitting\BehaviorData_Clay.mat,Clay,Clay_037,37,nonStim,1,Combined,0.636363636363636,0.636363636363636,7,7,7,1
C:\Users\zzhu329\Documents\GitHub\EM-3DMotion\BehaviorFitting\BehaviorData_Clay.mat,Clay,Clay_037,37,nonStim,1,Combined,1,1,6,6,6,1
C:\Users\zzhu329\Documents\GitHub\EM-3DMotion\BehaviorFitting\BehaviorData_Clay.mat,Clay,Clay_037,37,nonStim,2,MonoL,-1,1,1,6,7,0.857142857142857
C:\Users\zzhu329\Documents\GitHub\EM-3DMotion\BehaviorFitting\BehaviorData_Clay.mat,Clay,Clay_037,37,nonStim,2,MonoL,-0.636363636363636,0.636363636363636,2,4,6,0.666666666666667
C:\Users\zzhu329\Documents\GitHub\EM-3DMotion\BehaviorFitting\BehaviorData_Clay.mat,Clay,Clay_037,37,nonStim,2,MonoL,-0.454545454545455,0.454545454545455,2,5,7,0.714285714285714
C:\Users\zzhu329\Documents\GitHub\EM-3DMotion\BehaviorFitting\BehaviorData_Clay.mat,Clay,Clay_037,37,nonStim,2,MonoL,-0.363636363636364,0.363636363636364,1,5,6,0.833333333333333
C:\Users\zzhu329\Documents\GitHub\EM-3DMotion\BehaviorFitting\BehaviorData_Clay.mat,Clay,Clay_037,37,nonStim,2,MonoL,-0.181818181818182,0.181818181818182,1,5,6,0.833333333333333
C:\Users\zzhu329\Documents\GitHub\EM-3DMotion\BehaviorFitting\BehaviorData_Clay.mat,Clay,Clay_037,37,nonStim,2,MonoL,-0.0909090909090909,0.0909090909090909,0,5,5,1
C:\Users\zzhu329\Documents\GitHub\EM-3DMotion\BehaviorFitting\BehaviorData_Clay.mat,Clay,Clay_037,37,nonStim,2,MonoL,0.0909090909090909,0.0909090909090909,4,4,6,0.666666666666667
C:\Users\zzhu329\Documents\GitHub\EM-3DMotion\BehaviorFitting\BehaviorData_Clay.mat,Clay,Clay_037,37,nonStim,2,MonoL,0.181818181818182,0.181818181818182,5,5,7,0.714285714285714
C:\Users\zzhu329\Documents\GitHub\EM-3DMotion\BehaviorFitting\BehaviorData_Clay.mat,Clay,Clay_037,37,nonStim,2,MonoL,0.363636363636364,0.363636363636364,7,7,7,1
C:\Users\zzhu329\Documents\GitHub\EM-3DMotion\BehaviorFitting\BehaviorData_Clay.mat,Clay,Clay_037,37,nonStim,2,MonoL,0.454545454545455,0.454545454545455,7,7,7,1
C:\Users\zzhu329\Documents\GitHub\EM-3DMotion\BehaviorFitting\BehaviorData_Clay.mat,Clay,Clay_037,37,nonStim,2,MonoL,0.636363636363636,0.636363636363636,6,6,6,1
C:\Users\zzhu329\Documents\GitHub\EM-3DMotion\BehaviorFitting\BehaviorData_Clay.mat,Clay,Clay_037,37,nonStim,2,MonoL,1,1,6,6,6,1
C:\Users\zzhu329\Documents\GitHub\EM-3DMotion\BehaviorFitting\BehaviorData_Clay.mat,Clay,Clay_037,37,nonStim,3,MonoR,-1,1,0,5,5,1
C:\Users\zzhu329\Documents\GitHub\EM-3DMotion\BehaviorFitting\BehaviorData_Clay.mat,Clay,Clay_037,37,nonStim,3,MonoR,-0.636363636363636,0.636363636363636,0,6,6,1
C:\Users\zzhu329\Documents\GitHub\EM-3DMotion\BehaviorFitting\BehaviorData_Clay.mat,Clay,Clay_037,37,nonStim,3,MonoR,-0.454545454545455,0.454545454545455,0,7,7,1
C:\Users\zzhu329\Documents\GitHub\EM-3DMotion\BehaviorFitting\BehaviorData_Clay.mat,Clay,Clay_037,37,nonStim,3,MonoR,-0.363636363636364,0.363636363636364,1,6,7,0.857142857142857
C:\Users\zzhu329\Documents\GitHub\EM-3DMotion\BehaviorFitting\BehaviorData_Clay.mat,Clay,Clay_037,37,nonStim,3,MonoR,-0.181818181818182,0.181818181818182,3,4,7,0.571428571428571
C:\Users\zzhu329\Documents\GitHub\EM-3DMotion\BehaviorFitting\BehaviorData_Clay.mat,Clay,Clay_037,37,nonStim,3,MonoR,-0.0909090909090909,0.0909090909090909,1,6,7,0.857142857142857
C:\Users\zzhu329\Documents\GitHub\EM-3DMotion\BehaviorFitting\BehaviorData_Clay.mat,Clay,Clay_037,37,nonStim,3,MonoR,0.0909090909090909,0.0909090909090909,3,3,6,0.5
C:\Users\zzhu329\Documents\GitHub\EM-3DMotion\BehaviorFitting\BehaviorData_Clay.mat,Clay,Clay_037,37,nonStim,3,MonoR,0.181818181818182,0.181818181818182,4,4,7,0.571428571428571
C:\Users\zzhu329\Documents\GitHub\EM-3DMotion\BehaviorFitting\BehaviorData_Clay.mat,Clay,Clay_037,37,nonStim,3,MonoR,0.363636363636364,0.363636363636364,6,6,6,1
C:\Users\zzhu329\Documents\GitHub\EM-3DMotion\BehaviorFitting\BehaviorData_Clay.mat,Clay,Clay_037,37,nonStim,3,MonoR,0.454545454545455,0.454545454545455,6,6,6,1
C:\Users\zzhu329\Documents\GitHub\EM-3DMotion\BehaviorFitting\BehaviorData_Clay.mat,Clay,Clay_037,37,nonStim,3,MonoR,0.636363636363636,0.636363636363636,6,6,6,1
C:\Users\zzhu329\Documents\GitHub\EM-3DMotion\BehaviorFitting\BehaviorData_Clay.mat,Clay,Clay_037,37,nonStim,3,MonoR,1,1,7,7,7,1
C:\Users\zzhu329\Documents\GitHub\EM-3DMotion\BehaviorFitting\BehaviorData_Clay.mat,Clay,Clay_037,37,nonStim,4,Bino,-1,1,0,6,6,1
C:\Users\zzhu329\Documents\GitHub\EM-3DMotion\BehaviorFitting\BehaviorData_Clay.mat,Clay,Clay_037,37,nonStim,4,Bino,-0.636363636363636,0.636363636363636,1,5,6,0.833333333333333
C:\Users\zzhu329\Documents\GitHub\EM-3DMotion\BehaviorFitting\BehaviorData_Clay.mat,Clay,Clay_037,37,nonStim,4,Bino,-0.454545454545455,0.454545454545455,0,6,6,1
C:\Users\zzhu329\Documents\GitHub\EM-3DMotion\BehaviorFitting\BehaviorData_Clay.mat,Clay,Clay_037,37,nonStim,4,Bino,-0.363636363636364,0.363636363636364,1,5,6,0.833333333333333
C:\Users\zzhu329\Documents\GitHub\EM-3DMotion\BehaviorFitting\BehaviorData_Clay.mat,Clay,Clay_037,37,nonStim,4,Bino,-0.181818181818182,0.181818181818182,1,6,7,0.857142857142857
C:\Users\zzhu329\Documents\GitHub\EM-3DMotion\BehaviorFitting\BehaviorData_Clay.mat,Clay,Clay_037,37,nonStim,4,Bino,-0.0909090909090909,0.0909090909090909,2,5,7,0.714285714285714
C:\Users\zzhu329\Documents\GitHub\EM-3DMotion\BehaviorFitting\BehaviorData_Clay.mat,Clay,Clay_037,37,nonStim,4,Bino,0.0909090909090909,0.0909090909090909,2,2,6,0.333333333333333
C:\Users\zzhu329\Documents\GitHub\EM-3DMotion\BehaviorFitting\BehaviorData_Clay.mat,Clay,Clay_037,37,nonStim,4,Bino,0.181818181818182,0.181818181818182,4,4,6,0.666666666666667
C:\Users\zzhu329\Documents\GitHub\EM-3DMotion\BehaviorFitting\BehaviorData_Clay.mat,Clay,Clay_037,37,nonStim,4,Bino,0.363636363636364,0.363636363636364,4,4,5,0.8
C:\Users\zzhu329\Documents\GitHub\EM-3DMotion\BehaviorFitting\BehaviorData_Clay.mat,Clay,Clay_037,37,nonStim,4,Bino,0.454545454545455,0.454545454545455,6,6,6,1
C:\Users\zzhu329\Documents\GitHub\EM-3DMotion\BehaviorFitting\BehaviorData_Clay.mat,Clay,Clay_037,37,nonStim,4,Bino,0.636363636363636,0.636363636363636,6,6,6,1
C:\Users\zzhu329\Documents\GitHub\EM-3DMotion\BehaviorFitting\BehaviorData_Clay.mat,Clay,Clay_037,37,nonStim,4,Bino,1,1,6,6,6,1
C:\Users\zzhu329\Documents\GitHub\EM-3DMotion\BehaviorFitting\BehaviorData_Clay.mat,Clay,Clay_038,38,nonStim,1,Combined,-1,1,0,10,10,1
C:\Users\zzhu329\Documents\GitHub\EM-3DMotion\BehaviorFitting\BehaviorData_Clay.mat,Clay,Clay_038,38,nonStim,1,Combined,-0.636363636363636,0.636363636363636,0,10,10,1
C:\Users\zzhu329\Documents\GitHub\EM-3DMotion\BehaviorFitting\BehaviorData_Clay.mat,Clay,Clay_038,38,nonStim,1,Combined,-0.454545454545455,0.454545454545455,0,10,10,1
C:\Users\zzhu329\Documents\GitHub\EM-3DMotion\BehaviorFitting\BehaviorData_Clay.mat,Clay,Clay_038,38,nonStim,1,Combined,-0.363636363636364,0.363636363636364,0,10,10,1
C:\Users\zzhu329\Documents\GitHub\EM-3DMotion\BehaviorFitting\BehaviorData_Clay.mat,Clay,Clay_038,38,nonStim,1,Combined,-0.181818181818182,0.181818181818182,1,9,10,0.9
C:\Users\zzhu329\Documents\GitHub\EM-3DMotion\BehaviorFitting\BehaviorData_Clay.mat,Clay,Clay_038,38,nonStim,1,Combined,-0.0909090909090909,0.0909090909090909,5,5,10,0.5
C:\Users\zzhu329\Documents\GitHub\EM-3DMotion\BehaviorFitting\BehaviorData_Clay.mat,Clay,Clay_038,38,nonStim,1,Combined,0.0909090909090909,0.0909090909090909,9,9,10,0.9
C:\Users\zzhu329\Documents\GitHub\EM-3DMotion\BehaviorFitting\BehaviorData_Clay.mat,Clay,Clay_038,38,nonStim,1,Combined,0.181818181818182,0.181818181818182,11,11,11,1
C:\Users\zzhu329\Documents\GitHub\EM-3DMotion\BehaviorFitting\BehaviorData_Clay.mat,Clay,Clay_038,38,nonStim,1,Combined,0.363636363636364,0.363636363636364,10,10,10,1
C:\Users\zzhu329\Documents\GitHub\EM-3DMotion\BehaviorFitting\BehaviorData_Clay.mat,Clay,Clay_038,38,nonStim,1,Combined,0.454545454545455,0.454545454545455,10,10,10,1
C:\Users\zzhu329\Documents\GitHub\EM-3DMotion\BehaviorFitting\BehaviorData_Clay.mat,Clay,Clay_038,38,nonStim,1,Combined,0.636363636363636,0.636363636363636,10,10,10,1
C:\Users\zzhu329\Documents\GitHub\EM-3DMotion\BehaviorFitting\BehaviorData_Clay.mat,Clay,Clay_038,38,nonStim,1,Combined,1,1,10,10,10,1
C:\Users\zzhu329\Documents\GitHub\EM-3DMotion\BehaviorFitting\BehaviorData_Clay.mat,Clay,Clay_038,38,nonStim,2,MonoL,-1,1,0,10,10,1
C:\Users\zzhu329\Documents\GitHub\EM-3DMotion\BehaviorFitting\BehaviorData_Clay.mat,Clay,Clay_038,38,nonStim,2,MonoL,-0.636363636363636,0.636363636363636,2,8,10,0.8
C:\Users\zzhu329\Documents\GitHub\EM-3DMotion\BehaviorFitting\BehaviorData_Clay.mat,Clay,Clay_038,38,nonStim,2,MonoL,-0.454545454545455,0.454545454545455,2,8,10,0.8
C:\Users\zzhu329\Documents\GitHub\EM-3DMotion\BehaviorFitting\BehaviorData_Clay.mat,Clay,Clay_038,38,nonStim,2,MonoL,-0.363636363636364,0.363636363636364,0,10,10,1
C:\Users\zzhu329\Documents\GitHub\EM-3DMotion\BehaviorFitting\BehaviorData_Clay.mat,Clay,Clay_038,38,nonStim,2,MonoL,-0.181818181818182,0.181818181818182,3,7,10,0.7
C:\Users\zzhu329\Documents\GitHub\EM-3DMotion\BehaviorFitting\BehaviorData_Clay.mat,Clay,Clay_038,38,nonStim,2,MonoL,-0.0909090909090909,0.0909090909090909,0,10,10,1
C:\Users\zzhu329\Documents\GitHub\EM-3DMotion\BehaviorFitting\BehaviorData_Clay.mat,Clay,Clay_038,38,nonStim,2,MonoL,0.0909090909090909,0.0909090909090909,1,1,10,0.1
C:\Users\zzhu329\Documents\GitHub\EM-3DMotion\BehaviorFitting\BehaviorData_Clay.mat,Clay,Clay_038,38,nonStim,2,MonoL,0.181818181818182,0.181818181818182,6,6,10,0.6
C:\Users\zzhu329\Documents\GitHub\EM-3DMotion\BehaviorFitting\BehaviorData_Clay.mat,Clay,Clay_038,38,nonStim,2,MonoL,0.363636363636364,0.363636363636364,9,9,11,0.818181818181818
C:\Users\zzhu329\Documents\GitHub\EM-3DMotion\BehaviorFitting\BehaviorData_Clay.mat,Clay,Clay_038,38,nonStim,2,MonoL,0.454545454545455,0.454545454545455,7,7,10,0.7
C:\Users\zzhu329\Documents\GitHub\EM-3DMotion\BehaviorFitting\BehaviorData_Clay.mat,Clay,Clay_038,38,nonStim,2,MonoL,0.636363636363636,0.636363636363636,10,10,10,1
C:\Users\zzhu329\Documents\GitHub\EM-3DMotion\BehaviorFitting\BehaviorData_Clay.mat,Clay,Clay_038,38,nonStim,2,MonoL,1,1,10,10,10,1
C:\Users\zzhu329\Documents\GitHub\EM-3DMotion\BehaviorFitting\BehaviorData_Clay.mat,Clay,Clay_038,38,nonStim,3,MonoR,-1,1,1,9,10,0.9
C:\Users\zzhu329\Documents\GitHub\EM-3DMotion\BehaviorFitting\BehaviorData_Clay.mat,Clay,Clay_038,38,nonStim,3,MonoR,-0.636363636363636,0.636363636363636,1,10,11,0.909090909090909
C:\Users\zzhu329\Documents\GitHub\EM-3DMotion\BehaviorFitting\BehaviorData_Clay.mat,Clay,Clay_038,38,nonStim,3,MonoR,-0.454545454545455,0.454545454545455,3,8,11,0.727272727272727
C:\Users\zzhu329\Documents\GitHub\EM-3DMotion\BehaviorFitting\BehaviorData_Clay.mat,Clay,Clay_038,38,nonStim,3,MonoR,-0.363636363636364,0.363636363636364,1,9,10,0.9
C:\Users\zzhu329\Documents\GitHub\EM-3DMotion\BehaviorFitting\BehaviorData_Clay.mat,Clay,Clay_038,38,nonStim,3,MonoR,-0.181818181818182,0.181818181818182,0,10,10,1
C:\Users\zzhu329\Documents\GitHub\EM-3DMotion\BehaviorFitting\BehaviorData_Clay.mat,Clay,Clay_038,38,nonStim,3,MonoR,-0.0909090909090909,0.0909090909090909,3,7,10,0.7
C:\Users\zzhu329\Documents\GitHub\EM-3DMotion\BehaviorFitting\BehaviorData_Clay.mat,Clay,Clay_038,38,nonStim,3,MonoR,0.0909090909090909,0.0909090909090909,5,5,10,0.5
C:\Users\zzhu329\Documents\GitHub\EM-3DMotion\BehaviorFitting\BehaviorData_Clay.mat,Clay,Clay_038,38,nonStim,3,MonoR,0.181818181818182,0.181818181818182,5,5,10,0.5
C:\Users\zzhu329\Documents\GitHub\EM-3DMotion\BehaviorFitting\BehaviorData_Clay.mat,Clay,Clay_038,38,nonStim,3,MonoR,0.363636363636364,0.363636363636364,10,10,10,1
C:\Users\zzhu329\Documents\GitHub\EM-3DMotion\BehaviorFitting\BehaviorData_Clay.mat,Clay,Clay_038,38,nonStim,3,MonoR,0.454545454545455,0.454545454545455,10,10,10,1
C:\Users\zzhu329\Documents\GitHub\EM-3DMotion\BehaviorFitting\BehaviorData_Clay.mat,Clay,Clay_038,38,nonStim,3,MonoR,0.636363636363636,0.636363636363636,10,10,10,1
C:\Users\zzhu329\Documents\GitHub\EM-3DMotion\BehaviorFitting\BehaviorData_Clay.mat,Clay,Clay_038,38,nonStim,3,MonoR,1,1,10,10,10,1
C:\Users\zzhu329\Documents\GitHub\EM-3DMotion\BehaviorFitting\BehaviorData_Clay.mat,Clay,Clay_038,38,nonStim,4,Bino,-1,1,0,10,10,1
C:\Users\zzhu329\Documents\GitHub\EM-3DMotion\BehaviorFitting\BehaviorData_Clay.mat,Clay,Clay_038,38,nonStim,4,Bino,-0.636363636363636,0.636363636363636,0,10,10,1
C:\Users\zzhu329\Documents\GitHub\EM-3DMotion\BehaviorFitting\BehaviorData_Clay.mat,Clay,Clay_038,38,nonStim,4,Bino,-0.454545454545455,0.454545454545455,2,8,10,0.8
C:\Users\zzhu329\Documents\GitHub\EM-3DMotion\BehaviorFitting\BehaviorData_Clay.mat,Clay,Clay_038,38,nonStim,4,Bino,-0.363636363636364,0.363636363636364,1,9,10,0.9
C:\Users\zzhu329\Documents\GitHub\EM-3DMotion\BehaviorFitting\BehaviorData_Clay.mat,Clay,Clay_038,38,nonStim,4,Bino,-0.181818181818182,0.181818181818182,3,7,10,0.7
C:\Users\zzhu329\Documents\GitHub\EM-3DMotion\BehaviorFitting\BehaviorData_Clay.mat,Clay,Clay_038,38,nonStim,4,Bino,-0.0909090909090909,0.0909090909090909,5,5,10,0.5
C:\Users\zzhu329\Documents\GitHub\EM-3DMotion\BehaviorFitting\BehaviorData_Clay.mat,Clay,Clay_038,38,nonStim,4,Bino,0.0909090909090909,0.0909090909090909,6,6,10,0.6
C:\Users\zzhu329\Documents\GitHub\EM-3DMotion\BehaviorFitting\BehaviorData_Clay.mat,Clay,Clay_038,38,nonStim,4,Bino,0.181818181818182,0.181818181818182,7,7,10,0.7
C:\Users\zzhu329\Documents\GitHub\EM-3DMotion\BehaviorFitting\BehaviorData_Clay.mat,Clay,Clay_038,38,nonStim,4,Bino,0.363636363636364,0.363636363636364,8,8,10,0.8
C:\Users\zzhu329\Documents\GitHub\EM-3DMotion\BehaviorFitting\BehaviorData_Clay.mat,Clay,Clay_038,38,nonStim,4,Bino,0.454545454545455,0.454545454545455,10,10,10,1
C:\Users\zzhu329\Documents\GitHub\EM-3DMotion\BehaviorFitting\BehaviorData_Clay.mat,Clay,Clay_038,38,nonStim,4,Bino,0.636363636363636,0.636363636363636,10,10,10,1
C:\Users\zzhu329\Documents\GitHub\EM-3DMotion\BehaviorFitting\BehaviorData_Clay.mat,Clay,Clay_038,38,nonStim,4,Bino,1,1,10,10,10,1
C:\Users\zzhu329\Documents\GitHub\EM-3DMotion\BehaviorFitting\BehaviorData_Clay.mat,Clay,Clay_039,39,nonStim,1,Combined,-1,1,0,12,12,1
C:\Users\zzhu329\Documents\GitHub\EM-3DMotion\BehaviorFitting\BehaviorData_Clay.mat,Clay,Clay_039,39,nonStim,1,Combined,-0.636363636363636,0.636363636363636,0,11,11,1
C:\Users\zzhu329\Documents\GitHub\EM-3DMotion\BehaviorFitting\BehaviorData_Clay.mat,Clay,Clay_039,39,nonStim,1,Combined,-0.454545454545455,0.454545454545455,0,12,12,1
C:\Users\zzhu329\Documents\GitHub\EM-3DMotion\BehaviorFitting\BehaviorData_Clay.mat,Clay,Clay_039,39,nonStim,1,Combined,-0.363636363636364,0.363636363636364,0,12,12,1
C:\Users\zzhu329\Documents\GitHub\EM-3DMotion\BehaviorFitting\BehaviorData_Clay.mat,Clay,Clay_039,39,nonStim,1,Combined,-0.181818181818182,0.181818181818182,0,12,12,1
C:\Users\zzhu329\Documents\GitHub\EM-3DMotion\BehaviorFitting\BehaviorData_Clay.mat,Clay,Clay_039,39,nonStim,1,Combined,-0.0909090909090909,0.0909090909090909,3,9,12,0.75
C:\Users\zzhu329\Documents\GitHub\EM-3DMotion\BehaviorFitting\BehaviorData_Clay.mat,Clay,Clay_039,39,nonStim,1,Combined,0.0909090909090909,0.0909090909090909,9,9,11,0.818181818181818
C:\Users\zzhu329\Documents\GitHub\EM-3DMotion\BehaviorFitting\BehaviorData_Clay.mat,Clay,Clay_039,39,nonStim,1,Combined,0.181818181818182,0.181818181818182,11,11,11,1
C:\Users\zzhu329\Documents\GitHub\EM-3DMotion\BehaviorFitting\BehaviorData_Clay.mat,Clay,Clay_039,39,nonStim,1,Combined,0.363636363636364,0.363636363636364,12,12,12,1
C:\Users\zzhu329\Documents\GitHub\EM-3DMotion\BehaviorFitting\BehaviorData_Clay.mat,Clay,Clay_039,39,nonStim,1,Combined,0.454545454545455,0.454545454545455,11,11,11,1
C:\Users\zzhu329\Documents\GitHub\EM-3DMotion\BehaviorFitting\BehaviorData_Clay.mat,Clay,Clay_039,39,nonStim,1,Combined,0.636363636363636,0.636363636363636,11,11,11,1
C:\Users\zzhu329\Documents\GitHub\EM-3DMotion\BehaviorFitting\BehaviorData_Clay.mat,Clay,Clay_039,39,nonStim,1,Combined,1,1,11,11,11,1
C:\Users\zzhu329\Documents\GitHub\EM-3DMotion\BehaviorFitting\BehaviorData_Clay.mat,Clay,Clay_039,39,nonStim,2,MonoL,-1,1,0,11,11,1
C:\Users\zzhu329\Documents\GitHub\EM-3DMotion\BehaviorFitting\BehaviorData_Clay.mat,Clay,Clay_039,39,nonStim,2,MonoL,-0.636363636363636,0.636363636363636,0,12,12,1
C:\Users\zzhu329\Documents\GitHub\EM-3DMotion\BehaviorFitting\BehaviorData_Clay.mat,Clay,Clay_039,39,nonStim,2,MonoL,-0.454545454545455,0.454545454545455,1,10,11,0.909090909090909
C:\Users\zzhu329\Documents\GitHub\EM-3DMotion\BehaviorFitting\BehaviorData_Clay.mat,Clay,Clay_039,39,nonStim,2,MonoL,-0.363636363636364,0.363636363636364,2,9,11,0.818181818181818
C:\Users\zzhu329\Documents\GitHub\EM-3DMotion\BehaviorFitting\BehaviorData_Clay.mat,Clay,Clay_039,39,nonStim,2,MonoL,-0.181818181818182,0.181818181818182,5,6,11,0.545454545454545
C:\Users\zzhu329\Documents\GitHub\EM-3DMotion\BehaviorFitting\BehaviorData_Clay.mat,Clay,Clay_039,39,nonStim,2,MonoL,-0.0909090909090909,0.0909090909090909,5,7,12,0.583333333333333
C:\Users\zzhu329\Documents\GitHub\EM-3DMotion\BehaviorFitting\BehaviorData_Clay.mat,Clay,Clay_039,39,nonStim,2,MonoL,0.0909090909090909,0.0909090909090909,6,6,11,0.545454545454545
C:\Users\zzhu329\Documents\GitHub\EM-3DMotion\BehaviorFitting\BehaviorData_Clay.mat,Clay,Clay_039,39,nonStim,2,MonoL,0.181818181818182,0.181818181818182,9,9,11,0.818181818181818
C:\Users\zzhu329\Documents\GitHub\EM-3DMotion\BehaviorFitting\BehaviorData_Clay.mat,Clay,Clay_039,39,nonStim,2,MonoL,0.363636363636364,0.363636363636364,11,11,11,1
C:\Users\zzhu329\Documents\GitHub\EM-3DMotion\BehaviorFitting\BehaviorData_Clay.mat,Clay,Clay_039,39,nonStim,2,MonoL,0.454545454545455,0.454545454545455,12,12,12,1
C:\Users\zzhu329\Documents\GitHub\EM-3DMotion\BehaviorFitting\BehaviorData_Clay.mat,Clay,Clay_039,39,nonStim,2,MonoL,0.636363636363636,0.636363636363636,12,12,12,1
C:\Users\zzhu329\Documents\GitHub\EM-3DMotion\BehaviorFitting\BehaviorData_Clay.mat,Clay,Clay_039,39,nonStim,2,MonoL,1,1,12,12,12,1
C:\Users\zzhu329\Documents\GitHub\EM-3DMotion\BehaviorFitting\BehaviorData_Clay.mat,Clay,Clay_039,39,nonStim,3,MonoR,-1,1,0,11,11,1
C:\Users\zzhu329\Documents\GitHub\EM-3DMotion\BehaviorFitting\BehaviorData_Clay.mat,Clay,Clay_039,39,nonStim,3,MonoR,-0.636363636363636,0.636363636363636,0,11,11,1
C:\Users\zzhu329\Documents\GitHub\EM-3DMotion\BehaviorFitting\BehaviorData_Clay.mat,Clay,Clay_039,39,nonStim,3,MonoR,-0.454545454545455,0.454545454545455,1,11,12,0.916666666666667
C:\Users\zzhu329\Documents\GitHub\EM-3DMotion\BehaviorFitting\BehaviorData_Clay.mat,Clay,Clay_039,39,nonStim,3,MonoR,-0.363636363636364,0.363636363636364,2,9,11,0.818181818181818
C:\Users\zzhu329\Documents\GitHub\EM-3DMotion\BehaviorFitting\BehaviorData_Clay.mat,Clay,Clay_039,39,nonStim,3,MonoR,-0.181818181818182,0.181818181818182,6,6,12,0.5
C:\Users\zzhu329\Documents\GitHub\EM-3DMotion\BehaviorFitting\BehaviorData_Clay.mat,Clay,Clay_039,39,nonStim,3,MonoR,-0.0909090909090909,0.0909090909090909,4,7,11,0.636363636363636
C:\Users\zzhu329\Documents\GitHub\EM-3DMotion\BehaviorFitting\BehaviorData_Clay.mat,Clay,Clay_039,39,nonStim,3,MonoR,0.0909090909090909,0.0909090909090909,10,10,12,0.833333333333333
C:\Users\zzhu329\Documents\GitHub\EM-3DMotion\BehaviorFitting\BehaviorData_Clay.mat,Clay,Clay_039,39,nonStim,3,MonoR,0.181818181818182,0.181818181818182,10,10,11,0.909090909090909
C:\Users\zzhu329\Documents\GitHub\EM-3DMotion\BehaviorFitting\BehaviorData_Clay.mat,Clay,Clay_039,39,nonStim,3,MonoR,0.363636363636364,0.363636363636364,12,12,12,1
C:\Users\zzhu329\Documents\GitHub\EM-3DMotion\BehaviorFitting\BehaviorData_Clay.mat,Clay,Clay_039,39,nonStim,3,MonoR,0.454545454545455,0.454545454545455,11,11,11,1
C:\Users\zzhu329\Documents\GitHub\EM-3DMotion\BehaviorFitting\BehaviorData_Clay.mat,Clay,Clay_039,39,nonStim,3,MonoR,0.636363636363636,0.636363636363636,12,12,12,1
C:\Users\zzhu329\Documents\GitHub\EM-3DMotion\BehaviorFitting\BehaviorData_Clay.mat,Clay,Clay_039,39,nonStim,3,MonoR,1,1,11,11,11,1
C:\Users\zzhu329\Documents\GitHub\EM-3DMotion\BehaviorFitting\BehaviorData_Clay.mat,Clay,Clay_039,39,nonStim,4,Bino,-1,1,0,11,11,1
C:\Users\zzhu329\Documents\GitHub\EM-3DMotion\BehaviorFitting\BehaviorData_Clay.mat,Clay,Clay_039,39,nonStim,4,Bino,-0.636363636363636,0.636363636363636,0,11,11,1
C:\Users\zzhu329\Documents\GitHub\EM-3DMotion\BehaviorFitting\BehaviorData_Clay.mat,Clay,Clay_039,39,nonStim,4,Bino,-0.454545454545455,0.454545454545455,0,11,11,1
C:\Users\zzhu329\Documents\GitHub\EM-3DMotion\BehaviorFitting\BehaviorData_Clay.mat,Clay,Clay_039,39,nonStim,4,Bino,-0.363636363636364,0.363636363636364,1,10,11,0.909090909090909
C:\Users\zzhu329\Documents\GitHub\EM-3DMotion\BehaviorFitting\BehaviorData_Clay.mat,Clay,Clay_039,39,nonStim,4,Bino,-0.181818181818182,0.181818181818182,0,12,12,1
C:\Users\zzhu329\Documents\GitHub\EM-3DMotion\BehaviorFitting\BehaviorData_Clay.mat,Clay,Clay_039,39,nonStim,4,Bino,-0.0909090909090909,0.0909090909090909,1,10,11,0.909090909090909
C:\Users\zzhu329\Documents\GitHub\EM-3DMotion\BehaviorFitting\BehaviorData_Clay.mat,Clay,Clay_039,39,nonStim,4,Bino,0.0909090909090909,0.0909090909090909,3,3,11,0.272727272727273
C:\Users\zzhu329\Documents\GitHub\EM-3DMotion\BehaviorFitting\BehaviorData_Clay.mat,Clay,Clay_039,39,nonStim,4,Bino,0.181818181818182,0.181818181818182,5,5,11,0.454545454545455
C:\Users\zzhu329\Documents\GitHub\EM-3DMotion\BehaviorFitting\BehaviorData_Clay.mat,Clay,Clay_039,39,nonStim,4,Bino,0.363636363636364,0.363636363636364,10,10,11,0.909090909090909
C:\Users\zzhu329\Documents\GitHub\EM-3DMotion\BehaviorFitting\BehaviorData_Clay.mat,Clay,Clay_039,39,nonStim,4,Bino,0.454545454545455,0.454545454545455,8,8,11,0.727272727272727
C:\Users\zzhu329\Documents\GitHub\EM-3DMotion\BehaviorFitting\BehaviorData_Clay.mat,Clay,Clay_039,39,nonStim,4,Bino,0.636363636363636,0.636363636363636,10,10,11,0.909090909090909
C:\Users\zzhu329\Documents\GitHub\EM-3DMotion\BehaviorFitting\BehaviorData_Clay.mat,Clay,Clay_039,39,nonStim,4,Bino,1,1,11,11,12,0.916666666666667
C:\Users\zzhu329\Documents\GitHub\EM-3DMotion\BehaviorFitting\BehaviorData_Clay.mat,Clay,Clay_040,40,nonStim,1,Combined,-1,1,0,10,10,1
C:\Users\zzhu329\Documents\GitHub\EM-3DMotion\BehaviorFitting\BehaviorData_Clay.mat,Clay,Clay_040,40,nonStim,1,Combined,-0.636363636363636,0.636363636363636,0,10,10,1
C:\Users\zzhu329\Documents\GitHub\EM-3DMotion\BehaviorFitting\BehaviorData_Clay.mat,Clay,Clay_040,40,nonStim,1,Combined,-0.454545454545455,0.454545454545455,0,10,10,1
C:\Users\zzhu329\Documents\GitHub\EM-3DMotion\BehaviorFitting\BehaviorData_Clay.mat,Clay,Clay_040,40,nonStim,1,Combined,-0.363636363636364,0.363636363636364,0,10,10,1
C:\Users\zzhu329\Documents\GitHub\EM-3DMotion\BehaviorFitting\BehaviorData_Clay.mat,Clay,Clay_040,40,nonStim,1,Combined,-0.181818181818182,0.181818181818182,0,10,10,1
C:\Users\zzhu329\Documents\GitHub\EM-3DMotion\BehaviorFitting\BehaviorData_Clay.mat,Clay,Clay_040,40,nonStim,1,Combined,-0.0909090909090909,0.0909090909090909,3,7,10,0.7
C:\Users\zzhu329\Documents\GitHub\EM-3DMotion\BehaviorFitting\BehaviorData_Clay.mat,Clay,Clay_040,40,nonStim,1,Combined,0.0909090909090909,0.0909090909090909,8,8,10,0.8
C:\Users\zzhu329\Documents\GitHub\EM-3DMotion\BehaviorFitting\BehaviorData_Clay.mat,Clay,Clay_040,40,nonStim,1,Combined,0.181818181818182,0.181818181818182,9,9,10,0.9
C:\Users\zzhu329\Documents\GitHub\EM-3DMotion\BehaviorFitting\BehaviorData_Clay.mat,Clay,Clay_040,40,nonStim,1,Combined,0.363636363636364,0.363636363636364,10,10,10,1
C:\Users\zzhu329\Documents\GitHub\EM-3DMotion\BehaviorFitting\BehaviorData_Clay.mat,Clay,Clay_040,40,nonStim,1,Combined,0.454545454545455,0.454545454545455,10,10,10,1
C:\Users\zzhu329\Documents\GitHub\EM-3DMotion\BehaviorFitting\BehaviorData_Clay.mat,Clay,Clay_040,40,nonStim,1,Combined,0.636363636363636,0.636363636363636,11,11,11,1
C:\Users\zzhu329\Documents\GitHub\EM-3DMotion\BehaviorFitting\BehaviorData_Clay.mat,Clay,Clay_040,40,nonStim,1,Combined,1,1,11,11,11,1
C:\Users\zzhu329\Documents\GitHub\EM-3DMotion\BehaviorFitting\BehaviorData_Clay.mat,Clay,Clay_040,40,nonStim,2,MonoL,-1,1,1,10,11,0.909090909090909
C:\Users\zzhu329\Documents\GitHub\EM-3DMotion\BehaviorFitting\BehaviorData_Clay.mat,Clay,Clay_040,40,nonStim,2,MonoL,-0.636363636363636,0.636363636363636,0,11,11,1
C:\Users\zzhu329\Documents\GitHub\EM-3DMotion\BehaviorFitting\BehaviorData_Clay.mat,Clay,Clay_040,40,nonStim,2,MonoL,-0.454545454545455,0.454545454545455,1,10,11,0.909090909090909
C:\Users\zzhu329\Documents\GitHub\EM-3DMotion\BehaviorFitting\BehaviorData_Clay.mat,Clay,Clay_040,40,nonStim,2,MonoL,-0.363636363636364,0.363636363636364,1,10,11,0.909090909090909
C:\Users\zzhu329\Documents\GitHub\EM-3DMotion\BehaviorFitting\BehaviorData_Clay.mat,Clay,Clay_040,40,nonStim,2,MonoL,-0.181818181818182,0.181818181818182,2,9,11,0.818181818181818
C:\Users\zzhu329\Documents\GitHub\EM-3DMotion\BehaviorFitting\BehaviorData_Clay.mat,Clay,Clay_040,40,nonStim,2,MonoL,-0.0909090909090909,0.0909090909090909,1,10,11,0.909090909090909
C:\Users\zzhu329\Documents\GitHub\EM-3DMotion\BehaviorFitting\BehaviorData_Clay.mat,Clay,Clay_040,40,nonStim,2,MonoL,0.0909090909090909,0.0909090909090909,3,3,11,0.272727272727273
C:\Users\zzhu329\Documents\GitHub\EM-3DMotion\BehaviorFitting\BehaviorData_Clay.mat,Clay,Clay_040,40,nonStim,2,MonoL,0.181818181818182,0.181818181818182,4,4,10,0.4
C:\Users\zzhu329\Documents\GitHub\EM-3DMotion\BehaviorFitting\BehaviorData_Clay.mat,Clay,Clay_040,40,nonStim,2,MonoL,0.363636363636364,0.363636363636364,7,7,11,0.636363636363636
C:\Users\zzhu329\Documents\GitHub\EM-3DMotion\BehaviorFitting\BehaviorData_Clay.mat,Clay,Clay_040,40,nonStim,2,MonoL,0.454545454545455,0.454545454545455,7,7,10,0.7
C:\Users\zzhu329\Documents\GitHub\EM-3DMotion\BehaviorFitting\BehaviorData_Clay.mat,Clay,Clay_040,40,nonStim,2,MonoL,0.636363636363636,0.636363636363636,10,10,10,1
C:\Users\zzhu329\Documents\GitHub\EM-3DMotion\BehaviorFitting\BehaviorData_Clay.mat,Clay,Clay_040,40,nonStim,2,MonoL,1,1,11,11,11,1
C:\Users\zzhu329\Documents\GitHub\EM-3DMotion\BehaviorFitting\BehaviorData_Clay.mat,Clay,Clay_040,40,nonStim,3,MonoR,-1,1,0,11,11,1
C:\Users\zzhu329\Documents\GitHub\EM-3DMotion\BehaviorFitting\BehaviorData_Clay.mat,Clay,Clay_040,40,nonStim,3,MonoR,-0.636363636363636,0.636363636363636,2,9,11,0.818181818181818
C:\Users\zzhu329\Documents\GitHub\EM-3DMotion\BehaviorFitting\BehaviorData_Clay.mat,Clay,Clay_040,40,nonStim,3,MonoR,-0.454545454545455,0.454545454545455,0,11,11,1
C:\Users\zzhu329\Documents\GitHub\EM-3DMotion\BehaviorFitting\BehaviorData_Clay.mat,Clay,Clay_040,40,nonStim,3,MonoR,-0.363636363636364,0.363636363636364,0,11,11,1
C:\Users\zzhu329\Documents\GitHub\EM-3DMotion\BehaviorFitting\BehaviorData_Clay.mat,Clay,Clay_040,40,nonStim,3,MonoR,-0.181818181818182,0.181818181818182,1,10,11,0.909090909090909
C:\Users\zzhu329\Documents\GitHub\EM-3DMotion\BehaviorFitting\BehaviorData_Clay.mat,Clay,Clay_040,40,nonStim,3,MonoR,-0.0909090909090909,0.0909090909090909,1,10,11,0.909090909090909
C:\Users\zzhu329\Documents\GitHub\EM-3DMotion\BehaviorFitting\BehaviorData_Clay.mat,Clay,Clay_040,40,nonStim,3,MonoR,0.0909090909090909,0.0909090909090909,3,3,10,0.3
C:\Users\zzhu329\Documents\GitHub\EM-3DMotion\BehaviorFitting\BehaviorData_Clay.mat,Clay,Clay_040,40,nonStim,3,MonoR,0.181818181818182,0.181818181818182,5,5,11,0.454545454545455
C:\Users\zzhu329\Documents\GitHub\EM-3DMotion\BehaviorFitting\BehaviorData_Clay.mat,Clay,Clay_040,40,nonStim,3,MonoR,0.363636363636364,0.363636363636364,8,8,11,0.727272727272727
C:\Users\zzhu329\Documents\GitHub\EM-3DMotion\BehaviorFitting\BehaviorData_Clay.mat,Clay,Clay_040,40,nonStim,3,MonoR,0.454545454545455,0.454545454545455,10,10,11,0.909090909090909
C:\Users\zzhu329\Documents\GitHub\EM-3DMotion\BehaviorFitting\BehaviorData_Clay.mat,Clay,Clay_040,40,nonStim,3,MonoR,0.636363636363636,0.636363636363636,9,9,10,0.9
C:\Users\zzhu329\Documents\GitHub\EM-3DMotion\BehaviorFitting\BehaviorData_Clay.mat,Clay,Clay_040,40,nonStim,3,MonoR,1,1,10,10,10,1
C:\Users\zzhu329\Documents\GitHub\EM-3DMotion\BehaviorFitting\BehaviorData_Clay.mat,Clay,Clay_040,40,nonStim,4,Bino,-1,1,0,10,10,1
C:\Users\zzhu329\Documents\GitHub\EM-3DMotion\BehaviorFitting\BehaviorData_Clay.mat,Clay,Clay_040,40,nonStim,4,Bino,-0.636363636363636,0.636363636363636,0,11,11,1
C:\Users\zzhu329\Documents\GitHub\EM-3DMotion\BehaviorFitting\BehaviorData_Clay.mat,Clay,Clay_040,40,nonStim,4,Bino,-0.454545454545455,0.454545454545455,2,8,10,0.8
C:\Users\zzhu329\Documents\GitHub\EM-3DMotion\BehaviorFitting\BehaviorData_Clay.mat,Clay,Clay_040,40,nonStim,4,Bino,-0.363636363636364,0.363636363636364,0,11,11,1
C:\Users\zzhu329\Documents\GitHub\EM-3DMotion\BehaviorFitting\BehaviorData_Clay.mat,Clay,Clay_040,40,nonStim,4,Bino,-0.181818181818182,0.181818181818182,3,8,11,0.727272727272727
C:\Users\zzhu329\Documents\GitHub\EM-3DMotion\BehaviorFitting\BehaviorData_Clay.mat,Clay,Clay_040,40,nonStim,4,Bino,-0.0909090909090909,0.0909090909090909,3,8,11,0.727272727272727
C:\Users\zzhu329\Documents\GitHub\EM-3DMotion\BehaviorFitting\BehaviorData_Clay.mat,Clay,Clay_040,40,nonStim,4,Bino,0.0909090909090909,0.0909090909090909,2,2,10,0.2
C:\Users\zzhu329\Documents\GitHub\EM-3DMotion\BehaviorFitting\BehaviorData_Clay.mat,Clay,Clay_040,40,nonStim,4,Bino,0.181818181818182,0.181818181818182,6,6,11,0.545454545454545
C:\Users\zzhu329\Documents\GitHub\EM-3DMotion\BehaviorFitting\BehaviorData_Clay.mat,Clay,Clay_040,40,nonStim,4,Bino,0.363636363636364,0.363636363636364,10,10,11,0.909090909090909
C:\Users\zzhu329\Documents\GitHub\EM-3DMotion\BehaviorFitting\BehaviorData_Clay.mat,Clay,Clay_040,40,nonStim,4,Bino,0.454545454545455,0.454545454545455,9,9,10,0.9
C:\Users\zzhu329\Documents\GitHub\EM-3DMotion\BehaviorFitting\BehaviorData_Clay.mat,Clay,Clay_040,40,nonStim,4,Bino,0.636363636363636,0.636363636363636,11,11,11,1
C:\Users\zzhu329\Documents\GitHub\EM-3DMotion\BehaviorFitting\BehaviorData_Clay.mat,Clay,Clay_040,40,nonStim,4,Bino,1,1,9,9,10,0.9
C:\Users\zzhu329\Documents\GitHub\EM-3DMotion\BehaviorFitting\BehaviorData_Clay.mat,Clay,Clay_041,41,nonStim,1,Combined,-1,1,0,10,10,1
C:\Users\zzhu329\Documents\GitHub\EM-3DMotion\BehaviorFitting\BehaviorData_Clay.mat,Clay,Clay_041,41,nonStim,1,Combined,-0.636363636363636,0.636363636363636,1,9,10,0.9
C:\Users\zzhu329\Documents\GitHub\EM-3DMotion\BehaviorFitting\BehaviorData_Clay.mat,Clay,Clay_041,41,nonStim,1,Combined,-0.454545454545455,0.454545454545455,0,10,10,1
C:\Users\zzhu329\Documents\GitHub\EM-3DMotion\BehaviorFitting\BehaviorData_Clay.mat,Clay,Clay_041,41,nonStim,1,Combined,-0.363636363636364,0.363636363636364,2,8,10,0.8
C:\Users\zzhu329\Documents\GitHub\EM-3DMotion\BehaviorFitting\BehaviorData_Clay.mat,Clay,Clay_041,41,nonStim,1,Combined,-0.181818181818182,0.181818181818182,4,6,10,0.6
C:\Users\zzhu329\Documents\GitHub\EM-3DMotion\BehaviorFitting\BehaviorData_Clay.mat,Clay,Clay_041,41,nonStim,1,Combined,-0.0909090909090909,0.0909090909090909,7,3,10,0.3
C:\Users\zzhu329\Documents\GitHub\EM-3DMotion\BehaviorFitting\BehaviorData_Clay.mat,Clay,Clay_041,41,nonStim,1,Combined,0.0909090909090909,0.0909090909090909,9,9,10,0.9
C:\Users\zzhu329\Documents\GitHub\EM-3DMotion\BehaviorFitting\BehaviorData_Clay.mat,Clay,Clay_041,41,nonStim,1,Combined,0.181818181818182,0.181818181818182,10,10,10,1
C:\Users\zzhu329\Documents\GitHub\EM-3DMotion\BehaviorFitting\BehaviorData_Clay.mat,Clay,Clay_041,41,nonStim,1,Combined,0.363636363636364,0.363636363636364,10,10,10,1
C:\Users\zzhu329\Documents\GitHub\EM-3DMotion\BehaviorFitting\BehaviorData_Clay.mat,Clay,Clay_041,41,nonStim,1,Combined,0.454545454545455,0.454545454545455,10,10,10,1
C:\Users\zzhu329\Documents\GitHub\EM-3DMotion\BehaviorFitting\BehaviorData_Clay.mat,Clay,Clay_041,41,nonStim,1,Combined,0.636363636363636,0.636363636363636,10,10,10,1
C:\Users\zzhu329\Documents\GitHub\EM-3DMotion\BehaviorFitting\BehaviorData_Clay.mat,Clay,Clay_041,41,nonStim,1,Combined,1,1,10,10,10,1
C:\Users\zzhu329\Documents\GitHub\EM-3DMotion\BehaviorFitting\BehaviorData_Clay.mat,Clay,Clay_041,41,nonStim,2,MonoL,-1,1,0,10,10,1
C:\Users\zzhu329\Documents\GitHub\EM-3DMotion\BehaviorFitting\BehaviorData_Clay.mat,Clay,Clay_041,41,nonStim,2,MonoL,-0.636363636363636,0.636363636363636,2,8,10,0.8
C:\Users\zzhu329\Documents\GitHub\EM-3DMotion\BehaviorFitting\BehaviorData_Clay.mat,Clay,Clay_041,41,nonStim,2,MonoL,-0.454545454545455,0.454545454545455,1,9,10,0.9
C:\Users\zzhu329\Documents\GitHub\EM-3DMotion\BehaviorFitting\BehaviorData_Clay.mat,Clay,Clay_041,41,nonStim,2,MonoL,-0.363636363636364,0.363636363636364,2,8,10,0.8
C:\Users\zzhu329\Documents\GitHub\EM-3DMotion\BehaviorFitting\BehaviorData_Clay.mat,Clay,Clay_041,41,nonStim,2,MonoL,-0.181818181818182,0.181818181818182,0,10,10,1
C:\Users\zzhu329\Documents\GitHub\EM-3DMotion\BehaviorFitting\BehaviorData_Clay.mat,Clay,Clay_041,41,nonStim,2,MonoL,-0.0909090909090909,0.0909090909090909,4,6,10,0.6
C:\Users\zzhu329\Documents\GitHub\EM-3DMotion\BehaviorFitting\BehaviorData_Clay.mat,Clay,Clay_041,41,nonStim,2,MonoL,0.0909090909090909,0.0909090909090909,7,7,11,0.636363636363636
C:\Users\zzhu329\Documents\GitHub\EM-3DMotion\BehaviorFitting\BehaviorData_Clay.mat,Clay,Clay_041,41,nonStim,2,MonoL,0.181818181818182,0.181818181818182,6,6,10,0.6
C:\Users\zzhu329\Documents\GitHub\EM-3DMotion\BehaviorFitting\BehaviorData_Clay.mat,Clay,Clay_041,41,nonStim,2,MonoL,0.363636363636364,0.363636363636364,9,9,10,0.9
C:\Users\zzhu329\Documents\GitHub\EM-3DMotion\BehaviorFitting\BehaviorData_Clay.mat,Clay,Clay_041,41,nonStim,2,MonoL,0.454545454545455,0.454545454545455,10,10,10,1
C:\Users\zzhu329\Documents\GitHub\EM-3DMotion\BehaviorFitting\BehaviorData_Clay.mat,Clay,Clay_041,41,nonStim,2,MonoL,0.636363636363636,0.636363636363636,10,10,10,1
C:\Users\zzhu329\Documents\GitHub\EM-3DMotion\BehaviorFitting\BehaviorData_Clay.mat,Clay,Clay_041,41,nonStim,2,MonoL,1,1,11,11,11,1
C:\Users\zzhu329\Documents\GitHub\EM-3DMotion\BehaviorFitting\BehaviorData_Clay.mat,Clay,Clay_041,41,nonStim,3,MonoR,-1,1,0,10,10,1
C:\Users\zzhu329\Documents\GitHub\EM-3DMotion\BehaviorFitting\BehaviorData_Clay.mat,Clay,Clay_041,41,nonStim,3,MonoR,-0.636363636363636,0.636363636363636,0,10,10,1
C:\Users\zzhu329\Documents\GitHub\EM-3DMotion\BehaviorFitting\BehaviorData_Clay.mat,Clay,Clay_041,41,nonStim,3,MonoR,-0.454545454545455,0.454545454545455,2,8,10,0.8
C:\Users\zzhu329\Documents\GitHub\EM-3DMotion\BehaviorFitting\BehaviorData_Clay.mat,Clay,Clay_041,41,nonStim,3,MonoR,-0.363636363636364,0.363636363636364,2,8,10,0.8
C:\Users\zzhu329\Documents\GitHub\EM-3DMotion\BehaviorFitting\BehaviorData_Clay.mat,Clay,Clay_041,41,nonStim,3,MonoR,-0.181818181818182,0.181818181818182,3,7,10,0.7
C:\Users\zzhu329\Documents\GitHub\EM-3DMotion\BehaviorFitting\BehaviorData_Clay.mat,Clay,Clay_041,41,nonStim,3,MonoR,-0.0909090909090909,0.0909090909090909,5,5,10,0.5
C:\Users\zzhu329\Documents\GitHub\EM-3DMotion\BehaviorFitting\BehaviorData_Clay.mat,Clay,Clay_041,41,nonStim,3,MonoR,0.0909090909090909,0.0909090909090909,9,9,10,0.9
C:\Users\zzhu329\Documents\GitHub\EM-3DMotion\BehaviorFitting\BehaviorData_Clay.mat,Clay,Clay_041,41,nonStim,3,MonoR,0.181818181818182,0.181818181818182,8,8,10,0.8
C:\Users\zzhu329\Documents\GitHub\EM-3DMotion\BehaviorFitting\BehaviorData_Clay.mat,Clay,Clay_041,41,nonStim,3,MonoR,0.363636363636364,0.363636363636364,10,10,10,1
C:\Users\zzhu329\Documents\GitHub\EM-3DMotion\BehaviorFitting\BehaviorData_Clay.mat,Clay,Clay_041,41,nonStim,3,MonoR,0.454545454545455,0.454545454545455,10,10,10,1
C:\Users\zzhu329\Documents\GitHub\EM-3DMotion\BehaviorFitting\BehaviorData_Clay.mat,Clay,Clay_041,41,nonStim,3,MonoR,0.636363636363636,0.636363636363636,10,10,10,1
C:\Users\zzhu329\Documents\GitHub\EM-3DMotion\BehaviorFitting\BehaviorData_Clay.mat,Clay,Clay_041,41,nonStim,3,MonoR,1,1,10,10,10,1
C:\Users\zzhu329\Documents\GitHub\EM-3DMotion\BehaviorFitting\BehaviorData_Clay.mat,Clay,Clay_041,41,nonStim,4,Bino,-1,1,2,8,10,0.8
C:\Users\zzhu329\Documents\GitHub\EM-3DMotion\BehaviorFitting\BehaviorData_Clay.mat,Clay,Clay_041,41,nonStim,4,Bino,-0.636363636363636,0.636363636363636,0,10,10,1
C:\Users\zzhu329\Documents\GitHub\EM-3DMotion\BehaviorFitting\BehaviorData_Clay.mat,Clay,Clay_041,41,nonStim,4,Bino,-0.454545454545455,0.454545454545455,2,8,10,0.8
C:\Users\zzhu329\Documents\GitHub\EM-3DMotion\BehaviorFitting\BehaviorData_Clay.mat,Clay,Clay_041,41,nonStim,4,Bino,-0.363636363636364,0.363636363636364,1,9,10,0.9
C:\Users\zzhu329\Documents\GitHub\EM-3DMotion\BehaviorFitting\BehaviorData_Clay.mat,Clay,Clay_041,41,nonStim,4,Bino,-0.181818181818182,0.181818181818182,3,7,10,0.7
C:\Users\zzhu329\Documents\GitHub\EM-3DMotion\BehaviorFitting\BehaviorData_Clay.mat,Clay,Clay_041,41,nonStim,4,Bino,-0.0909090909090909,0.0909090909090909,3,7,10,0.7
C:\Users\zzhu329\Documents\GitHub\EM-3DMotion\BehaviorFitting\BehaviorData_Clay.mat,Clay,Clay_041,41,nonStim,4,Bino,0.0909090909090909,0.0909090909090909,7,7,10,0.7
C:\Users\zzhu329\Documents\GitHub\EM-3DMotion\BehaviorFitting\BehaviorData_Clay.mat,Clay,Clay_041,41,nonStim,4,Bino,0.181818181818182,0.181818181818182,8,8,10,0.8
C:\Users\zzhu329\Documents\GitHub\EM-3DMotion\BehaviorFitting\BehaviorData_Clay.mat,Clay,Clay_041,41,nonStim,4,Bino,0.363636363636364,0.363636363636364,8,8,10,0.8
C:\Users\zzhu329\Documents\GitHub\EM-3DMotion\BehaviorFitting\BehaviorData_Clay.mat,Clay,Clay_041,41,nonStim,4,Bino,0.454545454545455,0.454545454545455,10,10,10,1
C:\Users\zzhu329\Documents\GitHub\EM-3DMotion\BehaviorFitting\BehaviorData_Clay.mat,Clay,Clay_041,41,nonStim,4,Bino,0.636363636363636,0.636363636363636,10,10,10,1
C:\Users\zzhu329\Documents\GitHub\EM-3DMotion\BehaviorFitting\BehaviorData_Clay.mat,Clay,Clay_041,41,nonStim,4,Bino,1,1,10,10,10,1
C:\Users\zzhu329\Documents\GitHub\EM-3DMotion\BehaviorFitting\BehaviorData_Clay.mat,Clay,Clay_042,42,nonStim,1,Combined,-1,1,0,10,10,1
C:\Users\zzhu329\Documents\GitHub\EM-3DMotion\BehaviorFitting\BehaviorData_Clay.mat,Clay,Clay_042,42,nonStim,1,Combined,-0.636363636363636,0.636363636363636,0,10,10,1
C:\Users\zzhu329\Documents\GitHub\EM-3DMotion\BehaviorFitting\BehaviorData_Clay.mat,Clay,Clay_042,42,nonStim,1,Combined,-0.454545454545455,0.454545454545455,0,10,10,1
C:\Users\zzhu329\Documents\GitHub\EM-3DMotion\BehaviorFitting\BehaviorData_Clay.mat,Clay,Clay_042,42,nonStim,1,Combined,-0.363636363636364,0.363636363636364,0,10,10,1
C:\Users\zzhu329\Documents\GitHub\EM-3DMotion\BehaviorFitting\BehaviorData_Clay.mat,Clay,Clay_042,42,nonStim,1,Combined,-0.181818181818182,0.181818181818182,3,7,10,0.7
C:\Users\zzhu329\Documents\GitHub\EM-3DMotion\BehaviorFitting\BehaviorData_Clay.mat,Clay,Clay_042,42,nonStim,1,Combined,-0.0909090909090909,0.0909090909090909,3,7,10,0.7
C:\Users\zzhu329\Documents\GitHub\EM-3DMotion\BehaviorFitting\BehaviorData_Clay.mat,Clay,Clay_042,42,nonStim,1,Combined,0.0909090909090909,0.0909090909090909,8,8,10,0.8
C:\Users\zzhu329\Documents\GitHub\EM-3DMotion\BehaviorFitting\BehaviorData_Clay.mat,Clay,Clay_042,42,nonStim,1,Combined,0.181818181818182,0.181818181818182,9,9,10,0.9
C:\Users\zzhu329\Documents\GitHub\EM-3DMotion\BehaviorFitting\BehaviorData_Clay.mat,Clay,Clay_042,42,nonStim,1,Combined,0.363636363636364,0.363636363636364,10,10,10,1
C:\Users\zzhu329\Documents\GitHub\EM-3DMotion\BehaviorFitting\BehaviorData_Clay.mat,Clay,Clay_042,42,nonStim,1,Combined,0.454545454545455,0.454545454545455,10,10,10,1
C:\Users\zzhu329\Documents\GitHub\EM-3DMotion\BehaviorFitting\BehaviorData_Clay.mat,Clay,Clay_042,42,nonStim,1,Combined,0.636363636363636,0.636363636363636,10,10,10,1
C:\Users\zzhu329\Documents\GitHub\EM-3DMotion\BehaviorFitting\BehaviorData_Clay.mat,Clay,Clay_042,42,nonStim,1,Combined,1,1,10,10,10,1
C:\Users\zzhu329\Documents\GitHub\EM-3DMotion\BehaviorFitting\BehaviorData_Clay.mat,Clay,Clay_042,42,nonStim,2,MonoL,-1,1,0,10,10,1
C:\Users\zzhu329\Documents\GitHub\EM-3DMotion\BehaviorFitting\BehaviorData_Clay.mat,Clay,Clay_042,42,nonStim,2,MonoL,-0.636363636363636,0.636363636363636,0,10,10,1
C:\Users\zzhu329\Documents\GitHub\EM-3DMotion\BehaviorFitting\BehaviorData_Clay.mat,Clay,Clay_042,42,nonStim,2,MonoL,-0.454545454545455,0.454545454545455,1,9,10,0.9
C:\Users\zzhu329\Documents\GitHub\EM-3DMotion\BehaviorFitting\BehaviorData_Clay.mat,Clay,Clay_042,42,nonStim,2,MonoL,-0.363636363636364,0.363636363636364,1,9,10,0.9
C:\Users\zzhu329\Documents\GitHub\EM-3DMotion\BehaviorFitting\BehaviorData_Clay.mat,Clay,Clay_042,42,nonStim,2,MonoL,-0.181818181818182,0.181818181818182,5,5,10,0.5
C:\Users\zzhu329\Documents\GitHub\EM-3DMotion\BehaviorFitting\BehaviorData_Clay.mat,Clay,Clay_042,42,nonStim,2,MonoL,-0.0909090909090909,0.0909090909090909,5,5,10,0.5
C:\Users\zzhu329\Documents\GitHub\EM-3DMotion\BehaviorFitting\BehaviorData_Clay.mat,Clay,Clay_042,42,nonStim,2,MonoL,0.0909090909090909,0.0909090909090909,4,4,10,0.4
C:\Users\zzhu329\Documents\GitHub\EM-3DMotion\BehaviorFitting\BehaviorData_Clay.mat,Clay,Clay_042,42,nonStim,2,MonoL,0.181818181818182,0.181818181818182,7,7,10,0.7
C:\Users\zzhu329\Documents\GitHub\EM-3DMotion\BehaviorFitting\BehaviorData_Clay.mat,Clay,Clay_042,42,nonStim,2,MonoL,0.363636363636364,0.363636363636364,7,7,10,0.7
C:\Users\zzhu329\Documents\GitHub\EM-3DMotion\BehaviorFitting\BehaviorData_Clay.mat,Clay,Clay_042,42,nonStim,2,MonoL,0.454545454545455,0.454545454545455,9,9,10,0.9
C:\Users\zzhu329\Documents\GitHub\EM-3DMotion\BehaviorFitting\BehaviorData_Clay.mat,Clay,Clay_042,42,nonStim,2,MonoL,0.636363636363636,0.636363636363636,9,9,10,0.9
C:\Users\zzhu329\Documents\GitHub\EM-3DMotion\BehaviorFitting\BehaviorData_Clay.mat,Clay,Clay_042,42,nonStim,2,MonoL,1,1,10,10,10,1
C:\Users\zzhu329\Documents\GitHub\EM-3DMotion\BehaviorFitting\BehaviorData_Clay.mat,Clay,Clay_042,42,nonStim,3,MonoR,-1,1,0,10,10,1
C:\Users\zzhu329\Documents\GitHub\EM-3DMotion\BehaviorFitting\BehaviorData_Clay.mat,Clay,Clay_042,42,nonStim,3,MonoR,-0.636363636363636,0.636363636363636,0,10,10,1
C:\Users\zzhu329\Documents\GitHub\EM-3DMotion\BehaviorFitting\BehaviorData_Clay.mat,Clay,Clay_042,42,nonStim,3,MonoR,-0.454545454545455,0.454545454545455,2,8,10,0.8
C:\Users\zzhu329\Documents\GitHub\EM-3DMotion\BehaviorFitting\BehaviorData_Clay.mat,Clay,Clay_042,42,nonStim,3,MonoR,-0.363636363636364,0.363636363636364,2,8,10,0.8
C:\Users\zzhu329\Documents\GitHub\EM-3DMotion\BehaviorFitting\BehaviorData_Clay.mat,Clay,Clay_042,42,nonStim,3,MonoR,-0.181818181818182,0.181818181818182,4,6,10,0.6
C:\Users\zzhu329\Documents\GitHub\EM-3DMotion\BehaviorFitting\BehaviorData_Clay.mat,Clay,Clay_042,42,nonStim,3,MonoR,-0.0909090909090909,0.0909090909090909,6,4,10,0.4
C:\Users\zzhu329\Documents\GitHub\EM-3DMotion\BehaviorFitting\BehaviorData_Clay.mat,Clay,Clay_042,42,nonStim,3,MonoR,0.0909090909090909,0.0909090909090909,3,3,10,0.3
C:\Users\zzhu329\Documents\GitHub\EM-3DMotion\BehaviorFitting\BehaviorData_Clay.mat,Clay,Clay_042,42,nonStim,3,MonoR,0.181818181818182,0.181818181818182,9,9,10,0.9
C:\Users\zzhu329\Documents\GitHub\EM-3DMotion\BehaviorFitting\BehaviorData_Clay.mat,Clay,Clay_042,42,nonStim,3,MonoR,0.363636363636364,0.363636363636364,10,10,10,1
C:\Users\zzhu329\Documents\GitHub\EM-3DMotion\BehaviorFitting\BehaviorData_Clay.mat,Clay,Clay_042,42,nonStim,3,MonoR,0.454545454545455,0.454545454545455,7,7,10,0.7
C:\Users\zzhu329\Documents\GitHub\EM-3DMotion\BehaviorFitting\BehaviorData_Clay.mat,Clay,Clay_042,42,nonStim,3,MonoR,0.636363636363636,0.636363636363636,10,10,10,1
C:\Users\zzhu329\Documents\GitHub\EM-3DMotion\BehaviorFitting\BehaviorData_Clay.mat,Clay,Clay_042,42,nonStim,3,MonoR,1,1,10,10,10,1
C:\Users\zzhu329\Documents\GitHub\EM-3DMotion\BehaviorFitting\BehaviorData_Clay.mat,Clay,Clay_042,42,nonStim,4,Bino,-1,1,0,10,10,1
C:\Users\zzhu329\Documents\GitHub\EM-3DMotion\BehaviorFitting\BehaviorData_Clay.mat,Clay,Clay_042,42,nonStim,4,Bino,-0.636363636363636,0.636363636363636,0,10,10,1
C:\Users\zzhu329\Documents\GitHub\EM-3DMotion\BehaviorFitting\BehaviorData_Clay.mat,Clay,Clay_042,42,nonStim,4,Bino,-0.454545454545455,0.454545454545455,1,9,10,0.9
C:\Users\zzhu329\Documents\GitHub\EM-3DMotion\BehaviorFitting\BehaviorData_Clay.mat,Clay,Clay_042,42,nonStim,4,Bino,-0.363636363636364,0.363636363636364,0,10,10,1
C:\Users\zzhu329\Documents\GitHub\EM-3DMotion\BehaviorFitting\BehaviorData_Clay.mat,Clay,Clay_042,42,nonStim,4,Bino,-0.181818181818182,0.181818181818182,2,8,10,0.8
C:\Users\zzhu329\Documents\GitHub\EM-3DMotion\BehaviorFitting\BehaviorData_Clay.mat,Clay,Clay_042,42,nonStim,4,Bino,-0.0909090909090909,0.0909090909090909,3,7,10,0.7
C:\Users\zzhu329\Documents\GitHub\EM-3DMotion\BehaviorFitting\BehaviorData_Clay.mat,Clay,Clay_042,42,nonStim,4,Bino,0.0909090909090909,0.0909090909090909,5,5,10,0.5
C:\Users\zzhu329\Documents\GitHub\EM-3DMotion\BehaviorFitting\BehaviorData_Clay.mat,Clay,Clay_042,42,nonStim,4,Bino,0.181818181818182,0.181818181818182,3,3,10,0.3
C:\Users\zzhu329\Documents\GitHub\EM-3DMotion\BehaviorFitting\BehaviorData_Clay.mat,Clay,Clay_042,42,nonStim,4,Bino,0.363636363636364,0.363636363636364,5,5,10,0.5
C:\Users\zzhu329\Documents\GitHub\EM-3DMotion\BehaviorFitting\BehaviorData_Clay.mat,Clay,Clay_042,42,nonStim,4,Bino,0.454545454545455,0.454545454545455,6,6,10,0.6
C:\Users\zzhu329\Documents\GitHub\EM-3DMotion\BehaviorFitting\BehaviorData_Clay.mat,Clay,Clay_042,42,nonStim,4,Bino,0.636363636363636,0.636363636363636,10,10,10,1
C:\Users\zzhu329\Documents\GitHub\EM-3DMotion\BehaviorFitting\BehaviorData_Clay.mat,Clay,Clay_042,42,nonStim,4,Bino,1,1,7,7,10,0.7
C:\Users\zzhu329\Documents\GitHub\EM-3DMotion\BehaviorFitting\BehaviorData_Clay.mat,Clay,Clay_043,43,nonStim,1,Combined,-1,1,1,9,10,0.9
C:\Users\zzhu329\Documents\GitHub\EM-3DMotion\BehaviorFitting\BehaviorData_Clay.mat,Clay,Clay_043,43,nonStim,1,Combined,-0.636363636363636,0.636363636363636,0,9,9,1
C:\Users\zzhu329\Documents\GitHub\EM-3DMotion\BehaviorFitting\BehaviorData_Clay.mat,Clay,Clay_043,43,nonStim,1,Combined,-0.454545454545455,0.454545454545455,1,8,9,0.888888888888889
C:\Users\zzhu329\Documents\GitHub\EM-3DMotion\BehaviorFitting\BehaviorData_Clay.mat,Clay,Clay_043,43,nonStim,1,Combined,-0.363636363636364,0.363636363636364,2,7,9,0.777777777777778
C:\Users\zzhu329\Documents\GitHub\EM-3DMotion\BehaviorFitting\BehaviorData_Clay.mat,Clay,Clay_043,43,nonStim,1,Combined,-0.181818181818182,0.181818181818182,3,6,9,0.666666666666667
C:\Users\zzhu329\Documents\GitHub\EM-3DMotion\BehaviorFitting\BehaviorData_Clay.mat,Clay,Clay_043,43,nonStim,1,Combined,-0.0909090909090909,0.0909090909090909,5,4,9,0.444444444444444
C:\Users\zzhu329\Documents\GitHub\EM-3DMotion\BehaviorFitting\BehaviorData_Clay.mat,Clay,Clay_043,43,nonStim,1,Combined,0.0909090909090909,0.0909090909090909,7,7,9,0.777777777777778
C:\Users\zzhu329\Documents\GitHub\EM-3DMotion\BehaviorFitting\BehaviorData_Clay.mat,Clay,Clay_043,43,nonStim,1,Combined,0.181818181818182,0.181818181818182,9,9,9,1
C:\Users\zzhu329\Documents\GitHub\EM-3DMotion\BehaviorFitting\BehaviorData_Clay.mat,Clay,Clay_043,43,nonStim,1,Combined,0.363636363636364,0.363636363636364,9,9,9,1
C:\Users\zzhu329\Documents\GitHub\EM-3DMotion\BehaviorFitting\BehaviorData_Clay.mat,Clay,Clay_043,43,nonStim,1,Combined,0.454545454545455,0.454545454545455,9,9,9,1
C:\Users\zzhu329\Documents\GitHub\EM-3DMotion\BehaviorFitting\BehaviorData_Clay.mat,Clay,Clay_043,43,nonStim,1,Combined,0.636363636363636,0.636363636363636,10,10,10,1
C:\Users\zzhu329\Documents\GitHub\EM-3DMotion\BehaviorFitting\BehaviorData_Clay.mat,Clay,Clay_043,43,nonStim,1,Combined,1,1,10,10,10,1
C:\Users\zzhu329\Documents\GitHub\EM-3DMotion\BehaviorFitting\BehaviorData_Clay.mat,Clay,Clay_043,43,nonStim,2,MonoL,-1,1,0,10,10,1
C:\Users\zzhu329\Documents\GitHub\EM-3DMotion\BehaviorFitting\BehaviorData_Clay.mat,Clay,Clay_043,43,nonStim,2,MonoL,-0.636363636363636,0.636363636363636,1,8,9,0.888888888888889
C:\Users\zzhu329\Documents\GitHub\EM-3DMotion\BehaviorFitting\BehaviorData_Clay.mat,Clay,Clay_043,43,nonStim,2,MonoL,-0.454545454545455,0.454545454545455,1,8,9,0.888888888888889
C:\Users\zzhu329\Documents\GitHub\EM-3DMotion\BehaviorFitting\BehaviorData_Clay.mat,Clay,Clay_043,43,nonStim,2,MonoL,-0.363636363636364,0.363636363636364,2,8,10,0.8
C:\Users\zzhu329\Documents\GitHub\EM-3DMotion\BehaviorFitting\BehaviorData_Clay.mat,Clay,Clay_043,43,nonStim,2,MonoL,-0.181818181818182,0.181818181818182,1,8,9,0.888888888888889
C:\Users\zzhu329\Documents\GitHub\EM-3DMotion\BehaviorFitting\BehaviorData_Clay.mat,Clay,Clay_043,43,nonStim,2,MonoL,-0.0909090909090909,0.0909090909090909,4,6,10,0.6
C:\Users\zzhu329\Documents\GitHub\EM-3DMotion\BehaviorFitting\BehaviorData_Clay.mat,Clay,Clay_043,43,nonStim,2,MonoL,0.0909090909090909,0.0909090909090909,3,3,9,0.333333333333333
C:\Users\zzhu329\Documents\GitHub\EM-3DMotion\BehaviorFitting\BehaviorData_Clay.mat,Clay,Clay_043,43,nonStim,2,MonoL,0.181818181818182,0.181818181818182,3,3,9,0.333333333333333
C:\Users\zzhu329\Documents\GitHub\EM-3DMotion\BehaviorFitting\BehaviorData_Clay.mat,Clay,Clay_043,43,nonStim,2,MonoL,0.363636363636364,0.363636363636364,5,5,9,0.555555555555556
C:\Users\zzhu329\Documents\GitHub\EM-3DMotion\BehaviorFitting\BehaviorData_Clay.mat,Clay,Clay_043,43,nonStim,2,MonoL,0.454545454545455,0.454545454545455,6,6,10,0.6
C:\Users\zzhu329\Documents\GitHub\EM-3DMotion\BehaviorFitting\BehaviorData_Clay.mat,Clay,Clay_043,43,nonStim,2,MonoL,0.636363636363636,0.636363636363636,9,9,9,1
C:\Users\zzhu329\Documents\GitHub\EM-3DMotion\BehaviorFitting\BehaviorData_Clay.mat,Clay,Clay_043,43,nonStim,2,MonoL,1,1,9,9,9,1
C:\Users\zzhu329\Documents\GitHub\EM-3DMotion\BehaviorFitting\BehaviorData_Clay.mat,Clay,Clay_043,43,nonStim,3,MonoR,-1,1,0,10,10,1
C:\Users\zzhu329\Documents\GitHub\EM-3DMotion\BehaviorFitting\BehaviorData_Clay.mat,Clay,Clay_043,43,nonStim,3,MonoR,-0.636363636363636,0.636363636363636,1,8,9,0.888888888888889
C:\Users\zzhu329\Documents\GitHub\EM-3DMotion\BehaviorFitting\BehaviorData_Clay.mat,Clay,Clay_043,43,nonStim,3,MonoR,-0.454545454545455,0.454545454545455,3,6,9,0.666666666666667
C:\Users\zzhu329\Documents\GitHub\EM-3DMotion\BehaviorFitting\BehaviorData_Clay.mat,Clay,Clay_043,43,nonStim,3,MonoR,-0.363636363636364,0.363636363636364,1,8,9,0.888888888888889
C:\Users\zzhu329\Documents\GitHub\EM-3DMotion\BehaviorFitting\BehaviorData_Clay.mat,Clay,Clay_043,43,nonStim,3,MonoR,-0.181818181818182,0.181818181818182,0,9,9,1
C:\Users\zzhu329\Documents\GitHub\EM-3DMotion\BehaviorFitting\BehaviorData_Clay.mat,Clay,Clay_043,43,nonStim,3,MonoR,-0.0909090909090909,0.0909090909090909,3,6,9,0.666666666666667
C:\Users\zzhu329\Documents\GitHub\EM-3DMotion\BehaviorFitting\BehaviorData_Clay.mat,Clay,Clay_043,43,nonStim,3,MonoR,0.0909090909090909,0.0909090909090909,6,6,9,0.666666666666667
C:\Users\zzhu329\Documents\GitHub\EM-3DMotion\BehaviorFitting\BehaviorData_Clay.mat,Clay,Clay_043,43,nonStim,3,MonoR,0.181818181818182,0.181818181818182,4,4,9,0.444444444444444
C:\Users\zzhu329\Documents\GitHub\EM-3DMotion\BehaviorFitting\BehaviorData_Clay.mat,Clay,Clay_043,43,nonStim,3,MonoR,0.363636363636364,0.363636363636364,6,6,9,0.666666666666667
C:\Users\zzhu329\Documents\GitHub\EM-3DMotion\BehaviorFitting\BehaviorData_Clay.mat,Clay,Clay_043,43,nonStim,3,MonoR,0.454545454545455,0.454545454545455,9,9,9,1
C:\Users\zzhu329\Documents\GitHub\EM-3DMotion\BehaviorFitting\BehaviorData_Clay.mat,Clay,Clay_043,43,nonStim,3,MonoR,0.636363636363636,0.636363636363636,8,8,9,0.888888888888889
C:\Users\zzhu329\Documents\GitHub\EM-3DMotion\BehaviorFitting\BehaviorData_Clay.mat,Clay,Clay_043,43,nonStim,3,MonoR,1,1,9,9,9,1
C:\Users\zzhu329\Documents\GitHub\EM-3DMotion\BehaviorFitting\BehaviorData_Clay.mat,Clay,Clay_043,43,nonStim,4,Bino,-1,1,0,9,9,1
C:\Users\zzhu329\Documents\GitHub\EM-3DMotion\BehaviorFitting\BehaviorData_Clay.mat,Clay,Clay_043,43,nonStim,4,Bino,-0.636363636363636,0.636363636363636,2,7,9,0.777777777777778
C:\Users\zzhu329\Documents\GitHub\EM-3DMotion\BehaviorFitting\BehaviorData_Clay.mat,Clay,Clay_043,43,nonStim,4,Bino,-0.454545454545455,0.454545454545455,2,8,10,0.8
C:\Users\zzhu329\Documents\GitHub\EM-3DMotion\BehaviorFitting\BehaviorData_Clay.mat,Clay,Clay_043,43,nonStim,4,Bino,-0.363636363636364,0.363636363636364,2,7,9,0.777777777777778
C:\Users\zzhu329\Documents\GitHub\EM-3DMotion\BehaviorFitting\BehaviorData_Clay.mat,Clay,Clay_043,43,nonStim,4,Bino,-0.181818181818182,0.181818181818182,3,6,9,0.666666666666667
C:\Users\zzhu329\Documents\GitHub\EM-3DMotion\BehaviorFitting\BehaviorData_Clay.mat,Clay,Clay_043,43,nonStim,4,Bino,-0.0909090909090909,0.0909090909090909,4,5,9,0.555555555555556
C:\Users\zzhu329\Documents\GitHub\EM-3DMotion\BehaviorFitting\BehaviorData_Clay.mat,Clay,Clay_043,43,nonStim,4,Bino,0.0909090909090909,0.0909090909090909,3,3,9,0.333333333333333
C:\Users\zzhu329\Documents\GitHub\EM-3DMotion\BehaviorFitting\BehaviorData_Clay.mat,Clay,Clay_043,43,nonStim,4,Bino,0.181818181818182,0.181818181818182,5,5,9,0.555555555555556
C:\Users\zzhu329\Documents\GitHub\EM-3DMotion\BehaviorFitting\BehaviorData_Clay.mat,Clay,Clay_043,43,nonStim,4,Bino,0.363636363636364,0.363636363636364,4,4,9,0.444444444444444
C:\Users\zzhu329\Documents\GitHub\EM-3DMotion\BehaviorFitting\BehaviorData_Clay.mat,Clay,Clay_043,43,nonStim,4,Bino,0.454545454545455,0.454545454545455,8,8,9,0.888888888888889
C:\Users\zzhu329\Documents\GitHub\EM-3DMotion\BehaviorFitting\BehaviorData_Clay.mat,Clay,Clay_043,43,nonStim,4,Bino,0.636363636363636,0.636363636363636,9,9,9,1
C:\Users\zzhu329\Documents\GitHub\EM-3DMotion\BehaviorFitting\BehaviorData_Clay.mat,Clay,Clay_043,43,nonStim,4,Bino,1,1,9,9,9,1
C:\Users\zzhu329\Documents\GitHub\EM-3DMotion\BehaviorFitting\BehaviorData_Clay.mat,Clay,Clay_044,44,nonStim,1,Combined,-1,1,0,9,9,1
C:\Users\zzhu329\Documents\GitHub\EM-3DMotion\BehaviorFitting\BehaviorData_Clay.mat,Clay,Clay_044,44,nonStim,1,Combined,-0.636363636363636,0.636363636363636,0,9,9,1
C:\Users\zzhu329\Documents\GitHub\EM-3DMotion\BehaviorFitting\BehaviorData_Clay.mat,Clay,Clay_044,44,nonStim,1,Combined,-0.454545454545455,0.454545454545455,1,6,7,0.857142857142857
C:\Users\zzhu329\Documents\GitHub\EM-3DMotion\BehaviorFitting\BehaviorData_Clay.mat,Clay,Clay_044,44,nonStim,1,Combined,-0.363636363636364,0.363636363636364,0,10,10,1
C:\Users\zzhu329\Documents\GitHub\EM-3DMotion\BehaviorFitting\BehaviorData_Clay.mat,Clay,Clay_044,44,nonStim,1,Combined,-0.181818181818182,0.181818181818182,1,7,8,0.875
C:\Users\zzhu329\Documents\GitHub\EM-3DMotion\BehaviorFitting\BehaviorData_Clay.mat,Clay,Clay_044,44,nonStim,1,Combined,-0.0909090909090909,0.0909090909090909,3,7,10,0.7
C:\Users\zzhu329\Documents\GitHub\EM-3DMotion\BehaviorFitting\BehaviorData_Clay.mat,Clay,Clay_044,44,nonStim,1,Combined,0.0909090909090909,0.0909090909090909,9,9,11,0.818181818181818
C:\Users\zzhu329\Documents\GitHub\EM-3DMotion\BehaviorFitting\BehaviorData_Clay.mat,Clay,Clay_044,44,nonStim,1,Combined,0.181818181818182,0.181818181818182,8,8,9,0.888888888888889
C:\Users\zzhu329\Documents\GitHub\EM-3DMotion\BehaviorFitting\BehaviorData_Clay.mat,Clay,Clay_044,44,nonStim,1,Combined,0.363636363636364,0.363636363636364,7,7,7,1
C:\Users\zzhu329\Documents\GitHub\EM-3DMotion\BehaviorFitting\BehaviorData_Clay.mat,Clay,Clay_044,44,nonStim,1,Combined,0.454545454545455,0.454545454545455,10,10,10,1
C:\Users\zzhu329\Documents\GitHub\EM-3DMotion\BehaviorFitting\BehaviorData_Clay.mat,Clay,Clay_044,44,nonStim,1,Combined,0.636363636363636,0.636363636363636,9,9,9,1
C:\Users\zzhu329\Documents\GitHub\EM-3DMotion\BehaviorFitting\BehaviorData_Clay.mat,Clay,Clay_044,44,nonStim,1,Combined,1,1,8,8,8,1
C:\Users\zzhu329\Documents\GitHub\EM-3DMotion\BehaviorFitting\BehaviorData_Clay.mat,Clay,Clay_044,44,nonStim,2,MonoL,-1,1,2,7,9,0.777777777777778
C:\Users\zzhu329\Documents\GitHub\EM-3DMotion\BehaviorFitting\BehaviorData_Clay.mat,Clay,Clay_044,44,nonStim,2,MonoL,-0.636363636363636,0.636363636363636,1,7,8,0.875
C:\Users\zzhu329\Documents\GitHub\EM-3DMotion\BehaviorFitting\BehaviorData_Clay.mat,Clay,Clay_044,44,nonStim,2,MonoL,-0.454545454545455,0.454545454545455,4,6,10,0.6
C:\Users\zzhu329\Documents\GitHub\EM-3DMotion\BehaviorFitting\BehaviorData_Clay.mat,Clay,Clay_044,44,nonStim,2,MonoL,-0.363636363636364,0.363636363636364,3,6,9,0.666666666666667
C:\Users\zzhu329\Documents\GitHub\EM-3DMotion\BehaviorFitting\BehaviorData_Clay.mat,Clay,Clay_044,44,nonStim,2,MonoL,-0.181818181818182,0.181818181818182,6,3,9,0.333333333333333
C:\Users\zzhu329\Documents\GitHub\EM-3DMotion\BehaviorFitting\BehaviorData_Clay.mat,Clay,Clay_044,44,nonStim,2,MonoL,-0.0909090909090909,0.0909090909090909,5,5,10,0.5
C:\Users\zzhu329\Documents\GitHub\EM-3DMotion\BehaviorFitting\BehaviorData_Clay.mat,Clay,Clay_044,44,nonStim,2,MonoL,0.0909090909090909,0.0909090909090909,4,4,7,0.571428571428571
C:\Users\zzhu329\Documents\GitHub\EM-3DMotion\BehaviorFitting\BehaviorData_Clay.mat,Clay,Clay_044,44,nonStim,2,MonoL,0.181818181818182,0.181818181818182,3,3,7,0.428571428571429
C:\Users\zzhu329\Documents\GitHub\EM-3DMotion\BehaviorFitting\BehaviorData_Clay.mat,Clay,Clay_044,44,nonStim,2,MonoL,0.363636363636364,0.363636363636364,6,6,7,0.857142857142857
C:\Users\zzhu329\Documents\GitHub\EM-3DMotion\BehaviorFitting\BehaviorData_Clay.mat,Clay,Clay_044,44,nonStim,2,MonoL,0.454545454545455,0.454545454545455,6,6,8,0.75
C:\Users\zzhu329\Documents\GitHub\EM-3DMotion\BehaviorFitting\BehaviorData_Clay.mat,Clay,Clay_044,44,nonStim,2,MonoL,0.636363636363636,0.636363636363636,8,8,8,1
C:\Users\zzhu329\Documents\GitHub\EM-3DMotion\BehaviorFitting\BehaviorData_Clay.mat,Clay,Clay_044,44,nonStim,2,MonoL,1,1,8,8,8,1
C:\Users\zzhu329\Documents\GitHub\EM-3DMotion\BehaviorFitting\BehaviorData_Clay.mat,Clay,Clay_044,44,nonStim,3,MonoR,-1,1,0,6,6,1
C:\Users\zzhu329\Documents\GitHub\EM-3DMotion\BehaviorFitting\BehaviorData_Clay.mat,Clay,Clay_044,44,nonStim,3,MonoR,-0.636363636363636,0.636363636363636,0,10,10,1
C:\Users\zzhu329\Documents\GitHub\EM-3DMotion\BehaviorFitting\BehaviorData_Clay.mat,Clay,Clay_044,44,nonStim,3,MonoR,-0.454545454545455,0.454545454545455,3,6,9,0.666666666666667
C:\Users\zzhu329\Documents\GitHub\EM-3DMotion\BehaviorFitting\BehaviorData_Clay.mat,Clay,Clay_044,44,nonStim,3,MonoR,-0.363636363636364,0.363636363636364,2,7,9,0.777777777777778
C:\Users\zzhu329\Documents\GitHub\EM-3DMotion\BehaviorFitting\BehaviorData_Clay.mat,Clay,Clay_044,44,nonStim,3,MonoR,-0.181818181818182,0.181818181818182,3,4,7,0.571428571428571
C:\Users\zzhu329\Documents\GitHub\EM-3DMotion\BehaviorFitting\BehaviorData_Clay.mat,Clay,Clay_044,44,nonStim,3,MonoR,-0.0909090909090909,0.0909090909090909,2,7,9,0.777777777777778
C:\Users\zzhu329\Documents\GitHub\EM-3DMotion\BehaviorFitting\BehaviorData_Clay.mat,Clay,Clay_044,44,nonStim,3,MonoR,0.0909090909090909,0.0909090909090909,6,6,10,0.6
C:\Users\zzhu329\Documents\GitHub\EM-3DMotion\BehaviorFitting\BehaviorData_Clay.mat,Clay,Clay_044,44,nonStim,3,MonoR,0.181818181818182,0.181818181818182,8,8,10,0.8
C:\Users\zzhu329\Documents\GitHub\EM-3DMotion\BehaviorFitting\BehaviorData_Clay.mat,Clay,Clay_044,44,nonStim,3,MonoR,0.363636363636364,0.363636363636364,10,10,10,1
C:\Users\zzhu329\Documents\GitHub\EM-3DMotion\BehaviorFitting\BehaviorData_Clay.mat,Clay,Clay_044,44,nonStim,3,MonoR,0.454545454545455,0.454545454545455,10,10,10,1
C:\Users\zzhu329\Documents\GitHub\EM-3DMotion\BehaviorFitting\BehaviorData_Clay.mat,Clay,Clay_044,44,nonStim,3,MonoR,0.636363636363636,0.636363636363636,8,8,8,1
C:\Users\zzhu329\Documents\GitHub\EM-3DMotion\BehaviorFitting\BehaviorData_Clay.mat,Clay,Clay_044,44,nonStim,3,MonoR,1,1,10,10,10,1
C:\Users\zzhu329\Documents\GitHub\EM-3DMotion\BehaviorFitting\BehaviorData_Clay.mat,Clay,Clay_044,44,nonStim,4,Bino,-1,1,1,8,9,0.888888888888889
C:\Users\zzhu329\Documents\GitHub\EM-3DMotion\BehaviorFitting\BehaviorData_Clay.mat,Clay,Clay_044,44,nonStim,4,Bino,-0.636363636363636,0.636363636363636,2,8,10,0.8
C:\Users\zzhu329\Documents\GitHub\EM-3DMotion\BehaviorFitting\BehaviorData_Clay.mat,Clay,Clay_044,44,nonStim,4,Bino,-0.454545454545455,0.454545454545455,0,8,8,1
C:\Users\zzhu329\Documents\GitHub\EM-3DMotion\BehaviorFitting\BehaviorData_Clay.mat,Clay,Clay_044,44,nonStim,4,Bino,-0.363636363636364,0.363636363636364,1,9,10,0.9
C:\Users\zzhu329\Documents\GitHub\EM-3DMotion\BehaviorFitting\BehaviorData_Clay.mat,Clay,Clay_044,44,nonStim,4,Bino,-0.181818181818182,0.181818181818182,0,10,10,1
C:\Users\zzhu329\Documents\GitHub\EM-3DMotion\BehaviorFitting\BehaviorData_Clay.mat,Clay,Clay_044,44,nonStim,4,Bino,-0.0909090909090909,0.0909090909090909,1,7,8,0.875
C:\Users\zzhu329\Documents\GitHub\EM-3DMotion\BehaviorFitting\BehaviorData_Clay.mat,Clay,Clay_044,44,nonStim,4,Bino,0.0909090909090909,0.0909090909090909,4,4,8,0.5
C:\Users\zzhu329\Documents\GitHub\EM-3DMotion\BehaviorFitting\BehaviorData_Clay.mat,Clay,Clay_044,44,nonStim,4,Bino,0.181818181818182,0.181818181818182,4,4,8,0.5
C:\Users\zzhu329\Documents\GitHub\EM-3DMotion\BehaviorFitting\BehaviorData_Clay.mat,Clay,Clay_044,44,nonStim,4,Bino,0.363636363636364,0.363636363636364,9,9,9,1
C:\Users\zzhu329\Documents\GitHub\EM-3DMotion\BehaviorFitting\BehaviorData_Clay.mat,Clay,Clay_044,44,nonStim,4,Bino,0.454545454545455,0.454545454545455,10,10,11,0.909090909090909
C:\Users\zzhu329\Documents\GitHub\EM-3DMotion\BehaviorFitting\BehaviorData_Clay.mat,Clay,Clay_044,44,nonStim,4,Bino,0.636363636363636,0.636363636363636,9,9,9,1
C:\Users\zzhu329\Documents\GitHub\EM-3DMotion\BehaviorFitting\BehaviorData_Clay.mat,Clay,Clay_044,44,nonStim,4,Bino,1,1,10,10,10,1
C:\Users\zzhu329\Documents\GitHub\EM-3DMotion\BehaviorFitting\BehaviorData_Clay.mat,Clay,Clay_045,45,nonStim,1,Combined,-1,1,0,8,8,1
C:\Users\zzhu329\Documents\GitHub\EM-3DMotion\BehaviorFitting\BehaviorData_Clay.mat,Clay,Clay_045,45,nonStim,1,Combined,-0.636363636363636,0.636363636363636,1,6,7,0.857142857142857
C:\Users\zzhu329\Documents\GitHub\EM-3DMotion\BehaviorFitting\BehaviorData_Clay.mat,Clay,Clay_045,45,nonStim,1,Combined,-0.454545454545455,0.454545454545455,2,5,7,0.714285714285714
C:\Users\zzhu329\Documents\GitHub\EM-3DMotion\BehaviorFitting\BehaviorData_Clay.mat,Clay,Clay_045,45,nonStim,1,Combined,-0.363636363636364,0.363636363636364,0,8,8,1
C:\Users\zzhu329\Documents\GitHub\EM-3DMotion\BehaviorFitting\BehaviorData_Clay.mat,Clay,Clay_045,45,nonStim,1,Combined,-0.181818181818182,0.181818181818182,1,6,7,0.857142857142857
C:\Users\zzhu329\Documents\GitHub\EM-3DMotion\BehaviorFitting\BehaviorData_Clay.mat,Clay,Clay_045,45,nonStim,1,Combined,-0.0909090909090909,0.0909090909090909,1,7,8,0.875
C:\Users\zzhu329\Documents\GitHub\EM-3DMotion\BehaviorFitting\BehaviorData_Clay.mat,Clay,Clay_045,45,nonStim,1,Combined,0.0909090909090909,0.0909090909090909,6,6,8,0.75
C:\Users\zzhu329\Documents\GitHub\EM-3DMotion\BehaviorFitting\BehaviorData_Clay.mat,Clay,Clay_045,45,nonStim,1,Combined,0.181818181818182,0.181818181818182,7,7,8,0.875
C:\Users\zzhu329\Documents\GitHub\EM-3DMotion\BehaviorFitting\BehaviorData_Clay.mat,Clay,Clay_045,45,nonStim,1,Combined,0.363636363636364,0.363636363636364,8,8,8,1
C:\Users\zzhu329\Documents\GitHub\EM-3DMotion\BehaviorFitting\BehaviorData_Clay.mat,Clay,Clay_045,45,nonStim,1,Combined,0.454545454545455,0.454545454545455,8,8,8,1
C:\Users\zzhu329\Documents\GitHub\EM-3DMotion\BehaviorFitting\BehaviorData_Clay.mat,Clay,Clay_045,45,nonStim,1,Combined,0.636363636363636,0.636363636363636,8,8,8,1
C:\Users\zzhu329\Documents\GitHub\EM-3DMotion\BehaviorFitting\BehaviorData_Clay.mat,Clay,Clay_045,45,nonStim,1,Combined,1,1,8,8,8,1
C:\Users\zzhu329\Documents\GitHub\EM-3DMotion\BehaviorFitting\BehaviorData_Clay.mat,Clay,Clay_045,45,nonStim,2,MonoL,-1,1,0,7,7,1
C:\Users\zzhu329\Documents\GitHub\EM-3DMotion\BehaviorFitting\BehaviorData_Clay.mat,Clay,Clay_045,45,nonStim,2,MonoL,-0.636363636363636,0.636363636363636,0,8,8,1
C:\Users\zzhu329\Documents\GitHub\EM-3DMotion\BehaviorFitting\BehaviorData_Clay.mat,Clay,Clay_045,45,nonStim,2,MonoL,-0.454545454545455,0.454545454545455,2,6,8,0.75
C:\Users\zzhu329\Documents\GitHub\EM-3DMotion\BehaviorFitting\BehaviorData_Clay.mat,Clay,Clay_045,45,nonStim,2,MonoL,-0.363636363636364,0.363636363636364,2,6,8,0.75
C:\Users\zzhu329\Documents\GitHub\EM-3DMotion\BehaviorFitting\BehaviorData_Clay.mat,Clay,Clay_045,45,nonStim,2,MonoL,-0.181818181818182,0.181818181818182,2,5,7,0.714285714285714
C:\Users\zzhu329\Documents\GitHub\EM-3DMotion\BehaviorFitting\BehaviorData_Clay.mat,Clay,Clay_045,45,nonStim,2,MonoL,-0.0909090909090909,0.0909090909090909,2,6,8,0.75
C:\Users\zzhu329\Documents\GitHub\EM-3DMotion\BehaviorFitting\BehaviorData_Clay.mat,Clay,Clay_045,45,nonStim,2,MonoL,0.0909090909090909,0.0909090909090909,1,1,7,0.142857142857143
C:\Users\zzhu329\Documents\GitHub\EM-3DMotion\BehaviorFitting\BehaviorData_Clay.mat,Clay,Clay_045,45,nonStim,2,MonoL,0.181818181818182,0.181818181818182,2,2,8,0.25
C:\Users\zzhu329\Documents\GitHub\EM-3DMotion\BehaviorFitting\BehaviorData_Clay.mat,Clay,Clay_045,45,nonStim,2,MonoL,0.363636363636364,0.363636363636364,4,4,8,0.5
C:\Users\zzhu329\Documents\GitHub\EM-3DMotion\BehaviorFitting\BehaviorData_Clay.mat,Clay,Clay_045,45,nonStim,2,MonoL,0.454545454545455,0.454545454545455,6,6,8,0.75
C:\Users\zzhu329\Documents\GitHub\EM-3DMotion\BehaviorFitting\BehaviorData_Clay.mat,Clay,Clay_045,45,nonStim,2,MonoL,0.636363636363636,0.636363636363636,6,6,8,0.75
C:\Users\zzhu329\Documents\GitHub\EM-3DMotion\BehaviorFitting\BehaviorData_Clay.mat,Clay,Clay_045,45,nonStim,2,MonoL,1,1,8,8,8,1
C:\Users\zzhu329\Documents\GitHub\EM-3DMotion\BehaviorFitting\BehaviorData_Clay.mat,Clay,Clay_045,45,nonStim,3,MonoR,-1,1,0,8,8,1
C:\Users\zzhu329\Documents\GitHub\EM-3DMotion\BehaviorFitting\BehaviorData_Clay.mat,Clay,Clay_045,45,nonStim,3,MonoR,-0.636363636363636,0.636363636363636,1,7,8,0.875
C:\Users\zzhu329\Documents\GitHub\EM-3DMotion\BehaviorFitting\BehaviorData_Clay.mat,Clay,Clay_045,45,nonStim,3,MonoR,-0.454545454545455,0.454545454545455,1,7,8,0.875
C:\Users\zzhu329\Documents\GitHub\EM-3DMotion\BehaviorFitting\BehaviorData_Clay.mat,Clay,Clay_045,45,nonStim,3,MonoR,-0.363636363636364,0.363636363636364,1,7,8,0.875
C:\Users\zzhu329\Documents\GitHub\EM-3DMotion\BehaviorFitting\BehaviorData_Clay.mat,Clay,Clay_045,45,nonStim,3,MonoR,-0.181818181818182,0.181818181818182,3,4,7,0.571428571428571
C:\Users\zzhu329\Documents\GitHub\EM-3DMotion\BehaviorFitting\BehaviorData_Clay.mat,Clay,Clay_045,45,nonStim,3,MonoR,-0.0909090909090909,0.0909090909090909,1,7,8,0.875
C:\Users\zzhu329\Documents\GitHub\EM-3DMotion\BehaviorFitting\BehaviorData_Clay.mat,Clay,Clay_045,45,nonStim,3,MonoR,0.0909090909090909,0.0909090909090909,5,5,8,0.625
C:\Users\zzhu329\Documents\GitHub\EM-3DMotion\BehaviorFitting\BehaviorData_Clay.mat,Clay,Clay_045,45,nonStim,3,MonoR,0.181818181818182,0.181818181818182,3,3,7,0.428571428571429
C:\Users\zzhu329\Documents\GitHub\EM-3DMotion\BehaviorFitting\BehaviorData_Clay.mat,Clay,Clay_045,45,nonStim,3,MonoR,0.363636363636364,0.363636363636364,5,5,8,0.625
C:\Users\zzhu329\Documents\GitHub\EM-3DMotion\BehaviorFitting\BehaviorData_Clay.mat,Clay,Clay_045,45,nonStim,3,MonoR,0.454545454545455,0.454545454545455,7,7,8,0.875
C:\Users\zzhu329\Documents\GitHub\EM-3DMotion\BehaviorFitting\BehaviorData_Clay.mat,Clay,Clay_045,45,nonStim,3,MonoR,0.636363636363636,0.636363636363636,8,8,8,1
C:\Users\zzhu329\Documents\GitHub\EM-3DMotion\BehaviorFitting\BehaviorData_Clay.mat,Clay,Clay_045,45,nonStim,3,MonoR,1,1,8,8,8,1
C:\Users\zzhu329\Documents\GitHub\EM-3DMotion\BehaviorFitting\BehaviorData_Clay.mat,Clay,Clay_045,45,nonStim,4,Bino,-1,1,0,7,7,1
C:\Users\zzhu329\Documents\GitHub\EM-3DMotion\BehaviorFitting\BehaviorData_Clay.mat,Clay,Clay_045,45,nonStim,4,Bino,-0.636363636363636,0.636363636363636,0,8,8,1
C:\Users\zzhu329\Documents\GitHub\EM-3DMotion\BehaviorFitting\BehaviorData_Clay.mat,Clay,Clay_045,45,nonStim,4,Bino,-0.454545454545455,0.454545454545455,1,7,8,0.875
C:\Users\zzhu329\Documents\GitHub\EM-3DMotion\BehaviorFitting\BehaviorData_Clay.mat,Clay,Clay_045,45,nonStim,4,Bino,-0.363636363636364,0.363636363636364,3,5,8,0.625
C:\Users\zzhu329\Documents\GitHub\EM-3DMotion\BehaviorFitting\BehaviorData_Clay.mat,Clay,Clay_045,45,nonStim,4,Bino,-0.181818181818182,0.181818181818182,1,6,7,0.857142857142857
C:\Users\zzhu329\Documents\GitHub\EM-3DMotion\BehaviorFitting\BehaviorData_Clay.mat,Clay,Clay_045,45,nonStim,4,Bino,-0.0909090909090909,0.0909090909090909,2,6,8,0.75
C:\Users\zzhu329\Documents\GitHub\EM-3DMotion\BehaviorFitting\BehaviorData_Clay.mat,Clay,Clay_045,45,nonStim,4,Bino,0.0909090909090909,0.0909090909090909,2,2,8,0.25
C:\Users\zzhu329\Documents\GitHub\EM-3DMotion\BehaviorFitting\BehaviorData_Clay.mat,Clay,Clay_045,45,nonStim,4,Bino,0.181818181818182,0.181818181818182,3,3,7,0.428571428571429
C:\Users\zzhu329\Documents\GitHub\EM-3DMotion\BehaviorFitting\BehaviorData_Clay.mat,Clay,Clay_045,45,nonStim,4,Bino,0.363636363636364,0.363636363636364,5,5,8,0.625
C:\Users\zzhu329\Documents\GitHub\EM-3DMotion\BehaviorFitting\BehaviorData_Clay.mat,Clay,Clay_045,45,nonStim,4,Bino,0.454545454545455,0.454545454545455,6,6,8,0.75
C:\Users\zzhu329\Documents\GitHub\EM-3DMotion\BehaviorFitting\BehaviorData_Clay.mat,Clay,Clay_045,45,nonStim,4,Bino,0.636363636363636,0.636363636363636,7,7,8,0.875
C:\Users\zzhu329\Documents\GitHub\EM-3DMotion\BehaviorFitting\BehaviorData_Clay.mat,Clay,Clay_045,45,nonStim,4,Bino,1,1,8,8,8,1
C:\Users\zzhu329\Documents\GitHub\EM-3DMotion\BehaviorFitting\BehaviorData_Clay.mat,Clay,Clay_046,46,nonStim,1,Combined,-1,1,1,8,9,0.888888888888889
C:\Users\zzhu329\Documents\GitHub\EM-3DMotion\BehaviorFitting\BehaviorData_Clay.mat,Clay,Clay_046,46,nonStim,1,Combined,-0.636363636363636,0.636363636363636,2,7,9,0.777777777777778
C:\Users\zzhu329\Documents\GitHub\EM-3DMotion\BehaviorFitting\BehaviorData_Clay.mat,Clay,Clay_046,46,nonStim,1,Combined,-0.454545454545455,0.454545454545455,2,7,9,0.777777777777778
C:\Users\zzhu329\Documents\GitHub\EM-3DMotion\BehaviorFitting\BehaviorData_Clay.mat,Clay,Clay_046,46,nonStim,1,Combined,-0.363636363636364,0.363636363636364,2,7,9,0.777777777777778
C:\Users\zzhu329\Documents\GitHub\EM-3DMotion\BehaviorFitting\BehaviorData_Clay.mat,Clay,Clay_046,46,nonStim,1,Combined,-0.181818181818182,0.181818181818182,7,2,9,0.222222222222222
C:\Users\zzhu329\Documents\GitHub\EM-3DMotion\BehaviorFitting\BehaviorData_Clay.mat,Clay,Clay_046,46,nonStim,1,Combined,-0.0909090909090909,0.0909090909090909,8,1,9,0.111111111111111
C:\Users\zzhu329\Documents\GitHub\EM-3DMotion\BehaviorFitting\BehaviorData_Clay.mat,Clay,Clay_046,46,nonStim,1,Combined,0.0909090909090909,0.0909090909090909,8,8,9,0.888888888888889
C:\Users\zzhu329\Documents\GitHub\EM-3DMotion\BehaviorFitting\BehaviorData_Clay.mat,Clay,Clay_046,46,nonStim,1,Combined,0.181818181818182,0.181818181818182,9,9,9,1
C:\Users\zzhu329\Documents\GitHub\EM-3DMotion\BehaviorFitting\BehaviorData_Clay.mat,Clay,Clay_046,46,nonStim,1,Combined,0.363636363636364,0.363636363636364,9,9,9,1
C:\Users\zzhu329\Documents\GitHub\EM-3DMotion\BehaviorFitting\BehaviorData_Clay.mat,Clay,Clay_046,46,nonStim,1,Combined,0.454545454545455,0.454545454545455,8,8,8,1
C:\Users\zzhu329\Documents\GitHub\EM-3DMotion\BehaviorFitting\BehaviorData_Clay.mat,Clay,Clay_046,46,nonStim,1,Combined,0.636363636363636,0.636363636363636,9,9,9,1
C:\Users\zzhu329\Documents\GitHub\EM-3DMotion\BehaviorFitting\BehaviorData_Clay.mat,Clay,Clay_046,46,nonStim,1,Combined,1,1,9,9,9,1
C:\Users\zzhu329\Documents\GitHub\EM-3DMotion\BehaviorFitting\BehaviorData_Clay.mat,Clay,Clay_046,46,nonStim,2,MonoL,-1,1,2,7,9,0.777777777777778
C:\Users\zzhu329\Documents\GitHub\EM-3DMotion\BehaviorFitting\BehaviorData_Clay.mat,Clay,Clay_046,46,nonStim,2,MonoL,-0.636363636363636,0.636363636363636,3,6,9,0.666666666666667
C:\Users\zzhu329\Documents\GitHub\EM-3DMotion\BehaviorFitting\BehaviorData_Clay.mat,Clay,Clay_046,46,nonStim,2,MonoL,-0.454545454545455,0.454545454545455,1,8,9,0.888888888888889
C:\Users\zzhu329\Documents\GitHub\EM-3DMotion\BehaviorFitting\BehaviorData_Clay.mat,Clay,Clay_046,46,nonStim,2,MonoL,-0.363636363636364,0.363636363636364,2,7,9,0.777777777777778
C:\Users\zzhu329\Documents\GitHub\EM-3DMotion\BehaviorFitting\BehaviorData_Clay.mat,Clay,Clay_046,46,nonStim,2,MonoL,-0.181818181818182,0.181818181818182,3,6,9,0.666666666666667
C:\Users\zzhu329\Documents\GitHub\EM-3DMotion\BehaviorFitting\BehaviorData_Clay.mat,Clay,Clay_046,46,nonStim,2,MonoL,-0.0909090909090909,0.0909090909090909,5,4,9,0.444444444444444
C:\Users\zzhu329\Documents\GitHub\EM-3DMotion\BehaviorFitting\BehaviorData_Clay.mat,Clay,Clay_046,46,nonStim,2,MonoL,0.0909090909090909,0.0909090909090909,7,7,9,0.777777777777778
C:\Users\zzhu329\Documents\GitHub\EM-3DMotion\BehaviorFitting\BehaviorData_Clay.mat,Clay,Clay_046,46,nonStim,2,MonoL,0.181818181818182,0.181818181818182,7,7,9,0.777777777777778
C:\Users\zzhu329\Documents\GitHub\EM-3DMotion\BehaviorFitting\BehaviorData_Clay.mat,Clay,Clay_046,46,nonStim,2,MonoL,0.363636363636364,0.363636363636364,9,9,9,1
C:\Users\zzhu329\Documents\GitHub\EM-3DMotion\BehaviorFitting\BehaviorData_Clay.mat,Clay,Clay_046,46,nonStim,2,MonoL,0.454545454545455,0.454545454545455,9,9,9,1
C:\Users\zzhu329\Documents\GitHub\EM-3DMotion\BehaviorFitting\BehaviorData_Clay.mat,Clay,Clay_046,46,nonStim,2,MonoL,0.636363636363636,0.636363636363636,9,9,9,1
C:\Users\zzhu329\Documents\GitHub\EM-3DMotion\BehaviorFitting\BehaviorData_Clay.mat,Clay,Clay_046,46,nonStim,2,MonoL,1,1,9,9,9,1
C:\Users\zzhu329\Documents\GitHub\EM-3DMotion\BehaviorFitting\BehaviorData_Clay.mat,Clay,Clay_046,46,nonStim,3,MonoR,-1,1,1,8,9,0.888888888888889
C:\Users\zzhu329\Documents\GitHub\EM-3DMotion\BehaviorFitting\BehaviorData_Clay.mat,Clay,Clay_046,46,nonStim,3,MonoR,-0.636363636363636,0.636363636363636,3,6,9,0.666666666666667
C:\Users\zzhu329\Documents\GitHub\EM-3DMotion\BehaviorFitting\BehaviorData_Clay.mat,Clay,Clay_046,46,nonStim,3,MonoR,-0.454545454545455,0.454545454545455,2,7,9,0.777777777777778
C:\Users\zzhu329\Documents\GitHub\EM-3DMotion\BehaviorFitting\BehaviorData_Clay.mat,Clay,Clay_046,46,nonStim,3,MonoR,-0.363636363636364,0.363636363636364,4,5,9,0.555555555555556
C:\Users\zzhu329\Documents\GitHub\EM-3DMotion\BehaviorFitting\BehaviorData_Clay.mat,Clay,Clay_046,46,nonStim,3,MonoR,-0.181818181818182,0.181818181818182,5,4,9,0.444444444444444
C:\Users\zzhu329\Documents\GitHub\EM-3DMotion\BehaviorFitting\BehaviorData_Clay.mat,Clay,Clay_046,46,nonStim,3,MonoR,-0.0909090909090909,0.0909090909090909,5,3,8,0.375
C:\Users\zzhu329\Documents\GitHub\EM-3DMotion\BehaviorFitting\BehaviorData_Clay.mat,Clay,Clay_046,46,nonStim,3,MonoR,0.0909090909090909,0.0909090909090909,8,8,9,0.888888888888889
C:\Users\zzhu329\Documents\GitHub\EM-3DMotion\BehaviorFitting\BehaviorData_Clay.mat,Clay,Clay_046,46,nonStim,3,MonoR,0.181818181818182,0.181818181818182,8,8,9,0.888888888888889
C:\Users\zzhu329\Documents\GitHub\EM-3DMotion\BehaviorFitting\BehaviorData_Clay.mat,Clay,Clay_046,46,nonStim,3,MonoR,0.363636363636364,0.363636363636364,9,9,9,1
C:\Users\zzhu329\Documents\GitHub\EM-3DMotion\BehaviorFitting\BehaviorData_Clay.mat,Clay,Clay_046,46,nonStim,3,MonoR,0.454545454545455,0.454545454545455,8,8,9,0.888888888888889
C:\Users\zzhu329\Documents\GitHub\EM-3DMotion\BehaviorFitting\BehaviorData_Clay.mat,Clay,Clay_046,46,nonStim,3,MonoR,0.636363636363636,0.636363636363636,9,9,9,1
C:\Users\zzhu329\Documents\GitHub\EM-3DMotion\BehaviorFitting\BehaviorData_Clay.mat,Clay,Clay_046,46,nonStim,3,MonoR,1,1,9,9,9,1
C:\Users\zzhu329\Documents\GitHub\EM-3DMotion\BehaviorFitting\BehaviorData_Clay.mat,Clay,Clay_046,46,nonStim,4,Bino,-1,1,3,6,9,0.666666666666667
C:\Users\zzhu329\Documents\GitHub\EM-3DMotion\BehaviorFitting\BehaviorData_Clay.mat,Clay,Clay_046,46,nonStim,4,Bino,-0.636363636363636,0.636363636363636,4,5,9,0.555555555555556
C:\Users\zzhu329\Documents\GitHub\EM-3DMotion\BehaviorFitting\BehaviorData_Clay.mat,Clay,Clay_046,46,nonStim,4,Bino,-0.454545454545455,0.454545454545455,6,3,9,0.333333333333333
C:\Users\zzhu329\Documents\GitHub\EM-3DMotion\BehaviorFitting\BehaviorData_Clay.mat,Clay,Clay_046,46,nonStim,4,Bino,-0.363636363636364,0.363636363636364,3,6,9,0.666666666666667
C:\Users\zzhu329\Documents\GitHub\EM-3DMotion\BehaviorFitting\BehaviorData_Clay.mat,Clay,Clay_046,46,nonStim,4,Bino,-0.181818181818182,0.181818181818182,6,3,9,0.333333333333333
C:\Users\zzhu329\Documents\GitHub\EM-3DMotion\BehaviorFitting\BehaviorData_Clay.mat,Clay,Clay_046,46,nonStim,4,Bino,-0.0909090909090909,0.0909090909090909,5,4,9,0.444444444444444
C:\Users\zzhu329\Documents\GitHub\EM-3DMotion\BehaviorFitting\BehaviorData_Clay.mat,Clay,Clay_046,46,nonStim,4,Bino,0.0909090909090909,0.0909090909090909,8,8,8,1
C:\Users\zzhu329\Documents\GitHub\EM-3DMotion\BehaviorFitting\BehaviorData_Clay.mat,Clay,Clay_046,46,nonStim,4,Bino,0.181818181818182,0.181818181818182,9,9,9,1
C:\Users\zzhu329\Documents\GitHub\EM-3DMotion\BehaviorFitting\BehaviorData_Clay.mat,Clay,Clay_046,46,nonStim,4,Bino,0.363636363636364,0.363636363636364,9,9,9,1
C:\Users\zzhu329\Documents\GitHub\EM-3DMotion\BehaviorFitting\BehaviorData_Clay.mat,Clay,Clay_046,46,nonStim,4,Bino,0.454545454545455,0.454545454545455,8,8,9,0.888888888888889
C:\Users\zzhu329\Documents\GitHub\EM-3DMotion\BehaviorFitting\BehaviorData_Clay.mat,Clay,Clay_046,46,nonStim,4,Bino,0.636363636363636,0.636363636363636,9,9,9,1
C:\Users\zzhu329\Documents\GitHub\EM-3DMotion\BehaviorFitting\BehaviorData_Clay.mat,Clay,Clay_046,46,nonStim,4,Bino,1,1,9,9,9,1
C:\Users\zzhu329\Documents\GitHub\EM-3DMotion\BehaviorFitting\BehaviorData_Clay.mat,Clay,Clay_047,47,nonStim,1,Combined,-1,1,0,10,10,1
C:\Users\zzhu329\Documents\GitHub\EM-3DMotion\BehaviorFitting\BehaviorData_Clay.mat,Clay,Clay_047,47,nonStim,1,Combined,-0.636363636363636,0.636363636363636,0,10,10,1
C:\Users\zzhu329\Documents\GitHub\EM-3DMotion\BehaviorFitting\BehaviorData_Clay.mat,Clay,Clay_047,47,nonStim,1,Combined,-0.454545454545455,0.454545454545455,0,10,10,1
C:\Users\zzhu329\Documents\GitHub\EM-3DMotion\BehaviorFitting\BehaviorData_Clay.mat,Clay,Clay_047,47,nonStim,1,Combined,-0.363636363636364,0.363636363636364,1,9,10,0.9
C:\Users\zzhu329\Documents\GitHub\EM-3DMotion\BehaviorFitting\BehaviorData_Clay.mat,Clay,Clay_047,47,nonStim,1,Combined,-0.181818181818182,0.181818181818182,2,8,10,0.8
C:\Users\zzhu329\Documents\GitHub\EM-3DMotion\BehaviorFitting\BehaviorData_Clay.mat,Clay,Clay_047,47,nonStim,1,Combined,-0.0909090909090909,0.0909090909090909,5,5,10,0.5
C:\Users\zzhu329\Documents\GitHub\EM-3DMotion\BehaviorFitting\BehaviorData_Clay.mat,Clay,Clay_047,47,nonStim,1,Combined,0.0909090909090909,0.0909090909090909,10,10,10,1
C:\Users\zzhu329\Documents\GitHub\EM-3DMotion\BehaviorFitting\BehaviorData_Clay.mat,Clay,Clay_047,47,nonStim,1,Combined,0.181818181818182,0.181818181818182,10,10,10,1
C:\Users\zzhu329\Documents\GitHub\EM-3DMotion\BehaviorFitting\BehaviorData_Clay.mat,Clay,Clay_047,47,nonStim,1,Combined,0.363636363636364,0.363636363636364,11,11,11,1
C:\Users\zzhu329\Documents\GitHub\EM-3DMotion\BehaviorFitting\BehaviorData_Clay.mat,Clay,Clay_047,47,nonStim,1,Combined,0.454545454545455,0.454545454545455,11,11,11,1
C:\Users\zzhu329\Documents\GitHub\EM-3DMotion\BehaviorFitting\BehaviorData_Clay.mat,Clay,Clay_047,47,nonStim,1,Combined,0.636363636363636,0.636363636363636,10,10,10,1
C:\Users\zzhu329\Documents\GitHub\EM-3DMotion\BehaviorFitting\BehaviorData_Clay.mat,Clay,Clay_047,47,nonStim,1,Combined,1,1,10,10,10,1
C:\Users\zzhu329\Documents\GitHub\EM-3DMotion\BehaviorFitting\BehaviorData_Clay.mat,Clay,Clay_047,47,nonStim,2,MonoL,-1,1,1,9,10,0.9
C:\Users\zzhu329\Documents\GitHub\EM-3DMotion\BehaviorFitting\BehaviorData_Clay.mat,Clay,Clay_047,47,nonStim,2,MonoL,-0.636363636363636,0.636363636363636,0,10,10,1
C:\Users\zzhu329\Documents\GitHub\EM-3DMotion\BehaviorFitting\BehaviorData_Clay.mat,Clay,Clay_047,47,nonStim,2,MonoL,-0.454545454545455,0.454545454545455,3,7,10,0.7
C:\Users\zzhu329\Documents\GitHub\EM-3DMotion\BehaviorFitting\BehaviorData_Clay.mat,Clay,Clay_047,47,nonStim,2,MonoL,-0.363636363636364,0.363636363636364,6,4,10,0.4
C:\Users\zzhu329\Documents\GitHub\EM-3DMotion\BehaviorFitting\BehaviorData_Clay.mat,Clay,Clay_047,47,nonStim,2,MonoL,-0.181818181818182,0.181818181818182,7,3,10,0.3
C:\Users\zzhu329\Documents\GitHub\EM-3DMotion\BehaviorFitting\BehaviorData_Clay.mat,Clay,Clay_047,47,nonStim,2,MonoL,-0.0909090909090909,0.0909090909090909,6,4,10,0.4
C:\Users\zzhu329\Documents\GitHub\EM-3DMotion\BehaviorFitting\BehaviorData_Clay.mat,Clay,Clay_047,47,nonStim,2,MonoL,0.0909090909090909,0.0909090909090909,8,8,10,0.8
C:\Users\zzhu329\Documents\GitHub\EM-3DMotion\BehaviorFitting\BehaviorData_Clay.mat,Clay,Clay_047,47,nonStim,2,MonoL,0.181818181818182,0.181818181818182,8,8,10,0.8
C:\Users\zzhu329\Documents\GitHub\EM-3DMotion\BehaviorFitting\BehaviorData_Clay.mat,Clay,Clay_047,47,nonStim,2,MonoL,0.363636363636364,0.363636363636364,9,9,10,0.9
C:\Users\zzhu329\Documents\GitHub\EM-3DMotion\BehaviorFitting\BehaviorData_Clay.mat,Clay,Clay_047,47,nonStim,2,MonoL,0.454545454545455,0.454545454545455,10,10,10,1
C:\Users\zzhu329\Documents\GitHub\EM-3DMotion\BehaviorFitting\BehaviorData_Clay.mat,Clay,Clay_047,47,nonStim,2,MonoL,0.636363636363636,0.636363636363636,11,11,11,1
C:\Users\zzhu329\Documents\GitHub\EM-3DMotion\BehaviorFitting\BehaviorData_Clay.mat,Clay,Clay_047,47,nonStim,2,MonoL,1,1,10,10,10,1
C:\Users\zzhu329\Documents\GitHub\EM-3DMotion\BehaviorFitting\BehaviorData_Clay.mat,Clay,Clay_047,47,nonStim,3,MonoR,-1,1,2,8,10,0.8
C:\Users\zzhu329\Documents\GitHub\EM-3DMotion\BehaviorFitting\BehaviorData_Clay.mat,Clay,Clay_047,47,nonStim,3,MonoR,-0.636363636363636,0.636363636363636,1,9,10,0.9
C:\Users\zzhu329\Documents\GitHub\EM-3DMotion\BehaviorFitting\BehaviorData_Clay.mat,Clay,Clay_047,47,nonStim,3,MonoR,-0.454545454545455,0.454545454545455,3,7,10,0.7
C:\Users\zzhu329\Documents\GitHub\EM-3DMotion\BehaviorFitting\BehaviorData_Clay.mat,Clay,Clay_047,47,nonStim,3,MonoR,-0.363636363636364,0.363636363636364,3,7,10,0.7
C:\Users\zzhu329\Documents\GitHub\EM-3DMotion\BehaviorFitting\BehaviorData_Clay.mat,Clay,Clay_047,47,nonStim,3,MonoR,-0.181818181818182,0.181818181818182,5,5,10,0.5
C:\Users\zzhu329\Documents\GitHub\EM-3DMotion\BehaviorFitting\BehaviorData_Clay.mat,Clay,Clay_047,47,nonStim,3,MonoR,-0.0909090909090909,0.0909090909090909,6,4,10,0.4
C:\Users\zzhu329\Documents\GitHub\EM-3DMotion\BehaviorFitting\BehaviorData_Clay.mat,Clay,Clay_047,47,nonStim,3,MonoR,0.0909090909090909,0.0909090909090909,8,8,10,0.8
C:\Users\zzhu329\Documents\GitHub\EM-3DMotion\BehaviorFitting\BehaviorData_Clay.mat,Clay,Clay_047,47,nonStim,3,MonoR,0.181818181818182,0.181818181818182,10,10,10,1
C:\Users\zzhu329\Documents\GitHub\EM-3DMotion\BehaviorFitting\BehaviorData_Clay.mat,Clay,Clay_047,47,nonStim,3,MonoR,0.363636363636364,0.363636363636364,10,10,10,1
C:\Users\zzhu329\Documents\GitHub\EM-3DMotion\BehaviorFitting\BehaviorData_Clay.mat,Clay,Clay_047,47,nonStim,3,MonoR,0.454545454545455,0.454545454545455,10,10,10,1
C:\Users\zzhu329\Documents\GitHub\EM-3DMotion\BehaviorFitting\BehaviorData_Clay.mat,Clay,Clay_047,47,nonStim,3,MonoR,0.636363636363636,0.636363636363636,10,10,10,1
C:\Users\zzhu329\Documents\GitHub\EM-3DMotion\BehaviorFitting\BehaviorData_Clay.mat,Clay,Clay_047,47,nonStim,3,MonoR,1,1,10,10,10,1
C:\Users\zzhu329\Documents\GitHub\EM-3DMotion\BehaviorFitting\BehaviorData_Clay.mat,Clay,Clay_047,47,nonStim,4,Bino,-1,1,4,6,10,0.6
C:\Users\zzhu329\Documents\GitHub\EM-3DMotion\BehaviorFitting\BehaviorData_Clay.mat,Clay,Clay_047,47,nonStim,4,Bino,-0.636363636363636,0.636363636363636,4,6,10,0.6
C:\Users\zzhu329\Documents\GitHub\EM-3DMotion\BehaviorFitting\BehaviorData_Clay.mat,Clay,Clay_047,47,nonStim,4,Bino,-0.454545454545455,0.454545454545455,4,6,10,0.6
C:\Users\zzhu329\Documents\GitHub\EM-3DMotion\BehaviorFitting\BehaviorData_Clay.mat,Clay,Clay_047,47,nonStim,4,Bino,-0.363636363636364,0.363636363636364,6,4,10,0.4
C:\Users\zzhu329\Documents\GitHub\EM-3DMotion\BehaviorFitting\BehaviorData_Clay.mat,Clay,Clay_047,47,nonStim,4,Bino,-0.181818181818182,0.181818181818182,4,6,10,0.6
C:\Users\zzhu329\Documents\GitHub\EM-3DMotion\BehaviorFitting\BehaviorData_Clay.mat,Clay,Clay_047,47,nonStim,4,Bino,-0.0909090909090909,0.0909090909090909,9,1,10,0.1
C:\Users\zzhu329\Documents\GitHub\EM-3DMotion\BehaviorFitting\BehaviorData_Clay.mat,Clay,Clay_047,47,nonStim,4,Bino,0.0909090909090909,0.0909090909090909,9,9,11,0.818181818181818
C:\Users\zzhu329\Documents\GitHub\EM-3DMotion\BehaviorFitting\BehaviorData_Clay.mat,Clay,Clay_047,47,nonStim,4,Bino,0.181818181818182,0.181818181818182,10,10,10,1
C:\Users\zzhu329\Documents\GitHub\EM-3DMotion\BehaviorFitting\BehaviorData_Clay.mat,Clay,Clay_047,47,nonStim,4,Bino,0.363636363636364,0.363636363636364,10,10,10,1
C:\Users\zzhu329\Documents\GitHub\EM-3DMotion\BehaviorFitting\BehaviorData_Clay.mat,Clay,Clay_047,47,nonStim,4,Bino,0.454545454545455,0.454545454545455,10,10,10,1
C:\Users\zzhu329\Documents\GitHub\EM-3DMotion\BehaviorFitting\BehaviorData_Clay.mat,Clay,Clay_047,47,nonStim,4,Bino,0.636363636363636,0.636363636363636,9,9,10,0.9
C:\Users\zzhu329\Documents\GitHub\EM-3DMotion\BehaviorFitting\BehaviorData_Clay.mat,Clay,Clay_047,47,nonStim,4,Bino,1,1,10,10,10,1
C:\Users\zzhu329\Documents\GitHub\EM-3DMotion\BehaviorFitting\BehaviorData_Clay.mat,Clay,Clay_048,48,nonStim,1,Combined,-1,1,0,6,6,1
C:\Users\zzhu329\Documents\GitHub\EM-3DMotion\BehaviorFitting\BehaviorData_Clay.mat,Clay,Clay_048,48,nonStim,1,Combined,-0.636363636363636,0.636363636363636,0,6,6,1
C:\Users\zzhu329\Documents\GitHub\EM-3DMotion\BehaviorFitting\BehaviorData_Clay.mat,Clay,Clay_048,48,nonStim,1,Combined,-0.454545454545455,0.454545454545455,0,6,6,1
C:\Users\zzhu329\Documents\GitHub\EM-3DMotion\BehaviorFitting\BehaviorData_Clay.mat,Clay,Clay_048,48,nonStim,1,Combined,-0.363636363636364,0.363636363636364,0,6,6,1
C:\Users\zzhu329\Documents\GitHub\EM-3DMotion\BehaviorFitting\BehaviorData_Clay.mat,Clay,Clay_048,48,nonStim,1,Combined,-0.181818181818182,0.181818181818182,2,3,5,0.6
C:\Users\zzhu329\Documents\GitHub\EM-3DMotion\BehaviorFitting\BehaviorData_Clay.mat,Clay,Clay_048,48,nonStim,1,Combined,-0.0909090909090909,0.0909090909090909,4,1,5,0.2
C:\Users\zzhu329\Documents\GitHub\EM-3DMotion\BehaviorFitting\BehaviorData_Clay.mat,Clay,Clay_048,48,nonStim,1,Combined,0.0909090909090909,0.0909090909090909,5,5,5,1
C:\Users\zzhu329\Documents\GitHub\EM-3DMotion\BehaviorFitting\BehaviorData_Clay.mat,Clay,Clay_048,48,nonStim,1,Combined,0.181818181818182,0.181818181818182,4,4,4,1
C:\Users\zzhu329\Documents\GitHub\EM-3DMotion\BehaviorFitting\BehaviorData_Clay.mat,Clay,Clay_048,48,nonStim,1,Combined,0.363636363636364,0.363636363636364,6,6,6,1
C:\Users\zzhu329\Documents\GitHub\EM-3DMotion\BehaviorFitting\BehaviorData_Clay.mat,Clay,Clay_048,48,nonStim,1,Combined,0.454545454545455,0.454545454545455,4,4,4,1
C:\Users\zzhu329\Documents\GitHub\EM-3DMotion\BehaviorFitting\BehaviorData_Clay.mat,Clay,Clay_048,48,nonStim,1,Combined,0.636363636363636,0.636363636363636,5,5,5,1
C:\Users\zzhu329\Documents\GitHub\EM-3DMotion\BehaviorFitting\BehaviorData_Clay.mat,Clay,Clay_048,48,nonStim,1,Combined,1,1,6,6,6,1
C:\Users\zzhu329\Documents\GitHub\EM-3DMotion\BehaviorFitting\BehaviorData_Clay.mat,Clay,Clay_048,48,nonStim,2,MonoL,-1,1,0,5,5,1
C:\Users\zzhu329\Documents\GitHub\EM-3DMotion\BehaviorFitting\BehaviorData_Clay.mat,Clay,Clay_048,48,nonStim,2,MonoL,-0.636363636363636,0.636363636363636,1,4,5,0.8
C:\Users\zzhu329\Documents\GitHub\EM-3DMotion\BehaviorFitting\BehaviorData_Clay.mat,Clay,Clay_048,48,nonStim,2,MonoL,-0.454545454545455,0.454545454545455,1,3,4,0.75
C:\Users\zzhu329\Documents\GitHub\EM-3DMotion\BehaviorFitting\BehaviorData_Clay.mat,Clay,Clay_048,48,nonStim,2,MonoL,-0.363636363636364,0.363636363636364,0,5,5,1
C:\Users\zzhu329\Documents\GitHub\EM-3DMotion\BehaviorFitting\BehaviorData_Clay.mat,Clay,Clay_048,48,nonStim,2,MonoL,-0.181818181818182,0.181818181818182,3,3,6,0.5
C:\Users\zzhu329\Documents\GitHub\EM-3DMotion\BehaviorFitting\BehaviorData_Clay.mat,Clay,Clay_048,48,nonStim,2,MonoL,-0.0909090909090909,0.0909090909090909,5,1,6,0.166666666666667
C:\Users\zzhu329\Documents\GitHub\EM-3DMotion\BehaviorFitting\BehaviorData_Clay.mat,Clay,Clay_048,48,nonStim,2,MonoL,0.0909090909090909,0.0909090909090909,5,5,5,1
C:\Users\zzhu329\Documents\GitHub\EM-3DMotion\BehaviorFitting\BehaviorData_Clay.mat,Clay,Clay_048,48,nonStim,2,MonoL,0.181818181818182,0.181818181818182,3,3,5,0.6
C:\Users\zzhu329\Documents\GitHub\EM-3DMotion\BehaviorFitting\BehaviorData_Clay.mat,Clay,Clay_048,48,nonStim,2,MonoL,0.363636363636364,0.363636363636364,6,6,6,1
C:\Users\zzhu329\Documents\GitHub\EM-3DMotion\BehaviorFitting\BehaviorData_Clay.mat,Clay,Clay_048,48,nonStim,2,MonoL,0.454545454545455,0.454545454545455,6,6,6,1
C:\Users\zzhu329\Documents\GitHub\EM-3DMotion\BehaviorFitting\BehaviorData_Clay.mat,Clay,Clay_048,48,nonStim,2,MonoL,0.636363636363636,0.636363636363636,5,5,5,1
C:\Users\zzhu329\Documents\GitHub\EM-3DMotion\BehaviorFitting\BehaviorData_Clay.mat,Clay,Clay_048,48,nonStim,2,MonoL,1,1,6,6,6,1
C:\Users\zzhu329\Documents\GitHub\EM-3DMotion\BehaviorFitting\BehaviorData_Clay.mat,Clay,Clay_048,48,nonStim,3,MonoR,-1,1,0,4,4,1
C:\Users\zzhu329\Documents\GitHub\EM-3DMotion\BehaviorFitting\BehaviorData_Clay.mat,Clay,Clay_048,48,nonStim,3,MonoR,-0.636363636363636,0.636363636363636,1,5,6,0.833333333333333
C:\Users\zzhu329\Documents\GitHub\EM-3DMotion\BehaviorFitting\BehaviorData_Clay.mat,Clay,Clay_048,48,nonStim,3,MonoR,-0.454545454545455,0.454545454545455,1,4,5,0.8
C:\Users\zzhu329\Documents\GitHub\EM-3DMotion\BehaviorFitting\BehaviorData_Clay.mat,Clay,Clay_048,48,nonStim,3,MonoR,-0.363636363636364,0.363636363636364,2,2,4,0.5
C:\Users\zzhu329\Documents\GitHub\EM-3DMotion\BehaviorFitting\BehaviorData_Clay.mat,Clay,Clay_048,48,nonStim,3,MonoR,-0.181818181818182,0.181818181818182,2,2,4,0.5
C:\Users\zzhu329\Documents\GitHub\EM-3DMotion\BehaviorFitting\BehaviorData_Clay.mat,Clay,Clay_048,48,nonStim,3,MonoR,-0.0909090909090909,0.0909090909090909,2,2,4,0.5
C:\Users\zzhu329\Documents\GitHub\EM-3DMotion\BehaviorFitting\BehaviorData_Clay.mat,Clay,Clay_048,48,nonStim,3,MonoR,0.0909090909090909,0.0909090909090909,4,4,4,1
C:\Users\zzhu329\Documents\GitHub\EM-3DMotion\BehaviorFitting\BehaviorData_Clay.mat,Clay,Clay_048,48,nonStim,3,MonoR,0.181818181818182,0.181818181818182,6,6,6,1
C:\Users\zzhu329\Documents\GitHub\EM-3DMotion\BehaviorFitting\BehaviorData_Clay.mat,Clay,Clay_048,48,nonStim,3,MonoR,0.363636363636364,0.363636363636364,4,4,4,1
C:\Users\zzhu329\Documents\GitHub\EM-3DMotion\BehaviorFitting\BehaviorData_Clay.mat,Clay,Clay_048,48,nonStim,3,MonoR,0.454545454545455,0.454545454545455,4,4,4,1
C:\Users\zzhu329\Documents\GitHub\EM-3DMotion\BehaviorFitting\BehaviorData_Clay.mat,Clay,Clay_048,48,nonStim,3,MonoR,0.636363636363636,0.636363636363636,6,6,6,1
C:\Users\zzhu329\Documents\GitHub\EM-3DMotion\BehaviorFitting\BehaviorData_Clay.mat,Clay,Clay_048,48,nonStim,3,MonoR,1,1,6,6,6,1
C:\Users\zzhu329\Documents\GitHub\EM-3DMotion\BehaviorFitting\BehaviorData_Clay.mat,Clay,Clay_048,48,nonStim,4,Bino,-1,1,2,4,6,0.666666666666667
C:\Users\zzhu329\Documents\GitHub\EM-3DMotion\BehaviorFitting\BehaviorData_Clay.mat,Clay,Clay_048,48,nonStim,4,Bino,-0.636363636363636,0.636363636363636,2,3,5,0.6
C:\Users\zzhu329\Documents\GitHub\EM-3DMotion\BehaviorFitting\BehaviorData_Clay.mat,Clay,Clay_048,48,nonStim,4,Bino,-0.454545454545455,0.454545454545455,2,2,4,0.5
C:\Users\zzhu329\Documents\GitHub\EM-3DMotion\BehaviorFitting\BehaviorData_Clay.mat,Clay,Clay_048,48,nonStim,4,Bino,-0.363636363636364,0.363636363636364,2,4,6,0.666666666666667
C:\Users\zzhu329\Documents\GitHub\EM-3DMotion\BehaviorFitting\BehaviorData_Clay.mat,Clay,Clay_048,48,nonStim,4,Bino,-0.181818181818182,0.181818181818182,5,0,5,0
C:\Users\zzhu329\Documents\GitHub\EM-3DMotion\BehaviorFitting\BehaviorData_Clay.mat,Clay,Clay_048,48,nonStim,4,Bino,-0.0909090909090909,0.0909090909090909,4,0,4,0
C:\Users\zzhu329\Documents\GitHub\EM-3DMotion\BehaviorFitting\BehaviorData_Clay.mat,Clay,Clay_048,48,nonStim,4,Bino,0.0909090909090909,0.0909090909090909,6,6,6,1
C:\Users\zzhu329\Documents\GitHub\EM-3DMotion\BehaviorFitting\BehaviorData_Clay.mat,Clay,Clay_048,48,nonStim,4,Bino,0.181818181818182,0.181818181818182,3,3,4,0.75
C:\Users\zzhu329\Documents\GitHub\EM-3DMotion\BehaviorFitting\BehaviorData_Clay.mat,Clay,Clay_048,48,nonStim,4,Bino,0.363636363636364,0.363636363636364,2,2,4,0.5
C:\Users\zzhu329\Documents\GitHub\EM-3DMotion\BehaviorFitting\BehaviorData_Clay.mat,Clay,Clay_048,48,nonStim,4,Bino,0.454545454545455,0.454545454545455,5,5,5,1
C:\Users\zzhu329\Documents\GitHub\EM-3DMotion\BehaviorFitting\BehaviorData_Clay.mat,Clay,Clay_048,48,nonStim,4,Bino,0.636363636363636,0.636363636363636,4,4,5,0.8
C:\Users\zzhu329\Documents\GitHub\EM-3DMotion\BehaviorFitting\BehaviorData_Clay.mat,Clay,Clay_048,48,nonStim,4,Bino,1,1,6,6,6,1
C:\Users\zzhu329\Documents\GitHub\EM-3DMotion\BehaviorFitting\BehaviorData_Clay.mat,Clay,Clay_049,49,nonStim,1,Combined,-1,1,0,6,6,1
C:\Users\zzhu329\Documents\GitHub\EM-3DMotion\BehaviorFitting\BehaviorData_Clay.mat,Clay,Clay_049,49,nonStim,1,Combined,-0.636363636363636,0.636363636363636,1,4,5,0.8
C:\Users\zzhu329\Documents\GitHub\EM-3DMotion\BehaviorFitting\BehaviorData_Clay.mat,Clay,Clay_049,49,nonStim,1,Combined,-0.454545454545455,0.454545454545455,0,5,5,1
C:\Users\zzhu329\Documents\GitHub\EM-3DMotion\BehaviorFitting\BehaviorData_Clay.mat,Clay,Clay_049,49,nonStim,1,Combined,-0.363636363636364,0.363636363636364,0,7,7,1
C:\Users\zzhu329\Documents\GitHub\EM-3DMotion\BehaviorFitting\BehaviorData_Clay.mat,Clay,Clay_049,49,nonStim,1,Combined,-0.181818181818182,0.181818181818182,2,4,6,0.666666666666667
C:\Users\zzhu329\Documents\GitHub\EM-3DMotion\BehaviorFitting\BehaviorData_Clay.mat,Clay,Clay_049,49,nonStim,1,Combined,-0.0909090909090909,0.0909090909090909,2,2,4,0.5
C:\Users\zzhu329\Documents\GitHub\EM-3DMotion\BehaviorFitting\BehaviorData_Clay.mat,Clay,Clay_049,49,nonStim,1,Combined,0.0909090909090909,0.0909090909090909,4,4,4,1
C:\Users\zzhu329\Documents\GitHub\EM-3DMotion\BehaviorFitting\BehaviorData_Clay.mat,Clay,Clay_049,49,nonStim,1,Combined,0.181818181818182,0.181818181818182,4,4,4,1
C:\Users\zzhu329\Documents\GitHub\EM-3DMotion\BehaviorFitting\BehaviorData_Clay.mat,Clay,Clay_049,49,nonStim,1,Combined,0.363636363636364,0.363636363636364,6,6,6,1
C:\Users\zzhu329\Documents\GitHub\EM-3DMotion\BehaviorFitting\BehaviorData_Clay.mat,Clay,Clay_049,49,nonStim,1,Combined,0.454545454545455,0.454545454545455,5,5,5,1
C:\Users\zzhu329\Documents\GitHub\EM-3DMotion\BehaviorFitting\BehaviorData_Clay.mat,Clay,Clay_049,49,nonStim,1,Combined,0.636363636363636,0.636363636363636,5,5,5,1
C:\Users\zzhu329\Documents\GitHub\EM-3DMotion\BehaviorFitting\BehaviorData_Clay.mat,Clay,Clay_049,49,nonStim,1,Combined,1,1,7,7,7,1
C:\Users\zzhu329\Documents\GitHub\EM-3DMotion\BehaviorFitting\BehaviorData_Clay.mat,Clay,Clay_049,49,nonStim,2,MonoL,-1,1,0,5,5,1
C:\Users\zzhu329\Documents\GitHub\EM-3DMotion\BehaviorFitting\BehaviorData_Clay.mat,Clay,Clay_049,49,nonStim,2,MonoL,-0.636363636363636,0.636363636363636,1,3,4,0.75
C:\Users\zzhu329\Documents\GitHub\EM-3DMotion\BehaviorFitting\BehaviorData_Clay.mat,Clay,Clay_049,49,nonStim,2,MonoL,-0.454545454545455,0.454545454545455,1,3,4,0.75
C:\Users\zzhu329\Documents\GitHub\EM-3DMotion\BehaviorFitting\BehaviorData_Clay.mat,Clay,Clay_049,49,nonStim,2,MonoL,-0.363636363636364,0.363636363636364,3,3,6,0.5
C:\Users\zzhu329\Documents\GitHub\EM-3DMotion\BehaviorFitting\BehaviorData_Clay.mat,Clay,Clay_049,49,nonStim,2,MonoL,-0.181818181818182,0.181818181818182,1,3,4,0.75
C:\Users\zzhu329\Documents\GitHub\EM-3DMotion\BehaviorFitting\BehaviorData_Clay.mat,Clay,Clay_049,49,nonStim,2,MonoL,-0.0909090909090909,0.0909090909090909,2,3,5,0.6
C:\Users\zzhu329\Documents\GitHub\EM-3DMotion\BehaviorFitting\BehaviorData_Clay.mat,Clay,Clay_049,49,nonStim,2,MonoL,0.0909090909090909,0.0909090909090909,0,0,6,0
C:\Users\zzhu329\Documents\GitHub\EM-3DMotion\BehaviorFitting\BehaviorData_Clay.mat,Clay,Clay_049,49,nonStim,2,MonoL,0.181818181818182,0.181818181818182,2,2,6,0.333333333333333
C:\Users\zzhu329\Documents\GitHub\EM-3DMotion\BehaviorFitting\BehaviorData_Clay.mat,Clay,Clay_049,49,nonStim,2,MonoL,0.363636363636364,0.363636363636364,5,5,6,0.833333333333333
C:\Users\zzhu329\Documents\GitHub\EM-3DMotion\BehaviorFitting\BehaviorData_Clay.mat,Clay,Clay_049,49,nonStim,2,MonoL,0.454545454545455,0.454545454545455,4,4,4,1
C:\Users\zzhu329\Documents\GitHub\EM-3DMotion\BehaviorFitting\BehaviorData_Clay.mat,Clay,Clay_049,49,nonStim,2,MonoL,0.636363636363636,0.636363636363636,5,5,5,1
C:\Users\zzhu329\Documents\GitHub\EM-3DMotion\BehaviorFitting\BehaviorData_Clay.mat,Clay,Clay_049,49,nonStim,2,MonoL,1,1,5,5,5,1
C:\Users\zzhu329\Documents\GitHub\EM-3DMotion\BehaviorFitting\BehaviorData_Clay.mat,Clay,Clay_049,49,nonStim,3,MonoR,-1,1,1,4,5,0.8
C:\Users\zzhu329\Documents\GitHub\EM-3DMotion\BehaviorFitting\BehaviorData_Clay.mat,Clay,Clay_049,49,nonStim,3,MonoR,-0.636363636363636,0.636363636363636,0,6,6,1
C:\Users\zzhu329\Documents\GitHub\EM-3DMotion\BehaviorFitting\BehaviorData_Clay.mat,Clay,Clay_049,49,nonStim,3,MonoR,-0.454545454545455,0.454545454545455,1,3,4,0.75
C:\Users\zzhu329\Documents\GitHub\EM-3DMotion\BehaviorFitting\BehaviorData_Clay.mat,Clay,Clay_049,49,nonStim,3,MonoR,-0.363636363636364,0.363636363636364,0,6,6,1
C:\Users\zzhu329\Documents\GitHub\EM-3DMotion\BehaviorFitting\BehaviorData_Clay.mat,Clay,Clay_049,49,nonStim,3,MonoR,-0.181818181818182,0.181818181818182,1,5,6,0.833333333333333
C:\Users\zzhu329\Documents\GitHub\EM-3DMotion\BehaviorFitting\BehaviorData_Clay.mat,Clay,Clay_049,49,nonStim,3,MonoR,-0.0909090909090909,0.0909090909090909,0,4,4,1
C:\Users\zzhu329\Documents\GitHub\EM-3DMotion\BehaviorFitting\BehaviorData_Clay.mat,Clay,Clay_049,49,nonStim,3,MonoR,0.0909090909090909,0.0909090909090909,0,0,5,0
C:\Users\zzhu329\Documents\GitHub\EM-3DMotion\BehaviorFitting\BehaviorData_Clay.mat,Clay,Clay_049,49,nonStim,3,MonoR,0.181818181818182,0.181818181818182,2,2,6,0.333333333333333
C:\Users\zzhu329\Documents\GitHub\EM-3DMotion\BehaviorFitting\BehaviorData_Clay.mat,Clay,Clay_049,49,nonStim,3,MonoR,0.363636363636364,0.363636363636364,4,4,5,0.8
C:\Users\zzhu329\Documents\GitHub\EM-3DMotion\BehaviorFitting\BehaviorData_Clay.mat,Clay,Clay_049,49,nonStim,3,MonoR,0.454545454545455,0.454545454545455,5,5,6,0.833333333333333
C:\Users\zzhu329\Documents\GitHub\EM-3DMotion\BehaviorFitting\BehaviorData_Clay.mat,Clay,Clay_049,49,nonStim,3,MonoR,0.636363636363636,0.636363636363636,5,5,5,1
C:\Users\zzhu329\Documents\GitHub\EM-3DMotion\BehaviorFitting\BehaviorData_Clay.mat,Clay,Clay_049,49,nonStim,3,MonoR,1,1,5,5,5,1
C:\Users\zzhu329\Documents\GitHub\EM-3DMotion\BehaviorFitting\BehaviorData_Clay.mat,Clay,Clay_049,49,nonStim,4,Bino,-1,1,1,6,7,0.857142857142857
C:\Users\zzhu329\Documents\GitHub\EM-3DMotion\BehaviorFitting\BehaviorData_Clay.mat,Clay,Clay_049,49,nonStim,4,Bino,-0.636363636363636,0.636363636363636,3,4,7,0.571428571428571
C:\Users\zzhu329\Documents\GitHub\EM-3DMotion\BehaviorFitting\BehaviorData_Clay.mat,Clay,Clay_049,49,nonStim,4,Bino,-0.454545454545455,0.454545454545455,1,4,5,0.8
C:\Users\zzhu329\Documents\GitHub\EM-3DMotion\BehaviorFitting\BehaviorData_Clay.mat,Clay,Clay_049,49,nonStim,4,Bino,-0.363636363636364,0.363636363636364,0,4,4,1
C:\Users\zzhu329\Documents\GitHub\EM-3DMotion\BehaviorFitting\BehaviorData_Clay.mat,Clay,Clay_049,49,nonStim,4,Bino,-0.181818181818182,0.181818181818182,0,6,6,1
C:\Users\zzhu329\Documents\GitHub\EM-3DMotion\BehaviorFitting\BehaviorData_Clay.mat,Clay,Clay_049,49,nonStim,4,Bino,-0.0909090909090909,0.0909090909090909,2,4,6,0.666666666666667
C:\Users\zzhu329\Documents\GitHub\EM-3DMotion\BehaviorFitting\BehaviorData_Clay.mat,Clay,Clay_049,49,nonStim,4,Bino,0.0909090909090909,0.0909090909090909,0,0,5,0
C:\Users\zzhu329\Documents\GitHub\EM-3DMotion\BehaviorFitting\BehaviorData_Clay.mat,Clay,Clay_049,49,nonStim,4,Bino,0.181818181818182,0.181818181818182,2,2,5,0.4
C:\Users\zzhu329\Documents\GitHub\EM-3DMotion\BehaviorFitting\BehaviorData_Clay.mat,Clay,Clay_049,49,nonStim,4,Bino,0.363636363636364,0.363636363636364,3,3,3,1
C:\Users\zzhu329\Documents\GitHub\EM-3DMotion\BehaviorFitting\BehaviorData_Clay.mat,Clay,Clay_049,49,nonStim,4,Bino,0.454545454545455,0.454545454545455,5,5,6,0.833333333333333
C:\Users\zzhu329\Documents\GitHub\EM-3DMotion\BehaviorFitting\BehaviorData_Clay.mat,Clay,Clay_049,49,nonStim,4,Bino,0.636363636363636,0.636363636363636,3,3,4,0.75
C:\Users\zzhu329\Documents\GitHub\EM-3DMotion\BehaviorFitting\BehaviorData_Clay.mat,Clay,Clay_049,49,nonStim,4,Bino,1,1,4,4,5,0.8
C:\Users\zzhu329\Documents\GitHub\EM-3DMotion\BehaviorFitting\BehaviorData_Clay.mat,Clay,Clay_050,50,nonStim,1,Combined,-1,1,1,10,11,0.909090909090909
C:\Users\zzhu329\Documents\GitHub\EM-3DMotion\BehaviorFitting\BehaviorData_Clay.mat,Clay,Clay_050,50,nonStim,1,Combined,-0.636363636363636,0.636363636363636,0,11,11,1
C:\Users\zzhu329\Documents\GitHub\EM-3DMotion\BehaviorFitting\BehaviorData_Clay.mat,Clay,Clay_050,50,nonStim,1,Combined,-0.454545454545455,0.454545454545455,1,9,10,0.9
C:\Users\zzhu329\Documents\GitHub\EM-3DMotion\BehaviorFitting\BehaviorData_Clay.mat,Clay,Clay_050,50,nonStim,1,Combined,-0.363636363636364,0.363636363636364,0,11,11,1
C:\Users\zzhu329\Documents\GitHub\EM-3DMotion\BehaviorFitting\BehaviorData_Clay.mat,Clay,Clay_050,50,nonStim,1,Combined,-0.181818181818182,0.181818181818182,0,10,10,1
C:\Users\zzhu329\Documents\GitHub\EM-3DMotion\BehaviorFitting\BehaviorData_Clay.mat,Clay,Clay_050,50,nonStim,1,Combined,-0.0909090909090909,0.0909090909090909,0,10,10,1
C:\Users\zzhu329\Documents\GitHub\EM-3DMotion\BehaviorFitting\BehaviorData_Clay.mat,Clay,Clay_050,50,nonStim,1,Combined,0.0909090909090909,0.0909090909090909,6,6,10,0.6
C:\Users\zzhu329\Documents\GitHub\EM-3DMotion\BehaviorFitting\BehaviorData_Clay.mat,Clay,Clay_050,50,nonStim,1,Combined,0.181818181818182,0.181818181818182,6,6,10,0.6
C:\Users\zzhu329\Documents\GitHub\EM-3DMotion\BehaviorFitting\BehaviorData_Clay.mat,Clay,Clay_050,50,nonStim,1,Combined,0.363636363636364,0.363636363636364,10,10,10,1
C:\Users\zzhu329\Documents\GitHub\EM-3DMotion\BehaviorFitting\BehaviorData_Clay.mat,Clay,Clay_050,50,nonStim,1,Combined,0.454545454545455,0.454545454545455,11,11,11,1
C:\Users\zzhu329\Documents\GitHub\EM-3DMotion\BehaviorFitting\BehaviorData_Clay.mat,Clay,Clay_050,50,nonStim,1,Combined,0.636363636363636,0.636363636363636,10,10,10,1
C:\Users\zzhu329\Documents\GitHub\EM-3DMotion\BehaviorFitting\BehaviorData_Clay.mat,Clay,Clay_050,50,nonStim,1,Combined,1,1,10,10,10,1
C:\Users\zzhu329\Documents\GitHub\EM-3DMotion\BehaviorFitting\BehaviorData_Clay.mat,Clay,Clay_050,50,nonStim,2,MonoL,-1,1,0,10,10,1
C:\Users\zzhu329\Documents\GitHub\EM-3DMotion\BehaviorFitting\BehaviorData_Clay.mat,Clay,Clay_050,50,nonStim,2,MonoL,-0.636363636363636,0.636363636363636,0,10,10,1
C:\Users\zzhu329\Documents\GitHub\EM-3DMotion\BehaviorFitting\BehaviorData_Clay.mat,Clay,Clay_050,50,nonStim,2,MonoL,-0.454545454545455,0.454545454545455,0,11,11,1
C:\Users\zzhu329\Documents\GitHub\EM-3DMotion\BehaviorFitting\BehaviorData_Clay.mat,Clay,Clay_050,50,nonStim,2,MonoL,-0.363636363636364,0.363636363636364,1,10,11,0.909090909090909
C:\Users\zzhu329\Documents\GitHub\EM-3DMotion\BehaviorFitting\BehaviorData_Clay.mat,Clay,Clay_050,50,nonStim,2,MonoL,-0.181818181818182,0.181818181818182,3,8,11,0.727272727272727
C:\Users\zzhu329\Documents\GitHub\EM-3DMotion\BehaviorFitting\BehaviorData_Clay.mat,Clay,Clay_050,50,nonStim,2,MonoL,-0.0909090909090909,0.0909090909090909,1,9,10,0.9
C:\Users\zzhu329\Documents\GitHub\EM-3DMotion\BehaviorFitting\BehaviorData_Clay.mat,Clay,Clay_050,50,nonStim,2,MonoL,0.0909090909090909,0.0909090909090909,2,2,10,0.2
C:\Users\zzhu329\Documents\GitHub\EM-3DMotion\BehaviorFitting\BehaviorData_Clay.mat,Clay,Clay_050,50,nonStim,2,MonoL,0.181818181818182,0.181818181818182,3,3,10,0.3
C:\Users\zzhu329\Documents\GitHub\EM-3DMotion\BehaviorFitting\BehaviorData_Clay.mat,Clay,Clay_050,50,nonStim,2,MonoL,0.363636363636364,0.363636363636364,7,7,10,0.7
C:\Users\zzhu329\Documents\GitHub\EM-3DMotion\BehaviorFitting\BehaviorData_Clay.mat,Clay,Clay_050,50,nonStim,2,MonoL,0.454545454545455,0.454545454545455,7,7,10,0.7
C:\Users\zzhu329\Documents\GitHub\EM-3DMotion\BehaviorFitting\BehaviorData_Clay.mat,Clay,Clay_050,50,nonStim,2,MonoL,0.636363636363636,0.636363636363636,7,7,10,0.7
C:\Users\zzhu329\Documents\GitHub\EM-3DMotion\BehaviorFitting\BehaviorData_Clay.mat,Clay,Clay_050,50,nonStim,2,MonoL,1,1,9,9,10,0.9
C:\Users\zzhu329\Documents\GitHub\EM-3DMotion\BehaviorFitting\BehaviorData_Clay.mat,Clay,Clay_050,50,nonStim,3,MonoR,-1,1,0,11,11,1
C:\Users\zzhu329\Documents\GitHub\EM-3DMotion\BehaviorFitting\BehaviorData_Clay.mat,Clay,Clay_050,50,nonStim,3,MonoR,-0.636363636363636,0.636363636363636,0,11,11,1
C:\Users\zzhu329\Documents\GitHub\EM-3DMotion\BehaviorFitting\BehaviorData_Clay.mat,Clay,Clay_050,50,nonStim,3,MonoR,-0.454545454545455,0.454545454545455,0,10,10,1
C:\Users\zzhu329\Documents\GitHub\EM-3DMotion\BehaviorFitting\BehaviorData_Clay.mat,Clay,Clay_050,50,nonStim,3,MonoR,-0.363636363636364,0.363636363636364,1,10,11,0.909090909090909
C:\Users\zzhu329\Documents\GitHub\EM-3DMotion\BehaviorFitting\BehaviorData_Clay.mat,Clay,Clay_050,50,nonStim,3,MonoR,-0.181818181818182,0.181818181818182,1,10,11,0.909090909090909
C:\Users\zzhu329\Documents\GitHub\EM-3DMotion\BehaviorFitting\BehaviorData_Clay.mat,Clay,Clay_050,50,nonStim,3,MonoR,-0.0909090909090909,0.0909090909090909,0,10,10,1
C:\Users\zzhu329\Documents\GitHub\EM-3DMotion\BehaviorFitting\BehaviorData_Clay.mat,Clay,Clay_050,50,nonStim,3,MonoR,0.0909090909090909,0.0909090909090909,1,1,10,0.1
C:\Users\zzhu329\Documents\GitHub\EM-3DMotion\BehaviorFitting\BehaviorData_Clay.mat,Clay,Clay_050,50,nonStim,3,MonoR,0.181818181818182,0.181818181818182,3,3,11,0.272727272727273
C:\Users\zzhu329\Documents\GitHub\EM-3DMotion\BehaviorFitting\BehaviorData_Clay.mat,Clay,Clay_050,50,nonStim,3,MonoR,0.363636363636364,0.363636363636364,5,5,10,0.5
C:\Users\zzhu329\Documents\GitHub\EM-3DMotion\BehaviorFitting\BehaviorData_Clay.mat,Clay,Clay_050,50,nonStim,3,MonoR,0.454545454545455,0.454545454545455,9,9,11,0.818181818181818
C:\Users\zzhu329\Documents\GitHub\EM-3DMotion\BehaviorFitting\BehaviorData_Clay.mat,Clay,Clay_050,50,nonStim,3,MonoR,0.636363636363636,0.636363636363636,11,11,11,1
C:\Users\zzhu329\Documents\GitHub\EM-3DMotion\BehaviorFitting\BehaviorData_Clay.mat,Clay,Clay_050,50,nonStim,3,MonoR,1,1,11,11,11,1
C:\Users\zzhu329\Documents\GitHub\EM-3DMotion\BehaviorFitting\BehaviorData_Clay.mat,Clay,Clay_050,50,nonStim,4,Bino,-1,1,0,11,11,1
C:\Users\zzhu329\Documents\GitHub\EM-3DMotion\BehaviorFitting\BehaviorData_Clay.mat,Clay,Clay_050,50,nonStim,4,Bino,-0.636363636363636,0.636363636363636,0,10,10,1
C:\Users\zzhu329\Documents\GitHub\EM-3DMotion\BehaviorFitting\BehaviorData_Clay.mat,Clay,Clay_050,50,nonStim,4,Bino,-0.454545454545455,0.454545454545455,0,11,11,1
C:\Users\zzhu329\Documents\GitHub\EM-3DMotion\BehaviorFitting\BehaviorData_Clay.mat,Clay,Clay_050,50,nonStim,4,Bino,-0.363636363636364,0.363636363636364,2,9,11,0.818181818181818
C:\Users\zzhu329\Documents\GitHub\EM-3DMotion\BehaviorFitting\BehaviorData_Clay.mat,Clay,Clay_050,50,nonStim,4,Bino,-0.181818181818182,0.181818181818182,2,8,10,0.8
C:\Users\zzhu329\Documents\GitHub\EM-3DMotion\BehaviorFitting\BehaviorData_Clay.mat,Clay,Clay_050,50,nonStim,4,Bino,-0.0909090909090909,0.0909090909090909,2,9,11,0.818181818181818
C:\Users\zzhu329\Documents\GitHub\EM-3DMotion\BehaviorFitting\BehaviorData_Clay.mat,Clay,Clay_050,50,nonStim,4,Bino,0.0909090909090909,0.0909090909090909,1,1,11,0.0909090909090909
C:\Users\zzhu329\Documents\GitHub\EM-3DMotion\BehaviorFitting\BehaviorData_Clay.mat,Clay,Clay_050,50,nonStim,4,Bino,0.181818181818182,0.181818181818182,4,4,10,0.4
C:\Users\zzhu329\Documents\GitHub\EM-3DMotion\BehaviorFitting\BehaviorData_Clay.mat,Clay,Clay_050,50,nonStim,4,Bino,0.363636363636364,0.363636363636364,8,8,10,0.8
C:\Users\zzhu329\Documents\GitHub\EM-3DMotion\BehaviorFitting\BehaviorData_Clay.mat,Clay,Clay_050,50,nonStim,4,Bino,0.454545454545455,0.454545454545455,8,8,11,0.727272727272727
C:\Users\zzhu329\Documents\GitHub\EM-3DMotion\BehaviorFitting\BehaviorData_Clay.mat,Clay,Clay_050,50,nonStim,4,Bino,0.636363636363636,0.636363636363636,9,9,11,0.818181818181818
C:\Users\zzhu329\Documents\GitHub\EM-3DMotion\BehaviorFitting\BehaviorData_Clay.mat,Clay,Clay_050,50,nonStim,4,Bino,1,1,9,9,10,0.9
C:\Users\zzhu329\Documents\GitHub\EM-3DMotion\BehaviorFitting\BehaviorData_Clay.mat,Clay,Clay_051,51,nonStim,1,Combined,-1,1,0,6,6,1
C:\Users\zzhu329\Documents\GitHub\EM-3DMotion\BehaviorFitting\BehaviorData_Clay.mat,Clay,Clay_051,51,nonStim,1,Combined,-0.636363636363636,0.636363636363636,0,7,7,1
C:\Users\zzhu329\Documents\GitHub\EM-3DMotion\BehaviorFitting\BehaviorData_Clay.mat,Clay,Clay_051,51,nonStim,1,Combined,-0.454545454545455,0.454545454545455,0,4,4,1
C:\Users\zzhu329\Documents\GitHub\EM-3DMotion\BehaviorFitting\BehaviorData_Clay.mat,Clay,Clay_051,51,nonStim,1,Combined,-0.363636363636364,0.363636363636364,0,6,6,1
C:\Users\zzhu329\Documents\GitHub\EM-3DMotion\BehaviorFitting\BehaviorData_Clay.mat,Clay,Clay_051,51,nonStim,1,Combined,-0.181818181818182,0.181818181818182,1,4,5,0.8
C:\Users\zzhu329\Documents\GitHub\EM-3DMotion\BehaviorFitting\BehaviorData_Clay.mat,Clay,Clay_051,51,nonStim,1,Combined,-0.0909090909090909,0.0909090909090909,2,3,5,0.6
C:\Users\zzhu329\Documents\GitHub\EM-3DMotion\BehaviorFitting\BehaviorData_Clay.mat,Clay,Clay_051,51,nonStim,1,Combined,0.0909090909090909,0.0909090909090909,7,7,7,1
C:\Users\zzhu329\Documents\GitHub\EM-3DMotion\BehaviorFitting\BehaviorData_Clay.mat,Clay,Clay_051,51,nonStim,1,Combined,0.181818181818182,0.181818181818182,5,5,7,0.714285714285714
C:\Users\zzhu329\Documents\GitHub\EM-3DMotion\BehaviorFitting\BehaviorData_Clay.mat,Clay,Clay_051,51,nonStim,1,Combined,0.363636363636364,0.363636363636364,6,6,6,1
C:\Users\zzhu329\Documents\GitHub\EM-3DMotion\BehaviorFitting\BehaviorData_Clay.mat,Clay,Clay_051,51,nonStim,1,Combined,0.454545454545455,0.454545454545455,7,7,7,1
C:\Users\zzhu329\Documents\GitHub\EM-3DMotion\BehaviorFitting\BehaviorData_Clay.mat,Clay,Clay_051,51,nonStim,1,Combined,0.636363636363636,0.636363636363636,7,7,7,1
C:\Users\zzhu329\Documents\GitHub\EM-3DMotion\BehaviorFitting\BehaviorData_Clay.mat,Clay,Clay_051,51,nonStim,1,Combined,1,1,5,5,5,1
C:\Users\zzhu329\Documents\GitHub\EM-3DMotion\BehaviorFitting\BehaviorData_Clay.mat,Clay,Clay_051,51,nonStim,2,MonoL,-1,1,0,5,5,1
C:\Users\zzhu329\Documents\GitHub\EM-3DMotion\BehaviorFitting\BehaviorData_Clay.mat,Clay,Clay_051,51,nonStim,2,MonoL,-0.636363636363636,0.636363636363636,0,6,6,1
C:\Users\zzhu329\Documents\GitHub\EM-3DMotion\BehaviorFitting\BehaviorData_Clay.mat,Clay,Clay_051,51,nonStim,2,MonoL,-0.454545454545455,0.454545454545455,0,6,6,1
C:\Users\zzhu329\Documents\GitHub\EM-3DMotion\BehaviorFitting\BehaviorData_Clay.mat,Clay,Clay_051,51,nonStim,2,MonoL,-0.363636363636364,0.363636363636364,1,5,6,0.833333333333333
C:\Users\zzhu329\Documents\GitHub\EM-3DMotion\BehaviorFitting\BehaviorData_Clay.mat,Clay,Clay_051,51,nonStim,2,MonoL,-0.181818181818182,0.181818181818182,2,5,7,0.714285714285714
C:\Users\zzhu329\Documents\GitHub\EM-3DMotion\BehaviorFitting\BehaviorData_Clay.mat,Clay,Clay_051,51,nonStim,2,MonoL,-0.0909090909090909,0.0909090909090909,2,4,6,0.666666666666667
C:\Users\zzhu329\Documents\GitHub\EM-3DMotion\BehaviorFitting\BehaviorData_Clay.mat,Clay,Clay_051,51,nonStim,2,MonoL,0.0909090909090909,0.0909090909090909,3,3,7,0.428571428571429
C:\Users\zzhu329\Documents\GitHub\EM-3DMotion\BehaviorFitting\BehaviorData_Clay.mat,Clay,Clay_051,51,nonStim,2,MonoL,0.181818181818182,0.181818181818182,2,2,4,0.5
C:\Users\zzhu329\Documents\GitHub\EM-3DMotion\BehaviorFitting\BehaviorData_Clay.mat,Clay,Clay_051,51,nonStim,2,MonoL,0.363636363636364,0.363636363636364,7,7,7,1
C:\Users\zzhu329\Documents\GitHub\EM-3DMotion\BehaviorFitting\BehaviorData_Clay.mat,Clay,Clay_051,51,nonStim,2,MonoL,0.454545454545455,0.454545454545455,6,6,6,1
C:\Users\zzhu329\Documents\GitHub\EM-3DMotion\BehaviorFitting\BehaviorData_Clay.mat,Clay,Clay_051,51,nonStim,2,MonoL,0.636363636363636,0.636363636363636,6,6,6,1
C:\Users\zzhu329\Documents\GitHub\EM-3DMotion\BehaviorFitting\BehaviorData_Clay.mat,Clay,Clay_051,51,nonStim,2,MonoL,1,1,5,5,5,1
C:\Users\zzhu329\Documents\GitHub\EM-3DMotion\BehaviorFitting\BehaviorData_Clay.mat,Clay,Clay_051,51,nonStim,3,MonoR,-1,1,2,5,7,0.714285714285714
C:\Users\zzhu329\Documents\GitHub\EM-3DMotion\BehaviorFitting\BehaviorData_Clay.mat,Clay,Clay_051,51,nonStim,3,MonoR,-0.636363636363636,0.636363636363636,1,4,5,0.8
C:\Users\zzhu329\Documents\GitHub\EM-3DMotion\BehaviorFitting\BehaviorData_Clay.mat,Clay,Clay_051,51,nonStim,3,MonoR,-0.454545454545455,0.454545454545455,0,6,6,1
C:\Users\zzhu329\Documents\GitHub\EM-3DMotion\BehaviorFitting\BehaviorData_Clay.mat,Clay,Clay_051,51,nonStim,3,MonoR,-0.363636363636364,0.363636363636364,1,4,5,0.8
C:\Users\zzhu329\Documents\GitHub\EM-3DMotion\BehaviorFitting\BehaviorData_Clay.mat,Clay,Clay_051,51,nonStim,3,MonoR,-0.181818181818182,0.181818181818182,1,4,5,0.8
C:\Users\zzhu329\Documents\GitHub\EM-3DMotion\BehaviorFitting\BehaviorData_Clay.mat,Clay,Clay_051,51,nonStim,3,MonoR,-0.0909090909090909,0.0909090909090909,3,4,7,0.571428571428571
C:\Users\zzhu329\Documents\GitHub\EM-3DMotion\BehaviorFitting\BehaviorData_Clay.mat,Clay,Clay_051,51,nonStim,3,MonoR,0.0909090909090909,0.0909090909090909,3,3,7,0.428571428571429
C:\Users\zzhu329\Documents\GitHub\EM-3DMotion\BehaviorFitting\BehaviorData_Clay.mat,Clay,Clay_051,51,nonStim,3,MonoR,0.181818181818182,0.181818181818182,4,4,6,0.666666666666667
C:\Users\zzhu329\Documents\GitHub\EM-3DMotion\BehaviorFitting\BehaviorData_Clay.mat,Clay,Clay_051,51,nonStim,3,MonoR,0.363636363636364,0.363636363636364,5,5,5,1
C:\Users\zzhu329\Documents\GitHub\EM-3DMotion\BehaviorFitting\BehaviorData_Clay.mat,Clay,Clay_051,51,nonStim,3,MonoR,0.454545454545455,0.454545454545455,6,6,6,1
C:\Users\zzhu329\Documents\GitHub\EM-3DMotion\BehaviorFitting\BehaviorData_Clay.mat,Clay,Clay_051,51,nonStim,3,MonoR,0.636363636363636,0.636363636363636,6,6,6,1
C:\Users\zzhu329\Documents\GitHub\EM-3DMotion\BehaviorFitting\BehaviorData_Clay.mat,Clay,Clay_051,51,nonStim,3,MonoR,1,1,6,6,6,1
C:\Users\zzhu329\Documents\GitHub\EM-3DMotion\BehaviorFitting\BehaviorData_Clay.mat,Clay,Clay_051,51,nonStim,4,Bino,-1,1,0,6,6,1
C:\Users\zzhu329\Documents\GitHub\EM-3DMotion\BehaviorFitting\BehaviorData_Clay.mat,Clay,Clay_051,51,nonStim,4,Bino,-0.636363636363636,0.636363636363636,0,6,6,1
C:\Users\zzhu329\Documents\GitHub\EM-3DMotion\BehaviorFitting\BehaviorData_Clay.mat,Clay,Clay_051,51,nonStim,4,Bino,-0.454545454545455,0.454545454545455,0,6,6,1
C:\Users\zzhu329\Documents\GitHub\EM-3DMotion\BehaviorFitting\BehaviorData_Clay.mat,Clay,Clay_051,51,nonStim,4,Bino,-0.363636363636364,0.363636363636364,0,5,5,1
C:\Users\zzhu329\Documents\GitHub\EM-3DMotion\BehaviorFitting\BehaviorData_Clay.mat,Clay,Clay_051,51,nonStim,4,Bino,-0.181818181818182,0.181818181818182,1,4,5,0.8
C:\Users\zzhu329\Documents\GitHub\EM-3DMotion\BehaviorFitting\BehaviorData_Clay.mat,Clay,Clay_051,51,nonStim,4,Bino,-0.0909090909090909,0.0909090909090909,2,3,5,0.6
C:\Users\zzhu329\Documents\GitHub\EM-3DMotion\BehaviorFitting\BehaviorData_Clay.mat,Clay,Clay_051,51,nonStim,4,Bino,0.0909090909090909,0.0909090909090909,3,3,6,0.5
C:\Users\zzhu329\Documents\GitHub\EM-3DMotion\BehaviorFitting\BehaviorData_Clay.mat,Clay,Clay_051,51,nonStim,4,Bino,0.181818181818182,0.181818181818182,7,7,7,1
C:\Users\zzhu329\Documents\GitHub\EM-3DMotion\BehaviorFitting\BehaviorData_Clay.mat,Clay,Clay_051,51,nonStim,4,Bino,0.363636363636364,0.363636363636364,7,7,7,1
C:\Users\zzhu329\Documents\GitHub\EM-3DMotion\BehaviorFitting\BehaviorData_Clay.mat,Clay,Clay_051,51,nonStim,4,Bino,0.454545454545455,0.454545454545455,5,5,5,1
C:\Users\zzhu329\Documents\GitHub\EM-3DMotion\BehaviorFitting\BehaviorData_Clay.mat,Clay,Clay_051,51,nonStim,4,Bino,0.636363636363636,0.636363636363636,8,8,8,1
C:\Users\zzhu329\Documents\GitHub\EM-3DMotion\BehaviorFitting\BehaviorData_Clay.mat,Clay,Clay_051,51,nonStim,4,Bino,1,1,7,7,7,1
C:\Users\zzhu329\Documents\GitHub\EM-3DMotion\BehaviorFitting\BehaviorData_Clay.mat,Clay,Clay_052,52,nonStim,1,Combined,-1,1,0,11,11,1
C:\Users\zzhu329\Documents\GitHub\EM-3DMotion\BehaviorFitting\BehaviorData_Clay.mat,Clay,Clay_052,52,nonStim,1,Combined,-0.636363636363636,0.636363636363636,2,9,11,0.818181818181818
C:\Users\zzhu329\Documents\GitHub\EM-3DMotion\BehaviorFitting\BehaviorData_Clay.mat,Clay,Clay_052,52,nonStim,1,Combined,-0.454545454545455,0.454545454545455,2,9,11,0.818181818181818
C:\Users\zzhu329\Documents\GitHub\EM-3DMotion\BehaviorFitting\BehaviorData_Clay.mat,Clay,Clay_052,52,nonStim,1,Combined,-0.363636363636364,0.363636363636364,3,8,11,0.727272727272727
C:\Users\zzhu329\Documents\GitHub\EM-3DMotion\BehaviorFitting\BehaviorData_Clay.mat,Clay,Clay_052,52,nonStim,1,Combined,-0.181818181818182,0.181818181818182,1,10,11,0.909090909090909
C:\Users\zzhu329\Documents\GitHub\EM-3DMotion\BehaviorFitting\BehaviorData_Clay.mat,Clay,Clay_052,52,nonStim,1,Combined,-0.0909090909090909,0.0909090909090909,4,7,11,0.636363636363636
C:\Users\zzhu329\Documents\GitHub\EM-3DMotion\BehaviorFitting\BehaviorData_Clay.mat,Clay,Clay_052,52,nonStim,1,Combined,0.0909090909090909,0.0909090909090909,8,8,12,0.666666666666667
C:\Users\zzhu329\Documents\GitHub\EM-3DMotion\BehaviorFitting\BehaviorData_Clay.mat,Clay,Clay_052,52,nonStim,1,Combined,0.181818181818182,0.181818181818182,10,10,11,0.909090909090909
C:\Users\zzhu329\Documents\GitHub\EM-3DMotion\BehaviorFitting\BehaviorData_Clay.mat,Clay,Clay_052,52,nonStim,1,Combined,0.363636363636364,0.363636363636364,10,10,11,0.909090909090909
C:\Users\zzhu329\Documents\GitHub\EM-3DMotion\BehaviorFitting\BehaviorData_Clay.mat,Clay,Clay_052,52,nonStim,1,Combined,0.454545454545455,0.454545454545455,11,11,11,1
C:\Users\zzhu329\Documents\GitHub\EM-3DMotion\BehaviorFitting\BehaviorData_Clay.mat,Clay,Clay_052,52,nonStim,1,Combined,0.636363636363636,0.636363636363636,11,11,11,1
C:\Users\zzhu329\Documents\GitHub\EM-3DMotion\BehaviorFitting\BehaviorData_Clay.mat,Clay,Clay_052,52,nonStim,1,Combined,1,1,11,11,11,1
C:\Users\zzhu329\Documents\GitHub\EM-3DMotion\BehaviorFitting\BehaviorData_Clay.mat,Clay,Clay_052,52,nonStim,2,MonoL,-1,1,1,10,11,0.909090909090909
C:\Users\zzhu329\Documents\GitHub\EM-3DMotion\BehaviorFitting\BehaviorData_Clay.mat,Clay,Clay_052,52,nonStim,2,MonoL,-0.636363636363636,0.636363636363636,2,9,11,0.818181818181818
C:\Users\zzhu329\Documents\GitHub\EM-3DMotion\BehaviorFitting\BehaviorData_Clay.mat,Clay,Clay_052,52,nonStim,2,MonoL,-0.454545454545455,0.454545454545455,0,11,11,1
C:\Users\zzhu329\Documents\GitHub\EM-3DMotion\BehaviorFitting\BehaviorData_Clay.mat,Clay,Clay_052,52,nonStim,2,MonoL,-0.363636363636364,0.363636363636364,3,9,12,0.75
C:\Users\zzhu329\Documents\GitHub\EM-3DMotion\BehaviorFitting\BehaviorData_Clay.mat,Clay,Clay_052,52,nonStim,2,MonoL,-0.181818181818182,0.181818181818182,4,7,11,0.636363636363636
C:\Users\zzhu329\Documents\GitHub\EM-3DMotion\BehaviorFitting\BehaviorData_Clay.mat,Clay,Clay_052,52,nonStim,2,MonoL,-0.0909090909090909,0.0909090909090909,1,10,11,0.909090909090909
C:\Users\zzhu329\Documents\GitHub\EM-3DMotion\BehaviorFitting\BehaviorData_Clay.mat,Clay,Clay_052,52,nonStim,2,MonoL,0.0909090909090909,0.0909090909090909,3,3,11,0.272727272727273
C:\Users\zzhu329\Documents\GitHub\EM-3DMotion\BehaviorFitting\BehaviorData_Clay.mat,Clay,Clay_052,52,nonStim,2,MonoL,0.181818181818182,0.181818181818182,5,5,11,0.454545454545455
C:\Users\zzhu329\Documents\GitHub\EM-3DMotion\BehaviorFitting\BehaviorData_Clay.mat,Clay,Clay_052,52,nonStim,2,MonoL,0.363636363636364,0.363636363636364,6,6,11,0.545454545454545
C:\Users\zzhu329\Documents\GitHub\EM-3DMotion\BehaviorFitting\BehaviorData_Clay.mat,Clay,Clay_052,52,nonStim,2,MonoL,0.454545454545455,0.454545454545455,7,7,12,0.583333333333333
C:\Users\zzhu329\Documents\GitHub\EM-3DMotion\BehaviorFitting\BehaviorData_Clay.mat,Clay,Clay_052,52,nonStim,2,MonoL,0.636363636363636,0.636363636363636,10,10,11,0.909090909090909
C:\Users\zzhu329\Documents\GitHub\EM-3DMotion\BehaviorFitting\BehaviorData_Clay.mat,Clay,Clay_052,52,nonStim,2,MonoL,1,1,11,11,11,1
C:\Users\zzhu329\Documents\GitHub\EM-3DMotion\BehaviorFitting\BehaviorData_Clay.mat,Clay,Clay_052,52,nonStim,3,MonoR,-1,1,0,11,11,1
C:\Users\zzhu329\Documents\GitHub\EM-3DMotion\BehaviorFitting\BehaviorData_Clay.mat,Clay,Clay_052,52,nonStim,3,MonoR,-0.636363636363636,0.636363636363636,0,11,11,1
C:\Users\zzhu329\Documents\GitHub\EM-3DMotion\BehaviorFitting\BehaviorData_Clay.mat,Clay,Clay_052,52,nonStim,3,MonoR,-0.454545454545455,0.454545454545455,1,10,11,0.909090909090909
C:\Users\zzhu329\Documents\GitHub\EM-3DMotion\BehaviorFitting\BehaviorData_Clay.mat,Clay,Clay_052,52,nonStim,3,MonoR,-0.363636363636364,0.363636363636364,1,10,11,0.909090909090909
C:\Users\zzhu329\Documents\GitHub\EM-3DMotion\BehaviorFitting\BehaviorData_Clay.mat,Clay,Clay_052,52,nonStim,3,MonoR,-0.181818181818182,0.181818181818182,2,9,11,0.818181818181818
C:\Users\zzhu329\Documents\GitHub\EM-3DMotion\BehaviorFitting\BehaviorData_Clay.mat,Clay,Clay_052,52,nonStim,3,MonoR,-0.0909090909090909,0.0909090909090909,2,9,11,0.818181818181818
C:\Users\zzhu329\Documents\GitHub\EM-3DMotion\BehaviorFitting\BehaviorData_Clay.mat,Clay,Clay_052,52,nonStim,3,MonoR,0.0909090909090909,0.0909090909090909,1,1,11,0.0909090909090909
C:\Users\zzhu329\Documents\GitHub\EM-3DMotion\BehaviorFitting\BehaviorData_Clay.mat,Clay,Clay_052,52,nonStim,3,MonoR,0.181818181818182,0.181818181818182,3,3,11,0.272727272727273
C:\Users\zzhu329\Documents\GitHub\EM-3DMotion\BehaviorFitting\BehaviorData_Clay.mat,Clay,Clay_052,52,nonStim,3,MonoR,0.363636363636364,0.363636363636364,3,3,11,0.272727272727273
C:\Users\zzhu329\Documents\GitHub\EM-3DMotion\BehaviorFitting\BehaviorData_Clay.mat,Clay,Clay_052,52,nonStim,3,MonoR,0.454545454545455,0.454545454545455,7,7,12,0.583333333333333
C:\Users\zzhu329\Documents\GitHub\EM-3DMotion\BehaviorFitting\BehaviorData_Clay.mat,Clay,Clay_052,52,nonStim,3,MonoR,0.636363636363636,0.636363636363636,9,9,11,0.818181818181818
C:\Users\zzhu329\Documents\GitHub\EM-3DMotion\BehaviorFitting\BehaviorData_Clay.mat,Clay,Clay_052,52,nonStim,3,MonoR,1,1,9,9,11,0.818181818181818
C:\Users\zzhu329\Documents\GitHub\EM-3DMotion\BehaviorFitting\BehaviorData_Clay.mat,Clay,Clay_052,52,nonStim,4,Bino,-1,1,1,10,11,0.909090909090909
C:\Users\zzhu329\Documents\GitHub\EM-3DMotion\BehaviorFitting\BehaviorData_Clay.mat,Clay,Clay_052,52,nonStim,4,Bino,-0.636363636363636,0.636363636363636,2,9,11,0.818181818181818
C:\Users\zzhu329\Documents\GitHub\EM-3DMotion\BehaviorFitting\BehaviorData_Clay.mat,Clay,Clay_052,52,nonStim,4,Bino,-0.454545454545455,0.454545454545455,2,9,11,0.818181818181818
C:\Users\zzhu329\Documents\GitHub\EM-3DMotion\BehaviorFitting\BehaviorData_Clay.mat,Clay,Clay_052,52,nonStim,4,Bino,-0.363636363636364,0.363636363636364,4,7,11,0.636363636363636
C:\Users\zzhu329\Documents\GitHub\EM-3DMotion\BehaviorFitting\BehaviorData_Clay.mat,Clay,Clay_052,52,nonStim,4,Bino,-0.181818181818182,0.181818181818182,3,8,11,0.727272727272727
C:\Users\zzhu329\Documents\GitHub\EM-3DMotion\BehaviorFitting\BehaviorData_Clay.mat,Clay,Clay_052,52,nonStim,4,Bino,-0.0909090909090909,0.0909090909090909,2,9,11,0.818181818181818
C:\Users\zzhu329\Documents\GitHub\EM-3DMotion\BehaviorFitting\BehaviorData_Clay.mat,Clay,Clay_052,52,nonStim,4,Bino,0.0909090909090909,0.0909090909090909,5,5,12,0.416666666666667
C:\Users\zzhu329\Documents\GitHub\EM-3DMotion\BehaviorFitting\BehaviorData_Clay.mat,Clay,Clay_052,52,nonStim,4,Bino,0.181818181818182,0.181818181818182,3,3,11,0.272727272727273
C:\Users\zzhu329\Documents\GitHub\EM-3DMotion\BehaviorFitting\BehaviorData_Clay.mat,Clay,Clay_052,52,nonStim,4,Bino,0.363636363636364,0.363636363636364,4,4,11,0.363636363636364
C:\Users\zzhu329\Documents\GitHub\EM-3DMotion\BehaviorFitting\BehaviorData_Clay.mat,Clay,Clay_052,52,nonStim,4,Bino,0.454545454545455,0.454545454545455,7,7,11,0.636363636363636
C:\Users\zzhu329\Documents\GitHub\EM-3DMotion\BehaviorFitting\BehaviorData_Clay.mat,Clay,Clay_052,52,nonStim,4,Bino,0.636363636363636,0.636363636363636,7,7,11,0.636363636363636
C:\Users\zzhu329\Documents\GitHub\EM-3DMotion\BehaviorFitting\BehaviorData_Clay.mat,Clay,Clay_052,52,nonStim,4,Bino,1,1,8,8,11,0.727272727272727
C:\Users\zzhu329\Documents\GitHub\EM-3DMotion\BehaviorFitting\BehaviorData_Clay.mat,Clay,Clay_053,53,nonStim,1,Combined,-1,1,0,9,9,1
C:\Users\zzhu329\Documents\GitHub\EM-3DMotion\BehaviorFitting\BehaviorData_Clay.mat,Clay,Clay_053,53,nonStim,1,Combined,-0.636363636363636,0.636363636363636,1,8,9,0.888888888888889
C:\Users\zzhu329\Documents\GitHub\EM-3DMotion\BehaviorFitting\BehaviorData_Clay.mat,Clay,Clay_053,53,nonStim,1,Combined,-0.454545454545455,0.454545454545455,1,8,9,0.888888888888889
C:\Users\zzhu329\Documents\GitHub\EM-3DMotion\BehaviorFitting\BehaviorData_Clay.mat,Clay,Clay_053,53,nonStim,1,Combined,-0.363636363636364,0.363636363636364,0,9,9,1
C:\Users\zzhu329\Documents\GitHub\EM-3DMotion\BehaviorFitting\BehaviorData_Clay.mat,Clay,Clay_053,53,nonStim,1,Combined,-0.181818181818182,0.181818181818182,1,9,10,0.9
C:\Users\zzhu329\Documents\GitHub\EM-3DMotion\BehaviorFitting\BehaviorData_Clay.mat,Clay,Clay_053,53,nonStim,1,Combined,-0.0909090909090909,0.0909090909090909,0,9,9,1
C:\Users\zzhu329\Documents\GitHub\EM-3DMotion\BehaviorFitting\BehaviorData_Clay.mat,Clay,Clay_053,53,nonStim,1,Combined,0.0909090909090909,0.0909090909090909,2,2,9,0.222222222222222
C:\Users\zzhu329\Documents\GitHub\EM-3DMotion\BehaviorFitting\BehaviorData_Clay.mat,Clay,Clay_053,53,nonStim,1,Combined,0.181818181818182,0.181818181818182,2,2,10,0.2
C:\Users\zzhu329\Documents\GitHub\EM-3DMotion\BehaviorFitting\BehaviorData_Clay.mat,Clay,Clay_053,53,nonStim,1,Combined,0.363636363636364,0.363636363636364,9,9,9,1
C:\Users\zzhu329\Documents\GitHub\EM-3DMotion\BehaviorFitting\BehaviorData_Clay.mat,Clay,Clay_053,53,nonStim,1,Combined,0.454545454545455,0.454545454545455,8,8,9,0.888888888888889
C:\Users\zzhu329\Documents\GitHub\EM-3DMotion\BehaviorFitting\BehaviorData_Clay.mat,Clay,Clay_053,53,nonStim,1,Combined,0.636363636363636,0.636363636363636,9,9,9,1
C:\Users\zzhu329\Documents\GitHub\EM-3DMotion\BehaviorFitting\BehaviorData_Clay.mat,Clay,Clay_053,53,nonStim,1,Combined,1,1,9,9,9,1
C:\Users\zzhu329\Documents\GitHub\EM-3DMotion\BehaviorFitting\BehaviorData_Clay.mat,Clay,Clay_053,53,nonStim,2,MonoL,-1,1,0,9,9,1
C:\Users\zzhu329\Documents\GitHub\EM-3DMotion\BehaviorFitting\BehaviorData_Clay.mat,Clay,Clay_053,53,nonStim,2,MonoL,-0.636363636363636,0.636363636363636,1,8,9,0.888888888888889
C:\Users\zzhu329\Documents\GitHub\EM-3DMotion\BehaviorFitting\BehaviorData_Clay.mat,Clay,Clay_053,53,nonStim,2,MonoL,-0.454545454545455,0.454545454545455,0,9,9,1
C:\Users\zzhu329\Documents\GitHub\EM-3DMotion\BehaviorFitting\BehaviorData_Clay.mat,Clay,Clay_053,53,nonStim,2,MonoL,-0.363636363636364,0.363636363636364,1,8,9,0.888888888888889
C:\Users\zzhu329\Documents\GitHub\EM-3DMotion\BehaviorFitting\BehaviorData_Clay.mat,Clay,Clay_053,53,nonStim,2,MonoL,-0.181818181818182,0.181818181818182,0,9,9,1
C:\Users\zzhu329\Documents\GitHub\EM-3DMotion\BehaviorFitting\BehaviorData_Clay.mat,Clay,Clay_053,53,nonStim,2,MonoL,-0.0909090909090909,0.0909090909090909,0,9,9,1
C:\Users\zzhu329\Documents\GitHub\EM-3DMotion\BehaviorFitting\BehaviorData_Clay.mat,Clay,Clay_053,53,nonStim,2,MonoL,0.0909090909090909,0.0909090909090909,1,1,9,0.111111111111111
C:\Users\zzhu329\Documents\GitHub\EM-3DMotion\BehaviorFitting\BehaviorData_Clay.mat,Clay,Clay_053,53,nonStim,2,MonoL,0.181818181818182,0.181818181818182,4,4,9,0.444444444444444
C:\Users\zzhu329\Documents\GitHub\EM-3DMotion\BehaviorFitting\BehaviorData_Clay.mat,Clay,Clay_053,53,nonStim,2,MonoL,0.363636363636364,0.363636363636364,3,3,9,0.333333333333333
C:\Users\zzhu329\Documents\GitHub\EM-3DMotion\BehaviorFitting\BehaviorData_Clay.mat,Clay,Clay_053,53,nonStim,2,MonoL,0.454545454545455,0.454545454545455,0,0,9,0
C:\Users\zzhu329\Documents\GitHub\EM-3DMotion\BehaviorFitting\BehaviorData_Clay.mat,Clay,Clay_053,53,nonStim,2,MonoL,0.636363636363636,0.636363636363636,4,4,9,0.444444444444444
C:\Users\zzhu329\Documents\GitHub\EM-3DMotion\BehaviorFitting\BehaviorData_Clay.mat,Clay,Clay_053,53,nonStim,2,MonoL,1,1,9,9,9,1
C:\Users\zzhu329\Documents\GitHub\EM-3DMotion\BehaviorFitting\BehaviorData_Clay.mat,Clay,Clay_053,53,nonStim,3,MonoR,-1,1,0,9,9,1
C:\Users\zzhu329\Documents\GitHub\EM-3DMotion\BehaviorFitting\BehaviorData_Clay.mat,Clay,Clay_053,53,nonStim,3,MonoR,-0.636363636363636,0.636363636363636,0,9,9,1
C:\Users\zzhu329\Documents\GitHub\EM-3DMotion\BehaviorFitting\BehaviorData_Clay.mat,Clay,Clay_053,53,nonStim,3,MonoR,-0.454545454545455,0.454545454545455,1,8,9,0.888888888888889
C:\Users\zzhu329\Documents\GitHub\EM-3DMotion\BehaviorFitting\BehaviorData_Clay.mat,Clay,Clay_053,53,nonStim,3,MonoR,-0.363636363636364,0.363636363636364,0,9,9,1
C:\Users\zzhu329\Documents\GitHub\EM-3DMotion\BehaviorFitting\BehaviorData_Clay.mat,Clay,Clay_053,53,nonStim,3,MonoR,-0.181818181818182,0.181818181818182,1,8,9,0.888888888888889
C:\Users\zzhu329\Documents\GitHub\EM-3DMotion\BehaviorFitting\BehaviorData_Clay.mat,Clay,Clay_053,53,nonStim,3,MonoR,-0.0909090909090909,0.0909090909090909,1,8,9,0.888888888888889
C:\Users\zzhu329\Documents\GitHub\EM-3DMotion\BehaviorFitting\BehaviorData_Clay.mat,Clay,Clay_053,53,nonStim,3,MonoR,0.0909090909090909,0.0909090909090909,3,3,9,0.333333333333333
C:\Users\zzhu329\Documents\GitHub\EM-3DMotion\BehaviorFitting\BehaviorData_Clay.mat,Clay,Clay_053,53,nonStim,3,MonoR,0.181818181818182,0.181818181818182,1,1,9,0.111111111111111
C:\Users\zzhu329\Documents\GitHub\EM-3DMotion\BehaviorFitting\BehaviorData_Clay.mat,Clay,Clay_053,53,nonStim,3,MonoR,0.363636363636364,0.363636363636364,6,6,9,0.666666666666667
C:\Users\zzhu329\Documents\GitHub\EM-3DMotion\BehaviorFitting\BehaviorData_Clay.mat,Clay,Clay_053,53,nonStim,3,MonoR,0.454545454545455,0.454545454545455,6,6,9,0.666666666666667
C:\Users\zzhu329\Documents\GitHub\EM-3DMotion\BehaviorFitting\BehaviorData_Clay.mat,Clay,Clay_053,53,nonStim,3,MonoR,0.636363636363636,0.636363636363636,9,9,9,1
C:\Users\zzhu329\Documents\GitHub\EM-3DMotion\BehaviorFitting\BehaviorData_Clay.mat,Clay,Clay_053,53,nonStim,3,MonoR,1,1,9,9,9,1
C:\Users\zzhu329\Documents\GitHub\EM-3DMotion\BehaviorFitting\BehaviorData_Clay.mat,Clay,Clay_053,53,nonStim,4,Bino,-1,1,0,9,9,1
C:\Users\zzhu329\Documents\GitHub\EM-3DMotion\BehaviorFitting\BehaviorData_Clay.mat,Clay,Clay_053,53,nonStim,4,Bino,-0.636363636363636,0.636363636363636,1,8,9,0.888888888888889
C:\Users\zzhu329\Documents\GitHub\EM-3DMotion\BehaviorFitting\BehaviorData_Clay.mat,Clay,Clay_053,53,nonStim,4,Bino,-0.454545454545455,0.454545454545455,0,9,9,1
C:\Users\zzhu329\Documents\GitHub\EM-3DMotion\BehaviorFitting\BehaviorData_Clay.mat,Clay,Clay_053,53,nonStim,4,Bino,-0.363636363636364,0.363636363636364,1,8,9,0.888888888888889
C:\Users\zzhu329\Documents\GitHub\EM-3DMotion\BehaviorFitting\BehaviorData_Clay.mat,Clay,Clay_053,53,nonStim,4,Bino,-0.181818181818182,0.181818181818182,2,7,9,0.777777777777778
C:\Users\zzhu329\Documents\GitHub\EM-3DMotion\BehaviorFitting\BehaviorData_Clay.mat,Clay,Clay_053,53,nonStim,4,Bino,-0.0909090909090909,0.0909090909090909,1,8,9,0.888888888888889
C:\Users\zzhu329\Documents\GitHub\EM-3DMotion\BehaviorFitting\BehaviorData_Clay.mat,Clay,Clay_053,53,nonStim,4,Bino,0.0909090909090909,0.0909090909090909,1,1,9,0.111111111111111
C:\Users\zzhu329\Documents\GitHub\EM-3DMotion\BehaviorFitting\BehaviorData_Clay.mat,Clay,Clay_053,53,nonStim,4,Bino,0.181818181818182,0.181818181818182,1,1,9,0.111111111111111
C:\Users\zzhu329\Documents\GitHub\EM-3DMotion\BehaviorFitting\BehaviorData_Clay.mat,Clay,Clay_053,53,nonStim,4,Bino,0.363636363636364,0.363636363636364,2,2,10,0.2
C:\Users\zzhu329\Documents\GitHub\EM-3DMotion\BehaviorFitting\BehaviorData_Clay.mat,Clay,Clay_053,53,nonStim,4,Bino,0.454545454545455,0.454545454545455,5,5,9,0.555555555555556
C:\Users\zzhu329\Documents\GitHub\EM-3DMotion\BehaviorFitting\BehaviorData_Clay.mat,Clay,Clay_053,53,nonStim,4,Bino,0.636363636363636,0.636363636363636,6,6,9,0.666666666666667
C:\Users\zzhu329\Documents\GitHub\EM-3DMotion\BehaviorFitting\BehaviorData_Clay.mat,Clay,Clay_053,53,nonStim,4,Bino,1,1,5,5,9,0.555555555555556
C:\Users\zzhu329\Documents\GitHub\EM-3DMotion\BehaviorFitting\BehaviorData_Clay.mat,Clay,Clay_054,54,nonStim,1,Combined,-1,1,0,6,6,1
C:\Users\zzhu329\Documents\GitHub\EM-3DMotion\BehaviorFitting\BehaviorData_Clay.mat,Clay,Clay_054,54,nonStim,1,Combined,-0.636363636363636,0.636363636363636,0,7,7,1
C:\Users\zzhu329\Documents\GitHub\EM-3DMotion\BehaviorFitting\BehaviorData_Clay.mat,Clay,Clay_054,54,nonStim,1,Combined,-0.454545454545455,0.454545454545455,1,5,6,0.833333333333333
C:\Users\zzhu329\Documents\GitHub\EM-3DMotion\BehaviorFitting\BehaviorData_Clay.mat,Clay,Clay_054,54,nonStim,1,Combined,-0.363636363636364,0.363636363636364,0,6,6,1
C:\Users\zzhu329\Documents\GitHub\EM-3DMotion\BehaviorFitting\BehaviorData_Clay.mat,Clay,Clay_054,54,nonStim,1,Combined,-0.181818181818182,0.181818181818182,2,5,7,0.714285714285714
C:\Users\zzhu329\Documents\GitHub\EM-3DMotion\BehaviorFitting\BehaviorData_Clay.mat,Clay,Clay_054,54,nonStim,1,Combined,-0.0909090909090909,0.0909090909090909,4,3,7,0.428571428571429
C:\Users\zzhu329\Documents\GitHub\EM-3DMotion\BehaviorFitting\BehaviorData_Clay.mat,Clay,Clay_054,54,nonStim,1,Combined,0.0909090909090909,0.0909090909090909,6,6,6,1
C:\Users\zzhu329\Documents\GitHub\EM-3DMotion\BehaviorFitting\BehaviorData_Clay.mat,Clay,Clay_054,54,nonStim,1,Combined,0.181818181818182,0.181818181818182,7,7,7,1
C:\Users\zzhu329\Documents\GitHub\EM-3DMotion\BehaviorFitting\BehaviorData_Clay.mat,Clay,Clay_054,54,nonStim,1,Combined,0.363636363636364,0.363636363636364,7,7,7,1
C:\Users\zzhu329\Documents\GitHub\EM-3DMotion\BehaviorFitting\BehaviorData_Clay.mat,Clay,Clay_054,54,nonStim,1,Combined,0.454545454545455,0.454545454545455,6,6,6,1
C:\Users\zzhu329\Documents\GitHub\EM-3DMotion\BehaviorFitting\BehaviorData_Clay.mat,Clay,Clay_054,54,nonStim,1,Combined,0.636363636363636,0.636363636363636,6,6,6,1
C:\Users\zzhu329\Documents\GitHub\EM-3DMotion\BehaviorFitting\BehaviorData_Clay.mat,Clay,Clay_054,54,nonStim,1,Combined,1,1,6,6,6,1
C:\Users\zzhu329\Documents\GitHub\EM-3DMotion\BehaviorFitting\BehaviorData_Clay.mat,Clay,Clay_054,54,nonStim,2,MonoL,-1,1,0,7,7,1
C:\Users\zzhu329\Documents\GitHub\EM-3DMotion\BehaviorFitting\BehaviorData_Clay.mat,Clay,Clay_054,54,nonStim,2,MonoL,-0.636363636363636,0.636363636363636,1,6,7,0.857142857142857
C:\Users\zzhu329\Documents\GitHub\EM-3DMotion\BehaviorFitting\BehaviorData_Clay.mat,Clay,Clay_054,54,nonStim,2,MonoL,-0.454545454545455,0.454545454545455,3,4,7,0.571428571428571
C:\Users\zzhu329\Documents\GitHub\EM-3DMotion\BehaviorFitting\BehaviorData_Clay.mat,Clay,Clay_054,54,nonStim,2,MonoL,-0.363636363636364,0.363636363636364,2,5,7,0.714285714285714
C:\Users\zzhu329\Documents\GitHub\EM-3DMotion\BehaviorFitting\BehaviorData_Clay.mat,Clay,Clay_054,54,nonStim,2,MonoL,-0.181818181818182,0.181818181818182,4,2,6,0.333333333333333
C:\Users\zzhu329\Documents\GitHub\EM-3DMotion\BehaviorFitting\BehaviorData_Clay.mat,Clay,Clay_054,54,nonStim,2,MonoL,-0.0909090909090909,0.0909090909090909,3,3,6,0.5
C:\Users\zzhu329\Documents\GitHub\EM-3DMotion\BehaviorFitting\BehaviorData_Clay.mat,Clay,Clay_054,54,nonStim,2,MonoL,0.0909090909090909,0.0909090909090909,6,6,7,0.857142857142857
C:\Users\zzhu329\Documents\GitHub\EM-3DMotion\BehaviorFitting\BehaviorData_Clay.mat,Clay,Clay_054,54,nonStim,2,MonoL,0.181818181818182,0.181818181818182,5,5,7,0.714285714285714
C:\Users\zzhu329\Documents\GitHub\EM-3DMotion\BehaviorFitting\BehaviorData_Clay.mat,Clay,Clay_054,54,nonStim,2,MonoL,0.363636363636364,0.363636363636364,7,7,7,1
C:\Users\zzhu329\Documents\GitHub\EM-3DMotion\BehaviorFitting\BehaviorData_Clay.mat,Clay,Clay_054,54,nonStim,2,MonoL,0.454545454545455,0.454545454545455,5,5,6,0.833333333333333
C:\Users\zzhu329\Documents\GitHub\EM-3DMotion\BehaviorFitting\BehaviorData_Clay.mat,Clay,Clay_054,54,nonStim,2,MonoL,0.636363636363636,0.636363636363636,6,6,6,1
C:\Users\zzhu329\Documents\GitHub\EM-3DMotion\BehaviorFitting\BehaviorData_Clay.mat,Clay,Clay_054,54,nonStim,2,MonoL,1,1,6,6,6,1
C:\Users\zzhu329\Documents\GitHub\EM-3DMotion\BehaviorFitting\BehaviorData_Clay.mat,Clay,Clay_054,54,nonStim,3,MonoR,-1,1,1,6,7,0.857142857142857
C:\Users\zzhu329\Documents\GitHub\EM-3DMotion\BehaviorFitting\BehaviorData_Clay.mat,Clay,Clay_054,54,nonStim,3,MonoR,-0.636363636363636,0.636363636363636,1,6,7,0.857142857142857
C:\Users\zzhu329\Documents\GitHub\EM-3DMotion\BehaviorFitting\BehaviorData_Clay.mat,Clay,Clay_054,54,nonStim,3,MonoR,-0.454545454545455,0.454545454545455,1,6,7,0.857142857142857
C:\Users\zzhu329\Documents\GitHub\EM-3DMotion\BehaviorFitting\BehaviorData_Clay.mat,Clay,Clay_054,54,nonStim,3,MonoR,-0.363636363636364,0.363636363636364,4,3,7,0.428571428571429
C:\Users\zzhu329\Documents\GitHub\EM-3DMotion\BehaviorFitting\BehaviorData_Clay.mat,Clay,Clay_054,54,nonStim,3,MonoR,-0.181818181818182,0.181818181818182,1,6,7,0.857142857142857
C:\Users\zzhu329\Documents\GitHub\EM-3DMotion\BehaviorFitting\BehaviorData_Clay.mat,Clay,Clay_054,54,nonStim,3,MonoR,-0.0909090909090909,0.0909090909090909,5,2,7,0.285714285714286
C:\Users\zzhu329\Documents\GitHub\EM-3DMotion\BehaviorFitting\BehaviorData_Clay.mat,Clay,Clay_054,54,nonStim,3,MonoR,0.0909090909090909,0.0909090909090909,5,5,6,0.833333333333333
C:\Users\zzhu329\Documents\GitHub\EM-3DMotion\BehaviorFitting\BehaviorData_Clay.mat,Clay,Clay_054,54,nonStim,3,MonoR,0.181818181818182,0.181818181818182,5,5,7,0.714285714285714
C:\Users\zzhu329\Documents\GitHub\EM-3DMotion\BehaviorFitting\BehaviorData_Clay.mat,Clay,Clay_054,54,nonStim,3,MonoR,0.363636363636364,0.363636363636364,7,7,7,1
C:\Users\zzhu329\Documents\GitHub\EM-3DMotion\BehaviorFitting\BehaviorData_Clay.mat,Clay,Clay_054,54,nonStim,3,MonoR,0.454545454545455,0.454545454545455,6,6,6,1
C:\Users\zzhu329\Documents\GitHub\EM-3DMotion\BehaviorFitting\BehaviorData_Clay.mat,Clay,Clay_054,54,nonStim,3,MonoR,0.636363636363636,0.636363636363636,6,6,6,1
C:\Users\zzhu329\Documents\GitHub\EM-3DMotion\BehaviorFitting\BehaviorData_Clay.mat,Clay,Clay_054,54,nonStim,3,MonoR,1,1,6,6,6,1
C:\Users\zzhu329\Documents\GitHub\EM-3DMotion\BehaviorFitting\BehaviorData_Clay.mat,Clay,Clay_054,54,nonStim,4,Bino,-1,1,1,5,6,0.833333333333333
C:\Users\zzhu329\Documents\GitHub\EM-3DMotion\BehaviorFitting\BehaviorData_Clay.mat,Clay,Clay_054,54,nonStim,4,Bino,-0.636363636363636,0.636363636363636,1,5,6,0.833333333333333
C:\Users\zzhu329\Documents\GitHub\EM-3DMotion\BehaviorFitting\BehaviorData_Clay.mat,Clay,Clay_054,54,nonStim,4,Bino,-0.454545454545455,0.454545454545455,1,5,6,0.833333333333333
C:\Users\zzhu329\Documents\GitHub\EM-3DMotion\BehaviorFitting\BehaviorData_Clay.mat,Clay,Clay_054,54,nonStim,4,Bino,-0.363636363636364,0.363636363636364,1,5,6,0.833333333333333
C:\Users\zzhu329\Documents\GitHub\EM-3DMotion\BehaviorFitting\BehaviorData_Clay.mat,Clay,Clay_054,54,nonStim,4,Bino,-0.181818181818182,0.181818181818182,2,5,7,0.714285714285714
C:\Users\zzhu329\Documents\GitHub\EM-3DMotion\BehaviorFitting\BehaviorData_Clay.mat,Clay,Clay_054,54,nonStim,4,Bino,-0.0909090909090909,0.0909090909090909,5,1,6,0.166666666666667
C:\Users\zzhu329\Documents\GitHub\EM-3DMotion\BehaviorFitting\BehaviorData_Clay.mat,Clay,Clay_054,54,nonStim,4,Bino,0.0909090909090909,0.0909090909090909,4,4,6,0.666666666666667
C:\Users\zzhu329\Documents\GitHub\EM-3DMotion\BehaviorFitting\BehaviorData_Clay.mat,Clay,Clay_054,54,nonStim,4,Bino,0.181818181818182,0.181818181818182,5,5,7,0.714285714285714
C:\Users\zzhu329\Documents\GitHub\EM-3DMotion\BehaviorFitting\BehaviorData_Clay.mat,Clay,Clay_054,54,nonStim,4,Bino,0.363636363636364,0.363636363636364,6,6,7,0.857142857142857
C:\Users\zzhu329\Documents\GitHub\EM-3DMotion\BehaviorFitting\BehaviorData_Clay.mat,Clay,Clay_054,54,nonStim,4,Bino,0.454545454545455,0.454545454545455,6,6,6,1
C:\Users\zzhu329\Documents\GitHub\EM-3DMotion\BehaviorFitting\BehaviorData_Clay.mat,Clay,Clay_054,54,nonStim,4,Bino,0.636363636363636,0.636363636363636,7,7,7,1
C:\Users\zzhu329\Documents\GitHub\EM-3DMotion\BehaviorFitting\BehaviorData_Clay.mat,Clay,Clay_054,54,nonStim,4,Bino,1,1,7,7,7,1
C:\Users\zzhu329\Documents\GitHub\EM-3DMotion\BehaviorFitting\BehaviorData_Clay.mat,Clay,Clay_055,55,nonStim,1,Combined,-1,1,0,9,9,1
C:\Users\zzhu329\Documents\GitHub\EM-3DMotion\BehaviorFitting\BehaviorData_Clay.mat,Clay,Clay_055,55,nonStim,1,Combined,-0.636363636363636,0.636363636363636,0,9,9,1
C:\Users\zzhu329\Documents\GitHub\EM-3DMotion\BehaviorFitting\BehaviorData_Clay.mat,Clay,Clay_055,55,nonStim,1,Combined,-0.454545454545455,0.454545454545455,1,9,10,0.9
C:\Users\zzhu329\Documents\GitHub\EM-3DMotion\BehaviorFitting\BehaviorData_Clay.mat,Clay,Clay_055,55,nonStim,1,Combined,-0.363636363636364,0.363636363636364,0,8,8,1
C:\Users\zzhu329\Documents\GitHub\EM-3DMotion\BehaviorFitting\BehaviorData_Clay.mat,Clay,Clay_055,55,nonStim,1,Combined,-0.181818181818182,0.181818181818182,0,9,9,1
C:\Users\zzhu329\Documents\GitHub\EM-3DMotion\BehaviorFitting\BehaviorData_Clay.mat,Clay,Clay_055,55,nonStim,1,Combined,-0.0909090909090909,0.0909090909090909,2,7,9,0.777777777777778
C:\Users\zzhu329\Documents\GitHub\EM-3DMotion\BehaviorFitting\BehaviorData_Clay.mat,Clay,Clay_055,55,nonStim,1,Combined,0.0909090909090909,0.0909090909090909,9,9,9,1
C:\Users\zzhu329\Documents\GitHub\EM-3DMotion\BehaviorFitting\BehaviorData_Clay.mat,Clay,Clay_055,55,nonStim,1,Combined,0.181818181818182,0.181818181818182,8,8,9,0.888888888888889
C:\Users\zzhu329\Documents\GitHub\EM-3DMotion\BehaviorFitting\BehaviorData_Clay.mat,Clay,Clay_055,55,nonStim,1,Combined,0.363636363636364,0.363636363636364,9,9,9,1
C:\Users\zzhu329\Documents\GitHub\EM-3DMotion\BehaviorFitting\BehaviorData_Clay.mat,Clay,Clay_055,55,nonStim,1,Combined,0.454545454545455,0.454545454545455,9,9,9,1
C:\Users\zzhu329\Documents\GitHub\EM-3DMotion\BehaviorFitting\BehaviorData_Clay.mat,Clay,Clay_055,55,nonStim,1,Combined,0.636363636363636,0.636363636363636,10,10,10,1
C:\Users\zzhu329\Documents\GitHub\EM-3DMotion\BehaviorFitting\BehaviorData_Clay.mat,Clay,Clay_055,55,nonStim,1,Combined,1,1,9,9,9,1
C:\Users\zzhu329\Documents\GitHub\EM-3DMotion\BehaviorFitting\BehaviorData_Clay.mat,Clay,Clay_055,55,nonStim,2,MonoL,-1,1,0,10,10,1
C:\Users\zzhu329\Documents\GitHub\EM-3DMotion\BehaviorFitting\BehaviorData_Clay.mat,Clay,Clay_055,55,nonStim,2,MonoL,-0.636363636363636,0.636363636363636,2,8,10,0.8
C:\Users\zzhu329\Documents\GitHub\EM-3DMotion\BehaviorFitting\BehaviorData_Clay.mat,Clay,Clay_055,55,nonStim,2,MonoL,-0.454545454545455,0.454545454545455,2,7,9,0.777777777777778
C:\Users\zzhu329\Documents\GitHub\EM-3DMotion\BehaviorFitting\BehaviorData_Clay.mat,Clay,Clay_055,55,nonStim,2,MonoL,-0.363636363636364,0.363636363636364,3,7,10,0.7
C:\Users\zzhu329\Documents\GitHub\EM-3DMotion\BehaviorFitting\BehaviorData_Clay.mat,Clay,Clay_055,55,nonStim,2,MonoL,-0.181818181818182,0.181818181818182,6,3,9,0.333333333333333
C:\Users\zzhu329\Documents\GitHub\EM-3DMotion\BehaviorFitting\BehaviorData_Clay.mat,Clay,Clay_055,55,nonStim,2,MonoL,-0.0909090909090909,0.0909090909090909,2,7,9,0.777777777777778
C:\Users\zzhu329\Documents\GitHub\EM-3DMotion\BehaviorFitting\BehaviorData_Clay.mat,Clay,Clay_055,55,nonStim,2,MonoL,0.0909090909090909,0.0909090909090909,6,6,9,0.666666666666667
C:\Users\zzhu329\Documents\GitHub\EM-3DMotion\BehaviorFitting\BehaviorData_Clay.mat,Clay,Clay_055,55,nonStim,2,MonoL,0.181818181818182,0.181818181818182,2,2,9,0.222222222222222
C:\Users\zzhu329\Documents\GitHub\EM-3DMotion\BehaviorFitting\BehaviorData_Clay.mat,Clay,Clay_055,55,nonStim,2,MonoL,0.363636363636364,0.363636363636364,6,6,9,0.666666666666667
C:\Users\zzhu329\Documents\GitHub\EM-3DMotion\BehaviorFitting\BehaviorData_Clay.mat,Clay,Clay_055,55,nonStim,2,MonoL,0.454545454545455,0.454545454545455,9,9,9,1
C:\Users\zzhu329\Documents\GitHub\EM-3DMotion\BehaviorFitting\BehaviorData_Clay.mat,Clay,Clay_055,55,nonStim,2,MonoL,0.636363636363636,0.636363636363636,9,9,9,1
C:\Users\zzhu329\Documents\GitHub\EM-3DMotion\BehaviorFitting\BehaviorData_Clay.mat,Clay,Clay_055,55,nonStim,2,MonoL,1,1,10,10,10,1
C:\Users\zzhu329\Documents\GitHub\EM-3DMotion\BehaviorFitting\BehaviorData_Clay.mat,Clay,Clay_055,55,nonStim,3,MonoR,-1,1,0,9,9,1
C:\Users\zzhu329\Documents\GitHub\EM-3DMotion\BehaviorFitting\BehaviorData_Clay.mat,Clay,Clay_055,55,nonStim,3,MonoR,-0.636363636363636,0.636363636363636,2,8,10,0.8
C:\Users\zzhu329\Documents\GitHub\EM-3DMotion\BehaviorFitting\BehaviorData_Clay.mat,Clay,Clay_055,55,nonStim,3,MonoR,-0.454545454545455,0.454545454545455,1,9,10,0.9
C:\Users\zzhu329\Documents\GitHub\EM-3DMotion\BehaviorFitting\BehaviorData_Clay.mat,Clay,Clay_055,55,nonStim,3,MonoR,-0.363636363636364,0.363636363636364,1,9,10,0.9
C:\Users\zzhu329\Documents\GitHub\EM-3DMotion\BehaviorFitting\BehaviorData_Clay.mat,Clay,Clay_055,55,nonStim,3,MonoR,-0.181818181818182,0.181818181818182,3,6,9,0.666666666666667
C:\Users\zzhu329\Documents\GitHub\EM-3DMotion\BehaviorFitting\BehaviorData_Clay.mat,Clay,Clay_055,55,nonStim,3,MonoR,-0.0909090909090909,0.0909090909090909,5,5,10,0.5
C:\Users\zzhu329\Documents\GitHub\EM-3DMotion\BehaviorFitting\BehaviorData_Clay.mat,Clay,Clay_055,55,nonStim,3,MonoR,0.0909090909090909,0.0909090909090909,4,4,9,0.444444444444444
C:\Users\zzhu329\Documents\GitHub\EM-3DMotion\BehaviorFitting\BehaviorData_Clay.mat,Clay,Clay_055,55,nonStim,3,MonoR,0.181818181818182,0.181818181818182,7,7,9,0.777777777777778
C:\Users\zzhu329\Documents\GitHub\EM-3DMotion\BehaviorFitting\BehaviorData_Clay.mat,Clay,Clay_055,55,nonStim,3,MonoR,0.363636363636364,0.363636363636364,8,8,10,0.8
C:\Users\zzhu329\Documents\GitHub\EM-3DMotion\BehaviorFitting\BehaviorData_Clay.mat,Clay,Clay_055,55,nonStim,3,MonoR,0.454545454545455,0.454545454545455,9,9,9,1
C:\Users\zzhu329\Documents\GitHub\EM-3DMotion\BehaviorFitting\BehaviorData_Clay.mat,Clay,Clay_055,55,nonStim,3,MonoR,0.636363636363636,0.636363636363636,9,9,10,0.9
C:\Users\zzhu329\Documents\GitHub\EM-3DMotion\BehaviorFitting\BehaviorData_Clay.mat,Clay,Clay_055,55,nonStim,3,MonoR,1,1,10,10,10,1
C:\Users\zzhu329\Documents\GitHub\EM-3DMotion\BehaviorFitting\BehaviorData_Clay.mat,Clay,Clay_055,55,nonStim,4,Bino,-1,1,2,8,10,0.8
C:\Users\zzhu329\Documents\GitHub\EM-3DMotion\BehaviorFitting\BehaviorData_Clay.mat,Clay,Clay_055,55,nonStim,4,Bino,-0.636363636363636,0.636363636363636,0,9,9,1
C:\Users\zzhu329\Documents\GitHub\EM-3DMotion\BehaviorFitting\BehaviorData_Clay.mat,Clay,Clay_055,55,nonStim,4,Bino,-0.454545454545455,0.454545454545455,0,10,10,1
C:\Users\zzhu329\Documents\GitHub\EM-3DMotion\BehaviorFitting\BehaviorData_Clay.mat,Clay,Clay_055,55,nonStim,4,Bino,-0.363636363636364,0.363636363636364,0,10,10,1
C:\Users\zzhu329\Documents\GitHub\EM-3DMotion\BehaviorFitting\BehaviorData_Clay.mat,Clay,Clay_055,55,nonStim,4,Bino,-0.181818181818182,0.181818181818182,3,7,10,0.7
C:\Users\zzhu329\Documents\GitHub\EM-3DMotion\BehaviorFitting\BehaviorData_Clay.mat,Clay,Clay_055,55,nonStim,4,Bino,-0.0909090909090909,0.0909090909090909,1,9,10,0.9
C:\Users\zzhu329\Documents\GitHub\EM-3DMotion\BehaviorFitting\BehaviorData_Clay.mat,Clay,Clay_055,55,nonStim,4,Bino,0.0909090909090909,0.0909090909090909,4,4,10,0.4
C:\Users\zzhu329\Documents\GitHub\EM-3DMotion\BehaviorFitting\BehaviorData_Clay.mat,Clay,Clay_055,55,nonStim,4,Bino,0.181818181818182,0.181818181818182,5,5,9,0.555555555555556
C:\Users\zzhu329\Documents\GitHub\EM-3DMotion\BehaviorFitting\BehaviorData_Clay.mat,Clay,Clay_055,55,nonStim,4,Bino,0.363636363636364,0.363636363636364,6,6,9,0.666666666666667
C:\Users\zzhu329\Documents\GitHub\EM-3DMotion\BehaviorFitting\BehaviorData_Clay.mat,Clay,Clay_055,55,nonStim,4,Bino,0.454545454545455,0.454545454545455,6,6,10,0.6
C:\Users\zzhu329\Documents\GitHub\EM-3DMotion\BehaviorFitting\BehaviorData_Clay.mat,Clay,Clay_055,55,nonStim,4,Bino,0.636363636363636,0.636363636363636,8,8,10,0.8
C:\Users\zzhu329\Documents\GitHub\EM-3DMotion\BehaviorFitting\BehaviorData_Clay.mat,Clay,Clay_055,55,nonStim,4,Bino,1,1,10,10,10,1
C:\Users\zzhu329\Documents\GitHub\EM-3DMotion\BehaviorFitting\BehaviorData_Clay.mat,Clay,Clay_056,56,nonStim,1,Combined,-1,1,0,9,9,1
C:\Users\zzhu329\Documents\GitHub\EM-3DMotion\BehaviorFitting\BehaviorData_Clay.mat,Clay,Clay_056,56,nonStim,1,Combined,-0.636363636363636,0.636363636363636,0,10,10,1
C:\Users\zzhu329\Documents\GitHub\EM-3DMotion\BehaviorFitting\BehaviorData_Clay.mat,Clay,Clay_056,56,nonStim,1,Combined,-0.454545454545455,0.454545454545455,0,9,9,1
C:\Users\zzhu329\Documents\GitHub\EM-3DMotion\BehaviorFitting\BehaviorData_Clay.mat,Clay,Clay_056,56,nonStim,1,Combined,-0.363636363636364,0.363636363636364,1,8,9,0.888888888888889
C:\Users\zzhu329\Documents\GitHub\EM-3DMotion\BehaviorFitting\BehaviorData_Clay.mat,Clay,Clay_056,56,nonStim,1,Combined,-0.181818181818182,0.181818181818182,2,7,9,0.777777777777778
C:\Users\zzhu329\Documents\GitHub\EM-3DMotion\BehaviorFitting\BehaviorData_Clay.mat,Clay,Clay_056,56,nonStim,1,Combined,-0.0909090909090909,0.0909090909090909,5,4,9,0.444444444444444
C:\Users\zzhu329\Documents\GitHub\EM-3DMotion\BehaviorFitting\BehaviorData_Clay.mat,Clay,Clay_056,56,nonStim,1,Combined,0.0909090909090909,0.0909090909090909,7,7,9,0.777777777777778
C:\Users\zzhu329\Documents\GitHub\EM-3DMotion\BehaviorFitting\BehaviorData_Clay.mat,Clay,Clay_056,56,nonStim,1,Combined,0.181818181818182,0.181818181818182,9,9,9,1
C:\Users\zzhu329\Documents\GitHub\EM-3DMotion\BehaviorFitting\BehaviorData_Clay.mat,Clay,Clay_056,56,nonStim,1,Combined,0.363636363636364,0.363636363636364,9,9,9,1
C:\Users\zzhu329\Documents\GitHub\EM-3DMotion\BehaviorFitting\BehaviorData_Clay.mat,Clay,Clay_056,56,nonStim,1,Combined,0.454545454545455,0.454545454545455,9,9,9,1
C:\Users\zzhu329\Documents\GitHub\EM-3DMotion\BehaviorFitting\BehaviorData_Clay.mat,Clay,Clay_056,56,nonStim,1,Combined,0.636363636363636,0.636363636363636,9,9,9,1
C:\Users\zzhu329\Documents\GitHub\EM-3DMotion\BehaviorFitting\BehaviorData_Clay.mat,Clay,Clay_056,56,nonStim,1,Combined,1,1,9,9,9,1
C:\Users\zzhu329\Documents\GitHub\EM-3DMotion\BehaviorFitting\BehaviorData_Clay.mat,Clay,Clay_056,56,nonStim,2,MonoL,-1,1,0,9,9,1
C:\Users\zzhu329\Documents\GitHub\EM-3DMotion\BehaviorFitting\BehaviorData_Clay.mat,Clay,Clay_056,56,nonStim,2,MonoL,-0.636363636363636,0.636363636363636,1,9,10,0.9
C:\Users\zzhu329\Documents\GitHub\EM-3DMotion\BehaviorFitting\BehaviorData_Clay.mat,Clay,Clay_056,56,nonStim,2,MonoL,-0.454545454545455,0.454545454545455,4,5,9,0.555555555555556
C:\Users\zzhu329\Documents\GitHub\EM-3DMotion\BehaviorFitting\BehaviorData_Clay.mat,Clay,Clay_056,56,nonStim,2,MonoL,-0.363636363636364,0.363636363636364,4,6,10,0.6
C:\Users\zzhu329\Documents\GitHub\EM-3DMotion\BehaviorFitting\BehaviorData_Clay.mat,Clay,Clay_056,56,nonStim,2,MonoL,-0.181818181818182,0.181818181818182,3,6,9,0.666666666666667
C:\Users\zzhu329\Documents\GitHub\EM-3DMotion\BehaviorFitting\BehaviorData_Clay.mat,Clay,Clay_056,56,nonStim,2,MonoL,-0.0909090909090909,0.0909090909090909,5,4,9,0.444444444444444
C:\Users\zzhu329\Documents\GitHub\EM-3DMotion\BehaviorFitting\BehaviorData_Clay.mat,Clay,Clay_056,56,nonStim,2,MonoL,0.0909090909090909,0.0909090909090909,5,5,9,0.555555555555556
C:\Users\zzhu329\Documents\GitHub\EM-3DMotion\BehaviorFitting\BehaviorData_Clay.mat,Clay,Clay_056,56,nonStim,2,MonoL,0.181818181818182,0.181818181818182,7,7,9,0.777777777777778
C:\Users\zzhu329\Documents\GitHub\EM-3DMotion\BehaviorFitting\BehaviorData_Clay.mat,Clay,Clay_056,56,nonStim,2,MonoL,0.363636363636364,0.363636363636364,8,8,9,0.888888888888889
C:\Users\zzhu329\Documents\GitHub\EM-3DMotion\BehaviorFitting\BehaviorData_Clay.mat,Clay,Clay_056,56,nonStim,2,MonoL,0.454545454545455,0.454545454545455,7,7,9,0.777777777777778
C:\Users\zzhu329\Documents\GitHub\EM-3DMotion\BehaviorFitting\BehaviorData_Clay.mat,Clay,Clay_056,56,nonStim,2,MonoL,0.636363636363636,0.636363636363636,8,8,9,0.888888888888889
C:\Users\zzhu329\Documents\GitHub\EM-3DMotion\BehaviorFitting\BehaviorData_Clay.mat,Clay,Clay_056,56,nonStim,2,MonoL,1,1,9,9,9,1
C:\Users\zzhu329\Documents\GitHub\EM-3DMotion\BehaviorFitting\BehaviorData_Clay.mat,Clay,Clay_056,56,nonStim,3,MonoR,-1,1,0,9,9,1
C:\Users\zzhu329\Documents\GitHub\EM-3DMotion\BehaviorFitting\BehaviorData_Clay.mat,Clay,Clay_056,56,nonStim,3,MonoR,-0.636363636363636,0.636363636363636,1,8,9,0.888888888888889
C:\Users\zzhu329\Documents\GitHub\EM-3DMotion\BehaviorFitting\BehaviorData_Clay.mat,Clay,Clay_056,56,nonStim,3,MonoR,-0.454545454545455,0.454545454545455,3,6,9,0.666666666666667
C:\Users\zzhu329\Documents\GitHub\EM-3DMotion\BehaviorFitting\BehaviorData_Clay.mat,Clay,Clay_056,56,nonStim,3,MonoR,-0.363636363636364,0.363636363636364,1,8,9,0.888888888888889
C:\Users\zzhu329\Documents\GitHub\EM-3DMotion\BehaviorFitting\BehaviorData_Clay.mat,Clay,Clay_056,56,nonStim,3,MonoR,-0.181818181818182,0.181818181818182,2,7,9,0.777777777777778
C:\Users\zzhu329\Documents\GitHub\EM-3DMotion\BehaviorFitting\BehaviorData_Clay.mat,Clay,Clay_056,56,nonStim,3,MonoR,-0.0909090909090909,0.0909090909090909,5,4,9,0.444444444444444
C:\Users\zzhu329\Documents\GitHub\EM-3DMotion\BehaviorFitting\BehaviorData_Clay.mat,Clay,Clay_056,56,nonStim,3,MonoR,0.0909090909090909,0.0909090909090909,6,6,9,0.666666666666667
C:\Users\zzhu329\Documents\GitHub\EM-3DMotion\BehaviorFitting\BehaviorData_Clay.mat,Clay,Clay_056,56,nonStim,3,MonoR,0.181818181818182,0.181818181818182,6,6,9,0.666666666666667
C:\Users\zzhu329\Documents\GitHub\EM-3DMotion\BehaviorFitting\BehaviorData_Clay.mat,Clay,Clay_056,56,nonStim,3,MonoR,0.363636363636364,0.363636363636364,8,8,9,0.888888888888889
C:\Users\zzhu329\Documents\GitHub\EM-3DMotion\BehaviorFitting\BehaviorData_Clay.mat,Clay,Clay_056,56,nonStim,3,MonoR,0.454545454545455,0.454545454545455,7,7,9,0.777777777777778
C:\Users\zzhu329\Documents\GitHub\EM-3DMotion\BehaviorFitting\BehaviorData_Clay.mat,Clay,Clay_056,56,nonStim,3,MonoR,0.636363636363636,0.636363636363636,9,9,9,1
C:\Users\zzhu329\Documents\GitHub\EM-3DMotion\BehaviorFitting\BehaviorData_Clay.mat,Clay,Clay_056,56,nonStim,3,MonoR,1,1,9,9,9,1
C:\Users\zzhu329\Documents\GitHub\EM-3DMotion\BehaviorFitting\BehaviorData_Clay.mat,Clay,Clay_056,56,nonStim,4,Bino,-1,1,0,9,9,1
C:\Users\zzhu329\Documents\GitHub\EM-3DMotion\BehaviorFitting\BehaviorData_Clay.mat,Clay,Clay_056,56,nonStim,4,Bino,-0.636363636363636,0.636363636363636,3,6,9,0.666666666666667
C:\Users\zzhu329\Documents\GitHub\EM-3DMotion\BehaviorFitting\BehaviorData_Clay.mat,Clay,Clay_056,56,nonStim,4,Bino,-0.454545454545455,0.454545454545455,1,8,9,0.888888888888889
C:\Users\zzhu329\Documents\GitHub\EM-3DMotion\BehaviorFitting\BehaviorData_Clay.mat,Clay,Clay_056,56,nonStim,4,Bino,-0.363636363636364,0.363636363636364,2,7,9,0.777777777777778
C:\Users\zzhu329\Documents\GitHub\EM-3DMotion\BehaviorFitting\BehaviorData_Clay.mat,Clay,Clay_056,56,nonStim,4,Bino,-0.181818181818182,0.181818181818182,3,6,9,0.666666666666667
C:\Users\zzhu329\Documents\GitHub\EM-3DMotion\BehaviorFitting\BehaviorData_Clay.mat,Clay,Clay_056,56,nonStim,4,Bino,-0.0909090909090909,0.0909090909090909,4,5,9,0.555555555555556
C:\Users\zzhu329\Documents\GitHub\EM-3DMotion\BehaviorFitting\BehaviorData_Clay.mat,Clay,Clay_056,56,nonStim,4,Bino,0.0909090909090909,0.0909090909090909,5,5,9,0.555555555555556
C:\Users\zzhu329\Documents\GitHub\EM-3DMotion\BehaviorFitting\BehaviorData_Clay.mat,Clay,Clay_056,56,nonStim,4,Bino,0.181818181818182,0.181818181818182,8,8,9,0.888888888888889
C:\Users\zzhu329\Documents\GitHub\EM-3DMotion\BehaviorFitting\BehaviorData_Clay.mat,Clay,Clay_056,56,nonStim,4,Bino,0.363636363636364,0.363636363636364,7,7,9,0.777777777777778
C:\Users\zzhu329\Documents\GitHub\EM-3DMotion\BehaviorFitting\BehaviorData_Clay.mat,Clay,Clay_056,56,nonStim,4,Bino,0.454545454545455,0.454545454545455,9,9,9,1
C:\Users\zzhu329\Documents\GitHub\EM-3DMotion\BehaviorFitting\BehaviorData_Clay.mat,Clay,Clay_056,56,nonStim,4,Bino,0.636363636363636,0.636363636363636,9,9,9,1
C:\Users\zzhu329\Documents\GitHub\EM-3DMotion\BehaviorFitting\BehaviorData_Clay.mat,Clay,Clay_056,56,nonStim,4,Bino,1,1,9,9,9,1
C:\Users\zzhu329\Documents\GitHub\EM-3DMotion\BehaviorFitting\BehaviorData_Clay.mat,Clay,Clay_057,57,nonStim,1,Combined,-1,1,0,9,9,1
C:\Users\zzhu329\Documents\GitHub\EM-3DMotion\BehaviorFitting\BehaviorData_Clay.mat,Clay,Clay_057,57,nonStim,1,Combined,-0.636363636363636,0.636363636363636,2,7,9,0.777777777777778
C:\Users\zzhu329\Documents\GitHub\EM-3DMotion\BehaviorFitting\BehaviorData_Clay.mat,Clay,Clay_057,57,nonStim,1,Combined,-0.454545454545455,0.454545454545455,3,6,9,0.666666666666667
C:\Users\zzhu329\Documents\GitHub\EM-3DMotion\BehaviorFitting\BehaviorData_Clay.mat,Clay,Clay_057,57,nonStim,1,Combined,-0.363636363636364,0.363636363636364,3,5,8,0.625
C:\Users\zzhu329\Documents\GitHub\EM-3DMotion\BehaviorFitting\BehaviorData_Clay.mat,Clay,Clay_057,57,nonStim,1,Combined,-0.181818181818182,0.181818181818182,8,1,9,0.111111111111111
C:\Users\zzhu329\Documents\GitHub\EM-3DMotion\BehaviorFitting\BehaviorData_Clay.mat,Clay,Clay_057,57,nonStim,1,Combined,-0.0909090909090909,0.0909090909090909,8,1,9,0.111111111111111
C:\Users\zzhu329\Documents\GitHub\EM-3DMotion\BehaviorFitting\BehaviorData_Clay.mat,Clay,Clay_057,57,nonStim,1,Combined,0.0909090909090909,0.0909090909090909,9,9,9,1
C:\Users\zzhu329\Documents\GitHub\EM-3DMotion\BehaviorFitting\BehaviorData_Clay.mat,Clay,Clay_057,57,nonStim,1,Combined,0.181818181818182,0.181818181818182,8,8,8,1
C:\Users\zzhu329\Documents\GitHub\EM-3DMotion\BehaviorFitting\BehaviorData_Clay.mat,Clay,Clay_057,57,nonStim,1,Combined,0.363636363636364,0.363636363636364,9,9,9,1
C:\Users\zzhu329\Documents\GitHub\EM-3DMotion\BehaviorFitting\BehaviorData_Clay.mat,Clay,Clay_057,57,nonStim,1,Combined,0.454545454545455,0.454545454545455,9,9,9,1
C:\Users\zzhu329\Documents\GitHub\EM-3DMotion\BehaviorFitting\BehaviorData_Clay.mat,Clay,Clay_057,57,nonStim,1,Combined,0.636363636363636,0.636363636363636,9,9,9,1
C:\Users\zzhu329\Documents\GitHub\EM-3DMotion\BehaviorFitting\BehaviorData_Clay.mat,Clay,Clay_057,57,nonStim,1,Combined,1,1,9,9,9,1
C:\Users\zzhu329\Documents\GitHub\EM-3DMotion\BehaviorFitting\BehaviorData_Clay.mat,Clay,Clay_057,57,nonStim,2,MonoL,-1,1,4,5,9,0.555555555555556
C:\Users\zzhu329\Documents\GitHub\EM-3DMotion\BehaviorFitting\BehaviorData_Clay.mat,Clay,Clay_057,57,nonStim,2,MonoL,-0.636363636363636,0.636363636363636,6,3,9,0.333333333333333
C:\Users\zzhu329\Documents\GitHub\EM-3DMotion\BehaviorFitting\BehaviorData_Clay.mat,Clay,Clay_057,57,nonStim,2,MonoL,-0.454545454545455,0.454545454545455,8,1,9,0.111111111111111
C:\Users\zzhu329\Documents\GitHub\EM-3DMotion\BehaviorFitting\BehaviorData_Clay.mat,Clay,Clay_057,57,nonStim,2,MonoL,-0.363636363636364,0.363636363636364,8,1,9,0.111111111111111
C:\Users\zzhu329\Documents\GitHub\EM-3DMotion\BehaviorFitting\BehaviorData_Clay.mat,Clay,Clay_057,57,nonStim,2,MonoL,-0.181818181818182,0.181818181818182,8,1,9,0.111111111111111
C:\Users\zzhu329\Documents\GitHub\EM-3DMotion\BehaviorFitting\BehaviorData_Clay.mat,Clay,Clay_057,57,nonStim,2,MonoL,-0.0909090909090909,0.0909090909090909,9,0,9,0
C:\Users\zzhu329\Documents\GitHub\EM-3DMotion\BehaviorFitting\BehaviorData_Clay.mat,Clay,Clay_057,57,nonStim,2,MonoL,0.0909090909090909,0.0909090909090909,7,7,9,0.777777777777778
C:\Users\zzhu329\Documents\GitHub\EM-3DMotion\BehaviorFitting\BehaviorData_Clay.mat,Clay,Clay_057,57,nonStim,2,MonoL,0.181818181818182,0.181818181818182,8,8,9,0.888888888888889
C:\Users\zzhu329\Documents\GitHub\EM-3DMotion\BehaviorFitting\BehaviorData_Clay.mat,Clay,Clay_057,57,nonStim,2,MonoL,0.363636363636364,0.363636363636364,8,8,8,1
C:\Users\zzhu329\Documents\GitHub\EM-3DMotion\BehaviorFitting\BehaviorData_Clay.mat,Clay,Clay_057,57,nonStim,2,MonoL,0.454545454545455,0.454545454545455,9,9,9,1
C:\Users\zzhu329\Documents\GitHub\EM-3DMotion\BehaviorFitting\BehaviorData_Clay.mat,Clay,Clay_057,57,nonStim,2,MonoL,0.636363636363636,0.636363636363636,9,9,9,1
C:\Users\zzhu329\Documents\GitHub\EM-3DMotion\BehaviorFitting\BehaviorData_Clay.mat,Clay,Clay_057,57,nonStim,2,MonoL,1,1,9,9,9,1
C:\Users\zzhu329\Documents\GitHub\EM-3DMotion\BehaviorFitting\BehaviorData_Clay.mat,Clay,Clay_057,57,nonStim,3,MonoR,-1,1,4,5,9,0.555555555555556
C:\Users\zzhu329\Documents\GitHub\EM-3DMotion\BehaviorFitting\BehaviorData_Clay.mat,Clay,Clay_057,57,nonStim,3,MonoR,-0.636363636363636,0.636363636363636,7,2,9,0.222222222222222
C:\Users\zzhu329\Documents\GitHub\EM-3DMotion\BehaviorFitting\BehaviorData_Clay.mat,Clay,Clay_057,57,nonStim,3,MonoR,-0.454545454545455,0.454545454545455,6,3,9,0.333333333333333
C:\Users\zzhu329\Documents\GitHub\EM-3DMotion\BehaviorFitting\BehaviorData_Clay.mat,Clay,Clay_057,57,nonStim,3,MonoR,-0.363636363636364,0.363636363636364,9,0,9,0
C:\Users\zzhu329\Documents\GitHub\EM-3DMotion\BehaviorFitting\BehaviorData_Clay.mat,Clay,Clay_057,57,nonStim,3,MonoR,-0.181818181818182,0.181818181818182,6,2,8,0.25
C:\Users\zzhu329\Documents\GitHub\EM-3DMotion\BehaviorFitting\BehaviorData_Clay.mat,Clay,Clay_057,57,nonStim,3,MonoR,-0.0909090909090909,0.0909090909090909,9,0,9,0
C:\Users\zzhu329\Documents\GitHub\EM-3DMotion\BehaviorFitting\BehaviorData_Clay.mat,Clay,Clay_057,57,nonStim,3,MonoR,0.0909090909090909,0.0909090909090909,9,9,9,1
C:\Users\zzhu329\Documents\GitHub\EM-3DMotion\BehaviorFitting\BehaviorData_Clay.mat,Clay,Clay_057,57,nonStim,3,MonoR,0.181818181818182,0.181818181818182,8,8,8,1
C:\Users\zzhu329\Documents\GitHub\EM-3DMotion\BehaviorFitting\BehaviorData_Clay.mat,Clay,Clay_057,57,nonStim,3,MonoR,0.363636363636364,0.363636363636364,9,9,9,1
C:\Users\zzhu329\Documents\GitHub\EM-3DMotion\BehaviorFitting\BehaviorData_Clay.mat,Clay,Clay_057,57,nonStim,3,MonoR,0.454545454545455,0.454545454545455,9,9,9,1
C:\Users\zzhu329\Documents\GitHub\EM-3DMotion\BehaviorFitting\BehaviorData_Clay.mat,Clay,Clay_057,57,nonStim,3,MonoR,0.636363636363636,0.636363636363636,9,9,9,1
C:\Users\zzhu329\Documents\GitHub\EM-3DMotion\BehaviorFitting\BehaviorData_Clay.mat,Clay,Clay_057,57,nonStim,3,MonoR,1,1,8,8,8,1
C:\Users\zzhu329\Documents\GitHub\EM-3DMotion\BehaviorFitting\BehaviorData_Clay.mat,Clay,Clay_057,57,nonStim,4,Bino,-1,1,5,3,8,0.375
C:\Users\zzhu329\Documents\GitHub\EM-3DMotion\BehaviorFitting\BehaviorData_Clay.mat,Clay,Clay_057,57,nonStim,4,Bino,-0.636363636363636,0.636363636363636,4,4,8,0.5
C:\Users\zzhu329\Documents\GitHub\EM-3DMotion\BehaviorFitting\BehaviorData_Clay.mat,Clay,Clay_057,57,nonStim,4,Bino,-0.454545454545455,0.454545454545455,5,4,9,0.444444444444444
C:\Users\zzhu329\Documents\GitHub\EM-3DMotion\BehaviorFitting\BehaviorData_Clay.mat,Clay,Clay_057,57,nonStim,4,Bino,-0.363636363636364,0.363636363636364,6,2,8,0.25
C:\Users\zzhu329\Documents\GitHub\EM-3DMotion\BehaviorFitting\BehaviorData_Clay.mat,Clay,Clay_057,57,nonStim,4,Bino,-0.181818181818182,0.181818181818182,7,1,8,0.125
C:\Users\zzhu329\Documents\GitHub\EM-3DMotion\BehaviorFitting\BehaviorData_Clay.mat,Clay,Clay_057,57,nonStim,4,Bino,-0.0909090909090909,0.0909090909090909,8,1,9,0.111111111111111
C:\Users\zzhu329\Documents\GitHub\EM-3DMotion\BehaviorFitting\BehaviorData_Clay.mat,Clay,Clay_057,57,nonStim,4,Bino,0.0909090909090909,0.0909090909090909,8,8,9,0.888888888888889
C:\Users\zzhu329\Documents\GitHub\EM-3DMotion\BehaviorFitting\BehaviorData_Clay.mat,Clay,Clay_057,57,nonStim,4,Bino,0.181818181818182,0.181818181818182,8,8,8,1
C:\Users\zzhu329\Documents\GitHub\EM-3DMotion\BehaviorFitting\BehaviorData_Clay.mat,Clay,Clay_057,57,nonStim,4,Bino,0.363636363636364,0.363636363636364,9,9,9,1
C:\Users\zzhu329\Documents\GitHub\EM-3DMotion\BehaviorFitting\BehaviorData_Clay.mat,Clay,Clay_057,57,nonStim,4,Bino,0.454545454545455,0.454545454545455,9,9,9,1
C:\Users\zzhu329\Documents\GitHub\EM-3DMotion\BehaviorFitting\BehaviorData_Clay.mat,Clay,Clay_057,57,nonStim,4,Bino,0.636363636363636,0.636363636363636,9,9,9,1
C:\Users\zzhu329\Documents\GitHub\EM-3DMotion\BehaviorFitting\BehaviorData_Clay.mat,Clay,Clay_057,57,nonStim,4,Bino,1,1,8,8,8,1
C:\Users\zzhu329\Documents\GitHub\EM-3DMotion\BehaviorFitting\BehaviorData_Clay.mat,Clay,Clay_058,58,nonStim,1,Combined,-1,1,0,10,10,1
C:\Users\zzhu329\Documents\GitHub\EM-3DMotion\BehaviorFitting\BehaviorData_Clay.mat,Clay,Clay_058,58,nonStim,1,Combined,-0.636363636363636,0.636363636363636,2,8,10,0.8
C:\Users\zzhu329\Documents\GitHub\EM-3DMotion\BehaviorFitting\BehaviorData_Clay.mat,Clay,Clay_058,58,nonStim,1,Combined,-0.454545454545455,0.454545454545455,1,9,10,0.9
C:\Users\zzhu329\Documents\GitHub\EM-3DMotion\BehaviorFitting\BehaviorData_Clay.mat,Clay,Clay_058,58,nonStim,1,Combined,-0.363636363636364,0.363636363636364,1,9,10,0.9
C:\Users\zzhu329\Documents\GitHub\EM-3DMotion\BehaviorFitting\BehaviorData_Clay.mat,Clay,Clay_058,58,nonStim,1,Combined,-0.181818181818182,0.181818181818182,2,8,10,0.8
C:\Users\zzhu329\Documents\GitHub\EM-3DMotion\BehaviorFitting\BehaviorData_Clay.mat,Clay,Clay_058,58,nonStim,1,Combined,-0.0909090909090909,0.0909090909090909,6,4,10,0.4
C:\Users\zzhu329\Documents\GitHub\EM-3DMotion\BehaviorFitting\BehaviorData_Clay.mat,Clay,Clay_058,58,nonStim,1,Combined,0.0909090909090909,0.0909090909090909,7,7,10,0.7
C:\Users\zzhu329\Documents\GitHub\EM-3DMotion\BehaviorFitting\BehaviorData_Clay.mat,Clay,Clay_058,58,nonStim,1,Combined,0.181818181818182,0.181818181818182,9,9,10,0.9
C:\Users\zzhu329\Documents\GitHub\EM-3DMotion\BehaviorFitting\BehaviorData_Clay.mat,Clay,Clay_058,58,nonStim,1,Combined,0.363636363636364,0.363636363636364,10,10,10,1
C:\Users\zzhu329\Documents\GitHub\EM-3DMotion\BehaviorFitting\BehaviorData_Clay.mat,Clay,Clay_058,58,nonStim,1,Combined,0.454545454545455,0.454545454545455,10,10,10,1
C:\Users\zzhu329\Documents\GitHub\EM-3DMotion\BehaviorFitting\BehaviorData_Clay.mat,Clay,Clay_058,58,nonStim,1,Combined,0.636363636363636,0.636363636363636,10,10,10,1
C:\Users\zzhu329\Documents\GitHub\EM-3DMotion\BehaviorFitting\BehaviorData_Clay.mat,Clay,Clay_058,58,nonStim,1,Combined,1,1,10,10,10,1
C:\Users\zzhu329\Documents\GitHub\EM-3DMotion\BehaviorFitting\BehaviorData_Clay.mat,Clay,Clay_058,58,nonStim,2,MonoL,-1,1,1,9,10,0.9
C:\Users\zzhu329\Documents\GitHub\EM-3DMotion\BehaviorFitting\BehaviorData_Clay.mat,Clay,Clay_058,58,nonStim,2,MonoL,-0.636363636363636,0.636363636363636,0,10,10,1
C:\Users\zzhu329\Documents\GitHub\EM-3DMotion\BehaviorFitting\BehaviorData_Clay.mat,Clay,Clay_058,58,nonStim,2,MonoL,-0.454545454545455,0.454545454545455,2,8,10,0.8
C:\Users\zzhu329\Documents\GitHub\EM-3DMotion\BehaviorFitting\BehaviorData_Clay.mat,Clay,Clay_058,58,nonStim,2,MonoL,-0.363636363636364,0.363636363636364,2,8,10,0.8
C:\Users\zzhu329\Documents\GitHub\EM-3DMotion\BehaviorFitting\BehaviorData_Clay.mat,Clay,Clay_058,58,nonStim,2,MonoL,-0.181818181818182,0.181818181818182,6,4,10,0.4
C:\Users\zzhu329\Documents\GitHub\EM-3DMotion\BehaviorFitting\BehaviorData_Clay.mat,Clay,Clay_058,58,nonStim,2,MonoL,-0.0909090909090909,0.0909090909090909,3,7,10,0.7
C:\Users\zzhu329\Documents\GitHub\EM-3DMotion\BehaviorFitting\BehaviorData_Clay.mat,Clay,Clay_058,58,nonStim,2,MonoL,0.0909090909090909,0.0909090909090909,5,5,10,0.5
C:\Users\zzhu329\Documents\GitHub\EM-3DMotion\BehaviorFitting\BehaviorData_Clay.mat,Clay,Clay_058,58,nonStim,2,MonoL,0.181818181818182,0.181818181818182,4,4,10,0.4
C:\Users\zzhu329\Documents\GitHub\EM-3DMotion\BehaviorFitting\BehaviorData_Clay.mat,Clay,Clay_058,58,nonStim,2,MonoL,0.363636363636364,0.363636363636364,6,6,10,0.6
C:\Users\zzhu329\Documents\GitHub\EM-3DMotion\BehaviorFitting\BehaviorData_Clay.mat,Clay,Clay_058,58,nonStim,2,MonoL,0.454545454545455,0.454545454545455,4,4,10,0.4
C:\Users\zzhu329\Documents\GitHub\EM-3DMotion\BehaviorFitting\BehaviorData_Clay.mat,Clay,Clay_058,58,nonStim,2,MonoL,0.636363636363636,0.636363636363636,7,7,10,0.7
C:\Users\zzhu329\Documents\GitHub\EM-3DMotion\BehaviorFitting\BehaviorData_Clay.mat,Clay,Clay_058,58,nonStim,2,MonoL,1,1,7,7,10,0.7
C:\Users\zzhu329\Documents\GitHub\EM-3DMotion\BehaviorFitting\BehaviorData_Clay.mat,Clay,Clay_058,58,nonStim,3,MonoR,-1,1,0,10,10,1
C:\Users\zzhu329\Documents\GitHub\EM-3DMotion\BehaviorFitting\BehaviorData_Clay.mat,Clay,Clay_058,58,nonStim,3,MonoR,-0.636363636363636,0.636363636363636,0,10,10,1
C:\Users\zzhu329\Documents\GitHub\EM-3DMotion\BehaviorFitting\BehaviorData_Clay.mat,Clay,Clay_058,58,nonStim,3,MonoR,-0.454545454545455,0.454545454545455,2,8,10,0.8
C:\Users\zzhu329\Documents\GitHub\EM-3DMotion\BehaviorFitting\BehaviorData_Clay.mat,Clay,Clay_058,58,nonStim,3,MonoR,-0.363636363636364,0.363636363636364,4,6,10,0.6
C:\Users\zzhu329\Documents\GitHub\EM-3DMotion\BehaviorFitting\BehaviorData_Clay.mat,Clay,Clay_058,58,nonStim,3,MonoR,-0.181818181818182,0.181818181818182,2,8,10,0.8
C:\Users\zzhu329\Documents\GitHub\EM-3DMotion\BehaviorFitting\BehaviorData_Clay.mat,Clay,Clay_058,58,nonStim,3,MonoR,-0.0909090909090909,0.0909090909090909,5,5,10,0.5
C:\Users\zzhu329\Documents\GitHub\EM-3DMotion\BehaviorFitting\BehaviorData_Clay.mat,Clay,Clay_058,58,nonStim,3,MonoR,0.0909090909090909,0.0909090909090909,5,5,10,0.5
C:\Users\zzhu329\Documents\GitHub\EM-3DMotion\BehaviorFitting\BehaviorData_Clay.mat,Clay,Clay_058,58,nonStim,3,MonoR,0.181818181818182,0.181818181818182,5,5,10,0.5
C:\Users\zzhu329\Documents\GitHub\EM-3DMotion\BehaviorFitting\BehaviorData_Clay.mat,Clay,Clay_058,58,nonStim,3,MonoR,0.363636363636364,0.363636363636364,8,8,10,0.8
C:\Users\zzhu329\Documents\GitHub\EM-3DMotion\BehaviorFitting\BehaviorData_Clay.mat,Clay,Clay_058,58,nonStim,3,MonoR,0.454545454545455,0.454545454545455,7,7,10,0.7
C:\Users\zzhu329\Documents\GitHub\EM-3DMotion\BehaviorFitting\BehaviorData_Clay.mat,Clay,Clay_058,58,nonStim,3,MonoR,0.636363636363636,0.636363636363636,8,8,10,0.8
C:\Users\zzhu329\Documents\GitHub\EM-3DMotion\BehaviorFitting\BehaviorData_Clay.mat,Clay,Clay_058,58,nonStim,3,MonoR,1,1,10,10,10,1
C:\Users\zzhu329\Documents\GitHub\EM-3DMotion\BehaviorFitting\BehaviorData_Clay.mat,Clay,Clay_058,58,nonStim,4,Bino,-1,1,0,10,10,1
C:\Users\zzhu329\Documents\GitHub\EM-3DMotion\BehaviorFitting\BehaviorData_Clay.mat,Clay,Clay_058,58,nonStim,4,Bino,-0.636363636363636,0.636363636363636,1,9,10,0.9
C:\Users\zzhu329\Documents\GitHub\EM-3DMotion\BehaviorFitting\BehaviorData_Clay.mat,Clay,Clay_058,58,nonStim,4,Bino,-0.454545454545455,0.454545454545455,1,9,10,0.9
C:\Users\zzhu329\Documents\GitHub\EM-3DMotion\BehaviorFitting\BehaviorData_Clay.mat,Clay,Clay_058,58,nonStim,4,Bino,-0.363636363636364,0.363636363636364,3,7,10,0.7
C:\Users\zzhu329\Documents\GitHub\EM-3DMotion\BehaviorFitting\BehaviorData_Clay.mat,Clay,Clay_058,58,nonStim,4,Bino,-0.181818181818182,0.181818181818182,5,5,10,0.5
C:\Users\zzhu329\Documents\GitHub\EM-3DMotion\BehaviorFitting\BehaviorData_Clay.mat,Clay,Clay_058,58,nonStim,4,Bino,-0.0909090909090909,0.0909090909090909,2,8,10,0.8
C:\Users\zzhu329\Documents\GitHub\EM-3DMotion\BehaviorFitting\BehaviorData_Clay.mat,Clay,Clay_058,58,nonStim,4,Bino,0.0909090909090909,0.0909090909090909,5,5,10,0.5
C:\Users\zzhu329\Documents\GitHub\EM-3DMotion\BehaviorFitting\BehaviorData_Clay.mat,Clay,Clay_058,58,nonStim,4,Bino,0.181818181818182,0.181818181818182,5,5,10,0.5
C:\Users\zzhu329\Documents\GitHub\EM-3DMotion\BehaviorFitting\BehaviorData_Clay.mat,Clay,Clay_058,58,nonStim,4,Bino,0.363636363636364,0.363636363636364,8,8,10,0.8
C:\Users\zzhu329\Documents\GitHub\EM-3DMotion\BehaviorFitting\BehaviorData_Clay.mat,Clay,Clay_058,58,nonStim,4,Bino,0.454545454545455,0.454545454545455,4,4,10,0.4
C:\Users\zzhu329\Documents\GitHub\EM-3DMotion\BehaviorFitting\BehaviorData_Clay.mat,Clay,Clay_058,58,nonStim,4,Bino,0.636363636363636,0.636363636363636,4,4,10,0.4
C:\Users\zzhu329\Documents\GitHub\EM-3DMotion\BehaviorFitting\BehaviorData_Clay.mat,Clay,Clay_058,58,nonStim,4,Bino,1,1,2,2,10,0.2
C:\Users\zzhu329\Documents\GitHub\EM-3DMotion\BehaviorFitting\BehaviorData_Clay.mat,Clay,Clay_059,59,nonStim,1,Combined,-1,1,2,8,10,0.8
C:\Users\zzhu329\Documents\GitHub\EM-3DMotion\BehaviorFitting\BehaviorData_Clay.mat,Clay,Clay_059,59,nonStim,1,Combined,-0.636363636363636,0.636363636363636,0,10,10,1
C:\Users\zzhu329\Documents\GitHub\EM-3DMotion\BehaviorFitting\BehaviorData_Clay.mat,Clay,Clay_059,59,nonStim,1,Combined,-0.454545454545455,0.454545454545455,0,10,10,1
C:\Users\zzhu329\Documents\GitHub\EM-3DMotion\BehaviorFitting\BehaviorData_Clay.mat,Clay,Clay_059,59,nonStim,1,Combined,-0.363636363636364,0.363636363636364,1,9,10,0.9
C:\Users\zzhu329\Documents\GitHub\EM-3DMotion\BehaviorFitting\BehaviorData_Clay.mat,Clay,Clay_059,59,nonStim,1,Combined,-0.181818181818182,0.181818181818182,5,5,10,0.5
C:\Users\zzhu329\Documents\GitHub\EM-3DMotion\BehaviorFitting\BehaviorData_Clay.mat,Clay,Clay_059,59,nonStim,1,Combined,-0.0909090909090909,0.0909090909090909,8,2,10,0.2
C:\Users\zzhu329\Documents\GitHub\EM-3DMotion\BehaviorFitting\BehaviorData_Clay.mat,Clay,Clay_059,59,nonStim,1,Combined,0.0909090909090909,0.0909090909090909,10,10,10,1
C:\Users\zzhu329\Documents\GitHub\EM-3DMotion\BehaviorFitting\BehaviorData_Clay.mat,Clay,Clay_059,59,nonStim,1,Combined,0.181818181818182,0.181818181818182,11,11,11,1
C:\Users\zzhu329\Documents\GitHub\EM-3DMotion\BehaviorFitting\BehaviorData_Clay.mat,Clay,Clay_059,59,nonStim,1,Combined,0.363636363636364,0.363636363636364,10,10,10,1
C:\Users\zzhu329\Documents\GitHub\EM-3DMotion\BehaviorFitting\BehaviorData_Clay.mat,Clay,Clay_059,59,nonStim,1,Combined,0.454545454545455,0.454545454545455,10,10,10,1
C:\Users\zzhu329\Documents\GitHub\EM-3DMotion\BehaviorFitting\BehaviorData_Clay.mat,Clay,Clay_059,59,nonStim,1,Combined,0.636363636363636,0.636363636363636,10,10,10,1
C:\Users\zzhu329\Documents\GitHub\EM-3DMotion\BehaviorFitting\BehaviorData_Clay.mat,Clay,Clay_059,59,nonStim,1,Combined,1,1,11,11,11,1
C:\Users\zzhu329\Documents\GitHub\EM-3DMotion\BehaviorFitting\BehaviorData_Clay.mat,Clay,Clay_059,59,nonStim,2,MonoL,-1,1,0,10,10,1
C:\Users\zzhu329\Documents\GitHub\EM-3DMotion\BehaviorFitting\BehaviorData_Clay.mat,Clay,Clay_059,59,nonStim,2,MonoL,-0.636363636363636,0.636363636363636,1,10,11,0.909090909090909
C:\Users\zzhu329\Documents\GitHub\EM-3DMotion\BehaviorFitting\BehaviorData_Clay.mat,Clay,Clay_059,59,nonStim,2,MonoL,-0.454545454545455,0.454545454545455,4,7,11,0.636363636363636
C:\Users\zzhu329\Documents\GitHub\EM-3DMotion\BehaviorFitting\BehaviorData_Clay.mat,Clay,Clay_059,59,nonStim,2,MonoL,-0.363636363636364,0.363636363636364,1,9,10,0.9
C:\Users\zzhu329\Documents\GitHub\EM-3DMotion\BehaviorFitting\BehaviorData_Clay.mat,Clay,Clay_059,59,nonStim,2,MonoL,-0.181818181818182,0.181818181818182,4,6,10,0.6
C:\Users\zzhu329\Documents\GitHub\EM-3DMotion\BehaviorFitting\BehaviorData_Clay.mat,Clay,Clay_059,59,nonStim,2,MonoL,-0.0909090909090909,0.0909090909090909,8,3,11,0.272727272727273
C:\Users\zzhu329\Documents\GitHub\EM-3DMotion\BehaviorFitting\BehaviorData_Clay.mat,Clay,Clay_059,59,nonStim,2,MonoL,0.0909090909090909,0.0909090909090909,10,10,11,0.909090909090909
C:\Users\zzhu329\Documents\GitHub\EM-3DMotion\BehaviorFitting\BehaviorData_Clay.mat,Clay,Clay_059,59,nonStim,2,MonoL,0.181818181818182,0.181818181818182,6,6,10,0.6
C:\Users\zzhu329\Documents\GitHub\EM-3DMotion\BehaviorFitting\BehaviorData_Clay.mat,Clay,Clay_059,59,nonStim,2,MonoL,0.363636363636364,0.363636363636364,9,9,10,0.9
C:\Users\zzhu329\Documents\GitHub\EM-3DMotion\BehaviorFitting\BehaviorData_Clay.mat,Clay,Clay_059,59,nonStim,2,MonoL,0.454545454545455,0.454545454545455,11,11,11,1
C:\Users\zzhu329\Documents\GitHub\EM-3DMotion\BehaviorFitting\BehaviorData_Clay.mat,Clay,Clay_059,59,nonStim,2,MonoL,0.636363636363636,0.636363636363636,10,10,10,1
C:\Users\zzhu329\Documents\GitHub\EM-3DMotion\BehaviorFitting\BehaviorData_Clay.mat,Clay,Clay_059,59,nonStim,2,MonoL,1,1,10,10,10,1
C:\Users\zzhu329\Documents\GitHub\EM-3DMotion\BehaviorFitting\BehaviorData_Clay.mat,Clay,Clay_059,59,nonStim,3,MonoR,-1,1,2,8,10,0.8
C:\Users\zzhu329\Documents\GitHub\EM-3DMotion\BehaviorFitting\BehaviorData_Clay.mat,Clay,Clay_059,59,nonStim,3,MonoR,-0.636363636363636,0.636363636363636,1,9,10,0.9
C:\Users\zzhu329\Documents\GitHub\EM-3DMotion\BehaviorFitting\BehaviorData_Clay.mat,Clay,Clay_059,59,nonStim,3,MonoR,-0.454545454545455,0.454545454545455,3,7,10,0.7
C:\Users\zzhu329\Documents\GitHub\EM-3DMotion\BehaviorFitting\BehaviorData_Clay.mat,Clay,Clay_059,59,nonStim,3,MonoR,-0.363636363636364,0.363636363636364,0,11,11,1
C:\Users\zzhu329\Documents\GitHub\EM-3DMotion\BehaviorFitting\BehaviorData_Clay.mat,Clay,Clay_059,59,nonStim,3,MonoR,-0.181818181818182,0.181818181818182,2,8,10,0.8
C:\Users\zzhu329\Documents\GitHub\EM-3DMotion\BehaviorFitting\BehaviorData_Clay.mat,Clay,Clay_059,59,nonStim,3,MonoR,-0.0909090909090909,0.0909090909090909,6,4,10,0.4
C:\Users\zzhu329\Documents\GitHub\EM-3DMotion\BehaviorFitting\BehaviorData_Clay.mat,Clay,Clay_059,59,nonStim,3,MonoR,0.0909090909090909,0.0909090909090909,9,9,11,0.818181818181818
C:\Users\zzhu329\Documents\GitHub\EM-3DMotion\BehaviorFitting\BehaviorData_Clay.mat,Clay,Clay_059,59,nonStim,3,MonoR,0.181818181818182,0.181818181818182,7,7,10,0.7
C:\Users\zzhu329\Documents\GitHub\EM-3DMotion\BehaviorFitting\BehaviorData_Clay.mat,Clay,Clay_059,59,nonStim,3,MonoR,0.363636363636364,0.363636363636364,10,10,10,1
C:\Users\zzhu329\Documents\GitHub\EM-3DMotion\BehaviorFitting\BehaviorData_Clay.mat,Clay,Clay_059,59,nonStim,3,MonoR,0.454545454545455,0.454545454545455,10,10,11,0.909090909090909
C:\Users\zzhu329\Documents\GitHub\EM-3DMotion\BehaviorFitting\BehaviorData_Clay.mat,Clay,Clay_059,59,nonStim,3,MonoR,0.636363636363636,0.636363636363636,10,10,10,1
C:\Users\zzhu329\Documents\GitHub\EM-3DMotion\BehaviorFitting\BehaviorData_Clay.mat,Clay,Clay_059,59,nonStim,3,MonoR,1,1,11,11,11,1
C:\Users\zzhu329\Documents\GitHub\EM-3DMotion\BehaviorFitting\BehaviorData_Clay.mat,Clay,Clay_059,59,nonStim,4,Bino,-1,1,1,9,10,0.9
C:\Users\zzhu329\Documents\GitHub\EM-3DMotion\BehaviorFitting\BehaviorData_Clay.mat,Clay,Clay_059,59,nonStim,4,Bino,-0.636363636363636,0.636363636363636,2,9,11,0.818181818181818
C:\Users\zzhu329\Documents\GitHub\EM-3DMotion\BehaviorFitting\BehaviorData_Clay.mat,Clay,Clay_059,59,nonStim,4,Bino,-0.454545454545455,0.454545454545455,3,7,10,0.7
C:\Users\zzhu329\Documents\GitHub\EM-3DMotion\BehaviorFitting\BehaviorData_Clay.mat,Clay,Clay_059,59,nonStim,4,Bino,-0.363636363636364,0.363636363636364,2,8,10,0.8
C:\Users\zzhu329\Documents\GitHub\EM-3DMotion\BehaviorFitting\BehaviorData_Clay.mat,Clay,Clay_059,59,nonStim,4,Bino,-0.181818181818182,0.181818181818182,7,3,10,0.3
C:\Users\zzhu329\Documents\GitHub\EM-3DMotion\BehaviorFitting\BehaviorData_Clay.mat,Clay,Clay_059,59,nonStim,4,Bino,-0.0909090909090909,0.0909090909090909,5,5,10,0.5
C:\Users\zzhu329\Documents\GitHub\EM-3DMotion\BehaviorFitting\BehaviorData_Clay.mat,Clay,Clay_059,59,nonStim,4,Bino,0.0909090909090909,0.0909090909090909,6,6,10,0.6
C:\Users\zzhu329\Documents\GitHub\EM-3DMotion\BehaviorFitting\BehaviorData_Clay.mat,Clay,Clay_059,59,nonStim,4,Bino,0.181818181818182,0.181818181818182,10,10,10,1
C:\Users\zzhu329\Documents\GitHub\EM-3DMotion\BehaviorFitting\BehaviorData_Clay.mat,Clay,Clay_059,59,nonStim,4,Bino,0.363636363636364,0.363636363636364,10,10,10,1
C:\Users\zzhu329\Documents\GitHub\EM-3DMotion\BehaviorFitting\BehaviorData_Clay.mat,Clay,Clay_059,59,nonStim,4,Bino,0.454545454545455,0.454545454545455,9,9,10,0.9
C:\Users\zzhu329\Documents\GitHub\EM-3DMotion\BehaviorFitting\BehaviorData_Clay.mat,Clay,Clay_059,59,nonStim,4,Bino,0.636363636363636,0.636363636363636,10,10,10,1
C:\Users\zzhu329\Documents\GitHub\EM-3DMotion\BehaviorFitting\BehaviorData_Clay.mat,Clay,Clay_059,59,nonStim,4,Bino,1,1,10,10,10,1
C:\Users\zzhu329\Documents\GitHub\EM-3DMotion\BehaviorFitting\BehaviorData_Clay.mat,Clay,Clay_060,60,nonStim,1,Combined,-1,1,0,10,10,1
C:\Users\zzhu329\Documents\GitHub\EM-3DMotion\BehaviorFitting\BehaviorData_Clay.mat,Clay,Clay_060,60,nonStim,1,Combined,-0.636363636363636,0.636363636363636,0,10,10,1
C:\Users\zzhu329\Documents\GitHub\EM-3DMotion\BehaviorFitting\BehaviorData_Clay.mat,Clay,Clay_060,60,nonStim,1,Combined,-0.454545454545455,0.454545454545455,0,9,9,1
C:\Users\zzhu329\Documents\GitHub\EM-3DMotion\BehaviorFitting\BehaviorData_Clay.mat,Clay,Clay_060,60,nonStim,1,Combined,-0.363636363636364,0.363636363636364,0,11,11,1
C:\Users\zzhu329\Documents\GitHub\EM-3DMotion\BehaviorFitting\BehaviorData_Clay.mat,Clay,Clay_060,60,nonStim,1,Combined,-0.181818181818182,0.181818181818182,1,9,10,0.9
C:\Users\zzhu329\Documents\GitHub\EM-3DMotion\BehaviorFitting\BehaviorData_Clay.mat,Clay,Clay_060,60,nonStim,1,Combined,-0.0909090909090909,0.0909090909090909,3,7,10,0.7
C:\Users\zzhu329\Documents\GitHub\EM-3DMotion\BehaviorFitting\BehaviorData_Clay.mat,Clay,Clay_060,60,nonStim,1,Combined,0.0909090909090909,0.0909090909090909,4,4,10,0.4
C:\Users\zzhu329\Documents\GitHub\EM-3DMotion\BehaviorFitting\BehaviorData_Clay.mat,Clay,Clay_060,60,nonStim,1,Combined,0.181818181818182,0.181818181818182,9,9,10,0.9
C:\Users\zzhu329\Documents\GitHub\EM-3DMotion\BehaviorFitting\BehaviorData_Clay.mat,Clay,Clay_060,60,nonStim,1,Combined,0.363636363636364,0.363636363636364,10,10,11,0.909090909090909
C:\Users\zzhu329\Documents\GitHub\EM-3DMotion\BehaviorFitting\BehaviorData_Clay.mat,Clay,Clay_060,60,nonStim,1,Combined,0.454545454545455,0.454545454545455,9,9,9,1
C:\Users\zzhu329\Documents\GitHub\EM-3DMotion\BehaviorFitting\BehaviorData_Clay.mat,Clay,Clay_060,60,nonStim,1,Combined,0.636363636363636,0.636363636363636,10,10,10,1
C:\Users\zzhu329\Documents\GitHub\EM-3DMotion\BehaviorFitting\BehaviorData_Clay.mat,Clay,Clay_060,60,nonStim,1,Combined,1,1,10,10,10,1
C:\Users\zzhu329\Documents\GitHub\EM-3DMotion\BehaviorFitting\BehaviorData_Clay.mat,Clay,Clay_060,60,nonStim,2,MonoL,-1,1,0,10,10,1
C:\Users\zzhu329\Documents\GitHub\EM-3DMotion\BehaviorFitting\BehaviorData_Clay.mat,Clay,Clay_060,60,nonStim,2,MonoL,-0.636363636363636,0.636363636363636,0,10,10,1
C:\Users\zzhu329\Documents\GitHub\EM-3DMotion\BehaviorFitting\BehaviorData_Clay.mat,Clay,Clay_060,60,nonStim,2,MonoL,-0.454545454545455,0.454545454545455,0,10,10,1
C:\Users\zzhu329\Documents\GitHub\EM-3DMotion\BehaviorFitting\BehaviorData_Clay.mat,Clay,Clay_060,60,nonStim,2,MonoL,-0.363636363636364,0.363636363636364,0,11,11,1
C:\Users\zzhu329\Documents\GitHub\EM-3DMotion\BehaviorFitting\BehaviorData_Clay.mat,Clay,Clay_060,60,nonStim,2,MonoL,-0.181818181818182,0.181818181818182,0,10,10,1
C:\Users\zzhu329\Documents\GitHub\EM-3DMotion\BehaviorFitting\BehaviorData_Clay.mat,Clay,Clay_060,60,nonStim,2,MonoL,-0.0909090909090909,0.0909090909090909,2,8,10,0.8
C:\Users\zzhu329\Documents\GitHub\EM-3DMotion\BehaviorFitting\BehaviorData_Clay.mat,Clay,Clay_060,60,nonStim,2,MonoL,0.0909090909090909,0.0909090909090909,4,4,10,0.4
C:\Users\zzhu329\Documents\GitHub\EM-3DMotion\BehaviorFitting\BehaviorData_Clay.mat,Clay,Clay_060,60,nonStim,2,MonoL,0.181818181818182,0.181818181818182,1,1,10,0.1
C:\Users\zzhu329\Documents\GitHub\EM-3DMotion\BehaviorFitting\BehaviorData_Clay.mat,Clay,Clay_060,60,nonStim,2,MonoL,0.363636363636364,0.363636363636364,6,6,10,0.6
C:\Users\zzhu329\Documents\GitHub\EM-3DMotion\BehaviorFitting\BehaviorData_Clay.mat,Clay,Clay_060,60,nonStim,2,MonoL,0.454545454545455,0.454545454545455,5,5,10,0.5
C:\Users\zzhu329\Documents\GitHub\EM-3DMotion\BehaviorFitting\BehaviorData_Clay.mat,Clay,Clay_060,60,nonStim,2,MonoL,0.636363636363636,0.636363636363636,6,6,10,0.6
C:\Users\zzhu329\Documents\GitHub\EM-3DMotion\BehaviorFitting\BehaviorData_Clay.mat,Clay,Clay_060,60,nonStim,2,MonoL,1,1,9,9,9,1
C:\Users\zzhu329\Documents\GitHub\EM-3DMotion\BehaviorFitting\BehaviorData_Clay.mat,Clay,Clay_060,60,nonStim,3,MonoR,-1,1,1,9,10,0.9
C:\Users\zzhu329\Documents\GitHub\EM-3DMotion\BehaviorFitting\BehaviorData_Clay.mat,Clay,Clay_060,60,nonStim,3,MonoR,-0.636363636363636,0.636363636363636,0,9,9,1
C:\Users\zzhu329\Documents\GitHub\EM-3DMotion\BehaviorFitting\BehaviorData_Clay.mat,Clay,Clay_060,60,nonStim,3,MonoR,-0.454545454545455,0.454545454545455,1,9,10,0.9
C:\Users\zzhu329\Documents\GitHub\EM-3DMotion\BehaviorFitting\BehaviorData_Clay.mat,Clay,Clay_060,60,nonStim,3,MonoR,-0.363636363636364,0.363636363636364,0,9,9,1
C:\Users\zzhu329\Documents\GitHub\EM-3DMotion\BehaviorFitting\BehaviorData_Clay.mat,Clay,Clay_060,60,nonStim,3,MonoR,-0.181818181818182,0.181818181818182,0,10,10,1
C:\Users\zzhu329\Documents\GitHub\EM-3DMotion\BehaviorFitting\BehaviorData_Clay.mat,Clay,Clay_060,60,nonStim,3,MonoR,-0.0909090909090909,0.0909090909090909,1,9,10,0.9
C:\Users\zzhu329\Documents\GitHub\EM-3DMotion\BehaviorFitting\BehaviorData_Clay.mat,Clay,Clay_060,60,nonStim,3,MonoR,0.0909090909090909,0.0909090909090909,4,4,10,0.4
C:\Users\zzhu329\Documents\GitHub\EM-3DMotion\BehaviorFitting\BehaviorData_Clay.mat,Clay,Clay_060,60,nonStim,3,MonoR,0.181818181818182,0.181818181818182,4,4,10,0.4
C:\Users\zzhu329\Documents\GitHub\EM-3DMotion\BehaviorFitting\BehaviorData_Clay.mat,Clay,Clay_060,60,nonStim,3,MonoR,0.363636363636364,0.363636363636364,5,5,9,0.555555555555556
C:\Users\zzhu329\Documents\GitHub\EM-3DMotion\BehaviorFitting\BehaviorData_Clay.mat,Clay,Clay_060,60,nonStim,3,MonoR,0.454545454545455,0.454545454545455,6,6,10,0.6
C:\Users\zzhu329\Documents\GitHub\EM-3DMotion\BehaviorFitting\BehaviorData_Clay.mat,Clay,Clay_060,60,nonStim,3,MonoR,0.636363636363636,0.636363636363636,8,8,10,0.8
C:\Users\zzhu329\Documents\GitHub\EM-3DMotion\BehaviorFitting\BehaviorData_Clay.mat,Clay,Clay_060,60,nonStim,3,MonoR,1,1,10,10,10,1
C:\Users\zzhu329\Documents\GitHub\EM-3DMotion\BehaviorFitting\BehaviorData_Clay.mat,Clay,Clay_060,60,nonStim,4,Bino,-1,1,0,10,10,1
C:\Users\zzhu329\Documents\GitHub\EM-3DMotion\BehaviorFitting\BehaviorData_Clay.mat,Clay,Clay_060,60,nonStim,4,Bino,-0.636363636363636,0.636363636363636,0,10,10,1
C:\Users\zzhu329\Documents\GitHub\EM-3DMotion\BehaviorFitting\BehaviorData_Clay.mat,Clay,Clay_060,60,nonStim,4,Bino,-0.454545454545455,0.454545454545455,0,10,10,1
C:\Users\zzhu329\Documents\GitHub\EM-3DMotion\BehaviorFitting\BehaviorData_Clay.mat,Clay,Clay_060,60,nonStim,4,Bino,-0.363636363636364,0.363636363636364,0,10,10,1
C:\Users\zzhu329\Documents\GitHub\EM-3DMotion\BehaviorFitting\BehaviorData_Clay.mat,Clay,Clay_060,60,nonStim,4,Bino,-0.181818181818182,0.181818181818182,4,7,11,0.636363636363636
C:\Users\zzhu329\Documents\GitHub\EM-3DMotion\BehaviorFitting\BehaviorData_Clay.mat,Clay,Clay_060,60,nonStim,4,Bino,-0.0909090909090909,0.0909090909090909,2,8,10,0.8
C:\Users\zzhu329\Documents\GitHub\EM-3DMotion\BehaviorFitting\BehaviorData_Clay.mat,Clay,Clay_060,60,nonStim,4,Bino,0.0909090909090909,0.0909090909090909,2,2,10,0.2
C:\Users\zzhu329\Documents\GitHub\EM-3DMotion\BehaviorFitting\BehaviorData_Clay.mat,Clay,Clay_060,60,nonStim,4,Bino,0.181818181818182,0.181818181818182,2,2,11,0.181818181818182
C:\Users\zzhu329\Documents\GitHub\EM-3DMotion\BehaviorFitting\BehaviorData_Clay.mat,Clay,Clay_060,60,nonStim,4,Bino,0.363636363636364,0.363636363636364,7,7,9,0.777777777777778
C:\Users\zzhu329\Documents\GitHub\EM-3DMotion\BehaviorFitting\BehaviorData_Clay.mat,Clay,Clay_060,60,nonStim,4,Bino,0.454545454545455,0.454545454545455,7,7,10,0.7
C:\Users\zzhu329\Documents\GitHub\EM-3DMotion\BehaviorFitting\BehaviorData_Clay.mat,Clay,Clay_060,60,nonStim,4,Bino,0.636363636363636,0.636363636363636,6,6,8,0.75
C:\Users\zzhu329\Documents\GitHub\EM-3DMotion\BehaviorFitting\BehaviorData_Clay.mat,Clay,Clay_060,60,nonStim,4,Bino,1,1,8,8,10,0.8
C:\Users\zzhu329\Documents\GitHub\EM-3DMotion\BehaviorFitting\BehaviorData_Clay.mat,Clay,Clay_061,61,nonStim,1,Combined,-1,1,0,10,10,1
C:\Users\zzhu329\Documents\GitHub\EM-3DMotion\BehaviorFitting\BehaviorData_Clay.mat,Clay,Clay_061,61,nonStim,1,Combined,-0.636363636363636,0.636363636363636,0,10,10,1
C:\Users\zzhu329\Documents\GitHub\EM-3DMotion\BehaviorFitting\BehaviorData_Clay.mat,Clay,Clay_061,61,nonStim,1,Combined,-0.454545454545455,0.454545454545455,3,7,10,0.7
C:\Users\zzhu329\Documents\GitHub\EM-3DMotion\BehaviorFitting\BehaviorData_Clay.mat,Clay,Clay_061,61,nonStim,1,Combined,-0.363636363636364,0.363636363636364,1,9,10,0.9
C:\Users\zzhu329\Documents\GitHub\EM-3DMotion\BehaviorFitting\BehaviorData_Clay.mat,Clay,Clay_061,61,nonStim,1,Combined,-0.181818181818182,0.181818181818182,5,5,10,0.5
C:\Users\zzhu329\Documents\GitHub\EM-3DMotion\BehaviorFitting\BehaviorData_Clay.mat,Clay,Clay_061,61,nonStim,1,Combined,-0.0909090909090909,0.0909090909090909,5,5,10,0.5
C:\Users\zzhu329\Documents\GitHub\EM-3DMotion\BehaviorFitting\BehaviorData_Clay.mat,Clay,Clay_061,61,nonStim,1,Combined,0.0909090909090909,0.0909090909090909,10,10,10,1
C:\Users\zzhu329\Documents\GitHub\EM-3DMotion\BehaviorFitting\BehaviorData_Clay.mat,Clay,Clay_061,61,nonStim,1,Combined,0.181818181818182,0.181818181818182,10,10,10,1
C:\Users\zzhu329\Documents\GitHub\EM-3DMotion\BehaviorFitting\BehaviorData_Clay.mat,Clay,Clay_061,61,nonStim,1,Combined,0.363636363636364,0.363636363636364,10,10,10,1
C:\Users\zzhu329\Documents\GitHub\EM-3DMotion\BehaviorFitting\BehaviorData_Clay.mat,Clay,Clay_061,61,nonStim,1,Combined,0.454545454545455,0.454545454545455,10,10,10,1
C:\Users\zzhu329\Documents\GitHub\EM-3DMotion\BehaviorFitting\BehaviorData_Clay.mat,Clay,Clay_061,61,nonStim,1,Combined,0.636363636363636,0.636363636363636,10,10,10,1
C:\Users\zzhu329\Documents\GitHub\EM-3DMotion\BehaviorFitting\BehaviorData_Clay.mat,Clay,Clay_061,61,nonStim,1,Combined,1,1,10,10,10,1
C:\Users\zzhu329\Documents\GitHub\EM-3DMotion\BehaviorFitting\BehaviorData_Clay.mat,Clay,Clay_061,61,nonStim,2,MonoL,-1,1,2,7,9,0.777777777777778
C:\Users\zzhu329\Documents\GitHub\EM-3DMotion\BehaviorFitting\BehaviorData_Clay.mat,Clay,Clay_061,61,nonStim,2,MonoL,-0.636363636363636,0.636363636363636,2,8,10,0.8
C:\Users\zzhu329\Documents\GitHub\EM-3DMotion\BehaviorFitting\BehaviorData_Clay.mat,Clay,Clay_061,61,nonStim,2,MonoL,-0.454545454545455,0.454545454545455,3,7,10,0.7
C:\Users\zzhu329\Documents\GitHub\EM-3DMotion\BehaviorFitting\BehaviorData_Clay.mat,Clay,Clay_061,61,nonStim,2,MonoL,-0.363636363636364,0.363636363636364,3,7,10,0.7
C:\Users\zzhu329\Documents\GitHub\EM-3DMotion\BehaviorFitting\BehaviorData_Clay.mat,Clay,Clay_061,61,nonStim,2,MonoL,-0.181818181818182,0.181818181818182,3,7,10,0.7
C:\Users\zzhu329\Documents\GitHub\EM-3DMotion\BehaviorFitting\BehaviorData_Clay.mat,Clay,Clay_061,61,nonStim,2,MonoL,-0.0909090909090909,0.0909090909090909,5,5,10,0.5
C:\Users\zzhu329\Documents\GitHub\EM-3DMotion\BehaviorFitting\BehaviorData_Clay.mat,Clay,Clay_061,61,nonStim,2,MonoL,0.0909090909090909,0.0909090909090909,7,7,10,0.7
C:\Users\zzhu329\Documents\GitHub\EM-3DMotion\BehaviorFitting\BehaviorData_Clay.mat,Clay,Clay_061,61,nonStim,2,MonoL,0.181818181818182,0.181818181818182,7,7,10,0.7
C:\Users\zzhu329\Documents\GitHub\EM-3DMotion\BehaviorFitting\BehaviorData_Clay.mat,Clay,Clay_061,61,nonStim,2,MonoL,0.363636363636364,0.363636363636364,9,9,10,0.9
C:\Users\zzhu329\Documents\GitHub\EM-3DMotion\BehaviorFitting\BehaviorData_Clay.mat,Clay,Clay_061,61,nonStim,2,MonoL,0.454545454545455,0.454545454545455,9,9,10,0.9
C:\Users\zzhu329\Documents\GitHub\EM-3DMotion\BehaviorFitting\BehaviorData_Clay.mat,Clay,Clay_061,61,nonStim,2,MonoL,0.636363636363636,0.636363636363636,10,10,10,1
C:\Users\zzhu329\Documents\GitHub\EM-3DMotion\BehaviorFitting\BehaviorData_Clay.mat,Clay,Clay_061,61,nonStim,2,MonoL,1,1,10,10,10,1
C:\Users\zzhu329\Documents\GitHub\EM-3DMotion\BehaviorFitting\BehaviorData_Clay.mat,Clay,Clay_061,61,nonStim,3,MonoR,-1,1,2,8,10,0.8
C:\Users\zzhu329\Documents\GitHub\EM-3DMotion\BehaviorFitting\BehaviorData_Clay.mat,Clay,Clay_061,61,nonStim,3,MonoR,-0.636363636363636,0.636363636363636,3,7,10,0.7
C:\Users\zzhu329\Documents\GitHub\EM-3DMotion\BehaviorFitting\BehaviorData_Clay.mat,Clay,Clay_061,61,nonStim,3,MonoR,-0.454545454545455,0.454545454545455,2,8,10,0.8
C:\Users\zzhu329\Documents\GitHub\EM-3DMotion\BehaviorFitting\BehaviorData_Clay.mat,Clay,Clay_061,61,nonStim,3,MonoR,-0.363636363636364,0.363636363636364,2,8,10,0.8
C:\Users\zzhu329\Documents\GitHub\EM-3DMotion\BehaviorFitting\BehaviorData_Clay.mat,Clay,Clay_061,61,nonStim,3,MonoR,-0.181818181818182,0.181818181818182,6,4,10,0.4
C:\Users\zzhu329\Documents\GitHub\EM-3DMotion\BehaviorFitting\BehaviorData_Clay.mat,Clay,Clay_061,61,nonStim,3,MonoR,-0.0909090909090909,0.0909090909090909,7,4,11,0.363636363636364
C:\Users\zzhu329\Documents\GitHub\EM-3DMotion\BehaviorFitting\BehaviorData_Clay.mat,Clay,Clay_061,61,nonStim,3,MonoR,0.0909090909090909,0.0909090909090909,6,6,9,0.666666666666667
C:\Users\zzhu329\Documents\GitHub\EM-3DMotion\BehaviorFitting\BehaviorData_Clay.mat,Clay,Clay_061,61,nonStim,3,MonoR,0.181818181818182,0.181818181818182,6,6,10,0.6
C:\Users\zzhu329\Documents\GitHub\EM-3DMotion\BehaviorFitting\BehaviorData_Clay.mat,Clay,Clay_061,61,nonStim,3,MonoR,0.363636363636364,0.363636363636364,10,10,10,1
C:\Users\zzhu329\Documents\GitHub\EM-3DMotion\BehaviorFitting\BehaviorData_Clay.mat,Clay,Clay_061,61,nonStim,3,MonoR,0.454545454545455,0.454545454545455,10,10,10,1
C:\Users\zzhu329\Documents\GitHub\EM-3DMotion\BehaviorFitting\BehaviorData_Clay.mat,Clay,Clay_061,61,nonStim,3,MonoR,0.636363636363636,0.636363636363636,11,11,11,1
C:\Users\zzhu329\Documents\GitHub\EM-3DMotion\BehaviorFitting\BehaviorData_Clay.mat,Clay,Clay_061,61,nonStim,3,MonoR,1,1,10,10,10,1
C:\Users\zzhu329\Documents\GitHub\EM-3DMotion\BehaviorFitting\BehaviorData_Clay.mat,Clay,Clay_061,61,nonStim,4,Bino,-1,1,0,10,10,1
C:\Users\zzhu329\Documents\GitHub\EM-3DMotion\BehaviorFitting\BehaviorData_Clay.mat,Clay,Clay_061,61,nonStim,4,Bino,-0.636363636363636,0.636363636363636,1,9,10,0.9
C:\Users\zzhu329\Documents\GitHub\EM-3DMotion\BehaviorFitting\BehaviorData_Clay.mat,Clay,Clay_061,61,nonStim,4,Bino,-0.454545454545455,0.454545454545455,4,6,10,0.6
C:\Users\zzhu329\Documents\GitHub\EM-3DMotion\BehaviorFitting\BehaviorData_Clay.mat,Clay,Clay_061,61,nonStim,4,Bino,-0.363636363636364,0.363636363636364,4,6,10,0.6
C:\Users\zzhu329\Documents\GitHub\EM-3DMotion\BehaviorFitting\BehaviorData_Clay.mat,Clay,Clay_061,61,nonStim,4,Bino,-0.181818181818182,0.181818181818182,6,4,10,0.4
C:\Users\zzhu329\Documents\GitHub\EM-3DMotion\BehaviorFitting\BehaviorData_Clay.mat,Clay,Clay_061,61,nonStim,4,Bino,-0.0909090909090909,0.0909090909090909,9,1,10,0.1
C:\Users\zzhu329\Documents\GitHub\EM-3DMotion\BehaviorFitting\BehaviorData_Clay.mat,Clay,Clay_061,61,nonStim,4,Bino,0.0909090909090909,0.0909090909090909,8,8,10,0.8
C:\Users\zzhu329\Documents\GitHub\EM-3DMotion\BehaviorFitting\BehaviorData_Clay.mat,Clay,Clay_061,61,nonStim,4,Bino,0.181818181818182,0.181818181818182,8,8,10,0.8
C:\Users\zzhu329\Documents\GitHub\EM-3DMotion\BehaviorFitting\BehaviorData_Clay.mat,Clay,Clay_061,61,nonStim,4,Bino,0.363636363636364,0.363636363636364,10,10,10,1
C:\Users\zzhu329\Documents\GitHub\EM-3DMotion\BehaviorFitting\BehaviorData_Clay.mat,Clay,Clay_061,61,nonStim,4,Bino,0.454545454545455,0.454545454545455,10,10,10,1
C:\Users\zzhu329\Documents\GitHub\EM-3DMotion\BehaviorFitting\BehaviorData_Clay.mat,Clay,Clay_061,61,nonStim,4,Bino,0.636363636363636,0.636363636363636,10,10,10,1
C:\Users\zzhu329\Documents\GitHub\EM-3DMotion\BehaviorFitting\BehaviorData_Clay.mat,Clay,Clay_061,61,nonStim,4,Bino,1,1,10,10,10,1
C:\Users\zzhu329\Documents\GitHub\EM-3DMotion\BehaviorFitting\BehaviorData_Clay.mat,Clay,Clay_062,62,nonStim,1,Combined,-1,1,0,8,8,1
C:\Users\zzhu329\Documents\GitHub\EM-3DMotion\BehaviorFitting\BehaviorData_Clay.mat,Clay,Clay_062,62,nonStim,1,Combined,-0.636363636363636,0.636363636363636,0,8,8,1
C:\Users\zzhu329\Documents\GitHub\EM-3DMotion\BehaviorFitting\BehaviorData_Clay.mat,Clay,Clay_062,62,nonStim,1,Combined,-0.454545454545455,0.454545454545455,0,9,9,1
C:\Users\zzhu329\Documents\GitHub\EM-3DMotion\BehaviorFitting\BehaviorData_Clay.mat,Clay,Clay_062,62,nonStim,1,Combined,-0.363636363636364,0.363636363636364,1,7,8,0.875
C:\Users\zzhu329\Documents\GitHub\EM-3DMotion\BehaviorFitting\BehaviorData_Clay.mat,Clay,Clay_062,62,nonStim,1,Combined,-0.181818181818182,0.181818181818182,3,6,9,0.666666666666667
C:\Users\zzhu329\Documents\GitHub\EM-3DMotion\BehaviorFitting\BehaviorData_Clay.mat,Clay,Clay_062,62,nonStim,1,Combined,-0.0909090909090909,0.0909090909090909,6,3,9,0.333333333333333
C:\Users\zzhu329\Documents\GitHub\EM-3DMotion\BehaviorFitting\BehaviorData_Clay.mat,Clay,Clay_062,62,nonStim,1,Combined,0.0909090909090909,0.0909090909090909,8,8,9,0.888888888888889
C:\Users\zzhu329\Documents\GitHub\EM-3DMotion\BehaviorFitting\BehaviorData_Clay.mat,Clay,Clay_062,62,nonStim,1,Combined,0.181818181818182,0.181818181818182,7,7,8,0.875
C:\Users\zzhu329\Documents\GitHub\EM-3DMotion\BehaviorFitting\BehaviorData_Clay.mat,Clay,Clay_062,62,nonStim,1,Combined,0.363636363636364,0.363636363636364,8,8,8,1
C:\Users\zzhu329\Documents\GitHub\EM-3DMotion\BehaviorFitting\BehaviorData_Clay.mat,Clay,Clay_062,62,nonStim,1,Combined,0.454545454545455,0.454545454545455,7,7,7,1
C:\Users\zzhu329\Documents\GitHub\EM-3DMotion\BehaviorFitting\BehaviorData_Clay.mat,Clay,Clay_062,62,nonStim,1,Combined,0.636363636363636,0.636363636363636,9,9,9,1
C:\Users\zzhu329\Documents\GitHub\EM-3DMotion\BehaviorFitting\BehaviorData_Clay.mat,Clay,Clay_062,62,nonStim,1,Combined,1,1,8,8,8,1
C:\Users\zzhu329\Documents\GitHub\EM-3DMotion\BehaviorFitting\BehaviorData_Clay.mat,Clay,Clay_062,62,nonStim,2,MonoL,-1,1,1,7,8,0.875
C:\Users\zzhu329\Documents\GitHub\EM-3DMotion\BehaviorFitting\BehaviorData_Clay.mat,Clay,Clay_062,62,nonStim,2,MonoL,-0.636363636363636,0.636363636363636,0,9,9,1
C:\Users\zzhu329\Documents\GitHub\EM-3DMotion\BehaviorFitting\BehaviorData_Clay.mat,Clay,Clay_062,62,nonStim,2,MonoL,-0.454545454545455,0.454545454545455,0,9,9,1
C:\Users\zzhu329\Documents\GitHub\EM-3DMotion\BehaviorFitting\BehaviorData_Clay.mat,Clay,Clay_062,62,nonStim,2,MonoL,-0.363636363636364,0.363636363636364,1,6,7,0.857142857142857
C:\Users\zzhu329\Documents\GitHub\EM-3DMotion\BehaviorFitting\BehaviorData_Clay.mat,Clay,Clay_062,62,nonStim,2,MonoL,-0.181818181818182,0.181818181818182,1,7,8,0.875
C:\Users\zzhu329\Documents\GitHub\EM-3DMotion\BehaviorFitting\BehaviorData_Clay.mat,Clay,Clay_062,62,nonStim,2,MonoL,-0.0909090909090909,0.0909090909090909,3,4,7,0.571428571428571
C:\Users\zzhu329\Documents\GitHub\EM-3DMotion\BehaviorFitting\BehaviorData_Clay.mat,Clay,Clay_062,62,nonStim,2,MonoL,0.0909090909090909,0.0909090909090909,3,3,9,0.333333333333333
C:\Users\zzhu329\Documents\GitHub\EM-3DMotion\BehaviorFitting\BehaviorData_Clay.mat,Clay,Clay_062,62,nonStim,2,MonoL,0.181818181818182,0.181818181818182,5,5,8,0.625
C:\Users\zzhu329\Documents\GitHub\EM-3DMotion\BehaviorFitting\BehaviorData_Clay.mat,Clay,Clay_062,62,nonStim,2,MonoL,0.363636363636364,0.363636363636364,5,5,7,0.714285714285714
C:\Users\zzhu329\Documents\GitHub\EM-3DMotion\BehaviorFitting\BehaviorData_Clay.mat,Clay,Clay_062,62,nonStim,2,MonoL,0.454545454545455,0.454545454545455,7,7,8,0.875
C:\Users\zzhu329\Documents\GitHub\EM-3DMotion\BehaviorFitting\BehaviorData_Clay.mat,Clay,Clay_062,62,nonStim,2,MonoL,0.636363636363636,0.636363636363636,9,9,9,1
C:\Users\zzhu329\Documents\GitHub\EM-3DMotion\BehaviorFitting\BehaviorData_Clay.mat,Clay,Clay_062,62,nonStim,2,MonoL,1,1,9,9,9,1
C:\Users\zzhu329\Documents\GitHub\EM-3DMotion\BehaviorFitting\BehaviorData_Clay.mat,Clay,Clay_062,62,nonStim,3,MonoR,-1,1,1,5,6,0.833333333333333
C:\Users\zzhu329\Documents\GitHub\EM-3DMotion\BehaviorFitting\BehaviorData_Clay.mat,Clay,Clay_062,62,nonStim,3,MonoR,-0.636363636363636,0.636363636363636,0,6,6,1
C:\Users\zzhu329\Documents\GitHub\EM-3DMotion\BehaviorFitting\BehaviorData_Clay.mat,Clay,Clay_062,62,nonStim,3,MonoR,-0.454545454545455,0.454545454545455,1,8,9,0.888888888888889
C:\Users\zzhu329\Documents\GitHub\EM-3DMotion\BehaviorFitting\BehaviorData_Clay.mat,Clay,Clay_062,62,nonStim,3,MonoR,-0.363636363636364,0.363636363636364,0,8,8,1
C:\Users\zzhu329\Documents\GitHub\EM-3DMotion\BehaviorFitting\BehaviorData_Clay.mat,Clay,Clay_062,62,nonStim,3,MonoR,-0.181818181818182,0.181818181818182,0,8,8,1
C:\Users\zzhu329\Documents\GitHub\EM-3DMotion\BehaviorFitting\BehaviorData_Clay.mat,Clay,Clay_062,62,nonStim,3,MonoR,-0.0909090909090909,0.0909090909090909,2,6,8,0.75
C:\Users\zzhu329\Documents\GitHub\EM-3DMotion\BehaviorFitting\BehaviorData_Clay.mat,Clay,Clay_062,62,nonStim,3,MonoR,0.0909090909090909,0.0909090909090909,4,4,6,0.666666666666667
C:\Users\zzhu329\Documents\GitHub\EM-3DMotion\BehaviorFitting\BehaviorData_Clay.mat,Clay,Clay_062,62,nonStim,3,MonoR,0.181818181818182,0.181818181818182,6,6,9,0.666666666666667
C:\Users\zzhu329\Documents\GitHub\EM-3DMotion\BehaviorFitting\BehaviorData_Clay.mat,Clay,Clay_062,62,nonStim,3,MonoR,0.363636363636364,0.363636363636364,7,7,9,0.777777777777778
C:\Users\zzhu329\Documents\GitHub\EM-3DMotion\BehaviorFitting\BehaviorData_Clay.mat,Clay,Clay_062,62,nonStim,3,MonoR,0.454545454545455,0.454545454545455,7,7,8,0.875
C:\Users\zzhu329\Documents\GitHub\EM-3DMotion\BehaviorFitting\BehaviorData_Clay.mat,Clay,Clay_062,62,nonStim,3,MonoR,0.636363636363636,0.636363636363636,9,9,9,1
C:\Users\zzhu329\Documents\GitHub\EM-3DMotion\BehaviorFitting\BehaviorData_Clay.mat,Clay,Clay_062,62,nonStim,3,MonoR,1,1,9,9,9,1
C:\Users\zzhu329\Documents\GitHub\EM-3DMotion\BehaviorFitting\BehaviorData_Clay.mat,Clay,Clay_062,62,nonStim,4,Bino,-1,1,1,8,9,0.888888888888889
C:\Users\zzhu329\Documents\GitHub\EM-3DMotion\BehaviorFitting\BehaviorData_Clay.mat,Clay,Clay_062,62,nonStim,4,Bino,-0.636363636363636,0.636363636363636,0,8,8,1
C:\Users\zzhu329\Documents\GitHub\EM-3DMotion\BehaviorFitting\BehaviorData_Clay.mat,Clay,Clay_062,62,nonStim,4,Bino,-0.454545454545455,0.454545454545455,1,8,9,0.888888888888889
C:\Users\zzhu329\Documents\GitHub\EM-3DMotion\BehaviorFitting\BehaviorData_Clay.mat,Clay,Clay_062,62,nonStim,4,Bino,-0.363636363636364,0.363636363636364,3,6,9,0.666666666666667
C:\Users\zzhu329\Documents\GitHub\EM-3DMotion\BehaviorFitting\BehaviorData_Clay.mat,Clay,Clay_062,62,nonStim,4,Bino,-0.181818181818182,0.181818181818182,2,7,9,0.777777777777778
C:\Users\zzhu329\Documents\GitHub\EM-3DMotion\BehaviorFitting\BehaviorData_Clay.mat,Clay,Clay_062,62,nonStim,4,Bino,-0.0909090909090909,0.0909090909090909,2,7,9,0.777777777777778
C:\Users\zzhu329\Documents\GitHub\EM-3DMotion\BehaviorFitting\BehaviorData_Clay.mat,Clay,Clay_062,62,nonStim,4,Bino,0.0909090909090909,0.0909090909090909,4,4,8,0.5
C:\Users\zzhu329\Documents\GitHub\EM-3DMotion\BehaviorFitting\BehaviorData_Clay.mat,Clay,Clay_062,62,nonStim,4,Bino,0.181818181818182,0.181818181818182,5,5,9,0.555555555555556
C:\Users\zzhu329\Documents\GitHub\EM-3DMotion\BehaviorFitting\BehaviorData_Clay.mat,Clay,Clay_062,62,nonStim,4,Bino,0.363636363636364,0.363636363636364,4,4,9,0.444444444444444
C:\Users\zzhu329\Documents\GitHub\EM-3DMotion\BehaviorFitting\BehaviorData_Clay.mat,Clay,Clay_062,62,nonStim,4,Bino,0.454545454545455,0.454545454545455,7,7,8,0.875
C:\Users\zzhu329\Documents\GitHub\EM-3DMotion\BehaviorFitting\BehaviorData_Clay.mat,Clay,Clay_062,62,nonStim,4,Bino,0.636363636363636,0.636363636363636,9,9,9,1
C:\Users\zzhu329\Documents\GitHub\EM-3DMotion\BehaviorFitting\BehaviorData_Clay.mat,Clay,Clay_062,62,nonStim,4,Bino,1,1,7,7,8,0.875
C:\Users\zzhu329\Documents\GitHub\EM-3DMotion\BehaviorFitting\BehaviorData_Clay.mat,Clay,Clay_063,63,nonStim,1,Combined,-1,1,0,8,8,1
C:\Users\zzhu329\Documents\GitHub\EM-3DMotion\BehaviorFitting\BehaviorData_Clay.mat,Clay,Clay_063,63,nonStim,1,Combined,-0.636363636363636,0.636363636363636,0,8,8,1
C:\Users\zzhu329\Documents\GitHub\EM-3DMotion\BehaviorFitting\BehaviorData_Clay.mat,Clay,Clay_063,63,nonStim,1,Combined,-0.454545454545455,0.454545454545455,0,8,8,1
C:\Users\zzhu329\Documents\GitHub\EM-3DMotion\BehaviorFitting\BehaviorData_Clay.mat,Clay,Clay_063,63,nonStim,1,Combined,-0.363636363636364,0.363636363636364,2,6,8,0.75
C:\Users\zzhu329\Documents\GitHub\EM-3DMotion\BehaviorFitting\BehaviorData_Clay.mat,Clay,Clay_063,63,nonStim,1,Combined,-0.181818181818182,0.181818181818182,3,5,8,0.625
C:\Users\zzhu329\Documents\GitHub\EM-3DMotion\BehaviorFitting\BehaviorData_Clay.mat,Clay,Clay_063,63,nonStim,1,Combined,-0.0909090909090909,0.0909090909090909,6,2,8,0.25
C:\Users\zzhu329\Documents\GitHub\EM-3DMotion\BehaviorFitting\BehaviorData_Clay.mat,Clay,Clay_063,63,nonStim,1,Combined,0.0909090909090909,0.0909090909090909,8,8,8,1
C:\Users\zzhu329\Documents\GitHub\EM-3DMotion\BehaviorFitting\BehaviorData_Clay.mat,Clay,Clay_063,63,nonStim,1,Combined,0.181818181818182,0.181818181818182,8,8,8,1
C:\Users\zzhu329\Documents\GitHub\EM-3DMotion\BehaviorFitting\BehaviorData_Clay.mat,Clay,Clay_063,63,nonStim,1,Combined,0.363636363636364,0.363636363636364,8,8,8,1
C:\Users\zzhu329\Documents\GitHub\EM-3DMotion\BehaviorFitting\BehaviorData_Clay.mat,Clay,Clay_063,63,nonStim,1,Combined,0.454545454545455,0.454545454545455,7,7,8,0.875
C:\Users\zzhu329\Documents\GitHub\EM-3DMotion\BehaviorFitting\BehaviorData_Clay.mat,Clay,Clay_063,63,nonStim,1,Combined,0.636363636363636,0.636363636363636,8,8,8,1
C:\Users\zzhu329\Documents\GitHub\EM-3DMotion\BehaviorFitting\BehaviorData_Clay.mat,Clay,Clay_063,63,nonStim,1,Combined,1,1,8,8,8,1
C:\Users\zzhu329\Documents\GitHub\EM-3DMotion\BehaviorFitting\BehaviorData_Clay.mat,Clay,Clay_063,63,nonStim,2,MonoL,-1,1,0,8,8,1
C:\Users\zzhu329\Documents\GitHub\EM-3DMotion\BehaviorFitting\BehaviorData_Clay.mat,Clay,Clay_063,63,nonStim,2,MonoL,-0.636363636363636,0.636363636363636,1,7,8,0.875
C:\Users\zzhu329\Documents\GitHub\EM-3DMotion\BehaviorFitting\BehaviorData_Clay.mat,Clay,Clay_063,63,nonStim,2,MonoL,-0.454545454545455,0.454545454545455,2,6,8,0.75
C:\Users\zzhu329\Documents\GitHub\EM-3DMotion\BehaviorFitting\BehaviorData_Clay.mat,Clay,Clay_063,63,nonStim,2,MonoL,-0.363636363636364,0.363636363636364,2,6,8,0.75
C:\Users\zzhu329\Documents\GitHub\EM-3DMotion\BehaviorFitting\BehaviorData_Clay.mat,Clay,Clay_063,63,nonStim,2,MonoL,-0.181818181818182,0.181818181818182,1,7,8,0.875
C:\Users\zzhu329\Documents\GitHub\EM-3DMotion\BehaviorFitting\BehaviorData_Clay.mat,Clay,Clay_063,63,nonStim,2,MonoL,-0.0909090909090909,0.0909090909090909,1,7,8,0.875
C:\Users\zzhu329\Documents\GitHub\EM-3DMotion\BehaviorFitting\BehaviorData_Clay.mat,Clay,Clay_063,63,nonStim,2,MonoL,0.0909090909090909,0.0909090909090909,4,4,8,0.5
C:\Users\zzhu329\Documents\GitHub\EM-3DMotion\BehaviorFitting\BehaviorData_Clay.mat,Clay,Clay_063,63,nonStim,2,MonoL,0.181818181818182,0.181818181818182,5,5,8,0.625
C:\Users\zzhu329\Documents\GitHub\EM-3DMotion\BehaviorFitting\BehaviorData_Clay.mat,Clay,Clay_063,63,nonStim,2,MonoL,0.363636363636364,0.363636363636364,7,7,8,0.875
C:\Users\zzhu329\Documents\GitHub\EM-3DMotion\BehaviorFitting\BehaviorData_Clay.mat,Clay,Clay_063,63,nonStim,2,MonoL,0.454545454545455,0.454545454545455,7,7,8,0.875
C:\Users\zzhu329\Documents\GitHub\EM-3DMotion\BehaviorFitting\BehaviorData_Clay.mat,Clay,Clay_063,63,nonStim,2,MonoL,0.636363636363636,0.636363636363636,8,8,8,1
C:\Users\zzhu329\Documents\GitHub\EM-3DMotion\BehaviorFitting\BehaviorData_Clay.mat,Clay,Clay_063,63,nonStim,2,MonoL,1,1,8,8,8,1
C:\Users\zzhu329\Documents\GitHub\EM-3DMotion\BehaviorFitting\BehaviorData_Clay.mat,Clay,Clay_063,63,nonStim,3,MonoR,-1,1,1,7,8,0.875
C:\Users\zzhu329\Documents\GitHub\EM-3DMotion\BehaviorFitting\BehaviorData_Clay.mat,Clay,Clay_063,63,nonStim,3,MonoR,-0.636363636363636,0.636363636363636,1,7,8,0.875
C:\Users\zzhu329\Documents\GitHub\EM-3DMotion\BehaviorFitting\BehaviorData_Clay.mat,Clay,Clay_063,63,nonStim,3,MonoR,-0.454545454545455,0.454545454545455,2,6,8,0.75
C:\Users\zzhu329\Documents\GitHub\EM-3DMotion\BehaviorFitting\BehaviorData_Clay.mat,Clay,Clay_063,63,nonStim,3,MonoR,-0.363636363636364,0.363636363636364,2,6,8,0.75
C:\Users\zzhu329\Documents\GitHub\EM-3DMotion\BehaviorFitting\BehaviorData_Clay.mat,Clay,Clay_063,63,nonStim,3,MonoR,-0.181818181818182,0.181818181818182,2,6,8,0.75
C:\Users\zzhu329\Documents\GitHub\EM-3DMotion\BehaviorFitting\BehaviorData_Clay.mat,Clay,Clay_063,63,nonStim,3,MonoR,-0.0909090909090909,0.0909090909090909,4,4,8,0.5
C:\Users\zzhu329\Documents\GitHub\EM-3DMotion\BehaviorFitting\BehaviorData_Clay.mat,Clay,Clay_063,63,nonStim,3,MonoR,0.0909090909090909,0.0909090909090909,2,2,8,0.25
C:\Users\zzhu329\Documents\GitHub\EM-3DMotion\BehaviorFitting\BehaviorData_Clay.mat,Clay,Clay_063,63,nonStim,3,MonoR,0.181818181818182,0.181818181818182,7,7,8,0.875
C:\Users\zzhu329\Documents\GitHub\EM-3DMotion\BehaviorFitting\BehaviorData_Clay.mat,Clay,Clay_063,63,nonStim,3,MonoR,0.363636363636364,0.363636363636364,8,8,8,1
C:\Users\zzhu329\Documents\GitHub\EM-3DMotion\BehaviorFitting\BehaviorData_Clay.mat,Clay,Clay_063,63,nonStim,3,MonoR,0.454545454545455,0.454545454545455,8,8,8,1
C:\Users\zzhu329\Documents\GitHub\EM-3DMotion\BehaviorFitting\BehaviorData_Clay.mat,Clay,Clay_063,63,nonStim,3,MonoR,0.636363636363636,0.636363636363636,8,8,8,1
C:\Users\zzhu329\Documents\GitHub\EM-3DMotion\BehaviorFitting\BehaviorData_Clay.mat,Clay,Clay_063,63,nonStim,3,MonoR,1,1,8,8,8,1
C:\Users\zzhu329\Documents\GitHub\EM-3DMotion\BehaviorFitting\BehaviorData_Clay.mat,Clay,Clay_063,63,nonStim,4,Bino,-1,1,0,8,8,1
C:\Users\zzhu329\Documents\GitHub\EM-3DMotion\BehaviorFitting\BehaviorData_Clay.mat,Clay,Clay_063,63,nonStim,4,Bino,-0.636363636363636,0.636363636363636,1,7,8,0.875
C:\Users\zzhu329\Documents\GitHub\EM-3DMotion\BehaviorFitting\BehaviorData_Clay.mat,Clay,Clay_063,63,nonStim,4,Bino,-0.454545454545455,0.454545454545455,4,4,8,0.5
C:\Users\zzhu329\Documents\GitHub\EM-3DMotion\BehaviorFitting\BehaviorData_Clay.mat,Clay,Clay_063,63,nonStim,4,Bino,-0.363636363636364,0.363636363636364,1,7,8,0.875
C:\Users\zzhu329\Documents\GitHub\EM-3DMotion\BehaviorFitting\BehaviorData_Clay.mat,Clay,Clay_063,63,nonStim,4,Bino,-0.181818181818182,0.181818181818182,3,5,8,0.625
C:\Users\zzhu329\Documents\GitHub\EM-3DMotion\BehaviorFitting\BehaviorData_Clay.mat,Clay,Clay_063,63,nonStim,4,Bino,-0.0909090909090909,0.0909090909090909,2,6,8,0.75
C:\Users\zzhu329\Documents\GitHub\EM-3DMotion\BehaviorFitting\BehaviorData_Clay.mat,Clay,Clay_063,63,nonStim,4,Bino,0.0909090909090909,0.0909090909090909,7,7,8,0.875
C:\Users\zzhu329\Documents\GitHub\EM-3DMotion\BehaviorFitting\BehaviorData_Clay.mat,Clay,Clay_063,63,nonStim,4,Bino,0.181818181818182,0.181818181818182,6,6,8,0.75
C:\Users\zzhu329\Documents\GitHub\EM-3DMotion\BehaviorFitting\BehaviorData_Clay.mat,Clay,Clay_063,63,nonStim,4,Bino,0.363636363636364,0.363636363636364,7,7,8,0.875
C:\Users\zzhu329\Documents\GitHub\EM-3DMotion\BehaviorFitting\BehaviorData_Clay.mat,Clay,Clay_063,63,nonStim,4,Bino,0.454545454545455,0.454545454545455,7,7,8,0.875
C:\Users\zzhu329\Documents\GitHub\EM-3DMotion\BehaviorFitting\BehaviorData_Clay.mat,Clay,Clay_063,63,nonStim,4,Bino,0.636363636363636,0.636363636363636,7,7,8,0.875
C:\Users\zzhu329\Documents\GitHub\EM-3DMotion\BehaviorFitting\BehaviorData_Clay.mat,Clay,Clay_063,63,nonStim,4,Bino,1,1,6,6,8,0.75
C:\Users\zzhu329\Documents\GitHub\EM-3DMotion\BehaviorFitting\BehaviorData_Clay.mat,Clay,Clay_064,64,nonStim,1,Combined,-1,1,0,10,10,1
C:\Users\zzhu329\Documents\GitHub\EM-3DMotion\BehaviorFitting\BehaviorData_Clay.mat,Clay,Clay_064,64,nonStim,1,Combined,-0.636363636363636,0.636363636363636,0,9,9,1
C:\Users\zzhu329\Documents\GitHub\EM-3DMotion\BehaviorFitting\BehaviorData_Clay.mat,Clay,Clay_064,64,nonStim,1,Combined,-0.454545454545455,0.454545454545455,0,10,10,1
C:\Users\zzhu329\Documents\GitHub\EM-3DMotion\BehaviorFitting\BehaviorData_Clay.mat,Clay,Clay_064,64,nonStim,1,Combined,-0.363636363636364,0.363636363636364,0,10,10,1
C:\Users\zzhu329\Documents\GitHub\EM-3DMotion\BehaviorFitting\BehaviorData_Clay.mat,Clay,Clay_064,64,nonStim,1,Combined,-0.181818181818182,0.181818181818182,0,9,9,1
C:\Users\zzhu329\Documents\GitHub\EM-3DMotion\BehaviorFitting\BehaviorData_Clay.mat,Clay,Clay_064,64,nonStim,1,Combined,-0.0909090909090909,0.0909090909090909,0,10,10,1
C:\Users\zzhu329\Documents\GitHub\EM-3DMotion\BehaviorFitting\BehaviorData_Clay.mat,Clay,Clay_064,64,nonStim,1,Combined,0.0909090909090909,0.0909090909090909,6,6,9,0.666666666666667
C:\Users\zzhu329\Documents\GitHub\EM-3DMotion\BehaviorFitting\BehaviorData_Clay.mat,Clay,Clay_064,64,nonStim,1,Combined,0.181818181818182,0.181818181818182,9,9,9,1
C:\Users\zzhu329\Documents\GitHub\EM-3DMotion\BehaviorFitting\BehaviorData_Clay.mat,Clay,Clay_064,64,nonStim,1,Combined,0.363636363636364,0.363636363636364,9,9,9,1
C:\Users\zzhu329\Documents\GitHub\EM-3DMotion\BehaviorFitting\BehaviorData_Clay.mat,Clay,Clay_064,64,nonStim,1,Combined,0.454545454545455,0.454545454545455,9,9,9,1
C:\Users\zzhu329\Documents\GitHub\EM-3DMotion\BehaviorFitting\BehaviorData_Clay.mat,Clay,Clay_064,64,nonStim,1,Combined,0.636363636363636,0.636363636363636,9,9,9,1
C:\Users\zzhu329\Documents\GitHub\EM-3DMotion\BehaviorFitting\BehaviorData_Clay.mat,Clay,Clay_064,64,nonStim,1,Combined,1,1,9,9,9,1
C:\Users\zzhu329\Documents\GitHub\EM-3DMotion\BehaviorFitting\BehaviorData_Clay.mat,Clay,Clay_064,64,nonStim,2,MonoL,-1,1,0,9,9,1
C:\Users\zzhu329\Documents\GitHub\EM-3DMotion\BehaviorFitting\BehaviorData_Clay.mat,Clay,Clay_064,64,nonStim,2,MonoL,-0.636363636363636,0.636363636363636,1,8,9,0.888888888888889
C:\Users\zzhu329\Documents\GitHub\EM-3DMotion\BehaviorFitting\BehaviorData_Clay.mat,Clay,Clay_064,64,nonStim,2,MonoL,-0.454545454545455,0.454545454545455,1,9,10,0.9
C:\Users\zzhu329\Documents\GitHub\EM-3DMotion\BehaviorFitting\BehaviorData_Clay.mat,Clay,Clay_064,64,nonStim,2,MonoL,-0.363636363636364,0.363636363636364,1,8,9,0.888888888888889
C:\Users\zzhu329\Documents\GitHub\EM-3DMotion\BehaviorFitting\BehaviorData_Clay.mat,Clay,Clay_064,64,nonStim,2,MonoL,-0.181818181818182,0.181818181818182,7,3,10,0.3
C:\Users\zzhu329\Documents\GitHub\EM-3DMotion\BehaviorFitting\BehaviorData_Clay.mat,Clay,Clay_064,64,nonStim,2,MonoL,-0.0909090909090909,0.0909090909090909,6,3,9,0.333333333333333
C:\Users\zzhu329\Documents\GitHub\EM-3DMotion\BehaviorFitting\BehaviorData_Clay.mat,Clay,Clay_064,64,nonStim,2,MonoL,0.0909090909090909,0.0909090909090909,6,6,9,0.666666666666667
C:\Users\zzhu329\Documents\GitHub\EM-3DMotion\BehaviorFitting\BehaviorData_Clay.mat,Clay,Clay_064,64,nonStim,2,MonoL,0.181818181818182,0.181818181818182,8,8,10,0.8
C:\Users\zzhu329\Documents\GitHub\EM-3DMotion\BehaviorFitting\BehaviorData_Clay.mat,Clay,Clay_064,64,nonStim,2,MonoL,0.363636363636364,0.363636363636364,6,6,9,0.666666666666667
C:\Users\zzhu329\Documents\GitHub\EM-3DMotion\BehaviorFitting\BehaviorData_Clay.mat,Clay,Clay_064,64,nonStim,2,MonoL,0.454545454545455,0.454545454545455,8,8,9,0.888888888888889
C:\Users\zzhu329\Documents\GitHub\EM-3DMotion\BehaviorFitting\BehaviorData_Clay.mat,Clay,Clay_064,64,nonStim,2,MonoL,0.636363636363636,0.636363636363636,9,9,9,1
C:\Users\zzhu329\Documents\GitHub\EM-3DMotion\BehaviorFitting\BehaviorData_Clay.mat,Clay,Clay_064,64,nonStim,2,MonoL,1,1,10,10,10,1
C:\Users\zzhu329\Documents\GitHub\EM-3DMotion\BehaviorFitting\BehaviorData_Clay.mat,Clay,Clay_064,64,nonStim,3,MonoR,-1,1,0,9,9,1
C:\Users\zzhu329\Documents\GitHub\EM-3DMotion\BehaviorFitting\BehaviorData_Clay.mat,Clay,Clay_064,64,nonStim,3,MonoR,-0.636363636363636,0.636363636363636,0,10,10,1
C:\Users\zzhu329\Documents\GitHub\EM-3DMotion\BehaviorFitting\BehaviorData_Clay.mat,Clay,Clay_064,64,nonStim,3,MonoR,-0.454545454545455,0.454545454545455,0,10,10,1
C:\Users\zzhu329\Documents\GitHub\EM-3DMotion\BehaviorFitting\BehaviorData_Clay.mat,Clay,Clay_064,64,nonStim,3,MonoR,-0.363636363636364,0.363636363636364,1,9,10,0.9
C:\Users\zzhu329\Documents\GitHub\EM-3DMotion\BehaviorFitting\BehaviorData_Clay.mat,Clay,Clay_064,64,nonStim,3,MonoR,-0.181818181818182,0.181818181818182,0,9,9,1
C:\Users\zzhu329\Documents\GitHub\EM-3DMotion\BehaviorFitting\BehaviorData_Clay.mat,Clay,Clay_064,64,nonStim,3,MonoR,-0.0909090909090909,0.0909090909090909,3,7,10,0.7
C:\Users\zzhu329\Documents\GitHub\EM-3DMotion\BehaviorFitting\BehaviorData_Clay.mat,Clay,Clay_064,64,nonStim,3,MonoR,0.0909090909090909,0.0909090909090909,4,4,10,0.4
C:\Users\zzhu329\Documents\GitHub\EM-3DMotion\BehaviorFitting\BehaviorData_Clay.mat,Clay,Clay_064,64,nonStim,3,MonoR,0.181818181818182,0.181818181818182,10,10,10,1
C:\Users\zzhu329\Documents\GitHub\EM-3DMotion\BehaviorFitting\BehaviorData_Clay.mat,Clay,Clay_064,64,nonStim,3,MonoR,0.363636363636364,0.363636363636364,8,8,9,0.888888888888889
C:\Users\zzhu329\Documents\GitHub\EM-3DMotion\BehaviorFitting\BehaviorData_Clay.mat,Clay,Clay_064,64,nonStim,3,MonoR,0.454545454545455,0.454545454545455,10,10,10,1
C:\Users\zzhu329\Documents\GitHub\EM-3DMotion\BehaviorFitting\BehaviorData_Clay.mat,Clay,Clay_064,64,nonStim,3,MonoR,0.636363636363636,0.636363636363636,9,9,9,1
C:\Users\zzhu329\Documents\GitHub\EM-3DMotion\BehaviorFitting\BehaviorData_Clay.mat,Clay,Clay_064,64,nonStim,3,MonoR,1,1,10,10,10,1
C:\Users\zzhu329\Documents\GitHub\EM-3DMotion\BehaviorFitting\BehaviorData_Clay.mat,Clay,Clay_064,64,nonStim,4,Bino,-1,1,0,10,10,1
C:\Users\zzhu329\Documents\GitHub\EM-3DMotion\BehaviorFitting\BehaviorData_Clay.mat,Clay,Clay_064,64,nonStim,4,Bino,-0.636363636363636,0.636363636363636,0,9,9,1
C:\Users\zzhu329\Documents\GitHub\EM-3DMotion\BehaviorFitting\BehaviorData_Clay.mat,Clay,Clay_064,64,nonStim,4,Bino,-0.454545454545455,0.454545454545455,0,9,9,1
C:\Users\zzhu329\Documents\GitHub\EM-3DMotion\BehaviorFitting\BehaviorData_Clay.mat,Clay,Clay_064,64,nonStim,4,Bino,-0.363636363636364,0.363636363636364,0,9,9,1
C:\Users\zzhu329\Documents\GitHub\EM-3DMotion\BehaviorFitting\BehaviorData_Clay.mat,Clay,Clay_064,64,nonStim,4,Bino,-0.181818181818182,0.181818181818182,2,7,9,0.777777777777778
C:\Users\zzhu329\Documents\GitHub\EM-3DMotion\BehaviorFitting\BehaviorData_Clay.mat,Clay,Clay_064,64,nonStim,4,Bino,-0.0909090909090909,0.0909090909090909,0,10,10,1
C:\Users\zzhu329\Documents\GitHub\EM-3DMotion\BehaviorFitting\BehaviorData_Clay.mat,Clay,Clay_064,64,nonStim,4,Bino,0.0909090909090909,0.0909090909090909,3,3,9,0.333333333333333
C:\Users\zzhu329\Documents\GitHub\EM-3DMotion\BehaviorFitting\BehaviorData_Clay.mat,Clay,Clay_064,64,nonStim,4,Bino,0.181818181818182,0.181818181818182,2,2,9,0.222222222222222
C:\Users\zzhu329\Documents\GitHub\EM-3DMotion\BehaviorFitting\BehaviorData_Clay.mat,Clay,Clay_064,64,nonStim,4,Bino,0.363636363636364,0.363636363636364,6,6,9,0.666666666666667
C:\Users\zzhu329\Documents\GitHub\EM-3DMotion\BehaviorFitting\BehaviorData_Clay.mat,Clay,Clay_064,64,nonStim,4,Bino,0.454545454545455,0.454545454545455,7,7,9,0.777777777777778
C:\Users\zzhu329\Documents\GitHub\EM-3DMotion\BehaviorFitting\BehaviorData_Clay.mat,Clay,Clay_064,64,nonStim,4,Bino,0.636363636363636,0.636363636363636,6,6,10,0.6
C:\Users\zzhu329\Documents\GitHub\EM-3DMotion\BehaviorFitting\BehaviorData_Clay.mat,Clay,Clay_064,64,nonStim,4,Bino,1,1,9,9,9,1
C:\Users\zzhu329\Documents\GitHub\EM-3DMotion\BehaviorFitting\BehaviorData_Clay.mat,Clay,Clay_065,65,nonStim,1,Combined,-1,1,1,9,10,0.9
C:\Users\zzhu329\Documents\GitHub\EM-3DMotion\BehaviorFitting\BehaviorData_Clay.mat,Clay,Clay_065,65,nonStim,1,Combined,-0.636363636363636,0.636363636363636,0,10,10,1
C:\Users\zzhu329\Documents\GitHub\EM-3DMotion\BehaviorFitting\BehaviorData_Clay.mat,Clay,Clay_065,65,nonStim,1,Combined,-0.454545454545455,0.454545454545455,0,10,10,1
C:\Users\zzhu329\Documents\GitHub\EM-3DMotion\BehaviorFitting\BehaviorData_Clay.mat,Clay,Clay_065,65,nonStim,1,Combined,-0.363636363636364,0.363636363636364,1,9,10,0.9
C:\Users\zzhu329\Documents\GitHub\EM-3DMotion\BehaviorFitting\BehaviorData_Clay.mat,Clay,Clay_065,65,nonStim,1,Combined,-0.181818181818182,0.181818181818182,3,7,10,0.7
C:\Users\zzhu329\Documents\GitHub\EM-3DMotion\BehaviorFitting\BehaviorData_Clay.mat,Clay,Clay_065,65,nonStim,1,Combined,-0.0909090909090909,0.0909090909090909,4,6,10,0.6
C:\Users\zzhu329\Documents\GitHub\EM-3DMotion\BehaviorFitting\BehaviorData_Clay.mat,Clay,Clay_065,65,nonStim,1,Combined,0.0909090909090909,0.0909090909090909,7,7,10,0.7
C:\Users\zzhu329\Documents\GitHub\EM-3DMotion\BehaviorFitting\BehaviorData_Clay.mat,Clay,Clay_065,65,nonStim,1,Combined,0.181818181818182,0.181818181818182,10,10,10,1
C:\Users\zzhu329\Documents\GitHub\EM-3DMotion\BehaviorFitting\BehaviorData_Clay.mat,Clay,Clay_065,65,nonStim,1,Combined,0.363636363636364,0.363636363636364,10,10,10,1
C:\Users\zzhu329\Documents\GitHub\EM-3DMotion\BehaviorFitting\BehaviorData_Clay.mat,Clay,Clay_065,65,nonStim,1,Combined,0.454545454545455,0.454545454545455,10,10,10,1
C:\Users\zzhu329\Documents\GitHub\EM-3DMotion\BehaviorFitting\BehaviorData_Clay.mat,Clay,Clay_065,65,nonStim,1,Combined,0.636363636363636,0.636363636363636,10,10,10,1
C:\Users\zzhu329\Documents\GitHub\EM-3DMotion\BehaviorFitting\BehaviorData_Clay.mat,Clay,Clay_065,65,nonStim,1,Combined,1,1,10,10,10,1
C:\Users\zzhu329\Documents\GitHub\EM-3DMotion\BehaviorFitting\BehaviorData_Clay.mat,Clay,Clay_065,65,nonStim,2,MonoL,-1,1,0,10,10,1
C:\Users\zzhu329\Documents\GitHub\EM-3DMotion\BehaviorFitting\BehaviorData_Clay.mat,Clay,Clay_065,65,nonStim,2,MonoL,-0.636363636363636,0.636363636363636,0,10,10,1
C:\Users\zzhu329\Documents\GitHub\EM-3DMotion\BehaviorFitting\BehaviorData_Clay.mat,Clay,Clay_065,65,nonStim,2,MonoL,-0.454545454545455,0.454545454545455,2,8,10,0.8
C:\Users\zzhu329\Documents\GitHub\EM-3DMotion\BehaviorFitting\BehaviorData_Clay.mat,Clay,Clay_065,65,nonStim,2,MonoL,-0.363636363636364,0.363636363636364,2,8,10,0.8
C:\Users\zzhu329\Documents\GitHub\EM-3DMotion\BehaviorFitting\BehaviorData_Clay.mat,Clay,Clay_065,65,nonStim,2,MonoL,-0.181818181818182,0.181818181818182,3,7,10,0.7
C:\Users\zzhu329\Documents\GitHub\EM-3DMotion\BehaviorFitting\BehaviorData_Clay.mat,Clay,Clay_065,65,nonStim,2,MonoL,-0.0909090909090909,0.0909090909090909,1,9,10,0.9
C:\Users\zzhu329\Documents\GitHub\EM-3DMotion\BehaviorFitting\BehaviorData_Clay.mat,Clay,Clay_065,65,nonStim,2,MonoL,0.0909090909090909,0.0909090909090909,5,5,10,0.5
C:\Users\zzhu329\Documents\GitHub\EM-3DMotion\BehaviorFitting\BehaviorData_Clay.mat,Clay,Clay_065,65,nonStim,2,MonoL,0.181818181818182,0.181818181818182,5,5,10,0.5
C:\Users\zzhu329\Documents\GitHub\EM-3DMotion\BehaviorFitting\BehaviorData_Clay.mat,Clay,Clay_065,65,nonStim,2,MonoL,0.363636363636364,0.363636363636364,7,7,10,0.7
C:\Users\zzhu329\Documents\GitHub\EM-3DMotion\BehaviorFitting\BehaviorData_Clay.mat,Clay,Clay_065,65,nonStim,2,MonoL,0.454545454545455,0.454545454545455,9,9,10,0.9
C:\Users\zzhu329\Documents\GitHub\EM-3DMotion\BehaviorFitting\BehaviorData_Clay.mat,Clay,Clay_065,65,nonStim,2,MonoL,0.636363636363636,0.636363636363636,10,10,10,1
C:\Users\zzhu329\Documents\GitHub\EM-3DMotion\BehaviorFitting\BehaviorData_Clay.mat,Clay,Clay_065,65,nonStim,2,MonoL,1,1,10,10,10,1
C:\Users\zzhu329\Documents\GitHub\EM-3DMotion\BehaviorFitting\BehaviorData_Clay.mat,Clay,Clay_065,65,nonStim,3,MonoR,-1,1,1,9,10,0.9
C:\Users\zzhu329\Documents\GitHub\EM-3DMotion\BehaviorFitting\BehaviorData_Clay.mat,Clay,Clay_065,65,nonStim,3,MonoR,-0.636363636363636,0.636363636363636,1,9,10,0.9
C:\Users\zzhu329\Documents\GitHub\EM-3DMotion\BehaviorFitting\BehaviorData_Clay.mat,Clay,Clay_065,65,nonStim,3,MonoR,-0.454545454545455,0.454545454545455,1,9,10,0.9
C:\Users\zzhu329\Documents\GitHub\EM-3DMotion\BehaviorFitting\BehaviorData_Clay.mat,Clay,Clay_065,65,nonStim,3,MonoR,-0.363636363636364,0.363636363636364,2,8,10,0.8
C:\Users\zzhu329\Documents\GitHub\EM-3DMotion\BehaviorFitting\BehaviorData_Clay.mat,Clay,Clay_065,65,nonStim,3,MonoR,-0.181818181818182,0.181818181818182,0,10,10,1
C:\Users\zzhu329\Documents\GitHub\EM-3DMotion\BehaviorFitting\BehaviorData_Clay.mat,Clay,Clay_065,65,nonStim,3,MonoR,-0.0909090909090909,0.0909090909090909,4,6,10,0.6
C:\Users\zzhu329\Documents\GitHub\EM-3DMotion\BehaviorFitting\BehaviorData_Clay.mat,Clay,Clay_065,65,nonStim,3,MonoR,0.0909090909090909,0.0909090909090909,9,9,10,0.9
C:\Users\zzhu329\Documents\GitHub\EM-3DMotion\BehaviorFitting\BehaviorData_Clay.mat,Clay,Clay_065,65,nonStim,3,MonoR,0.181818181818182,0.181818181818182,8,8,10,0.8
C:\Users\zzhu329\Documents\GitHub\EM-3DMotion\BehaviorFitting\BehaviorData_Clay.mat,Clay,Clay_065,65,nonStim,3,MonoR,0.363636363636364,0.363636363636364,10,10,10,1
C:\Users\zzhu329\Documents\GitHub\EM-3DMotion\BehaviorFitting\BehaviorData_Clay.mat,Clay,Clay_065,65,nonStim,3,MonoR,0.454545454545455,0.454545454545455,10,10,10,1
C:\Users\zzhu329\Documents\GitHub\EM-3DMotion\BehaviorFitting\BehaviorData_Clay.mat,Clay,Clay_065,65,nonStim,3,MonoR,0.636363636363636,0.636363636363636,10,10,10,1
C:\Users\zzhu329\Documents\GitHub\EM-3DMotion\BehaviorFitting\BehaviorData_Clay.mat,Clay,Clay_065,65,nonStim,3,MonoR,1,1,10,10,10,1
C:\Users\zzhu329\Documents\GitHub\EM-3DMotion\BehaviorFitting\BehaviorData_Clay.mat,Clay,Clay_065,65,nonStim,4,Bino,-1,1,1,9,10,0.9
C:\Users\zzhu329\Documents\GitHub\EM-3DMotion\BehaviorFitting\BehaviorData_Clay.mat,Clay,Clay_065,65,nonStim,4,Bino,-0.636363636363636,0.636363636363636,1,9,10,0.9
C:\Users\zzhu329\Documents\GitHub\EM-3DMotion\BehaviorFitting\BehaviorData_Clay.mat,Clay,Clay_065,65,nonStim,4,Bino,-0.454545454545455,0.454545454545455,1,9,10,0.9
C:\Users\zzhu329\Documents\GitHub\EM-3DMotion\BehaviorFitting\BehaviorData_Clay.mat,Clay,Clay_065,65,nonStim,4,Bino,-0.363636363636364,0.363636363636364,0,10,10,1
C:\Users\zzhu329\Documents\GitHub\EM-3DMotion\BehaviorFitting\BehaviorData_Clay.mat,Clay,Clay_065,65,nonStim,4,Bino,-0.181818181818182,0.181818181818182,4,6,10,0.6
C:\Users\zzhu329\Documents\GitHub\EM-3DMotion\BehaviorFitting\BehaviorData_Clay.mat,Clay,Clay_065,65,nonStim,4,Bino,-0.0909090909090909,0.0909090909090909,4,6,10,0.6
C:\Users\zzhu329\Documents\GitHub\EM-3DMotion\BehaviorFitting\BehaviorData_Clay.mat,Clay,Clay_065,65,nonStim,4,Bino,0.0909090909090909,0.0909090909090909,4,4,10,0.4
C:\Users\zzhu329\Documents\GitHub\EM-3DMotion\BehaviorFitting\BehaviorData_Clay.mat,Clay,Clay_065,65,nonStim,4,Bino,0.181818181818182,0.181818181818182,7,7,10,0.7
C:\Users\zzhu329\Documents\GitHub\EM-3DMotion\BehaviorFitting\BehaviorData_Clay.mat,Clay,Clay_065,65,nonStim,4,Bino,0.363636363636364,0.363636363636364,10,10,10,1
C:\Users\zzhu329\Documents\GitHub\EM-3DMotion\BehaviorFitting\BehaviorData_Clay.mat,Clay,Clay_065,65,nonStim,4,Bino,0.454545454545455,0.454545454545455,7,7,10,0.7
C:\Users\zzhu329\Documents\GitHub\EM-3DMotion\BehaviorFitting\BehaviorData_Clay.mat,Clay,Clay_065,65,nonStim,4,Bino,0.636363636363636,0.636363636363636,10,10,10,1
C:\Users\zzhu329\Documents\GitHub\EM-3DMotion\BehaviorFitting\BehaviorData_Clay.mat,Clay,Clay_065,65,nonStim,4,Bino,1,1,10,10,10,1
C:\Users\zzhu329\Documents\GitHub\EM-3DMotion\BehaviorFitting\BehaviorData_Clay.mat,Clay,Clay_066,66,nonStim,1,Combined,-1,1,0,9,9,1
C:\Users\zzhu329\Documents\GitHub\EM-3DMotion\BehaviorFitting\BehaviorData_Clay.mat,Clay,Clay_066,66,nonStim,1,Combined,-0.636363636363636,0.636363636363636,2,7,9,0.777777777777778
C:\Users\zzhu329\Documents\GitHub\EM-3DMotion\BehaviorFitting\BehaviorData_Clay.mat,Clay,Clay_066,66,nonStim,1,Combined,-0.454545454545455,0.454545454545455,1,7,8,0.875
C:\Users\zzhu329\Documents\GitHub\EM-3DMotion\BehaviorFitting\BehaviorData_Clay.mat,Clay,Clay_066,66,nonStim,1,Combined,-0.363636363636364,0.363636363636364,2,7,9,0.777777777777778
C:\Users\zzhu329\Documents\GitHub\EM-3DMotion\BehaviorFitting\BehaviorData_Clay.mat,Clay,Clay_066,66,nonStim,1,Combined,-0.181818181818182,0.181818181818182,7,2,9,0.222222222222222
C:\Users\zzhu329\Documents\GitHub\EM-3DMotion\BehaviorFitting\BehaviorData_Clay.mat,Clay,Clay_066,66,nonStim,1,Combined,-0.0909090909090909,0.0909090909090909,4,4,8,0.5
C:\Users\zzhu329\Documents\GitHub\EM-3DMotion\BehaviorFitting\BehaviorData_Clay.mat,Clay,Clay_066,66,nonStim,1,Combined,0.0909090909090909,0.0909090909090909,9,9,9,1
C:\Users\zzhu329\Documents\GitHub\EM-3DMotion\BehaviorFitting\BehaviorData_Clay.mat,Clay,Clay_066,66,nonStim,1,Combined,0.181818181818182,0.181818181818182,8,8,9,0.888888888888889
C:\Users\zzhu329\Documents\GitHub\EM-3DMotion\BehaviorFitting\BehaviorData_Clay.mat,Clay,Clay_066,66,nonStim,1,Combined,0.363636363636364,0.363636363636364,9,9,9,1
C:\Users\zzhu329\Documents\GitHub\EM-3DMotion\BehaviorFitting\BehaviorData_Clay.mat,Clay,Clay_066,66,nonStim,1,Combined,0.454545454545455,0.454545454545455,10,10,10,1
C:\Users\zzhu329\Documents\GitHub\EM-3DMotion\BehaviorFitting\BehaviorData_Clay.mat,Clay,Clay_066,66,nonStim,1,Combined,0.636363636363636,0.636363636363636,9,9,9,1
C:\Users\zzhu329\Documents\GitHub\EM-3DMotion\BehaviorFitting\BehaviorData_Clay.mat,Clay,Clay_066,66,nonStim,1,Combined,1,1,9,9,9,1
C:\Users\zzhu329\Documents\GitHub\EM-3DMotion\BehaviorFitting\BehaviorData_Clay.mat,Clay,Clay_066,66,nonStim,2,MonoL,-1,1,2,7,9,0.777777777777778
C:\Users\zzhu329\Documents\GitHub\EM-3DMotion\BehaviorFitting\BehaviorData_Clay.mat,Clay,Clay_066,66,nonStim,2,MonoL,-0.636363636363636,0.636363636363636,1,8,9,0.888888888888889
C:\Users\zzhu329\Documents\GitHub\EM-3DMotion\BehaviorFitting\BehaviorData_Clay.mat,Clay,Clay_066,66,nonStim,2,MonoL,-0.454545454545455,0.454545454545455,4,5,9,0.555555555555556
C:\Users\zzhu329\Documents\GitHub\EM-3DMotion\BehaviorFitting\BehaviorData_Clay.mat,Clay,Clay_066,66,nonStim,2,MonoL,-0.363636363636364,0.363636363636364,3,5,8,0.625
C:\Users\zzhu329\Documents\GitHub\EM-3DMotion\BehaviorFitting\BehaviorData_Clay.mat,Clay,Clay_066,66,nonStim,2,MonoL,-0.181818181818182,0.181818181818182,7,2,9,0.222222222222222
C:\Users\zzhu329\Documents\GitHub\EM-3DMotion\BehaviorFitting\BehaviorData_Clay.mat,Clay,Clay_066,66,nonStim,2,MonoL,-0.0909090909090909,0.0909090909090909,7,2,9,0.222222222222222
C:\Users\zzhu329\Documents\GitHub\EM-3DMotion\BehaviorFitting\BehaviorData_Clay.mat,Clay,Clay_066,66,nonStim,2,MonoL,0.0909090909090909,0.0909090909090909,4,4,9,0.444444444444444
C:\Users\zzhu329\Documents\GitHub\EM-3DMotion\BehaviorFitting\BehaviorData_Clay.mat,Clay,Clay_066,66,nonStim,2,MonoL,0.181818181818182,0.181818181818182,9,9,9,1
C:\Users\zzhu329\Documents\GitHub\EM-3DMotion\BehaviorFitting\BehaviorData_Clay.mat,Clay,Clay_066,66,nonStim,2,MonoL,0.363636363636364,0.363636363636364,9,9,9,1
C:\Users\zzhu329\Documents\GitHub\EM-3DMotion\BehaviorFitting\BehaviorData_Clay.mat,Clay,Clay_066,66,nonStim,2,MonoL,0.454545454545455,0.454545454545455,9,9,9,1
C:\Users\zzhu329\Documents\GitHub\EM-3DMotion\BehaviorFitting\BehaviorData_Clay.mat,Clay,Clay_066,66,nonStim,2,MonoL,0.636363636363636,0.636363636363636,7,7,9,0.777777777777778
C:\Users\zzhu329\Documents\GitHub\EM-3DMotion\BehaviorFitting\BehaviorData_Clay.mat,Clay,Clay_066,66,nonStim,2,MonoL,1,1,9,9,9,1
C:\Users\zzhu329\Documents\GitHub\EM-3DMotion\BehaviorFitting\BehaviorData_Clay.mat,Clay,Clay_066,66,nonStim,3,MonoR,-1,1,1,8,9,0.888888888888889
C:\Users\zzhu329\Documents\GitHub\EM-3DMotion\BehaviorFitting\BehaviorData_Clay.mat,Clay,Clay_066,66,nonStim,3,MonoR,-0.636363636363636,0.636363636363636,3,6,9,0.666666666666667
C:\Users\zzhu329\Documents\GitHub\EM-3DMotion\BehaviorFitting\BehaviorData_Clay.mat,Clay,Clay_066,66,nonStim,3,MonoR,-0.454545454545455,0.454545454545455,4,5,9,0.555555555555556
C:\Users\zzhu329\Documents\GitHub\EM-3DMotion\BehaviorFitting\BehaviorData_Clay.mat,Clay,Clay_066,66,nonStim,3,MonoR,-0.363636363636364,0.363636363636364,6,4,10,0.4
C:\Users\zzhu329\Documents\GitHub\EM-3DMotion\BehaviorFitting\BehaviorData_Clay.mat,Clay,Clay_066,66,nonStim,3,MonoR,-0.181818181818182,0.181818181818182,5,4,9,0.444444444444444
C:\Users\zzhu329\Documents\GitHub\EM-3DMotion\BehaviorFitting\BehaviorData_Clay.mat,Clay,Clay_066,66,nonStim,3,MonoR,-0.0909090909090909,0.0909090909090909,8,2,10,0.2
C:\Users\zzhu329\Documents\GitHub\EM-3DMotion\BehaviorFitting\BehaviorData_Clay.mat,Clay,Clay_066,66,nonStim,3,MonoR,0.0909090909090909,0.0909090909090909,7,7,9,0.777777777777778
C:\Users\zzhu329\Documents\GitHub\EM-3DMotion\BehaviorFitting\BehaviorData_Clay.mat,Clay,Clay_066,66,nonStim,3,MonoR,0.181818181818182,0.181818181818182,9,9,9,1
C:\Users\zzhu329\Documents\GitHub\EM-3DMotion\BehaviorFitting\BehaviorData_Clay.mat,Clay,Clay_066,66,nonStim,3,MonoR,0.363636363636364,0.363636363636364,9,9,10,0.9
C:\Users\zzhu329\Documents\GitHub\EM-3DMotion\BehaviorFitting\BehaviorData_Clay.mat,Clay,Clay_066,66,nonStim,3,MonoR,0.454545454545455,0.454545454545455,8,8,9,0.888888888888889
C:\Users\zzhu329\Documents\GitHub\EM-3DMotion\BehaviorFitting\BehaviorData_Clay.mat,Clay,Clay_066,66,nonStim,3,MonoR,0.636363636363636,0.636363636363636,9,9,9,1
C:\Users\zzhu329\Documents\GitHub\EM-3DMotion\BehaviorFitting\BehaviorData_Clay.mat,Clay,Clay_066,66,nonStim,3,MonoR,1,1,9,9,9,1
C:\Users\zzhu329\Documents\GitHub\EM-3DMotion\BehaviorFitting\BehaviorData_Clay.mat,Clay,Clay_066,66,nonStim,4,Bino,-1,1,4,5,9,0.555555555555556
C:\Users\zzhu329\Documents\GitHub\EM-3DMotion\BehaviorFitting\BehaviorData_Clay.mat,Clay,Clay_066,66,nonStim,4,Bino,-0.636363636363636,0.636363636363636,3,6,9,0.666666666666667
C:\Users\zzhu329\Documents\GitHub\EM-3DMotion\BehaviorFitting\BehaviorData_Clay.mat,Clay,Clay_066,66,nonStim,4,Bino,-0.454545454545455,0.454545454545455,2,7,9,0.777777777777778
C:\Users\zzhu329\Documents\GitHub\EM-3DMotion\BehaviorFitting\BehaviorData_Clay.mat,Clay,Clay_066,66,nonStim,4,Bino,-0.363636363636364,0.363636363636364,4,5,9,0.555555555555556
C:\Users\zzhu329\Documents\GitHub\EM-3DMotion\BehaviorFitting\BehaviorData_Clay.mat,Clay,Clay_066,66,nonStim,4,Bino,-0.181818181818182,0.181818181818182,4,5,9,0.555555555555556
C:\Users\zzhu329\Documents\GitHub\EM-3DMotion\BehaviorFitting\BehaviorData_Clay.mat,Clay,Clay_066,66,nonStim,4,Bino,-0.0909090909090909,0.0909090909090909,8,1,9,0.111111111111111
C:\Users\zzhu329\Documents\GitHub\EM-3DMotion\BehaviorFitting\BehaviorData_Clay.mat,Clay,Clay_066,66,nonStim,4,Bino,0.0909090909090909,0.0909090909090909,7,7,9,0.777777777777778
C:\Users\zzhu329\Documents\GitHub\EM-3DMotion\BehaviorFitting\BehaviorData_Clay.mat,Clay,Clay_066,66,nonStim,4,Bino,0.181818181818182,0.181818181818182,7,7,9,0.777777777777778
C:\Users\zzhu329\Documents\GitHub\EM-3DMotion\BehaviorFitting\BehaviorData_Clay.mat,Clay,Clay_066,66,nonStim,4,Bino,0.363636363636364,0.363636363636364,9,9,9,1
C:\Users\zzhu329\Documents\GitHub\EM-3DMotion\BehaviorFitting\BehaviorData_Clay.mat,Clay,Clay_066,66,nonStim,4,Bino,0.454545454545455,0.454545454545455,9,9,9,1
C:\Users\zzhu329\Documents\GitHub\EM-3DMotion\BehaviorFitting\BehaviorData_Clay.mat,Clay,Clay_066,66,nonStim,4,Bino,0.636363636363636,0.636363636363636,9,9,9,1
C:\Users\zzhu329\Documents\GitHub\EM-3DMotion\BehaviorFitting\BehaviorData_Clay.mat,Clay,Clay_066,66,nonStim,4,Bino,1,1,9,9,9,1
C:\Users\zzhu329\Documents\GitHub\EM-3DMotion\BehaviorFitting\BehaviorData_Clay.mat,Clay,Clay_067,67,nonStim,1,Combined,-1,1,0,7,7,1
C:\Users\zzhu329\Documents\GitHub\EM-3DMotion\BehaviorFitting\BehaviorData_Clay.mat,Clay,Clay_067,67,nonStim,1,Combined,-0.636363636363636,0.636363636363636,0,6,6,1
C:\Users\zzhu329\Documents\GitHub\EM-3DMotion\BehaviorFitting\BehaviorData_Clay.mat,Clay,Clay_067,67,nonStim,1,Combined,-0.454545454545455,0.454545454545455,1,5,6,0.833333333333333
C:\Users\zzhu329\Documents\GitHub\EM-3DMotion\BehaviorFitting\BehaviorData_Clay.mat,Clay,Clay_067,67,nonStim,1,Combined,-0.363636363636364,0.363636363636364,0,6,6,1
C:\Users\zzhu329\Documents\GitHub\EM-3DMotion\BehaviorFitting\BehaviorData_Clay.mat,Clay,Clay_067,67,nonStim,1,Combined,-0.181818181818182,0.181818181818182,1,6,7,0.857142857142857
C:\Users\zzhu329\Documents\GitHub\EM-3DMotion\BehaviorFitting\BehaviorData_Clay.mat,Clay,Clay_067,67,nonStim,1,Combined,-0.0909090909090909,0.0909090909090909,4,2,6,0.333333333333333
C:\Users\zzhu329\Documents\GitHub\EM-3DMotion\BehaviorFitting\BehaviorData_Clay.mat,Clay,Clay_067,67,nonStim,1,Combined,0.0909090909090909,0.0909090909090909,6,6,7,0.857142857142857
C:\Users\zzhu329\Documents\GitHub\EM-3DMotion\BehaviorFitting\BehaviorData_Clay.mat,Clay,Clay_067,67,nonStim,1,Combined,0.181818181818182,0.181818181818182,7,7,7,1
C:\Users\zzhu329\Documents\GitHub\EM-3DMotion\BehaviorFitting\BehaviorData_Clay.mat,Clay,Clay_067,67,nonStim,1,Combined,0.363636363636364,0.363636363636364,7,7,7,1
C:\Users\zzhu329\Documents\GitHub\EM-3DMotion\BehaviorFitting\BehaviorData_Clay.mat,Clay,Clay_067,67,nonStim,1,Combined,0.454545454545455,0.454545454545455,7,7,7,1
C:\Users\zzhu329\Documents\GitHub\EM-3DMotion\BehaviorFitting\BehaviorData_Clay.mat,Clay,Clay_067,67,nonStim,1,Combined,0.636363636363636,0.636363636363636,7,7,7,1
C:\Users\zzhu329\Documents\GitHub\EM-3DMotion\BehaviorFitting\BehaviorData_Clay.mat,Clay,Clay_067,67,nonStim,1,Combined,1,1,7,7,7,1
C:\Users\zzhu329\Documents\GitHub\EM-3DMotion\BehaviorFitting\BehaviorData_Clay.mat,Clay,Clay_067,67,nonStim,2,MonoL,-1,1,0,7,7,1
C:\Users\zzhu329\Documents\GitHub\EM-3DMotion\BehaviorFitting\BehaviorData_Clay.mat,Clay,Clay_067,67,nonStim,2,MonoL,-0.636363636363636,0.636363636363636,1,6,7,0.857142857142857
C:\Users\zzhu329\Documents\GitHub\EM-3DMotion\BehaviorFitting\BehaviorData_Clay.mat,Clay,Clay_067,67,nonStim,2,MonoL,-0.454545454545455,0.454545454545455,0,6,6,1
C:\Users\zzhu329\Documents\GitHub\EM-3DMotion\BehaviorFitting\BehaviorData_Clay.mat,Clay,Clay_067,67,nonStim,2,MonoL,-0.363636363636364,0.363636363636364,1,5,6,0.833333333333333
C:\Users\zzhu329\Documents\GitHub\EM-3DMotion\BehaviorFitting\BehaviorData_Clay.mat,Clay,Clay_067,67,nonStim,2,MonoL,-0.181818181818182,0.181818181818182,0,7,7,1
C:\Users\zzhu329\Documents\GitHub\EM-3DMotion\BehaviorFitting\BehaviorData_Clay.mat,Clay,Clay_067,67,nonStim,2,MonoL,-0.0909090909090909,0.0909090909090909,2,5,7,0.714285714285714
C:\Users\zzhu329\Documents\GitHub\EM-3DMotion\BehaviorFitting\BehaviorData_Clay.mat,Clay,Clay_067,67,nonStim,2,MonoL,0.0909090909090909,0.0909090909090909,2,2,7,0.285714285714286
C:\Users\zzhu329\Documents\GitHub\EM-3DMotion\BehaviorFitting\BehaviorData_Clay.mat,Clay,Clay_067,67,nonStim,2,MonoL,0.181818181818182,0.181818181818182,2,2,6,0.333333333333333
C:\Users\zzhu329\Documents\GitHub\EM-3DMotion\BehaviorFitting\BehaviorData_Clay.mat,Clay,Clay_067,67,nonStim,2,MonoL,0.363636363636364,0.363636363636364,6,6,7,0.857142857142857
C:\Users\zzhu329\Documents\GitHub\EM-3DMotion\BehaviorFitting\BehaviorData_Clay.mat,Clay,Clay_067,67,nonStim,2,MonoL,0.454545454545455,0.454545454545455,6,6,7,0.857142857142857
C:\Users\zzhu329\Documents\GitHub\EM-3DMotion\BehaviorFitting\BehaviorData_Clay.mat,Clay,Clay_067,67,nonStim,2,MonoL,0.636363636363636,0.636363636363636,6,6,6,1
C:\Users\zzhu329\Documents\GitHub\EM-3DMotion\BehaviorFitting\BehaviorData_Clay.mat,Clay,Clay_067,67,nonStim,2,MonoL,1,1,7,7,7,1
C:\Users\zzhu329\Documents\GitHub\EM-3DMotion\BehaviorFitting\BehaviorData_Clay.mat,Clay,Clay_067,67,nonStim,3,MonoR,-1,1,0,6,6,1
C:\Users\zzhu329\Documents\GitHub\EM-3DMotion\BehaviorFitting\BehaviorData_Clay.mat,Clay,Clay_067,67,nonStim,3,MonoR,-0.636363636363636,0.636363636363636,0,6,6,1
C:\Users\zzhu329\Documents\GitHub\EM-3DMotion\BehaviorFitting\BehaviorData_Clay.mat,Clay,Clay_067,67,nonStim,3,MonoR,-0.454545454545455,0.454545454545455,1,5,6,0.833333333333333
C:\Users\zzhu329\Documents\GitHub\EM-3DMotion\BehaviorFitting\BehaviorData_Clay.mat,Clay,Clay_067,67,nonStim,3,MonoR,-0.363636363636364,0.363636363636364,0,7,7,1
C:\Users\zzhu329\Documents\GitHub\EM-3DMotion\BehaviorFitting\BehaviorData_Clay.mat,Clay,Clay_067,67,nonStim,3,MonoR,-0.181818181818182,0.181818181818182,1,5,6,0.833333333333333
C:\Users\zzhu329\Documents\GitHub\EM-3DMotion\BehaviorFitting\BehaviorData_Clay.mat,Clay,Clay_067,67,nonStim,3,MonoR,-0.0909090909090909,0.0909090909090909,1,6,7,0.857142857142857
C:\Users\zzhu329\Documents\GitHub\EM-3DMotion\BehaviorFitting\BehaviorData_Clay.mat,Clay,Clay_067,67,nonStim,3,MonoR,0.0909090909090909,0.0909090909090909,4,4,7,0.571428571428571
C:\Users\zzhu329\Documents\GitHub\EM-3DMotion\BehaviorFitting\BehaviorData_Clay.mat,Clay,Clay_067,67,nonStim,3,MonoR,0.181818181818182,0.181818181818182,3,3,7,0.428571428571429
C:\Users\zzhu329\Documents\GitHub\EM-3DMotion\BehaviorFitting\BehaviorData_Clay.mat,Clay,Clay_067,67,nonStim,3,MonoR,0.363636363636364,0.363636363636364,5,5,7,0.714285714285714
C:\Users\zzhu329\Documents\GitHub\EM-3DMotion\BehaviorFitting\BehaviorData_Clay.mat,Clay,Clay_067,67,nonStim,3,MonoR,0.454545454545455,0.454545454545455,7,7,7,1
C:\Users\zzhu329\Documents\GitHub\EM-3DMotion\BehaviorFitting\BehaviorData_Clay.mat,Clay,Clay_067,67,nonStim,3,MonoR,0.636363636363636,0.636363636363636,5,5,6,0.833333333333333
C:\Users\zzhu329\Documents\GitHub\EM-3DMotion\BehaviorFitting\BehaviorData_Clay.mat,Clay,Clay_067,67,nonStim,3,MonoR,1,1,7,7,7,1
C:\Users\zzhu329\Documents\GitHub\EM-3DMotion\BehaviorFitting\BehaviorData_Clay.mat,Clay,Clay_067,67,nonStim,4,Bino,-1,1,0,7,7,1
C:\Users\zzhu329\Documents\GitHub\EM-3DMotion\BehaviorFitting\BehaviorData_Clay.mat,Clay,Clay_067,67,nonStim,4,Bino,-0.636363636363636,0.636363636363636,0,7,7,1
C:\Users\zzhu329\Documents\GitHub\EM-3DMotion\BehaviorFitting\BehaviorData_Clay.mat,Clay,Clay_067,67,nonStim,4,Bino,-0.454545454545455,0.454545454545455,0,7,7,1
C:\Users\zzhu329\Documents\GitHub\EM-3DMotion\BehaviorFitting\BehaviorData_Clay.mat,Clay,Clay_067,67,nonStim,4,Bino,-0.363636363636364,0.363636363636364,0,6,6,1
C:\Users\zzhu329\Documents\GitHub\EM-3DMotion\BehaviorFitting\BehaviorData_Clay.mat,Clay,Clay_067,67,nonStim,4,Bino,-0.181818181818182,0.181818181818182,0,7,7,1
C:\Users\zzhu329\Documents\GitHub\EM-3DMotion\BehaviorFitting\BehaviorData_Clay.mat,Clay,Clay_067,67,nonStim,4,Bino,-0.0909090909090909,0.0909090909090909,3,4,7,0.571428571428571
C:\Users\zzhu329\Documents\GitHub\EM-3DMotion\BehaviorFitting\BehaviorData_Clay.mat,Clay,Clay_067,67,nonStim,4,Bino,0.0909090909090909,0.0909090909090909,3,3,7,0.428571428571429
C:\Users\zzhu329\Documents\GitHub\EM-3DMotion\BehaviorFitting\BehaviorData_Clay.mat,Clay,Clay_067,67,nonStim,4,Bino,0.181818181818182,0.181818181818182,3,3,6,0.5
C:\Users\zzhu329\Documents\GitHub\EM-3DMotion\BehaviorFitting\BehaviorData_Clay.mat,Clay,Clay_067,67,nonStim,4,Bino,0.363636363636364,0.363636363636364,6,6,7,0.857142857142857
C:\Users\zzhu329\Documents\GitHub\EM-3DMotion\BehaviorFitting\BehaviorData_Clay.mat,Clay,Clay_067,67,nonStim,4,Bino,0.454545454545455,0.454545454545455,6,6,7,0.857142857142857
C:\Users\zzhu329\Documents\GitHub\EM-3DMotion\BehaviorFitting\BehaviorData_Clay.mat,Clay,Clay_067,67,nonStim,4,Bino,0.636363636363636,0.636363636363636,7,7,7,1
C:\Users\zzhu329\Documents\GitHub\EM-3DMotion\BehaviorFitting\BehaviorData_Clay.mat,Clay,Clay_067,67,nonStim,4,Bino,1,1,6,6,6,1
C:\Users\zzhu329\Documents\GitHub\EM-3DMotion\BehaviorFitting\BehaviorData_Clay.mat,Clay,Clay_068,68,nonStim,1,Combined,-1,1,0,9,9,1
C:\Users\zzhu329\Documents\GitHub\EM-3DMotion\BehaviorFitting\BehaviorData_Clay.mat,Clay,Clay_068,68,nonStim,1,Combined,-0.636363636363636,0.636363636363636,0,9,9,1
C:\Users\zzhu329\Documents\GitHub\EM-3DMotion\BehaviorFitting\BehaviorData_Clay.mat,Clay,Clay_068,68,nonStim,1,Combined,-0.454545454545455,0.454545454545455,0,10,10,1
C:\Users\zzhu329\Documents\GitHub\EM-3DMotion\BehaviorFitting\BehaviorData_Clay.mat,Clay,Clay_068,68,nonStim,1,Combined,-0.363636363636364,0.363636363636364,0,10,10,1
C:\Users\zzhu329\Documents\GitHub\EM-3DMotion\BehaviorFitting\BehaviorData_Clay.mat,Clay,Clay_068,68,nonStim,1,Combined,-0.181818181818182,0.181818181818182,0,9,9,1
C:\Users\zzhu329\Documents\GitHub\EM-3DMotion\BehaviorFitting\BehaviorData_Clay.mat,Clay,Clay_068,68,nonStim,1,Combined,-0.0909090909090909,0.0909090909090909,3,5,8,0.625
C:\Users\zzhu329\Documents\GitHub\EM-3DMotion\BehaviorFitting\BehaviorData_Clay.mat,Clay,Clay_068,68,nonStim,1,Combined,0.0909090909090909,0.0909090909090909,6,6,7,0.857142857142857
C:\Users\zzhu329\Documents\GitHub\EM-3DMotion\BehaviorFitting\BehaviorData_Clay.mat,Clay,Clay_068,68,nonStim,1,Combined,0.181818181818182,0.181818181818182,8,8,8,1
C:\Users\zzhu329\Documents\GitHub\EM-3DMotion\BehaviorFitting\BehaviorData_Clay.mat,Clay,Clay_068,68,nonStim,1,Combined,0.363636363636364,0.363636363636364,9,9,9,1
C:\Users\zzhu329\Documents\GitHub\EM-3DMotion\BehaviorFitting\BehaviorData_Clay.mat,Clay,Clay_068,68,nonStim,1,Combined,0.454545454545455,0.454545454545455,10,10,10,1
C:\Users\zzhu329\Documents\GitHub\EM-3DMotion\BehaviorFitting\BehaviorData_Clay.mat,Clay,Clay_068,68,nonStim,1,Combined,0.636363636363636,0.636363636363636,9,9,9,1
C:\Users\zzhu329\Documents\GitHub\EM-3DMotion\BehaviorFitting\BehaviorData_Clay.mat,Clay,Clay_068,68,nonStim,1,Combined,1,1,9,9,9,1
C:\Users\zzhu329\Documents\GitHub\EM-3DMotion\BehaviorFitting\BehaviorData_Clay.mat,Clay,Clay_068,68,nonStim,2,MonoL,-1,1,1,8,9,0.888888888888889
C:\Users\zzhu329\Documents\GitHub\EM-3DMotion\BehaviorFitting\BehaviorData_Clay.mat,Clay,Clay_068,68,nonStim,2,MonoL,-0.636363636363636,0.636363636363636,0,9,9,1
C:\Users\zzhu329\Documents\GitHub\EM-3DMotion\BehaviorFitting\BehaviorData_Clay.mat,Clay,Clay_068,68,nonStim,2,MonoL,-0.454545454545455,0.454545454545455,0,10,10,1
C:\Users\zzhu329\Documents\GitHub\EM-3DMotion\BehaviorFitting\BehaviorData_Clay.mat,Clay,Clay_068,68,nonStim,2,MonoL,-0.363636363636364,0.363636363636364,0,9,9,1
C:\Users\zzhu329\Documents\GitHub\EM-3DMotion\BehaviorFitting\BehaviorData_Clay.mat,Clay,Clay_068,68,nonStim,2,MonoL,-0.181818181818182,0.181818181818182,1,6,7,0.857142857142857
C:\Users\zzhu329\Documents\GitHub\EM-3DMotion\BehaviorFitting\BehaviorData_Clay.mat,Clay,Clay_068,68,nonStim,2,MonoL,-0.0909090909090909,0.0909090909090909,2,7,9,0.777777777777778
C:\Users\zzhu329\Documents\GitHub\EM-3DMotion\BehaviorFitting\BehaviorData_Clay.mat,Clay,Clay_068,68,nonStim,2,MonoL,0.0909090909090909,0.0909090909090909,1,1,7,0.142857142857143
C:\Users\zzhu329\Documents\GitHub\EM-3DMotion\BehaviorFitting\BehaviorData_Clay.mat,Clay,Clay_068,68,nonStim,2,MonoL,0.181818181818182,0.181818181818182,3,3,8,0.375
C:\Users\zzhu329\Documents\GitHub\EM-3DMotion\BehaviorFitting\BehaviorData_Clay.mat,Clay,Clay_068,68,nonStim,2,MonoL,0.363636363636364,0.363636363636364,4,4,7,0.571428571428571
C:\Users\zzhu329\Documents\GitHub\EM-3DMotion\BehaviorFitting\BehaviorData_Clay.mat,Clay,Clay_068,68,nonStim,2,MonoL,0.454545454545455,0.454545454545455,4,4,10,0.4
C:\Users\zzhu329\Documents\GitHub\EM-3DMotion\BehaviorFitting\BehaviorData_Clay.mat,Clay,Clay_068,68,nonStim,2,MonoL,0.636363636363636,0.636363636363636,10,10,10,1
C:\Users\zzhu329\Documents\GitHub\EM-3DMotion\BehaviorFitting\BehaviorData_Clay.mat,Clay,Clay_068,68,nonStim,2,MonoL,1,1,9,9,9,1
C:\Users\zzhu329\Documents\GitHub\EM-3DMotion\BehaviorFitting\BehaviorData_Clay.mat,Clay,Clay_068,68,nonStim,3,MonoR,-1,1,0,10,10,1
C:\Users\zzhu329\Documents\GitHub\EM-3DMotion\BehaviorFitting\BehaviorData_Clay.mat,Clay,Clay_068,68,nonStim,3,MonoR,-0.636363636363636,0.636363636363636,1,8,9,0.888888888888889
C:\Users\zzhu329\Documents\GitHub\EM-3DMotion\BehaviorFitting\BehaviorData_Clay.mat,Clay,Clay_068,68,nonStim,3,MonoR,-0.454545454545455,0.454545454545455,2,7,9,0.777777777777778
C:\Users\zzhu329\Documents\GitHub\EM-3DMotion\BehaviorFitting\BehaviorData_Clay.mat,Clay,Clay_068,68,nonStim,3,MonoR,-0.363636363636364,0.363636363636364,0,8,8,1
C:\Users\zzhu329\Documents\GitHub\EM-3DMotion\BehaviorFitting\BehaviorData_Clay.mat,Clay,Clay_068,68,nonStim,3,MonoR,-0.181818181818182,0.181818181818182,1,7,8,0.875
C:\Users\zzhu329\Documents\GitHub\EM-3DMotion\BehaviorFitting\BehaviorData_Clay.mat,Clay,Clay_068,68,nonStim,3,MonoR,-0.0909090909090909,0.0909090909090909,4,3,7,0.428571428571429
C:\Users\zzhu329\Documents\GitHub\EM-3DMotion\BehaviorFitting\BehaviorData_Clay.mat,Clay,Clay_068,68,nonStim,3,MonoR,0.0909090909090909,0.0909090909090909,2,2,9,0.222222222222222
C:\Users\zzhu329\Documents\GitHub\EM-3DMotion\BehaviorFitting\BehaviorData_Clay.mat,Clay,Clay_068,68,nonStim,3,MonoR,0.181818181818182,0.181818181818182,5,5,9,0.555555555555556
C:\Users\zzhu329\Documents\GitHub\EM-3DMotion\BehaviorFitting\BehaviorData_Clay.mat,Clay,Clay_068,68,nonStim,3,MonoR,0.363636363636364,0.363636363636364,7,7,9,0.777777777777778
C:\Users\zzhu329\Documents\GitHub\EM-3DMotion\BehaviorFitting\BehaviorData_Clay.mat,Clay,Clay_068,68,nonStim,3,MonoR,0.454545454545455,0.454545454545455,8,8,8,1
C:\Users\zzhu329\Documents\GitHub\EM-3DMotion\BehaviorFitting\BehaviorData_Clay.mat,Clay,Clay_068,68,nonStim,3,MonoR,0.636363636363636,0.636363636363636,8,8,9,0.888888888888889
C:\Users\zzhu329\Documents\GitHub\EM-3DMotion\BehaviorFitting\BehaviorData_Clay.mat,Clay,Clay_068,68,nonStim,3,MonoR,1,1,10,10,10,1
C:\Users\zzhu329\Documents\GitHub\EM-3DMotion\BehaviorFitting\BehaviorData_Clay.mat,Clay,Clay_068,68,nonStim,4,Bino,-1,1,0,9,9,1
C:\Users\zzhu329\Documents\GitHub\EM-3DMotion\BehaviorFitting\BehaviorData_Clay.mat,Clay,Clay_068,68,nonStim,4,Bino,-0.636363636363636,0.636363636363636,0,9,9,1
C:\Users\zzhu329\Documents\GitHub\EM-3DMotion\BehaviorFitting\BehaviorData_Clay.mat,Clay,Clay_068,68,nonStim,4,Bino,-0.454545454545455,0.454545454545455,0,9,9,1
C:\Users\zzhu329\Documents\GitHub\EM-3DMotion\BehaviorFitting\BehaviorData_Clay.mat,Clay,Clay_068,68,nonStim,4,Bino,-0.363636363636364,0.363636363636364,0,10,10,1
C:\Users\zzhu329\Documents\GitHub\EM-3DMotion\BehaviorFitting\BehaviorData_Clay.mat,Clay,Clay_068,68,nonStim,4,Bino,-0.181818181818182,0.181818181818182,0,9,9,1
C:\Users\zzhu329\Documents\GitHub\EM-3DMotion\BehaviorFitting\BehaviorData_Clay.mat,Clay,Clay_068,68,nonStim,4,Bino,-0.0909090909090909,0.0909090909090909,0,10,10,1
C:\Users\zzhu329\Documents\GitHub\EM-3DMotion\BehaviorFitting\BehaviorData_Clay.mat,Clay,Clay_068,68,nonStim,4,Bino,0.0909090909090909,0.0909090909090909,3,3,9,0.333333333333333
C:\Users\zzhu329\Documents\GitHub\EM-3DMotion\BehaviorFitting\BehaviorData_Clay.mat,Clay,Clay_068,68,nonStim,4,Bino,0.181818181818182,0.181818181818182,4,4,9,0.444444444444444
C:\Users\zzhu329\Documents\GitHub\EM-3DMotion\BehaviorFitting\BehaviorData_Clay.mat,Clay,Clay_068,68,nonStim,4,Bino,0.363636363636364,0.363636363636364,4,4,9,0.444444444444444
C:\Users\zzhu329\Documents\GitHub\EM-3DMotion\BehaviorFitting\BehaviorData_Clay.mat,Clay,Clay_068,68,nonStim,4,Bino,0.454545454545455,0.454545454545455,4,4,9,0.444444444444444
C:\Users\zzhu329\Documents\GitHub\EM-3DMotion\BehaviorFitting\BehaviorData_Clay.mat,Clay,Clay_068,68,nonStim,4,Bino,0.636363636363636,0.636363636363636,9,9,9,1
C:\Users\zzhu329\Documents\GitHub\EM-3DMotion\BehaviorFitting\BehaviorData_Clay.mat,Clay,Clay_068,68,nonStim,4,Bino,1,1,9,9,9,1
C:\Users\zzhu329\Documents\GitHub\EM-3DMotion\BehaviorFitting\BehaviorData_Clay.mat,Clay,Clay_069,69,nonStim,1,Combined,-1,1,1,6,7,0.857142857142857
C:\Users\zzhu329\Documents\GitHub\EM-3DMotion\BehaviorFitting\BehaviorData_Clay.mat,Clay,Clay_069,69,nonStim,1,Combined,-0.636363636363636,0.636363636363636,0,7,7,1
C:\Users\zzhu329\Documents\GitHub\EM-3DMotion\BehaviorFitting\BehaviorData_Clay.mat,Clay,Clay_069,69,nonStim,1,Combined,-0.454545454545455,0.454545454545455,1,6,7,0.857142857142857
C:\Users\zzhu329\Documents\GitHub\EM-3DMotion\BehaviorFitting\BehaviorData_Clay.mat,Clay,Clay_069,69,nonStim,1,Combined,-0.363636363636364,0.363636363636364,1,7,8,0.875
C:\Users\zzhu329\Documents\GitHub\EM-3DMotion\BehaviorFitting\BehaviorData_Clay.mat,Clay,Clay_069,69,nonStim,1,Combined,-0.181818181818182,0.181818181818182,2,5,7,0.714285714285714
C:\Users\zzhu329\Documents\GitHub\EM-3DMotion\BehaviorFitting\BehaviorData_Clay.mat,Clay,Clay_069,69,nonStim,1,Combined,-0.0909090909090909,0.0909090909090909,4,4,8,0.5
C:\Users\zzhu329\Documents\GitHub\EM-3DMotion\BehaviorFitting\BehaviorData_Clay.mat,Clay,Clay_069,69,nonStim,1,Combined,0.0909090909090909,0.0909090909090909,5,5,7,0.714285714285714
C:\Users\zzhu329\Documents\GitHub\EM-3DMotion\BehaviorFitting\BehaviorData_Clay.mat,Clay,Clay_069,69,nonStim,1,Combined,0.181818181818182,0.181818181818182,7,7,7,1
C:\Users\zzhu329\Documents\GitHub\EM-3DMotion\BehaviorFitting\BehaviorData_Clay.mat,Clay,Clay_069,69,nonStim,1,Combined,0.363636363636364,0.363636363636364,7,7,7,1
C:\Users\zzhu329\Documents\GitHub\EM-3DMotion\BehaviorFitting\BehaviorData_Clay.mat,Clay,Clay_069,69,nonStim,1,Combined,0.454545454545455,0.454545454545455,7,7,7,1
C:\Users\zzhu329\Documents\GitHub\EM-3DMotion\BehaviorFitting\BehaviorData_Clay.mat,Clay,Clay_069,69,nonStim,1,Combined,0.636363636363636,0.636363636363636,7,7,7,1
C:\Users\zzhu329\Documents\GitHub\EM-3DMotion\BehaviorFitting\BehaviorData_Clay.mat,Clay,Clay_069,69,nonStim,1,Combined,1,1,7,7,7,1
C:\Users\zzhu329\Documents\GitHub\EM-3DMotion\BehaviorFitting\BehaviorData_Clay.mat,Clay,Clay_069,69,nonStim,2,MonoL,-1,1,0,7,7,1
C:\Users\zzhu329\Documents\GitHub\EM-3DMotion\BehaviorFitting\BehaviorData_Clay.mat,Clay,Clay_069,69,nonStim,2,MonoL,-0.636363636363636,0.636363636363636,0,7,7,1
C:\Users\zzhu329\Documents\GitHub\EM-3DMotion\BehaviorFitting\BehaviorData_Clay.mat,Clay,Clay_069,69,nonStim,2,MonoL,-0.454545454545455,0.454545454545455,0,8,8,1
C:\Users\zzhu329\Documents\GitHub\EM-3DMotion\BehaviorFitting\BehaviorData_Clay.mat,Clay,Clay_069,69,nonStim,2,MonoL,-0.363636363636364,0.363636363636364,1,6,7,0.857142857142857
C:\Users\zzhu329\Documents\GitHub\EM-3DMotion\BehaviorFitting\BehaviorData_Clay.mat,Clay,Clay_069,69,nonStim,2,MonoL,-0.181818181818182,0.181818181818182,1,6,7,0.857142857142857
C:\Users\zzhu329\Documents\GitHub\EM-3DMotion\BehaviorFitting\BehaviorData_Clay.mat,Clay,Clay_069,69,nonStim,2,MonoL,-0.0909090909090909,0.0909090909090909,2,6,8,0.75
C:\Users\zzhu329\Documents\GitHub\EM-3DMotion\BehaviorFitting\BehaviorData_Clay.mat,Clay,Clay_069,69,nonStim,2,MonoL,0.0909090909090909,0.0909090909090909,6,6,7,0.857142857142857
C:\Users\zzhu329\Documents\GitHub\EM-3DMotion\BehaviorFitting\BehaviorData_Clay.mat,Clay,Clay_069,69,nonStim,2,MonoL,0.181818181818182,0.181818181818182,4,4,7,0.571428571428571
C:\Users\zzhu329\Documents\GitHub\EM-3DMotion\BehaviorFitting\BehaviorData_Clay.mat,Clay,Clay_069,69,nonStim,2,MonoL,0.363636363636364,0.363636363636364,4,4,7,0.571428571428571
C:\Users\zzhu329\Documents\GitHub\EM-3DMotion\BehaviorFitting\BehaviorData_Clay.mat,Clay,Clay_069,69,nonStim,2,MonoL,0.454545454545455,0.454545454545455,6,6,8,0.75
C:\Users\zzhu329\Documents\GitHub\EM-3DMotion\BehaviorFitting\BehaviorData_Clay.mat,Clay,Clay_069,69,nonStim,2,MonoL,0.636363636363636,0.636363636363636,7,7,7,1
C:\Users\zzhu329\Documents\GitHub\EM-3DMotion\BehaviorFitting\BehaviorData_Clay.mat,Clay,Clay_069,69,nonStim,2,MonoL,1,1,8,8,8,1
C:\Users\zzhu329\Documents\GitHub\EM-3DMotion\BehaviorFitting\BehaviorData_Clay.mat,Clay,Clay_069,69,nonStim,3,MonoR,-1,1,0,7,7,1
C:\Users\zzhu329\Documents\GitHub\EM-3DMotion\BehaviorFitting\BehaviorData_Clay.mat,Clay,Clay_069,69,nonStim,3,MonoR,-0.636363636363636,0.636363636363636,0,7,7,1
C:\Users\zzhu329\Documents\GitHub\EM-3DMotion\BehaviorFitting\BehaviorData_Clay.mat,Clay,Clay_069,69,nonStim,3,MonoR,-0.454545454545455,0.454545454545455,1,6,7,0.857142857142857
C:\Users\zzhu329\Documents\GitHub\EM-3DMotion\BehaviorFitting\BehaviorData_Clay.mat,Clay,Clay_069,69,nonStim,3,MonoR,-0.363636363636364,0.363636363636364,0,7,7,1
C:\Users\zzhu329\Documents\GitHub\EM-3DMotion\BehaviorFitting\BehaviorData_Clay.mat,Clay,Clay_069,69,nonStim,3,MonoR,-0.181818181818182,0.181818181818182,2,5,7,0.714285714285714
C:\Users\zzhu329\Documents\GitHub\EM-3DMotion\BehaviorFitting\BehaviorData_Clay.mat,Clay,Clay_069,69,nonStim,3,MonoR,-0.0909090909090909,0.0909090909090909,1,6,7,0.857142857142857
C:\Users\zzhu329\Documents\GitHub\EM-3DMotion\BehaviorFitting\BehaviorData_Clay.mat,Clay,Clay_069,69,nonStim,3,MonoR,0.0909090909090909,0.0909090909090909,1,1,7,0.142857142857143
C:\Users\zzhu329\Documents\GitHub\EM-3DMotion\BehaviorFitting\BehaviorData_Clay.mat,Clay,Clay_069,69,nonStim,3,MonoR,0.181818181818182,0.181818181818182,3,3,7,0.428571428571429
C:\Users\zzhu329\Documents\GitHub\EM-3DMotion\BehaviorFitting\BehaviorData_Clay.mat,Clay,Clay_069,69,nonStim,3,MonoR,0.363636363636364,0.363636363636364,4,4,7,0.571428571428571
C:\Users\zzhu329\Documents\GitHub\EM-3DMotion\BehaviorFitting\BehaviorData_Clay.mat,Clay,Clay_069,69,nonStim,3,MonoR,0.454545454545455,0.454545454545455,8,8,8,1
C:\Users\zzhu329\Documents\GitHub\EM-3DMotion\BehaviorFitting\BehaviorData_Clay.mat,Clay,Clay_069,69,nonStim,3,MonoR,0.636363636363636,0.636363636363636,7,7,7,1
C:\Users\zzhu329\Documents\GitHub\EM-3DMotion\BehaviorFitting\BehaviorData_Clay.mat,Clay,Clay_069,69,nonStim,3,MonoR,1,1,8,8,8,1
C:\Users\zzhu329\Documents\GitHub\EM-3DMotion\BehaviorFitting\BehaviorData_Clay.mat,Clay,Clay_069,69,nonStim,4,Bino,-1,1,1,6,7,0.857142857142857
C:\Users\zzhu329\Documents\GitHub\EM-3DMotion\BehaviorFitting\BehaviorData_Clay.mat,Clay,Clay_069,69,nonStim,4,Bino,-0.636363636363636,0.636363636363636,1,6,7,0.857142857142857
C:\Users\zzhu329\Documents\GitHub\EM-3DMotion\BehaviorFitting\BehaviorData_Clay.mat,Clay,Clay_069,69,nonStim,4,Bino,-0.454545454545455,0.454545454545455,1,7,8,0.875
C:\Users\zzhu329\Documents\GitHub\EM-3DMotion\BehaviorFitting\BehaviorData_Clay.mat,Clay,Clay_069,69,nonStim,4,Bino,-0.363636363636364,0.363636363636364,0,7,7,1
C:\Users\zzhu329\Documents\GitHub\EM-3DMotion\BehaviorFitting\BehaviorData_Clay.mat,Clay,Clay_069,69,nonStim,4,Bino,-0.181818181818182,0.181818181818182,3,4,7,0.571428571428571
C:\Users\zzhu329\Documents\GitHub\EM-3DMotion\BehaviorFitting\BehaviorData_Clay.mat,Clay,Clay_069,69,nonStim,4,Bino,-0.0909090909090909,0.0909090909090909,1,6,7,0.857142857142857
C:\Users\zzhu329\Documents\GitHub\EM-3DMotion\BehaviorFitting\BehaviorData_Clay.mat,Clay,Clay_069,69,nonStim,4,Bino,0.0909090909090909,0.0909090909090909,3,3,8,0.375
C:\Users\zzhu329\Documents\GitHub\EM-3DMotion\BehaviorFitting\BehaviorData_Clay.mat,Clay,Clay_069,69,nonStim,4,Bino,0.181818181818182,0.181818181818182,3,3,8,0.375
C:\Users\zzhu329\Documents\GitHub\EM-3DMotion\BehaviorFitting\BehaviorData_Clay.mat,Clay,Clay_069,69,nonStim,4,Bino,0.363636363636364,0.363636363636364,6,6,8,0.75
C:\Users\zzhu329\Documents\GitHub\EM-3DMotion\BehaviorFitting\BehaviorData_Clay.mat,Clay,Clay_069,69,nonStim,4,Bino,0.454545454545455,0.454545454545455,5,5,7,0.714285714285714
C:\Users\zzhu329\Documents\GitHub\EM-3DMotion\BehaviorFitting\BehaviorData_Clay.mat,Clay,Clay_069,69,nonStim,4,Bino,0.636363636363636,0.636363636363636,7,7,7,1
C:\Users\zzhu329\Documents\GitHub\EM-3DMotion\BehaviorFitting\BehaviorData_Clay.mat,Clay,Clay_069,69,nonStim,4,Bino,1,1,7,7,7,1
C:\Users\zzhu329\Documents\GitHub\EM-3DMotion\BehaviorFitting\BehaviorData_Clay.mat,Clay,Clay_070,70,nonStim,1,Combined,-1,1,1,7,8,0.875
C:\Users\zzhu329\Documents\GitHub\EM-3DMotion\BehaviorFitting\BehaviorData_Clay.mat,Clay,Clay_070,70,nonStim,1,Combined,-0.636363636363636,0.636363636363636,0,8,8,1
C:\Users\zzhu329\Documents\GitHub\EM-3DMotion\BehaviorFitting\BehaviorData_Clay.mat,Clay,Clay_070,70,nonStim,1,Combined,-0.454545454545455,0.454545454545455,0,8,8,1
C:\Users\zzhu329\Documents\GitHub\EM-3DMotion\BehaviorFitting\BehaviorData_Clay.mat,Clay,Clay_070,70,nonStim,1,Combined,-0.363636363636364,0.363636363636364,2,7,9,0.777777777777778
C:\Users\zzhu329\Documents\GitHub\EM-3DMotion\BehaviorFitting\BehaviorData_Clay.mat,Clay,Clay_070,70,nonStim,1,Combined,-0.181818181818182,0.181818181818182,2,6,8,0.75
C:\Users\zzhu329\Documents\GitHub\EM-3DMotion\BehaviorFitting\BehaviorData_Clay.mat,Clay,Clay_070,70,nonStim,1,Combined,-0.0909090909090909,0.0909090909090909,4,5,9,0.555555555555556
C:\Users\zzhu329\Documents\GitHub\EM-3DMotion\BehaviorFitting\BehaviorData_Clay.mat,Clay,Clay_070,70,nonStim,1,Combined,0.0909090909090909,0.0909090909090909,8,8,8,1
C:\Users\zzhu329\Documents\GitHub\EM-3DMotion\BehaviorFitting\BehaviorData_Clay.mat,Clay,Clay_070,70,nonStim,1,Combined,0.181818181818182,0.181818181818182,9,9,9,1
C:\Users\zzhu329\Documents\GitHub\EM-3DMotion\BehaviorFitting\BehaviorData_Clay.mat,Clay,Clay_070,70,nonStim,1,Combined,0.363636363636364,0.363636363636364,8,8,8,1
C:\Users\zzhu329\Documents\GitHub\EM-3DMotion\BehaviorFitting\BehaviorData_Clay.mat,Clay,Clay_070,70,nonStim,1,Combined,0.454545454545455,0.454545454545455,8,8,8,1
C:\Users\zzhu329\Documents\GitHub\EM-3DMotion\BehaviorFitting\BehaviorData_Clay.mat,Clay,Clay_070,70,nonStim,1,Combined,0.636363636363636,0.636363636363636,8,8,8,1
C:\Users\zzhu329\Documents\GitHub\EM-3DMotion\BehaviorFitting\BehaviorData_Clay.mat,Clay,Clay_070,70,nonStim,1,Combined,1,1,9,9,9,1
C:\Users\zzhu329\Documents\GitHub\EM-3DMotion\BehaviorFitting\BehaviorData_Clay.mat,Clay,Clay_070,70,nonStim,2,MonoL,-1,1,2,6,8,0.75
C:\Users\zzhu329\Documents\GitHub\EM-3DMotion\BehaviorFitting\BehaviorData_Clay.mat,Clay,Clay_070,70,nonStim,2,MonoL,-0.636363636363636,0.636363636363636,2,6,8,0.75
C:\Users\zzhu329\Documents\GitHub\EM-3DMotion\BehaviorFitting\BehaviorData_Clay.mat,Clay,Clay_070,70,nonStim,2,MonoL,-0.454545454545455,0.454545454545455,3,5,8,0.625
C:\Users\zzhu329\Documents\GitHub\EM-3DMotion\BehaviorFitting\BehaviorData_Clay.mat,Clay,Clay_070,70,nonStim,2,MonoL,-0.363636363636364,0.363636363636364,0,8,8,1
C:\Users\zzhu329\Documents\GitHub\EM-3DMotion\BehaviorFitting\BehaviorData_Clay.mat,Clay,Clay_070,70,nonStim,2,MonoL,-0.181818181818182,0.181818181818182,5,3,8,0.375
C:\Users\zzhu329\Documents\GitHub\EM-3DMotion\BehaviorFitting\BehaviorData_Clay.mat,Clay,Clay_070,70,nonStim,2,MonoL,-0.0909090909090909,0.0909090909090909,2,6,8,0.75
C:\Users\zzhu329\Documents\GitHub\EM-3DMotion\BehaviorFitting\BehaviorData_Clay.mat,Clay,Clay_070,70,nonStim,2,MonoL,0.0909090909090909,0.0909090909090909,1,1,9,0.111111111111111
C:\Users\zzhu329\Documents\GitHub\EM-3DMotion\BehaviorFitting\BehaviorData_Clay.mat,Clay,Clay_070,70,nonStim,2,MonoL,0.181818181818182,0.181818181818182,6,6,9,0.666666666666667
C:\Users\zzhu329\Documents\GitHub\EM-3DMotion\BehaviorFitting\BehaviorData_Clay.mat,Clay,Clay_070,70,nonStim,2,MonoL,0.363636363636364,0.363636363636364,6,6,9,0.666666666666667
C:\Users\zzhu329\Documents\GitHub\EM-3DMotion\BehaviorFitting\BehaviorData_Clay.mat,Clay,Clay_070,70,nonStim,2,MonoL,0.454545454545455,0.454545454545455,5,5,9,0.555555555555556
C:\Users\zzhu329\Documents\GitHub\EM-3DMotion\BehaviorFitting\BehaviorData_Clay.mat,Clay,Clay_070,70,nonStim,2,MonoL,0.636363636363636,0.636363636363636,8,8,8,1
C:\Users\zzhu329\Documents\GitHub\EM-3DMotion\BehaviorFitting\BehaviorData_Clay.mat,Clay,Clay_070,70,nonStim,2,MonoL,1,1,8,8,8,1
C:\Users\zzhu329\Documents\GitHub\EM-3DMotion\BehaviorFitting\BehaviorData_Clay.mat,Clay,Clay_070,70,nonStim,3,MonoR,-1,1,0,9,9,1
C:\Users\zzhu329\Documents\GitHub\EM-3DMotion\BehaviorFitting\BehaviorData_Clay.mat,Clay,Clay_070,70,nonStim,3,MonoR,-0.636363636363636,0.636363636363636,3,6,9,0.666666666666667
C:\Users\zzhu329\Documents\GitHub\EM-3DMotion\BehaviorFitting\BehaviorData_Clay.mat,Clay,Clay_070,70,nonStim,3,MonoR,-0.454545454545455,0.454545454545455,1,8,9,0.888888888888889
C:\Users\zzhu329\Documents\GitHub\EM-3DMotion\BehaviorFitting\BehaviorData_Clay.mat,Clay,Clay_070,70,nonStim,3,MonoR,-0.363636363636364,0.363636363636364,3,6,9,0.666666666666667
C:\Users\zzhu329\Documents\GitHub\EM-3DMotion\BehaviorFitting\BehaviorData_Clay.mat,Clay,Clay_070,70,nonStim,3,MonoR,-0.181818181818182,0.181818181818182,3,5,8,0.625
C:\Users\zzhu329\Documents\GitHub\EM-3DMotion\BehaviorFitting\BehaviorData_Clay.mat,Clay,Clay_070,70,nonStim,3,MonoR,-0.0909090909090909,0.0909090909090909,3,5,8,0.625
C:\Users\zzhu329\Documents\GitHub\EM-3DMotion\BehaviorFitting\BehaviorData_Clay.mat,Clay,Clay_070,70,nonStim,3,MonoR,0.0909090909090909,0.0909090909090909,6,6,9,0.666666666666667
C:\Users\zzhu329\Documents\GitHub\EM-3DMotion\BehaviorFitting\BehaviorData_Clay.mat,Clay,Clay_070,70,nonStim,3,MonoR,0.181818181818182,0.181818181818182,5,5,9,0.555555555555556
C:\Users\zzhu329\Documents\GitHub\EM-3DMotion\BehaviorFitting\BehaviorData_Clay.mat,Clay,Clay_070,70,nonStim,3,MonoR,0.363636363636364,0.363636363636364,5,5,8,0.625
C:\Users\zzhu329\Documents\GitHub\EM-3DMotion\BehaviorFitting\BehaviorData_Clay.mat,Clay,Clay_070,70,nonStim,3,MonoR,0.454545454545455,0.454545454545455,7,7,9,0.777777777777778
C:\Users\zzhu329\Documents\GitHub\EM-3DMotion\BehaviorFitting\BehaviorData_Clay.mat,Clay,Clay_070,70,nonStim,3,MonoR,0.636363636363636,0.636363636363636,8,8,9,0.888888888888889
C:\Users\zzhu329\Documents\GitHub\EM-3DMotion\BehaviorFitting\BehaviorData_Clay.mat,Clay,Clay_070,70,nonStim,3,MonoR,1,1,8,8,8,1
C:\Users\zzhu329\Documents\GitHub\EM-3DMotion\BehaviorFitting\BehaviorData_Clay.mat,Clay,Clay_070,70,nonStim,4,Bino,-1,1,0,8,8,1
C:\Users\zzhu329\Documents\GitHub\EM-3DMotion\BehaviorFitting\BehaviorData_Clay.mat,Clay,Clay_070,70,nonStim,4,Bino,-0.636363636363636,0.636363636363636,2,6,8,0.75
C:\Users\zzhu329\Documents\GitHub\EM-3DMotion\BehaviorFitting\BehaviorData_Clay.mat,Clay,Clay_070,70,nonStim,4,Bino,-0.454545454545455,0.454545454545455,1,8,9,0.888888888888889
C:\Users\zzhu329\Documents\GitHub\EM-3DMotion\BehaviorFitting\BehaviorData_Clay.mat,Clay,Clay_070,70,nonStim,4,Bino,-0.363636363636364,0.363636363636364,2,6,8,0.75
C:\Users\zzhu329\Documents\GitHub\EM-3DMotion\BehaviorFitting\BehaviorData_Clay.mat,Clay,Clay_070,70,nonStim,4,Bino,-0.181818181818182,0.181818181818182,2,6,8,0.75
C:\Users\zzhu329\Documents\GitHub\EM-3DMotion\BehaviorFitting\BehaviorData_Clay.mat,Clay,Clay_070,70,nonStim,4,Bino,-0.0909090909090909,0.0909090909090909,5,3,8,0.375
C:\Users\zzhu329\Documents\GitHub\EM-3DMotion\BehaviorFitting\BehaviorData_Clay.mat,Clay,Clay_070,70,nonStim,4,Bino,0.0909090909090909,0.0909090909090909,7,7,8,0.875
C:\Users\zzhu329\Documents\GitHub\EM-3DMotion\BehaviorFitting\BehaviorData_Clay.mat,Clay,Clay_070,70,nonStim,4,Bino,0.181818181818182,0.181818181818182,7,7,9,0.777777777777778
C:\Users\zzhu329\Documents\GitHub\EM-3DMotion\BehaviorFitting\BehaviorData_Clay.mat,Clay,Clay_070,70,nonStim,4,Bino,0.363636363636364,0.363636363636364,5,5,9,0.555555555555556
C:\Users\zzhu329\Documents\GitHub\EM-3DMotion\BehaviorFitting\BehaviorData_Clay.mat,Clay,Clay_070,70,nonStim,4,Bino,0.454545454545455,0.454545454545455,7,7,8,0.875
C:\Users\zzhu329\Documents\GitHub\EM-3DMotion\BehaviorFitting\BehaviorData_Clay.mat,Clay,Clay_070,70,nonStim,4,Bino,0.636363636363636,0.636363636363636,9,9,9,1
C:\Users\zzhu329\Documents\GitHub\EM-3DMotion\BehaviorFitting\BehaviorData_Clay.mat,Clay,Clay_070,70,nonStim,4,Bino,1,1,9,9,9,1
C:\Users\zzhu329\Documents\GitHub\EM-3DMotion\BehaviorFitting\BehaviorData_Clay.mat,Clay,Clay_071,71,nonStim,1,Combined,-1,1,0,6,6,1
C:\Users\zzhu329\Documents\GitHub\EM-3DMotion\BehaviorFitting\BehaviorData_Clay.mat,Clay,Clay_071,71,nonStim,1,Combined,-0.636363636363636,0.636363636363636,2,5,7,0.714285714285714
C:\Users\zzhu329\Documents\GitHub\EM-3DMotion\BehaviorFitting\BehaviorData_Clay.mat,Clay,Clay_071,71,nonStim,1,Combined,-0.454545454545455,0.454545454545455,0,6,6,1
C:\Users\zzhu329\Documents\GitHub\EM-3DMotion\BehaviorFitting\BehaviorData_Clay.mat,Clay,Clay_071,71,nonStim,1,Combined,-0.363636363636364,0.363636363636364,0,6,6,1
C:\Users\zzhu329\Documents\GitHub\EM-3DMotion\BehaviorFitting\BehaviorData_Clay.mat,Clay,Clay_071,71,nonStim,1,Combined,-0.181818181818182,0.181818181818182,0,5,5,1
C:\Users\zzhu329\Documents\GitHub\EM-3DMotion\BehaviorFitting\BehaviorData_Clay.mat,Clay,Clay_071,71,nonStim,1,Combined,-0.0909090909090909,0.0909090909090909,4,3,7,0.428571428571429
C:\Users\zzhu329\Documents\GitHub\EM-3DMotion\BehaviorFitting\BehaviorData_Clay.mat,Clay,Clay_071,71,nonStim,1,Combined,0.0909090909090909,0.0909090909090909,4,4,6,0.666666666666667
C:\Users\zzhu329\Documents\GitHub\EM-3DMotion\BehaviorFitting\BehaviorData_Clay.mat,Clay,Clay_071,71,nonStim,1,Combined,0.181818181818182,0.181818181818182,7,7,7,1
C:\Users\zzhu329\Documents\GitHub\EM-3DMotion\BehaviorFitting\BehaviorData_Clay.mat,Clay,Clay_071,71,nonStim,1,Combined,0.363636363636364,0.363636363636364,6,6,6,1
C:\Users\zzhu329\Documents\GitHub\EM-3DMotion\BehaviorFitting\BehaviorData_Clay.mat,Clay,Clay_071,71,nonStim,1,Combined,0.454545454545455,0.454545454545455,7,7,7,1
C:\Users\zzhu329\Documents\GitHub\EM-3DMotion\BehaviorFitting\BehaviorData_Clay.mat,Clay,Clay_071,71,nonStim,1,Combined,0.636363636363636,0.636363636363636,6,6,6,1
C:\Users\zzhu329\Documents\GitHub\EM-3DMotion\BehaviorFitting\BehaviorData_Clay.mat,Clay,Clay_071,71,nonStim,1,Combined,1,1,6,6,6,1
C:\Users\zzhu329\Documents\GitHub\EM-3DMotion\BehaviorFitting\BehaviorData_Clay.mat,Clay,Clay_071,71,nonStim,2,MonoL,-1,1,0,7,7,1
C:\Users\zzhu329\Documents\GitHub\EM-3DMotion\BehaviorFitting\BehaviorData_Clay.mat,Clay,Clay_071,71,nonStim,2,MonoL,-0.636363636363636,0.636363636363636,1,5,6,0.833333333333333
C:\Users\zzhu329\Documents\GitHub\EM-3DMotion\BehaviorFitting\BehaviorData_Clay.mat,Clay,Clay_071,71,nonStim,2,MonoL,-0.454545454545455,0.454545454545455,0,7,7,1
C:\Users\zzhu329\Documents\GitHub\EM-3DMotion\BehaviorFitting\BehaviorData_Clay.mat,Clay,Clay_071,71,nonStim,2,MonoL,-0.363636363636364,0.363636363636364,1,6,7,0.857142857142857
C:\Users\zzhu329\Documents\GitHub\EM-3DMotion\BehaviorFitting\BehaviorData_Clay.mat,Clay,Clay_071,71,nonStim,2,MonoL,-0.181818181818182,0.181818181818182,3,3,6,0.5
C:\Users\zzhu329\Documents\GitHub\EM-3DMotion\BehaviorFitting\BehaviorData_Clay.mat,Clay,Clay_071,71,nonStim,2,MonoL,-0.0909090909090909,0.0909090909090909,4,2,6,0.333333333333333
C:\Users\zzhu329\Documents\GitHub\EM-3DMotion\BehaviorFitting\BehaviorData_Clay.mat,Clay,Clay_071,71,nonStim,2,MonoL,0.0909090909090909,0.0909090909090909,1,1,6,0.166666666666667
C:\Users\zzhu329\Documents\GitHub\EM-3DMotion\BehaviorFitting\BehaviorData_Clay.mat,Clay,Clay_071,71,nonStim,2,MonoL,0.181818181818182,0.181818181818182,4,4,7,0.571428571428571
C:\Users\zzhu329\Documents\GitHub\EM-3DMotion\BehaviorFitting\BehaviorData_Clay.mat,Clay,Clay_071,71,nonStim,2,MonoL,0.363636363636364,0.363636363636364,5,5,7,0.714285714285714
C:\Users\zzhu329\Documents\GitHub\EM-3DMotion\BehaviorFitting\BehaviorData_Clay.mat,Clay,Clay_071,71,nonStim,2,MonoL,0.454545454545455,0.454545454545455,6,6,7,0.857142857142857
C:\Users\zzhu329\Documents\GitHub\EM-3DMotion\BehaviorFitting\BehaviorData_Clay.mat,Clay,Clay_071,71,nonStim,2,MonoL,0.636363636363636,0.636363636363636,6,6,7,0.857142857142857
C:\Users\zzhu329\Documents\GitHub\EM-3DMotion\BehaviorFitting\BehaviorData_Clay.mat,Clay,Clay_071,71,nonStim,2,MonoL,1,1,7,7,7,1
C:\Users\zzhu329\Documents\GitHub\EM-3DMotion\BehaviorFitting\BehaviorData_Clay.mat,Clay,Clay_071,71,nonStim,3,MonoR,-1,1,0,6,6,1
C:\Users\zzhu329\Documents\GitHub\EM-3DMotion\BehaviorFitting\BehaviorData_Clay.mat,Clay,Clay_071,71,nonStim,3,MonoR,-0.636363636363636,0.636363636363636,1,6,7,0.857142857142857
C:\Users\zzhu329\Documents\GitHub\EM-3DMotion\BehaviorFitting\BehaviorData_Clay.mat,Clay,Clay_071,71,nonStim,3,MonoR,-0.454545454545455,0.454545454545455,1,5,6,0.833333333333333
C:\Users\zzhu329\Documents\GitHub\EM-3DMotion\BehaviorFitting\BehaviorData_Clay.mat,Clay,Clay_071,71,nonStim,3,MonoR,-0.363636363636364,0.363636363636364,1,6,7,0.857142857142857
C:\Users\zzhu329\Documents\GitHub\EM-3DMotion\BehaviorFitting\BehaviorData_Clay.mat,Clay,Clay_071,71,nonStim,3,MonoR,-0.181818181818182,0.181818181818182,1,6,7,0.857142857142857
C:\Users\zzhu329\Documents\GitHub\EM-3DMotion\BehaviorFitting\BehaviorData_Clay.mat,Clay,Clay_071,71,nonStim,3,MonoR,-0.0909090909090909,0.0909090909090909,1,5,6,0.833333333333333
C:\Users\zzhu329\Documents\GitHub\EM-3DMotion\BehaviorFitting\BehaviorData_Clay.mat,Clay,Clay_071,71,nonStim,3,MonoR,0.0909090909090909,0.0909090909090909,2,2,7,0.285714285714286
C:\Users\zzhu329\Documents\GitHub\EM-3DMotion\BehaviorFitting\BehaviorData_Clay.mat,Clay,Clay_071,71,nonStim,3,MonoR,0.181818181818182,0.181818181818182,4,4,7,0.571428571428571
C:\Users\zzhu329\Documents\GitHub\EM-3DMotion\BehaviorFitting\BehaviorData_Clay.mat,Clay,Clay_071,71,nonStim,3,MonoR,0.363636363636364,0.363636363636364,6,6,7,0.857142857142857
C:\Users\zzhu329\Documents\GitHub\EM-3DMotion\BehaviorFitting\BehaviorData_Clay.mat,Clay,Clay_071,71,nonStim,3,MonoR,0.454545454545455,0.454545454545455,6,6,6,1
C:\Users\zzhu329\Documents\GitHub\EM-3DMotion\BehaviorFitting\BehaviorData_Clay.mat,Clay,Clay_071,71,nonStim,3,MonoR,0.636363636363636,0.636363636363636,6,6,7,0.857142857142857
C:\Users\zzhu329\Documents\GitHub\EM-3DMotion\BehaviorFitting\BehaviorData_Clay.mat,Clay,Clay_071,71,nonStim,3,MonoR,1,1,7,7,7,1
C:\Users\zzhu329\Documents\GitHub\EM-3DMotion\BehaviorFitting\BehaviorData_Clay.mat,Clay,Clay_071,71,nonStim,4,Bino,-1,1,1,5,6,0.833333333333333
C:\Users\zzhu329\Documents\GitHub\EM-3DMotion\BehaviorFitting\BehaviorData_Clay.mat,Clay,Clay_071,71,nonStim,4,Bino,-0.636363636363636,0.636363636363636,0,6,6,1
C:\Users\zzhu329\Documents\GitHub\EM-3DMotion\BehaviorFitting\BehaviorData_Clay.mat,Clay,Clay_071,71,nonStim,4,Bino,-0.454545454545455,0.454545454545455,1,5,6,0.833333333333333
C:\Users\zzhu329\Documents\GitHub\EM-3DMotion\BehaviorFitting\BehaviorData_Clay.mat,Clay,Clay_071,71,nonStim,4,Bino,-0.363636363636364,0.363636363636364,2,5,7,0.714285714285714
C:\Users\zzhu329\Documents\GitHub\EM-3DMotion\BehaviorFitting\BehaviorData_Clay.mat,Clay,Clay_071,71,nonStim,4,Bino,-0.181818181818182,0.181818181818182,2,5,7,0.714285714285714
C:\Users\zzhu329\Documents\GitHub\EM-3DMotion\BehaviorFitting\BehaviorData_Clay.mat,Clay,Clay_071,71,nonStim,4,Bino,-0.0909090909090909,0.0909090909090909,1,5,6,0.833333333333333
C:\Users\zzhu329\Documents\GitHub\EM-3DMotion\BehaviorFitting\BehaviorData_Clay.mat,Clay,Clay_071,71,nonStim,4,Bino,0.0909090909090909,0.0909090909090909,2,2,6,0.333333333333333
C:\Users\zzhu329\Documents\GitHub\EM-3DMotion\BehaviorFitting\BehaviorData_Clay.mat,Clay,Clay_071,71,nonStim,4,Bino,0.181818181818182,0.181818181818182,4,4,7,0.571428571428571
C:\Users\zzhu329\Documents\GitHub\EM-3DMotion\BehaviorFitting\BehaviorData_Clay.mat,Clay,Clay_071,71,nonStim,4,Bino,0.363636363636364,0.363636363636364,6,6,6,1
C:\Users\zzhu329\Documents\GitHub\EM-3DMotion\BehaviorFitting\BehaviorData_Clay.mat,Clay,Clay_071,71,nonStim,4,Bino,0.454545454545455,0.454545454545455,5,5,6,0.833333333333333
C:\Users\zzhu329\Documents\GitHub\EM-3DMotion\BehaviorFitting\BehaviorData_Clay.mat,Clay,Clay_071,71,nonStim,4,Bino,0.636363636363636,0.636363636363636,6,6,6,1
C:\Users\zzhu329\Documents\GitHub\EM-3DMotion\BehaviorFitting\BehaviorData_Clay.mat,Clay,Clay_071,71,nonStim,4,Bino,1,1,6,6,6,1
C:\Users\zzhu329\Documents\GitHub\EM-3DMotion\BehaviorFitting\BehaviorData_Clay.mat,Clay,Clay_072,72,nonStim,1,Combined,-1,1,0,7,7,1
C:\Users\zzhu329\Documents\GitHub\EM-3DMotion\BehaviorFitting\BehaviorData_Clay.mat,Clay,Clay_072,72,nonStim,1,Combined,-0.636363636363636,0.636363636363636,0,8,8,1
C:\Users\zzhu329\Documents\GitHub\EM-3DMotion\BehaviorFitting\BehaviorData_Clay.mat,Clay,Clay_072,72,nonStim,1,Combined,-0.454545454545455,0.454545454545455,0,6,6,1
C:\Users\zzhu329\Documents\GitHub\EM-3DMotion\BehaviorFitting\BehaviorData_Clay.mat,Clay,Clay_072,72,nonStim,1,Combined,-0.363636363636364,0.363636363636364,0,7,7,1
C:\Users\zzhu329\Documents\GitHub\EM-3DMotion\BehaviorFitting\BehaviorData_Clay.mat,Clay,Clay_072,72,nonStim,1,Combined,-0.181818181818182,0.181818181818182,3,4,7,0.571428571428571
C:\Users\zzhu329\Documents\GitHub\EM-3DMotion\BehaviorFitting\BehaviorData_Clay.mat,Clay,Clay_072,72,nonStim,1,Combined,-0.0909090909090909,0.0909090909090909,5,3,8,0.375
C:\Users\zzhu329\Documents\GitHub\EM-3DMotion\BehaviorFitting\BehaviorData_Clay.mat,Clay,Clay_072,72,nonStim,1,Combined,0.0909090909090909,0.0909090909090909,7,7,7,1
C:\Users\zzhu329\Documents\GitHub\EM-3DMotion\BehaviorFitting\BehaviorData_Clay.mat,Clay,Clay_072,72,nonStim,1,Combined,0.181818181818182,0.181818181818182,4,4,4,1
C:\Users\zzhu329\Documents\GitHub\EM-3DMotion\BehaviorFitting\BehaviorData_Clay.mat,Clay,Clay_072,72,nonStim,1,Combined,0.363636363636364,0.363636363636364,6,6,6,1
C:\Users\zzhu329\Documents\GitHub\EM-3DMotion\BehaviorFitting\BehaviorData_Clay.mat,Clay,Clay_072,72,nonStim,1,Combined,0.454545454545455,0.454545454545455,7,7,7,1
C:\Users\zzhu329\Documents\GitHub\EM-3DMotion\BehaviorFitting\BehaviorData_Clay.mat,Clay,Clay_072,72,nonStim,1,Combined,0.636363636363636,0.636363636363636,4,4,4,1
C:\Users\zzhu329\Documents\GitHub\EM-3DMotion\BehaviorFitting\BehaviorData_Clay.mat,Clay,Clay_072,72,nonStim,1,Combined,1,1,7,7,7,1
C:\Users\zzhu329\Documents\GitHub\EM-3DMotion\BehaviorFitting\BehaviorData_Clay.mat,Clay,Clay_072,72,nonStim,2,MonoL,-1,1,0,7,7,1
C:\Users\zzhu329\Documents\GitHub\EM-3DMotion\BehaviorFitting\BehaviorData_Clay.mat,Clay,Clay_072,72,nonStim,2,MonoL,-0.636363636363636,0.636363636363636,1,5,6,0.833333333333333
C:\Users\zzhu329\Documents\GitHub\EM-3DMotion\BehaviorFitting\BehaviorData_Clay.mat,Clay,Clay_072,72,nonStim,2,MonoL,-0.454545454545455,0.454545454545455,2,6,8,0.75
C:\Users\zzhu329\Documents\GitHub\EM-3DMotion\BehaviorFitting\BehaviorData_Clay.mat,Clay,Clay_072,72,nonStim,2,MonoL,-0.363636363636364,0.363636363636364,3,4,7,0.571428571428571
C:\Users\zzhu329\Documents\GitHub\EM-3DMotion\BehaviorFitting\BehaviorData_Clay.mat,Clay,Clay_072,72,nonStim,2,MonoL,-0.181818181818182,0.181818181818182,3,4,7,0.571428571428571
C:\Users\zzhu329\Documents\GitHub\EM-3DMotion\BehaviorFitting\BehaviorData_Clay.mat,Clay,Clay_072,72,nonStim,2,MonoL,-0.0909090909090909,0.0909090909090909,1,5,6,0.833333333333333
C:\Users\zzhu329\Documents\GitHub\EM-3DMotion\BehaviorFitting\BehaviorData_Clay.mat,Clay,Clay_072,72,nonStim,2,MonoL,0.0909090909090909,0.0909090909090909,1,1,6,0.166666666666667
C:\Users\zzhu329\Documents\GitHub\EM-3DMotion\BehaviorFitting\BehaviorData_Clay.mat,Clay,Clay_072,72,nonStim,2,MonoL,0.181818181818182,0.181818181818182,5,5,7,0.714285714285714
C:\Users\zzhu329\Documents\GitHub\EM-3DMotion\BehaviorFitting\BehaviorData_Clay.mat,Clay,Clay_072,72,nonStim,2,MonoL,0.363636363636364,0.363636363636364,5,5,7,0.714285714285714
C:\Users\zzhu329\Documents\GitHub\EM-3DMotion\BehaviorFitting\BehaviorData_Clay.mat,Clay,Clay_072,72,nonStim,2,MonoL,0.454545454545455,0.454545454545455,7,7,7,1
C:\Users\zzhu329\Documents\GitHub\EM-3DMotion\BehaviorFitting\BehaviorData_Clay.mat,Clay,Clay_072,72,nonStim,2,MonoL,0.636363636363636,0.636363636363636,8,8,8,1
C:\Users\zzhu329\Documents\GitHub\EM-3DMotion\BehaviorFitting\BehaviorData_Clay.mat,Clay,Clay_072,72,nonStim,2,MonoL,1,1,7,7,7,1
C:\Users\zzhu329\Documents\GitHub\EM-3DMotion\BehaviorFitting\BehaviorData_Clay.mat,Clay,Clay_072,72,nonStim,3,MonoR,-1,1,0,7,7,1
C:\Users\zzhu329\Documents\GitHub\EM-3DMotion\BehaviorFitting\BehaviorData_Clay.mat,Clay,Clay_072,72,nonStim,3,MonoR,-0.636363636363636,0.636363636363636,0,7,7,1
C:\Users\zzhu329\Documents\GitHub\EM-3DMotion\BehaviorFitting\BehaviorData_Clay.mat,Clay,Clay_072,72,nonStim,3,MonoR,-0.454545454545455,0.454545454545455,0,7,7,1
C:\Users\zzhu329\Documents\GitHub\EM-3DMotion\BehaviorFitting\BehaviorData_Clay.mat,Clay,Clay_072,72,nonStim,3,MonoR,-0.363636363636364,0.363636363636364,1,4,5,0.8
C:\Users\zzhu329\Documents\GitHub\EM-3DMotion\BehaviorFitting\BehaviorData_Clay.mat,Clay,Clay_072,72,nonStim,3,MonoR,-0.181818181818182,0.181818181818182,0,6,6,1
C:\Users\zzhu329\Documents\GitHub\EM-3DMotion\BehaviorFitting\BehaviorData_Clay.mat,Clay,Clay_072,72,nonStim,3,MonoR,-0.0909090909090909,0.0909090909090909,1,5,6,0.833333333333333
C:\Users\zzhu329\Documents\GitHub\EM-3DMotion\BehaviorFitting\BehaviorData_Clay.mat,Clay,Clay_072,72,nonStim,3,MonoR,0.0909090909090909,0.0909090909090909,5,5,8,0.625
C:\Users\zzhu329\Documents\GitHub\EM-3DMotion\BehaviorFitting\BehaviorData_Clay.mat,Clay,Clay_072,72,nonStim,3,MonoR,0.181818181818182,0.181818181818182,4,4,8,0.5
C:\Users\zzhu329\Documents\GitHub\EM-3DMotion\BehaviorFitting\BehaviorData_Clay.mat,Clay,Clay_072,72,nonStim,3,MonoR,0.363636363636364,0.363636363636364,7,7,8,0.875
C:\Users\zzhu329\Documents\GitHub\EM-3DMotion\BehaviorFitting\BehaviorData_Clay.mat,Clay,Clay_072,72,nonStim,3,MonoR,0.454545454545455,0.454545454545455,6,6,6,1
C:\Users\zzhu329\Documents\GitHub\EM-3DMotion\BehaviorFitting\BehaviorData_Clay.mat,Clay,Clay_072,72,nonStim,3,MonoR,0.636363636363636,0.636363636363636,8,8,8,1
C:\Users\zzhu329\Documents\GitHub\EM-3DMotion\BehaviorFitting\BehaviorData_Clay.mat,Clay,Clay_072,72,nonStim,3,MonoR,1,1,5,5,5,1
C:\Users\zzhu329\Documents\GitHub\EM-3DMotion\BehaviorFitting\BehaviorData_Clay.mat,Clay,Clay_072,72,nonStim,4,Bino,-1,1,1,7,8,0.875
C:\Users\zzhu329\Documents\GitHub\EM-3DMotion\BehaviorFitting\BehaviorData_Clay.mat,Clay,Clay_072,72,nonStim,4,Bino,-0.636363636363636,0.636363636363636,0,6,6,1
C:\Users\zzhu329\Documents\GitHub\EM-3DMotion\BehaviorFitting\BehaviorData_Clay.mat,Clay,Clay_072,72,nonStim,4,Bino,-0.454545454545455,0.454545454545455,0,6,6,1
C:\Users\zzhu329\Documents\GitHub\EM-3DMotion\BehaviorFitting\BehaviorData_Clay.mat,Clay,Clay_072,72,nonStim,4,Bino,-0.363636363636364,0.363636363636364,1,7,8,0.875
C:\Users\zzhu329\Documents\GitHub\EM-3DMotion\BehaviorFitting\BehaviorData_Clay.mat,Clay,Clay_072,72,nonStim,4,Bino,-0.181818181818182,0.181818181818182,0,7,7,1
C:\Users\zzhu329\Documents\GitHub\EM-3DMotion\BehaviorFitting\BehaviorData_Clay.mat,Clay,Clay_072,72,nonStim,4,Bino,-0.0909090909090909,0.0909090909090909,0,6,6,1
C:\Users\zzhu329\Documents\GitHub\EM-3DMotion\BehaviorFitting\BehaviorData_Clay.mat,Clay,Clay_072,72,nonStim,4,Bino,0.0909090909090909,0.0909090909090909,4,4,7,0.571428571428571
C:\Users\zzhu329\Documents\GitHub\EM-3DMotion\BehaviorFitting\BehaviorData_Clay.mat,Clay,Clay_072,72,nonStim,4,Bino,0.181818181818182,0.181818181818182,4,4,7,0.571428571428571
C:\Users\zzhu329\Documents\GitHub\EM-3DMotion\BehaviorFitting\BehaviorData_Clay.mat,Clay,Clay_072,72,nonStim,4,Bino,0.363636363636364,0.363636363636364,8,8,8,1
C:\Users\zzhu329\Documents\GitHub\EM-3DMotion\BehaviorFitting\BehaviorData_Clay.mat,Clay,Clay_072,72,nonStim,4,Bino,0.454545454545455,0.454545454545455,8,8,8,1
C:\Users\zzhu329\Documents\GitHub\EM-3DMotion\BehaviorFitting\BehaviorData_Clay.mat,Clay,Clay_072,72,nonStim,4,Bino,0.636363636363636,0.636363636363636,7,7,7,1
C:\Users\zzhu329\Documents\GitHub\EM-3DMotion\BehaviorFitting\BehaviorData_Clay.mat,Clay,Clay_072,72,nonStim,4,Bino,1,1,8,8,8,1
C:\Users\zzhu329\Documents\GitHub\EM-3DMotion\BehaviorFitting\BehaviorData_Clay.mat,Clay,Clay_073,73,nonStim,1,Combined,-1,1,0,9,9,1
C:\Users\zzhu329\Documents\GitHub\EM-3DMotion\BehaviorFitting\BehaviorData_Clay.mat,Clay,Clay_073,73,nonStim,1,Combined,-0.636363636363636,0.636363636363636,0,9,9,1
C:\Users\zzhu329\Documents\GitHub\EM-3DMotion\BehaviorFitting\BehaviorData_Clay.mat,Clay,Clay_073,73,nonStim,1,Combined,-0.454545454545455,0.454545454545455,0,10,10,1
C:\Users\zzhu329\Documents\GitHub\EM-3DMotion\BehaviorFitting\BehaviorData_Clay.mat,Clay,Clay_073,73,nonStim,1,Combined,-0.363636363636364,0.363636363636364,0,10,10,1
C:\Users\zzhu329\Documents\GitHub\EM-3DMotion\BehaviorFitting\BehaviorData_Clay.mat,Clay,Clay_073,73,nonStim,1,Combined,-0.181818181818182,0.181818181818182,2,7,9,0.777777777777778
C:\Users\zzhu329\Documents\GitHub\EM-3DMotion\BehaviorFitting\BehaviorData_Clay.mat,Clay,Clay_073,73,nonStim,1,Combined,-0.0909090909090909,0.0909090909090909,5,4,9,0.444444444444444
C:\Users\zzhu329\Documents\GitHub\EM-3DMotion\BehaviorFitting\BehaviorData_Clay.mat,Clay,Clay_073,73,nonStim,1,Combined,0.0909090909090909,0.0909090909090909,9,9,9,1
C:\Users\zzhu329\Documents\GitHub\EM-3DMotion\BehaviorFitting\BehaviorData_Clay.mat,Clay,Clay_073,73,nonStim,1,Combined,0.181818181818182,0.181818181818182,9,9,9,1
C:\Users\zzhu329\Documents\GitHub\EM-3DMotion\BehaviorFitting\BehaviorData_Clay.mat,Clay,Clay_073,73,nonStim,1,Combined,0.363636363636364,0.363636363636364,9,9,9,1
C:\Users\zzhu329\Documents\GitHub\EM-3DMotion\BehaviorFitting\BehaviorData_Clay.mat,Clay,Clay_073,73,nonStim,1,Combined,0.454545454545455,0.454545454545455,10,10,10,1
C:\Users\zzhu329\Documents\GitHub\EM-3DMotion\BehaviorFitting\BehaviorData_Clay.mat,Clay,Clay_073,73,nonStim,1,Combined,0.636363636363636,0.636363636363636,8,8,8,1
C:\Users\zzhu329\Documents\GitHub\EM-3DMotion\BehaviorFitting\BehaviorData_Clay.mat,Clay,Clay_073,73,nonStim,1,Combined,1,1,9,9,9,1
C:\Users\zzhu329\Documents\GitHub\EM-3DMotion\BehaviorFitting\BehaviorData_Clay.mat,Clay,Clay_073,73,nonStim,2,MonoL,-1,1,1,8,9,0.888888888888889
C:\Users\zzhu329\Documents\GitHub\EM-3DMotion\BehaviorFitting\BehaviorData_Clay.mat,Clay,Clay_073,73,nonStim,2,MonoL,-0.636363636363636,0.636363636363636,1,8,9,0.888888888888889
C:\Users\zzhu329\Documents\GitHub\EM-3DMotion\BehaviorFitting\BehaviorData_Clay.mat,Clay,Clay_073,73,nonStim,2,MonoL,-0.454545454545455,0.454545454545455,2,7,9,0.777777777777778
C:\Users\zzhu329\Documents\GitHub\EM-3DMotion\BehaviorFitting\BehaviorData_Clay.mat,Clay,Clay_073,73,nonStim,2,MonoL,-0.363636363636364,0.363636363636364,2,8,10,0.8
C:\Users\zzhu329\Documents\GitHub\EM-3DMotion\BehaviorFitting\BehaviorData_Clay.mat,Clay,Clay_073,73,nonStim,2,MonoL,-0.181818181818182,0.181818181818182,2,8,10,0.8
C:\Users\zzhu329\Documents\GitHub\EM-3DMotion\BehaviorFitting\BehaviorData_Clay.mat,Clay,Clay_073,73,nonStim,2,MonoL,-0.0909090909090909,0.0909090909090909,3,7,10,0.7
C:\Users\zzhu329\Documents\GitHub\EM-3DMotion\BehaviorFitting\BehaviorData_Clay.mat,Clay,Clay_073,73,nonStim,2,MonoL,0.0909090909090909,0.0909090909090909,2,2,9,0.222222222222222
C:\Users\zzhu329\Documents\GitHub\EM-3DMotion\BehaviorFitting\BehaviorData_Clay.mat,Clay,Clay_073,73,nonStim,2,MonoL,0.181818181818182,0.181818181818182,6,6,10,0.6
C:\Users\zzhu329\Documents\GitHub\EM-3DMotion\BehaviorFitting\BehaviorData_Clay.mat,Clay,Clay_073,73,nonStim,2,MonoL,0.363636363636364,0.363636363636364,5,5,9,0.555555555555556
C:\Users\zzhu329\Documents\GitHub\EM-3DMotion\BehaviorFitting\BehaviorData_Clay.mat,Clay,Clay_073,73,nonStim,2,MonoL,0.454545454545455,0.454545454545455,9,9,10,0.9
C:\Users\zzhu329\Documents\GitHub\EM-3DMotion\BehaviorFitting\BehaviorData_Clay.mat,Clay,Clay_073,73,nonStim,2,MonoL,0.636363636363636,0.636363636363636,8,8,8,1
C:\Users\zzhu329\Documents\GitHub\EM-3DMotion\BehaviorFitting\BehaviorData_Clay.mat,Clay,Clay_073,73,nonStim,2,MonoL,1,1,10,10,10,1
C:\Users\zzhu329\Documents\GitHub\EM-3DMotion\BehaviorFitting\BehaviorData_Clay.mat,Clay,Clay_073,73,nonStim,3,MonoR,-1,1,0,10,10,1
C:\Users\zzhu329\Documents\GitHub\EM-3DMotion\BehaviorFitting\BehaviorData_Clay.mat,Clay,Clay_073,73,nonStim,3,MonoR,-0.636363636363636,0.636363636363636,1,8,9,0.888888888888889
C:\Users\zzhu329\Documents\GitHub\EM-3DMotion\BehaviorFitting\BehaviorData_Clay.mat,Clay,Clay_073,73,nonStim,3,MonoR,-0.454545454545455,0.454545454545455,0,10,10,1
C:\Users\zzhu329\Documents\GitHub\EM-3DMotion\BehaviorFitting\BehaviorData_Clay.mat,Clay,Clay_073,73,nonStim,3,MonoR,-0.363636363636364,0.363636363636364,2,7,9,0.777777777777778
C:\Users\zzhu329\Documents\GitHub\EM-3DMotion\BehaviorFitting\BehaviorData_Clay.mat,Clay,Clay_073,73,nonStim,3,MonoR,-0.181818181818182,0.181818181818182,2,8,10,0.8
C:\Users\zzhu329\Documents\GitHub\EM-3DMotion\BehaviorFitting\BehaviorData_Clay.mat,Clay,Clay_073,73,nonStim,3,MonoR,-0.0909090909090909,0.0909090909090909,3,6,9,0.666666666666667
C:\Users\zzhu329\Documents\GitHub\EM-3DMotion\BehaviorFitting\BehaviorData_Clay.mat,Clay,Clay_073,73,nonStim,3,MonoR,0.0909090909090909,0.0909090909090909,3,3,9,0.333333333333333
C:\Users\zzhu329\Documents\GitHub\EM-3DMotion\BehaviorFitting\BehaviorData_Clay.mat,Clay,Clay_073,73,nonStim,3,MonoR,0.181818181818182,0.181818181818182,7,7,10,0.7
C:\Users\zzhu329\Documents\GitHub\EM-3DMotion\BehaviorFitting\BehaviorData_Clay.mat,Clay,Clay_073,73,nonStim,3,MonoR,0.363636363636364,0.363636363636364,9,9,9,1
C:\Users\zzhu329\Documents\GitHub\EM-3DMotion\BehaviorFitting\BehaviorData_Clay.mat,Clay,Clay_073,73,nonStim,3,MonoR,0.454545454545455,0.454545454545455,8,8,9,0.888888888888889
C:\Users\zzhu329\Documents\GitHub\EM-3DMotion\BehaviorFitting\BehaviorData_Clay.mat,Clay,Clay_073,73,nonStim,3,MonoR,0.636363636363636,0.636363636363636,10,10,10,1
C:\Users\zzhu329\Documents\GitHub\EM-3DMotion\BehaviorFitting\BehaviorData_Clay.mat,Clay,Clay_073,73,nonStim,3,MonoR,1,1,10,10,10,1
C:\Users\zzhu329\Documents\GitHub\EM-3DMotion\BehaviorFitting\BehaviorData_Clay.mat,Clay,Clay_073,73,nonStim,4,Bino,-1,1,0,9,9,1
C:\Users\zzhu329\Documents\GitHub\EM-3DMotion\BehaviorFitting\BehaviorData_Clay.mat,Clay,Clay_073,73,nonStim,4,Bino,-0.636363636363636,0.636363636363636,2,8,10,0.8
C:\Users\zzhu329\Documents\GitHub\EM-3DMotion\BehaviorFitting\BehaviorData_Clay.mat,Clay,Clay_073,73,nonStim,4,Bino,-0.454545454545455,0.454545454545455,0,9,9,1
C:\Users\zzhu329\Documents\GitHub\EM-3DMotion\BehaviorFitting\BehaviorData_Clay.mat,Clay,Clay_073,73,nonStim,4,Bino,-0.363636363636364,0.363636363636364,1,8,9,0.888888888888889
C:\Users\zzhu329\Documents\GitHub\EM-3DMotion\BehaviorFitting\BehaviorData_Clay.mat,Clay,Clay_073,73,nonStim,4,Bino,-0.181818181818182,0.181818181818182,3,7,10,0.7
C:\Users\zzhu329\Documents\GitHub\EM-3DMotion\BehaviorFitting\BehaviorData_Clay.mat,Clay,Clay_073,73,nonStim,4,Bino,-0.0909090909090909,0.0909090909090909,4,6,10,0.6
C:\Users\zzhu329\Documents\GitHub\EM-3DMotion\BehaviorFitting\BehaviorData_Clay.mat,Clay,Clay_073,73,nonStim,4,Bino,0.0909090909090909,0.0909090909090909,2,2,9,0.222222222222222
C:\Users\zzhu329\Documents\GitHub\EM-3DMotion\BehaviorFitting\BehaviorData_Clay.mat,Clay,Clay_073,73,nonStim,4,Bino,0.181818181818182,0.181818181818182,8,8,9,0.888888888888889
C:\Users\zzhu329\Documents\GitHub\EM-3DMotion\BehaviorFitting\BehaviorData_Clay.mat,Clay,Clay_073,73,nonStim,4,Bino,0.363636363636364,0.363636363636364,8,8,9,0.888888888888889
C:\Users\zzhu329\Documents\GitHub\EM-3DMotion\BehaviorFitting\BehaviorData_Clay.mat,Clay,Clay_073,73,nonStim,4,Bino,0.454545454545455,0.454545454545455,6,6,10,0.6
C:\Users\zzhu329\Documents\GitHub\EM-3DMotion\BehaviorFitting\BehaviorData_Clay.mat,Clay,Clay_073,73,nonStim,4,Bino,0.636363636363636,0.636363636363636,10,10,10,1
C:\Users\zzhu329\Documents\GitHub\EM-3DMotion\BehaviorFitting\BehaviorData_Clay.mat,Clay,Clay_073,73,nonStim,4,Bino,1,1,10,10,10,1
C:\Users\zzhu329\Documents\GitHub\EM-3DMotion\BehaviorFitting\BehaviorData_Clay.mat,Clay,Clay_074,74,nonStim,1,Combined,-1,1,1,8,9,0.888888888888889
C:\Users\zzhu329\Documents\GitHub\EM-3DMotion\BehaviorFitting\BehaviorData_Clay.mat,Clay,Clay_074,74,nonStim,1,Combined,-0.636363636363636,0.636363636363636,0,10,10,1
C:\Users\zzhu329\Documents\GitHub\EM-3DMotion\BehaviorFitting\BehaviorData_Clay.mat,Clay,Clay_074,74,nonStim,1,Combined,-0.454545454545455,0.454545454545455,1,8,9,0.888888888888889
C:\Users\zzhu329\Documents\GitHub\EM-3DMotion\BehaviorFitting\BehaviorData_Clay.mat,Clay,Clay_074,74,nonStim,1,Combined,-0.363636363636364,0.363636363636364,1,8,9,0.888888888888889
C:\Users\zzhu329\Documents\GitHub\EM-3DMotion\BehaviorFitting\BehaviorData_Clay.mat,Clay,Clay_074,74,nonStim,1,Combined,-0.181818181818182,0.181818181818182,4,4,8,0.5
C:\Users\zzhu329\Documents\GitHub\EM-3DMotion\BehaviorFitting\BehaviorData_Clay.mat,Clay,Clay_074,74,nonStim,1,Combined,-0.0909090909090909,0.0909090909090909,5,4,9,0.444444444444444
C:\Users\zzhu329\Documents\GitHub\EM-3DMotion\BehaviorFitting\BehaviorData_Clay.mat,Clay,Clay_074,74,nonStim,1,Combined,0.0909090909090909,0.0909090909090909,8,8,9,0.888888888888889
C:\Users\zzhu329\Documents\GitHub\EM-3DMotion\BehaviorFitting\BehaviorData_Clay.mat,Clay,Clay_074,74,nonStim,1,Combined,0.181818181818182,0.181818181818182,9,9,10,0.9
C:\Users\zzhu329\Documents\GitHub\EM-3DMotion\BehaviorFitting\BehaviorData_Clay.mat,Clay,Clay_074,74,nonStim,1,Combined,0.363636363636364,0.363636363636364,9,9,9,1
C:\Users\zzhu329\Documents\GitHub\EM-3DMotion\BehaviorFitting\BehaviorData_Clay.mat,Clay,Clay_074,74,nonStim,1,Combined,0.454545454545455,0.454545454545455,9,9,9,1
C:\Users\zzhu329\Documents\GitHub\EM-3DMotion\BehaviorFitting\BehaviorData_Clay.mat,Clay,Clay_074,74,nonStim,1,Combined,0.636363636363636,0.636363636363636,9,9,9,1
C:\Users\zzhu329\Documents\GitHub\EM-3DMotion\BehaviorFitting\BehaviorData_Clay.mat,Clay,Clay_074,74,nonStim,1,Combined,1,1,9,9,9,1
C:\Users\zzhu329\Documents\GitHub\EM-3DMotion\BehaviorFitting\BehaviorData_Clay.mat,Clay,Clay_074,74,nonStim,2,MonoL,-1,1,2,7,9,0.777777777777778
C:\Users\zzhu329\Documents\GitHub\EM-3DMotion\BehaviorFitting\BehaviorData_Clay.mat,Clay,Clay_074,74,nonStim,2,MonoL,-0.636363636363636,0.636363636363636,4,5,9,0.555555555555556
C:\Users\zzhu329\Documents\GitHub\EM-3DMotion\BehaviorFitting\BehaviorData_Clay.mat,Clay,Clay_074,74,nonStim,2,MonoL,-0.454545454545455,0.454545454545455,1,7,8,0.875
C:\Users\zzhu329\Documents\GitHub\EM-3DMotion\BehaviorFitting\BehaviorData_Clay.mat,Clay,Clay_074,74,nonStim,2,MonoL,-0.363636363636364,0.363636363636364,3,6,9,0.666666666666667
C:\Users\zzhu329\Documents\GitHub\EM-3DMotion\BehaviorFitting\BehaviorData_Clay.mat,Clay,Clay_074,74,nonStim,2,MonoL,-0.181818181818182,0.181818181818182,3,7,10,0.7
C:\Users\zzhu329\Documents\GitHub\EM-3DMotion\BehaviorFitting\BehaviorData_Clay.mat,Clay,Clay_074,74,nonStim,2,MonoL,-0.0909090909090909,0.0909090909090909,2,7,9,0.777777777777778
C:\Users\zzhu329\Documents\GitHub\EM-3DMotion\BehaviorFitting\BehaviorData_Clay.mat,Clay,Clay_074,74,nonStim,2,MonoL,0.0909090909090909,0.0909090909090909,6,6,9,0.666666666666667
C:\Users\zzhu329\Documents\GitHub\EM-3DMotion\BehaviorFitting\BehaviorData_Clay.mat,Clay,Clay_074,74,nonStim,2,MonoL,0.181818181818182,0.181818181818182,3,3,9,0.333333333333333
C:\Users\zzhu329\Documents\GitHub\EM-3DMotion\BehaviorFitting\BehaviorData_Clay.mat,Clay,Clay_074,74,nonStim,2,MonoL,0.363636363636364,0.363636363636364,4,4,9,0.444444444444444
C:\Users\zzhu329\Documents\GitHub\EM-3DMotion\BehaviorFitting\BehaviorData_Clay.mat,Clay,Clay_074,74,nonStim,2,MonoL,0.454545454545455,0.454545454545455,7,7,9,0.777777777777778
C:\Users\zzhu329\Documents\GitHub\EM-3DMotion\BehaviorFitting\BehaviorData_Clay.mat,Clay,Clay_074,74,nonStim,2,MonoL,0.636363636363636,0.636363636363636,7,7,9,0.777777777777778
C:\Users\zzhu329\Documents\GitHub\EM-3DMotion\BehaviorFitting\BehaviorData_Clay.mat,Clay,Clay_074,74,nonStim,2,MonoL,1,1,9,9,9,1
C:\Users\zzhu329\Documents\GitHub\EM-3DMotion\BehaviorFitting\BehaviorData_Clay.mat,Clay,Clay_074,74,nonStim,3,MonoR,-1,1,0,9,9,1
C:\Users\zzhu329\Documents\GitHub\EM-3DMotion\BehaviorFitting\BehaviorData_Clay.mat,Clay,Clay_074,74,nonStim,3,MonoR,-0.636363636363636,0.636363636363636,0,9,9,1
C:\Users\zzhu329\Documents\GitHub\EM-3DMotion\BehaviorFitting\BehaviorData_Clay.mat,Clay,Clay_074,74,nonStim,3,MonoR,-0.454545454545455,0.454545454545455,0,9,9,1
C:\Users\zzhu329\Documents\GitHub\EM-3DMotion\BehaviorFitting\BehaviorData_Clay.mat,Clay,Clay_074,74,nonStim,3,MonoR,-0.363636363636364,0.363636363636364,4,4,8,0.5
C:\Users\zzhu329\Documents\GitHub\EM-3DMotion\BehaviorFitting\BehaviorData_Clay.mat,Clay,Clay_074,74,nonStim,3,MonoR,-0.181818181818182,0.181818181818182,1,8,9,0.888888888888889
C:\Users\zzhu329\Documents\GitHub\EM-3DMotion\BehaviorFitting\BehaviorData_Clay.mat,Clay,Clay_074,74,nonStim,3,MonoR,-0.0909090909090909,0.0909090909090909,2,7,9,0.777777777777778
C:\Users\zzhu329\Documents\GitHub\EM-3DMotion\BehaviorFitting\BehaviorData_Clay.mat,Clay,Clay_074,74,nonStim,3,MonoR,0.0909090909090909,0.0909090909090909,5,5,9,0.555555555555556
C:\Users\zzhu329\Documents\GitHub\EM-3DMotion\BehaviorFitting\BehaviorData_Clay.mat,Clay,Clay_074,74,nonStim,3,MonoR,0.181818181818182,0.181818181818182,6,6,9,0.666666666666667
C:\Users\zzhu329\Documents\GitHub\EM-3DMotion\BehaviorFitting\BehaviorData_Clay.mat,Clay,Clay_074,74,nonStim,3,MonoR,0.363636363636364,0.363636363636364,6,6,8,0.75
C:\Users\zzhu329\Documents\GitHub\EM-3DMotion\BehaviorFitting\BehaviorData_Clay.mat,Clay,Clay_074,74,nonStim,3,MonoR,0.454545454545455,0.454545454545455,4,4,9,0.444444444444444
C:\Users\zzhu329\Documents\GitHub\EM-3DMotion\BehaviorFitting\BehaviorData_Clay.mat,Clay,Clay_074,74,nonStim,3,MonoR,0.636363636363636,0.636363636363636,9,9,9,1
C:\Users\zzhu329\Documents\GitHub\EM-3DMotion\BehaviorFitting\BehaviorData_Clay.mat,Clay,Clay_074,74,nonStim,3,MonoR,1,1,9,9,9,1
C:\Users\zzhu329\Documents\GitHub\EM-3DMotion\BehaviorFitting\BehaviorData_Clay.mat,Clay,Clay_074,74,nonStim,4,Bino,-1,1,0,10,10,1
C:\Users\zzhu329\Documents\GitHub\EM-3DMotion\BehaviorFitting\BehaviorData_Clay.mat,Clay,Clay_074,74,nonStim,4,Bino,-0.636363636363636,0.636363636363636,0,9,9,1
C:\Users\zzhu329\Documents\GitHub\EM-3DMotion\BehaviorFitting\BehaviorData_Clay.mat,Clay,Clay_074,74,nonStim,4,Bino,-0.454545454545455,0.454545454545455,1,8,9,0.888888888888889
C:\Users\zzhu329\Documents\GitHub\EM-3DMotion\BehaviorFitting\BehaviorData_Clay.mat,Clay,Clay_074,74,nonStim,4,Bino,-0.363636363636364,0.363636363636364,3,6,9,0.666666666666667
C:\Users\zzhu329\Documents\GitHub\EM-3DMotion\BehaviorFitting\BehaviorData_Clay.mat,Clay,Clay_074,74,nonStim,4,Bino,-0.181818181818182,0.181818181818182,2,7,9,0.777777777777778
C:\Users\zzhu329\Documents\GitHub\EM-3DMotion\BehaviorFitting\BehaviorData_Clay.mat,Clay,Clay_074,74,nonStim,4,Bino,-0.0909090909090909,0.0909090909090909,2,7,9,0.777777777777778
C:\Users\zzhu329\Documents\GitHub\EM-3DMotion\BehaviorFitting\BehaviorData_Clay.mat,Clay,Clay_074,74,nonStim,4,Bino,0.0909090909090909,0.0909090909090909,4,4,9,0.444444444444444
C:\Users\zzhu329\Documents\GitHub\EM-3DMotion\BehaviorFitting\BehaviorData_Clay.mat,Clay,Clay_074,74,nonStim,4,Bino,0.181818181818182,0.181818181818182,4,4,8,0.5
C:\Users\zzhu329\Documents\GitHub\EM-3DMotion\BehaviorFitting\BehaviorData_Clay.mat,Clay,Clay_074,74,nonStim,4,Bino,0.363636363636364,0.363636363636364,9,9,9,1
C:\Users\zzhu329\Documents\GitHub\EM-3DMotion\BehaviorFitting\BehaviorData_Clay.mat,Clay,Clay_074,74,nonStim,4,Bino,0.454545454545455,0.454545454545455,8,8,9,0.888888888888889
C:\Users\zzhu329\Documents\GitHub\EM-3DMotion\BehaviorFitting\BehaviorData_Clay.mat,Clay,Clay_074,74,nonStim,4,Bino,0.636363636363636,0.636363636363636,9,9,9,1
C:\Users\zzhu329\Documents\GitHub\EM-3DMotion\BehaviorFitting\BehaviorData_Clay.mat,Clay,Clay_074,74,nonStim,4,Bino,1,1,9,9,9,1
C:\Users\zzhu329\Documents\GitHub\EM-3DMotion\BehaviorFitting\BehaviorData_Clay.mat,Clay,Clay_075,75,nonStim,1,Combined,-1,1,0,10,10,1
C:\Users\zzhu329\Documents\GitHub\EM-3DMotion\BehaviorFitting\BehaviorData_Clay.mat,Clay,Clay_075,75,nonStim,1,Combined,-0.636363636363636,0.636363636363636,0,9,9,1
C:\Users\zzhu329\Documents\GitHub\EM-3DMotion\BehaviorFitting\BehaviorData_Clay.mat,Clay,Clay_075,75,nonStim,1,Combined,-0.454545454545455,0.454545454545455,0,10,10,1
C:\Users\zzhu329\Documents\GitHub\EM-3DMotion\BehaviorFitting\BehaviorData_Clay.mat,Clay,Clay_075,75,nonStim,1,Combined,-0.363636363636364,0.363636363636364,0,10,10,1
C:\Users\zzhu329\Documents\GitHub\EM-3DMotion\BehaviorFitting\BehaviorData_Clay.mat,Clay,Clay_075,75,nonStim,1,Combined,-0.181818181818182,0.181818181818182,3,5,8,0.625
C:\Users\zzhu329\Documents\GitHub\EM-3DMotion\BehaviorFitting\BehaviorData_Clay.mat,Clay,Clay_075,75,nonStim,1,Combined,-0.0909090909090909,0.0909090909090909,4,6,10,0.6
C:\Users\zzhu329\Documents\GitHub\EM-3DMotion\BehaviorFitting\BehaviorData_Clay.mat,Clay,Clay_075,75,nonStim,1,Combined,0.0909090909090909,0.0909090909090909,9,9,10,0.9
C:\Users\zzhu329\Documents\GitHub\EM-3DMotion\BehaviorFitting\BehaviorData_Clay.mat,Clay,Clay_075,75,nonStim,1,Combined,0.181818181818182,0.181818181818182,10,10,10,1
C:\Users\zzhu329\Documents\GitHub\EM-3DMotion\BehaviorFitting\BehaviorData_Clay.mat,Clay,Clay_075,75,nonStim,1,Combined,0.363636363636364,0.363636363636364,10,10,10,1
C:\Users\zzhu329\Documents\GitHub\EM-3DMotion\BehaviorFitting\BehaviorData_Clay.mat,Clay,Clay_075,75,nonStim,1,Combined,0.454545454545455,0.454545454545455,8,8,8,1
C:\Users\zzhu329\Documents\GitHub\EM-3DMotion\BehaviorFitting\BehaviorData_Clay.mat,Clay,Clay_075,75,nonStim,1,Combined,0.636363636363636,0.636363636363636,10,10,10,1
C:\Users\zzhu329\Documents\GitHub\EM-3DMotion\BehaviorFitting\BehaviorData_Clay.mat,Clay,Clay_075,75,nonStim,1,Combined,1,1,9,9,9,1
C:\Users\zzhu329\Documents\GitHub\EM-3DMotion\BehaviorFitting\BehaviorData_Clay.mat,Clay,Clay_075,75,nonStim,2,MonoL,-1,1,0,10,10,1
C:\Users\zzhu329\Documents\GitHub\EM-3DMotion\BehaviorFitting\BehaviorData_Clay.mat,Clay,Clay_075,75,nonStim,2,MonoL,-0.636363636363636,0.636363636363636,0,10,10,1
C:\Users\zzhu329\Documents\GitHub\EM-3DMotion\BehaviorFitting\BehaviorData_Clay.mat,Clay,Clay_075,75,nonStim,2,MonoL,-0.454545454545455,0.454545454545455,2,7,9,0.777777777777778
C:\Users\zzhu329\Documents\GitHub\EM-3DMotion\BehaviorFitting\BehaviorData_Clay.mat,Clay,Clay_075,75,nonStim,2,MonoL,-0.363636363636364,0.363636363636364,1,8,9,0.888888888888889
C:\Users\zzhu329\Documents\GitHub\EM-3DMotion\BehaviorFitting\BehaviorData_Clay.mat,Clay,Clay_075,75,nonStim,2,MonoL,-0.181818181818182,0.181818181818182,6,3,9,0.333333333333333
C:\Users\zzhu329\Documents\GitHub\EM-3DMotion\BehaviorFitting\BehaviorData_Clay.mat,Clay,Clay_075,75,nonStim,2,MonoL,-0.0909090909090909,0.0909090909090909,4,5,9,0.555555555555556
C:\Users\zzhu329\Documents\GitHub\EM-3DMotion\BehaviorFitting\BehaviorData_Clay.mat,Clay,Clay_075,75,nonStim,2,MonoL,0.0909090909090909,0.0909090909090909,4,4,9,0.444444444444444
C:\Users\zzhu329\Documents\GitHub\EM-3DMotion\BehaviorFitting\BehaviorData_Clay.mat,Clay,Clay_075,75,nonStim,2,MonoL,0.181818181818182,0.181818181818182,6,6,10,0.6
C:\Users\zzhu329\Documents\GitHub\EM-3DMotion\BehaviorFitting\BehaviorData_Clay.mat,Clay,Clay_075,75,nonStim,2,MonoL,0.363636363636364,0.363636363636364,4,4,10,0.4
C:\Users\zzhu329\Documents\GitHub\EM-3DMotion\BehaviorFitting\BehaviorData_Clay.mat,Clay,Clay_075,75,nonStim,2,MonoL,0.454545454545455,0.454545454545455,6,6,9,0.666666666666667
C:\Users\zzhu329\Documents\GitHub\EM-3DMotion\BehaviorFitting\BehaviorData_Clay.mat,Clay,Clay_075,75,nonStim,2,MonoL,0.636363636363636,0.636363636363636,6,6,9,0.666666666666667
C:\Users\zzhu329\Documents\GitHub\EM-3DMotion\BehaviorFitting\BehaviorData_Clay.mat,Clay,Clay_075,75,nonStim,2,MonoL,1,1,9,9,10,0.9
C:\Users\zzhu329\Documents\GitHub\EM-3DMotion\BehaviorFitting\BehaviorData_Clay.mat,Clay,Clay_075,75,nonStim,3,MonoR,-1,1,1,8,9,0.888888888888889
C:\Users\zzhu329\Documents\GitHub\EM-3DMotion\BehaviorFitting\BehaviorData_Clay.mat,Clay,Clay_075,75,nonStim,3,MonoR,-0.636363636363636,0.636363636363636,1,9,10,0.9
C:\Users\zzhu329\Documents\GitHub\EM-3DMotion\BehaviorFitting\BehaviorData_Clay.mat,Clay,Clay_075,75,nonStim,3,MonoR,-0.454545454545455,0.454545454545455,0,10,10,1
C:\Users\zzhu329\Documents\GitHub\EM-3DMotion\BehaviorFitting\BehaviorData_Clay.mat,Clay,Clay_075,75,nonStim,3,MonoR,-0.363636363636364,0.363636363636364,1,9,10,0.9
C:\Users\zzhu329\Documents\GitHub\EM-3DMotion\BehaviorFitting\BehaviorData_Clay.mat,Clay,Clay_075,75,nonStim,3,MonoR,-0.181818181818182,0.181818181818182,2,8,10,0.8
C:\Users\zzhu329\Documents\GitHub\EM-3DMotion\BehaviorFitting\BehaviorData_Clay.mat,Clay,Clay_075,75,nonStim,3,MonoR,-0.0909090909090909,0.0909090909090909,4,4,8,0.5
C:\Users\zzhu329\Documents\GitHub\EM-3DMotion\BehaviorFitting\BehaviorData_Clay.mat,Clay,Clay_075,75,nonStim,3,MonoR,0.0909090909090909,0.0909090909090909,5,5,9,0.555555555555556
C:\Users\zzhu329\Documents\GitHub\EM-3DMotion\BehaviorFitting\BehaviorData_Clay.mat,Clay,Clay_075,75,nonStim,3,MonoR,0.181818181818182,0.181818181818182,4,4,11,0.363636363636364
C:\Users\zzhu329\Documents\GitHub\EM-3DMotion\BehaviorFitting\BehaviorData_Clay.mat,Clay,Clay_075,75,nonStim,3,MonoR,0.363636363636364,0.363636363636364,7,7,10,0.7
C:\Users\zzhu329\Documents\GitHub\EM-3DMotion\BehaviorFitting\BehaviorData_Clay.mat,Clay,Clay_075,75,nonStim,3,MonoR,0.454545454545455,0.454545454545455,8,8,10,0.8
C:\Users\zzhu329\Documents\GitHub\EM-3DMotion\BehaviorFitting\BehaviorData_Clay.mat,Clay,Clay_075,75,nonStim,3,MonoR,0.636363636363636,0.636363636363636,9,9,10,0.9
C:\Users\zzhu329\Documents\GitHub\EM-3DMotion\BehaviorFitting\BehaviorData_Clay.mat,Clay,Clay_075,75,nonStim,3,MonoR,1,1,9,9,10,0.9
C:\Users\zzhu329\Documents\GitHub\EM-3DMotion\BehaviorFitting\BehaviorData_Clay.mat,Clay,Clay_075,75,nonStim,4,Bino,-1,1,0,9,9,1
C:\Users\zzhu329\Documents\GitHub\EM-3DMotion\BehaviorFitting\BehaviorData_Clay.mat,Clay,Clay_075,75,nonStim,4,Bino,-0.636363636363636,0.636363636363636,3,7,10,0.7
C:\Users\zzhu329\Documents\GitHub\EM-3DMotion\BehaviorFitting\BehaviorData_Clay.mat,Clay,Clay_075,75,nonStim,4,Bino,-0.454545454545455,0.454545454545455,3,7,10,0.7
C:\Users\zzhu329\Documents\GitHub\EM-3DMotion\BehaviorFitting\BehaviorData_Clay.mat,Clay,Clay_075,75,nonStim,4,Bino,-0.363636363636364,0.363636363636364,0,9,9,1
C:\Users\zzhu329\Documents\GitHub\EM-3DMotion\BehaviorFitting\BehaviorData_Clay.mat,Clay,Clay_075,75,nonStim,4,Bino,-0.181818181818182,0.181818181818182,0,10,10,1
C:\Users\zzhu329\Documents\GitHub\EM-3DMotion\BehaviorFitting\BehaviorData_Clay.mat,Clay,Clay_075,75,nonStim,4,Bino,-0.0909090909090909,0.0909090909090909,2,8,10,0.8
C:\Users\zzhu329\Documents\GitHub\EM-3DMotion\BehaviorFitting\BehaviorData_Clay.mat,Clay,Clay_075,75,nonStim,4,Bino,0.0909090909090909,0.0909090909090909,3,3,8,0.375
C:\Users\zzhu329\Documents\GitHub\EM-3DMotion\BehaviorFitting\BehaviorData_Clay.mat,Clay,Clay_075,75,nonStim,4,Bino,0.181818181818182,0.181818181818182,4,4,9,0.444444444444444
C:\Users\zzhu329\Documents\GitHub\EM-3DMotion\BehaviorFitting\BehaviorData_Clay.mat,Clay,Clay_075,75,nonStim,4,Bino,0.363636363636364,0.363636363636364,9,9,10,0.9
C:\Users\zzhu329\Documents\GitHub\EM-3DMotion\BehaviorFitting\BehaviorData_Clay.mat,Clay,Clay_075,75,nonStim,4,Bino,0.454545454545455,0.454545454545455,8,8,10,0.8
C:\Users\zzhu329\Documents\GitHub\EM-3DMotion\BehaviorFitting\BehaviorData_Clay.mat,Clay,Clay_075,75,nonStim,4,Bino,0.636363636363636,0.636363636363636,6,6,9,0.666666666666667
C:\Users\zzhu329\Documents\GitHub\EM-3DMotion\BehaviorFitting\BehaviorData_Clay.mat,Clay,Clay_075,75,nonStim,4,Bino,1,1,8,8,10,0.8
C:\Users\zzhu329\Documents\GitHub\EM-3DMotion\BehaviorFitting\BehaviorData_Clay.mat,Clay,Clay_076,76,nonStim,1,Combined,-1,1,1,7,8,0.875
C:\Users\zzhu329\Documents\GitHub\EM-3DMotion\BehaviorFitting\BehaviorData_Clay.mat,Clay,Clay_076,76,nonStim,1,Combined,-0.636363636363636,0.636363636363636,0,8,8,1
C:\Users\zzhu329\Documents\GitHub\EM-3DMotion\BehaviorFitting\BehaviorData_Clay.mat,Clay,Clay_076,76,nonStim,1,Combined,-0.454545454545455,0.454545454545455,0,8,8,1
C:\Users\zzhu329\Documents\GitHub\EM-3DMotion\BehaviorFitting\BehaviorData_Clay.mat,Clay,Clay_076,76,nonStim,1,Combined,-0.363636363636364,0.363636363636364,1,7,8,0.875
C:\Users\zzhu329\Documents\GitHub\EM-3DMotion\BehaviorFitting\BehaviorData_Clay.mat,Clay,Clay_076,76,nonStim,1,Combined,-0.181818181818182,0.181818181818182,2,6,8,0.75
C:\Users\zzhu329\Documents\GitHub\EM-3DMotion\BehaviorFitting\BehaviorData_Clay.mat,Clay,Clay_076,76,nonStim,1,Combined,-0.0909090909090909,0.0909090909090909,4,4,8,0.5
C:\Users\zzhu329\Documents\GitHub\EM-3DMotion\BehaviorFitting\BehaviorData_Clay.mat,Clay,Clay_076,76,nonStim,1,Combined,0.0909090909090909,0.0909090909090909,7,7,8,0.875
C:\Users\zzhu329\Documents\GitHub\EM-3DMotion\BehaviorFitting\BehaviorData_Clay.mat,Clay,Clay_076,76,nonStim,1,Combined,0.181818181818182,0.181818181818182,8,8,9,0.888888888888889
C:\Users\zzhu329\Documents\GitHub\EM-3DMotion\BehaviorFitting\BehaviorData_Clay.mat,Clay,Clay_076,76,nonStim,1,Combined,0.363636363636364,0.363636363636364,8,8,8,1
C:\Users\zzhu329\Documents\GitHub\EM-3DMotion\BehaviorFitting\BehaviorData_Clay.mat,Clay,Clay_076,76,nonStim,1,Combined,0.454545454545455,0.454545454545455,8,8,8,1
C:\Users\zzhu329\Documents\GitHub\EM-3DMotion\BehaviorFitting\BehaviorData_Clay.mat,Clay,Clay_076,76,nonStim,1,Combined,0.636363636363636,0.636363636363636,8,8,8,1
C:\Users\zzhu329\Documents\GitHub\EM-3DMotion\BehaviorFitting\BehaviorData_Clay.mat,Clay,Clay_076,76,nonStim,1,Combined,1,1,8,8,8,1
C:\Users\zzhu329\Documents\GitHub\EM-3DMotion\BehaviorFitting\BehaviorData_Clay.mat,Clay,Clay_076,76,nonStim,2,MonoL,-1,1,1,7,8,0.875
C:\Users\zzhu329\Documents\GitHub\EM-3DMotion\BehaviorFitting\BehaviorData_Clay.mat,Clay,Clay_076,76,nonStim,2,MonoL,-0.636363636363636,0.636363636363636,5,3,8,0.375
C:\Users\zzhu329\Documents\GitHub\EM-3DMotion\BehaviorFitting\BehaviorData_Clay.mat,Clay,Clay_076,76,nonStim,2,MonoL,-0.454545454545455,0.454545454545455,3,5,8,0.625
C:\Users\zzhu329\Documents\GitHub\EM-3DMotion\BehaviorFitting\BehaviorData_Clay.mat,Clay,Clay_076,76,nonStim,2,MonoL,-0.363636363636364,0.363636363636364,5,3,8,0.375
C:\Users\zzhu329\Documents\GitHub\EM-3DMotion\BehaviorFitting\BehaviorData_Clay.mat,Clay,Clay_076,76,nonStim,2,MonoL,-0.181818181818182,0.181818181818182,5,3,8,0.375
C:\Users\zzhu329\Documents\GitHub\EM-3DMotion\BehaviorFitting\BehaviorData_Clay.mat,Clay,Clay_076,76,nonStim,2,MonoL,-0.0909090909090909,0.0909090909090909,2,6,8,0.75
C:\Users\zzhu329\Documents\GitHub\EM-3DMotion\BehaviorFitting\BehaviorData_Clay.mat,Clay,Clay_076,76,nonStim,2,MonoL,0.0909090909090909,0.0909090909090909,4,4,8,0.5
C:\Users\zzhu329\Documents\GitHub\EM-3DMotion\BehaviorFitting\BehaviorData_Clay.mat,Clay,Clay_076,76,nonStim,2,MonoL,0.181818181818182,0.181818181818182,3,3,8,0.375
C:\Users\zzhu329\Documents\GitHub\EM-3DMotion\BehaviorFitting\BehaviorData_Clay.mat,Clay,Clay_076,76,nonStim,2,MonoL,0.363636363636364,0.363636363636364,5,5,8,0.625
C:\Users\zzhu329\Documents\GitHub\EM-3DMotion\BehaviorFitting\BehaviorData_Clay.mat,Clay,Clay_076,76,nonStim,2,MonoL,0.454545454545455,0.454545454545455,3,3,8,0.375
C:\Users\zzhu329\Documents\GitHub\EM-3DMotion\BehaviorFitting\BehaviorData_Clay.mat,Clay,Clay_076,76,nonStim,2,MonoL,0.636363636363636,0.636363636363636,5,5,8,0.625
C:\Users\zzhu329\Documents\GitHub\EM-3DMotion\BehaviorFitting\BehaviorData_Clay.mat,Clay,Clay_076,76,nonStim,2,MonoL,1,1,8,8,8,1
C:\Users\zzhu329\Documents\GitHub\EM-3DMotion\BehaviorFitting\BehaviorData_Clay.mat,Clay,Clay_076,76,nonStim,3,MonoR,-1,1,0,8,8,1
C:\Users\zzhu329\Documents\GitHub\EM-3DMotion\BehaviorFitting\BehaviorData_Clay.mat,Clay,Clay_076,76,nonStim,3,MonoR,-0.636363636363636,0.636363636363636,2,6,8,0.75
C:\Users\zzhu329\Documents\GitHub\EM-3DMotion\BehaviorFitting\BehaviorData_Clay.mat,Clay,Clay_076,76,nonStim,3,MonoR,-0.454545454545455,0.454545454545455,3,5,8,0.625
C:\Users\zzhu329\Documents\GitHub\EM-3DMotion\BehaviorFitting\BehaviorData_Clay.mat,Clay,Clay_076,76,nonStim,3,MonoR,-0.363636363636364,0.363636363636364,4,4,8,0.5
C:\Users\zzhu329\Documents\GitHub\EM-3DMotion\BehaviorFitting\BehaviorData_Clay.mat,Clay,Clay_076,76,nonStim,3,MonoR,-0.181818181818182,0.181818181818182,3,5,8,0.625
C:\Users\zzhu329\Documents\GitHub\EM-3DMotion\BehaviorFitting\BehaviorData_Clay.mat,Clay,Clay_076,76,nonStim,3,MonoR,-0.0909090909090909,0.0909090909090909,6,2,8,0.25
C:\Users\zzhu329\Documents\GitHub\EM-3DMotion\BehaviorFitting\BehaviorData_Clay.mat,Clay,Clay_076,76,nonStim,3,MonoR,0.0909090909090909,0.0909090909090909,2,2,8,0.25
C:\Users\zzhu329\Documents\GitHub\EM-3DMotion\BehaviorFitting\BehaviorData_Clay.mat,Clay,Clay_076,76,nonStim,3,MonoR,0.181818181818182,0.181818181818182,6,6,9,0.666666666666667
C:\Users\zzhu329\Documents\GitHub\EM-3DMotion\BehaviorFitting\BehaviorData_Clay.mat,Clay,Clay_076,76,nonStim,3,MonoR,0.363636363636364,0.363636363636364,5,5,8,0.625
C:\Users\zzhu329\Documents\GitHub\EM-3DMotion\BehaviorFitting\BehaviorData_Clay.mat,Clay,Clay_076,76,nonStim,3,MonoR,0.454545454545455,0.454545454545455,7,7,8,0.875
C:\Users\zzhu329\Documents\GitHub\EM-3DMotion\BehaviorFitting\BehaviorData_Clay.mat,Clay,Clay_076,76,nonStim,3,MonoR,0.636363636363636,0.636363636363636,6,6,8,0.75
C:\Users\zzhu329\Documents\GitHub\EM-3DMotion\BehaviorFitting\BehaviorData_Clay.mat,Clay,Clay_076,76,nonStim,3,MonoR,1,1,7,7,9,0.777777777777778
C:\Users\zzhu329\Documents\GitHub\EM-3DMotion\BehaviorFitting\BehaviorData_Clay.mat,Clay,Clay_076,76,nonStim,4,Bino,-1,1,1,7,8,0.875
C:\Users\zzhu329\Documents\GitHub\EM-3DMotion\BehaviorFitting\BehaviorData_Clay.mat,Clay,Clay_076,76,nonStim,4,Bino,-0.636363636363636,0.636363636363636,1,7,8,0.875
C:\Users\zzhu329\Documents\GitHub\EM-3DMotion\BehaviorFitting\BehaviorData_Clay.mat,Clay,Clay_076,76,nonStim,4,Bino,-0.454545454545455,0.454545454545455,5,3,8,0.375
C:\Users\zzhu329\Documents\GitHub\EM-3DMotion\BehaviorFitting\BehaviorData_Clay.mat,Clay,Clay_076,76,nonStim,4,Bino,-0.363636363636364,0.363636363636364,2,6,8,0.75
C:\Users\zzhu329\Documents\GitHub\EM-3DMotion\BehaviorFitting\BehaviorData_Clay.mat,Clay,Clay_076,76,nonStim,4,Bino,-0.181818181818182,0.181818181818182,4,4,8,0.5
C:\Users\zzhu329\Documents\GitHub\EM-3DMotion\BehaviorFitting\BehaviorData_Clay.mat,Clay,Clay_076,76,nonStim,4,Bino,-0.0909090909090909,0.0909090909090909,5,4,9,0.444444444444444
C:\Users\zzhu329\Documents\GitHub\EM-3DMotion\BehaviorFitting\BehaviorData_Clay.mat,Clay,Clay_076,76,nonStim,4,Bino,0.0909090909090909,0.0909090909090909,4,4,8,0.5
C:\Users\zzhu329\Documents\GitHub\EM-3DMotion\BehaviorFitting\BehaviorData_Clay.mat,Clay,Clay_076,76,nonStim,4,Bino,0.181818181818182,0.181818181818182,4,4,8,0.5
C:\Users\zzhu329\Documents\GitHub\EM-3DMotion\BehaviorFitting\BehaviorData_Clay.mat,Clay,Clay_076,76,nonStim,4,Bino,0.363636363636364,0.363636363636364,8,8,8,1
C:\Users\zzhu329\Documents\GitHub\EM-3DMotion\BehaviorFitting\BehaviorData_Clay.mat,Clay,Clay_076,76,nonStim,4,Bino,0.454545454545455,0.454545454545455,8,8,8,1
C:\Users\zzhu329\Documents\GitHub\EM-3DMotion\BehaviorFitting\BehaviorData_Clay.mat,Clay,Clay_076,76,nonStim,4,Bino,0.636363636363636,0.636363636363636,7,7,8,0.875
C:\Users\zzhu329\Documents\GitHub\EM-3DMotion\BehaviorFitting\BehaviorData_Clay.mat,Clay,Clay_076,76,nonStim,4,Bino,1,1,6,6,8,0.75
C:\Users\zzhu329\Documents\GitHub\EM-3DMotion\BehaviorFitting\BehaviorData_Clay.mat,Clay,Clay_077,77,nonStim,1,Combined,-1,1,0,10,10,1
C:\Users\zzhu329\Documents\GitHub\EM-3DMotion\BehaviorFitting\BehaviorData_Clay.mat,Clay,Clay_077,77,nonStim,1,Combined,-0.636363636363636,0.636363636363636,1,9,10,0.9
C:\Users\zzhu329\Documents\GitHub\EM-3DMotion\BehaviorFitting\BehaviorData_Clay.mat,Clay,Clay_077,77,nonStim,1,Combined,-0.454545454545455,0.454545454545455,0,10,10,1
C:\Users\zzhu329\Documents\GitHub\EM-3DMotion\BehaviorFitting\BehaviorData_Clay.mat,Clay,Clay_077,77,nonStim,1,Combined,-0.363636363636364,0.363636363636364,1,9,10,0.9
C:\Users\zzhu329\Documents\GitHub\EM-3DMotion\BehaviorFitting\BehaviorData_Clay.mat,Clay,Clay_077,77,nonStim,1,Combined,-0.181818181818182,0.181818181818182,7,3,10,0.3
C:\Users\zzhu329\Documents\GitHub\EM-3DMotion\BehaviorFitting\BehaviorData_Clay.mat,Clay,Clay_077,77,nonStim,1,Combined,-0.0909090909090909,0.0909090909090909,6,4,10,0.4
C:\Users\zzhu329\Documents\GitHub\EM-3DMotion\BehaviorFitting\BehaviorData_Clay.mat,Clay,Clay_077,77,nonStim,1,Combined,0.0909090909090909,0.0909090909090909,11,11,11,1
C:\Users\zzhu329\Documents\GitHub\EM-3DMotion\BehaviorFitting\BehaviorData_Clay.mat,Clay,Clay_077,77,nonStim,1,Combined,0.181818181818182,0.181818181818182,9,9,10,0.9
C:\Users\zzhu329\Documents\GitHub\EM-3DMotion\BehaviorFitting\BehaviorData_Clay.mat,Clay,Clay_077,77,nonStim,1,Combined,0.363636363636364,0.363636363636364,10,10,10,1
C:\Users\zzhu329\Documents\GitHub\EM-3DMotion\BehaviorFitting\BehaviorData_Clay.mat,Clay,Clay_077,77,nonStim,1,Combined,0.454545454545455,0.454545454545455,10,10,10,1
C:\Users\zzhu329\Documents\GitHub\EM-3DMotion\BehaviorFitting\BehaviorData_Clay.mat,Clay,Clay_077,77,nonStim,1,Combined,0.636363636363636,0.636363636363636,10,10,10,1
C:\Users\zzhu329\Documents\GitHub\EM-3DMotion\BehaviorFitting\BehaviorData_Clay.mat,Clay,Clay_077,77,nonStim,1,Combined,1,1,10,10,10,1
C:\Users\zzhu329\Documents\GitHub\EM-3DMotion\BehaviorFitting\BehaviorData_Clay.mat,Clay,Clay_077,77,nonStim,2,MonoL,-1,1,0,10,10,1
C:\Users\zzhu329\Documents\GitHub\EM-3DMotion\BehaviorFitting\BehaviorData_Clay.mat,Clay,Clay_077,77,nonStim,2,MonoL,-0.636363636363636,0.636363636363636,2,8,10,0.8
C:\Users\zzhu329\Documents\GitHub\EM-3DMotion\BehaviorFitting\BehaviorData_Clay.mat,Clay,Clay_077,77,nonStim,2,MonoL,-0.454545454545455,0.454545454545455,2,8,10,0.8
C:\Users\zzhu329\Documents\GitHub\EM-3DMotion\BehaviorFitting\BehaviorData_Clay.mat,Clay,Clay_077,77,nonStim,2,MonoL,-0.363636363636364,0.363636363636364,4,6,10,0.6
C:\Users\zzhu329\Documents\GitHub\EM-3DMotion\BehaviorFitting\BehaviorData_Clay.mat,Clay,Clay_077,77,nonStim,2,MonoL,-0.181818181818182,0.181818181818182,5,5,10,0.5
C:\Users\zzhu329\Documents\GitHub\EM-3DMotion\BehaviorFitting\BehaviorData_Clay.mat,Clay,Clay_077,77,nonStim,2,MonoL,-0.0909090909090909,0.0909090909090909,4,6,10,0.6
C:\Users\zzhu329\Documents\GitHub\EM-3DMotion\BehaviorFitting\BehaviorData_Clay.mat,Clay,Clay_077,77,nonStim,2,MonoL,0.0909090909090909,0.0909090909090909,3,3,11,0.272727272727273
C:\Users\zzhu329\Documents\GitHub\EM-3DMotion\BehaviorFitting\BehaviorData_Clay.mat,Clay,Clay_077,77,nonStim,2,MonoL,0.181818181818182,0.181818181818182,5,5,10,0.5
C:\Users\zzhu329\Documents\GitHub\EM-3DMotion\BehaviorFitting\BehaviorData_Clay.mat,Clay,Clay_077,77,nonStim,2,MonoL,0.363636363636364,0.363636363636364,5,5,10,0.5
C:\Users\zzhu329\Documents\GitHub\EM-3DMotion\BehaviorFitting\BehaviorData_Clay.mat,Clay,Clay_077,77,nonStim,2,MonoL,0.454545454545455,0.454545454545455,5,5,10,0.5
C:\Users\zzhu329\Documents\GitHub\EM-3DMotion\BehaviorFitting\BehaviorData_Clay.mat,Clay,Clay_077,77,nonStim,2,MonoL,0.636363636363636,0.636363636363636,9,9,10,0.9
C:\Users\zzhu329\Documents\GitHub\EM-3DMotion\BehaviorFitting\BehaviorData_Clay.mat,Clay,Clay_077,77,nonStim,2,MonoL,1,1,10,10,10,1
C:\Users\zzhu329\Documents\GitHub\EM-3DMotion\BehaviorFitting\BehaviorData_Clay.mat,Clay,Clay_077,77,nonStim,3,MonoR,-1,1,1,9,10,0.9
C:\Users\zzhu329\Documents\GitHub\EM-3DMotion\BehaviorFitting\BehaviorData_Clay.mat,Clay,Clay_077,77,nonStim,3,MonoR,-0.636363636363636,0.636363636363636,3,7,10,0.7
C:\Users\zzhu329\Documents\GitHub\EM-3DMotion\BehaviorFitting\BehaviorData_Clay.mat,Clay,Clay_077,77,nonStim,3,MonoR,-0.454545454545455,0.454545454545455,6,4,10,0.4
C:\Users\zzhu329\Documents\GitHub\EM-3DMotion\BehaviorFitting\BehaviorData_Clay.mat,Clay,Clay_077,77,nonStim,3,MonoR,-0.363636363636364,0.363636363636364,3,7,10,0.7
C:\Users\zzhu329\Documents\GitHub\EM-3DMotion\BehaviorFitting\BehaviorData_Clay.mat,Clay,Clay_077,77,nonStim,3,MonoR,-0.181818181818182,0.181818181818182,4,6,10,0.6
C:\Users\zzhu329\Documents\GitHub\EM-3DMotion\BehaviorFitting\BehaviorData_Clay.mat,Clay,Clay_077,77,nonStim,3,MonoR,-0.0909090909090909,0.0909090909090909,7,3,10,0.3
C:\Users\zzhu329\Documents\GitHub\EM-3DMotion\BehaviorFitting\BehaviorData_Clay.mat,Clay,Clay_077,77,nonStim,3,MonoR,0.0909090909090909,0.0909090909090909,5,5,11,0.454545454545455
C:\Users\zzhu329\Documents\GitHub\EM-3DMotion\BehaviorFitting\BehaviorData_Clay.mat,Clay,Clay_077,77,nonStim,3,MonoR,0.181818181818182,0.181818181818182,8,8,10,0.8
C:\Users\zzhu329\Documents\GitHub\EM-3DMotion\BehaviorFitting\BehaviorData_Clay.mat,Clay,Clay_077,77,nonStim,3,MonoR,0.363636363636364,0.363636363636364,8,8,10,0.8
C:\Users\zzhu329\Documents\GitHub\EM-3DMotion\BehaviorFitting\BehaviorData_Clay.mat,Clay,Clay_077,77,nonStim,3,MonoR,0.454545454545455,0.454545454545455,7,7,10,0.7
C:\Users\zzhu329\Documents\GitHub\EM-3DMotion\BehaviorFitting\BehaviorData_Clay.mat,Clay,Clay_077,77,nonStim,3,MonoR,0.636363636363636,0.636363636363636,11,11,11,1
C:\Users\zzhu329\Documents\GitHub\EM-3DMotion\BehaviorFitting\BehaviorData_Clay.mat,Clay,Clay_077,77,nonStim,3,MonoR,1,1,10,10,10,1
C:\Users\zzhu329\Documents\GitHub\EM-3DMotion\BehaviorFitting\BehaviorData_Clay.mat,Clay,Clay_077,77,nonStim,4,Bino,-1,1,2,8,10,0.8
C:\Users\zzhu329\Documents\GitHub\EM-3DMotion\BehaviorFitting\BehaviorData_Clay.mat,Clay,Clay_077,77,nonStim,4,Bino,-0.636363636363636,0.636363636363636,2,8,10,0.8
C:\Users\zzhu329\Documents\GitHub\EM-3DMotion\BehaviorFitting\BehaviorData_Clay.mat,Clay,Clay_077,77,nonStim,4,Bino,-0.454545454545455,0.454545454545455,3,7,10,0.7
C:\Users\zzhu329\Documents\GitHub\EM-3DMotion\BehaviorFitting\BehaviorData_Clay.mat,Clay,Clay_077,77,nonStim,4,Bino,-0.363636363636364,0.363636363636364,3,7,10,0.7
C:\Users\zzhu329\Documents\GitHub\EM-3DMotion\BehaviorFitting\BehaviorData_Clay.mat,Clay,Clay_077,77,nonStim,4,Bino,-0.181818181818182,0.181818181818182,6,4,10,0.4
C:\Users\zzhu329\Documents\GitHub\EM-3DMotion\BehaviorFitting\BehaviorData_Clay.mat,Clay,Clay_077,77,nonStim,4,Bino,-0.0909090909090909,0.0909090909090909,8,2,10,0.2
C:\Users\zzhu329\Documents\GitHub\EM-3DMotion\BehaviorFitting\BehaviorData_Clay.mat,Clay,Clay_077,77,nonStim,4,Bino,0.0909090909090909,0.0909090909090909,7,7,10,0.7
C:\Users\zzhu329\Documents\GitHub\EM-3DMotion\BehaviorFitting\BehaviorData_Clay.mat,Clay,Clay_077,77,nonStim,4,Bino,0.181818181818182,0.181818181818182,6,6,10,0.6
C:\Users\zzhu329\Documents\GitHub\EM-3DMotion\BehaviorFitting\BehaviorData_Clay.mat,Clay,Clay_077,77,nonStim,4,Bino,0.363636363636364,0.363636363636364,9,9,10,0.9
C:\Users\zzhu329\Documents\GitHub\EM-3DMotion\BehaviorFitting\BehaviorData_Clay.mat,Clay,Clay_077,77,nonStim,4,Bino,0.454545454545455,0.454545454545455,10,10,10,1
C:\Users\zzhu329\Documents\GitHub\EM-3DMotion\BehaviorFitting\BehaviorData_Clay.mat,Clay,Clay_077,77,nonStim,4,Bino,0.636363636363636,0.636363636363636,10,10,10,1
C:\Users\zzhu329\Documents\GitHub\EM-3DMotion\BehaviorFitting\BehaviorData_Clay.mat,Clay,Clay_077,77,nonStim,4,Bino,1,1,10,10,10,1
C:\Users\zzhu329\Documents\GitHub\EM-3DMotion\BehaviorFitting\BehaviorData_Clay.mat,Clay,Clay_078,78,nonStim,1,Combined,-1,1,0,8,8,1
C:\Users\zzhu329\Documents\GitHub\EM-3DMotion\BehaviorFitting\BehaviorData_Clay.mat,Clay,Clay_078,78,nonStim,1,Combined,-0.636363636363636,0.636363636363636,0,9,9,1
C:\Users\zzhu329\Documents\GitHub\EM-3DMotion\BehaviorFitting\BehaviorData_Clay.mat,Clay,Clay_078,78,nonStim,1,Combined,-0.454545454545455,0.454545454545455,1,8,9,0.888888888888889
C:\Users\zzhu329\Documents\GitHub\EM-3DMotion\BehaviorFitting\BehaviorData_Clay.mat,Clay,Clay_078,78,nonStim,1,Combined,-0.363636363636364,0.363636363636364,3,5,8,0.625
C:\Users\zzhu329\Documents\GitHub\EM-3DMotion\BehaviorFitting\BehaviorData_Clay.mat,Clay,Clay_078,78,nonStim,1,Combined,-0.181818181818182,0.181818181818182,4,5,9,0.555555555555556
C:\Users\zzhu329\Documents\GitHub\EM-3DMotion\BehaviorFitting\BehaviorData_Clay.mat,Clay,Clay_078,78,nonStim,1,Combined,-0.0909090909090909,0.0909090909090909,6,3,9,0.333333333333333
C:\Users\zzhu329\Documents\GitHub\EM-3DMotion\BehaviorFitting\BehaviorData_Clay.mat,Clay,Clay_078,78,nonStim,1,Combined,0.0909090909090909,0.0909090909090909,7,7,9,0.777777777777778
C:\Users\zzhu329\Documents\GitHub\EM-3DMotion\BehaviorFitting\BehaviorData_Clay.mat,Clay,Clay_078,78,nonStim,1,Combined,0.181818181818182,0.181818181818182,9,9,9,1
C:\Users\zzhu329\Documents\GitHub\EM-3DMotion\BehaviorFitting\BehaviorData_Clay.mat,Clay,Clay_078,78,nonStim,1,Combined,0.363636363636364,0.363636363636364,8,8,8,1
C:\Users\zzhu329\Documents\GitHub\EM-3DMotion\BehaviorFitting\BehaviorData_Clay.mat,Clay,Clay_078,78,nonStim,1,Combined,0.454545454545455,0.454545454545455,9,9,9,1
C:\Users\zzhu329\Documents\GitHub\EM-3DMotion\BehaviorFitting\BehaviorData_Clay.mat,Clay,Clay_078,78,nonStim,1,Combined,0.636363636363636,0.636363636363636,9,9,9,1
C:\Users\zzhu329\Documents\GitHub\EM-3DMotion\BehaviorFitting\BehaviorData_Clay.mat,Clay,Clay_078,78,nonStim,1,Combined,1,1,8,8,8,1
C:\Users\zzhu329\Documents\GitHub\EM-3DMotion\BehaviorFitting\BehaviorData_Clay.mat,Clay,Clay_078,78,nonStim,2,MonoL,-1,1,0,9,9,1
C:\Users\zzhu329\Documents\GitHub\EM-3DMotion\BehaviorFitting\BehaviorData_Clay.mat,Clay,Clay_078,78,nonStim,2,MonoL,-0.636363636363636,0.636363636363636,4,4,8,0.5
C:\Users\zzhu329\Documents\GitHub\EM-3DMotion\BehaviorFitting\BehaviorData_Clay.mat,Clay,Clay_078,78,nonStim,2,MonoL,-0.454545454545455,0.454545454545455,4,5,9,0.555555555555556
C:\Users\zzhu329\Documents\GitHub\EM-3DMotion\BehaviorFitting\BehaviorData_Clay.mat,Clay,Clay_078,78,nonStim,2,MonoL,-0.363636363636364,0.363636363636364,2,7,9,0.777777777777778
C:\Users\zzhu329\Documents\GitHub\EM-3DMotion\BehaviorFitting\BehaviorData_Clay.mat,Clay,Clay_078,78,nonStim,2,MonoL,-0.181818181818182,0.181818181818182,4,4,8,0.5
C:\Users\zzhu329\Documents\GitHub\EM-3DMotion\BehaviorFitting\BehaviorData_Clay.mat,Clay,Clay_078,78,nonStim,2,MonoL,-0.0909090909090909,0.0909090909090909,4,5,9,0.555555555555556
C:\Users\zzhu329\Documents\GitHub\EM-3DMotion\BehaviorFitting\BehaviorData_Clay.mat,Clay,Clay_078,78,nonStim,2,MonoL,0.0909090909090909,0.0909090909090909,7,7,9,0.777777777777778
C:\Users\zzhu329\Documents\GitHub\EM-3DMotion\BehaviorFitting\BehaviorData_Clay.mat,Clay,Clay_078,78,nonStim,2,MonoL,0.181818181818182,0.181818181818182,7,7,8,0.875
C:\Users\zzhu329\Documents\GitHub\EM-3DMotion\BehaviorFitting\BehaviorData_Clay.mat,Clay,Clay_078,78,nonStim,2,MonoL,0.363636363636364,0.363636363636364,7,7,9,0.777777777777778
C:\Users\zzhu329\Documents\GitHub\EM-3DMotion\BehaviorFitting\BehaviorData_Clay.mat,Clay,Clay_078,78,nonStim,2,MonoL,0.454545454545455,0.454545454545455,8,8,9,0.888888888888889
C:\Users\zzhu329\Documents\GitHub\EM-3DMotion\BehaviorFitting\BehaviorData_Clay.mat,Clay,Clay_078,78,nonStim,2,MonoL,0.636363636363636,0.636363636363636,8,8,9,0.888888888888889
C:\Users\zzhu329\Documents\GitHub\EM-3DMotion\BehaviorFitting\BehaviorData_Clay.mat,Clay,Clay_078,78,nonStim,2,MonoL,1,1,9,9,9,1
C:\Users\zzhu329\Documents\GitHub\EM-3DMotion\BehaviorFitting\BehaviorData_Clay.mat,Clay,Clay_078,78,nonStim,3,MonoR,-1,1,1,8,9,0.888888888888889
C:\Users\zzhu329\Documents\GitHub\EM-3DMotion\BehaviorFitting\BehaviorData_Clay.mat,Clay,Clay_078,78,nonStim,3,MonoR,-0.636363636363636,0.636363636363636,0,9,9,1
C:\Users\zzhu329\Documents\GitHub\EM-3DMotion\BehaviorFitting\BehaviorData_Clay.mat,Clay,Clay_078,78,nonStim,3,MonoR,-0.454545454545455,0.454545454545455,3,6,9,0.666666666666667
C:\Users\zzhu329\Documents\GitHub\EM-3DMotion\BehaviorFitting\BehaviorData_Clay.mat,Clay,Clay_078,78,nonStim,3,MonoR,-0.363636363636364,0.363636363636364,1,7,8,0.875
C:\Users\zzhu329\Documents\GitHub\EM-3DMotion\BehaviorFitting\BehaviorData_Clay.mat,Clay,Clay_078,78,nonStim,3,MonoR,-0.181818181818182,0.181818181818182,5,4,9,0.444444444444444
C:\Users\zzhu329\Documents\GitHub\EM-3DMotion\BehaviorFitting\BehaviorData_Clay.mat,Clay,Clay_078,78,nonStim,3,MonoR,-0.0909090909090909,0.0909090909090909,3,5,8,0.625
C:\Users\zzhu329\Documents\GitHub\EM-3DMotion\BehaviorFitting\BehaviorData_Clay.mat,Clay,Clay_078,78,nonStim,3,MonoR,0.0909090909090909,0.0909090909090909,8,8,9,0.888888888888889
C:\Users\zzhu329\Documents\GitHub\EM-3DMotion\BehaviorFitting\BehaviorData_Clay.mat,Clay,Clay_078,78,nonStim,3,MonoR,0.181818181818182,0.181818181818182,7,7,9,0.777777777777778
C:\Users\zzhu329\Documents\GitHub\EM-3DMotion\BehaviorFitting\BehaviorData_Clay.mat,Clay,Clay_078,78,nonStim,3,MonoR,0.363636363636364,0.363636363636364,6,6,8,0.75
C:\Users\zzhu329\Documents\GitHub\EM-3DMotion\BehaviorFitting\BehaviorData_Clay.mat,Clay,Clay_078,78,nonStim,3,MonoR,0.454545454545455,0.454545454545455,9,9,9,1
C:\Users\zzhu329\Documents\GitHub\EM-3DMotion\BehaviorFitting\BehaviorData_Clay.mat,Clay,Clay_078,78,nonStim,3,MonoR,0.636363636363636,0.636363636363636,9,9,9,1
C:\Users\zzhu329\Documents\GitHub\EM-3DMotion\BehaviorFitting\BehaviorData_Clay.mat,Clay,Clay_078,78,nonStim,3,MonoR,1,1,9,9,9,1
C:\Users\zzhu329\Documents\GitHub\EM-3DMotion\BehaviorFitting\BehaviorData_Clay.mat,Clay,Clay_078,78,nonStim,4,Bino,-1,1,2,7,9,0.777777777777778
C:\Users\zzhu329\Documents\GitHub\EM-3DMotion\BehaviorFitting\BehaviorData_Clay.mat,Clay,Clay_078,78,nonStim,4,Bino,-0.636363636363636,0.636363636363636,1,8,9,0.888888888888889
C:\Users\zzhu329\Documents\GitHub\EM-3DMotion\BehaviorFitting\BehaviorData_Clay.mat,Clay,Clay_078,78,nonStim,4,Bino,-0.454545454545455,0.454545454545455,1,8,9,0.888888888888889
C:\Users\zzhu329\Documents\GitHub\EM-3DMotion\BehaviorFitting\BehaviorData_Clay.mat,Clay,Clay_078,78,nonStim,4,Bino,-0.363636363636364,0.363636363636364,4,5,9,0.555555555555556
C:\Users\zzhu329\Documents\GitHub\EM-3DMotion\BehaviorFitting\BehaviorData_Clay.mat,Clay,Clay_078,78,nonStim,4,Bino,-0.181818181818182,0.181818181818182,6,3,9,0.333333333333333
C:\Users\zzhu329\Documents\GitHub\EM-3DMotion\BehaviorFitting\BehaviorData_Clay.mat,Clay,Clay_078,78,nonStim,4,Bino,-0.0909090909090909,0.0909090909090909,5,4,9,0.444444444444444
C:\Users\zzhu329\Documents\GitHub\EM-3DMotion\BehaviorFitting\BehaviorData_Clay.mat,Clay,Clay_078,78,nonStim,4,Bino,0.0909090909090909,0.0909090909090909,5,5,8,0.625
C:\Users\zzhu329\Documents\GitHub\EM-3DMotion\BehaviorFitting\BehaviorData_Clay.mat,Clay,Clay_078,78,nonStim,4,Bino,0.181818181818182,0.181818181818182,7,7,9,0.777777777777778
C:\Users\zzhu329\Documents\GitHub\EM-3DMotion\BehaviorFitting\BehaviorData_Clay.mat,Clay,Clay_078,78,nonStim,4,Bino,0.363636363636364,0.363636363636364,8,8,8,1
C:\Users\zzhu329\Documents\GitHub\EM-3DMotion\BehaviorFitting\BehaviorData_Clay.mat,Clay,Clay_078,78,nonStim,4,Bino,0.454545454545455,0.454545454545455,9,9,9,1
C:\Users\zzhu329\Documents\GitHub\EM-3DMotion\BehaviorFitting\BehaviorData_Clay.mat,Clay,Clay_078,78,nonStim,4,Bino,0.636363636363636,0.636363636363636,8,8,8,1
C:\Users\zzhu329\Documents\GitHub\EM-3DMotion\BehaviorFitting\BehaviorData_Clay.mat,Clay,Clay_078,78,nonStim,4,Bino,1,1,9,9,9,1
C:\Users\zzhu329\Documents\GitHub\EM-3DMotion\BehaviorFitting\BehaviorData_Clay.mat,Clay,Clay_079,79,nonStim,1,Combined,-1,1,0,7,7,1
C:\Users\zzhu329\Documents\GitHub\EM-3DMotion\BehaviorFitting\BehaviorData_Clay.mat,Clay,Clay_079,79,nonStim,1,Combined,-0.636363636363636,0.636363636363636,1,9,10,0.9
C:\Users\zzhu329\Documents\GitHub\EM-3DMotion\BehaviorFitting\BehaviorData_Clay.mat,Clay,Clay_079,79,nonStim,1,Combined,-0.454545454545455,0.454545454545455,3,7,10,0.7
C:\Users\zzhu329\Documents\GitHub\EM-3DMotion\BehaviorFitting\BehaviorData_Clay.mat,Clay,Clay_079,79,nonStim,1,Combined,-0.363636363636364,0.363636363636364,1,7,8,0.875
C:\Users\zzhu329\Documents\GitHub\EM-3DMotion\BehaviorFitting\BehaviorData_Clay.mat,Clay,Clay_079,79,nonStim,1,Combined,-0.181818181818182,0.181818181818182,7,3,10,0.3
C:\Users\zzhu329\Documents\GitHub\EM-3DMotion\BehaviorFitting\BehaviorData_Clay.mat,Clay,Clay_079,79,nonStim,1,Combined,-0.0909090909090909,0.0909090909090909,8,1,9,0.111111111111111
C:\Users\zzhu329\Documents\GitHub\EM-3DMotion\BehaviorFitting\BehaviorData_Clay.mat,Clay,Clay_079,79,nonStim,1,Combined,0.0909090909090909,0.0909090909090909,10,10,10,1
C:\Users\zzhu329\Documents\GitHub\EM-3DMotion\BehaviorFitting\BehaviorData_Clay.mat,Clay,Clay_079,79,nonStim,1,Combined,0.181818181818182,0.181818181818182,10,10,10,1
C:\Users\zzhu329\Documents\GitHub\EM-3DMotion\BehaviorFitting\BehaviorData_Clay.mat,Clay,Clay_079,79,nonStim,1,Combined,0.363636363636364,0.363636363636364,9,9,9,1
C:\Users\zzhu329\Documents\GitHub\EM-3DMotion\BehaviorFitting\BehaviorData_Clay.mat,Clay,Clay_079,79,nonStim,1,Combined,0.454545454545455,0.454545454545455,10,10,10,1
C:\Users\zzhu329\Documents\GitHub\EM-3DMotion\BehaviorFitting\BehaviorData_Clay.mat,Clay,Clay_079,79,nonStim,1,Combined,0.636363636363636,0.636363636363636,10,10,10,1
C:\Users\zzhu329\Documents\GitHub\EM-3DMotion\BehaviorFitting\BehaviorData_Clay.mat,Clay,Clay_079,79,nonStim,1,Combined,1,1,10,10,10,1
C:\Users\zzhu329\Documents\GitHub\EM-3DMotion\BehaviorFitting\BehaviorData_Clay.mat,Clay,Clay_079,79,nonStim,2,MonoL,-1,1,0,8,8,1
C:\Users\zzhu329\Documents\GitHub\EM-3DMotion\BehaviorFitting\BehaviorData_Clay.mat,Clay,Clay_079,79,nonStim,2,MonoL,-0.636363636363636,0.636363636363636,1,9,10,0.9
C:\Users\zzhu329\Documents\GitHub\EM-3DMotion\BehaviorFitting\BehaviorData_Clay.mat,Clay,Clay_079,79,nonStim,2,MonoL,-0.454545454545455,0.454545454545455,2,7,9,0.777777777777778
C:\Users\zzhu329\Documents\GitHub\EM-3DMotion\BehaviorFitting\BehaviorData_Clay.mat,Clay,Clay_079,79,nonStim,2,MonoL,-0.363636363636364,0.363636363636364,6,4,10,0.4
C:\Users\zzhu329\Documents\GitHub\EM-3DMotion\BehaviorFitting\BehaviorData_Clay.mat,Clay,Clay_079,79,nonStim,2,MonoL,-0.181818181818182,0.181818181818182,6,4,10,0.4
C:\Users\zzhu329\Documents\GitHub\EM-3DMotion\BehaviorFitting\BehaviorData_Clay.mat,Clay,Clay_079,79,nonStim,2,MonoL,-0.0909090909090909,0.0909090909090909,7,2,9,0.222222222222222
C:\Users\zzhu329\Documents\GitHub\EM-3DMotion\BehaviorFitting\BehaviorData_Clay.mat,Clay,Clay_079,79,nonStim,2,MonoL,0.0909090909090909,0.0909090909090909,6,6,9,0.666666666666667
C:\Users\zzhu329\Documents\GitHub\EM-3DMotion\BehaviorFitting\BehaviorData_Clay.mat,Clay,Clay_079,79,nonStim,2,MonoL,0.181818181818182,0.181818181818182,7,7,9,0.777777777777778
C:\Users\zzhu329\Documents\GitHub\EM-3DMotion\BehaviorFitting\BehaviorData_Clay.mat,Clay,Clay_079,79,nonStim,2,MonoL,0.363636363636364,0.363636363636364,8,8,10,0.8
C:\Users\zzhu329\Documents\GitHub\EM-3DMotion\BehaviorFitting\BehaviorData_Clay.mat,Clay,Clay_079,79,nonStim,2,MonoL,0.454545454545455,0.454545454545455,9,9,9,1
C:\Users\zzhu329\Documents\GitHub\EM-3DMotion\BehaviorFitting\BehaviorData_Clay.mat,Clay,Clay_079,79,nonStim,2,MonoL,0.636363636363636,0.636363636363636,10,10,10,1
C:\Users\zzhu329\Documents\GitHub\EM-3DMotion\BehaviorFitting\BehaviorData_Clay.mat,Clay,Clay_079,79,nonStim,2,MonoL,1,1,9,9,9,1
C:\Users\zzhu329\Documents\GitHub\EM-3DMotion\BehaviorFitting\BehaviorData_Clay.mat,Clay,Clay_079,79,nonStim,3,MonoR,-1,1,2,7,9,0.777777777777778
C:\Users\zzhu329\Documents\GitHub\EM-3DMotion\BehaviorFitting\BehaviorData_Clay.mat,Clay,Clay_079,79,nonStim,3,MonoR,-0.636363636363636,0.636363636363636,0,9,9,1
C:\Users\zzhu329\Documents\GitHub\EM-3DMotion\BehaviorFitting\BehaviorData_Clay.mat,Clay,Clay_079,79,nonStim,3,MonoR,-0.454545454545455,0.454545454545455,3,5,8,0.625
C:\Users\zzhu329\Documents\GitHub\EM-3DMotion\BehaviorFitting\BehaviorData_Clay.mat,Clay,Clay_079,79,nonStim,3,MonoR,-0.363636363636364,0.363636363636364,3,6,9,0.666666666666667
C:\Users\zzhu329\Documents\GitHub\EM-3DMotion\BehaviorFitting\BehaviorData_Clay.mat,Clay,Clay_079,79,nonStim,3,MonoR,-0.181818181818182,0.181818181818182,1,5,6,0.833333333333333
C:\Users\zzhu329\Documents\GitHub\EM-3DMotion\BehaviorFitting\BehaviorData_Clay.mat,Clay,Clay_079,79,nonStim,3,MonoR,-0.0909090909090909,0.0909090909090909,4,5,9,0.555555555555556
C:\Users\zzhu329\Documents\GitHub\EM-3DMotion\BehaviorFitting\BehaviorData_Clay.mat,Clay,Clay_079,79,nonStim,3,MonoR,0.0909090909090909,0.0909090909090909,7,7,10,0.7
C:\Users\zzhu329\Documents\GitHub\EM-3DMotion\BehaviorFitting\BehaviorData_Clay.mat,Clay,Clay_079,79,nonStim,3,MonoR,0.181818181818182,0.181818181818182,7,7,10,0.7
C:\Users\zzhu329\Documents\GitHub\EM-3DMotion\BehaviorFitting\BehaviorData_Clay.mat,Clay,Clay_079,79,nonStim,3,MonoR,0.363636363636364,0.363636363636364,9,9,9,1
C:\Users\zzhu329\Documents\GitHub\EM-3DMotion\BehaviorFitting\BehaviorData_Clay.mat,Clay,Clay_079,79,nonStim,3,MonoR,0.454545454545455,0.454545454545455,9,9,9,1
C:\Users\zzhu329\Documents\GitHub\EM-3DMotion\BehaviorFitting\BehaviorData_Clay.mat,Clay,Clay_079,79,nonStim,3,MonoR,0.636363636363636,0.636363636363636,10,10,10,1
C:\Users\zzhu329\Documents\GitHub\EM-3DMotion\BehaviorFitting\BehaviorData_Clay.mat,Clay,Clay_079,79,nonStim,3,MonoR,1,1,10,10,10,1
C:\Users\zzhu329\Documents\GitHub\EM-3DMotion\BehaviorFitting\BehaviorData_Clay.mat,Clay,Clay_079,79,nonStim,4,Bino,-1,1,2,7,9,0.777777777777778
C:\Users\zzhu329\Documents\GitHub\EM-3DMotion\BehaviorFitting\BehaviorData_Clay.mat,Clay,Clay_079,79,nonStim,4,Bino,-0.636363636363636,0.636363636363636,3,7,10,0.7
C:\Users\zzhu329\Documents\GitHub\EM-3DMotion\BehaviorFitting\BehaviorData_Clay.mat,Clay,Clay_079,79,nonStim,4,Bino,-0.454545454545455,0.454545454545455,3,5,8,0.625
C:\Users\zzhu329\Documents\GitHub\EM-3DMotion\BehaviorFitting\BehaviorData_Clay.mat,Clay,Clay_079,79,nonStim,4,Bino,-0.363636363636364,0.363636363636364,4,5,9,0.555555555555556
C:\Users\zzhu329\Documents\GitHub\EM-3DMotion\BehaviorFitting\BehaviorData_Clay.mat,Clay,Clay_079,79,nonStim,4,Bino,-0.181818181818182,0.181818181818182,5,4,9,0.444444444444444
C:\Users\zzhu329\Documents\GitHub\EM-3DMotion\BehaviorFitting\BehaviorData_Clay.mat,Clay,Clay_079,79,nonStim,4,Bino,-0.0909090909090909,0.0909090909090909,9,1,10,0.1
C:\Users\zzhu329\Documents\GitHub\EM-3DMotion\BehaviorFitting\BehaviorData_Clay.mat,Clay,Clay_079,79,nonStim,4,Bino,0.0909090909090909,0.0909090909090909,7,7,9,0.777777777777778
C:\Users\zzhu329\Documents\GitHub\EM-3DMotion\BehaviorFitting\BehaviorData_Clay.mat,Clay,Clay_079,79,nonStim,4,Bino,0.181818181818182,0.181818181818182,10,10,10,1
C:\Users\zzhu329\Documents\GitHub\EM-3DMotion\BehaviorFitting\BehaviorData_Clay.mat,Clay,Clay_079,79,nonStim,4,Bino,0.363636363636364,0.363636363636364,7,7,9,0.777777777777778
C:\Users\zzhu329\Documents\GitHub\EM-3DMotion\BehaviorFitting\BehaviorData_Clay.mat,Clay,Clay_079,79,nonStim,4,Bino,0.454545454545455,0.454545454545455,10,10,10,1
C:\Users\zzhu329\Documents\GitHub\EM-3DMotion\BehaviorFitting\BehaviorData_Clay.mat,Clay,Clay_079,79,nonStim,4,Bino,0.636363636363636,0.636363636363636,9,9,9,1
C:\Users\zzhu329\Documents\GitHub\EM-3DMotion\BehaviorFitting\BehaviorData_Clay.mat,Clay,Clay_079,79,nonStim,4,Bino,1,1,7,7,9,0.777777777777778
C:\Users\zzhu329\Documents\GitHub\EM-3DMotion\BehaviorFitting\BehaviorData_Clay.mat,Clay,Clay_080,80,nonStim,1,Combined,-1,1,1,9,10,0.9
C:\Users\zzhu329\Documents\GitHub\EM-3DMotion\BehaviorFitting\BehaviorData_Clay.mat,Clay,Clay_080,80,nonStim,1,Combined,-0.636363636363636,0.636363636363636,0,10,10,1
C:\Users\zzhu329\Documents\GitHub\EM-3DMotion\BehaviorFitting\BehaviorData_Clay.mat,Clay,Clay_080,80,nonStim,1,Combined,-0.454545454545455,0.454545454545455,0,10,10,1
C:\Users\zzhu329\Documents\GitHub\EM-3DMotion\BehaviorFitting\BehaviorData_Clay.mat,Clay,Clay_080,80,nonStim,1,Combined,-0.363636363636364,0.363636363636364,1,10,11,0.909090909090909
C:\Users\zzhu329\Documents\GitHub\EM-3DMotion\BehaviorFitting\BehaviorData_Clay.mat,Clay,Clay_080,80,nonStim,1,Combined,-0.181818181818182,0.181818181818182,6,4,10,0.4
C:\Users\zzhu329\Documents\GitHub\EM-3DMotion\BehaviorFitting\BehaviorData_Clay.mat,Clay,Clay_080,80,nonStim,1,Combined,-0.0909090909090909,0.0909090909090909,7,3,10,0.3
C:\Users\zzhu329\Documents\GitHub\EM-3DMotion\BehaviorFitting\BehaviorData_Clay.mat,Clay,Clay_080,80,nonStim,1,Combined,0.0909090909090909,0.0909090909090909,10,10,10,1
C:\Users\zzhu329\Documents\GitHub\EM-3DMotion\BehaviorFitting\BehaviorData_Clay.mat,Clay,Clay_080,80,nonStim,1,Combined,0.181818181818182,0.181818181818182,11,11,11,1
C:\Users\zzhu329\Documents\GitHub\EM-3DMotion\BehaviorFitting\BehaviorData_Clay.mat,Clay,Clay_080,80,nonStim,1,Combined,0.363636363636364,0.363636363636364,10,10,10,1
C:\Users\zzhu329\Documents\GitHub\EM-3DMotion\BehaviorFitting\BehaviorData_Clay.mat,Clay,Clay_080,80,nonStim,1,Combined,0.454545454545455,0.454545454545455,11,11,11,1
C:\Users\zzhu329\Documents\GitHub\EM-3DMotion\BehaviorFitting\BehaviorData_Clay.mat,Clay,Clay_080,80,nonStim,1,Combined,0.636363636363636,0.636363636363636,10,10,10,1
C:\Users\zzhu329\Documents\GitHub\EM-3DMotion\BehaviorFitting\BehaviorData_Clay.mat,Clay,Clay_080,80,nonStim,1,Combined,1,1,10,10,10,1
C:\Users\zzhu329\Documents\GitHub\EM-3DMotion\BehaviorFitting\BehaviorData_Clay.mat,Clay,Clay_080,80,nonStim,2,MonoL,-1,1,1,10,11,0.909090909090909
C:\Users\zzhu329\Documents\GitHub\EM-3DMotion\BehaviorFitting\BehaviorData_Clay.mat,Clay,Clay_080,80,nonStim,2,MonoL,-0.636363636363636,0.636363636363636,0,10,10,1
C:\Users\zzhu329\Documents\GitHub\EM-3DMotion\BehaviorFitting\BehaviorData_Clay.mat,Clay,Clay_080,80,nonStim,2,MonoL,-0.454545454545455,0.454545454545455,0,10,10,1
C:\Users\zzhu329\Documents\GitHub\EM-3DMotion\BehaviorFitting\BehaviorData_Clay.mat,Clay,Clay_080,80,nonStim,2,MonoL,-0.363636363636364,0.363636363636364,3,7,10,0.7
C:\Users\zzhu329\Documents\GitHub\EM-3DMotion\BehaviorFitting\BehaviorData_Clay.mat,Clay,Clay_080,80,nonStim,2,MonoL,-0.181818181818182,0.181818181818182,2,8,10,0.8
C:\Users\zzhu329\Documents\GitHub\EM-3DMotion\BehaviorFitting\BehaviorData_Clay.mat,Clay,Clay_080,80,nonStim,2,MonoL,-0.0909090909090909,0.0909090909090909,9,2,11,0.181818181818182
C:\Users\zzhu329\Documents\GitHub\EM-3DMotion\BehaviorFitting\BehaviorData_Clay.mat,Clay,Clay_080,80,nonStim,2,MonoL,0.0909090909090909,0.0909090909090909,5,5,10,0.5
C:\Users\zzhu329\Documents\GitHub\EM-3DMotion\BehaviorFitting\BehaviorData_Clay.mat,Clay,Clay_080,80,nonStim,2,MonoL,0.181818181818182,0.181818181818182,7,7,10,0.7
C:\Users\zzhu329\Documents\GitHub\EM-3DMotion\BehaviorFitting\BehaviorData_Clay.mat,Clay,Clay_080,80,nonStim,2,MonoL,0.363636363636364,0.363636363636364,7,7,10,0.7
C:\Users\zzhu329\Documents\GitHub\EM-3DMotion\BehaviorFitting\BehaviorData_Clay.mat,Clay,Clay_080,80,nonStim,2,MonoL,0.454545454545455,0.454545454545455,10,10,10,1
C:\Users\zzhu329\Documents\GitHub\EM-3DMotion\BehaviorFitting\BehaviorData_Clay.mat,Clay,Clay_080,80,nonStim,2,MonoL,0.636363636363636,0.636363636363636,11,11,11,1
C:\Users\zzhu329\Documents\GitHub\EM-3DMotion\BehaviorFitting\BehaviorData_Clay.mat,Clay,Clay_080,80,nonStim,2,MonoL,1,1,10,10,10,1
C:\Users\zzhu329\Documents\GitHub\EM-3DMotion\BehaviorFitting\BehaviorData_Clay.mat,Clay,Clay_080,80,nonStim,3,MonoR,-1,1,2,9,11,0.818181818181818
C:\Users\zzhu329\Documents\GitHub\EM-3DMotion\BehaviorFitting\BehaviorData_Clay.mat,Clay,Clay_080,80,nonStim,3,MonoR,-0.636363636363636,0.636363636363636,1,9,10,0.9
C:\Users\zzhu329\Documents\GitHub\EM-3DMotion\BehaviorFitting\BehaviorData_Clay.mat,Clay,Clay_080,80,nonStim,3,MonoR,-0.454545454545455,0.454545454545455,3,7,10,0.7
C:\Users\zzhu329\Documents\GitHub\EM-3DMotion\BehaviorFitting\BehaviorData_Clay.mat,Clay,Clay_080,80,nonStim,3,MonoR,-0.363636363636364,0.363636363636364,3,7,10,0.7
C:\Users\zzhu329\Documents\GitHub\EM-3DMotion\BehaviorFitting\BehaviorData_Clay.mat,Clay,Clay_080,80,nonStim,3,MonoR,-0.181818181818182,0.181818181818182,4,6,10,0.6
C:\Users\zzhu329\Documents\GitHub\EM-3DMotion\BehaviorFitting\BehaviorData_Clay.mat,Clay,Clay_080,80,nonStim,3,MonoR,-0.0909090909090909,0.0909090909090909,6,4,10,0.4
C:\Users\zzhu329\Documents\GitHub\EM-3DMotion\BehaviorFitting\BehaviorData_Clay.mat,Clay,Clay_080,80,nonStim,3,MonoR,0.0909090909090909,0.0909090909090909,8,8,11,0.727272727272727
C:\Users\zzhu329\Documents\GitHub\EM-3DMotion\BehaviorFitting\BehaviorData_Clay.mat,Clay,Clay_080,80,nonStim,3,MonoR,0.181818181818182,0.181818181818182,9,9,10,0.9
C:\Users\zzhu329\Documents\GitHub\EM-3DMotion\BehaviorFitting\BehaviorData_Clay.mat,Clay,Clay_080,80,nonStim,3,MonoR,0.363636363636364,0.363636363636364,11,11,11,1
C:\Users\zzhu329\Documents\GitHub\EM-3DMotion\BehaviorFitting\BehaviorData_Clay.mat,Clay,Clay_080,80,nonStim,3,MonoR,0.454545454545455,0.454545454545455,9,9,10,0.9
C:\Users\zzhu329\Documents\GitHub\EM-3DMotion\BehaviorFitting\BehaviorData_Clay.mat,Clay,Clay_080,80,nonStim,3,MonoR,0.636363636363636,0.636363636363636,10,10,10,1
C:\Users\zzhu329\Documents\GitHub\EM-3DMotion\BehaviorFitting\BehaviorData_Clay.mat,Clay,Clay_080,80,nonStim,3,MonoR,1,1,10,10,10,1
C:\Users\zzhu329\Documents\GitHub\EM-3DMotion\BehaviorFitting\BehaviorData_Clay.mat,Clay,Clay_080,80,nonStim,4,Bino,-1,1,0,10,10,1
C:\Users\zzhu329\Documents\GitHub\EM-3DMotion\BehaviorFitting\BehaviorData_Clay.mat,Clay,Clay_080,80,nonStim,4,Bino,-0.636363636363636,0.636363636363636,1,9,10,0.9
C:\Users\zzhu329\Documents\GitHub\EM-3DMotion\BehaviorFitting\BehaviorData_Clay.mat,Clay,Clay_080,80,nonStim,4,Bino,-0.454545454545455,0.454545454545455,4,6,10,0.6
C:\Users\zzhu329\Documents\GitHub\EM-3DMotion\BehaviorFitting\BehaviorData_Clay.mat,Clay,Clay_080,80,nonStim,4,Bino,-0.363636363636364,0.363636363636364,5,5,10,0.5
C:\Users\zzhu329\Documents\GitHub\EM-3DMotion\BehaviorFitting\BehaviorData_Clay.mat,Clay,Clay_080,80,nonStim,4,Bino,-0.181818181818182,0.181818181818182,3,7,10,0.7
C:\Users\zzhu329\Documents\GitHub\EM-3DMotion\BehaviorFitting\BehaviorData_Clay.mat,Clay,Clay_080,80,nonStim,4,Bino,-0.0909090909090909,0.0909090909090909,5,6,11,0.545454545454545
C:\Users\zzhu329\Documents\GitHub\EM-3DMotion\BehaviorFitting\BehaviorData_Clay.mat,Clay,Clay_080,80,nonStim,4,Bino,0.0909090909090909,0.0909090909090909,8,8,11,0.727272727272727
C:\Users\zzhu329\Documents\GitHub\EM-3DMotion\BehaviorFitting\BehaviorData_Clay.mat,Clay,Clay_080,80,nonStim,4,Bino,0.181818181818182,0.181818181818182,7,7,10,0.7
C:\Users\zzhu329\Documents\GitHub\EM-3DMotion\BehaviorFitting\BehaviorData_Clay.mat,Clay,Clay_080,80,nonStim,4,Bino,0.363636363636364,0.363636363636364,10,10,10,1
C:\Users\zzhu329\Documents\GitHub\EM-3DMotion\BehaviorFitting\BehaviorData_Clay.mat,Clay,Clay_080,80,nonStim,4,Bino,0.454545454545455,0.454545454545455,10,10,10,1
C:\Users\zzhu329\Documents\GitHub\EM-3DMotion\BehaviorFitting\BehaviorData_Clay.mat,Clay,Clay_080,80,nonStim,4,Bino,0.636363636363636,0.636363636363636,10,10,10,1
C:\Users\zzhu329\Documents\GitHub\EM-3DMotion\BehaviorFitting\BehaviorData_Clay.mat,Clay,Clay_080,80,nonStim,4,Bino,1,1,11,11,11,1
C:\Users\zzhu329\Documents\GitHub\EM-3DMotion\BehaviorFitting\BehaviorData_Clay.mat,Clay,Clay_081,81,nonStim,1,Combined,-1,1,1,6,7,0.857142857142857
C:\Users\zzhu329\Documents\GitHub\EM-3DMotion\BehaviorFitting\BehaviorData_Clay.mat,Clay,Clay_081,81,nonStim,1,Combined,-0.636363636363636,0.636363636363636,1,6,7,0.857142857142857
C:\Users\zzhu329\Documents\GitHub\EM-3DMotion\BehaviorFitting\BehaviorData_Clay.mat,Clay,Clay_081,81,nonStim,1,Combined,-0.454545454545455,0.454545454545455,0,7,7,1
C:\Users\zzhu329\Documents\GitHub\EM-3DMotion\BehaviorFitting\BehaviorData_Clay.mat,Clay,Clay_081,81,nonStim,1,Combined,-0.363636363636364,0.363636363636364,0,6,6,1
C:\Users\zzhu329\Documents\GitHub\EM-3DMotion\BehaviorFitting\BehaviorData_Clay.mat,Clay,Clay_081,81,nonStim,1,Combined,-0.181818181818182,0.181818181818182,0,6,6,1
C:\Users\zzhu329\Documents\GitHub\EM-3DMotion\BehaviorFitting\BehaviorData_Clay.mat,Clay,Clay_081,81,nonStim,1,Combined,-0.0909090909090909,0.0909090909090909,1,6,7,0.857142857142857
C:\Users\zzhu329\Documents\GitHub\EM-3DMotion\BehaviorFitting\BehaviorData_Clay.mat,Clay,Clay_081,81,nonStim,1,Combined,0.0909090909090909,0.0909090909090909,5,5,7,0.714285714285714
C:\Users\zzhu329\Documents\GitHub\EM-3DMotion\BehaviorFitting\BehaviorData_Clay.mat,Clay,Clay_081,81,nonStim,1,Combined,0.181818181818182,0.181818181818182,6,6,6,1
C:\Users\zzhu329\Documents\GitHub\EM-3DMotion\BehaviorFitting\BehaviorData_Clay.mat,Clay,Clay_081,81,nonStim,1,Combined,0.363636363636364,0.363636363636364,7,7,7,1
C:\Users\zzhu329\Documents\GitHub\EM-3DMotion\BehaviorFitting\BehaviorData_Clay.mat,Clay,Clay_081,81,nonStim,1,Combined,0.454545454545455,0.454545454545455,7,7,7,1
C:\Users\zzhu329\Documents\GitHub\EM-3DMotion\BehaviorFitting\BehaviorData_Clay.mat,Clay,Clay_081,81,nonStim,1,Combined,0.636363636363636,0.636363636363636,7,7,7,1
C:\Users\zzhu329\Documents\GitHub\EM-3DMotion\BehaviorFitting\BehaviorData_Clay.mat,Clay,Clay_081,81,nonStim,1,Combined,1,1,7,7,7,1
C:\Users\zzhu329\Documents\GitHub\EM-3DMotion\BehaviorFitting\BehaviorData_Clay.mat,Clay,Clay_081,81,nonStim,2,MonoL,-1,1,0,7,7,1
C:\Users\zzhu329\Documents\GitHub\EM-3DMotion\BehaviorFitting\BehaviorData_Clay.mat,Clay,Clay_081,81,nonStim,2,MonoL,-0.636363636363636,0.636363636363636,0,7,7,1
C:\Users\zzhu329\Documents\GitHub\EM-3DMotion\BehaviorFitting\BehaviorData_Clay.mat,Clay,Clay_081,81,nonStim,2,MonoL,-0.454545454545455,0.454545454545455,2,5,7,0.714285714285714
C:\Users\zzhu329\Documents\GitHub\EM-3DMotion\BehaviorFitting\BehaviorData_Clay.mat,Clay,Clay_081,81,nonStim,2,MonoL,-0.363636363636364,0.363636363636364,0,7,7,1
C:\Users\zzhu329\Documents\GitHub\EM-3DMotion\BehaviorFitting\BehaviorData_Clay.mat,Clay,Clay_081,81,nonStim,2,MonoL,-0.181818181818182,0.181818181818182,2,4,6,0.666666666666667
C:\Users\zzhu329\Documents\GitHub\EM-3DMotion\BehaviorFitting\BehaviorData_Clay.mat,Clay,Clay_081,81,nonStim,2,MonoL,-0.0909090909090909,0.0909090909090909,4,2,6,0.333333333333333
C:\Users\zzhu329\Documents\GitHub\EM-3DMotion\BehaviorFitting\BehaviorData_Clay.mat,Clay,Clay_081,81,nonStim,2,MonoL,0.0909090909090909,0.0909090909090909,4,4,6,0.666666666666667
C:\Users\zzhu329\Documents\GitHub\EM-3DMotion\BehaviorFitting\BehaviorData_Clay.mat,Clay,Clay_081,81,nonStim,2,MonoL,0.181818181818182,0.181818181818182,4,4,7,0.571428571428571
C:\Users\zzhu329\Documents\GitHub\EM-3DMotion\BehaviorFitting\BehaviorData_Clay.mat,Clay,Clay_081,81,nonStim,2,MonoL,0.363636363636364,0.363636363636364,3,3,6,0.5
C:\Users\zzhu329\Documents\GitHub\EM-3DMotion\BehaviorFitting\BehaviorData_Clay.mat,Clay,Clay_081,81,nonStim,2,MonoL,0.454545454545455,0.454545454545455,5,5,6,0.833333333333333
C:\Users\zzhu329\Documents\GitHub\EM-3DMotion\BehaviorFitting\BehaviorData_Clay.mat,Clay,Clay_081,81,nonStim,2,MonoL,0.636363636363636,0.636363636363636,7,7,7,1
C:\Users\zzhu329\Documents\GitHub\EM-3DMotion\BehaviorFitting\BehaviorData_Clay.mat,Clay,Clay_081,81,nonStim,2,MonoL,1,1,6,6,6,1
C:\Users\zzhu329\Documents\GitHub\EM-3DMotion\BehaviorFitting\BehaviorData_Clay.mat,Clay,Clay_081,81,nonStim,3,MonoR,-1,1,0,7,7,1
C:\Users\zzhu329\Documents\GitHub\EM-3DMotion\BehaviorFitting\BehaviorData_Clay.mat,Clay,Clay_081,81,nonStim,3,MonoR,-0.636363636363636,0.636363636363636,0,6,6,1
C:\Users\zzhu329\Documents\GitHub\EM-3DMotion\BehaviorFitting\BehaviorData_Clay.mat,Clay,Clay_081,81,nonStim,3,MonoR,-0.454545454545455,0.454545454545455,0,7,7,1
C:\Users\zzhu329\Documents\GitHub\EM-3DMotion\BehaviorFitting\BehaviorData_Clay.mat,Clay,Clay_081,81,nonStim,3,MonoR,-0.363636363636364,0.363636363636364,1,6,7,0.857142857142857
C:\Users\zzhu329\Documents\GitHub\EM-3DMotion\BehaviorFitting\BehaviorData_Clay.mat,Clay,Clay_081,81,nonStim,3,MonoR,-0.181818181818182,0.181818181818182,2,4,6,0.666666666666667
C:\Users\zzhu329\Documents\GitHub\EM-3DMotion\BehaviorFitting\BehaviorData_Clay.mat,Clay,Clay_081,81,nonStim,3,MonoR,-0.0909090909090909,0.0909090909090909,2,5,7,0.714285714285714
C:\Users\zzhu329\Documents\GitHub\EM-3DMotion\BehaviorFitting\BehaviorData_Clay.mat,Clay,Clay_081,81,nonStim,3,MonoR,0.0909090909090909,0.0909090909090909,3,3,6,0.5
C:\Users\zzhu329\Documents\GitHub\EM-3DMotion\BehaviorFitting\BehaviorData_Clay.mat,Clay,Clay_081,81,nonStim,3,MonoR,0.181818181818182,0.181818181818182,4,4,7,0.571428571428571
C:\Users\zzhu329\Documents\GitHub\EM-3DMotion\BehaviorFitting\BehaviorData_Clay.mat,Clay,Clay_081,81,nonStim,3,MonoR,0.363636363636364,0.363636363636364,5,5,6,0.833333333333333
C:\Users\zzhu329\Documents\GitHub\EM-3DMotion\BehaviorFitting\BehaviorData_Clay.mat,Clay,Clay_081,81,nonStim,3,MonoR,0.454545454545455,0.454545454545455,6,6,6,1
C:\Users\zzhu329\Documents\GitHub\EM-3DMotion\BehaviorFitting\BehaviorData_Clay.mat,Clay,Clay_081,81,nonStim,3,MonoR,0.636363636363636,0.636363636363636,6,6,6,1
C:\Users\zzhu329\Documents\GitHub\EM-3DMotion\BehaviorFitting\BehaviorData_Clay.mat,Clay,Clay_081,81,nonStim,3,MonoR,1,1,7,7,7,1
C:\Users\zzhu329\Documents\GitHub\EM-3DMotion\BehaviorFitting\BehaviorData_Clay.mat,Clay,Clay_081,81,nonStim,4,Bino,-1,1,1,6,7,0.857142857142857
C:\Users\zzhu329\Documents\GitHub\EM-3DMotion\BehaviorFitting\BehaviorData_Clay.mat,Clay,Clay_081,81,nonStim,4,Bino,-0.636363636363636,0.636363636363636,0,6,6,1
C:\Users\zzhu329\Documents\GitHub\EM-3DMotion\BehaviorFitting\BehaviorData_Clay.mat,Clay,Clay_081,81,nonStim,4,Bino,-0.454545454545455,0.454545454545455,0,6,6,1
C:\Users\zzhu329\Documents\GitHub\EM-3DMotion\BehaviorFitting\BehaviorData_Clay.mat,Clay,Clay_081,81,nonStim,4,Bino,-0.363636363636364,0.363636363636364,0,6,6,1
C:\Users\zzhu329\Documents\GitHub\EM-3DMotion\BehaviorFitting\BehaviorData_Clay.mat,Clay,Clay_081,81,nonStim,4,Bino,-0.181818181818182,0.181818181818182,1,5,6,0.833333333333333
C:\Users\zzhu329\Documents\GitHub\EM-3DMotion\BehaviorFitting\BehaviorData_Clay.mat,Clay,Clay_081,81,nonStim,4,Bino,-0.0909090909090909,0.0909090909090909,3,3,6,0.5
C:\Users\zzhu329\Documents\GitHub\EM-3DMotion\BehaviorFitting\BehaviorData_Clay.mat,Clay,Clay_081,81,nonStim,4,Bino,0.0909090909090909,0.0909090909090909,5,5,6,0.833333333333333
C:\Users\zzhu329\Documents\GitHub\EM-3DMotion\BehaviorFitting\BehaviorData_Clay.mat,Clay,Clay_081,81,nonStim,4,Bino,0.181818181818182,0.181818181818182,4,4,6,0.666666666666667
C:\Users\zzhu329\Documents\GitHub\EM-3DMotion\BehaviorFitting\BehaviorData_Clay.mat,Clay,Clay_081,81,nonStim,4,Bino,0.363636363636364,0.363636363636364,6,6,7,0.857142857142857
C:\Users\zzhu329\Documents\GitHub\EM-3DMotion\BehaviorFitting\BehaviorData_Clay.mat,Clay,Clay_081,81,nonStim,4,Bino,0.454545454545455,0.454545454545455,5,5,6,0.833333333333333
C:\Users\zzhu329\Documents\GitHub\EM-3DMotion\BehaviorFitting\BehaviorData_Clay.mat,Clay,Clay_081,81,nonStim,4,Bino,0.636363636363636,0.636363636363636,5,5,6,0.833333333333333
C:\Users\zzhu329\Documents\GitHub\EM-3DMotion\BehaviorFitting\BehaviorData_Clay.mat,Clay,Clay_081,81,nonStim,4,Bino,1,1,6,6,6,1
C:\Users\zzhu329\Documents\GitHub\EM-3DMotion\BehaviorFitting\BehaviorData_Clay.mat,Clay,Clay_082,82,nonStim,1,Combined,-1,1,0,6,6,1
C:\Users\zzhu329\Documents\GitHub\EM-3DMotion\BehaviorFitting\BehaviorData_Clay.mat,Clay,Clay_082,82,nonStim,1,Combined,-0.636363636363636,0.636363636363636,0,6,6,1
C:\Users\zzhu329\Documents\GitHub\EM-3DMotion\BehaviorFitting\BehaviorData_Clay.mat,Clay,Clay_082,82,nonStim,1,Combined,-0.454545454545455,0.454545454545455,1,5,6,0.833333333333333
C:\Users\zzhu329\Documents\GitHub\EM-3DMotion\BehaviorFitting\BehaviorData_Clay.mat,Clay,Clay_082,82,nonStim,1,Combined,-0.363636363636364,0.363636363636364,0,6,6,1
C:\Users\zzhu329\Documents\GitHub\EM-3DMotion\BehaviorFitting\BehaviorData_Clay.mat,Clay,Clay_082,82,nonStim,1,Combined,-0.181818181818182,0.181818181818182,1,5,6,0.833333333333333
C:\Users\zzhu329\Documents\GitHub\EM-3DMotion\BehaviorFitting\BehaviorData_Clay.mat,Clay,Clay_082,82,nonStim,1,Combined,-0.0909090909090909,0.0909090909090909,1,6,7,0.857142857142857
C:\Users\zzhu329\Documents\GitHub\EM-3DMotion\BehaviorFitting\BehaviorData_Clay.mat,Clay,Clay_082,82,nonStim,1,Combined,0.0909090909090909,0.0909090909090909,6,6,6,1
C:\Users\zzhu329\Documents\GitHub\EM-3DMotion\BehaviorFitting\BehaviorData_Clay.mat,Clay,Clay_082,82,nonStim,1,Combined,0.181818181818182,0.181818181818182,5,5,6,0.833333333333333
C:\Users\zzhu329\Documents\GitHub\EM-3DMotion\BehaviorFitting\BehaviorData_Clay.mat,Clay,Clay_082,82,nonStim,1,Combined,0.363636363636364,0.363636363636364,6,6,6,1
C:\Users\zzhu329\Documents\GitHub\EM-3DMotion\BehaviorFitting\BehaviorData_Clay.mat,Clay,Clay_082,82,nonStim,1,Combined,0.454545454545455,0.454545454545455,6,6,6,1
C:\Users\zzhu329\Documents\GitHub\EM-3DMotion\BehaviorFitting\BehaviorData_Clay.mat,Clay,Clay_082,82,nonStim,1,Combined,0.636363636363636,0.636363636363636,6,6,6,1
C:\Users\zzhu329\Documents\GitHub\EM-3DMotion\BehaviorFitting\BehaviorData_Clay.mat,Clay,Clay_082,82,nonStim,1,Combined,1,1,6,6,6,1
C:\Users\zzhu329\Documents\GitHub\EM-3DMotion\BehaviorFitting\BehaviorData_Clay.mat,Clay,Clay_082,82,nonStim,2,MonoL,-1,1,0,7,7,1
C:\Users\zzhu329\Documents\GitHub\EM-3DMotion\BehaviorFitting\BehaviorData_Clay.mat,Clay,Clay_082,82,nonStim,2,MonoL,-0.636363636363636,0.636363636363636,1,5,6,0.833333333333333
C:\Users\zzhu329\Documents\GitHub\EM-3DMotion\BehaviorFitting\BehaviorData_Clay.mat,Clay,Clay_082,82,nonStim,2,MonoL,-0.454545454545455,0.454545454545455,0,6,6,1
C:\Users\zzhu329\Documents\GitHub\EM-3DMotion\BehaviorFitting\BehaviorData_Clay.mat,Clay,Clay_082,82,nonStim,2,MonoL,-0.363636363636364,0.363636363636364,0,6,6,1
C:\Users\zzhu329\Documents\GitHub\EM-3DMotion\BehaviorFitting\BehaviorData_Clay.mat,Clay,Clay_082,82,nonStim,2,MonoL,-0.181818181818182,0.181818181818182,2,4,6,0.666666666666667
C:\Users\zzhu329\Documents\GitHub\EM-3DMotion\BehaviorFitting\BehaviorData_Clay.mat,Clay,Clay_082,82,nonStim,2,MonoL,-0.0909090909090909,0.0909090909090909,1,5,6,0.833333333333333
C:\Users\zzhu329\Documents\GitHub\EM-3DMotion\BehaviorFitting\BehaviorData_Clay.mat,Clay,Clay_082,82,nonStim,2,MonoL,0.0909090909090909,0.0909090909090909,3,3,6,0.5
C:\Users\zzhu329\Documents\GitHub\EM-3DMotion\BehaviorFitting\BehaviorData_Clay.mat,Clay,Clay_082,82,nonStim,2,MonoL,0.181818181818182,0.181818181818182,2,2,6,0.333333333333333
C:\Users\zzhu329\Documents\GitHub\EM-3DMotion\BehaviorFitting\BehaviorData_Clay.mat,Clay,Clay_082,82,nonStim,2,MonoL,0.363636363636364,0.363636363636364,5,5,6,0.833333333333333
C:\Users\zzhu329\Documents\GitHub\EM-3DMotion\BehaviorFitting\BehaviorData_Clay.mat,Clay,Clay_082,82,nonStim,2,MonoL,0.454545454545455,0.454545454545455,6,6,6,1
C:\Users\zzhu329\Documents\GitHub\EM-3DMotion\BehaviorFitting\BehaviorData_Clay.mat,Clay,Clay_082,82,nonStim,2,MonoL,0.636363636363636,0.636363636363636,6,6,6,1
C:\Users\zzhu329\Documents\GitHub\EM-3DMotion\BehaviorFitting\BehaviorData_Clay.mat,Clay,Clay_082,82,nonStim,2,MonoL,1,1,6,6,6,1
C:\Users\zzhu329\Documents\GitHub\EM-3DMotion\BehaviorFitting\BehaviorData_Clay.mat,Clay,Clay_082,82,nonStim,3,MonoR,-1,1,1,6,7,0.857142857142857
C:\Users\zzhu329\Documents\GitHub\EM-3DMotion\BehaviorFitting\BehaviorData_Clay.mat,Clay,Clay_082,82,nonStim,3,MonoR,-0.636363636363636,0.636363636363636,0,7,7,1
C:\Users\zzhu329\Documents\GitHub\EM-3DMotion\BehaviorFitting\BehaviorData_Clay.mat,Clay,Clay_082,82,nonStim,3,MonoR,-0.454545454545455,0.454545454545455,0,6,6,1
C:\Users\zzhu329\Documents\GitHub\EM-3DMotion\BehaviorFitting\BehaviorData_Clay.mat,Clay,Clay_082,82,nonStim,3,MonoR,-0.363636363636364,0.363636363636364,0,6,6,1
C:\Users\zzhu329\Documents\GitHub\EM-3DMotion\BehaviorFitting\BehaviorData_Clay.mat,Clay,Clay_082,82,nonStim,3,MonoR,-0.181818181818182,0.181818181818182,3,3,6,0.5
C:\Users\zzhu329\Documents\GitHub\EM-3DMotion\BehaviorFitting\BehaviorData_Clay.mat,Clay,Clay_082,82,nonStim,3,MonoR,-0.0909090909090909,0.0909090909090909,1,5,6,0.833333333333333
C:\Users\zzhu329\Documents\GitHub\EM-3DMotion\BehaviorFitting\BehaviorData_Clay.mat,Clay,Clay_082,82,nonStim,3,MonoR,0.0909090909090909,0.0909090909090909,3,3,6,0.5
C:\Users\zzhu329\Documents\GitHub\EM-3DMotion\BehaviorFitting\BehaviorData_Clay.mat,Clay,Clay_082,82,nonStim,3,MonoR,0.181818181818182,0.181818181818182,4,4,6,0.666666666666667
C:\Users\zzhu329\Documents\GitHub\EM-3DMotion\BehaviorFitting\BehaviorData_Clay.mat,Clay,Clay_082,82,nonStim,3,MonoR,0.363636363636364,0.363636363636364,5,5,6,0.833333333333333
C:\Users\zzhu329\Documents\GitHub\EM-3DMotion\BehaviorFitting\BehaviorData_Clay.mat,Clay,Clay_082,82,nonStim,3,MonoR,0.454545454545455,0.454545454545455,6,6,6,1
C:\Users\zzhu329\Documents\GitHub\EM-3DMotion\BehaviorFitting\BehaviorData_Clay.mat,Clay,Clay_082,82,nonStim,3,MonoR,0.636363636363636,0.636363636363636,6,6,6,1
C:\Users\zzhu329\Documents\GitHub\EM-3DMotion\BehaviorFitting\BehaviorData_Clay.mat,Clay,Clay_082,82,nonStim,3,MonoR,1,1,6,6,6,1
C:\Users\zzhu329\Documents\GitHub\EM-3DMotion\BehaviorFitting\BehaviorData_Clay.mat,Clay,Clay_082,82,nonStim,4,Bino,-1,1,0,6,6,1
C:\Users\zzhu329\Documents\GitHub\EM-3DMotion\BehaviorFitting\BehaviorData_Clay.mat,Clay,Clay_082,82,nonStim,4,Bino,-0.636363636363636,0.636363636363636,2,4,6,0.666666666666667
C:\Users\zzhu329\Documents\GitHub\EM-3DMotion\BehaviorFitting\BehaviorData_Clay.mat,Clay,Clay_082,82,nonStim,4,Bino,-0.454545454545455,0.454545454545455,0,6,6,1
C:\Users\zzhu329\Documents\GitHub\EM-3DMotion\BehaviorFitting\BehaviorData_Clay.mat,Clay,Clay_082,82,nonStim,4,Bino,-0.363636363636364,0.363636363636364,2,4,6,0.666666666666667
C:\Users\zzhu329\Documents\GitHub\EM-3DMotion\BehaviorFitting\BehaviorData_Clay.mat,Clay,Clay_082,82,nonStim,4,Bino,-0.181818181818182,0.181818181818182,4,2,6,0.333333333333333
C:\Users\zzhu329\Documents\GitHub\EM-3DMotion\BehaviorFitting\BehaviorData_Clay.mat,Clay,Clay_082,82,nonStim,4,Bino,-0.0909090909090909,0.0909090909090909,1,4,5,0.8
C:\Users\zzhu329\Documents\GitHub\EM-3DMotion\BehaviorFitting\BehaviorData_Clay.mat,Clay,Clay_082,82,nonStim,4,Bino,0.0909090909090909,0.0909090909090909,2,2,6,0.333333333333333
C:\Users\zzhu329\Documents\GitHub\EM-3DMotion\BehaviorFitting\BehaviorData_Clay.mat,Clay,Clay_082,82,nonStim,4,Bino,0.181818181818182,0.181818181818182,3,3,7,0.428571428571429
C:\Users\zzhu329\Documents\GitHub\EM-3DMotion\BehaviorFitting\BehaviorData_Clay.mat,Clay,Clay_082,82,nonStim,4,Bino,0.363636363636364,0.363636363636364,6,6,6,1
C:\Users\zzhu329\Documents\GitHub\EM-3DMotion\BehaviorFitting\BehaviorData_Clay.mat,Clay,Clay_082,82,nonStim,4,Bino,0.454545454545455,0.454545454545455,6,6,6,1
C:\Users\zzhu329\Documents\GitHub\EM-3DMotion\BehaviorFitting\BehaviorData_Clay.mat,Clay,Clay_082,82,nonStim,4,Bino,0.636363636363636,0.636363636363636,6,6,6,1
C:\Users\zzhu329\Documents\GitHub\EM-3DMotion\BehaviorFitting\BehaviorData_Clay.mat,Clay,Clay_082,82,nonStim,4,Bino,1,1,6,6,6,1
C:\Users\zzhu329\Documents\GitHub\EM-3DMotion\BehaviorFitting\BehaviorData_Clay.mat,Clay,Clay_083,83,nonStim,1,Combined,-1,1,0,8,8,1
C:\Users\zzhu329\Documents\GitHub\EM-3DMotion\BehaviorFitting\BehaviorData_Clay.mat,Clay,Clay_083,83,nonStim,1,Combined,-0.636363636363636,0.636363636363636,0,9,9,1
C:\Users\zzhu329\Documents\GitHub\EM-3DMotion\BehaviorFitting\BehaviorData_Clay.mat,Clay,Clay_083,83,nonStim,1,Combined,-0.454545454545455,0.454545454545455,3,5,8,0.625
C:\Users\zzhu329\Documents\GitHub\EM-3DMotion\BehaviorFitting\BehaviorData_Clay.mat,Clay,Clay_083,83,nonStim,1,Combined,-0.363636363636364,0.363636363636364,1,7,8,0.875
C:\Users\zzhu329\Documents\GitHub\EM-3DMotion\BehaviorFitting\BehaviorData_Clay.mat,Clay,Clay_083,83,nonStim,1,Combined,-0.181818181818182,0.181818181818182,3,6,9,0.666666666666667
C:\Users\zzhu329\Documents\GitHub\EM-3DMotion\BehaviorFitting\BehaviorData_Clay.mat,Clay,Clay_083,83,nonStim,1,Combined,-0.0909090909090909,0.0909090909090909,5,4,9,0.444444444444444
C:\Users\zzhu329\Documents\GitHub\EM-3DMotion\BehaviorFitting\BehaviorData_Clay.mat,Clay,Clay_083,83,nonStim,1,Combined,0.0909090909090909,0.0909090909090909,8,8,8,1
C:\Users\zzhu329\Documents\GitHub\EM-3DMotion\BehaviorFitting\BehaviorData_Clay.mat,Clay,Clay_083,83,nonStim,1,Combined,0.181818181818182,0.181818181818182,8,8,9,0.888888888888889
C:\Users\zzhu329\Documents\GitHub\EM-3DMotion\BehaviorFitting\BehaviorData_Clay.mat,Clay,Clay_083,83,nonStim,1,Combined,0.363636363636364,0.363636363636364,8,8,8,1
C:\Users\zzhu329\Documents\GitHub\EM-3DMotion\BehaviorFitting\BehaviorData_Clay.mat,Clay,Clay_083,83,nonStim,1,Combined,0.454545454545455,0.454545454545455,9,9,9,1
C:\Users\zzhu329\Documents\GitHub\EM-3DMotion\BehaviorFitting\BehaviorData_Clay.mat,Clay,Clay_083,83,nonStim,1,Combined,0.636363636363636,0.636363636363636,8,8,8,1
C:\Users\zzhu329\Documents\GitHub\EM-3DMotion\BehaviorFitting\BehaviorData_Clay.mat,Clay,Clay_083,83,nonStim,1,Combined,1,1,9,9,9,1
C:\Users\zzhu329\Documents\GitHub\EM-3DMotion\BehaviorFitting\BehaviorData_Clay.mat,Clay,Clay_083,83,nonStim,2,MonoL,-1,1,0,9,9,1
C:\Users\zzhu329\Documents\GitHub\EM-3DMotion\BehaviorFitting\BehaviorData_Clay.mat,Clay,Clay_083,83,nonStim,2,MonoL,-0.636363636363636,0.636363636363636,1,8,9,0.888888888888889
C:\Users\zzhu329\Documents\GitHub\EM-3DMotion\BehaviorFitting\BehaviorData_Clay.mat,Clay,Clay_083,83,nonStim,2,MonoL,-0.454545454545455,0.454545454545455,3,5,8,0.625
C:\Users\zzhu329\Documents\GitHub\EM-3DMotion\BehaviorFitting\BehaviorData_Clay.mat,Clay,Clay_083,83,nonStim,2,MonoL,-0.363636363636364,0.363636363636364,4,4,8,0.5
C:\Users\zzhu329\Documents\GitHub\EM-3DMotion\BehaviorFitting\BehaviorData_Clay.mat,Clay,Clay_083,83,nonStim,2,MonoL,-0.181818181818182,0.181818181818182,5,3,8,0.375
C:\Users\zzhu329\Documents\GitHub\EM-3DMotion\BehaviorFitting\BehaviorData_Clay.mat,Clay,Clay_083,83,nonStim,2,MonoL,-0.0909090909090909,0.0909090909090909,4,4,8,0.5
C:\Users\zzhu329\Documents\GitHub\EM-3DMotion\BehaviorFitting\BehaviorData_Clay.mat,Clay,Clay_083,83,nonStim,2,MonoL,0.0909090909090909,0.0909090909090909,7,7,9,0.777777777777778
C:\Users\zzhu329\Documents\GitHub\EM-3DMotion\BehaviorFitting\BehaviorData_Clay.mat,Clay,Clay_083,83,nonStim,2,MonoL,0.181818181818182,0.181818181818182,7,7,9,0.777777777777778
C:\Users\zzhu329\Documents\GitHub\EM-3DMotion\BehaviorFitting\BehaviorData_Clay.mat,Clay,Clay_083,83,nonStim,2,MonoL,0.363636363636364,0.363636363636364,5,5,8,0.625
C:\Users\zzhu329\Documents\GitHub\EM-3DMotion\BehaviorFitting\BehaviorData_Clay.mat,Clay,Clay_083,83,nonStim,2,MonoL,0.454545454545455,0.454545454545455,8,8,8,1
C:\Users\zzhu329\Documents\GitHub\EM-3DMotion\BehaviorFitting\BehaviorData_Clay.mat,Clay,Clay_083,83,nonStim,2,MonoL,0.636363636363636,0.636363636363636,9,9,9,1
C:\Users\zzhu329\Documents\GitHub\EM-3DMotion\BehaviorFitting\BehaviorData_Clay.mat,Clay,Clay_083,83,nonStim,2,MonoL,1,1,7,7,8,0.875
C:\Users\zzhu329\Documents\GitHub\EM-3DMotion\BehaviorFitting\BehaviorData_Clay.mat,Clay,Clay_083,83,nonStim,3,MonoR,-1,1,2,6,8,0.75
C:\Users\zzhu329\Documents\GitHub\EM-3DMotion\BehaviorFitting\BehaviorData_Clay.mat,Clay,Clay_083,83,nonStim,3,MonoR,-0.636363636363636,0.636363636363636,3,6,9,0.666666666666667
C:\Users\zzhu329\Documents\GitHub\EM-3DMotion\BehaviorFitting\BehaviorData_Clay.mat,Clay,Clay_083,83,nonStim,3,MonoR,-0.454545454545455,0.454545454545455,2,6,8,0.75
C:\Users\zzhu329\Documents\GitHub\EM-3DMotion\BehaviorFitting\BehaviorData_Clay.mat,Clay,Clay_083,83,nonStim,3,MonoR,-0.363636363636364,0.363636363636364,1,7,8,0.875
C:\Users\zzhu329\Documents\GitHub\EM-3DMotion\BehaviorFitting\BehaviorData_Clay.mat,Clay,Clay_083,83,nonStim,3,MonoR,-0.181818181818182,0.181818181818182,6,3,9,0.333333333333333
C:\Users\zzhu329\Documents\GitHub\EM-3DMotion\BehaviorFitting\BehaviorData_Clay.mat,Clay,Clay_083,83,nonStim,3,MonoR,-0.0909090909090909,0.0909090909090909,7,2,9,0.222222222222222
C:\Users\zzhu329\Documents\GitHub\EM-3DMotion\BehaviorFitting\BehaviorData_Clay.mat,Clay,Clay_083,83,nonStim,3,MonoR,0.0909090909090909,0.0909090909090909,7,7,8,0.875
C:\Users\zzhu329\Documents\GitHub\EM-3DMotion\BehaviorFitting\BehaviorData_Clay.mat,Clay,Clay_083,83,nonStim,3,MonoR,0.181818181818182,0.181818181818182,6,6,8,0.75
C:\Users\zzhu329\Documents\GitHub\EM-3DMotion\BehaviorFitting\BehaviorData_Clay.mat,Clay,Clay_083,83,nonStim,3,MonoR,0.363636363636364,0.363636363636364,8,8,8,1
C:\Users\zzhu329\Documents\GitHub\EM-3DMotion\BehaviorFitting\BehaviorData_Clay.mat,Clay,Clay_083,83,nonStim,3,MonoR,0.454545454545455,0.454545454545455,9,9,9,1
C:\Users\zzhu329\Documents\GitHub\EM-3DMotion\BehaviorFitting\BehaviorData_Clay.mat,Clay,Clay_083,83,nonStim,3,MonoR,0.636363636363636,0.636363636363636,8,8,8,1
C:\Users\zzhu329\Documents\GitHub\EM-3DMotion\BehaviorFitting\BehaviorData_Clay.mat,Clay,Clay_083,83,nonStim,3,MonoR,1,1,8,8,8,1
C:\Users\zzhu329\Documents\GitHub\EM-3DMotion\BehaviorFitting\BehaviorData_Clay.mat,Clay,Clay_083,83,nonStim,4,Bino,-1,1,3,5,8,0.625
C:\Users\zzhu329\Documents\GitHub\EM-3DMotion\BehaviorFitting\BehaviorData_Clay.mat,Clay,Clay_083,83,nonStim,4,Bino,-0.636363636363636,0.636363636363636,3,5,8,0.625
C:\Users\zzhu329\Documents\GitHub\EM-3DMotion\BehaviorFitting\BehaviorData_Clay.mat,Clay,Clay_083,83,nonStim,4,Bino,-0.454545454545455,0.454545454545455,5,4,9,0.444444444444444
C:\Users\zzhu329\Documents\GitHub\EM-3DMotion\BehaviorFitting\BehaviorData_Clay.mat,Clay,Clay_083,83,nonStim,4,Bino,-0.363636363636364,0.363636363636364,5,3,8,0.375
C:\Users\zzhu329\Documents\GitHub\EM-3DMotion\BehaviorFitting\BehaviorData_Clay.mat,Clay,Clay_083,83,nonStim,4,Bino,-0.181818181818182,0.181818181818182,7,2,9,0.222222222222222
C:\Users\zzhu329\Documents\GitHub\EM-3DMotion\BehaviorFitting\BehaviorData_Clay.mat,Clay,Clay_083,83,nonStim,4,Bino,-0.0909090909090909,0.0909090909090909,3,6,9,0.666666666666667
C:\Users\zzhu329\Documents\GitHub\EM-3DMotion\BehaviorFitting\BehaviorData_Clay.mat,Clay,Clay_083,83,nonStim,4,Bino,0.0909090909090909,0.0909090909090909,4,4,8,0.5
C:\Users\zzhu329\Documents\GitHub\EM-3DMotion\BehaviorFitting\BehaviorData_Clay.mat,Clay,Clay_083,83,nonStim,4,Bino,0.181818181818182,0.181818181818182,6,6,9,0.666666666666667
C:\Users\zzhu329\Documents\GitHub\EM-3DMotion\BehaviorFitting\BehaviorData_Clay.mat,Clay,Clay_083,83,nonStim,4,Bino,0.363636363636364,0.363636363636364,8,8,8,1
C:\Users\zzhu329\Documents\GitHub\EM-3DMotion\BehaviorFitting\BehaviorData_Clay.mat,Clay,Clay_083,83,nonStim,4,Bino,0.454545454545455,0.454545454545455,8,8,9,0.888888888888889
C:\Users\zzhu329\Documents\GitHub\EM-3DMotion\BehaviorFitting\BehaviorData_Clay.mat,Clay,Clay_083,83,nonStim,4,Bino,0.636363636363636,0.636363636363636,9,9,9,1
C:\Users\zzhu329\Documents\GitHub\EM-3DMotion\BehaviorFitting\BehaviorData_Clay.mat,Clay,Clay_083,83,nonStim,4,Bino,1,1,8,8,8,1
C:\Users\zzhu329\Documents\GitHub\EM-3DMotion\BehaviorFitting\BehaviorData_Clay.mat,Clay,Clay_084,84,nonStim,1,Combined,-1,1,1,6,7,0.857142857142857
C:\Users\zzhu329\Documents\GitHub\EM-3DMotion\BehaviorFitting\BehaviorData_Clay.mat,Clay,Clay_084,84,nonStim,1,Combined,-0.636363636363636,0.636363636363636,0,7,7,1
C:\Users\zzhu329\Documents\GitHub\EM-3DMotion\BehaviorFitting\BehaviorData_Clay.mat,Clay,Clay_084,84,nonStim,1,Combined,-0.454545454545455,0.454545454545455,0,7,7,1
C:\Users\zzhu329\Documents\GitHub\EM-3DMotion\BehaviorFitting\BehaviorData_Clay.mat,Clay,Clay_084,84,nonStim,1,Combined,-0.363636363636364,0.363636363636364,0,7,7,1
C:\Users\zzhu329\Documents\GitHub\EM-3DMotion\BehaviorFitting\BehaviorData_Clay.mat,Clay,Clay_084,84,nonStim,1,Combined,-0.181818181818182,0.181818181818182,1,6,7,0.857142857142857
C:\Users\zzhu329\Documents\GitHub\EM-3DMotion\BehaviorFitting\BehaviorData_Clay.mat,Clay,Clay_084,84,nonStim,1,Combined,-0.0909090909090909,0.0909090909090909,6,2,8,0.25
C:\Users\zzhu329\Documents\GitHub\EM-3DMotion\BehaviorFitting\BehaviorData_Clay.mat,Clay,Clay_084,84,nonStim,1,Combined,0.0909090909090909,0.0909090909090909,7,7,7,1
C:\Users\zzhu329\Documents\GitHub\EM-3DMotion\BehaviorFitting\BehaviorData_Clay.mat,Clay,Clay_084,84,nonStim,1,Combined,0.181818181818182,0.181818181818182,7,7,7,1
C:\Users\zzhu329\Documents\GitHub\EM-3DMotion\BehaviorFitting\BehaviorData_Clay.mat,Clay,Clay_084,84,nonStim,1,Combined,0.363636363636364,0.363636363636364,7,7,7,1
C:\Users\zzhu329\Documents\GitHub\EM-3DMotion\BehaviorFitting\BehaviorData_Clay.mat,Clay,Clay_084,84,nonStim,1,Combined,0.454545454545455,0.454545454545455,8,8,8,1
C:\Users\zzhu329\Documents\GitHub\EM-3DMotion\BehaviorFitting\BehaviorData_Clay.mat,Clay,Clay_084,84,nonStim,1,Combined,0.636363636363636,0.636363636363636,7,7,7,1
C:\Users\zzhu329\Documents\GitHub\EM-3DMotion\BehaviorFitting\BehaviorData_Clay.mat,Clay,Clay_084,84,nonStim,1,Combined,1,1,7,7,7,1
C:\Users\zzhu329\Documents\GitHub\EM-3DMotion\BehaviorFitting\BehaviorData_Clay.mat,Clay,Clay_084,84,nonStim,2,MonoL,-1,1,0,7,7,1
C:\Users\zzhu329\Documents\GitHub\EM-3DMotion\BehaviorFitting\BehaviorData_Clay.mat,Clay,Clay_084,84,nonStim,2,MonoL,-0.636363636363636,0.636363636363636,2,5,7,0.714285714285714
C:\Users\zzhu329\Documents\GitHub\EM-3DMotion\BehaviorFitting\BehaviorData_Clay.mat,Clay,Clay_084,84,nonStim,2,MonoL,-0.454545454545455,0.454545454545455,3,4,7,0.571428571428571
C:\Users\zzhu329\Documents\GitHub\EM-3DMotion\BehaviorFitting\BehaviorData_Clay.mat,Clay,Clay_084,84,nonStim,2,MonoL,-0.363636363636364,0.363636363636364,2,5,7,0.714285714285714
C:\Users\zzhu329\Documents\GitHub\EM-3DMotion\BehaviorFitting\BehaviorData_Clay.mat,Clay,Clay_084,84,nonStim,2,MonoL,-0.181818181818182,0.181818181818182,5,3,8,0.375
C:\Users\zzhu329\Documents\GitHub\EM-3DMotion\BehaviorFitting\BehaviorData_Clay.mat,Clay,Clay_084,84,nonStim,2,MonoL,-0.0909090909090909,0.0909090909090909,2,5,7,0.714285714285714
C:\Users\zzhu329\Documents\GitHub\EM-3DMotion\BehaviorFitting\BehaviorData_Clay.mat,Clay,Clay_084,84,nonStim,2,MonoL,0.0909090909090909,0.0909090909090909,2,2,7,0.285714285714286
C:\Users\zzhu329\Documents\GitHub\EM-3DMotion\BehaviorFitting\BehaviorData_Clay.mat,Clay,Clay_084,84,nonStim,2,MonoL,0.181818181818182,0.181818181818182,6,6,8,0.75
C:\Users\zzhu329\Documents\GitHub\EM-3DMotion\BehaviorFitting\BehaviorData_Clay.mat,Clay,Clay_084,84,nonStim,2,MonoL,0.363636363636364,0.363636363636364,7,7,8,0.875
C:\Users\zzhu329\Documents\GitHub\EM-3DMotion\BehaviorFitting\BehaviorData_Clay.mat,Clay,Clay_084,84,nonStim,2,MonoL,0.454545454545455,0.454545454545455,7,7,7,1
C:\Users\zzhu329\Documents\GitHub\EM-3DMotion\BehaviorFitting\BehaviorData_Clay.mat,Clay,Clay_084,84,nonStim,2,MonoL,0.636363636363636,0.636363636363636,8,8,8,1
C:\Users\zzhu329\Documents\GitHub\EM-3DMotion\BehaviorFitting\BehaviorData_Clay.mat,Clay,Clay_084,84,nonStim,2,MonoL,1,1,8,8,8,1
C:\Users\zzhu329\Documents\GitHub\EM-3DMotion\BehaviorFitting\BehaviorData_Clay.mat,Clay,Clay_084,84,nonStim,3,MonoR,-1,1,0,7,7,1
C:\Users\zzhu329\Documents\GitHub\EM-3DMotion\BehaviorFitting\BehaviorData_Clay.mat,Clay,Clay_084,84,nonStim,3,MonoR,-0.636363636363636,0.636363636363636,0,8,8,1
C:\Users\zzhu329\Documents\GitHub\EM-3DMotion\BehaviorFitting\BehaviorData_Clay.mat,Clay,Clay_084,84,nonStim,3,MonoR,-0.454545454545455,0.454545454545455,1,6,7,0.857142857142857
C:\Users\zzhu329\Documents\GitHub\EM-3DMotion\BehaviorFitting\BehaviorData_Clay.mat,Clay,Clay_084,84,nonStim,3,MonoR,-0.363636363636364,0.363636363636364,2,5,7,0.714285714285714
C:\Users\zzhu329\Documents\GitHub\EM-3DMotion\BehaviorFitting\BehaviorData_Clay.mat,Clay,Clay_084,84,nonStim,3,MonoR,-0.181818181818182,0.181818181818182,0,7,7,1
C:\Users\zzhu329\Documents\GitHub\EM-3DMotion\BehaviorFitting\BehaviorData_Clay.mat,Clay,Clay_084,84,nonStim,3,MonoR,-0.0909090909090909,0.0909090909090909,3,5,8,0.625
C:\Users\zzhu329\Documents\GitHub\EM-3DMotion\BehaviorFitting\BehaviorData_Clay.mat,Clay,Clay_084,84,nonStim,3,MonoR,0.0909090909090909,0.0909090909090909,5,5,7,0.714285714285714
C:\Users\zzhu329\Documents\GitHub\EM-3DMotion\BehaviorFitting\BehaviorData_Clay.mat,Clay,Clay_084,84,nonStim,3,MonoR,0.181818181818182,0.181818181818182,5,5,7,0.714285714285714
C:\Users\zzhu329\Documents\GitHub\EM-3DMotion\BehaviorFitting\BehaviorData_Clay.mat,Clay,Clay_084,84,nonStim,3,MonoR,0.363636363636364,0.363636363636364,6,6,7,0.857142857142857
C:\Users\zzhu329\Documents\GitHub\EM-3DMotion\BehaviorFitting\BehaviorData_Clay.mat,Clay,Clay_084,84,nonStim,3,MonoR,0.454545454545455,0.454545454545455,7,7,7,1
C:\Users\zzhu329\Documents\GitHub\EM-3DMotion\BehaviorFitting\BehaviorData_Clay.mat,Clay,Clay_084,84,nonStim,3,MonoR,0.636363636363636,0.636363636363636,7,7,7,1
C:\Users\zzhu329\Documents\GitHub\EM-3DMotion\BehaviorFitting\BehaviorData_Clay.mat,Clay,Clay_084,84,nonStim,3,MonoR,1,1,7,7,7,1
C:\Users\zzhu329\Documents\GitHub\EM-3DMotion\BehaviorFitting\BehaviorData_Clay.mat,Clay,Clay_084,84,nonStim,4,Bino,-1,1,0,7,7,1
C:\Users\zzhu329\Documents\GitHub\EM-3DMotion\BehaviorFitting\BehaviorData_Clay.mat,Clay,Clay_084,84,nonStim,4,Bino,-0.636363636363636,0.636363636363636,1,6,7,0.857142857142857
C:\Users\zzhu329\Documents\GitHub\EM-3DMotion\BehaviorFitting\BehaviorData_Clay.mat,Clay,Clay_084,84,nonStim,4,Bino,-0.454545454545455,0.454545454545455,0,7,7,1
C:\Users\zzhu329\Documents\GitHub\EM-3DMotion\BehaviorFitting\BehaviorData_Clay.mat,Clay,Clay_084,84,nonStim,4,Bino,-0.363636363636364,0.363636363636364,1,6,7,0.857142857142857
C:\Users\zzhu329\Documents\GitHub\EM-3DMotion\BehaviorFitting\BehaviorData_Clay.mat,Clay,Clay_084,84,nonStim,4,Bino,-0.181818181818182,0.181818181818182,1,6,7,0.857142857142857
C:\Users\zzhu329\Documents\GitHub\EM-3DMotion\BehaviorFitting\BehaviorData_Clay.mat,Clay,Clay_084,84,nonStim,4,Bino,-0.0909090909090909,0.0909090909090909,2,6,8,0.75
C:\Users\zzhu329\Documents\GitHub\EM-3DMotion\BehaviorFitting\BehaviorData_Clay.mat,Clay,Clay_084,84,nonStim,4,Bino,0.0909090909090909,0.0909090909090909,7,7,8,0.875
C:\Users\zzhu329\Documents\GitHub\EM-3DMotion\BehaviorFitting\BehaviorData_Clay.mat,Clay,Clay_084,84,nonStim,4,Bino,0.181818181818182,0.181818181818182,6,6,7,0.857142857142857
C:\Users\zzhu329\Documents\GitHub\EM-3DMotion\BehaviorFitting\BehaviorData_Clay.mat,Clay,Clay_084,84,nonStim,4,Bino,0.363636363636364,0.363636363636364,7,7,8,0.875
C:\Users\zzhu329\Documents\GitHub\EM-3DMotion\BehaviorFitting\BehaviorData_Clay.mat,Clay,Clay_084,84,nonStim,4,Bino,0.454545454545455,0.454545454545455,7,7,7,1
C:\Users\zzhu329\Documents\GitHub\EM-3DMotion\BehaviorFitting\BehaviorData_Clay.mat,Clay,Clay_084,84,nonStim,4,Bino,0.636363636363636,0.636363636363636,8,8,8,1
C:\Users\zzhu329\Documents\GitHub\EM-3DMotion\BehaviorFitting\BehaviorData_Clay.mat,Clay,Clay_084,84,nonStim,4,Bino,1,1,7,7,7,1
C:\Users\zzhu329\Documents\GitHub\EM-3DMotion\BehaviorFitting\BehaviorData_Clay.mat,Clay,Clay_085,85,nonStim,1,Combined,-1,1,0,8,8,1
C:\Users\zzhu329\Documents\GitHub\EM-3DMotion\BehaviorFitting\BehaviorData_Clay.mat,Clay,Clay_085,85,nonStim,1,Combined,-0.636363636363636,0.636363636363636,0,8,8,1
C:\Users\zzhu329\Documents\GitHub\EM-3DMotion\BehaviorFitting\BehaviorData_Clay.mat,Clay,Clay_085,85,nonStim,1,Combined,-0.454545454545455,0.454545454545455,0,8,8,1
C:\Users\zzhu329\Documents\GitHub\EM-3DMotion\BehaviorFitting\BehaviorData_Clay.mat,Clay,Clay_085,85,nonStim,1,Combined,-0.363636363636364,0.363636363636364,0,8,8,1
C:\Users\zzhu329\Documents\GitHub\EM-3DMotion\BehaviorFitting\BehaviorData_Clay.mat,Clay,Clay_085,85,nonStim,1,Combined,-0.181818181818182,0.181818181818182,2,6,8,0.75
C:\Users\zzhu329\Documents\GitHub\EM-3DMotion\BehaviorFitting\BehaviorData_Clay.mat,Clay,Clay_085,85,nonStim,1,Combined,-0.0909090909090909,0.0909090909090909,2,6,8,0.75
C:\Users\zzhu329\Documents\GitHub\EM-3DMotion\BehaviorFitting\BehaviorData_Clay.mat,Clay,Clay_085,85,nonStim,1,Combined,0.0909090909090909,0.0909090909090909,8,8,8,1
C:\Users\zzhu329\Documents\GitHub\EM-3DMotion\BehaviorFitting\BehaviorData_Clay.mat,Clay,Clay_085,85,nonStim,1,Combined,0.181818181818182,0.181818181818182,8,8,8,1
C:\Users\zzhu329\Documents\GitHub\EM-3DMotion\BehaviorFitting\BehaviorData_Clay.mat,Clay,Clay_085,85,nonStim,1,Combined,0.363636363636364,0.363636363636364,8,8,8,1
C:\Users\zzhu329\Documents\GitHub\EM-3DMotion\BehaviorFitting\BehaviorData_Clay.mat,Clay,Clay_085,85,nonStim,1,Combined,0.454545454545455,0.454545454545455,8,8,8,1
C:\Users\zzhu329\Documents\GitHub\EM-3DMotion\BehaviorFitting\BehaviorData_Clay.mat,Clay,Clay_085,85,nonStim,1,Combined,0.636363636363636,0.636363636363636,8,8,8,1
C:\Users\zzhu329\Documents\GitHub\EM-3DMotion\BehaviorFitting\BehaviorData_Clay.mat,Clay,Clay_085,85,nonStim,1,Combined,1,1,8,8,8,1
C:\Users\zzhu329\Documents\GitHub\EM-3DMotion\BehaviorFitting\BehaviorData_Clay.mat,Clay,Clay_085,85,nonStim,2,MonoL,-1,1,0,8,8,1
C:\Users\zzhu329\Documents\GitHub\EM-3DMotion\BehaviorFitting\BehaviorData_Clay.mat,Clay,Clay_085,85,nonStim,2,MonoL,-0.636363636363636,0.636363636363636,1,7,8,0.875
C:\Users\zzhu329\Documents\GitHub\EM-3DMotion\BehaviorFitting\BehaviorData_Clay.mat,Clay,Clay_085,85,nonStim,2,MonoL,-0.454545454545455,0.454545454545455,0,8,8,1
C:\Users\zzhu329\Documents\GitHub\EM-3DMotion\BehaviorFitting\BehaviorData_Clay.mat,Clay,Clay_085,85,nonStim,2,MonoL,-0.363636363636364,0.363636363636364,3,5,8,0.625
C:\Users\zzhu329\Documents\GitHub\EM-3DMotion\BehaviorFitting\BehaviorData_Clay.mat,Clay,Clay_085,85,nonStim,2,MonoL,-0.181818181818182,0.181818181818182,1,6,7,0.857142857142857
C:\Users\zzhu329\Documents\GitHub\EM-3DMotion\BehaviorFitting\BehaviorData_Clay.mat,Clay,Clay_085,85,nonStim,2,MonoL,-0.0909090909090909,0.0909090909090909,3,5,8,0.625
C:\Users\zzhu329\Documents\GitHub\EM-3DMotion\BehaviorFitting\BehaviorData_Clay.mat,Clay,Clay_085,85,nonStim,2,MonoL,0.0909090909090909,0.0909090909090909,1,1,8,0.125
C:\Users\zzhu329\Documents\GitHub\EM-3DMotion\BehaviorFitting\BehaviorData_Clay.mat,Clay,Clay_085,85,nonStim,2,MonoL,0.181818181818182,0.181818181818182,5,5,8,0.625
C:\Users\zzhu329\Documents\GitHub\EM-3DMotion\BehaviorFitting\BehaviorData_Clay.mat,Clay,Clay_085,85,nonStim,2,MonoL,0.363636363636364,0.363636363636364,5,5,7,0.714285714285714
C:\Users\zzhu329\Documents\GitHub\EM-3DMotion\BehaviorFitting\BehaviorData_Clay.mat,Clay,Clay_085,85,nonStim,2,MonoL,0.454545454545455,0.454545454545455,6,6,8,0.75
C:\Users\zzhu329\Documents\GitHub\EM-3DMotion\BehaviorFitting\BehaviorData_Clay.mat,Clay,Clay_085,85,nonStim,2,MonoL,0.636363636363636,0.636363636363636,8,8,8,1
C:\Users\zzhu329\Documents\GitHub\EM-3DMotion\BehaviorFitting\BehaviorData_Clay.mat,Clay,Clay_085,85,nonStim,2,MonoL,1,1,7,7,7,1
C:\Users\zzhu329\Documents\GitHub\EM-3DMotion\BehaviorFitting\BehaviorData_Clay.mat,Clay,Clay_085,85,nonStim,3,MonoR,-1,1,1,7,8,0.875
C:\Users\zzhu329\Documents\GitHub\EM-3DMotion\BehaviorFitting\BehaviorData_Clay.mat,Clay,Clay_085,85,nonStim,3,MonoR,-0.636363636363636,0.636363636363636,0,7,7,1
C:\Users\zzhu329\Documents\GitHub\EM-3DMotion\BehaviorFitting\BehaviorData_Clay.mat,Clay,Clay_085,85,nonStim,3,MonoR,-0.454545454545455,0.454545454545455,0,8,8,1
C:\Users\zzhu329\Documents\GitHub\EM-3DMotion\BehaviorFitting\BehaviorData_Clay.mat,Clay,Clay_085,85,nonStim,3,MonoR,-0.363636363636364,0.363636363636364,1,7,8,0.875
C:\Users\zzhu329\Documents\GitHub\EM-3DMotion\BehaviorFitting\BehaviorData_Clay.mat,Clay,Clay_085,85,nonStim,3,MonoR,-0.181818181818182,0.181818181818182,3,5,8,0.625
C:\Users\zzhu329\Documents\GitHub\EM-3DMotion\BehaviorFitting\BehaviorData_Clay.mat,Clay,Clay_085,85,nonStim,3,MonoR,-0.0909090909090909,0.0909090909090909,2,6,8,0.75
C:\Users\zzhu329\Documents\GitHub\EM-3DMotion\BehaviorFitting\BehaviorData_Clay.mat,Clay,Clay_085,85,nonStim,3,MonoR,0.0909090909090909,0.0909090909090909,3,3,7,0.428571428571429
C:\Users\zzhu329\Documents\GitHub\EM-3DMotion\BehaviorFitting\BehaviorData_Clay.mat,Clay,Clay_085,85,nonStim,3,MonoR,0.181818181818182,0.181818181818182,6,6,7,0.857142857142857
C:\Users\zzhu329\Documents\GitHub\EM-3DMotion\BehaviorFitting\BehaviorData_Clay.mat,Clay,Clay_085,85,nonStim,3,MonoR,0.363636363636364,0.363636363636364,6,6,7,0.857142857142857
C:\Users\zzhu329\Documents\GitHub\EM-3DMotion\BehaviorFitting\BehaviorData_Clay.mat,Clay,Clay_085,85,nonStim,3,MonoR,0.454545454545455,0.454545454545455,8,8,8,1
C:\Users\zzhu329\Documents\GitHub\EM-3DMotion\BehaviorFitting\BehaviorData_Clay.mat,Clay,Clay_085,85,nonStim,3,MonoR,0.636363636363636,0.636363636363636,7,7,7,1
C:\Users\zzhu329\Documents\GitHub\EM-3DMotion\BehaviorFitting\BehaviorData_Clay.mat,Clay,Clay_085,85,nonStim,3,MonoR,1,1,8,8,8,1
C:\Users\zzhu329\Documents\GitHub\EM-3DMotion\BehaviorFitting\BehaviorData_Clay.mat,Clay,Clay_085,85,nonStim,4,Bino,-1,1,2,6,8,0.75
C:\Users\zzhu329\Documents\GitHub\EM-3DMotion\BehaviorFitting\BehaviorData_Clay.mat,Clay,Clay_085,85,nonStim,4,Bino,-0.636363636363636,0.636363636363636,1,7,8,0.875
C:\Users\zzhu329\Documents\GitHub\EM-3DMotion\BehaviorFitting\BehaviorData_Clay.mat,Clay,Clay_085,85,nonStim,4,Bino,-0.454545454545455,0.454545454545455,0,7,7,1
C:\Users\zzhu329\Documents\GitHub\EM-3DMotion\BehaviorFitting\BehaviorData_Clay.mat,Clay,Clay_085,85,nonStim,4,Bino,-0.363636363636364,0.363636363636364,1,7,8,0.875
C:\Users\zzhu329\Documents\GitHub\EM-3DMotion\BehaviorFitting\BehaviorData_Clay.mat,Clay,Clay_085,85,nonStim,4,Bino,-0.181818181818182,0.181818181818182,0,8,8,1
C:\Users\zzhu329\Documents\GitHub\EM-3DMotion\BehaviorFitting\BehaviorData_Clay.mat,Clay,Clay_085,85,nonStim,4,Bino,-0.0909090909090909,0.0909090909090909,5,3,8,0.375
C:\Users\zzhu329\Documents\GitHub\EM-3DMotion\BehaviorFitting\BehaviorData_Clay.mat,Clay,Clay_085,85,nonStim,4,Bino,0.0909090909090909,0.0909090909090909,4,4,8,0.5
C:\Users\zzhu329\Documents\GitHub\EM-3DMotion\BehaviorFitting\BehaviorData_Clay.mat,Clay,Clay_085,85,nonStim,4,Bino,0.181818181818182,0.181818181818182,8,8,8,1
C:\Users\zzhu329\Documents\GitHub\EM-3DMotion\BehaviorFitting\BehaviorData_Clay.mat,Clay,Clay_085,85,nonStim,4,Bino,0.363636363636364,0.363636363636364,7,7,8,0.875
C:\Users\zzhu329\Documents\GitHub\EM-3DMotion\BehaviorFitting\BehaviorData_Clay.mat,Clay,Clay_085,85,nonStim,4,Bino,0.454545454545455,0.454545454545455,7,7,8,0.875
C:\Users\zzhu329\Documents\GitHub\EM-3DMotion\BehaviorFitting\BehaviorData_Clay.mat,Clay,Clay_085,85,nonStim,4,Bino,0.636363636363636,0.636363636363636,8,8,8,1
C:\Users\zzhu329\Documents\GitHub\EM-3DMotion\BehaviorFitting\BehaviorData_Clay.mat,Clay,Clay_085,85,nonStim,4,Bino,1,1,8,8,8,1
C:\Users\zzhu329\Documents\GitHub\EM-3DMotion\BehaviorFitting\BehaviorData_Clay.mat,Clay,Clay_086,86,nonStim,1,Combined,-1,1,0,10,10,1
C:\Users\zzhu329\Documents\GitHub\EM-3DMotion\BehaviorFitting\BehaviorData_Clay.mat,Clay,Clay_086,86,nonStim,1,Combined,-0.636363636363636,0.636363636363636,0,10,10,1
C:\Users\zzhu329\Documents\GitHub\EM-3DMotion\BehaviorFitting\BehaviorData_Clay.mat,Clay,Clay_086,86,nonStim,1,Combined,-0.454545454545455,0.454545454545455,1,9,10,0.9
C:\Users\zzhu329\Documents\GitHub\EM-3DMotion\BehaviorFitting\BehaviorData_Clay.mat,Clay,Clay_086,86,nonStim,1,Combined,-0.363636363636364,0.363636363636364,0,9,9,1
C:\Users\zzhu329\Documents\GitHub\EM-3DMotion\BehaviorFitting\BehaviorData_Clay.mat,Clay,Clay_086,86,nonStim,1,Combined,-0.181818181818182,0.181818181818182,4,6,10,0.6
C:\Users\zzhu329\Documents\GitHub\EM-3DMotion\BehaviorFitting\BehaviorData_Clay.mat,Clay,Clay_086,86,nonStim,1,Combined,-0.0909090909090909,0.0909090909090909,6,4,10,0.4
C:\Users\zzhu329\Documents\GitHub\EM-3DMotion\BehaviorFitting\BehaviorData_Clay.mat,Clay,Clay_086,86,nonStim,1,Combined,0.0909090909090909,0.0909090909090909,9,9,10,0.9
C:\Users\zzhu329\Documents\GitHub\EM-3DMotion\BehaviorFitting\BehaviorData_Clay.mat,Clay,Clay_086,86,nonStim,1,Combined,0.181818181818182,0.181818181818182,9,9,10,0.9
C:\Users\zzhu329\Documents\GitHub\EM-3DMotion\BehaviorFitting\BehaviorData_Clay.mat,Clay,Clay_086,86,nonStim,1,Combined,0.363636363636364,0.363636363636364,10,10,10,1
C:\Users\zzhu329\Documents\GitHub\EM-3DMotion\BehaviorFitting\BehaviorData_Clay.mat,Clay,Clay_086,86,nonStim,1,Combined,0.454545454545455,0.454545454545455,10,10,10,1
C:\Users\zzhu329\Documents\GitHub\EM-3DMotion\BehaviorFitting\BehaviorData_Clay.mat,Clay,Clay_086,86,nonStim,1,Combined,0.636363636363636,0.636363636363636,10,10,10,1
C:\Users\zzhu329\Documents\GitHub\EM-3DMotion\BehaviorFitting\BehaviorData_Clay.mat,Clay,Clay_086,86,nonStim,1,Combined,1,1,10,10,10,1
C:\Users\zzhu329\Documents\GitHub\EM-3DMotion\BehaviorFitting\BehaviorData_Clay.mat,Clay,Clay_086,86,nonStim,2,MonoL,-1,1,0,10,10,1
C:\Users\zzhu329\Documents\GitHub\EM-3DMotion\BehaviorFitting\BehaviorData_Clay.mat,Clay,Clay_086,86,nonStim,2,MonoL,-0.636363636363636,0.636363636363636,2,7,9,0.777777777777778
C:\Users\zzhu329\Documents\GitHub\EM-3DMotion\BehaviorFitting\BehaviorData_Clay.mat,Clay,Clay_086,86,nonStim,2,MonoL,-0.454545454545455,0.454545454545455,0,10,10,1
C:\Users\zzhu329\Documents\GitHub\EM-3DMotion\BehaviorFitting\BehaviorData_Clay.mat,Clay,Clay_086,86,nonStim,2,MonoL,-0.363636363636364,0.363636363636364,0,10,10,1
C:\Users\zzhu329\Documents\GitHub\EM-3DMotion\BehaviorFitting\BehaviorData_Clay.mat,Clay,Clay_086,86,nonStim,2,MonoL,-0.181818181818182,0.181818181818182,4,5,9,0.555555555555556
C:\Users\zzhu329\Documents\GitHub\EM-3DMotion\BehaviorFitting\BehaviorData_Clay.mat,Clay,Clay_086,86,nonStim,2,MonoL,-0.0909090909090909,0.0909090909090909,2,8,10,0.8
C:\Users\zzhu329\Documents\GitHub\EM-3DMotion\BehaviorFitting\BehaviorData_Clay.mat,Clay,Clay_086,86,nonStim,2,MonoL,0.0909090909090909,0.0909090909090909,2,2,9,0.222222222222222
C:\Users\zzhu329\Documents\GitHub\EM-3DMotion\BehaviorFitting\BehaviorData_Clay.mat,Clay,Clay_086,86,nonStim,2,MonoL,0.181818181818182,0.181818181818182,7,7,10,0.7
C:\Users\zzhu329\Documents\GitHub\EM-3DMotion\BehaviorFitting\BehaviorData_Clay.mat,Clay,Clay_086,86,nonStim,2,MonoL,0.363636363636364,0.363636363636364,4,4,10,0.4
C:\Users\zzhu329\Documents\GitHub\EM-3DMotion\BehaviorFitting\BehaviorData_Clay.mat,Clay,Clay_086,86,nonStim,2,MonoL,0.454545454545455,0.454545454545455,8,8,9,0.888888888888889
C:\Users\zzhu329\Documents\GitHub\EM-3DMotion\BehaviorFitting\BehaviorData_Clay.mat,Clay,Clay_086,86,nonStim,2,MonoL,0.636363636363636,0.636363636363636,9,9,10,0.9
C:\Users\zzhu329\Documents\GitHub\EM-3DMotion\BehaviorFitting\BehaviorData_Clay.mat,Clay,Clay_086,86,nonStim,2,MonoL,1,1,10,10,10,1
C:\Users\zzhu329\Documents\GitHub\EM-3DMotion\BehaviorFitting\BehaviorData_Clay.mat,Clay,Clay_086,86,nonStim,3,MonoR,-1,1,0,10,10,1
C:\Users\zzhu329\Documents\GitHub\EM-3DMotion\BehaviorFitting\BehaviorData_Clay.mat,Clay,Clay_086,86,nonStim,3,MonoR,-0.636363636363636,0.636363636363636,0,10,10,1
C:\Users\zzhu329\Documents\GitHub\EM-3DMotion\BehaviorFitting\BehaviorData_Clay.mat,Clay,Clay_086,86,nonStim,3,MonoR,-0.454545454545455,0.454545454545455,2,8,10,0.8
C:\Users\zzhu329\Documents\GitHub\EM-3DMotion\BehaviorFitting\BehaviorData_Clay.mat,Clay,Clay_086,86,nonStim,3,MonoR,-0.363636363636364,0.363636363636364,2,8,10,0.8
C:\Users\zzhu329\Documents\GitHub\EM-3DMotion\BehaviorFitting\BehaviorData_Clay.mat,Clay,Clay_086,86,nonStim,3,MonoR,-0.181818181818182,0.181818181818182,2,8,10,0.8
C:\Users\zzhu329\Documents\GitHub\EM-3DMotion\BehaviorFitting\BehaviorData_Clay.mat,Clay,Clay_086,86,nonStim,3,MonoR,-0.0909090909090909,0.0909090909090909,2,7,9,0.777777777777778
C:\Users\zzhu329\Documents\GitHub\EM-3DMotion\BehaviorFitting\BehaviorData_Clay.mat,Clay,Clay_086,86,nonStim,3,MonoR,0.0909090909090909,0.0909090909090909,6,6,10,0.6
C:\Users\zzhu329\Documents\GitHub\EM-3DMotion\BehaviorFitting\BehaviorData_Clay.mat,Clay,Clay_086,86,nonStim,3,MonoR,0.181818181818182,0.181818181818182,7,7,10,0.7
C:\Users\zzhu329\Documents\GitHub\EM-3DMotion\BehaviorFitting\BehaviorData_Clay.mat,Clay,Clay_086,86,nonStim,3,MonoR,0.363636363636364,0.363636363636364,9,9,10,0.9
C:\Users\zzhu329\Documents\GitHub\EM-3DMotion\BehaviorFitting\BehaviorData_Clay.mat,Clay,Clay_086,86,nonStim,3,MonoR,0.454545454545455,0.454545454545455,9,9,10,0.9
C:\Users\zzhu329\Documents\GitHub\EM-3DMotion\BehaviorFitting\BehaviorData_Clay.mat,Clay,Clay_086,86,nonStim,3,MonoR,0.636363636363636,0.636363636363636,10,10,10,1
C:\Users\zzhu329\Documents\GitHub\EM-3DMotion\BehaviorFitting\BehaviorData_Clay.mat,Clay,Clay_086,86,nonStim,3,MonoR,1,1,10,10,10,1
C:\Users\zzhu329\Documents\GitHub\EM-3DMotion\BehaviorFitting\BehaviorData_Clay.mat,Clay,Clay_086,86,nonStim,4,Bino,-1,1,0,9,9,1
C:\Users\zzhu329\Documents\GitHub\EM-3DMotion\BehaviorFitting\BehaviorData_Clay.mat,Clay,Clay_086,86,nonStim,4,Bino,-0.636363636363636,0.636363636363636,0,9,9,1
C:\Users\zzhu329\Documents\GitHub\EM-3DMotion\BehaviorFitting\BehaviorData_Clay.mat,Clay,Clay_086,86,nonStim,4,Bino,-0.454545454545455,0.454545454545455,2,8,10,0.8
C:\Users\zzhu329\Documents\GitHub\EM-3DMotion\BehaviorFitting\BehaviorData_Clay.mat,Clay,Clay_086,86,nonStim,4,Bino,-0.363636363636364,0.363636363636364,1,8,9,0.888888888888889
C:\Users\zzhu329\Documents\GitHub\EM-3DMotion\BehaviorFitting\BehaviorData_Clay.mat,Clay,Clay_086,86,nonStim,4,Bino,-0.181818181818182,0.181818181818182,3,7,10,0.7
C:\Users\zzhu329\Documents\GitHub\EM-3DMotion\BehaviorFitting\BehaviorData_Clay.mat,Clay,Clay_086,86,nonStim,4,Bino,-0.0909090909090909,0.0909090909090909,2,8,10,0.8
C:\Users\zzhu329\Documents\GitHub\EM-3DMotion\BehaviorFitting\BehaviorData_Clay.mat,Clay,Clay_086,86,nonStim,4,Bino,0.0909090909090909,0.0909090909090909,5,5,9,0.555555555555556
C:\Users\zzhu329\Documents\GitHub\EM-3DMotion\BehaviorFitting\BehaviorData_Clay.mat,Clay,Clay_086,86,nonStim,4,Bino,0.181818181818182,0.181818181818182,3,3,10,0.3
C:\Users\zzhu329\Documents\GitHub\EM-3DMotion\BehaviorFitting\BehaviorData_Clay.mat,Clay,Clay_086,86,nonStim,4,Bino,0.363636363636364,0.363636363636364,8,8,10,0.8
C:\Users\zzhu329\Documents\GitHub\EM-3DMotion\BehaviorFitting\BehaviorData_Clay.mat,Clay,Clay_086,86,nonStim,4,Bino,0.454545454545455,0.454545454545455,9,9,10,0.9
C:\Users\zzhu329\Documents\GitHub\EM-3DMotion\BehaviorFitting\BehaviorData_Clay.mat,Clay,Clay_086,86,nonStim,4,Bino,0.636363636363636,0.636363636363636,9,9,9,1
C:\Users\zzhu329\Documents\GitHub\EM-3DMotion\BehaviorFitting\BehaviorData_Clay.mat,Clay,Clay_086,86,nonStim,4,Bino,1,1,10,10,10,1
C:\Users\zzhu329\Documents\GitHub\EM-3DMotion\BehaviorFitting\BehaviorData_Clay.mat,Clay,Clay_087,87,nonStim,1,Combined,-1,1,0,9,9,1
C:\Users\zzhu329\Documents\GitHub\EM-3DMotion\BehaviorFitting\BehaviorData_Clay.mat,Clay,Clay_087,87,nonStim,1,Combined,-0.636363636363636,0.636363636363636,0,9,9,1
C:\Users\zzhu329\Documents\GitHub\EM-3DMotion\BehaviorFitting\BehaviorData_Clay.mat,Clay,Clay_087,87,nonStim,1,Combined,-0.454545454545455,0.454545454545455,0,9,9,1
C:\Users\zzhu329\Documents\GitHub\EM-3DMotion\BehaviorFitting\BehaviorData_Clay.mat,Clay,Clay_087,87,nonStim,1,Combined,-0.363636363636364,0.363636363636364,2,7,9,0.777777777777778
C:\Users\zzhu329\Documents\GitHub\EM-3DMotion\BehaviorFitting\BehaviorData_Clay.mat,Clay,Clay_087,87,nonStim,1,Combined,-0.181818181818182,0.181818181818182,4,5,9,0.555555555555556
C:\Users\zzhu329\Documents\GitHub\EM-3DMotion\BehaviorFitting\BehaviorData_Clay.mat,Clay,Clay_087,87,nonStim,1,Combined,-0.0909090909090909,0.0909090909090909,4,5,9,0.555555555555556
C:\Users\zzhu329\Documents\GitHub\EM-3DMotion\BehaviorFitting\BehaviorData_Clay.mat,Clay,Clay_087,87,nonStim,1,Combined,0.0909090909090909,0.0909090909090909,9,9,9,1
C:\Users\zzhu329\Documents\GitHub\EM-3DMotion\BehaviorFitting\BehaviorData_Clay.mat,Clay,Clay_087,87,nonStim,1,Combined,0.181818181818182,0.181818181818182,8,8,9,0.888888888888889
C:\Users\zzhu329\Documents\GitHub\EM-3DMotion\BehaviorFitting\BehaviorData_Clay.mat,Clay,Clay_087,87,nonStim,1,Combined,0.363636363636364,0.363636363636364,9,9,9,1
C:\Users\zzhu329\Documents\GitHub\EM-3DMotion\BehaviorFitting\BehaviorData_Clay.mat,Clay,Clay_087,87,nonStim,1,Combined,0.454545454545455,0.454545454545455,9,9,9,1
C:\Users\zzhu329\Documents\GitHub\EM-3DMotion\BehaviorFitting\BehaviorData_Clay.mat,Clay,Clay_087,87,nonStim,1,Combined,0.636363636363636,0.636363636363636,9,9,9,1
C:\Users\zzhu329\Documents\GitHub\EM-3DMotion\BehaviorFitting\BehaviorData_Clay.mat,Clay,Clay_087,87,nonStim,1,Combined,1,1,9,9,9,1
C:\Users\zzhu329\Documents\GitHub\EM-3DMotion\BehaviorFitting\BehaviorData_Clay.mat,Clay,Clay_087,87,nonStim,2,MonoL,-1,1,0,9,9,1
C:\Users\zzhu329\Documents\GitHub\EM-3DMotion\BehaviorFitting\BehaviorData_Clay.mat,Clay,Clay_087,87,nonStim,2,MonoL,-0.636363636363636,0.636363636363636,0,9,9,1
C:\Users\zzhu329\Documents\GitHub\EM-3DMotion\BehaviorFitting\BehaviorData_Clay.mat,Clay,Clay_087,87,nonStim,2,MonoL,-0.454545454545455,0.454545454545455,1,8,9,0.888888888888889
C:\Users\zzhu329\Documents\GitHub\EM-3DMotion\BehaviorFitting\BehaviorData_Clay.mat,Clay,Clay_087,87,nonStim,2,MonoL,-0.363636363636364,0.363636363636364,1,8,9,0.888888888888889
C:\Users\zzhu329\Documents\GitHub\EM-3DMotion\BehaviorFitting\BehaviorData_Clay.mat,Clay,Clay_087,87,nonStim,2,MonoL,-0.181818181818182,0.181818181818182,0,9,9,1
C:\Users\zzhu329\Documents\GitHub\EM-3DMotion\BehaviorFitting\BehaviorData_Clay.mat,Clay,Clay_087,87,nonStim,2,MonoL,-0.0909090909090909,0.0909090909090909,1,7,8,0.875
C:\Users\zzhu329\Documents\GitHub\EM-3DMotion\BehaviorFitting\BehaviorData_Clay.mat,Clay,Clay_087,87,nonStim,2,MonoL,0.0909090909090909,0.0909090909090909,3,3,9,0.333333333333333
C:\Users\zzhu329\Documents\GitHub\EM-3DMotion\BehaviorFitting\BehaviorData_Clay.mat,Clay,Clay_087,87,nonStim,2,MonoL,0.181818181818182,0.181818181818182,3,3,9,0.333333333333333
C:\Users\zzhu329\Documents\GitHub\EM-3DMotion\BehaviorFitting\BehaviorData_Clay.mat,Clay,Clay_087,87,nonStim,2,MonoL,0.363636363636364,0.363636363636364,7,7,9,0.777777777777778
C:\Users\zzhu329\Documents\GitHub\EM-3DMotion\BehaviorFitting\BehaviorData_Clay.mat,Clay,Clay_087,87,nonStim,2,MonoL,0.454545454545455,0.454545454545455,5,5,9,0.555555555555556
C:\Users\zzhu329\Documents\GitHub\EM-3DMotion\BehaviorFitting\BehaviorData_Clay.mat,Clay,Clay_087,87,nonStim,2,MonoL,0.636363636363636,0.636363636363636,8,8,8,1
C:\Users\zzhu329\Documents\GitHub\EM-3DMotion\BehaviorFitting\BehaviorData_Clay.mat,Clay,Clay_087,87,nonStim,2,MonoL,1,1,9,9,9,1
C:\Users\zzhu329\Documents\GitHub\EM-3DMotion\BehaviorFitting\BehaviorData_Clay.mat,Clay,Clay_087,87,nonStim,3,MonoR,-1,1,0,9,9,1
C:\Users\zzhu329\Documents\GitHub\EM-3DMotion\BehaviorFitting\BehaviorData_Clay.mat,Clay,Clay_087,87,nonStim,3,MonoR,-0.636363636363636,0.636363636363636,0,9,9,1
C:\Users\zzhu329\Documents\GitHub\EM-3DMotion\BehaviorFitting\BehaviorData_Clay.mat,Clay,Clay_087,87,nonStim,3,MonoR,-0.454545454545455,0.454545454545455,1,8,9,0.888888888888889
C:\Users\zzhu329\Documents\GitHub\EM-3DMotion\BehaviorFitting\BehaviorData_Clay.mat,Clay,Clay_087,87,nonStim,3,MonoR,-0.363636363636364,0.363636363636364,1,8,9,0.888888888888889
C:\Users\zzhu329\Documents\GitHub\EM-3DMotion\BehaviorFitting\BehaviorData_Clay.mat,Clay,Clay_087,87,nonStim,3,MonoR,-0.181818181818182,0.181818181818182,3,5,8,0.625
C:\Users\zzhu329\Documents\GitHub\EM-3DMotion\BehaviorFitting\BehaviorData_Clay.mat,Clay,Clay_087,87,nonStim,3,MonoR,-0.0909090909090909,0.0909090909090909,3,6,9,0.666666666666667
C:\Users\zzhu329\Documents\GitHub\EM-3DMotion\BehaviorFitting\BehaviorData_Clay.mat,Clay,Clay_087,87,nonStim,3,MonoR,0.0909090909090909,0.0909090909090909,2,2,9,0.222222222222222
C:\Users\zzhu329\Documents\GitHub\EM-3DMotion\BehaviorFitting\BehaviorData_Clay.mat,Clay,Clay_087,87,nonStim,3,MonoR,0.181818181818182,0.181818181818182,5,5,9,0.555555555555556
C:\Users\zzhu329\Documents\GitHub\EM-3DMotion\BehaviorFitting\BehaviorData_Clay.mat,Clay,Clay_087,87,nonStim,3,MonoR,0.363636363636364,0.363636363636364,7,7,9,0.777777777777778
C:\Users\zzhu329\Documents\GitHub\EM-3DMotion\BehaviorFitting\BehaviorData_Clay.mat,Clay,Clay_087,87,nonStim,3,MonoR,0.454545454545455,0.454545454545455,8,8,9,0.888888888888889
C:\Users\zzhu329\Documents\GitHub\EM-3DMotion\BehaviorFitting\BehaviorData_Clay.mat,Clay,Clay_087,87,nonStim,3,MonoR,0.636363636363636,0.636363636363636,8,8,9,0.888888888888889
C:\Users\zzhu329\Documents\GitHub\EM-3DMotion\BehaviorFitting\BehaviorData_Clay.mat,Clay,Clay_087,87,nonStim,3,MonoR,1,1,9,9,9,1
C:\Users\zzhu329\Documents\GitHub\EM-3DMotion\BehaviorFitting\BehaviorData_Clay.mat,Clay,Clay_087,87,nonStim,4,Bino,-1,1,3,6,9,0.666666666666667
C:\Users\zzhu329\Documents\GitHub\EM-3DMotion\BehaviorFitting\BehaviorData_Clay.mat,Clay,Clay_087,87,nonStim,4,Bino,-0.636363636363636,0.636363636363636,2,7,9,0.777777777777778
C:\Users\zzhu329\Documents\GitHub\EM-3DMotion\BehaviorFitting\BehaviorData_Clay.mat,Clay,Clay_087,87,nonStim,4,Bino,-0.454545454545455,0.454545454545455,1,8,9,0.888888888888889
C:\Users\zzhu329\Documents\GitHub\EM-3DMotion\BehaviorFitting\BehaviorData_Clay.mat,Clay,Clay_087,87,nonStim,4,Bino,-0.363636363636364,0.363636363636364,1,8,9,0.888888888888889
C:\Users\zzhu329\Documents\GitHub\EM-3DMotion\BehaviorFitting\BehaviorData_Clay.mat,Clay,Clay_087,87,nonStim,4,Bino,-0.181818181818182,0.181818181818182,1,8,9,0.888888888888889
C:\Users\zzhu329\Documents\GitHub\EM-3DMotion\BehaviorFitting\BehaviorData_Clay.mat,Clay,Clay_087,87,nonStim,4,Bino,-0.0909090909090909,0.0909090909090909,4,5,9,0.555555555555556
C:\Users\zzhu329\Documents\GitHub\EM-3DMotion\BehaviorFitting\BehaviorData_Clay.mat,Clay,Clay_087,87,nonStim,4,Bino,0.0909090909090909,0.0909090909090909,2,2,9,0.222222222222222
C:\Users\zzhu329\Documents\GitHub\EM-3DMotion\BehaviorFitting\BehaviorData_Clay.mat,Clay,Clay_087,87,nonStim,4,Bino,0.181818181818182,0.181818181818182,7,7,9,0.777777777777778
C:\Users\zzhu329\Documents\GitHub\EM-3DMotion\BehaviorFitting\BehaviorData_Clay.mat,Clay,Clay_087,87,nonStim,4,Bino,0.363636363636364,0.363636363636364,9,9,9,1
C:\Users\zzhu329\Documents\GitHub\EM-3DMotion\BehaviorFitting\BehaviorData_Clay.mat,Clay,Clay_087,87,nonStim,4,Bino,0.454545454545455,0.454545454545455,9,9,9,1
C:\Users\zzhu329\Documents\GitHub\EM-3DMotion\BehaviorFitting\BehaviorData_Clay.mat,Clay,Clay_087,87,nonStim,4,Bino,0.636363636363636,0.636363636363636,7,7,9,0.777777777777778
C:\Users\zzhu329\Documents\GitHub\EM-3DMotion\BehaviorFitting\BehaviorData_Clay.mat,Clay,Clay_087,87,nonStim,4,Bino,1,1,9,9,9,1
C:\Users\zzhu329\Documents\GitHub\EM-3DMotion\BehaviorFitting\BehaviorData_Clay.mat,Clay,Clay_088,88,nonStim,1,Combined,-1,1,0,8,8,1
C:\Users\zzhu329\Documents\GitHub\EM-3DMotion\BehaviorFitting\BehaviorData_Clay.mat,Clay,Clay_088,88,nonStim,1,Combined,-0.636363636363636,0.636363636363636,0,8,8,1
C:\Users\zzhu329\Documents\GitHub\EM-3DMotion\BehaviorFitting\BehaviorData_Clay.mat,Clay,Clay_088,88,nonStim,1,Combined,-0.454545454545455,0.454545454545455,0,9,9,1
C:\Users\zzhu329\Documents\GitHub\EM-3DMotion\BehaviorFitting\BehaviorData_Clay.mat,Clay,Clay_088,88,nonStim,1,Combined,-0.363636363636364,0.363636363636364,0,8,8,1
C:\Users\zzhu329\Documents\GitHub\EM-3DMotion\BehaviorFitting\BehaviorData_Clay.mat,Clay,Clay_088,88,nonStim,1,Combined,-0.181818181818182,0.181818181818182,2,6,8,0.75
C:\Users\zzhu329\Documents\GitHub\EM-3DMotion\BehaviorFitting\BehaviorData_Clay.mat,Clay,Clay_088,88,nonStim,1,Combined,-0.0909090909090909,0.0909090909090909,3,5,8,0.625
C:\Users\zzhu329\Documents\GitHub\EM-3DMotion\BehaviorFitting\BehaviorData_Clay.mat,Clay,Clay_088,88,nonStim,1,Combined,0.0909090909090909,0.0909090909090909,7,7,8,0.875
C:\Users\zzhu329\Documents\GitHub\EM-3DMotion\BehaviorFitting\BehaviorData_Clay.mat,Clay,Clay_088,88,nonStim,1,Combined,0.181818181818182,0.181818181818182,8,8,9,0.888888888888889
C:\Users\zzhu329\Documents\GitHub\EM-3DMotion\BehaviorFitting\BehaviorData_Clay.mat,Clay,Clay_088,88,nonStim,1,Combined,0.363636363636364,0.363636363636364,9,9,9,1
C:\Users\zzhu329\Documents\GitHub\EM-3DMotion\BehaviorFitting\BehaviorData_Clay.mat,Clay,Clay_088,88,nonStim,1,Combined,0.454545454545455,0.454545454545455,7,7,7,1
C:\Users\zzhu329\Documents\GitHub\EM-3DMotion\BehaviorFitting\BehaviorData_Clay.mat,Clay,Clay_088,88,nonStim,1,Combined,0.636363636363636,0.636363636363636,9,9,9,1
C:\Users\zzhu329\Documents\GitHub\EM-3DMotion\BehaviorFitting\BehaviorData_Clay.mat,Clay,Clay_088,88,nonStim,1,Combined,1,1,8,8,8,1
C:\Users\zzhu329\Documents\GitHub\EM-3DMotion\BehaviorFitting\BehaviorData_Clay.mat,Clay,Clay_088,88,nonStim,2,MonoL,-1,1,0,9,9,1
C:\Users\zzhu329\Documents\GitHub\EM-3DMotion\BehaviorFitting\BehaviorData_Clay.mat,Clay,Clay_088,88,nonStim,2,MonoL,-0.636363636363636,0.636363636363636,1,7,8,0.875
C:\Users\zzhu329\Documents\GitHub\EM-3DMotion\BehaviorFitting\BehaviorData_Clay.mat,Clay,Clay_088,88,nonStim,2,MonoL,-0.454545454545455,0.454545454545455,2,6,8,0.75
C:\Users\zzhu329\Documents\GitHub\EM-3DMotion\BehaviorFitting\BehaviorData_Clay.mat,Clay,Clay_088,88,nonStim,2,MonoL,-0.363636363636364,0.363636363636364,3,6,9,0.666666666666667
C:\Users\zzhu329\Documents\GitHub\EM-3DMotion\BehaviorFitting\BehaviorData_Clay.mat,Clay,Clay_088,88,nonStim,2,MonoL,-0.181818181818182,0.181818181818182,1,8,9,0.888888888888889
C:\Users\zzhu329\Documents\GitHub\EM-3DMotion\BehaviorFitting\BehaviorData_Clay.mat,Clay,Clay_088,88,nonStim,2,MonoL,-0.0909090909090909,0.0909090909090909,5,4,9,0.444444444444444
C:\Users\zzhu329\Documents\GitHub\EM-3DMotion\BehaviorFitting\BehaviorData_Clay.mat,Clay,Clay_088,88,nonStim,2,MonoL,0.0909090909090909,0.0909090909090909,5,5,8,0.625
C:\Users\zzhu329\Documents\GitHub\EM-3DMotion\BehaviorFitting\BehaviorData_Clay.mat,Clay,Clay_088,88,nonStim,2,MonoL,0.181818181818182,0.181818181818182,3,3,8,0.375
C:\Users\zzhu329\Documents\GitHub\EM-3DMotion\BehaviorFitting\BehaviorData_Clay.mat,Clay,Clay_088,88,nonStim,2,MonoL,0.363636363636364,0.363636363636364,4,4,9,0.444444444444444
C:\Users\zzhu329\Documents\GitHub\EM-3DMotion\BehaviorFitting\BehaviorData_Clay.mat,Clay,Clay_088,88,nonStim,2,MonoL,0.454545454545455,0.454545454545455,7,7,9,0.777777777777778
C:\Users\zzhu329\Documents\GitHub\EM-3DMotion\BehaviorFitting\BehaviorData_Clay.mat,Clay,Clay_088,88,nonStim,2,MonoL,0.636363636363636,0.636363636363636,8,8,9,0.888888888888889
C:\Users\zzhu329\Documents\GitHub\EM-3DMotion\BehaviorFitting\BehaviorData_Clay.mat,Clay,Clay_088,88,nonStim,2,MonoL,1,1,9,9,9,1
C:\Users\zzhu329\Documents\GitHub\EM-3DMotion\BehaviorFitting\BehaviorData_Clay.mat,Clay,Clay_088,88,nonStim,3,MonoR,-1,1,0,8,8,1
C:\Users\zzhu329\Documents\GitHub\EM-3DMotion\BehaviorFitting\BehaviorData_Clay.mat,Clay,Clay_088,88,nonStim,3,MonoR,-0.636363636363636,0.636363636363636,0,9,9,1
C:\Users\zzhu329\Documents\GitHub\EM-3DMotion\BehaviorFitting\BehaviorData_Clay.mat,Clay,Clay_088,88,nonStim,3,MonoR,-0.454545454545455,0.454545454545455,1,8,9,0.888888888888889
C:\Users\zzhu329\Documents\GitHub\EM-3DMotion\BehaviorFitting\BehaviorData_Clay.mat,Clay,Clay_088,88,nonStim,3,MonoR,-0.363636363636364,0.363636363636364,2,7,9,0.777777777777778
C:\Users\zzhu329\Documents\GitHub\EM-3DMotion\BehaviorFitting\BehaviorData_Clay.mat,Clay,Clay_088,88,nonStim,3,MonoR,-0.181818181818182,0.181818181818182,3,5,8,0.625
C:\Users\zzhu329\Documents\GitHub\EM-3DMotion\BehaviorFitting\BehaviorData_Clay.mat,Clay,Clay_088,88,nonStim,3,MonoR,-0.0909090909090909,0.0909090909090909,1,7,8,0.875
C:\Users\zzhu329\Documents\GitHub\EM-3DMotion\BehaviorFitting\BehaviorData_Clay.mat,Clay,Clay_088,88,nonStim,3,MonoR,0.0909090909090909,0.0909090909090909,3,3,7,0.428571428571429
C:\Users\zzhu329\Documents\GitHub\EM-3DMotion\BehaviorFitting\BehaviorData_Clay.mat,Clay,Clay_088,88,nonStim,3,MonoR,0.181818181818182,0.181818181818182,6,6,8,0.75
C:\Users\zzhu329\Documents\GitHub\EM-3DMotion\BehaviorFitting\BehaviorData_Clay.mat,Clay,Clay_088,88,nonStim,3,MonoR,0.363636363636364,0.363636363636364,9,9,9,1
C:\Users\zzhu329\Documents\GitHub\EM-3DMotion\BehaviorFitting\BehaviorData_Clay.mat,Clay,Clay_088,88,nonStim,3,MonoR,0.454545454545455,0.454545454545455,7,7,9,0.777777777777778
C:\Users\zzhu329\Documents\GitHub\EM-3DMotion\BehaviorFitting\BehaviorData_Clay.mat,Clay,Clay_088,88,nonStim,3,MonoR,0.636363636363636,0.636363636363636,9,9,9,1
C:\Users\zzhu329\Documents\GitHub\EM-3DMotion\BehaviorFitting\BehaviorData_Clay.mat,Clay,Clay_088,88,nonStim,3,MonoR,1,1,8,8,9,0.888888888888889
C:\Users\zzhu329\Documents\GitHub\EM-3DMotion\BehaviorFitting\BehaviorData_Clay.mat,Clay,Clay_088,88,nonStim,4,Bino,-1,1,1,7,8,0.875
C:\Users\zzhu329\Documents\GitHub\EM-3DMotion\BehaviorFitting\BehaviorData_Clay.mat,Clay,Clay_088,88,nonStim,4,Bino,-0.636363636363636,0.636363636363636,0,9,9,1
C:\Users\zzhu329\Documents\GitHub\EM-3DMotion\BehaviorFitting\BehaviorData_Clay.mat,Clay,Clay_088,88,nonStim,4,Bino,-0.454545454545455,0.454545454545455,1,6,7,0.857142857142857
C:\Users\zzhu329\Documents\GitHub\EM-3DMotion\BehaviorFitting\BehaviorData_Clay.mat,Clay,Clay_088,88,nonStim,4,Bino,-0.363636363636364,0.363636363636364,1,8,9,0.888888888888889
C:\Users\zzhu329\Documents\GitHub\EM-3DMotion\BehaviorFitting\BehaviorData_Clay.mat,Clay,Clay_088,88,nonStim,4,Bino,-0.181818181818182,0.181818181818182,1,7,8,0.875
C:\Users\zzhu329\Documents\GitHub\EM-3DMotion\BehaviorFitting\BehaviorData_Clay.mat,Clay,Clay_088,88,nonStim,4,Bino,-0.0909090909090909,0.0909090909090909,2,6,8,0.75
C:\Users\zzhu329\Documents\GitHub\EM-3DMotion\BehaviorFitting\BehaviorData_Clay.mat,Clay,Clay_088,88,nonStim,4,Bino,0.0909090909090909,0.0909090909090909,4,4,8,0.5
C:\Users\zzhu329\Documents\GitHub\EM-3DMotion\BehaviorFitting\BehaviorData_Clay.mat,Clay,Clay_088,88,nonStim,4,Bino,0.181818181818182,0.181818181818182,5,5,8,0.625
C:\Users\zzhu329\Documents\GitHub\EM-3DMotion\BehaviorFitting\BehaviorData_Clay.mat,Clay,Clay_088,88,nonStim,4,Bino,0.363636363636364,0.363636363636364,9,9,9,1
C:\Users\zzhu329\Documents\GitHub\EM-3DMotion\BehaviorFitting\BehaviorData_Clay.mat,Clay,Clay_088,88,nonStim,4,Bino,0.454545454545455,0.454545454545455,6,6,8,0.75
C:\Users\zzhu329\Documents\GitHub\EM-3DMotion\BehaviorFitting\BehaviorData_Clay.mat,Clay,Clay_088,88,nonStim,4,Bino,0.636363636363636,0.636363636363636,7,7,8,0.875
C:\Users\zzhu329\Documents\GitHub\EM-3DMotion\BehaviorFitting\BehaviorData_Clay.mat,Clay,Clay_088,88,nonStim,4,Bino,1,1,7,7,8,0.875
C:\Users\zzhu329\Documents\GitHub\EM-3DMotion\BehaviorFitting\BehaviorData_Clay.mat,Clay,Clay_089,89,nonStim,1,Combined,-1,1,0,8,8,1
C:\Users\zzhu329\Documents\GitHub\EM-3DMotion\BehaviorFitting\BehaviorData_Clay.mat,Clay,Clay_089,89,nonStim,1,Combined,-0.636363636363636,0.636363636363636,2,6,8,0.75
C:\Users\zzhu329\Documents\GitHub\EM-3DMotion\BehaviorFitting\BehaviorData_Clay.mat,Clay,Clay_089,89,nonStim,1,Combined,-0.454545454545455,0.454545454545455,0,8,8,1
C:\Users\zzhu329\Documents\GitHub\EM-3DMotion\BehaviorFitting\BehaviorData_Clay.mat,Clay,Clay_089,89,nonStim,1,Combined,-0.363636363636364,0.363636363636364,1,6,7,0.857142857142857
C:\Users\zzhu329\Documents\GitHub\EM-3DMotion\BehaviorFitting\BehaviorData_Clay.mat,Clay,Clay_089,89,nonStim,1,Combined,-0.181818181818182,0.181818181818182,4,4,8,0.5
C:\Users\zzhu329\Documents\GitHub\EM-3DMotion\BehaviorFitting\BehaviorData_Clay.mat,Clay,Clay_089,89,nonStim,1,Combined,-0.0909090909090909,0.0909090909090909,7,1,8,0.125
C:\Users\zzhu329\Documents\GitHub\EM-3DMotion\BehaviorFitting\BehaviorData_Clay.mat,Clay,Clay_089,89,nonStim,1,Combined,0.0909090909090909,0.0909090909090909,7,7,7,1
C:\Users\zzhu329\Documents\GitHub\EM-3DMotion\BehaviorFitting\BehaviorData_Clay.mat,Clay,Clay_089,89,nonStim,1,Combined,0.181818181818182,0.181818181818182,8,8,8,1
C:\Users\zzhu329\Documents\GitHub\EM-3DMotion\BehaviorFitting\BehaviorData_Clay.mat,Clay,Clay_089,89,nonStim,1,Combined,0.363636363636364,0.363636363636364,8,8,8,1
C:\Users\zzhu329\Documents\GitHub\EM-3DMotion\BehaviorFitting\BehaviorData_Clay.mat,Clay,Clay_089,89,nonStim,1,Combined,0.454545454545455,0.454545454545455,8,8,8,1
C:\Users\zzhu329\Documents\GitHub\EM-3DMotion\BehaviorFitting\BehaviorData_Clay.mat,Clay,Clay_089,89,nonStim,1,Combined,0.636363636363636,0.636363636363636,8,8,8,1
C:\Users\zzhu329\Documents\GitHub\EM-3DMotion\BehaviorFitting\BehaviorData_Clay.mat,Clay,Clay_089,89,nonStim,1,Combined,1,1,7,7,7,1
C:\Users\zzhu329\Documents\GitHub\EM-3DMotion\BehaviorFitting\BehaviorData_Clay.mat,Clay,Clay_089,89,nonStim,2,MonoL,-1,1,0,7,7,1
C:\Users\zzhu329\Documents\GitHub\EM-3DMotion\BehaviorFitting\BehaviorData_Clay.mat,Clay,Clay_089,89,nonStim,2,MonoL,-0.636363636363636,0.636363636363636,1,7,8,0.875
C:\Users\zzhu329\Documents\GitHub\EM-3DMotion\BehaviorFitting\BehaviorData_Clay.mat,Clay,Clay_089,89,nonStim,2,MonoL,-0.454545454545455,0.454545454545455,2,5,7,0.714285714285714
C:\Users\zzhu329\Documents\GitHub\EM-3DMotion\BehaviorFitting\BehaviorData_Clay.mat,Clay,Clay_089,89,nonStim,2,MonoL,-0.363636363636364,0.363636363636364,3,4,7,0.571428571428571
C:\Users\zzhu329\Documents\GitHub\EM-3DMotion\BehaviorFitting\BehaviorData_Clay.mat,Clay,Clay_089,89,nonStim,2,MonoL,-0.181818181818182,0.181818181818182,2,6,8,0.75
C:\Users\zzhu329\Documents\GitHub\EM-3DMotion\BehaviorFitting\BehaviorData_Clay.mat,Clay,Clay_089,89,nonStim,2,MonoL,-0.0909090909090909,0.0909090909090909,5,2,7,0.285714285714286
C:\Users\zzhu329\Documents\GitHub\EM-3DMotion\BehaviorFitting\BehaviorData_Clay.mat,Clay,Clay_089,89,nonStim,2,MonoL,0.0909090909090909,0.0909090909090909,6,6,8,0.75
C:\Users\zzhu329\Documents\GitHub\EM-3DMotion\BehaviorFitting\BehaviorData_Clay.mat,Clay,Clay_089,89,nonStim,2,MonoL,0.181818181818182,0.181818181818182,7,7,8,0.875
C:\Users\zzhu329\Documents\GitHub\EM-3DMotion\BehaviorFitting\BehaviorData_Clay.mat,Clay,Clay_089,89,nonStim,2,MonoL,0.363636363636364,0.363636363636364,7,7,8,0.875
C:\Users\zzhu329\Documents\GitHub\EM-3DMotion\BehaviorFitting\BehaviorData_Clay.mat,Clay,Clay_089,89,nonStim,2,MonoL,0.454545454545455,0.454545454545455,8,8,8,1
C:\Users\zzhu329\Documents\GitHub\EM-3DMotion\BehaviorFitting\BehaviorData_Clay.mat,Clay,Clay_089,89,nonStim,2,MonoL,0.636363636363636,0.636363636363636,7,7,7,1
C:\Users\zzhu329\Documents\GitHub\EM-3DMotion\BehaviorFitting\BehaviorData_Clay.mat,Clay,Clay_089,89,nonStim,2,MonoL,1,1,8,8,8,1
C:\Users\zzhu329\Documents\GitHub\EM-3DMotion\BehaviorFitting\BehaviorData_Clay.mat,Clay,Clay_089,89,nonStim,3,MonoR,-1,1,1,7,8,0.875
C:\Users\zzhu329\Documents\GitHub\EM-3DMotion\BehaviorFitting\BehaviorData_Clay.mat,Clay,Clay_089,89,nonStim,3,MonoR,-0.636363636363636,0.636363636363636,0,7,7,1
C:\Users\zzhu329\Documents\GitHub\EM-3DMotion\BehaviorFitting\BehaviorData_Clay.mat,Clay,Clay_089,89,nonStim,3,MonoR,-0.454545454545455,0.454545454545455,0,8,8,1
C:\Users\zzhu329\Documents\GitHub\EM-3DMotion\BehaviorFitting\BehaviorData_Clay.mat,Clay,Clay_089,89,nonStim,3,MonoR,-0.363636363636364,0.363636363636364,2,6,8,0.75
C:\Users\zzhu329\Documents\GitHub\EM-3DMotion\BehaviorFitting\BehaviorData_Clay.mat,Clay,Clay_089,89,nonStim,3,MonoR,-0.181818181818182,0.181818181818182,3,5,8,0.625
C:\Users\zzhu329\Documents\GitHub\EM-3DMotion\BehaviorFitting\BehaviorData_Clay.mat,Clay,Clay_089,89,nonStim,3,MonoR,-0.0909090909090909,0.0909090909090909,4,3,7,0.428571428571429
C:\Users\zzhu329\Documents\GitHub\EM-3DMotion\BehaviorFitting\BehaviorData_Clay.mat,Clay,Clay_089,89,nonStim,3,MonoR,0.0909090909090909,0.0909090909090909,5,5,8,0.625
C:\Users\zzhu329\Documents\GitHub\EM-3DMotion\BehaviorFitting\BehaviorData_Clay.mat,Clay,Clay_089,89,nonStim,3,MonoR,0.181818181818182,0.181818181818182,8,8,8,1
C:\Users\zzhu329\Documents\GitHub\EM-3DMotion\BehaviorFitting\BehaviorData_Clay.mat,Clay,Clay_089,89,nonStim,3,MonoR,0.363636363636364,0.363636363636364,7,7,7,1
C:\Users\zzhu329\Documents\GitHub\EM-3DMotion\BehaviorFitting\BehaviorData_Clay.mat,Clay,Clay_089,89,nonStim,3,MonoR,0.454545454545455,0.454545454545455,8,8,8,1
C:\Users\zzhu329\Documents\GitHub\EM-3DMotion\BehaviorFitting\BehaviorData_Clay.mat,Clay,Clay_089,89,nonStim,3,MonoR,0.636363636363636,0.636363636363636,7,7,7,1
C:\Users\zzhu329\Documents\GitHub\EM-3DMotion\BehaviorFitting\BehaviorData_Clay.mat,Clay,Clay_089,89,nonStim,3,MonoR,1,1,7,7,7,1
C:\Users\zzhu329\Documents\GitHub\EM-3DMotion\BehaviorFitting\BehaviorData_Clay.mat,Clay,Clay_089,89,nonStim,4,Bino,-1,1,0,8,8,1
C:\Users\zzhu329\Documents\GitHub\EM-3DMotion\BehaviorFitting\BehaviorData_Clay.mat,Clay,Clay_089,89,nonStim,4,Bino,-0.636363636363636,0.636363636363636,2,6,8,0.75
C:\Users\zzhu329\Documents\GitHub\EM-3DMotion\BehaviorFitting\BehaviorData_Clay.mat,Clay,Clay_089,89,nonStim,4,Bino,-0.454545454545455,0.454545454545455,0,7,7,1
C:\Users\zzhu329\Documents\GitHub\EM-3DMotion\BehaviorFitting\BehaviorData_Clay.mat,Clay,Clay_089,89,nonStim,4,Bino,-0.363636363636364,0.363636363636364,1,6,7,0.857142857142857
C:\Users\zzhu329\Documents\GitHub\EM-3DMotion\BehaviorFitting\BehaviorData_Clay.mat,Clay,Clay_089,89,nonStim,4,Bino,-0.181818181818182,0.181818181818182,2,6,8,0.75
C:\Users\zzhu329\Documents\GitHub\EM-3DMotion\BehaviorFitting\BehaviorData_Clay.mat,Clay,Clay_089,89,nonStim,4,Bino,-0.0909090909090909,0.0909090909090909,4,4,8,0.5
C:\Users\zzhu329\Documents\GitHub\EM-3DMotion\BehaviorFitting\BehaviorData_Clay.mat,Clay,Clay_089,89,nonStim,4,Bino,0.0909090909090909,0.0909090909090909,8,8,8,1
C:\Users\zzhu329\Documents\GitHub\EM-3DMotion\BehaviorFitting\BehaviorData_Clay.mat,Clay,Clay_089,89,nonStim,4,Bino,0.181818181818182,0.181818181818182,7,7,7,1
C:\Users\zzhu329\Documents\GitHub\EM-3DMotion\BehaviorFitting\BehaviorData_Clay.mat,Clay,Clay_089,89,nonStim,4,Bino,0.363636363636364,0.363636363636364,7,7,8,0.875
C:\Users\zzhu329\Documents\GitHub\EM-3DMotion\BehaviorFitting\BehaviorData_Clay.mat,Clay,Clay_089,89,nonStim,4,Bino,0.454545454545455,0.454545454545455,7,7,8,0.875
C:\Users\zzhu329\Documents\GitHub\EM-3DMotion\BehaviorFitting\BehaviorData_Clay.mat,Clay,Clay_089,89,nonStim,4,Bino,0.636363636363636,0.636363636363636,7,7,7,1
C:\Users\zzhu329\Documents\GitHub\EM-3DMotion\BehaviorFitting\BehaviorData_Clay.mat,Clay,Clay_089,89,nonStim,4,Bino,1,1,8,8,8,1
C:\Users\zzhu329\Documents\GitHub\EM-3DMotion\BehaviorFitting\BehaviorData_Clay.mat,Clay,Clay_090,90,nonStim,1,Combined,-1,1,0,6,6,1
C:\Users\zzhu329\Documents\GitHub\EM-3DMotion\BehaviorFitting\BehaviorData_Clay.mat,Clay,Clay_090,90,nonStim,1,Combined,-0.636363636363636,0.636363636363636,0,6,6,1
C:\Users\zzhu329\Documents\GitHub\EM-3DMotion\BehaviorFitting\BehaviorData_Clay.mat,Clay,Clay_090,90,nonStim,1,Combined,-0.454545454545455,0.454545454545455,0,6,6,1
C:\Users\zzhu329\Documents\GitHub\EM-3DMotion\BehaviorFitting\BehaviorData_Clay.mat,Clay,Clay_090,90,nonStim,1,Combined,-0.363636363636364,0.363636363636364,0,6,6,1
C:\Users\zzhu329\Documents\GitHub\EM-3DMotion\BehaviorFitting\BehaviorData_Clay.mat,Clay,Clay_090,90,nonStim,1,Combined,-0.181818181818182,0.181818181818182,0,6,6,1
C:\Users\zzhu329\Documents\GitHub\EM-3DMotion\BehaviorFitting\BehaviorData_Clay.mat,Clay,Clay_090,90,nonStim,1,Combined,-0.0909090909090909,0.0909090909090909,3,3,6,0.5
C:\Users\zzhu329\Documents\GitHub\EM-3DMotion\BehaviorFitting\BehaviorData_Clay.mat,Clay,Clay_090,90,nonStim,1,Combined,0.0909090909090909,0.0909090909090909,5,5,6,0.833333333333333
C:\Users\zzhu329\Documents\GitHub\EM-3DMotion\BehaviorFitting\BehaviorData_Clay.mat,Clay,Clay_090,90,nonStim,1,Combined,0.181818181818182,0.181818181818182,5,5,6,0.833333333333333
C:\Users\zzhu329\Documents\GitHub\EM-3DMotion\BehaviorFitting\BehaviorData_Clay.mat,Clay,Clay_090,90,nonStim,1,Combined,0.363636363636364,0.363636363636364,6,6,6,1
C:\Users\zzhu329\Documents\GitHub\EM-3DMotion\BehaviorFitting\BehaviorData_Clay.mat,Clay,Clay_090,90,nonStim,1,Combined,0.454545454545455,0.454545454545455,6,6,6,1
C:\Users\zzhu329\Documents\GitHub\EM-3DMotion\BehaviorFitting\BehaviorData_Clay.mat,Clay,Clay_090,90,nonStim,1,Combined,0.636363636363636,0.636363636363636,6,6,6,1
C:\Users\zzhu329\Documents\GitHub\EM-3DMotion\BehaviorFitting\BehaviorData_Clay.mat,Clay,Clay_090,90,nonStim,1,Combined,1,1,6,6,6,1
C:\Users\zzhu329\Documents\GitHub\EM-3DMotion\BehaviorFitting\BehaviorData_Clay.mat,Clay,Clay_090,90,nonStim,2,MonoL,-1,1,0,6,6,1
C:\Users\zzhu329\Documents\GitHub\EM-3DMotion\BehaviorFitting\BehaviorData_Clay.mat,Clay,Clay_090,90,nonStim,2,MonoL,-0.636363636363636,0.636363636363636,0,6,6,1
C:\Users\zzhu329\Documents\GitHub\EM-3DMotion\BehaviorFitting\BehaviorData_Clay.mat,Clay,Clay_090,90,nonStim,2,MonoL,-0.454545454545455,0.454545454545455,1,5,6,0.833333333333333
C:\Users\zzhu329\Documents\GitHub\EM-3DMotion\BehaviorFitting\BehaviorData_Clay.mat,Clay,Clay_090,90,nonStim,2,MonoL,-0.363636363636364,0.363636363636364,1,5,6,0.833333333333333
C:\Users\zzhu329\Documents\GitHub\EM-3DMotion\BehaviorFitting\BehaviorData_Clay.mat,Clay,Clay_090,90,nonStim,2,MonoL,-0.181818181818182,0.181818181818182,0,6,6,1
C:\Users\zzhu329\Documents\GitHub\EM-3DMotion\BehaviorFitting\BehaviorData_Clay.mat,Clay,Clay_090,90,nonStim,2,MonoL,-0.0909090909090909,0.0909090909090909,2,4,6,0.666666666666667
C:\Users\zzhu329\Documents\GitHub\EM-3DMotion\BehaviorFitting\BehaviorData_Clay.mat,Clay,Clay_090,90,nonStim,2,MonoL,0.0909090909090909,0.0909090909090909,3,3,7,0.428571428571429
C:\Users\zzhu329\Documents\GitHub\EM-3DMotion\BehaviorFitting\BehaviorData_Clay.mat,Clay,Clay_090,90,nonStim,2,MonoL,0.181818181818182,0.181818181818182,2,2,6,0.333333333333333
C:\Users\zzhu329\Documents\GitHub\EM-3DMotion\BehaviorFitting\BehaviorData_Clay.mat,Clay,Clay_090,90,nonStim,2,MonoL,0.363636363636364,0.363636363636364,2,2,6,0.333333333333333
C:\Users\zzhu329\Documents\GitHub\EM-3DMotion\BehaviorFitting\BehaviorData_Clay.mat,Clay,Clay_090,90,nonStim,2,MonoL,0.454545454545455,0.454545454545455,5,5,6,0.833333333333333
C:\Users\zzhu329\Documents\GitHub\EM-3DMotion\BehaviorFitting\BehaviorData_Clay.mat,Clay,Clay_090,90,nonStim,2,MonoL,0.636363636363636,0.636363636363636,6,6,6,1
C:\Users\zzhu329\Documents\GitHub\EM-3DMotion\BehaviorFitting\BehaviorData_Clay.mat,Clay,Clay_090,90,nonStim,2,MonoL,1,1,6,6,6,1
C:\Users\zzhu329\Documents\GitHub\EM-3DMotion\BehaviorFitting\BehaviorData_Clay.mat,Clay,Clay_090,90,nonStim,3,MonoR,-1,1,0,6,6,1
C:\Users\zzhu329\Documents\GitHub\EM-3DMotion\BehaviorFitting\BehaviorData_Clay.mat,Clay,Clay_090,90,nonStim,3,MonoR,-0.636363636363636,0.636363636363636,0,6,6,1
C:\Users\zzhu329\Documents\GitHub\EM-3DMotion\BehaviorFitting\BehaviorData_Clay.mat,Clay,Clay_090,90,nonStim,3,MonoR,-0.454545454545455,0.454545454545455,0,6,6,1
C:\Users\zzhu329\Documents\GitHub\EM-3DMotion\BehaviorFitting\BehaviorData_Clay.mat,Clay,Clay_090,90,nonStim,3,MonoR,-0.363636363636364,0.363636363636364,0,6,6,1
C:\Users\zzhu329\Documents\GitHub\EM-3DMotion\BehaviorFitting\BehaviorData_Clay.mat,Clay,Clay_090,90,nonStim,3,MonoR,-0.181818181818182,0.181818181818182,2,4,6,0.666666666666667
C:\Users\zzhu329\Documents\GitHub\EM-3DMotion\BehaviorFitting\BehaviorData_Clay.mat,Clay,Clay_090,90,nonStim,3,MonoR,-0.0909090909090909,0.0909090909090909,0,6,6,1
C:\Users\zzhu329\Documents\GitHub\EM-3DMotion\BehaviorFitting\BehaviorData_Clay.mat,Clay,Clay_090,90,nonStim,3,MonoR,0.0909090909090909,0.0909090909090909,4,4,7,0.571428571428571
C:\Users\zzhu329\Documents\GitHub\EM-3DMotion\BehaviorFitting\BehaviorData_Clay.mat,Clay,Clay_090,90,nonStim,3,MonoR,0.181818181818182,0.181818181818182,6,6,7,0.857142857142857
C:\Users\zzhu329\Documents\GitHub\EM-3DMotion\BehaviorFitting\BehaviorData_Clay.mat,Clay,Clay_090,90,nonStim,3,MonoR,0.363636363636364,0.363636363636364,6,6,6,1
C:\Users\zzhu329\Documents\GitHub\EM-3DMotion\BehaviorFitting\BehaviorData_Clay.mat,Clay,Clay_090,90,nonStim,3,MonoR,0.454545454545455,0.454545454545455,6,6,6,1
C:\Users\zzhu329\Documents\GitHub\EM-3DMotion\BehaviorFitting\BehaviorData_Clay.mat,Clay,Clay_090,90,nonStim,3,MonoR,0.636363636363636,0.636363636363636,6,6,6,1
C:\Users\zzhu329\Documents\GitHub\EM-3DMotion\BehaviorFitting\BehaviorData_Clay.mat,Clay,Clay_090,90,nonStim,3,MonoR,1,1,5,5,6,0.833333333333333
C:\Users\zzhu329\Documents\GitHub\EM-3DMotion\BehaviorFitting\BehaviorData_Clay.mat,Clay,Clay_090,90,nonStim,4,Bino,-1,1,0,6,6,1
C:\Users\zzhu329\Documents\GitHub\EM-3DMotion\BehaviorFitting\BehaviorData_Clay.mat,Clay,Clay_090,90,nonStim,4,Bino,-0.636363636363636,0.636363636363636,0,6,6,1
C:\Users\zzhu329\Documents\GitHub\EM-3DMotion\BehaviorFitting\BehaviorData_Clay.mat,Clay,Clay_090,90,nonStim,4,Bino,-0.454545454545455,0.454545454545455,0,7,7,1
C:\Users\zzhu329\Documents\GitHub\EM-3DMotion\BehaviorFitting\BehaviorData_Clay.mat,Clay,Clay_090,90,nonStim,4,Bino,-0.363636363636364,0.363636363636364,0,6,6,1
C:\Users\zzhu329\Documents\GitHub\EM-3DMotion\BehaviorFitting\BehaviorData_Clay.mat,Clay,Clay_090,90,nonStim,4,Bino,-0.181818181818182,0.181818181818182,2,4,6,0.666666666666667
C:\Users\zzhu329\Documents\GitHub\EM-3DMotion\BehaviorFitting\BehaviorData_Clay.mat,Clay,Clay_090,90,nonStim,4,Bino,-0.0909090909090909,0.0909090909090909,2,4,6,0.666666666666667
C:\Users\zzhu329\Documents\GitHub\EM-3DMotion\BehaviorFitting\BehaviorData_Clay.mat,Clay,Clay_090,90,nonStim,4,Bino,0.0909090909090909,0.0909090909090909,3,3,6,0.5
C:\Users\zzhu329\Documents\GitHub\EM-3DMotion\BehaviorFitting\BehaviorData_Clay.mat,Clay,Clay_090,90,nonStim,4,Bino,0.181818181818182,0.181818181818182,4,4,6,0.666666666666667
C:\Users\zzhu329\Documents\GitHub\EM-3DMotion\BehaviorFitting\BehaviorData_Clay.mat,Clay,Clay_090,90,nonStim,4,Bino,0.363636363636364,0.363636363636364,4,4,6,0.666666666666667
C:\Users\zzhu329\Documents\GitHub\EM-3DMotion\BehaviorFitting\BehaviorData_Clay.mat,Clay,Clay_090,90,nonStim,4,Bino,0.454545454545455,0.454545454545455,6,6,6,1
C:\Users\zzhu329\Documents\GitHub\EM-3DMotion\BehaviorFitting\BehaviorData_Clay.mat,Clay,Clay_090,90,nonStim,4,Bino,0.636363636363636,0.636363636363636,4,4,6,0.666666666666667
C:\Users\zzhu329\Documents\GitHub\EM-3DMotion\BehaviorFitting\BehaviorData_Clay.mat,Clay,Clay_090,90,nonStim,4,Bino,1,1,5,5,6,0.833333333333333
C:\Users\zzhu329\Documents\GitHub\EM-3DMotion\BehaviorFitting\BehaviorData_Clay.mat,Clay,Clay_091,91,nonStim,1,Combined,-1,1,0,6,6,1
C:\Users\zzhu329\Documents\GitHub\EM-3DMotion\BehaviorFitting\BehaviorData_Clay.mat,Clay,Clay_091,91,nonStim,1,Combined,-0.636363636363636,0.636363636363636,0,6,6,1
C:\Users\zzhu329\Documents\GitHub\EM-3DMotion\BehaviorFitting\BehaviorData_Clay.mat,Clay,Clay_091,91,nonStim,1,Combined,-0.454545454545455,0.454545454545455,0,7,7,1
C:\Users\zzhu329\Documents\GitHub\EM-3DMotion\BehaviorFitting\BehaviorData_Clay.mat,Clay,Clay_091,91,nonStim,1,Combined,-0.363636363636364,0.363636363636364,0,6,6,1
C:\Users\zzhu329\Documents\GitHub\EM-3DMotion\BehaviorFitting\BehaviorData_Clay.mat,Clay,Clay_091,91,nonStim,1,Combined,-0.181818181818182,0.181818181818182,4,2,6,0.333333333333333
C:\Users\zzhu329\Documents\GitHub\EM-3DMotion\BehaviorFitting\BehaviorData_Clay.mat,Clay,Clay_091,91,nonStim,1,Combined,-0.0909090909090909,0.0909090909090909,3,4,7,0.571428571428571
C:\Users\zzhu329\Documents\GitHub\EM-3DMotion\BehaviorFitting\BehaviorData_Clay.mat,Clay,Clay_091,91,nonStim,1,Combined,0.0909090909090909,0.0909090909090909,6,6,7,0.857142857142857
C:\Users\zzhu329\Documents\GitHub\EM-3DMotion\BehaviorFitting\BehaviorData_Clay.mat,Clay,Clay_091,91,nonStim,1,Combined,0.181818181818182,0.181818181818182,6,6,6,1
C:\Users\zzhu329\Documents\GitHub\EM-3DMotion\BehaviorFitting\BehaviorData_Clay.mat,Clay,Clay_091,91,nonStim,1,Combined,0.363636363636364,0.363636363636364,7,7,7,1
C:\Users\zzhu329\Documents\GitHub\EM-3DMotion\BehaviorFitting\BehaviorData_Clay.mat,Clay,Clay_091,91,nonStim,1,Combined,0.454545454545455,0.454545454545455,7,7,7,1
C:\Users\zzhu329\Documents\GitHub\EM-3DMotion\BehaviorFitting\BehaviorData_Clay.mat,Clay,Clay_091,91,nonStim,1,Combined,0.636363636363636,0.636363636363636,7,7,7,1
C:\Users\zzhu329\Documents\GitHub\EM-3DMotion\BehaviorFitting\BehaviorData_Clay.mat,Clay,Clay_091,91,nonStim,1,Combined,1,1,7,7,7,1
C:\Users\zzhu329\Documents\GitHub\EM-3DMotion\BehaviorFitting\BehaviorData_Clay.mat,Clay,Clay_091,91,nonStim,2,MonoL,-1,1,1,6,7,0.857142857142857
C:\Users\zzhu329\Documents\GitHub\EM-3DMotion\BehaviorFitting\BehaviorData_Clay.mat,Clay,Clay_091,91,nonStim,2,MonoL,-0.636363636363636,0.636363636363636,1,6,7,0.857142857142857
C:\Users\zzhu329\Documents\GitHub\EM-3DMotion\BehaviorFitting\BehaviorData_Clay.mat,Clay,Clay_091,91,nonStim,2,MonoL,-0.454545454545455,0.454545454545455,1,6,7,0.857142857142857
C:\Users\zzhu329\Documents\GitHub\EM-3DMotion\BehaviorFitting\BehaviorData_Clay.mat,Clay,Clay_091,91,nonStim,2,MonoL,-0.363636363636364,0.363636363636364,0,7,7,1
C:\Users\zzhu329\Documents\GitHub\EM-3DMotion\BehaviorFitting\BehaviorData_Clay.mat,Clay,Clay_091,91,nonStim,2,MonoL,-0.181818181818182,0.181818181818182,1,6,7,0.857142857142857
C:\Users\zzhu329\Documents\GitHub\EM-3DMotion\BehaviorFitting\BehaviorData_Clay.mat,Clay,Clay_091,91,nonStim,2,MonoL,-0.0909090909090909,0.0909090909090909,2,5,7,0.714285714285714
C:\Users\zzhu329\Documents\GitHub\EM-3DMotion\BehaviorFitting\BehaviorData_Clay.mat,Clay,Clay_091,91,nonStim,2,MonoL,0.0909090909090909,0.0909090909090909,5,5,6,0.833333333333333
C:\Users\zzhu329\Documents\GitHub\EM-3DMotion\BehaviorFitting\BehaviorData_Clay.mat,Clay,Clay_091,91,nonStim,2,MonoL,0.181818181818182,0.181818181818182,4,4,5,0.8
C:\Users\zzhu329\Documents\GitHub\EM-3DMotion\BehaviorFitting\BehaviorData_Clay.mat,Clay,Clay_091,91,nonStim,2,MonoL,0.363636363636364,0.363636363636364,7,7,7,1
C:\Users\zzhu329\Documents\GitHub\EM-3DMotion\BehaviorFitting\BehaviorData_Clay.mat,Clay,Clay_091,91,nonStim,2,MonoL,0.454545454545455,0.454545454545455,7,7,7,1
C:\Users\zzhu329\Documents\GitHub\EM-3DMotion\BehaviorFitting\BehaviorData_Clay.mat,Clay,Clay_091,91,nonStim,2,MonoL,0.636363636363636,0.636363636363636,6,6,7,0.857142857142857
C:\Users\zzhu329\Documents\GitHub\EM-3DMotion\BehaviorFitting\BehaviorData_Clay.mat,Clay,Clay_091,91,nonStim,2,MonoL,1,1,7,7,7,1
C:\Users\zzhu329\Documents\GitHub\EM-3DMotion\BehaviorFitting\BehaviorData_Clay.mat,Clay,Clay_091,91,nonStim,3,MonoR,-1,1,0,7,7,1
C:\Users\zzhu329\Documents\GitHub\EM-3DMotion\BehaviorFitting\BehaviorData_Clay.mat,Clay,Clay_091,91,nonStim,3,MonoR,-0.636363636363636,0.636363636363636,0,7,7,1
C:\Users\zzhu329\Documents\GitHub\EM-3DMotion\BehaviorFitting\BehaviorData_Clay.mat,Clay,Clay_091,91,nonStim,3,MonoR,-0.454545454545455,0.454545454545455,0,7,7,1
C:\Users\zzhu329\Documents\GitHub\EM-3DMotion\BehaviorFitting\BehaviorData_Clay.mat,Clay,Clay_091,91,nonStim,3,MonoR,-0.363636363636364,0.363636363636364,2,5,7,0.714285714285714
C:\Users\zzhu329\Documents\GitHub\EM-3DMotion\BehaviorFitting\BehaviorData_Clay.mat,Clay,Clay_091,91,nonStim,3,MonoR,-0.181818181818182,0.181818181818182,2,5,7,0.714285714285714
C:\Users\zzhu329\Documents\GitHub\EM-3DMotion\BehaviorFitting\BehaviorData_Clay.mat,Clay,Clay_091,91,nonStim,3,MonoR,-0.0909090909090909,0.0909090909090909,2,5,7,0.714285714285714
C:\Users\zzhu329\Documents\GitHub\EM-3DMotion\BehaviorFitting\BehaviorData_Clay.mat,Clay,Clay_091,91,nonStim,3,MonoR,0.0909090909090909,0.0909090909090909,4,4,6,0.666666666666667
C:\Users\zzhu329\Documents\GitHub\EM-3DMotion\BehaviorFitting\BehaviorData_Clay.mat,Clay,Clay_091,91,nonStim,3,MonoR,0.181818181818182,0.181818181818182,5,5,7,0.714285714285714
C:\Users\zzhu329\Documents\GitHub\EM-3DMotion\BehaviorFitting\BehaviorData_Clay.mat,Clay,Clay_091,91,nonStim,3,MonoR,0.363636363636364,0.363636363636364,7,7,7,1
C:\Users\zzhu329\Documents\GitHub\EM-3DMotion\BehaviorFitting\BehaviorData_Clay.mat,Clay,Clay_091,91,nonStim,3,MonoR,0.454545454545455,0.454545454545455,7,7,7,1
C:\Users\zzhu329\Documents\GitHub\EM-3DMotion\BehaviorFitting\BehaviorData_Clay.mat,Clay,Clay_091,91,nonStim,3,MonoR,0.636363636363636,0.636363636363636,6,6,6,1
C:\Users\zzhu329\Documents\GitHub\EM-3DMotion\BehaviorFitting\BehaviorData_Clay.mat,Clay,Clay_091,91,nonStim,3,MonoR,1,1,7,7,7,1
C:\Users\zzhu329\Documents\GitHub\EM-3DMotion\BehaviorFitting\BehaviorData_Clay.mat,Clay,Clay_091,91,nonStim,4,Bino,-1,1,0,7,7,1
C:\Users\zzhu329\Documents\GitHub\EM-3DMotion\BehaviorFitting\BehaviorData_Clay.mat,Clay,Clay_091,91,nonStim,4,Bino,-0.636363636363636,0.636363636363636,0,7,7,1
C:\Users\zzhu329\Documents\GitHub\EM-3DMotion\BehaviorFitting\BehaviorData_Clay.mat,Clay,Clay_091,91,nonStim,4,Bino,-0.454545454545455,0.454545454545455,0,6,6,1
C:\Users\zzhu329\Documents\GitHub\EM-3DMotion\BehaviorFitting\BehaviorData_Clay.mat,Clay,Clay_091,91,nonStim,4,Bino,-0.363636363636364,0.363636363636364,3,4,7,0.571428571428571
C:\Users\zzhu329\Documents\GitHub\EM-3DMotion\BehaviorFitting\BehaviorData_Clay.mat,Clay,Clay_091,91,nonStim,4,Bino,-0.181818181818182,0.181818181818182,3,4,7,0.571428571428571
C:\Users\zzhu329\Documents\GitHub\EM-3DMotion\BehaviorFitting\BehaviorData_Clay.mat,Clay,Clay_091,91,nonStim,4,Bino,-0.0909090909090909,0.0909090909090909,2,5,7,0.714285714285714
C:\Users\zzhu329\Documents\GitHub\EM-3DMotion\BehaviorFitting\BehaviorData_Clay.mat,Clay,Clay_091,91,nonStim,4,Bino,0.0909090909090909,0.0909090909090909,6,6,7,0.857142857142857
C:\Users\zzhu329\Documents\GitHub\EM-3DMotion\BehaviorFitting\BehaviorData_Clay.mat,Clay,Clay_091,91,nonStim,4,Bino,0.181818181818182,0.181818181818182,6,6,7,0.857142857142857
C:\Users\zzhu329\Documents\GitHub\EM-3DMotion\BehaviorFitting\BehaviorData_Clay.mat,Clay,Clay_091,91,nonStim,4,Bino,0.363636363636364,0.363636363636364,6,6,7,0.857142857142857
C:\Users\zzhu329\Documents\GitHub\EM-3DMotion\BehaviorFitting\BehaviorData_Clay.mat,Clay,Clay_091,91,nonStim,4,Bino,0.454545454545455,0.454545454545455,6,6,6,1
C:\Users\zzhu329\Documents\GitHub\EM-3DMotion\BehaviorFitting\BehaviorData_Clay.mat,Clay,Clay_091,91,nonStim,4,Bino,0.636363636363636,0.636363636363636,7,7,7,1
C:\Users\zzhu329\Documents\GitHub\EM-3DMotion\BehaviorFitting\BehaviorData_Clay.mat,Clay,Clay_091,91,nonStim,4,Bino,1,1,6,6,6,1
C:\Users\zzhu329\Documents\GitHub\EM-3DMotion\BehaviorFitting\BehaviorData_Clay.mat,Clay,Clay_092,92,nonStim,1,Combined,-1,1,1,9,10,0.9
C:\Users\zzhu329\Documents\GitHub\EM-3DMotion\BehaviorFitting\BehaviorData_Clay.mat,Clay,Clay_092,92,nonStim,1,Combined,-0.636363636363636,0.636363636363636,0,10,10,1
C:\Users\zzhu329\Documents\GitHub\EM-3DMotion\BehaviorFitting\BehaviorData_Clay.mat,Clay,Clay_092,92,nonStim,1,Combined,-0.454545454545455,0.454545454545455,1,9,10,0.9
C:\Users\zzhu329\Documents\GitHub\EM-3DMotion\BehaviorFitting\BehaviorData_Clay.mat,Clay,Clay_092,92,nonStim,1,Combined,-0.363636363636364,0.363636363636364,3,7,10,0.7
C:\Users\zzhu329\Documents\GitHub\EM-3DMotion\BehaviorFitting\BehaviorData_Clay.mat,Clay,Clay_092,92,nonStim,1,Combined,-0.181818181818182,0.181818181818182,5,5,10,0.5
C:\Users\zzhu329\Documents\GitHub\EM-3DMotion\BehaviorFitting\BehaviorData_Clay.mat,Clay,Clay_092,92,nonStim,1,Combined,-0.0909090909090909,0.0909090909090909,8,2,10,0.2
C:\Users\zzhu329\Documents\GitHub\EM-3DMotion\BehaviorFitting\BehaviorData_Clay.mat,Clay,Clay_092,92,nonStim,1,Combined,0.0909090909090909,0.0909090909090909,11,11,11,1
C:\Users\zzhu329\Documents\GitHub\EM-3DMotion\BehaviorFitting\BehaviorData_Clay.mat,Clay,Clay_092,92,nonStim,1,Combined,0.181818181818182,0.181818181818182,10,10,10,1
C:\Users\zzhu329\Documents\GitHub\EM-3DMotion\BehaviorFitting\BehaviorData_Clay.mat,Clay,Clay_092,92,nonStim,1,Combined,0.363636363636364,0.363636363636364,10,10,10,1
C:\Users\zzhu329\Documents\GitHub\EM-3DMotion\BehaviorFitting\BehaviorData_Clay.mat,Clay,Clay_092,92,nonStim,1,Combined,0.454545454545455,0.454545454545455,10,10,10,1
C:\Users\zzhu329\Documents\GitHub\EM-3DMotion\BehaviorFitting\BehaviorData_Clay.mat,Clay,Clay_092,92,nonStim,1,Combined,0.636363636363636,0.636363636363636,10,10,10,1
C:\Users\zzhu329\Documents\GitHub\EM-3DMotion\BehaviorFitting\BehaviorData_Clay.mat,Clay,Clay_092,92,nonStim,1,Combined,1,1,10,10,10,1
C:\Users\zzhu329\Documents\GitHub\EM-3DMotion\BehaviorFitting\BehaviorData_Clay.mat,Clay,Clay_092,92,nonStim,2,MonoL,-1,1,1,9,10,0.9
C:\Users\zzhu329\Documents\GitHub\EM-3DMotion\BehaviorFitting\BehaviorData_Clay.mat,Clay,Clay_092,92,nonStim,2,MonoL,-0.636363636363636,0.636363636363636,2,8,10,0.8
C:\Users\zzhu329\Documents\GitHub\EM-3DMotion\BehaviorFitting\BehaviorData_Clay.mat,Clay,Clay_092,92,nonStim,2,MonoL,-0.454545454545455,0.454545454545455,5,5,10,0.5
C:\Users\zzhu329\Documents\GitHub\EM-3DMotion\BehaviorFitting\BehaviorData_Clay.mat,Clay,Clay_092,92,nonStim,2,MonoL,-0.363636363636364,0.363636363636364,3,7,10,0.7
C:\Users\zzhu329\Documents\GitHub\EM-3DMotion\BehaviorFitting\BehaviorData_Clay.mat,Clay,Clay_092,92,nonStim,2,MonoL,-0.181818181818182,0.181818181818182,2,8,10,0.8
C:\Users\zzhu329\Documents\GitHub\EM-3DMotion\BehaviorFitting\BehaviorData_Clay.mat,Clay,Clay_092,92,nonStim,2,MonoL,-0.0909090909090909,0.0909090909090909,5,5,10,0.5
C:\Users\zzhu329\Documents\GitHub\EM-3DMotion\BehaviorFitting\BehaviorData_Clay.mat,Clay,Clay_092,92,nonStim,2,MonoL,0.0909090909090909,0.0909090909090909,6,6,10,0.6
C:\Users\zzhu329\Documents\GitHub\EM-3DMotion\BehaviorFitting\BehaviorData_Clay.mat,Clay,Clay_092,92,nonStim,2,MonoL,0.181818181818182,0.181818181818182,6,6,10,0.6
C:\Users\zzhu329\Documents\GitHub\EM-3DMotion\BehaviorFitting\BehaviorData_Clay.mat,Clay,Clay_092,92,nonStim,2,MonoL,0.363636363636364,0.363636363636364,8,8,10,0.8
C:\Users\zzhu329\Documents\GitHub\EM-3DMotion\BehaviorFitting\BehaviorData_Clay.mat,Clay,Clay_092,92,nonStim,2,MonoL,0.454545454545455,0.454545454545455,8,8,10,0.8
C:\Users\zzhu329\Documents\GitHub\EM-3DMotion\BehaviorFitting\BehaviorData_Clay.mat,Clay,Clay_092,92,nonStim,2,MonoL,0.636363636363636,0.636363636363636,10,10,11,0.909090909090909
C:\Users\zzhu329\Documents\GitHub\EM-3DMotion\BehaviorFitting\BehaviorData_Clay.mat,Clay,Clay_092,92,nonStim,2,MonoL,1,1,10,10,10,1
C:\Users\zzhu329\Documents\GitHub\EM-3DMotion\BehaviorFitting\BehaviorData_Clay.mat,Clay,Clay_092,92,nonStim,3,MonoR,-1,1,2,8,10,0.8
C:\Users\zzhu329\Documents\GitHub\EM-3DMotion\BehaviorFitting\BehaviorData_Clay.mat,Clay,Clay_092,92,nonStim,3,MonoR,-0.636363636363636,0.636363636363636,4,6,10,0.6
C:\Users\zzhu329\Documents\GitHub\EM-3DMotion\BehaviorFitting\BehaviorData_Clay.mat,Clay,Clay_092,92,nonStim,3,MonoR,-0.454545454545455,0.454545454545455,4,6,10,0.6
C:\Users\zzhu329\Documents\GitHub\EM-3DMotion\BehaviorFitting\BehaviorData_Clay.mat,Clay,Clay_092,92,nonStim,3,MonoR,-0.363636363636364,0.363636363636364,4,6,10,0.6
C:\Users\zzhu329\Documents\GitHub\EM-3DMotion\BehaviorFitting\BehaviorData_Clay.mat,Clay,Clay_092,92,nonStim,3,MonoR,-0.181818181818182,0.181818181818182,3,7,10,0.7
C:\Users\zzhu329\Documents\GitHub\EM-3DMotion\BehaviorFitting\BehaviorData_Clay.mat,Clay,Clay_092,92,nonStim,3,MonoR,-0.0909090909090909,0.0909090909090909,6,5,11,0.454545454545455
C:\Users\zzhu329\Documents\GitHub\EM-3DMotion\BehaviorFitting\BehaviorData_Clay.mat,Clay,Clay_092,92,nonStim,3,MonoR,0.0909090909090909,0.0909090909090909,7,7,10,0.7
C:\Users\zzhu329\Documents\GitHub\EM-3DMotion\BehaviorFitting\BehaviorData_Clay.mat,Clay,Clay_092,92,nonStim,3,MonoR,0.181818181818182,0.181818181818182,7,7,10,0.7
C:\Users\zzhu329\Documents\GitHub\EM-3DMotion\BehaviorFitting\BehaviorData_Clay.mat,Clay,Clay_092,92,nonStim,3,MonoR,0.363636363636364,0.363636363636364,10,10,10,1
C:\Users\zzhu329\Documents\GitHub\EM-3DMotion\BehaviorFitting\BehaviorData_Clay.mat,Clay,Clay_092,92,nonStim,3,MonoR,0.454545454545455,0.454545454545455,10,10,10,1
C:\Users\zzhu329\Documents\GitHub\EM-3DMotion\BehaviorFitting\BehaviorData_Clay.mat,Clay,Clay_092,92,nonStim,3,MonoR,0.636363636363636,0.636363636363636,9,9,10,0.9
C:\Users\zzhu329\Documents\GitHub\EM-3DMotion\BehaviorFitting\BehaviorData_Clay.mat,Clay,Clay_092,92,nonStim,3,MonoR,1,1,10,10,10,1
C:\Users\zzhu329\Documents\GitHub\EM-3DMotion\BehaviorFitting\BehaviorData_Clay.mat,Clay,Clay_092,92,nonStim,4,Bino,-1,1,3,7,10,0.7
C:\Users\zzhu329\Documents\GitHub\EM-3DMotion\BehaviorFitting\BehaviorData_Clay.mat,Clay,Clay_092,92,nonStim,4,Bino,-0.636363636363636,0.636363636363636,2,8,10,0.8
C:\Users\zzhu329\Documents\GitHub\EM-3DMotion\BehaviorFitting\BehaviorData_Clay.mat,Clay,Clay_092,92,nonStim,4,Bino,-0.454545454545455,0.454545454545455,3,7,10,0.7
C:\Users\zzhu329\Documents\GitHub\EM-3DMotion\BehaviorFitting\BehaviorData_Clay.mat,Clay,Clay_092,92,nonStim,4,Bino,-0.363636363636364,0.363636363636364,4,6,10,0.6
C:\Users\zzhu329\Documents\GitHub\EM-3DMotion\BehaviorFitting\BehaviorData_Clay.mat,Clay,Clay_092,92,nonStim,4,Bino,-0.181818181818182,0.181818181818182,7,3,10,0.3
C:\Users\zzhu329\Documents\GitHub\EM-3DMotion\BehaviorFitting\BehaviorData_Clay.mat,Clay,Clay_092,92,nonStim,4,Bino,-0.0909090909090909,0.0909090909090909,8,2,10,0.2
C:\Users\zzhu329\Documents\GitHub\EM-3DMotion\BehaviorFitting\BehaviorData_Clay.mat,Clay,Clay_092,92,nonStim,4,Bino,0.0909090909090909,0.0909090909090909,5,5,10,0.5
C:\Users\zzhu329\Documents\GitHub\EM-3DMotion\BehaviorFitting\BehaviorData_Clay.mat,Clay,Clay_092,92,nonStim,4,Bino,0.181818181818182,0.181818181818182,8,8,10,0.8
C:\Users\zzhu329\Documents\GitHub\EM-3DMotion\BehaviorFitting\BehaviorData_Clay.mat,Clay,Clay_092,92,nonStim,4,Bino,0.363636363636364,0.363636363636364,8,8,10,0.8
C:\Users\zzhu329\Documents\GitHub\EM-3DMotion\BehaviorFitting\BehaviorData_Clay.mat,Clay,Clay_092,92,nonStim,4,Bino,0.454545454545455,0.454545454545455,10,10,10,1
C:\Users\zzhu329\Documents\GitHub\EM-3DMotion\BehaviorFitting\BehaviorData_Clay.mat,Clay,Clay_092,92,nonStim,4,Bino,0.636363636363636,0.636363636363636,10,10,10,1
C:\Users\zzhu329\Documents\GitHub\EM-3DMotion\BehaviorFitting\BehaviorData_Clay.mat,Clay,Clay_092,92,nonStim,4,Bino,1,1,10,10,10,1
C:\Users\zzhu329\Documents\GitHub\EM-3DMotion\BehaviorFitting\BehaviorData_Clay.mat,Clay,Clay_093,93,nonStim,1,Combined,-1,1,0,8,8,1
C:\Users\zzhu329\Documents\GitHub\EM-3DMotion\BehaviorFitting\BehaviorData_Clay.mat,Clay,Clay_093,93,nonStim,1,Combined,-0.636363636363636,0.636363636363636,0,8,8,1
C:\Users\zzhu329\Documents\GitHub\EM-3DMotion\BehaviorFitting\BehaviorData_Clay.mat,Clay,Clay_093,93,nonStim,1,Combined,-0.454545454545455,0.454545454545455,0,7,7,1
C:\Users\zzhu329\Documents\GitHub\EM-3DMotion\BehaviorFitting\BehaviorData_Clay.mat,Clay,Clay_093,93,nonStim,1,Combined,-0.363636363636364,0.363636363636364,0,8,8,1
C:\Users\zzhu329\Documents\GitHub\EM-3DMotion\BehaviorFitting\BehaviorData_Clay.mat,Clay,Clay_093,93,nonStim,1,Combined,-0.181818181818182,0.181818181818182,1,7,8,0.875
C:\Users\zzhu329\Documents\GitHub\EM-3DMotion\BehaviorFitting\BehaviorData_Clay.mat,Clay,Clay_093,93,nonStim,1,Combined,-0.0909090909090909,0.0909090909090909,1,6,7,0.857142857142857
C:\Users\zzhu329\Documents\GitHub\EM-3DMotion\BehaviorFitting\BehaviorData_Clay.mat,Clay,Clay_093,93,nonStim,1,Combined,0.0909090909090909,0.0909090909090909,7,7,8,0.875
C:\Users\zzhu329\Documents\GitHub\EM-3DMotion\BehaviorFitting\BehaviorData_Clay.mat,Clay,Clay_093,93,nonStim,1,Combined,0.181818181818182,0.181818181818182,8,8,8,1
C:\Users\zzhu329\Documents\GitHub\EM-3DMotion\BehaviorFitting\BehaviorData_Clay.mat,Clay,Clay_093,93,nonStim,1,Combined,0.363636363636364,0.363636363636364,8,8,8,1
C:\Users\zzhu329\Documents\GitHub\EM-3DMotion\BehaviorFitting\BehaviorData_Clay.mat,Clay,Clay_093,93,nonStim,1,Combined,0.454545454545455,0.454545454545455,8,8,8,1
C:\Users\zzhu329\Documents\GitHub\EM-3DMotion\BehaviorFitting\BehaviorData_Clay.mat,Clay,Clay_093,93,nonStim,1,Combined,0.636363636363636,0.636363636363636,8,8,8,1
C:\Users\zzhu329\Documents\GitHub\EM-3DMotion\BehaviorFitting\BehaviorData_Clay.mat,Clay,Clay_093,93,nonStim,1,Combined,1,1,7,7,7,1
C:\Users\zzhu329\Documents\GitHub\EM-3DMotion\BehaviorFitting\BehaviorData_Clay.mat,Clay,Clay_093,93,nonStim,2,MonoL,-1,1,0,8,8,1
C:\Users\zzhu329\Documents\GitHub\EM-3DMotion\BehaviorFitting\BehaviorData_Clay.mat,Clay,Clay_093,93,nonStim,2,MonoL,-0.636363636363636,0.636363636363636,0,8,8,1
C:\Users\zzhu329\Documents\GitHub\EM-3DMotion\BehaviorFitting\BehaviorData_Clay.mat,Clay,Clay_093,93,nonStim,2,MonoL,-0.454545454545455,0.454545454545455,1,6,7,0.857142857142857
C:\Users\zzhu329\Documents\GitHub\EM-3DMotion\BehaviorFitting\BehaviorData_Clay.mat,Clay,Clay_093,93,nonStim,2,MonoL,-0.363636363636364,0.363636363636364,1,7,8,0.875
C:\Users\zzhu329\Documents\GitHub\EM-3DMotion\BehaviorFitting\BehaviorData_Clay.mat,Clay,Clay_093,93,nonStim,2,MonoL,-0.181818181818182,0.181818181818182,2,6,8,0.75
C:\Users\zzhu329\Documents\GitHub\EM-3DMotion\BehaviorFitting\BehaviorData_Clay.mat,Clay,Clay_093,93,nonStim,2,MonoL,-0.0909090909090909,0.0909090909090909,2,6,8,0.75
C:\Users\zzhu329\Documents\GitHub\EM-3DMotion\BehaviorFitting\BehaviorData_Clay.mat,Clay,Clay_093,93,nonStim,2,MonoL,0.0909090909090909,0.0909090909090909,3,3,7,0.428571428571429
C:\Users\zzhu329\Documents\GitHub\EM-3DMotion\BehaviorFitting\BehaviorData_Clay.mat,Clay,Clay_093,93,nonStim,2,MonoL,0.181818181818182,0.181818181818182,5,5,8,0.625
C:\Users\zzhu329\Documents\GitHub\EM-3DMotion\BehaviorFitting\BehaviorData_Clay.mat,Clay,Clay_093,93,nonStim,2,MonoL,0.363636363636364,0.363636363636364,7,7,7,1
C:\Users\zzhu329\Documents\GitHub\EM-3DMotion\BehaviorFitting\BehaviorData_Clay.mat,Clay,Clay_093,93,nonStim,2,MonoL,0.454545454545455,0.454545454545455,8,8,8,1
C:\Users\zzhu329\Documents\GitHub\EM-3DMotion\BehaviorFitting\BehaviorData_Clay.mat,Clay,Clay_093,93,nonStim,2,MonoL,0.636363636363636,0.636363636363636,8,8,8,1
C:\Users\zzhu329\Documents\GitHub\EM-3DMotion\BehaviorFitting\BehaviorData_Clay.mat,Clay,Clay_093,93,nonStim,2,MonoL,1,1,8,8,8,1
C:\Users\zzhu329\Documents\GitHub\EM-3DMotion\BehaviorFitting\BehaviorData_Clay.mat,Clay,Clay_093,93,nonStim,3,MonoR,-1,1,0,8,8,1
C:\Users\zzhu329\Documents\GitHub\EM-3DMotion\BehaviorFitting\BehaviorData_Clay.mat,Clay,Clay_093,93,nonStim,3,MonoR,-0.636363636363636,0.636363636363636,0,8,8,1
C:\Users\zzhu329\Documents\GitHub\EM-3DMotion\BehaviorFitting\BehaviorData_Clay.mat,Clay,Clay_093,93,nonStim,3,MonoR,-0.454545454545455,0.454545454545455,0,8,8,1
C:\Users\zzhu329\Documents\GitHub\EM-3DMotion\BehaviorFitting\BehaviorData_Clay.mat,Clay,Clay_093,93,nonStim,3,MonoR,-0.363636363636364,0.363636363636364,1,7,8,0.875
C:\Users\zzhu329\Documents\GitHub\EM-3DMotion\BehaviorFitting\BehaviorData_Clay.mat,Clay,Clay_093,93,nonStim,3,MonoR,-0.181818181818182,0.181818181818182,1,7,8,0.875
C:\Users\zzhu329\Documents\GitHub\EM-3DMotion\BehaviorFitting\BehaviorData_Clay.mat,Clay,Clay_093,93,nonStim,3,MonoR,-0.0909090909090909,0.0909090909090909,1,7,8,0.875
C:\Users\zzhu329\Documents\GitHub\EM-3DMotion\BehaviorFitting\BehaviorData_Clay.mat,Clay,Clay_093,93,nonStim,3,MonoR,0.0909090909090909,0.0909090909090909,2,2,8,0.25
C:\Users\zzhu329\Documents\GitHub\EM-3DMotion\BehaviorFitting\BehaviorData_Clay.mat,Clay,Clay_093,93,nonStim,3,MonoR,0.181818181818182,0.181818181818182,5,5,8,0.625
C:\Users\zzhu329\Documents\GitHub\EM-3DMotion\BehaviorFitting\BehaviorData_Clay.mat,Clay,Clay_093,93,nonStim,3,MonoR,0.363636363636364,0.363636363636364,8,8,8,1
C:\Users\zzhu329\Documents\GitHub\EM-3DMotion\BehaviorFitting\BehaviorData_Clay.mat,Clay,Clay_093,93,nonStim,3,MonoR,0.454545454545455,0.454545454545455,8,8,8,1
C:\Users\zzhu329\Documents\GitHub\EM-3DMotion\BehaviorFitting\BehaviorData_Clay.mat,Clay,Clay_093,93,nonStim,3,MonoR,0.636363636363636,0.636363636363636,8,8,8,1
C:\Users\zzhu329\Documents\GitHub\EM-3DMotion\BehaviorFitting\BehaviorData_Clay.mat,Clay,Clay_093,93,nonStim,3,MonoR,1,1,8,8,8,1
C:\Users\zzhu329\Documents\GitHub\EM-3DMotion\BehaviorFitting\BehaviorData_Clay.mat,Clay,Clay_093,93,nonStim,4,Bino,-1,1,0,8,8,1
C:\Users\zzhu329\Documents\GitHub\EM-3DMotion\BehaviorFitting\BehaviorData_Clay.mat,Clay,Clay_093,93,nonStim,4,Bino,-0.636363636363636,0.636363636363636,0,8,8,1
C:\Users\zzhu329\Documents\GitHub\EM-3DMotion\BehaviorFitting\BehaviorData_Clay.mat,Clay,Clay_093,93,nonStim,4,Bino,-0.454545454545455,0.454545454545455,0,7,7,1
C:\Users\zzhu329\Documents\GitHub\EM-3DMotion\BehaviorFitting\BehaviorData_Clay.mat,Clay,Clay_093,93,nonStim,4,Bino,-0.363636363636364,0.363636363636364,0,8,8,1
C:\Users\zzhu329\Documents\GitHub\EM-3DMotion\BehaviorFitting\BehaviorData_Clay.mat,Clay,Clay_093,93,nonStim,4,Bino,-0.181818181818182,0.181818181818182,1,6,7,0.857142857142857
C:\Users\zzhu329\Documents\GitHub\EM-3DMotion\BehaviorFitting\BehaviorData_Clay.mat,Clay,Clay_093,93,nonStim,4,Bino,-0.0909090909090909,0.0909090909090909,2,6,8,0.75
C:\Users\zzhu329\Documents\GitHub\EM-3DMotion\BehaviorFitting\BehaviorData_Clay.mat,Clay,Clay_093,93,nonStim,4,Bino,0.0909090909090909,0.0909090909090909,2,2,7,0.285714285714286
C:\Users\zzhu329\Documents\GitHub\EM-3DMotion\BehaviorFitting\BehaviorData_Clay.mat,Clay,Clay_093,93,nonStim,4,Bino,0.181818181818182,0.181818181818182,7,7,8,0.875
C:\Users\zzhu329\Documents\GitHub\EM-3DMotion\BehaviorFitting\BehaviorData_Clay.mat,Clay,Clay_093,93,nonStim,4,Bino,0.363636363636364,0.363636363636364,4,4,8,0.5
C:\Users\zzhu329\Documents\GitHub\EM-3DMotion\BehaviorFitting\BehaviorData_Clay.mat,Clay,Clay_093,93,nonStim,4,Bino,0.454545454545455,0.454545454545455,5,5,8,0.625
C:\Users\zzhu329\Documents\GitHub\EM-3DMotion\BehaviorFitting\BehaviorData_Clay.mat,Clay,Clay_093,93,nonStim,4,Bino,0.636363636363636,0.636363636363636,5,5,8,0.625
C:\Users\zzhu329\Documents\GitHub\EM-3DMotion\BehaviorFitting\BehaviorData_Clay.mat,Clay,Clay_093,93,nonStim,4,Bino,1,1,7,7,8,0.875
C:\Users\zzhu329\Documents\GitHub\EM-3DMotion\BehaviorFitting\BehaviorData_Clay.mat,Clay,Clay_094,94,nonStim,1,Combined,-1,1,0,6,6,1
C:\Users\zzhu329\Documents\GitHub\EM-3DMotion\BehaviorFitting\BehaviorData_Clay.mat,Clay,Clay_094,94,nonStim,1,Combined,-0.636363636363636,0.636363636363636,0,6,6,1
C:\Users\zzhu329\Documents\GitHub\EM-3DMotion\BehaviorFitting\BehaviorData_Clay.mat,Clay,Clay_094,94,nonStim,1,Combined,-0.454545454545455,0.454545454545455,0,5,5,1
C:\Users\zzhu329\Documents\GitHub\EM-3DMotion\BehaviorFitting\BehaviorData_Clay.mat,Clay,Clay_094,94,nonStim,1,Combined,-0.363636363636364,0.363636363636364,0,6,6,1
C:\Users\zzhu329\Documents\GitHub\EM-3DMotion\BehaviorFitting\BehaviorData_Clay.mat,Clay,Clay_094,94,nonStim,1,Combined,-0.181818181818182,0.181818181818182,1,5,6,0.833333333333333
C:\Users\zzhu329\Documents\GitHub\EM-3DMotion\BehaviorFitting\BehaviorData_Clay.mat,Clay,Clay_094,94,nonStim,1,Combined,-0.0909090909090909,0.0909090909090909,1,5,6,0.833333333333333
C:\Users\zzhu329\Documents\GitHub\EM-3DMotion\BehaviorFitting\BehaviorData_Clay.mat,Clay,Clay_094,94,nonStim,1,Combined,0.0909090909090909,0.0909090909090909,1,1,6,0.166666666666667
C:\Users\zzhu329\Documents\GitHub\EM-3DMotion\BehaviorFitting\BehaviorData_Clay.mat,Clay,Clay_094,94,nonStim,1,Combined,0.181818181818182,0.181818181818182,6,6,6,1
C:\Users\zzhu329\Documents\GitHub\EM-3DMotion\BehaviorFitting\BehaviorData_Clay.mat,Clay,Clay_094,94,nonStim,1,Combined,0.363636363636364,0.363636363636364,5,5,5,1
C:\Users\zzhu329\Documents\GitHub\EM-3DMotion\BehaviorFitting\BehaviorData_Clay.mat,Clay,Clay_094,94,nonStim,1,Combined,0.454545454545455,0.454545454545455,5,5,5,1
C:\Users\zzhu329\Documents\GitHub\EM-3DMotion\BehaviorFitting\BehaviorData_Clay.mat,Clay,Clay_094,94,nonStim,1,Combined,0.636363636363636,0.636363636363636,5,5,5,1
C:\Users\zzhu329\Documents\GitHub\EM-3DMotion\BehaviorFitting\BehaviorData_Clay.mat,Clay,Clay_094,94,nonStim,1,Combined,1,1,6,6,6,1
C:\Users\zzhu329\Documents\GitHub\EM-3DMotion\BehaviorFitting\BehaviorData_Clay.mat,Clay,Clay_094,94,nonStim,2,MonoL,-1,1,0,6,6,1
C:\Users\zzhu329\Documents\GitHub\EM-3DMotion\BehaviorFitting\BehaviorData_Clay.mat,Clay,Clay_094,94,nonStim,2,MonoL,-0.636363636363636,0.636363636363636,1,5,6,0.833333333333333
C:\Users\zzhu329\Documents\GitHub\EM-3DMotion\BehaviorFitting\BehaviorData_Clay.mat,Clay,Clay_094,94,nonStim,2,MonoL,-0.454545454545455,0.454545454545455,2,4,6,0.666666666666667
C:\Users\zzhu329\Documents\GitHub\EM-3DMotion\BehaviorFitting\BehaviorData_Clay.mat,Clay,Clay_094,94,nonStim,2,MonoL,-0.363636363636364,0.363636363636364,0,5,5,1
C:\Users\zzhu329\Documents\GitHub\EM-3DMotion\BehaviorFitting\BehaviorData_Clay.mat,Clay,Clay_094,94,nonStim,2,MonoL,-0.181818181818182,0.181818181818182,3,2,5,0.4
C:\Users\zzhu329\Documents\GitHub\EM-3DMotion\BehaviorFitting\BehaviorData_Clay.mat,Clay,Clay_094,94,nonStim,2,MonoL,-0.0909090909090909,0.0909090909090909,0,5,5,1
C:\Users\zzhu329\Documents\GitHub\EM-3DMotion\BehaviorFitting\BehaviorData_Clay.mat,Clay,Clay_094,94,nonStim,2,MonoL,0.0909090909090909,0.0909090909090909,0,0,6,0
C:\Users\zzhu329\Documents\GitHub\EM-3DMotion\BehaviorFitting\BehaviorData_Clay.mat,Clay,Clay_094,94,nonStim,2,MonoL,0.181818181818182,0.181818181818182,2,2,6,0.333333333333333
C:\Users\zzhu329\Documents\GitHub\EM-3DMotion\BehaviorFitting\BehaviorData_Clay.mat,Clay,Clay_094,94,nonStim,2,MonoL,0.363636363636364,0.363636363636364,4,4,6,0.666666666666667
C:\Users\zzhu329\Documents\GitHub\EM-3DMotion\BehaviorFitting\BehaviorData_Clay.mat,Clay,Clay_094,94,nonStim,2,MonoL,0.454545454545455,0.454545454545455,4,4,5,0.8
C:\Users\zzhu329\Documents\GitHub\EM-3DMotion\BehaviorFitting\BehaviorData_Clay.mat,Clay,Clay_094,94,nonStim,2,MonoL,0.636363636363636,0.636363636363636,4,4,5,0.8
C:\Users\zzhu329\Documents\GitHub\EM-3DMotion\BehaviorFitting\BehaviorData_Clay.mat,Clay,Clay_094,94,nonStim,2,MonoL,1,1,6,6,6,1
C:\Users\zzhu329\Documents\GitHub\EM-3DMotion\BehaviorFitting\BehaviorData_Clay.mat,Clay,Clay_094,94,nonStim,3,MonoR,-1,1,0,6,6,1
C:\Users\zzhu329\Documents\GitHub\EM-3DMotion\BehaviorFitting\BehaviorData_Clay.mat,Clay,Clay_094,94,nonStim,3,MonoR,-0.636363636363636,0.636363636363636,0,6,6,1
C:\Users\zzhu329\Documents\GitHub\EM-3DMotion\BehaviorFitting\BehaviorData_Clay.mat,Clay,Clay_094,94,nonStim,3,MonoR,-0.454545454545455,0.454545454545455,0,6,6,1
C:\Users\zzhu329\Documents\GitHub\EM-3DMotion\BehaviorFitting\BehaviorData_Clay.mat,Clay,Clay_094,94,nonStim,3,MonoR,-0.363636363636364,0.363636363636364,0,6,6,1
C:\Users\zzhu329\Documents\GitHub\EM-3DMotion\BehaviorFitting\BehaviorData_Clay.mat,Clay,Clay_094,94,nonStim,3,MonoR,-0.181818181818182,0.181818181818182,1,5,6,0.833333333333333
C:\Users\zzhu329\Documents\GitHub\EM-3DMotion\BehaviorFitting\BehaviorData_Clay.mat,Clay,Clay_094,94,nonStim,3,MonoR,-0.0909090909090909,0.0909090909090909,1,5,6,0.833333333333333
C:\Users\zzhu329\Documents\GitHub\EM-3DMotion\BehaviorFitting\BehaviorData_Clay.mat,Clay,Clay_094,94,nonStim,3,MonoR,0.0909090909090909,0.0909090909090909,3,3,6,0.5
C:\Users\zzhu329\Documents\GitHub\EM-3DMotion\BehaviorFitting\BehaviorData_Clay.mat,Clay,Clay_094,94,nonStim,3,MonoR,0.181818181818182,0.181818181818182,4,4,6,0.666666666666667
C:\Users\zzhu329\Documents\GitHub\EM-3DMotion\BehaviorFitting\BehaviorData_Clay.mat,Clay,Clay_094,94,nonStim,3,MonoR,0.363636363636364,0.363636363636364,6,6,6,1
C:\Users\zzhu329\Documents\GitHub\EM-3DMotion\BehaviorFitting\BehaviorData_Clay.mat,Clay,Clay_094,94,nonStim,3,MonoR,0.454545454545455,0.454545454545455,4,4,5,0.8
C:\Users\zzhu329\Documents\GitHub\EM-3DMotion\BehaviorFitting\BehaviorData_Clay.mat,Clay,Clay_094,94,nonStim,3,MonoR,0.636363636363636,0.636363636363636,6,6,6,1
C:\Users\zzhu329\Documents\GitHub\EM-3DMotion\BehaviorFitting\BehaviorData_Clay.mat,Clay,Clay_094,94,nonStim,3,MonoR,1,1,6,6,6,1
C:\Users\zzhu329\Documents\GitHub\EM-3DMotion\BehaviorFitting\BehaviorData_Clay.mat,Clay,Clay_094,94,nonStim,4,Bino,-1,1,0,6,6,1
C:\Users\zzhu329\Documents\GitHub\EM-3DMotion\BehaviorFitting\BehaviorData_Clay.mat,Clay,Clay_094,94,nonStim,4,Bino,-0.636363636363636,0.636363636363636,0,6,6,1
C:\Users\zzhu329\Documents\GitHub\EM-3DMotion\BehaviorFitting\BehaviorData_Clay.mat,Clay,Clay_094,94,nonStim,4,Bino,-0.454545454545455,0.454545454545455,0,5,5,1
C:\Users\zzhu329\Documents\GitHub\EM-3DMotion\BehaviorFitting\BehaviorData_Clay.mat,Clay,Clay_094,94,nonStim,4,Bino,-0.363636363636364,0.363636363636364,0,6,6,1
C:\Users\zzhu329\Documents\GitHub\EM-3DMotion\BehaviorFitting\BehaviorData_Clay.mat,Clay,Clay_094,94,nonStim,4,Bino,-0.181818181818182,0.181818181818182,0,5,5,1
C:\Users\zzhu329\Documents\GitHub\EM-3DMotion\BehaviorFitting\BehaviorData_Clay.mat,Clay,Clay_094,94,nonStim,4,Bino,-0.0909090909090909,0.0909090909090909,1,5,6,0.833333333333333
C:\Users\zzhu329\Documents\GitHub\EM-3DMotion\BehaviorFitting\BehaviorData_Clay.mat,Clay,Clay_094,94,nonStim,4,Bino,0.0909090909090909,0.0909090909090909,2,2,5,0.4
C:\Users\zzhu329\Documents\GitHub\EM-3DMotion\BehaviorFitting\BehaviorData_Clay.mat,Clay,Clay_094,94,nonStim,4,Bino,0.181818181818182,0.181818181818182,5,5,5,1
C:\Users\zzhu329\Documents\GitHub\EM-3DMotion\BehaviorFitting\BehaviorData_Clay.mat,Clay,Clay_094,94,nonStim,4,Bino,0.363636363636364,0.363636363636364,5,5,6,0.833333333333333
C:\Users\zzhu329\Documents\GitHub\EM-3DMotion\BehaviorFitting\BehaviorData_Clay.mat,Clay,Clay_094,94,nonStim,4,Bino,0.454545454545455,0.454545454545455,4,4,5,0.8
C:\Users\zzhu329\Documents\GitHub\EM-3DMotion\BehaviorFitting\BehaviorData_Clay.mat,Clay,Clay_094,94,nonStim,4,Bino,0.636363636363636,0.636363636363636,5,5,6,0.833333333333333
C:\Users\zzhu329\Documents\GitHub\EM-3DMotion\BehaviorFitting\BehaviorData_Clay.mat,Clay,Clay_094,94,nonStim,4,Bino,1,1,5,5,6,0.833333333333333
C:\Users\zzhu329\Documents\GitHub\EM-3DMotion\BehaviorFitting\BehaviorData_Clay.mat,Clay,Clay_095,95,nonStim,1,Combined,-1,1,0,4,4,1
C:\Users\zzhu329\Documents\GitHub\EM-3DMotion\BehaviorFitting\BehaviorData_Clay.mat,Clay,Clay_095,95,nonStim,1,Combined,-0.636363636363636,0.636363636363636,1,3,4,0.75
C:\Users\zzhu329\Documents\GitHub\EM-3DMotion\BehaviorFitting\BehaviorData_Clay.mat,Clay,Clay_095,95,nonStim,1,Combined,-0.454545454545455,0.454545454545455,1,2,3,0.666666666666667
C:\Users\zzhu329\Documents\GitHub\EM-3DMotion\BehaviorFitting\BehaviorData_Clay.mat,Clay,Clay_095,95,nonStim,1,Combined,-0.363636363636364,0.363636363636364,0,3,3,1
C:\Users\zzhu329\Documents\GitHub\EM-3DMotion\BehaviorFitting\BehaviorData_Clay.mat,Clay,Clay_095,95,nonStim,1,Combined,-0.181818181818182,0.181818181818182,1,4,5,0.8
C:\Users\zzhu329\Documents\GitHub\EM-3DMotion\BehaviorFitting\BehaviorData_Clay.mat,Clay,Clay_095,95,nonStim,1,Combined,-0.0909090909090909,0.0909090909090909,0,5,5,1
C:\Users\zzhu329\Documents\GitHub\EM-3DMotion\BehaviorFitting\BehaviorData_Clay.mat,Clay,Clay_095,95,nonStim,1,Combined,0.0909090909090909,0.0909090909090909,5,5,5,1
C:\Users\zzhu329\Documents\GitHub\EM-3DMotion\BehaviorFitting\BehaviorData_Clay.mat,Clay,Clay_095,95,nonStim,1,Combined,0.181818181818182,0.181818181818182,3,3,3,1
C:\Users\zzhu329\Documents\GitHub\EM-3DMotion\BehaviorFitting\BehaviorData_Clay.mat,Clay,Clay_095,95,nonStim,1,Combined,0.363636363636364,0.363636363636364,4,4,4,1
C:\Users\zzhu329\Documents\GitHub\EM-3DMotion\BehaviorFitting\BehaviorData_Clay.mat,Clay,Clay_095,95,nonStim,1,Combined,0.454545454545455,0.454545454545455,4,4,4,1
C:\Users\zzhu329\Documents\GitHub\EM-3DMotion\BehaviorFitting\BehaviorData_Clay.mat,Clay,Clay_095,95,nonStim,1,Combined,0.636363636363636,0.636363636363636,4,4,4,1
C:\Users\zzhu329\Documents\GitHub\EM-3DMotion\BehaviorFitting\BehaviorData_Clay.mat,Clay,Clay_095,95,nonStim,1,Combined,1,1,4,4,4,1
C:\Users\zzhu329\Documents\GitHub\EM-3DMotion\BehaviorFitting\BehaviorData_Clay.mat,Clay,Clay_095,95,nonStim,2,MonoL,-1,1,0,6,6,1
C:\Users\zzhu329\Documents\GitHub\EM-3DMotion\BehaviorFitting\BehaviorData_Clay.mat,Clay,Clay_095,95,nonStim,2,MonoL,-0.636363636363636,0.636363636363636,1,4,5,0.8
C:\Users\zzhu329\Documents\GitHub\EM-3DMotion\BehaviorFitting\BehaviorData_Clay.mat,Clay,Clay_095,95,nonStim,2,MonoL,-0.454545454545455,0.454545454545455,0,4,4,1
C:\Users\zzhu329\Documents\GitHub\EM-3DMotion\BehaviorFitting\BehaviorData_Clay.mat,Clay,Clay_095,95,nonStim,2,MonoL,-0.363636363636364,0.363636363636364,0,3,3,1
C:\Users\zzhu329\Documents\GitHub\EM-3DMotion\BehaviorFitting\BehaviorData_Clay.mat,Clay,Clay_095,95,nonStim,2,MonoL,-0.181818181818182,0.181818181818182,1,3,4,0.75
C:\Users\zzhu329\Documents\GitHub\EM-3DMotion\BehaviorFitting\BehaviorData_Clay.mat,Clay,Clay_095,95,nonStim,2,MonoL,-0.0909090909090909,0.0909090909090909,2,4,6,0.666666666666667
C:\Users\zzhu329\Documents\GitHub\EM-3DMotion\BehaviorFitting\BehaviorData_Clay.mat,Clay,Clay_095,95,nonStim,2,MonoL,0.0909090909090909,0.0909090909090909,1,1,5,0.2
C:\Users\zzhu329\Documents\GitHub\EM-3DMotion\BehaviorFitting\BehaviorData_Clay.mat,Clay,Clay_095,95,nonStim,2,MonoL,0.181818181818182,0.181818181818182,4,4,6,0.666666666666667
C:\Users\zzhu329\Documents\GitHub\EM-3DMotion\BehaviorFitting\BehaviorData_Clay.mat,Clay,Clay_095,95,nonStim,2,MonoL,0.363636363636364,0.363636363636364,2,2,4,0.5
C:\Users\zzhu329\Documents\GitHub\EM-3DMotion\BehaviorFitting\BehaviorData_Clay.mat,Clay,Clay_095,95,nonStim,2,MonoL,0.454545454545455,0.454545454545455,3,3,4,0.75
C:\Users\zzhu329\Documents\GitHub\EM-3DMotion\BehaviorFitting\BehaviorData_Clay.mat,Clay,Clay_095,95,nonStim,2,MonoL,0.636363636363636,0.636363636363636,6,6,6,1
C:\Users\zzhu329\Documents\GitHub\EM-3DMotion\BehaviorFitting\BehaviorData_Clay.mat,Clay,Clay_095,95,nonStim,2,MonoL,1,1,2,2,3,0.666666666666667
C:\Users\zzhu329\Documents\GitHub\EM-3DMotion\BehaviorFitting\BehaviorData_Clay.mat,Clay,Clay_095,95,nonStim,3,MonoR,-1,1,0,5,5,1
C:\Users\zzhu329\Documents\GitHub\EM-3DMotion\BehaviorFitting\BehaviorData_Clay.mat,Clay,Clay_095,95,nonStim,3,MonoR,-0.636363636363636,0.636363636363636,0,5,5,1
C:\Users\zzhu329\Documents\GitHub\EM-3DMotion\BehaviorFitting\BehaviorData_Clay.mat,Clay,Clay_095,95,nonStim,3,MonoR,-0.454545454545455,0.454545454545455,0,5,5,1
C:\Users\zzhu329\Documents\GitHub\EM-3DMotion\BehaviorFitting\BehaviorData_Clay.mat,Clay,Clay_095,95,nonStim,3,MonoR,-0.363636363636364,0.363636363636364,3,3,6,0.5
C:\Users\zzhu329\Documents\GitHub\EM-3DMotion\BehaviorFitting\BehaviorData_Clay.mat,Clay,Clay_095,95,nonStim,3,MonoR,-0.181818181818182,0.181818181818182,1,5,6,0.833333333333333
C:\Users\zzhu329\Documents\GitHub\EM-3DMotion\BehaviorFitting\BehaviorData_Clay.mat,Clay,Clay_095,95,nonStim,3,MonoR,-0.0909090909090909,0.0909090909090909,1,4,5,0.8
C:\Users\zzhu329\Documents\GitHub\EM-3DMotion\BehaviorFitting\BehaviorData_Clay.mat,Clay,Clay_095,95,nonStim,3,MonoR,0.0909090909090909,0.0909090909090909,5,5,6,0.833333333333333
C:\Users\zzhu329\Documents\GitHub\EM-3DMotion\BehaviorFitting\BehaviorData_Clay.mat,Clay,Clay_095,95,nonStim,3,MonoR,0.181818181818182,0.181818181818182,4,4,5,0.8
C:\Users\zzhu329\Documents\GitHub\EM-3DMotion\BehaviorFitting\BehaviorData_Clay.mat,Clay,Clay_095,95,nonStim,3,MonoR,0.363636363636364,0.363636363636364,5,5,5,1
C:\Users\zzhu329\Documents\GitHub\EM-3DMotion\BehaviorFitting\BehaviorData_Clay.mat,Clay,Clay_095,95,nonStim,3,MonoR,0.454545454545455,0.454545454545455,4,4,4,1
C:\Users\zzhu329\Documents\GitHub\EM-3DMotion\BehaviorFitting\BehaviorData_Clay.mat,Clay,Clay_095,95,nonStim,3,MonoR,0.636363636363636,0.636363636363636,5,5,5,1
C:\Users\zzhu329\Documents\GitHub\EM-3DMotion\BehaviorFitting\BehaviorData_Clay.mat,Clay,Clay_095,95,nonStim,3,MonoR,1,1,6,6,6,1
C:\Users\zzhu329\Documents\GitHub\EM-3DMotion\BehaviorFitting\BehaviorData_Clay.mat,Clay,Clay_095,95,nonStim,4,Bino,-1,1,0,4,4,1
C:\Users\zzhu329\Documents\GitHub\EM-3DMotion\BehaviorFitting\BehaviorData_Clay.mat,Clay,Clay_095,95,nonStim,4,Bino,-0.636363636363636,0.636363636363636,0,5,5,1
C:\Users\zzhu329\Documents\GitHub\EM-3DMotion\BehaviorFitting\BehaviorData_Clay.mat,Clay,Clay_095,95,nonStim,4,Bino,-0.454545454545455,0.454545454545455,2,3,5,0.6
C:\Users\zzhu329\Documents\GitHub\EM-3DMotion\BehaviorFitting\BehaviorData_Clay.mat,Clay,Clay_095,95,nonStim,4,Bino,-0.363636363636364,0.363636363636364,0,5,5,1
C:\Users\zzhu329\Documents\GitHub\EM-3DMotion\BehaviorFitting\BehaviorData_Clay.mat,Clay,Clay_095,95,nonStim,4,Bino,-0.181818181818182,0.181818181818182,0,3,3,1
C:\Users\zzhu329\Documents\GitHub\EM-3DMotion\BehaviorFitting\BehaviorData_Clay.mat,Clay,Clay_095,95,nonStim,4,Bino,-0.0909090909090909,0.0909090909090909,1,3,4,0.75
C:\Users\zzhu329\Documents\GitHub\EM-3DMotion\BehaviorFitting\BehaviorData_Clay.mat,Clay,Clay_095,95,nonStim,4,Bino,0.0909090909090909,0.0909090909090909,3,3,6,0.5
C:\Users\zzhu329\Documents\GitHub\EM-3DMotion\BehaviorFitting\BehaviorData_Clay.mat,Clay,Clay_095,95,nonStim,4,Bino,0.181818181818182,0.181818181818182,2,2,3,0.666666666666667
C:\Users\zzhu329\Documents\GitHub\EM-3DMotion\BehaviorFitting\BehaviorData_Clay.mat,Clay,Clay_095,95,nonStim,4,Bino,0.363636363636364,0.363636363636364,3,3,5,0.6
C:\Users\zzhu329\Documents\GitHub\EM-3DMotion\BehaviorFitting\BehaviorData_Clay.mat,Clay,Clay_095,95,nonStim,4,Bino,0.454545454545455,0.454545454545455,5,5,5,1
C:\Users\zzhu329\Documents\GitHub\EM-3DMotion\BehaviorFitting\BehaviorData_Clay.mat,Clay,Clay_095,95,nonStim,4,Bino,0.636363636363636,0.636363636363636,3,3,4,0.75
C:\Users\zzhu329\Documents\GitHub\EM-3DMotion\BehaviorFitting\BehaviorData_Clay.mat,Clay,Clay_095,95,nonStim,4,Bino,1,1,6,6,6,1
C:\Users\zzhu329\Documents\GitHub\EM-3DMotion\BehaviorFitting\BehaviorData_Clay.mat,Clay,Clay_096,96,nonStim,1,Combined,-1,1,0,8,8,1
C:\Users\zzhu329\Documents\GitHub\EM-3DMotion\BehaviorFitting\BehaviorData_Clay.mat,Clay,Clay_096,96,nonStim,1,Combined,-0.636363636363636,0.636363636363636,1,7,8,0.875
C:\Users\zzhu329\Documents\GitHub\EM-3DMotion\BehaviorFitting\BehaviorData_Clay.mat,Clay,Clay_096,96,nonStim,1,Combined,-0.454545454545455,0.454545454545455,2,6,8,0.75
C:\Users\zzhu329\Documents\GitHub\EM-3DMotion\BehaviorFitting\BehaviorData_Clay.mat,Clay,Clay_096,96,nonStim,1,Combined,-0.363636363636364,0.363636363636364,1,7,8,0.875
C:\Users\zzhu329\Documents\GitHub\EM-3DMotion\BehaviorFitting\BehaviorData_Clay.mat,Clay,Clay_096,96,nonStim,1,Combined,-0.181818181818182,0.181818181818182,2,6,8,0.75
C:\Users\zzhu329\Documents\GitHub\EM-3DMotion\BehaviorFitting\BehaviorData_Clay.mat,Clay,Clay_096,96,nonStim,1,Combined,-0.0909090909090909,0.0909090909090909,6,2,8,0.25
C:\Users\zzhu329\Documents\GitHub\EM-3DMotion\BehaviorFitting\BehaviorData_Clay.mat,Clay,Clay_096,96,nonStim,1,Combined,0.0909090909090909,0.0909090909090909,8,8,8,1
C:\Users\zzhu329\Documents\GitHub\EM-3DMotion\BehaviorFitting\BehaviorData_Clay.mat,Clay,Clay_096,96,nonStim,1,Combined,0.181818181818182,0.181818181818182,8,8,8,1
C:\Users\zzhu329\Documents\GitHub\EM-3DMotion\BehaviorFitting\BehaviorData_Clay.mat,Clay,Clay_096,96,nonStim,1,Combined,0.363636363636364,0.363636363636364,8,8,8,1
C:\Users\zzhu329\Documents\GitHub\EM-3DMotion\BehaviorFitting\BehaviorData_Clay.mat,Clay,Clay_096,96,nonStim,1,Combined,0.454545454545455,0.454545454545455,8,8,8,1
C:\Users\zzhu329\Documents\GitHub\EM-3DMotion\BehaviorFitting\BehaviorData_Clay.mat,Clay,Clay_096,96,nonStim,1,Combined,0.636363636363636,0.636363636363636,8,8,8,1
C:\Users\zzhu329\Documents\GitHub\EM-3DMotion\BehaviorFitting\BehaviorData_Clay.mat,Clay,Clay_096,96,nonStim,1,Combined,1,1,7,7,7,1
C:\Users\zzhu329\Documents\GitHub\EM-3DMotion\BehaviorFitting\BehaviorData_Clay.mat,Clay,Clay_096,96,nonStim,2,MonoL,-1,1,1,6,7,0.857142857142857
C:\Users\zzhu329\Documents\GitHub\EM-3DMotion\BehaviorFitting\BehaviorData_Clay.mat,Clay,Clay_096,96,nonStim,2,MonoL,-0.636363636363636,0.636363636363636,3,5,8,0.625
C:\Users\zzhu329\Documents\GitHub\EM-3DMotion\BehaviorFitting\BehaviorData_Clay.mat,Clay,Clay_096,96,nonStim,2,MonoL,-0.454545454545455,0.454545454545455,4,4,8,0.5
C:\Users\zzhu329\Documents\GitHub\EM-3DMotion\BehaviorFitting\BehaviorData_Clay.mat,Clay,Clay_096,96,nonStim,2,MonoL,-0.363636363636364,0.363636363636364,5,3,8,0.375
C:\Users\zzhu329\Documents\GitHub\EM-3DMotion\BehaviorFitting\BehaviorData_Clay.mat,Clay,Clay_096,96,nonStim,2,MonoL,-0.181818181818182,0.181818181818182,5,2,7,0.285714285714286
C:\Users\zzhu329\Documents\GitHub\EM-3DMotion\BehaviorFitting\BehaviorData_Clay.mat,Clay,Clay_096,96,nonStim,2,MonoL,-0.0909090909090909,0.0909090909090909,5,3,8,0.375
C:\Users\zzhu329\Documents\GitHub\EM-3DMotion\BehaviorFitting\BehaviorData_Clay.mat,Clay,Clay_096,96,nonStim,2,MonoL,0.0909090909090909,0.0909090909090909,4,4,8,0.5
C:\Users\zzhu329\Documents\GitHub\EM-3DMotion\BehaviorFitting\BehaviorData_Clay.mat,Clay,Clay_096,96,nonStim,2,MonoL,0.181818181818182,0.181818181818182,6,6,8,0.75
C:\Users\zzhu329\Documents\GitHub\EM-3DMotion\BehaviorFitting\BehaviorData_Clay.mat,Clay,Clay_096,96,nonStim,2,MonoL,0.363636363636364,0.363636363636364,7,7,8,0.875
C:\Users\zzhu329\Documents\GitHub\EM-3DMotion\BehaviorFitting\BehaviorData_Clay.mat,Clay,Clay_096,96,nonStim,2,MonoL,0.454545454545455,0.454545454545455,4,4,7,0.571428571428571
C:\Users\zzhu329\Documents\GitHub\EM-3DMotion\BehaviorFitting\BehaviorData_Clay.mat,Clay,Clay_096,96,nonStim,2,MonoL,0.636363636363636,0.636363636363636,8,8,8,1
C:\Users\zzhu329\Documents\GitHub\EM-3DMotion\BehaviorFitting\BehaviorData_Clay.mat,Clay,Clay_096,96,nonStim,2,MonoL,1,1,8,8,8,1
C:\Users\zzhu329\Documents\GitHub\EM-3DMotion\BehaviorFitting\BehaviorData_Clay.mat,Clay,Clay_096,96,nonStim,3,MonoR,-1,1,3,5,8,0.625
C:\Users\zzhu329\Documents\GitHub\EM-3DMotion\BehaviorFitting\BehaviorData_Clay.mat,Clay,Clay_096,96,nonStim,3,MonoR,-0.636363636363636,0.636363636363636,2,6,8,0.75
C:\Users\zzhu329\Documents\GitHub\EM-3DMotion\BehaviorFitting\BehaviorData_Clay.mat,Clay,Clay_096,96,nonStim,3,MonoR,-0.454545454545455,0.454545454545455,3,5,8,0.625
C:\Users\zzhu329\Documents\GitHub\EM-3DMotion\BehaviorFitting\BehaviorData_Clay.mat,Clay,Clay_096,96,nonStim,3,MonoR,-0.363636363636364,0.363636363636364,0,8,8,1
C:\Users\zzhu329\Documents\GitHub\EM-3DMotion\BehaviorFitting\BehaviorData_Clay.mat,Clay,Clay_096,96,nonStim,3,MonoR,-0.181818181818182,0.181818181818182,2,5,7,0.714285714285714
C:\Users\zzhu329\Documents\GitHub\EM-3DMotion\BehaviorFitting\BehaviorData_Clay.mat,Clay,Clay_096,96,nonStim,3,MonoR,-0.0909090909090909,0.0909090909090909,3,5,8,0.625
C:\Users\zzhu329\Documents\GitHub\EM-3DMotion\BehaviorFitting\BehaviorData_Clay.mat,Clay,Clay_096,96,nonStim,3,MonoR,0.0909090909090909,0.0909090909090909,6,6,8,0.75
C:\Users\zzhu329\Documents\GitHub\EM-3DMotion\BehaviorFitting\BehaviorData_Clay.mat,Clay,Clay_096,96,nonStim,3,MonoR,0.181818181818182,0.181818181818182,5,5,8,0.625
C:\Users\zzhu329\Documents\GitHub\EM-3DMotion\BehaviorFitting\BehaviorData_Clay.mat,Clay,Clay_096,96,nonStim,3,MonoR,0.363636363636364,0.363636363636364,7,7,7,1
C:\Users\zzhu329\Documents\GitHub\EM-3DMotion\BehaviorFitting\BehaviorData_Clay.mat,Clay,Clay_096,96,nonStim,3,MonoR,0.454545454545455,0.454545454545455,8,8,8,1
C:\Users\zzhu329\Documents\GitHub\EM-3DMotion\BehaviorFitting\BehaviorData_Clay.mat,Clay,Clay_096,96,nonStim,3,MonoR,0.636363636363636,0.636363636363636,8,8,8,1
C:\Users\zzhu329\Documents\GitHub\EM-3DMotion\BehaviorFitting\BehaviorData_Clay.mat,Clay,Clay_096,96,nonStim,3,MonoR,1,1,8,8,8,1
C:\Users\zzhu329\Documents\GitHub\EM-3DMotion\BehaviorFitting\BehaviorData_Clay.mat,Clay,Clay_096,96,nonStim,4,Bino,-1,1,0,8,8,1
C:\Users\zzhu329\Documents\GitHub\EM-3DMotion\BehaviorFitting\BehaviorData_Clay.mat,Clay,Clay_096,96,nonStim,4,Bino,-0.636363636363636,0.636363636363636,1,7,8,0.875
C:\Users\zzhu329\Documents\GitHub\EM-3DMotion\BehaviorFitting\BehaviorData_Clay.mat,Clay,Clay_096,96,nonStim,4,Bino,-0.454545454545455,0.454545454545455,2,6,8,0.75
C:\Users\zzhu329\Documents\GitHub\EM-3DMotion\BehaviorFitting\BehaviorData_Clay.mat,Clay,Clay_096,96,nonStim,4,Bino,-0.363636363636364,0.363636363636364,2,6,8,0.75
C:\Users\zzhu329\Documents\GitHub\EM-3DMotion\BehaviorFitting\BehaviorData_Clay.mat,Clay,Clay_096,96,nonStim,4,Bino,-0.181818181818182,0.181818181818182,2,5,7,0.714285714285714
C:\Users\zzhu329\Documents\GitHub\EM-3DMotion\BehaviorFitting\BehaviorData_Clay.mat,Clay,Clay_096,96,nonStim,4,Bino,-0.0909090909090909,0.0909090909090909,2,6,8,0.75
C:\Users\zzhu329\Documents\GitHub\EM-3DMotion\BehaviorFitting\BehaviorData_Clay.mat,Clay,Clay_096,96,nonStim,4,Bino,0.0909090909090909,0.0909090909090909,3,3,8,0.375
C:\Users\zzhu329\Documents\GitHub\EM-3DMotion\BehaviorFitting\BehaviorData_Clay.mat,Clay,Clay_096,96,nonStim,4,Bino,0.181818181818182,0.181818181818182,7,7,8,0.875
C:\Users\zzhu329\Documents\GitHub\EM-3DMotion\BehaviorFitting\BehaviorData_Clay.mat,Clay,Clay_096,96,nonStim,4,Bino,0.363636363636364,0.363636363636364,5,5,7,0.714285714285714
C:\Users\zzhu329\Documents\GitHub\EM-3DMotion\BehaviorFitting\BehaviorData_Clay.mat,Clay,Clay_096,96,nonStim,4,Bino,0.454545454545455,0.454545454545455,8,8,8,1
C:\Users\zzhu329\Documents\GitHub\EM-3DMotion\BehaviorFitting\BehaviorData_Clay.mat,Clay,Clay_096,96,nonStim,4,Bino,0.636363636363636,0.636363636363636,6,6,8,0.75
C:\Users\zzhu329\Documents\GitHub\EM-3DMotion\BehaviorFitting\BehaviorData_Clay.mat,Clay,Clay_096,96,nonStim,4,Bino,1,1,6,6,7,0.857142857142857
C:\Users\zzhu329\Documents\GitHub\EM-3DMotion\BehaviorFitting\BehaviorData_Clay.mat,Clay,Clay_097,97,nonStim,1,Combined,-1,1,0,10,10,1
C:\Users\zzhu329\Documents\GitHub\EM-3DMotion\BehaviorFitting\BehaviorData_Clay.mat,Clay,Clay_097,97,nonStim,1,Combined,-0.636363636363636,0.636363636363636,0,10,10,1
C:\Users\zzhu329\Documents\GitHub\EM-3DMotion\BehaviorFitting\BehaviorData_Clay.mat,Clay,Clay_097,97,nonStim,1,Combined,-0.454545454545455,0.454545454545455,0,10,10,1
C:\Users\zzhu329\Documents\GitHub\EM-3DMotion\BehaviorFitting\BehaviorData_Clay.mat,Clay,Clay_097,97,nonStim,1,Combined,-0.363636363636364,0.363636363636364,1,9,10,0.9
C:\Users\zzhu329\Documents\GitHub\EM-3DMotion\BehaviorFitting\BehaviorData_Clay.mat,Clay,Clay_097,97,nonStim,1,Combined,-0.181818181818182,0.181818181818182,5,5,10,0.5
C:\Users\zzhu329\Documents\GitHub\EM-3DMotion\BehaviorFitting\BehaviorData_Clay.mat,Clay,Clay_097,97,nonStim,1,Combined,-0.0909090909090909,0.0909090909090909,7,3,10,0.3
C:\Users\zzhu329\Documents\GitHub\EM-3DMotion\BehaviorFitting\BehaviorData_Clay.mat,Clay,Clay_097,97,nonStim,1,Combined,0.0909090909090909,0.0909090909090909,9,9,10,0.9
C:\Users\zzhu329\Documents\GitHub\EM-3DMotion\BehaviorFitting\BehaviorData_Clay.mat,Clay,Clay_097,97,nonStim,1,Combined,0.181818181818182,0.181818181818182,10,10,10,1
C:\Users\zzhu329\Documents\GitHub\EM-3DMotion\BehaviorFitting\BehaviorData_Clay.mat,Clay,Clay_097,97,nonStim,1,Combined,0.363636363636364,0.363636363636364,10,10,10,1
C:\Users\zzhu329\Documents\GitHub\EM-3DMotion\BehaviorFitting\BehaviorData_Clay.mat,Clay,Clay_097,97,nonStim,1,Combined,0.454545454545455,0.454545454545455,10,10,10,1
C:\Users\zzhu329\Documents\GitHub\EM-3DMotion\BehaviorFitting\BehaviorData_Clay.mat,Clay,Clay_097,97,nonStim,1,Combined,0.636363636363636,0.636363636363636,10,10,10,1
C:\Users\zzhu329\Documents\GitHub\EM-3DMotion\BehaviorFitting\BehaviorData_Clay.mat,Clay,Clay_097,97,nonStim,1,Combined,1,1,10,10,10,1
C:\Users\zzhu329\Documents\GitHub\EM-3DMotion\BehaviorFitting\BehaviorData_Clay.mat,Clay,Clay_097,97,nonStim,2,MonoL,-1,1,2,8,10,0.8
C:\Users\zzhu329\Documents\GitHub\EM-3DMotion\BehaviorFitting\BehaviorData_Clay.mat,Clay,Clay_097,97,nonStim,2,MonoL,-0.636363636363636,0.636363636363636,5,5,10,0.5
C:\Users\zzhu329\Documents\GitHub\EM-3DMotion\BehaviorFitting\BehaviorData_Clay.mat,Clay,Clay_097,97,nonStim,2,MonoL,-0.454545454545455,0.454545454545455,6,4,10,0.4
C:\Users\zzhu329\Documents\GitHub\EM-3DMotion\BehaviorFitting\BehaviorData_Clay.mat,Clay,Clay_097,97,nonStim,2,MonoL,-0.363636363636364,0.363636363636364,3,7,10,0.7
C:\Users\zzhu329\Documents\GitHub\EM-3DMotion\BehaviorFitting\BehaviorData_Clay.mat,Clay,Clay_097,97,nonStim,2,MonoL,-0.181818181818182,0.181818181818182,4,6,10,0.6
C:\Users\zzhu329\Documents\GitHub\EM-3DMotion\BehaviorFitting\BehaviorData_Clay.mat,Clay,Clay_097,97,nonStim,2,MonoL,-0.0909090909090909,0.0909090909090909,7,3,10,0.3
C:\Users\zzhu329\Documents\GitHub\EM-3DMotion\BehaviorFitting\BehaviorData_Clay.mat,Clay,Clay_097,97,nonStim,2,MonoL,0.0909090909090909,0.0909090909090909,9,9,10,0.9
C:\Users\zzhu329\Documents\GitHub\EM-3DMotion\BehaviorFitting\BehaviorData_Clay.mat,Clay,Clay_097,97,nonStim,2,MonoL,0.181818181818182,0.181818181818182,3,3,10,0.3
C:\Users\zzhu329\Documents\GitHub\EM-3DMotion\BehaviorFitting\BehaviorData_Clay.mat,Clay,Clay_097,97,nonStim,2,MonoL,0.363636363636364,0.363636363636364,9,9,11,0.818181818181818
C:\Users\zzhu329\Documents\GitHub\EM-3DMotion\BehaviorFitting\BehaviorData_Clay.mat,Clay,Clay_097,97,nonStim,2,MonoL,0.454545454545455,0.454545454545455,7,7,10,0.7
C:\Users\zzhu329\Documents\GitHub\EM-3DMotion\BehaviorFitting\BehaviorData_Clay.mat,Clay,Clay_097,97,nonStim,2,MonoL,0.636363636363636,0.636363636363636,8,8,10,0.8
C:\Users\zzhu329\Documents\GitHub\EM-3DMotion\BehaviorFitting\BehaviorData_Clay.mat,Clay,Clay_097,97,nonStim,2,MonoL,1,1,10,10,10,1
C:\Users\zzhu329\Documents\GitHub\EM-3DMotion\BehaviorFitting\BehaviorData_Clay.mat,Clay,Clay_097,97,nonStim,3,MonoR,-1,1,3,7,10,0.7
C:\Users\zzhu329\Documents\GitHub\EM-3DMotion\BehaviorFitting\BehaviorData_Clay.mat,Clay,Clay_097,97,nonStim,3,MonoR,-0.636363636363636,0.636363636363636,2,8,10,0.8
C:\Users\zzhu329\Documents\GitHub\EM-3DMotion\BehaviorFitting\BehaviorData_Clay.mat,Clay,Clay_097,97,nonStim,3,MonoR,-0.454545454545455,0.454545454545455,5,5,10,0.5
C:\Users\zzhu329\Documents\GitHub\EM-3DMotion\BehaviorFitting\BehaviorData_Clay.mat,Clay,Clay_097,97,nonStim,3,MonoR,-0.363636363636364,0.363636363636364,3,7,10,0.7
C:\Users\zzhu329\Documents\GitHub\EM-3DMotion\BehaviorFitting\BehaviorData_Clay.mat,Clay,Clay_097,97,nonStim,3,MonoR,-0.181818181818182,0.181818181818182,5,5,10,0.5
C:\Users\zzhu329\Documents\GitHub\EM-3DMotion\BehaviorFitting\BehaviorData_Clay.mat,Clay,Clay_097,97,nonStim,3,MonoR,-0.0909090909090909,0.0909090909090909,4,6,10,0.6
C:\Users\zzhu329\Documents\GitHub\EM-3DMotion\BehaviorFitting\BehaviorData_Clay.mat,Clay,Clay_097,97,nonStim,3,MonoR,0.0909090909090909,0.0909090909090909,7,7,10,0.7
C:\Users\zzhu329\Documents\GitHub\EM-3DMotion\BehaviorFitting\BehaviorData_Clay.mat,Clay,Clay_097,97,nonStim,3,MonoR,0.181818181818182,0.181818181818182,7,7,10,0.7
C:\Users\zzhu329\Documents\GitHub\EM-3DMotion\BehaviorFitting\BehaviorData_Clay.mat,Clay,Clay_097,97,nonStim,3,MonoR,0.363636363636364,0.363636363636364,9,9,10,0.9
C:\Users\zzhu329\Documents\GitHub\EM-3DMotion\BehaviorFitting\BehaviorData_Clay.mat,Clay,Clay_097,97,nonStim,3,MonoR,0.454545454545455,0.454545454545455,10,10,10,1
C:\Users\zzhu329\Documents\GitHub\EM-3DMotion\BehaviorFitting\BehaviorData_Clay.mat,Clay,Clay_097,97,nonStim,3,MonoR,0.636363636363636,0.636363636363636,9,9,10,0.9
C:\Users\zzhu329\Documents\GitHub\EM-3DMotion\BehaviorFitting\BehaviorData_Clay.mat,Clay,Clay_097,97,nonStim,3,MonoR,1,1,10,10,10,1
C:\Users\zzhu329\Documents\GitHub\EM-3DMotion\BehaviorFitting\BehaviorData_Clay.mat,Clay,Clay_097,97,nonStim,4,Bino,-1,1,3,7,10,0.7
C:\Users\zzhu329\Documents\GitHub\EM-3DMotion\BehaviorFitting\BehaviorData_Clay.mat,Clay,Clay_097,97,nonStim,4,Bino,-0.636363636363636,0.636363636363636,3,7,10,0.7
C:\Users\zzhu329\Documents\GitHub\EM-3DMotion\BehaviorFitting\BehaviorData_Clay.mat,Clay,Clay_097,97,nonStim,4,Bino,-0.454545454545455,0.454545454545455,4,6,10,0.6
C:\Users\zzhu329\Documents\GitHub\EM-3DMotion\BehaviorFitting\BehaviorData_Clay.mat,Clay,Clay_097,97,nonStim,4,Bino,-0.363636363636364,0.363636363636364,4,6,10,0.6
C:\Users\zzhu329\Documents\GitHub\EM-3DMotion\BehaviorFitting\BehaviorData_Clay.mat,Clay,Clay_097,97,nonStim,4,Bino,-0.181818181818182,0.181818181818182,5,5,10,0.5
C:\Users\zzhu329\Documents\GitHub\EM-3DMotion\BehaviorFitting\BehaviorData_Clay.mat,Clay,Clay_097,97,nonStim,4,Bino,-0.0909090909090909,0.0909090909090909,7,3,10,0.3
C:\Users\zzhu329\Documents\GitHub\EM-3DMotion\BehaviorFitting\BehaviorData_Clay.mat,Clay,Clay_097,97,nonStim,4,Bino,0.0909090909090909,0.0909090909090909,6,6,10,0.6
C:\Users\zzhu329\Documents\GitHub\EM-3DMotion\BehaviorFitting\BehaviorData_Clay.mat,Clay,Clay_097,97,nonStim,4,Bino,0.181818181818182,0.181818181818182,7,7,10,0.7
C:\Users\zzhu329\Documents\GitHub\EM-3DMotion\BehaviorFitting\BehaviorData_Clay.mat,Clay,Clay_097,97,nonStim,4,Bino,0.363636363636364,0.363636363636364,8,8,10,0.8
C:\Users\zzhu329\Documents\GitHub\EM-3DMotion\BehaviorFitting\BehaviorData_Clay.mat,Clay,Clay_097,97,nonStim,4,Bino,0.454545454545455,0.454545454545455,9,9,10,0.9
C:\Users\zzhu329\Documents\GitHub\EM-3DMotion\BehaviorFitting\BehaviorData_Clay.mat,Clay,Clay_097,97,nonStim,4,Bino,0.636363636363636,0.636363636363636,7,7,10,0.7
C:\Users\zzhu329\Documents\GitHub\EM-3DMotion\BehaviorFitting\BehaviorData_Clay.mat,Clay,Clay_097,97,nonStim,4,Bino,1,1,10,10,10,1
C:\Users\zzhu329\Documents\GitHub\EM-3DMotion\BehaviorFitting\BehaviorData_Clay.mat,Clay,Clay_098,98,nonStim,1,Combined,-1,1,0,11,11,1
C:\Users\zzhu329\Documents\GitHub\EM-3DMotion\BehaviorFitting\BehaviorData_Clay.mat,Clay,Clay_098,98,nonStim,1,Combined,-0.636363636363636,0.636363636363636,0,12,12,1
C:\Users\zzhu329\Documents\GitHub\EM-3DMotion\BehaviorFitting\BehaviorData_Clay.mat,Clay,Clay_098,98,nonStim,1,Combined,-0.454545454545455,0.454545454545455,0,12,12,1
C:\Users\zzhu329\Documents\GitHub\EM-3DMotion\BehaviorFitting\BehaviorData_Clay.mat,Clay,Clay_098,98,nonStim,1,Combined,-0.363636363636364,0.363636363636364,1,10,11,0.909090909090909
C:\Users\zzhu329\Documents\GitHub\EM-3DMotion\BehaviorFitting\BehaviorData_Clay.mat,Clay,Clay_098,98,nonStim,1,Combined,-0.181818181818182,0.181818181818182,2,9,11,0.818181818181818
C:\Users\zzhu329\Documents\GitHub\EM-3DMotion\BehaviorFitting\BehaviorData_Clay.mat,Clay,Clay_098,98,nonStim,1,Combined,-0.0909090909090909,0.0909090909090909,6,6,12,0.5
C:\Users\zzhu329\Documents\GitHub\EM-3DMotion\BehaviorFitting\BehaviorData_Clay.mat,Clay,Clay_098,98,nonStim,1,Combined,0.0909090909090909,0.0909090909090909,11,11,11,1
C:\Users\zzhu329\Documents\GitHub\EM-3DMotion\BehaviorFitting\BehaviorData_Clay.mat,Clay,Clay_098,98,nonStim,1,Combined,0.181818181818182,0.181818181818182,11,11,11,1
C:\Users\zzhu329\Documents\GitHub\EM-3DMotion\BehaviorFitting\BehaviorData_Clay.mat,Clay,Clay_098,98,nonStim,1,Combined,0.363636363636364,0.363636363636364,11,11,11,1
C:\Users\zzhu329\Documents\GitHub\EM-3DMotion\BehaviorFitting\BehaviorData_Clay.mat,Clay,Clay_098,98,nonStim,1,Combined,0.454545454545455,0.454545454545455,12,12,12,1
C:\Users\zzhu329\Documents\GitHub\EM-3DMotion\BehaviorFitting\BehaviorData_Clay.mat,Clay,Clay_098,98,nonStim,1,Combined,0.636363636363636,0.636363636363636,11,11,11,1
C:\Users\zzhu329\Documents\GitHub\EM-3DMotion\BehaviorFitting\BehaviorData_Clay.mat,Clay,Clay_098,98,nonStim,1,Combined,1,1,12,12,12,1
C:\Users\zzhu329\Documents\GitHub\EM-3DMotion\BehaviorFitting\BehaviorData_Clay.mat,Clay,Clay_098,98,nonStim,2,MonoL,-1,1,1,11,12,0.916666666666667
C:\Users\zzhu329\Documents\GitHub\EM-3DMotion\BehaviorFitting\BehaviorData_Clay.mat,Clay,Clay_098,98,nonStim,2,MonoL,-0.636363636363636,0.636363636363636,0,12,12,1
C:\Users\zzhu329\Documents\GitHub\EM-3DMotion\BehaviorFitting\BehaviorData_Clay.mat,Clay,Clay_098,98,nonStim,2,MonoL,-0.454545454545455,0.454545454545455,2,9,11,0.818181818181818
C:\Users\zzhu329\Documents\GitHub\EM-3DMotion\BehaviorFitting\BehaviorData_Clay.mat,Clay,Clay_098,98,nonStim,2,MonoL,-0.363636363636364,0.363636363636364,2,10,12,0.833333333333333
C:\Users\zzhu329\Documents\GitHub\EM-3DMotion\BehaviorFitting\BehaviorData_Clay.mat,Clay,Clay_098,98,nonStim,2,MonoL,-0.181818181818182,0.181818181818182,3,8,11,0.727272727272727
C:\Users\zzhu329\Documents\GitHub\EM-3DMotion\BehaviorFitting\BehaviorData_Clay.mat,Clay,Clay_098,98,nonStim,2,MonoL,-0.0909090909090909,0.0909090909090909,3,9,12,0.75
C:\Users\zzhu329\Documents\GitHub\EM-3DMotion\BehaviorFitting\BehaviorData_Clay.mat,Clay,Clay_098,98,nonStim,2,MonoL,0.0909090909090909,0.0909090909090909,4,4,11,0.363636363636364
C:\Users\zzhu329\Documents\GitHub\EM-3DMotion\BehaviorFitting\BehaviorData_Clay.mat,Clay,Clay_098,98,nonStim,2,MonoL,0.181818181818182,0.181818181818182,7,7,12,0.583333333333333
C:\Users\zzhu329\Documents\GitHub\EM-3DMotion\BehaviorFitting\BehaviorData_Clay.mat,Clay,Clay_098,98,nonStim,2,MonoL,0.363636363636364,0.363636363636364,7,7,11,0.636363636363636
C:\Users\zzhu329\Documents\GitHub\EM-3DMotion\BehaviorFitting\BehaviorData_Clay.mat,Clay,Clay_098,98,nonStim,2,MonoL,0.454545454545455,0.454545454545455,6,6,11,0.545454545454545
C:\Users\zzhu329\Documents\GitHub\EM-3DMotion\BehaviorFitting\BehaviorData_Clay.mat,Clay,Clay_098,98,nonStim,2,MonoL,0.636363636363636,0.636363636363636,8,8,11,0.727272727272727
C:\Users\zzhu329\Documents\GitHub\EM-3DMotion\BehaviorFitting\BehaviorData_Clay.mat,Clay,Clay_098,98,nonStim,2,MonoL,1,1,11,11,11,1
C:\Users\zzhu329\Documents\GitHub\EM-3DMotion\BehaviorFitting\BehaviorData_Clay.mat,Clay,Clay_098,98,nonStim,3,MonoR,-1,1,0,12,12,1
C:\Users\zzhu329\Documents\GitHub\EM-3DMotion\BehaviorFitting\BehaviorData_Clay.mat,Clay,Clay_098,98,nonStim,3,MonoR,-0.636363636363636,0.636363636363636,2,10,12,0.833333333333333
C:\Users\zzhu329\Documents\GitHub\EM-3DMotion\BehaviorFitting\BehaviorData_Clay.mat,Clay,Clay_098,98,nonStim,3,MonoR,-0.454545454545455,0.454545454545455,2,10,12,0.833333333333333
C:\Users\zzhu329\Documents\GitHub\EM-3DMotion\BehaviorFitting\BehaviorData_Clay.mat,Clay,Clay_098,98,nonStim,3,MonoR,-0.363636363636364,0.363636363636364,1,11,12,0.916666666666667
C:\Users\zzhu329\Documents\GitHub\EM-3DMotion\BehaviorFitting\BehaviorData_Clay.mat,Clay,Clay_098,98,nonStim,3,MonoR,-0.181818181818182,0.181818181818182,1,11,12,0.916666666666667
C:\Users\zzhu329\Documents\GitHub\EM-3DMotion\BehaviorFitting\BehaviorData_Clay.mat,Clay,Clay_098,98,nonStim,3,MonoR,-0.0909090909090909,0.0909090909090909,3,9,12,0.75
C:\Users\zzhu329\Documents\GitHub\EM-3DMotion\BehaviorFitting\BehaviorData_Clay.mat,Clay,Clay_098,98,nonStim,3,MonoR,0.0909090909090909,0.0909090909090909,5,5,11,0.454545454545455
C:\Users\zzhu329\Documents\GitHub\EM-3DMotion\BehaviorFitting\BehaviorData_Clay.mat,Clay,Clay_098,98,nonStim,3,MonoR,0.181818181818182,0.181818181818182,8,8,11,0.727272727272727
C:\Users\zzhu329\Documents\GitHub\EM-3DMotion\BehaviorFitting\BehaviorData_Clay.mat,Clay,Clay_098,98,nonStim,3,MonoR,0.363636363636364,0.363636363636364,9,9,11,0.818181818181818
C:\Users\zzhu329\Documents\GitHub\EM-3DMotion\BehaviorFitting\BehaviorData_Clay.mat,Clay,Clay_098,98,nonStim,3,MonoR,0.454545454545455,0.454545454545455,9,9,11,0.818181818181818
C:\Users\zzhu329\Documents\GitHub\EM-3DMotion\BehaviorFitting\BehaviorData_Clay.mat,Clay,Clay_098,98,nonStim,3,MonoR,0.636363636363636,0.636363636363636,12,12,12,1
C:\Users\zzhu329\Documents\GitHub\EM-3DMotion\BehaviorFitting\BehaviorData_Clay.mat,Clay,Clay_098,98,nonStim,3,MonoR,1,1,12,12,12,1
C:\Users\zzhu329\Documents\GitHub\EM-3DMotion\BehaviorFitting\BehaviorData_Clay.mat,Clay,Clay_098,98,nonStim,4,Bino,-1,1,0,12,12,1
C:\Users\zzhu329\Documents\GitHub\EM-3DMotion\BehaviorFitting\BehaviorData_Clay.mat,Clay,Clay_098,98,nonStim,4,Bino,-0.636363636363636,0.636363636363636,0,12,12,1
C:\Users\zzhu329\Documents\GitHub\EM-3DMotion\BehaviorFitting\BehaviorData_Clay.mat,Clay,Clay_098,98,nonStim,4,Bino,-0.454545454545455,0.454545454545455,1,10,11,0.909090909090909
C:\Users\zzhu329\Documents\GitHub\EM-3DMotion\BehaviorFitting\BehaviorData_Clay.mat,Clay,Clay_098,98,nonStim,4,Bino,-0.363636363636364,0.363636363636364,1,10,11,0.909090909090909
C:\Users\zzhu329\Documents\GitHub\EM-3DMotion\BehaviorFitting\BehaviorData_Clay.mat,Clay,Clay_098,98,nonStim,4,Bino,-0.181818181818182,0.181818181818182,3,8,11,0.727272727272727
C:\Users\zzhu329\Documents\GitHub\EM-3DMotion\BehaviorFitting\BehaviorData_Clay.mat,Clay,Clay_098,98,nonStim,4,Bino,-0.0909090909090909,0.0909090909090909,1,11,12,0.916666666666667
C:\Users\zzhu329\Documents\GitHub\EM-3DMotion\BehaviorFitting\BehaviorData_Clay.mat,Clay,Clay_098,98,nonStim,4,Bino,0.0909090909090909,0.0909090909090909,6,6,12,0.5
C:\Users\zzhu329\Documents\GitHub\EM-3DMotion\BehaviorFitting\BehaviorData_Clay.mat,Clay,Clay_098,98,nonStim,4,Bino,0.181818181818182,0.181818181818182,9,9,12,0.75
C:\Users\zzhu329\Documents\GitHub\EM-3DMotion\BehaviorFitting\BehaviorData_Clay.mat,Clay,Clay_098,98,nonStim,4,Bino,0.363636363636364,0.363636363636364,9,9,11,0.818181818181818
C:\Users\zzhu329\Documents\GitHub\EM-3DMotion\BehaviorFitting\BehaviorData_Clay.mat,Clay,Clay_098,98,nonStim,4,Bino,0.454545454545455,0.454545454545455,11,11,12,0.916666666666667
C:\Users\zzhu329\Documents\GitHub\EM-3DMotion\BehaviorFitting\BehaviorData_Clay.mat,Clay,Clay_098,98,nonStim,4,Bino,0.636363636363636,0.636363636363636,7,7,11,0.636363636363636
C:\Users\zzhu329\Documents\GitHub\EM-3DMotion\BehaviorFitting\BehaviorData_Clay.mat,Clay,Clay_098,98,nonStim,4,Bino,1,1,10,10,12,0.833333333333333
C:\Users\zzhu329\Documents\GitHub\EM-3DMotion\BehaviorFitting\BehaviorData_Clay.mat,Clay,Clay_099,99,nonStim,1,Combined,-1,1,0,5,5,1
C:\Users\zzhu329\Documents\GitHub\EM-3DMotion\BehaviorFitting\BehaviorData_Clay.mat,Clay,Clay_099,99,nonStim,1,Combined,-0.636363636363636,0.636363636363636,2,4,6,0.666666666666667
C:\Users\zzhu329\Documents\GitHub\EM-3DMotion\BehaviorFitting\BehaviorData_Clay.mat,Clay,Clay_099,99,nonStim,1,Combined,-0.454545454545455,0.454545454545455,0,6,6,1
C:\Users\zzhu329\Documents\GitHub\EM-3DMotion\BehaviorFitting\BehaviorData_Clay.mat,Clay,Clay_099,99,nonStim,1,Combined,-0.363636363636364,0.363636363636364,0,6,6,1
C:\Users\zzhu329\Documents\GitHub\EM-3DMotion\BehaviorFitting\BehaviorData_Clay.mat,Clay,Clay_099,99,nonStim,1,Combined,-0.181818181818182,0.181818181818182,2,4,6,0.666666666666667
C:\Users\zzhu329\Documents\GitHub\EM-3DMotion\BehaviorFitting\BehaviorData_Clay.mat,Clay,Clay_099,99,nonStim,1,Combined,-0.0909090909090909,0.0909090909090909,4,1,5,0.2
C:\Users\zzhu329\Documents\GitHub\EM-3DMotion\BehaviorFitting\BehaviorData_Clay.mat,Clay,Clay_099,99,nonStim,1,Combined,0.0909090909090909,0.0909090909090909,5,5,5,1
C:\Users\zzhu329\Documents\GitHub\EM-3DMotion\BehaviorFitting\BehaviorData_Clay.mat,Clay,Clay_099,99,nonStim,1,Combined,0.181818181818182,0.181818181818182,5,5,5,1
C:\Users\zzhu329\Documents\GitHub\EM-3DMotion\BehaviorFitting\BehaviorData_Clay.mat,Clay,Clay_099,99,nonStim,1,Combined,0.363636363636364,0.363636363636364,6,6,6,1
C:\Users\zzhu329\Documents\GitHub\EM-3DMotion\BehaviorFitting\BehaviorData_Clay.mat,Clay,Clay_099,99,nonStim,1,Combined,0.454545454545455,0.454545454545455,5,5,5,1
C:\Users\zzhu329\Documents\GitHub\EM-3DMotion\BehaviorFitting\BehaviorData_Clay.mat,Clay,Clay_099,99,nonStim,1,Combined,0.636363636363636,0.636363636363636,5,5,5,1
C:\Users\zzhu329\Documents\GitHub\EM-3DMotion\BehaviorFitting\BehaviorData_Clay.mat,Clay,Clay_099,99,nonStim,1,Combined,1,1,5,5,5,1
C:\Users\zzhu329\Documents\GitHub\EM-3DMotion\BehaviorFitting\BehaviorData_Clay.mat,Clay,Clay_099,99,nonStim,2,MonoL,-1,1,0,6,6,1
C:\Users\zzhu329\Documents\GitHub\EM-3DMotion\BehaviorFitting\BehaviorData_Clay.mat,Clay,Clay_099,99,nonStim,2,MonoL,-0.636363636363636,0.636363636363636,1,5,6,0.833333333333333
C:\Users\zzhu329\Documents\GitHub\EM-3DMotion\BehaviorFitting\BehaviorData_Clay.mat,Clay,Clay_099,99,nonStim,2,MonoL,-0.454545454545455,0.454545454545455,2,4,6,0.666666666666667
C:\Users\zzhu329\Documents\GitHub\EM-3DMotion\BehaviorFitting\BehaviorData_Clay.mat,Clay,Clay_099,99,nonStim,2,MonoL,-0.363636363636364,0.363636363636364,3,2,5,0.4
C:\Users\zzhu329\Documents\GitHub\EM-3DMotion\BehaviorFitting\BehaviorData_Clay.mat,Clay,Clay_099,99,nonStim,2,MonoL,-0.181818181818182,0.181818181818182,4,2,6,0.333333333333333
C:\Users\zzhu329\Documents\GitHub\EM-3DMotion\BehaviorFitting\BehaviorData_Clay.mat,Clay,Clay_099,99,nonStim,2,MonoL,-0.0909090909090909,0.0909090909090909,5,1,6,0.166666666666667
C:\Users\zzhu329\Documents\GitHub\EM-3DMotion\BehaviorFitting\BehaviorData_Clay.mat,Clay,Clay_099,99,nonStim,2,MonoL,0.0909090909090909,0.0909090909090909,4,4,6,0.666666666666667
C:\Users\zzhu329\Documents\GitHub\EM-3DMotion\BehaviorFitting\BehaviorData_Clay.mat,Clay,Clay_099,99,nonStim,2,MonoL,0.181818181818182,0.181818181818182,5,5,6,0.833333333333333
C:\Users\zzhu329\Documents\GitHub\EM-3DMotion\BehaviorFitting\BehaviorData_Clay.mat,Clay,Clay_099,99,nonStim,2,MonoL,0.363636363636364,0.363636363636364,6,6,6,1
C:\Users\zzhu329\Documents\GitHub\EM-3DMotion\BehaviorFitting\BehaviorData_Clay.mat,Clay,Clay_099,99,nonStim,2,MonoL,0.454545454545455,0.454545454545455,5,5,5,1
C:\Users\zzhu329\Documents\GitHub\EM-3DMotion\BehaviorFitting\BehaviorData_Clay.mat,Clay,Clay_099,99,nonStim,2,MonoL,0.636363636363636,0.636363636363636,5,5,5,1
C:\Users\zzhu329\Documents\GitHub\EM-3DMotion\BehaviorFitting\BehaviorData_Clay.mat,Clay,Clay_099,99,nonStim,2,MonoL,1,1,5,5,5,1
C:\Users\zzhu329\Documents\GitHub\EM-3DMotion\BehaviorFitting\BehaviorData_Clay.mat,Clay,Clay_099,99,nonStim,3,MonoR,-1,1,0,5,5,1
C:\Users\zzhu329\Documents\GitHub\EM-3DMotion\BehaviorFitting\BehaviorData_Clay.mat,Clay,Clay_099,99,nonStim,3,MonoR,-0.636363636363636,0.636363636363636,1,4,5,0.8
C:\Users\zzhu329\Documents\GitHub\EM-3DMotion\BehaviorFitting\BehaviorData_Clay.mat,Clay,Clay_099,99,nonStim,3,MonoR,-0.454545454545455,0.454545454545455,2,3,5,0.6
C:\Users\zzhu329\Documents\GitHub\EM-3DMotion\BehaviorFitting\BehaviorData_Clay.mat,Clay,Clay_099,99,nonStim,3,MonoR,-0.363636363636364,0.363636363636364,3,3,6,0.5
C:\Users\zzhu329\Documents\GitHub\EM-3DMotion\BehaviorFitting\BehaviorData_Clay.mat,Clay,Clay_099,99,nonStim,3,MonoR,-0.181818181818182,0.181818181818182,2,4,6,0.666666666666667
C:\Users\zzhu329\Documents\GitHub\EM-3DMotion\BehaviorFitting\BehaviorData_Clay.mat,Clay,Clay_099,99,nonStim,3,MonoR,-0.0909090909090909,0.0909090909090909,4,1,5,0.2
C:\Users\zzhu329\Documents\GitHub\EM-3DMotion\BehaviorFitting\BehaviorData_Clay.mat,Clay,Clay_099,99,nonStim,3,MonoR,0.0909090909090909,0.0909090909090909,4,4,5,0.8
C:\Users\zzhu329\Documents\GitHub\EM-3DMotion\BehaviorFitting\BehaviorData_Clay.mat,Clay,Clay_099,99,nonStim,3,MonoR,0.181818181818182,0.181818181818182,4,4,5,0.8
C:\Users\zzhu329\Documents\GitHub\EM-3DMotion\BehaviorFitting\BehaviorData_Clay.mat,Clay,Clay_099,99,nonStim,3,MonoR,0.363636363636364,0.363636363636364,5,5,5,1
C:\Users\zzhu329\Documents\GitHub\EM-3DMotion\BehaviorFitting\BehaviorData_Clay.mat,Clay,Clay_099,99,nonStim,3,MonoR,0.454545454545455,0.454545454545455,6,6,6,1
C:\Users\zzhu329\Documents\GitHub\EM-3DMotion\BehaviorFitting\BehaviorData_Clay.mat,Clay,Clay_099,99,nonStim,3,MonoR,0.636363636363636,0.636363636363636,5,5,5,1
C:\Users\zzhu329\Documents\GitHub\EM-3DMotion\BehaviorFitting\BehaviorData_Clay.mat,Clay,Clay_099,99,nonStim,3,MonoR,1,1,6,6,6,1
C:\Users\zzhu329\Documents\GitHub\EM-3DMotion\BehaviorFitting\BehaviorData_Clay.mat,Clay,Clay_099,99,nonStim,4,Bino,-1,1,0,5,5,1
C:\Users\zzhu329\Documents\GitHub\EM-3DMotion\BehaviorFitting\BehaviorData_Clay.mat,Clay,Clay_099,99,nonStim,4,Bino,-0.636363636363636,0.636363636363636,0,5,5,1
C:\Users\zzhu329\Documents\GitHub\EM-3DMotion\BehaviorFitting\BehaviorData_Clay.mat,Clay,Clay_099,99,nonStim,4,Bino,-0.454545454545455,0.454545454545455,3,2,5,0.4
C:\Users\zzhu329\Documents\GitHub\EM-3DMotion\BehaviorFitting\BehaviorData_Clay.mat,Clay,Clay_099,99,nonStim,4,Bino,-0.363636363636364,0.363636363636364,2,3,5,0.6
C:\Users\zzhu329\Documents\GitHub\EM-3DMotion\BehaviorFitting\BehaviorData_Clay.mat,Clay,Clay_099,99,nonStim,4,Bino,-0.181818181818182,0.181818181818182,4,1,5,0.2
C:\Users\zzhu329\Documents\GitHub\EM-3DMotion\BehaviorFitting\BehaviorData_Clay.mat,Clay,Clay_099,99,nonStim,4,Bino,-0.0909090909090909,0.0909090909090909,4,2,6,0.333333333333333
C:\Users\zzhu329\Documents\GitHub\EM-3DMotion\BehaviorFitting\BehaviorData_Clay.mat,Clay,Clay_099,99,nonStim,4,Bino,0.0909090909090909,0.0909090909090909,4,4,6,0.666666666666667
C:\Users\zzhu329\Documents\GitHub\EM-3DMotion\BehaviorFitting\BehaviorData_Clay.mat,Clay,Clay_099,99,nonStim,4,Bino,0.181818181818182,0.181818181818182,5,5,5,1
C:\Users\zzhu329\Documents\GitHub\EM-3DMotion\BehaviorFitting\BehaviorData_Clay.mat,Clay,Clay_099,99,nonStim,4,Bino,0.363636363636364,0.363636363636364,5,5,5,1
C:\Users\zzhu329\Documents\GitHub\EM-3DMotion\BehaviorFitting\BehaviorData_Clay.mat,Clay,Clay_099,99,nonStim,4,Bino,0.454545454545455,0.454545454545455,5,5,5,1
C:\Users\zzhu329\Documents\GitHub\EM-3DMotion\BehaviorFitting\BehaviorData_Clay.mat,Clay,Clay_099,99,nonStim,4,Bino,0.636363636363636,0.636363636363636,5,5,6,0.833333333333333
C:\Users\zzhu329\Documents\GitHub\EM-3DMotion\BehaviorFitting\BehaviorData_Clay.mat,Clay,Clay_099,99,nonStim,4,Bino,1,1,5,5,6,0.833333333333333
C:\Users\zzhu329\Documents\GitHub\EM-3DMotion\BehaviorFitting\BehaviorData_Clay.mat,Clay,Clay_100,100,nonStim,1,Combined,-1,1,0,10,10,1
C:\Users\zzhu329\Documents\GitHub\EM-3DMotion\BehaviorFitting\BehaviorData_Clay.mat,Clay,Clay_100,100,nonStim,1,Combined,-0.636363636363636,0.636363636363636,0,11,11,1
C:\Users\zzhu329\Documents\GitHub\EM-3DMotion\BehaviorFitting\BehaviorData_Clay.mat,Clay,Clay_100,100,nonStim,1,Combined,-0.454545454545455,0.454545454545455,0,10,10,1
C:\Users\zzhu329\Documents\GitHub\EM-3DMotion\BehaviorFitting\BehaviorData_Clay.mat,Clay,Clay_100,100,nonStim,1,Combined,-0.363636363636364,0.363636363636364,0,10,10,1
C:\Users\zzhu329\Documents\GitHub\EM-3DMotion\BehaviorFitting\BehaviorData_Clay.mat,Clay,Clay_100,100,nonStim,1,Combined,-0.181818181818182,0.181818181818182,0,10,10,1
C:\Users\zzhu329\Documents\GitHub\EM-3DMotion\BehaviorFitting\BehaviorData_Clay.mat,Clay,Clay_100,100,nonStim,1,Combined,-0.0909090909090909,0.0909090909090909,1,9,10,0.9
C:\Users\zzhu329\Documents\GitHub\EM-3DMotion\BehaviorFitting\BehaviorData_Clay.mat,Clay,Clay_100,100,nonStim,1,Combined,0.0909090909090909,0.0909090909090909,5,5,10,0.5
C:\Users\zzhu329\Documents\GitHub\EM-3DMotion\BehaviorFitting\BehaviorData_Clay.mat,Clay,Clay_100,100,nonStim,1,Combined,0.181818181818182,0.181818181818182,9,9,10,0.9
C:\Users\zzhu329\Documents\GitHub\EM-3DMotion\BehaviorFitting\BehaviorData_Clay.mat,Clay,Clay_100,100,nonStim,1,Combined,0.363636363636364,0.363636363636364,9,9,10,0.9
C:\Users\zzhu329\Documents\GitHub\EM-3DMotion\BehaviorFitting\BehaviorData_Clay.mat,Clay,Clay_100,100,nonStim,1,Combined,0.454545454545455,0.454545454545455,10,10,10,1
C:\Users\zzhu329\Documents\GitHub\EM-3DMotion\BehaviorFitting\BehaviorData_Clay.mat,Clay,Clay_100,100,nonStim,1,Combined,0.636363636363636,0.636363636363636,10,10,10,1
C:\Users\zzhu329\Documents\GitHub\EM-3DMotion\BehaviorFitting\BehaviorData_Clay.mat,Clay,Clay_100,100,nonStim,1,Combined,1,1,10,10,10,1
C:\Users\zzhu329\Documents\GitHub\EM-3DMotion\BehaviorFitting\BehaviorData_Clay.mat,Clay,Clay_100,100,nonStim,2,MonoL,-1,1,0,10,10,1
C:\Users\zzhu329\Documents\GitHub\EM-3DMotion\BehaviorFitting\BehaviorData_Clay.mat,Clay,Clay_100,100,nonStim,2,MonoL,-0.636363636363636,0.636363636363636,0,10,10,1
C:\Users\zzhu329\Documents\GitHub\EM-3DMotion\BehaviorFitting\BehaviorData_Clay.mat,Clay,Clay_100,100,nonStim,2,MonoL,-0.454545454545455,0.454545454545455,1,9,10,0.9
C:\Users\zzhu329\Documents\GitHub\EM-3DMotion\BehaviorFitting\BehaviorData_Clay.mat,Clay,Clay_100,100,nonStim,2,MonoL,-0.363636363636364,0.363636363636364,3,7,10,0.7
C:\Users\zzhu329\Documents\GitHub\EM-3DMotion\BehaviorFitting\BehaviorData_Clay.mat,Clay,Clay_100,100,nonStim,2,MonoL,-0.181818181818182,0.181818181818182,4,6,10,0.6
C:\Users\zzhu329\Documents\GitHub\EM-3DMotion\BehaviorFitting\BehaviorData_Clay.mat,Clay,Clay_100,100,nonStim,2,MonoL,-0.0909090909090909,0.0909090909090909,4,6,10,0.6
C:\Users\zzhu329\Documents\GitHub\EM-3DMotion\BehaviorFitting\BehaviorData_Clay.mat,Clay,Clay_100,100,nonStim,2,MonoL,0.0909090909090909,0.0909090909090909,4,4,10,0.4
C:\Users\zzhu329\Documents\GitHub\EM-3DMotion\BehaviorFitting\BehaviorData_Clay.mat,Clay,Clay_100,100,nonStim,2,MonoL,0.181818181818182,0.181818181818182,0,0,10,0
C:\Users\zzhu329\Documents\GitHub\EM-3DMotion\BehaviorFitting\BehaviorData_Clay.mat,Clay,Clay_100,100,nonStim,2,MonoL,0.363636363636364,0.363636363636364,6,6,10,0.6
C:\Users\zzhu329\Documents\GitHub\EM-3DMotion\BehaviorFitting\BehaviorData_Clay.mat,Clay,Clay_100,100,nonStim,2,MonoL,0.454545454545455,0.454545454545455,3,3,10,0.3
C:\Users\zzhu329\Documents\GitHub\EM-3DMotion\BehaviorFitting\BehaviorData_Clay.mat,Clay,Clay_100,100,nonStim,2,MonoL,0.636363636363636,0.636363636363636,1,1,10,0.1
C:\Users\zzhu329\Documents\GitHub\EM-3DMotion\BehaviorFitting\BehaviorData_Clay.mat,Clay,Clay_100,100,nonStim,2,MonoL,1,1,7,7,10,0.7
C:\Users\zzhu329\Documents\GitHub\EM-3DMotion\BehaviorFitting\BehaviorData_Clay.mat,Clay,Clay_100,100,nonStim,3,MonoR,-1,1,0,10,10,1
C:\Users\zzhu329\Documents\GitHub\EM-3DMotion\BehaviorFitting\BehaviorData_Clay.mat,Clay,Clay_100,100,nonStim,3,MonoR,-0.636363636363636,0.636363636363636,0,10,10,1
C:\Users\zzhu329\Documents\GitHub\EM-3DMotion\BehaviorFitting\BehaviorData_Clay.mat,Clay,Clay_100,100,nonStim,3,MonoR,-0.454545454545455,0.454545454545455,0,10,10,1
C:\Users\zzhu329\Documents\GitHub\EM-3DMotion\BehaviorFitting\BehaviorData_Clay.mat,Clay,Clay_100,100,nonStim,3,MonoR,-0.363636363636364,0.363636363636364,0,10,10,1
C:\Users\zzhu329\Documents\GitHub\EM-3DMotion\BehaviorFitting\BehaviorData_Clay.mat,Clay,Clay_100,100,nonStim,3,MonoR,-0.181818181818182,0.181818181818182,0,10,10,1
C:\Users\zzhu329\Documents\GitHub\EM-3DMotion\BehaviorFitting\BehaviorData_Clay.mat,Clay,Clay_100,100,nonStim,3,MonoR,-0.0909090909090909,0.0909090909090909,4,6,10,0.6
C:\Users\zzhu329\Documents\GitHub\EM-3DMotion\BehaviorFitting\BehaviorData_Clay.mat,Clay,Clay_100,100,nonStim,3,MonoR,0.0909090909090909,0.0909090909090909,4,4,10,0.4
C:\Users\zzhu329\Documents\GitHub\EM-3DMotion\BehaviorFitting\BehaviorData_Clay.mat,Clay,Clay_100,100,nonStim,3,MonoR,0.181818181818182,0.181818181818182,2,2,10,0.2
C:\Users\zzhu329\Documents\GitHub\EM-3DMotion\BehaviorFitting\BehaviorData_Clay.mat,Clay,Clay_100,100,nonStim,3,MonoR,0.363636363636364,0.363636363636364,10,10,10,1
C:\Users\zzhu329\Documents\GitHub\EM-3DMotion\BehaviorFitting\BehaviorData_Clay.mat,Clay,Clay_100,100,nonStim,3,MonoR,0.454545454545455,0.454545454545455,8,8,10,0.8
C:\Users\zzhu329\Documents\GitHub\EM-3DMotion\BehaviorFitting\BehaviorData_Clay.mat,Clay,Clay_100,100,nonStim,3,MonoR,0.636363636363636,0.636363636363636,9,9,10,0.9
C:\Users\zzhu329\Documents\GitHub\EM-3DMotion\BehaviorFitting\BehaviorData_Clay.mat,Clay,Clay_100,100,nonStim,3,MonoR,1,1,9,9,10,0.9
C:\Users\zzhu329\Documents\GitHub\EM-3DMotion\BehaviorFitting\BehaviorData_Clay.mat,Clay,Clay_100,100,nonStim,4,Bino,-1,1,0,10,10,1
C:\Users\zzhu329\Documents\GitHub\EM-3DMotion\BehaviorFitting\BehaviorData_Clay.mat,Clay,Clay_100,100,nonStim,4,Bino,-0.636363636363636,0.636363636363636,0,10,10,1
C:\Users\zzhu329\Documents\GitHub\EM-3DMotion\BehaviorFitting\BehaviorData_Clay.mat,Clay,Clay_100,100,nonStim,4,Bino,-0.454545454545455,0.454545454545455,1,9,10,0.9
C:\Users\zzhu329\Documents\GitHub\EM-3DMotion\BehaviorFitting\BehaviorData_Clay.mat,Clay,Clay_100,100,nonStim,4,Bino,-0.363636363636364,0.363636363636364,1,9,10,0.9
C:\Users\zzhu329\Documents\GitHub\EM-3DMotion\BehaviorFitting\BehaviorData_Clay.mat,Clay,Clay_100,100,nonStim,4,Bino,-0.181818181818182,0.181818181818182,3,7,10,0.7
C:\Users\zzhu329\Documents\GitHub\EM-3DMotion\BehaviorFitting\BehaviorData_Clay.mat,Clay,Clay_100,100,nonStim,4,Bino,-0.0909090909090909,0.0909090909090909,1,9,10,0.9
C:\Users\zzhu329\Documents\GitHub\EM-3DMotion\BehaviorFitting\BehaviorData_Clay.mat,Clay,Clay_100,100,nonStim,4,Bino,0.0909090909090909,0.0909090909090909,0,0,10,0
C:\Users\zzhu329\Documents\GitHub\EM-3DMotion\BehaviorFitting\BehaviorData_Clay.mat,Clay,Clay_100,100,nonStim,4,Bino,0.181818181818182,0.181818181818182,7,7,10,0.7
C:\Users\zzhu329\Documents\GitHub\EM-3DMotion\BehaviorFitting\BehaviorData_Clay.mat,Clay,Clay_100,100,nonStim,4,Bino,0.363636363636364,0.363636363636364,5,5,10,0.5
C:\Users\zzhu329\Documents\GitHub\EM-3DMotion\BehaviorFitting\BehaviorData_Clay.mat,Clay,Clay_100,100,nonStim,4,Bino,0.454545454545455,0.454545454545455,9,9,10,0.9
C:\Users\zzhu329\Documents\GitHub\EM-3DMotion\BehaviorFitting\BehaviorData_Clay.mat,Clay,Clay_100,100,nonStim,4,Bino,0.636363636363636,0.636363636363636,6,6,10,0.6
C:\Users\zzhu329\Documents\GitHub\EM-3DMotion\BehaviorFitting\BehaviorData_Clay.mat,Clay,Clay_100,100,nonStim,4,Bino,1,1,2,2,10,0.2
C:\Users\zzhu329\Documents\GitHub\EM-3DMotion\BehaviorFitting\BehaviorData_Clay.mat,Clay,Clay_101,101,nonStim,1,Combined,-1,1,0,7,7,1
C:\Users\zzhu329\Documents\GitHub\EM-3DMotion\BehaviorFitting\BehaviorData_Clay.mat,Clay,Clay_101,101,nonStim,1,Combined,-0.636363636363636,0.636363636363636,0,7,7,1
C:\Users\zzhu329\Documents\GitHub\EM-3DMotion\BehaviorFitting\BehaviorData_Clay.mat,Clay,Clay_101,101,nonStim,1,Combined,-0.454545454545455,0.454545454545455,0,7,7,1
C:\Users\zzhu329\Documents\GitHub\EM-3DMotion\BehaviorFitting\BehaviorData_Clay.mat,Clay,Clay_101,101,nonStim,1,Combined,-0.363636363636364,0.363636363636364,2,4,6,0.666666666666667
C:\Users\zzhu329\Documents\GitHub\EM-3DMotion\BehaviorFitting\BehaviorData_Clay.mat,Clay,Clay_101,101,nonStim,1,Combined,-0.181818181818182,0.181818181818182,0,6,6,1
C:\Users\zzhu329\Documents\GitHub\EM-3DMotion\BehaviorFitting\BehaviorData_Clay.mat,Clay,Clay_101,101,nonStim,1,Combined,-0.0909090909090909,0.0909090909090909,2,5,7,0.714285714285714
C:\Users\zzhu329\Documents\GitHub\EM-3DMotion\BehaviorFitting\BehaviorData_Clay.mat,Clay,Clay_101,101,nonStim,1,Combined,0.0909090909090909,0.0909090909090909,7,7,7,1
C:\Users\zzhu329\Documents\GitHub\EM-3DMotion\BehaviorFitting\BehaviorData_Clay.mat,Clay,Clay_101,101,nonStim,1,Combined,0.181818181818182,0.181818181818182,7,7,7,1
C:\Users\zzhu329\Documents\GitHub\EM-3DMotion\BehaviorFitting\BehaviorData_Clay.mat,Clay,Clay_101,101,nonStim,1,Combined,0.363636363636364,0.363636363636364,7,7,7,1
C:\Users\zzhu329\Documents\GitHub\EM-3DMotion\BehaviorFitting\BehaviorData_Clay.mat,Clay,Clay_101,101,nonStim,1,Combined,0.454545454545455,0.454545454545455,7,7,7,1
C:\Users\zzhu329\Documents\GitHub\EM-3DMotion\BehaviorFitting\BehaviorData_Clay.mat,Clay,Clay_101,101,nonStim,1,Combined,0.636363636363636,0.636363636363636,7,7,7,1
C:\Users\zzhu329\Documents\GitHub\EM-3DMotion\BehaviorFitting\BehaviorData_Clay.mat,Clay,Clay_101,101,nonStim,1,Combined,1,1,7,7,7,1
C:\Users\zzhu329\Documents\GitHub\EM-3DMotion\BehaviorFitting\BehaviorData_Clay.mat,Clay,Clay_101,101,nonStim,2,MonoL,-1,1,0,7,7,1
C:\Users\zzhu329\Documents\GitHub\EM-3DMotion\BehaviorFitting\BehaviorData_Clay.mat,Clay,Clay_101,101,nonStim,2,MonoL,-0.636363636363636,0.636363636363636,3,3,6,0.5
C:\Users\zzhu329\Documents\GitHub\EM-3DMotion\BehaviorFitting\BehaviorData_Clay.mat,Clay,Clay_101,101,nonStim,2,MonoL,-0.454545454545455,0.454545454545455,1,6,7,0.857142857142857
C:\Users\zzhu329\Documents\GitHub\EM-3DMotion\BehaviorFitting\BehaviorData_Clay.mat,Clay,Clay_101,101,nonStim,2,MonoL,-0.363636363636364,0.363636363636364,4,2,6,0.333333333333333
C:\Users\zzhu329\Documents\GitHub\EM-3DMotion\BehaviorFitting\BehaviorData_Clay.mat,Clay,Clay_101,101,nonStim,2,MonoL,-0.181818181818182,0.181818181818182,2,5,7,0.714285714285714
C:\Users\zzhu329\Documents\GitHub\EM-3DMotion\BehaviorFitting\BehaviorData_Clay.mat,Clay,Clay_101,101,nonStim,2,MonoL,-0.0909090909090909,0.0909090909090909,4,2,6,0.333333333333333
C:\Users\zzhu329\Documents\GitHub\EM-3DMotion\BehaviorFitting\BehaviorData_Clay.mat,Clay,Clay_101,101,nonStim,2,MonoL,0.0909090909090909,0.0909090909090909,5,5,6,0.833333333333333
C:\Users\zzhu329\Documents\GitHub\EM-3DMotion\BehaviorFitting\BehaviorData_Clay.mat,Clay,Clay_101,101,nonStim,2,MonoL,0.181818181818182,0.181818181818182,3,3,6,0.5
C:\Users\zzhu329\Documents\GitHub\EM-3DMotion\BehaviorFitting\BehaviorData_Clay.mat,Clay,Clay_101,101,nonStim,2,MonoL,0.363636363636364,0.363636363636364,4,4,7,0.571428571428571
C:\Users\zzhu329\Documents\GitHub\EM-3DMotion\BehaviorFitting\BehaviorData_Clay.mat,Clay,Clay_101,101,nonStim,2,MonoL,0.454545454545455,0.454545454545455,6,6,7,0.857142857142857
C:\Users\zzhu329\Documents\GitHub\EM-3DMotion\BehaviorFitting\BehaviorData_Clay.mat,Clay,Clay_101,101,nonStim,2,MonoL,0.636363636363636,0.636363636363636,6,6,7,0.857142857142857
C:\Users\zzhu329\Documents\GitHub\EM-3DMotion\BehaviorFitting\BehaviorData_Clay.mat,Clay,Clay_101,101,nonStim,2,MonoL,1,1,7,7,7,1
C:\Users\zzhu329\Documents\GitHub\EM-3DMotion\BehaviorFitting\BehaviorData_Clay.mat,Clay,Clay_101,101,nonStim,3,MonoR,-1,1,0,7,7,1
C:\Users\zzhu329\Documents\GitHub\EM-3DMotion\BehaviorFitting\BehaviorData_Clay.mat,Clay,Clay_101,101,nonStim,3,MonoR,-0.636363636363636,0.636363636363636,0,7,7,1
C:\Users\zzhu329\Documents\GitHub\EM-3DMotion\BehaviorFitting\BehaviorData_Clay.mat,Clay,Clay_101,101,nonStim,3,MonoR,-0.454545454545455,0.454545454545455,0,7,7,1
C:\Users\zzhu329\Documents\GitHub\EM-3DMotion\BehaviorFitting\BehaviorData_Clay.mat,Clay,Clay_101,101,nonStim,3,MonoR,-0.363636363636364,0.363636363636364,1,6,7,0.857142857142857
C:\Users\zzhu329\Documents\GitHub\EM-3DMotion\BehaviorFitting\BehaviorData_Clay.mat,Clay,Clay_101,101,nonStim,3,MonoR,-0.181818181818182,0.181818181818182,3,4,7,0.571428571428571
C:\Users\zzhu329\Documents\GitHub\EM-3DMotion\BehaviorFitting\BehaviorData_Clay.mat,Clay,Clay_101,101,nonStim,3,MonoR,-0.0909090909090909,0.0909090909090909,2,5,7,0.714285714285714
C:\Users\zzhu329\Documents\GitHub\EM-3DMotion\BehaviorFitting\BehaviorData_Clay.mat,Clay,Clay_101,101,nonStim,3,MonoR,0.0909090909090909,0.0909090909090909,4,4,6,0.666666666666667
C:\Users\zzhu329\Documents\GitHub\EM-3DMotion\BehaviorFitting\BehaviorData_Clay.mat,Clay,Clay_101,101,nonStim,3,MonoR,0.181818181818182,0.181818181818182,6,6,7,0.857142857142857
C:\Users\zzhu329\Documents\GitHub\EM-3DMotion\BehaviorFitting\BehaviorData_Clay.mat,Clay,Clay_101,101,nonStim,3,MonoR,0.363636363636364,0.363636363636364,7,7,7,1
C:\Users\zzhu329\Documents\GitHub\EM-3DMotion\BehaviorFitting\BehaviorData_Clay.mat,Clay,Clay_101,101,nonStim,3,MonoR,0.454545454545455,0.454545454545455,7,7,7,1
C:\Users\zzhu329\Documents\GitHub\EM-3DMotion\BehaviorFitting\BehaviorData_Clay.mat,Clay,Clay_101,101,nonStim,3,MonoR,0.636363636363636,0.636363636363636,6,6,6,1
C:\Users\zzhu329\Documents\GitHub\EM-3DMotion\BehaviorFitting\BehaviorData_Clay.mat,Clay,Clay_101,101,nonStim,3,MonoR,1,1,6,6,6,1
C:\Users\zzhu329\Documents\GitHub\EM-3DMotion\BehaviorFitting\BehaviorData_Clay.mat,Clay,Clay_101,101,nonStim,4,Bino,-1,1,1,6,7,0.857142857142857
C:\Users\zzhu329\Documents\GitHub\EM-3DMotion\BehaviorFitting\BehaviorData_Clay.mat,Clay,Clay_101,101,nonStim,4,Bino,-0.636363636363636,0.636363636363636,0,6,6,1
C:\Users\zzhu329\Documents\GitHub\EM-3DMotion\BehaviorFitting\BehaviorData_Clay.mat,Clay,Clay_101,101,nonStim,4,Bino,-0.454545454545455,0.454545454545455,2,4,6,0.666666666666667
C:\Users\zzhu329\Documents\GitHub\EM-3DMotion\BehaviorFitting\BehaviorData_Clay.mat,Clay,Clay_101,101,nonStim,4,Bino,-0.363636363636364,0.363636363636364,3,4,7,0.571428571428571
C:\Users\zzhu329\Documents\GitHub\EM-3DMotion\BehaviorFitting\BehaviorData_Clay.mat,Clay,Clay_101,101,nonStim,4,Bino,-0.181818181818182,0.181818181818182,2,5,7,0.714285714285714
C:\Users\zzhu329\Documents\GitHub\EM-3DMotion\BehaviorFitting\BehaviorData_Clay.mat,Clay,Clay_101,101,nonStim,4,Bino,-0.0909090909090909,0.0909090909090909,4,2,6,0.333333333333333
C:\Users\zzhu329\Documents\GitHub\EM-3DMotion\BehaviorFitting\BehaviorData_Clay.mat,Clay,Clay_101,101,nonStim,4,Bino,0.0909090909090909,0.0909090909090909,3,3,7,0.428571428571429
C:\Users\zzhu329\Documents\GitHub\EM-3DMotion\BehaviorFitting\BehaviorData_Clay.mat,Clay,Clay_101,101,nonStim,4,Bino,0.181818181818182,0.181818181818182,4,4,7,0.571428571428571
C:\Users\zzhu329\Documents\GitHub\EM-3DMotion\BehaviorFitting\BehaviorData_Clay.mat,Clay,Clay_101,101,nonStim,4,Bino,0.363636363636364,0.363636363636364,6,6,7,0.857142857142857
C:\Users\zzhu329\Documents\GitHub\EM-3DMotion\BehaviorFitting\BehaviorData_Clay.mat,Clay,Clay_101,101,nonStim,4,Bino,0.454545454545455,0.454545454545455,6,6,7,0.857142857142857
C:\Users\zzhu329\Documents\GitHub\EM-3DMotion\BehaviorFitting\BehaviorData_Clay.mat,Clay,Clay_101,101,nonStim,4,Bino,0.636363636363636,0.636363636363636,7,7,7,1
C:\Users\zzhu329\Documents\GitHub\EM-3DMotion\BehaviorFitting\BehaviorData_Clay.mat,Clay,Clay_101,101,nonStim,4,Bino,1,1,5,5,7,0.714285714285714
C:\Users\zzhu329\Documents\GitHub\EM-3DMotion\BehaviorFitting\BehaviorData_Clay.mat,Clay,Clay_102,102,nonStim,1,Combined,-1,1,0,8,8,1
C:\Users\zzhu329\Documents\GitHub\EM-3DMotion\BehaviorFitting\BehaviorData_Clay.mat,Clay,Clay_102,102,nonStim,1,Combined,-0.636363636363636,0.636363636363636,0,8,8,1
C:\Users\zzhu329\Documents\GitHub\EM-3DMotion\BehaviorFitting\BehaviorData_Clay.mat,Clay,Clay_102,102,nonStim,1,Combined,-0.454545454545455,0.454545454545455,0,9,9,1
C:\Users\zzhu329\Documents\GitHub\EM-3DMotion\BehaviorFitting\BehaviorData_Clay.mat,Clay,Clay_102,102,nonStim,1,Combined,-0.363636363636364,0.363636363636364,0,8,8,1
C:\Users\zzhu329\Documents\GitHub\EM-3DMotion\BehaviorFitting\BehaviorData_Clay.mat,Clay,Clay_102,102,nonStim,1,Combined,-0.181818181818182,0.181818181818182,3,5,8,0.625
C:\Users\zzhu329\Documents\GitHub\EM-3DMotion\BehaviorFitting\BehaviorData_Clay.mat,Clay,Clay_102,102,nonStim,1,Combined,-0.0909090909090909,0.0909090909090909,3,6,9,0.666666666666667
C:\Users\zzhu329\Documents\GitHub\EM-3DMotion\BehaviorFitting\BehaviorData_Clay.mat,Clay,Clay_102,102,nonStim,1,Combined,0.0909090909090909,0.0909090909090909,7,7,8,0.875
C:\Users\zzhu329\Documents\GitHub\EM-3DMotion\BehaviorFitting\BehaviorData_Clay.mat,Clay,Clay_102,102,nonStim,1,Combined,0.181818181818182,0.181818181818182,8,8,9,0.888888888888889
C:\Users\zzhu329\Documents\GitHub\EM-3DMotion\BehaviorFitting\BehaviorData_Clay.mat,Clay,Clay_102,102,nonStim,1,Combined,0.363636363636364,0.363636363636364,8,8,8,1
C:\Users\zzhu329\Documents\GitHub\EM-3DMotion\BehaviorFitting\BehaviorData_Clay.mat,Clay,Clay_102,102,nonStim,1,Combined,0.454545454545455,0.454545454545455,8,8,8,1
C:\Users\zzhu329\Documents\GitHub\EM-3DMotion\BehaviorFitting\BehaviorData_Clay.mat,Clay,Clay_102,102,nonStim,1,Combined,0.636363636363636,0.636363636363636,8,8,8,1
C:\Users\zzhu329\Documents\GitHub\EM-3DMotion\BehaviorFitting\BehaviorData_Clay.mat,Clay,Clay_102,102,nonStim,1,Combined,1,1,8,8,8,1
C:\Users\zzhu329\Documents\GitHub\EM-3DMotion\BehaviorFitting\BehaviorData_Clay.mat,Clay,Clay_102,102,nonStim,2,MonoL,-1,1,0,8,8,1
C:\Users\zzhu329\Documents\GitHub\EM-3DMotion\BehaviorFitting\BehaviorData_Clay.mat,Clay,Clay_102,102,nonStim,2,MonoL,-0.636363636363636,0.636363636363636,0,8,8,1
C:\Users\zzhu329\Documents\GitHub\EM-3DMotion\BehaviorFitting\BehaviorData_Clay.mat,Clay,Clay_102,102,nonStim,2,MonoL,-0.454545454545455,0.454545454545455,1,7,8,0.875
C:\Users\zzhu329\Documents\GitHub\EM-3DMotion\BehaviorFitting\BehaviorData_Clay.mat,Clay,Clay_102,102,nonStim,2,MonoL,-0.363636363636364,0.363636363636364,0,9,9,1
C:\Users\zzhu329\Documents\GitHub\EM-3DMotion\BehaviorFitting\BehaviorData_Clay.mat,Clay,Clay_102,102,nonStim,2,MonoL,-0.181818181818182,0.181818181818182,2,6,8,0.75
C:\Users\zzhu329\Documents\GitHub\EM-3DMotion\BehaviorFitting\BehaviorData_Clay.mat,Clay,Clay_102,102,nonStim,2,MonoL,-0.0909090909090909,0.0909090909090909,1,7,8,0.875
C:\Users\zzhu329\Documents\GitHub\EM-3DMotion\BehaviorFitting\BehaviorData_Clay.mat,Clay,Clay_102,102,nonStim,2,MonoL,0.0909090909090909,0.0909090909090909,3,3,8,0.375
C:\Users\zzhu329\Documents\GitHub\EM-3DMotion\BehaviorFitting\BehaviorData_Clay.mat,Clay,Clay_102,102,nonStim,2,MonoL,0.181818181818182,0.181818181818182,2,2,8,0.25
C:\Users\zzhu329\Documents\GitHub\EM-3DMotion\BehaviorFitting\BehaviorData_Clay.mat,Clay,Clay_102,102,nonStim,2,MonoL,0.363636363636364,0.363636363636364,6,6,8,0.75
C:\Users\zzhu329\Documents\GitHub\EM-3DMotion\BehaviorFitting\BehaviorData_Clay.mat,Clay,Clay_102,102,nonStim,2,MonoL,0.454545454545455,0.454545454545455,7,7,8,0.875
C:\Users\zzhu329\Documents\GitHub\EM-3DMotion\BehaviorFitting\BehaviorData_Clay.mat,Clay,Clay_102,102,nonStim,2,MonoL,0.636363636363636,0.636363636363636,7,7,8,0.875
C:\Users\zzhu329\Documents\GitHub\EM-3DMotion\BehaviorFitting\BehaviorData_Clay.mat,Clay,Clay_102,102,nonStim,2,MonoL,1,1,7,7,9,0.777777777777778
C:\Users\zzhu329\Documents\GitHub\EM-3DMotion\BehaviorFitting\BehaviorData_Clay.mat,Clay,Clay_102,102,nonStim,3,MonoR,-1,1,1,7,8,0.875
C:\Users\zzhu329\Documents\GitHub\EM-3DMotion\BehaviorFitting\BehaviorData_Clay.mat,Clay,Clay_102,102,nonStim,3,MonoR,-0.636363636363636,0.636363636363636,1,8,9,0.888888888888889
C:\Users\zzhu329\Documents\GitHub\EM-3DMotion\BehaviorFitting\BehaviorData_Clay.mat,Clay,Clay_102,102,nonStim,3,MonoR,-0.454545454545455,0.454545454545455,0,8,8,1
C:\Users\zzhu329\Documents\GitHub\EM-3DMotion\BehaviorFitting\BehaviorData_Clay.mat,Clay,Clay_102,102,nonStim,3,MonoR,-0.363636363636364,0.363636363636364,0,8,8,1
C:\Users\zzhu329\Documents\GitHub\EM-3DMotion\BehaviorFitting\BehaviorData_Clay.mat,Clay,Clay_102,102,nonStim,3,MonoR,-0.181818181818182,0.181818181818182,0,8,8,1
C:\Users\zzhu329\Documents\GitHub\EM-3DMotion\BehaviorFitting\BehaviorData_Clay.mat,Clay,Clay_102,102,nonStim,3,MonoR,-0.0909090909090909,0.0909090909090909,4,4,8,0.5
C:\Users\zzhu329\Documents\GitHub\EM-3DMotion\BehaviorFitting\BehaviorData_Clay.mat,Clay,Clay_102,102,nonStim,3,MonoR,0.0909090909090909,0.0909090909090909,3,3,9,0.333333333333333
C:\Users\zzhu329\Documents\GitHub\EM-3DMotion\BehaviorFitting\BehaviorData_Clay.mat,Clay,Clay_102,102,nonStim,3,MonoR,0.181818181818182,0.181818181818182,5,5,8,0.625
C:\Users\zzhu329\Documents\GitHub\EM-3DMotion\BehaviorFitting\BehaviorData_Clay.mat,Clay,Clay_102,102,nonStim,3,MonoR,0.363636363636364,0.363636363636364,4,4,8,0.5
C:\Users\zzhu329\Documents\GitHub\EM-3DMotion\BehaviorFitting\BehaviorData_Clay.mat,Clay,Clay_102,102,nonStim,3,MonoR,0.454545454545455,0.454545454545455,8,8,9,0.888888888888889
C:\Users\zzhu329\Documents\GitHub\EM-3DMotion\BehaviorFitting\BehaviorData_Clay.mat,Clay,Clay_102,102,nonStim,3,MonoR,0.636363636363636,0.636363636363636,8,8,8,1
C:\Users\zzhu329\Documents\GitHub\EM-3DMotion\BehaviorFitting\BehaviorData_Clay.mat,Clay,Clay_102,102,nonStim,3,MonoR,1,1,8,8,8,1
C:\Users\zzhu329\Documents\GitHub\EM-3DMotion\BehaviorFitting\BehaviorData_Clay.mat,Clay,Clay_102,102,nonStim,4,Bino,-1,1,0,8,8,1
C:\Users\zzhu329\Documents\GitHub\EM-3DMotion\BehaviorFitting\BehaviorData_Clay.mat,Clay,Clay_102,102,nonStim,4,Bino,-0.636363636363636,0.636363636363636,0,8,8,1
C:\Users\zzhu329\Documents\GitHub\EM-3DMotion\BehaviorFitting\BehaviorData_Clay.mat,Clay,Clay_102,102,nonStim,4,Bino,-0.454545454545455,0.454545454545455,0,8,8,1
C:\Users\zzhu329\Documents\GitHub\EM-3DMotion\BehaviorFitting\BehaviorData_Clay.mat,Clay,Clay_102,102,nonStim,4,Bino,-0.363636363636364,0.363636363636364,0,8,8,1
C:\Users\zzhu329\Documents\GitHub\EM-3DMotion\BehaviorFitting\BehaviorData_Clay.mat,Clay,Clay_102,102,nonStim,4,Bino,-0.181818181818182,0.181818181818182,1,7,8,0.875
C:\Users\zzhu329\Documents\GitHub\EM-3DMotion\BehaviorFitting\BehaviorData_Clay.mat,Clay,Clay_102,102,nonStim,4,Bino,-0.0909090909090909,0.0909090909090909,4,5,9,0.555555555555556
C:\Users\zzhu329\Documents\GitHub\EM-3DMotion\BehaviorFitting\BehaviorData_Clay.mat,Clay,Clay_102,102,nonStim,4,Bino,0.0909090909090909,0.0909090909090909,5,5,9,0.555555555555556
C:\Users\zzhu329\Documents\GitHub\EM-3DMotion\BehaviorFitting\BehaviorData_Clay.mat,Clay,Clay_102,102,nonStim,4,Bino,0.181818181818182,0.181818181818182,6,6,9,0.666666666666667
C:\Users\zzhu329\Documents\GitHub\EM-3DMotion\BehaviorFitting\BehaviorData_Clay.mat,Clay,Clay_102,102,nonStim,4,Bino,0.363636363636364,0.363636363636364,9,9,9,1
C:\Users\zzhu329\Documents\GitHub\EM-3DMotion\BehaviorFitting\BehaviorData_Clay.mat,Clay,Clay_102,102,nonStim,4,Bino,0.454545454545455,0.454545454545455,7,7,9,0.777777777777778
C:\Users\zzhu329\Documents\GitHub\EM-3DMotion\BehaviorFitting\BehaviorData_Clay.mat,Clay,Clay_102,102,nonStim,4,Bino,0.636363636363636,0.636363636363636,8,8,8,1
C:\Users\zzhu329\Documents\GitHub\EM-3DMotion\BehaviorFitting\BehaviorData_Clay.mat,Clay,Clay_102,102,nonStim,4,Bino,1,1,9,9,9,1
C:\Users\zzhu329\Documents\GitHub\EM-3DMotion\BehaviorFitting\BehaviorData_Clay.mat,Clay,Clay_103,103,nonStim,1,Combined,-1,1,1,8,9,0.888888888888889
C:\Users\zzhu329\Documents\GitHub\EM-3DMotion\BehaviorFitting\BehaviorData_Clay.mat,Clay,Clay_103,103,nonStim,1,Combined,-0.636363636363636,0.636363636363636,0,9,9,1
C:\Users\zzhu329\Documents\GitHub\EM-3DMotion\BehaviorFitting\BehaviorData_Clay.mat,Clay,Clay_103,103,nonStim,1,Combined,-0.454545454545455,0.454545454545455,1,8,9,0.888888888888889
C:\Users\zzhu329\Documents\GitHub\EM-3DMotion\BehaviorFitting\BehaviorData_Clay.mat,Clay,Clay_103,103,nonStim,1,Combined,-0.363636363636364,0.363636363636364,0,9,9,1
C:\Users\zzhu329\Documents\GitHub\EM-3DMotion\BehaviorFitting\BehaviorData_Clay.mat,Clay,Clay_103,103,nonStim,1,Combined,-0.181818181818182,0.181818181818182,1,8,9,0.888888888888889
C:\Users\zzhu329\Documents\GitHub\EM-3DMotion\BehaviorFitting\BehaviorData_Clay.mat,Clay,Clay_103,103,nonStim,1,Combined,-0.0909090909090909,0.0909090909090909,4,6,10,0.6
C:\Users\zzhu329\Documents\GitHub\EM-3DMotion\BehaviorFitting\BehaviorData_Clay.mat,Clay,Clay_103,103,nonStim,1,Combined,0.0909090909090909,0.0909090909090909,6,6,9,0.666666666666667
C:\Users\zzhu329\Documents\GitHub\EM-3DMotion\BehaviorFitting\BehaviorData_Clay.mat,Clay,Clay_103,103,nonStim,1,Combined,0.181818181818182,0.181818181818182,9,9,9,1
C:\Users\zzhu329\Documents\GitHub\EM-3DMotion\BehaviorFitting\BehaviorData_Clay.mat,Clay,Clay_103,103,nonStim,1,Combined,0.363636363636364,0.363636363636364,9,9,9,1
C:\Users\zzhu329\Documents\GitHub\EM-3DMotion\BehaviorFitting\BehaviorData_Clay.mat,Clay,Clay_103,103,nonStim,1,Combined,0.454545454545455,0.454545454545455,10,10,10,1
C:\Users\zzhu329\Documents\GitHub\EM-3DMotion\BehaviorFitting\BehaviorData_Clay.mat,Clay,Clay_103,103,nonStim,1,Combined,0.636363636363636,0.636363636363636,9,9,9,1
C:\Users\zzhu329\Documents\GitHub\EM-3DMotion\BehaviorFitting\BehaviorData_Clay.mat,Clay,Clay_103,103,nonStim,1,Combined,1,1,9,9,9,1
C:\Users\zzhu329\Documents\GitHub\EM-3DMotion\BehaviorFitting\BehaviorData_Clay.mat,Clay,Clay_103,103,nonStim,2,MonoL,-1,1,0,9,9,1
C:\Users\zzhu329\Documents\GitHub\EM-3DMotion\BehaviorFitting\BehaviorData_Clay.mat,Clay,Clay_103,103,nonStim,2,MonoL,-0.636363636363636,0.636363636363636,0,9,9,1
C:\Users\zzhu329\Documents\GitHub\EM-3DMotion\BehaviorFitting\BehaviorData_Clay.mat,Clay,Clay_103,103,nonStim,2,MonoL,-0.454545454545455,0.454545454545455,2,7,9,0.777777777777778
C:\Users\zzhu329\Documents\GitHub\EM-3DMotion\BehaviorFitting\BehaviorData_Clay.mat,Clay,Clay_103,103,nonStim,2,MonoL,-0.363636363636364,0.363636363636364,3,6,9,0.666666666666667
C:\Users\zzhu329\Documents\GitHub\EM-3DMotion\BehaviorFitting\BehaviorData_Clay.mat,Clay,Clay_103,103,nonStim,2,MonoL,-0.181818181818182,0.181818181818182,4,5,9,0.555555555555556
C:\Users\zzhu329\Documents\GitHub\EM-3DMotion\BehaviorFitting\BehaviorData_Clay.mat,Clay,Clay_103,103,nonStim,2,MonoL,-0.0909090909090909,0.0909090909090909,0,10,10,1
C:\Users\zzhu329\Documents\GitHub\EM-3DMotion\BehaviorFitting\BehaviorData_Clay.mat,Clay,Clay_103,103,nonStim,2,MonoL,0.0909090909090909,0.0909090909090909,5,5,10,0.5
C:\Users\zzhu329\Documents\GitHub\EM-3DMotion\BehaviorFitting\BehaviorData_Clay.mat,Clay,Clay_103,103,nonStim,2,MonoL,0.181818181818182,0.181818181818182,7,7,9,0.777777777777778
C:\Users\zzhu329\Documents\GitHub\EM-3DMotion\BehaviorFitting\BehaviorData_Clay.mat,Clay,Clay_103,103,nonStim,2,MonoL,0.363636363636364,0.363636363636364,7,7,9,0.777777777777778
C:\Users\zzhu329\Documents\GitHub\EM-3DMotion\BehaviorFitting\BehaviorData_Clay.mat,Clay,Clay_103,103,nonStim,2,MonoL,0.454545454545455,0.454545454545455,7,7,9,0.777777777777778
C:\Users\zzhu329\Documents\GitHub\EM-3DMotion\BehaviorFitting\BehaviorData_Clay.mat,Clay,Clay_103,103,nonStim,2,MonoL,0.636363636363636,0.636363636363636,10,10,10,1
C:\Users\zzhu329\Documents\GitHub\EM-3DMotion\BehaviorFitting\BehaviorData_Clay.mat,Clay,Clay_103,103,nonStim,2,MonoL,1,1,10,10,10,1
C:\Users\zzhu329\Documents\GitHub\EM-3DMotion\BehaviorFitting\BehaviorData_Clay.mat,Clay,Clay_103,103,nonStim,3,MonoR,-1,1,0,9,9,1
C:\Users\zzhu329\Documents\GitHub\EM-3DMotion\BehaviorFitting\BehaviorData_Clay.mat,Clay,Clay_103,103,nonStim,3,MonoR,-0.636363636363636,0.636363636363636,1,9,10,0.9
C:\Users\zzhu329\Documents\GitHub\EM-3DMotion\BehaviorFitting\BehaviorData_Clay.mat,Clay,Clay_103,103,nonStim,3,MonoR,-0.454545454545455,0.454545454545455,3,7,10,0.7
C:\Users\zzhu329\Documents\GitHub\EM-3DMotion\BehaviorFitting\BehaviorData_Clay.mat,Clay,Clay_103,103,nonStim,3,MonoR,-0.363636363636364,0.363636363636364,0,9,9,1
C:\Users\zzhu329\Documents\GitHub\EM-3DMotion\BehaviorFitting\BehaviorData_Clay.mat,Clay,Clay_103,103,nonStim,3,MonoR,-0.181818181818182,0.181818181818182,2,8,10,0.8
C:\Users\zzhu329\Documents\GitHub\EM-3DMotion\BehaviorFitting\BehaviorData_Clay.mat,Clay,Clay_103,103,nonStim,3,MonoR,-0.0909090909090909,0.0909090909090909,3,6,9,0.666666666666667
C:\Users\zzhu329\Documents\GitHub\EM-3DMotion\BehaviorFitting\BehaviorData_Clay.mat,Clay,Clay_103,103,nonStim,3,MonoR,0.0909090909090909,0.0909090909090909,9,9,10,0.9
C:\Users\zzhu329\Documents\GitHub\EM-3DMotion\BehaviorFitting\BehaviorData_Clay.mat,Clay,Clay_103,103,nonStim,3,MonoR,0.181818181818182,0.181818181818182,6,6,9,0.666666666666667
C:\Users\zzhu329\Documents\GitHub\EM-3DMotion\BehaviorFitting\BehaviorData_Clay.mat,Clay,Clay_103,103,nonStim,3,MonoR,0.363636363636364,0.363636363636364,7,7,9,0.777777777777778
C:\Users\zzhu329\Documents\GitHub\EM-3DMotion\BehaviorFitting\BehaviorData_Clay.mat,Clay,Clay_103,103,nonStim,3,MonoR,0.454545454545455,0.454545454545455,9,9,9,1
C:\Users\zzhu329\Documents\GitHub\EM-3DMotion\BehaviorFitting\BehaviorData_Clay.mat,Clay,Clay_103,103,nonStim,3,MonoR,0.636363636363636,0.636363636363636,9,9,9,1
C:\Users\zzhu329\Documents\GitHub\EM-3DMotion\BehaviorFitting\BehaviorData_Clay.mat,Clay,Clay_103,103,nonStim,3,MonoR,1,1,9,9,9,1
C:\Users\zzhu329\Documents\GitHub\EM-3DMotion\BehaviorFitting\BehaviorData_Clay.mat,Clay,Clay_103,103,nonStim,4,Bino,-1,1,0,9,9,1
C:\Users\zzhu329\Documents\GitHub\EM-3DMotion\BehaviorFitting\BehaviorData_Clay.mat,Clay,Clay_103,103,nonStim,4,Bino,-0.636363636363636,0.636363636363636,1,8,9,0.888888888888889
C:\Users\zzhu329\Documents\GitHub\EM-3DMotion\BehaviorFitting\BehaviorData_Clay.mat,Clay,Clay_103,103,nonStim,4,Bino,-0.454545454545455,0.454545454545455,1,9,10,0.9
C:\Users\zzhu329\Documents\GitHub\EM-3DMotion\BehaviorFitting\BehaviorData_Clay.mat,Clay,Clay_103,103,nonStim,4,Bino,-0.363636363636364,0.363636363636364,0,9,9,1
C:\Users\zzhu329\Documents\GitHub\EM-3DMotion\BehaviorFitting\BehaviorData_Clay.mat,Clay,Clay_103,103,nonStim,4,Bino,-0.181818181818182,0.181818181818182,4,5,9,0.555555555555556
C:\Users\zzhu329\Documents\GitHub\EM-3DMotion\BehaviorFitting\BehaviorData_Clay.mat,Clay,Clay_103,103,nonStim,4,Bino,-0.0909090909090909,0.0909090909090909,3,6,9,0.666666666666667
C:\Users\zzhu329\Documents\GitHub\EM-3DMotion\BehaviorFitting\BehaviorData_Clay.mat,Clay,Clay_103,103,nonStim,4,Bino,0.0909090909090909,0.0909090909090909,5,5,9,0.555555555555556
C:\Users\zzhu329\Documents\GitHub\EM-3DMotion\BehaviorFitting\BehaviorData_Clay.mat,Clay,Clay_103,103,nonStim,4,Bino,0.181818181818182,0.181818181818182,6,6,10,0.6
C:\Users\zzhu329\Documents\GitHub\EM-3DMotion\BehaviorFitting\BehaviorData_Clay.mat,Clay,Clay_103,103,nonStim,4,Bino,0.363636363636364,0.363636363636364,8,8,9,0.888888888888889
C:\Users\zzhu329\Documents\GitHub\EM-3DMotion\BehaviorFitting\BehaviorData_Clay.mat,Clay,Clay_103,103,nonStim,4,Bino,0.454545454545455,0.454545454545455,9,9,9,1
C:\Users\zzhu329\Documents\GitHub\EM-3DMotion\BehaviorFitting\BehaviorData_Clay.mat,Clay,Clay_103,103,nonStim,4,Bino,0.636363636363636,0.636363636363636,8,8,9,0.888888888888889
C:\Users\zzhu329\Documents\GitHub\EM-3DMotion\BehaviorFitting\BehaviorData_Clay.mat,Clay,Clay_103,103,nonStim,4,Bino,1,1,9,9,9,1
