TrialIndex,GoodSelection,TrialType,IsStim,HasAnalysisWindow,VisualStimOnS,VisualStimOffS,ElectricalStimOnRelVisualS,AnalysisDurationS,SampleRateHz,Condition,SignedCoherence,Direction,Response,LeftCandidateCount,RightCandidateCount,MicrosaccadeCount,MicrosaccadeRateHz,MeanMicrosaccadeAmplitudeDeg,MeanMicrosaccadePeakVelocityDegS,MeanMicrosaccadeDurationMs,TrialDirectionX,TrialDirectionY,TrialMeanDirectionDeg,TrialDirectionResultantLength,LeftThresholdXDegS,LeftThresholdYDegS,RightThresholdXDegS,RightThresholdYDegS
5,1,NonStim,0,1,24.5577333333333,25.5303,NaN,0.973000000000003,999.999999998778,4,0.6363,1,1,3,1,4,4.1109969167523,0.0718593166068393,11.8092159976003,7.00000000000855,-0.0865097010730742,0.0658556083626472,142.719754181834,0.108723914262535,13.2978129450628,6.66402573509093,13.2978130667703,6.66403063270756
6,1,NonStim,0,1,27.9246333333333,28.8987333333333,NaN,0.974,999.999999998778,4,0.4545,1,0,2,2,4,4.10677618069815,0.0672753361250686,10.9086189684456,7.25000000000886,0.174480699231456,0.0113581081038245,3.72450798146138,0.174849995779228,6.64890715097571,6.66402204717272,13.2978088059485,6.66402570904663
7,1,NonStim,0,1,31.2508,32.2323333333333,NaN,0.981999999999999,999.999999998778,4,1,1,1,1,0,1,1.0183299389002,0.110838003375366,12.9309359872721,13.0000000000159,0.539888391637636,-0.841736612352656,302.676041505252,1,6.6489068245217,6.66402252541514,13.2978142230038,15.4195699155761
8,1,Stim,1,1,34.6420666666667,35.6191666666667,-0.0544666666666629,0.976999999999997,1000.00000000233,1,0.6363,1,1,0,0,0,0,NaN,NaN,NaN,NaN,NaN,NaN,NaN,6.64890701404192,18.5474806172747,13.2978102563394,6.6640238659743
9,1,NonStim,0,1,37.9927333333333,38.958,NaN,0.965999999999994,1000.00000000233,4,-0.6363,-1,1,1,0,1,1.03519668737061,0.0802442957853408,11.1618634795047,7.99999999998136,0.0828583118043918,-0.996561337883889,274.752880664109,1,6.64890688072113,6.66403145034427,13.2978115349833,6.66402827700214
10,1,NonStim,0,1,83.4327333333333,84.3989333333333,NaN,0.965999999999994,999.999999995225,1,-0.6363,-1,1,0,0,0,0,NaN,NaN,NaN,NaN,NaN,NaN,NaN,6.64890330027093,13.3279504613177,13.2978102721569,13.327977833454
11,1,Stim,1,1,86.7744666666667,87.7391666666667,-0.0591333333333353,0.965000000000003,999.999999995225,1,0.4545,1,1,0,0,0,0,NaN,NaN,NaN,NaN,NaN,NaN,NaN,13.2978076763037,18.6897228664633,13.2978035506655,6.66403023898443
12,1,Stim,1,1,90.1834666666667,91.1483,-0.0637666666666803,0.965000000000003,999.999999995225,2,-0,-1,1,0,0,0,0,NaN,NaN,NaN,NaN,NaN,NaN,NaN,6.64890682929402,17.6921296325714,13.2978143068118,6.66403021845186
13,1,NonStim,0,1,93.5837666666667,94.5580333333333,NaN,0.975000000000009,999.999999995225,2,1,1,1,1,2,3,3.07692307692305,0.0575716992068817,8.96932003884985,6.00000000002865,-0.301642377489782,0.215612326604415,144.443022195899,0.370778639192521,13.2978095393068,6.66402887850591,13.2978138369132,6.66403137634802
14,1,Stim,1,1,96.9505,97.9069666666667,-0.0648333333333397,0.956000000000017,999.999999995225,2,-0.0909,-1,0,2,0,2,2.09205020920498,0.0582767681253755,9.55061330785807,6.50000000003104,0.326445444894565,-0.920425588670445,289.527964133869,0.976601194332541,13.2978119129402,6.66403131535171,13.2978142536212,6.6640311708186
15,1,NonStim,0,1,100.234166666667,101.2082,NaN,0.974000000000004,999.999999995225,1,-1,-1,1,0,0,0,0,NaN,NaN,NaN,NaN,NaN,NaN,NaN,6.64890705396507,17.8614792264647,13.2978135121282,6.66402851078571
16,1,NonStim,0,1,103.568566666667,104.5247,NaN,0.956000000000003,999.999999995225,2,0.1818,1,1,0,0,0,0,NaN,NaN,NaN,NaN,NaN,NaN,NaN,13.2978067217078,15.74313828738,13.2978125457561,17.9139795984707
17,1,Stim,1,1,106.760033333333,107.720166666667,-0.0649000000000086,0.960000000000008,999.999999995225,3,-0.0909,-1,0,0,0,0,0,NaN,NaN,NaN,NaN,NaN,NaN,NaN,6.64890666303944,6.66403051484855,13.2978140037341,6.66403075911034
18,1,Stim,1,1,110.327133333333,111.302233333333,-0.0568666666666644,0.975000000000009,999.999999995225,3,-0.6363,-1,1,3,0,3,3.07692307692305,0.0696190293471214,11.9721855815439,10.0000000000477,0.194191230833953,0.256654991439657,52.8879897541039,0.32184160508501,6.6489070955335,6.66402369880721,13.2978140491173,6.66401704468794
19,1,NonStim,0,1,113.677533333333,114.646733333333,NaN,0.969000000000008,999.999999995225,3,0.6363,1,1,0,0,0,0,NaN,NaN,NaN,NaN,NaN,NaN,NaN,6.64890713603302,17.5238272652025,13.2978097964402,6.66403094844114
20,1,NonStim,0,1,116.986266666667,117.9532,NaN,0.967000000000013,999.999999995225,2,-0.4545,-1,1,0,0,0,0,NaN,NaN,NaN,NaN,NaN,NaN,NaN,6.64890708972626,19.4880311138694,13.2978136006958,6.66402823894983
21,1,Stim,1,1,120.462466666667,121.454366666667,-0.0557000000000016,0.992000000000004,999.999999995225,3,0.0909,1,1,0,0,0,0,NaN,NaN,NaN,NaN,NaN,NaN,NaN,6.64890713730892,16.3995331814148,13.2978140292222,6.66402838900682
22,1,Stim,1,1,123.912433333333,124.8855,-0.0500333333333458,0.973000000000013,999.999999995225,3,1,1,1,0,0,0,0,NaN,NaN,NaN,NaN,NaN,NaN,NaN,6.64890670730902,18.534230269548,13.2978109454702,6.66403105500972
23,1,Stim,1,1,127.463166666667,128.4394,-0.0555999999999983,0.975999999999999,999.999999995225,4,-0.6363,-1,1,0,0,0,0,NaN,NaN,NaN,NaN,NaN,NaN,NaN,13.2978067427669,17.530144961789,13.2978137068095,6.66400609906169
24,1,NonStim,0,1,130.863566666667,131.8457,NaN,0.981999999999999,999.999999995225,1,1,1,1,0,2,2,2.03665987780041,0.123624770489813,14.0851325794685,9.50000000004536,-0.0767607221884544,-0.0243275116370788,197.5847914384,0.0805235139157829,6.64890713227454,17.8545624434214,13.2978143076885,6.66402432265852
25,1,Stim,1,1,134.180166666667,135.145366666667,-0.0507333333333122,0.965000000000003,999.999999995225,3,-1,-1,1,1,0,1,1.03626943005181,0.0595778068235738,8.66654904727363,7.00000000003342,-0.446401585609916,0.894832735412017,116.513046730165,1,13.2978143083825,6.66402848988895,19.9467148798239,6.66402594841296
26,1,NonStim,0,1,137.522666666667,138.4966,NaN,0.974000000000018,999.999999995225,1,0.4545,1,1,0,0,0,0,NaN,NaN,NaN,NaN,NaN,NaN,NaN,6.64890624056742,6.66402913769066,13.2978110412838,6.66403143434081
27,1,Stim,1,1,141.023733333333,141.9973,-0.0557333333333645,0.974000000000018,999.999999995225,1,0.3636,1,1,1,1,2,2.05338809034904,0.06673867008749,9.26890801022679,7.50000000003581,0.33176044660259,-0.874078876802808,290.78447608384,0.934921855987338,13.2977890780412,6.66403025664805,13.2978129548827,6.66402390576739
28,1,NonStim,0,1,144.383066666667,145.3569,NaN,0.973000000000013,999.999999995225,1,-0,-1,0,1,0,1,1.02774922918806,0.056921570071533,10.4713795458552,6.00000000002865,-0.350424538802,0.936590968675977,110.513283996504,1,13.2978108602225,6.66402853264968,13.29781289629,17.6360990093253
29,1,NonStim,0,1,147.8,148.7629,NaN,0.962999999999994,999.999999995225,3,-0.6363,-1,1,1,0,1,1.03842159916927,0.0569215757387173,9.54703931535506,6.00000000002865,0.350424615335891,-0.936590940040898,290.513288678451,1,6.64890708042344,6.66403152190344,13.2978118123372,6.66403152094785
30,1,Stim,1,1,150.982466666667,151.956233333333,-0.0535666666666543,0.97399999999999,999.999999995225,3,-0,-1,0,0,0,0,0,NaN,NaN,NaN,NaN,NaN,NaN,NaN,6.64890240791871,6.66401534288176,13.2978121859238,6.66402528136821
31,1,Stim,1,1,154.408233333333,155.3768,-0.0552999999999884,0.968000000000018,999.999999995225,2,0.4545,1,1,0,0,0,0,NaN,NaN,NaN,NaN,NaN,NaN,NaN,6.64890710134466,17.7218989995524,13.2978128083052,16.4196674684892
32,1,NonStim,0,1,157.900333333333,158.8651,NaN,0.965000000000003,999.999999995225,1,0.6363,1,1,1,2,3,3.10880829015543,0.0846125640806354,10.1656723287571,9.3333333333779,-0.101677144811794,-0.915973267095628,263.665842799437,0.921599298942289,6.64890699618641,6.6640198919125,13.2978140408528,6.66403044415428
33,1,Stim,1,1,161.192433333333,162.171633333333,-0.0560666666666805,0.978999999999985,999.999999995225,2,0.3636,1,1,0,0,0,0,NaN,NaN,NaN,NaN,NaN,NaN,NaN,13.2978117734039,13.3280451028704,19.9467030180094,6.66403123209852
34,1,NonStim,0,1,164.5939,165.565833333333,NaN,0.972000000000008,999.999999995225,2,-0.1818,-1,1,1,0,1,1.02880658436213,0.053725261645946,9.15761363206907,6.00000000002865,-0.123757546586355,-0.992312485894905,262.890988669455,1,13.2978071612995,6.66403151794811,13.2978139480517,6.66403140750306
35,1,Stim,1,1,167.960866666667,168.9332,-0.056366666666662,0.972999999999985,999.999999995225,1,0.1818,1,0,0,1,1,1.02774922918809,0.127161015734123,17.326019689252,8.0000000000382,0.732021955356129,-0.681281041037096,317.056170606956,1,13.2978071224552,15.9487409399996,13.297813065897,6.66402267431433
36,1,Stim,1,1,171.543733333333,172.519633333333,-0.0533333333333417,0.975999999999999,999.999999995225,2,-0.4545,-1,1,1,1,2,2.04918032786885,0.105944082787073,16.7788763180922,7.00000000003342,0.40853245482598,-0.91180004080183,294.134788843237,0.999138669581134,6.64890596301173,13.3279748363077,13.2978127790488,6.66402082688199
37,1,Stim,1,1,174.8612,175.8367,-0.0645666666666784,0.975000000000023,999.999999995225,1,0.0909,1,0,1,0,1,1.025641025641,0.0426115935667043,8.9542091414287,9.00000000004297,-0.780175771912522,-0.625560360733239,218.72332826962,1,6.64890715367408,6.6640313857769,13.2978101159288,18.027264647863
38,1,NonStim,0,1,178.2114,179.184966666667,NaN,0.973000000000013,999.999999995225,4,0.1818,1,1,0,0,0,0,NaN,NaN,NaN,NaN,NaN,NaN,NaN,13.2978120405112,6.66402946712028,13.2978140743669,6.66402995262848
39,1,NonStim,0,1,181.588833333333,182.5556,NaN,0.967000000000013,999.999999995225,4,0.0909,1,1,2,0,2,2.06825232678384,0.0635206207283689,11.1342826448684,6.50000000003104,-0.310915004348827,0.945222224541594,108.207753763322,0.995044317453545,6.64890715080672,6.66402800628187,13.2978101746468,17.9410073750701
40,1,Stim,1,1,185.012333333333,185.9875,-0.0504999999999995,0.974999999999994,999.999999995225,2,-0.6363,-1,0,0,1,1,1.02564102564103,0.104261210978658,13.909428654905,9.00000000004297,0.44640116997128,-0.894832942759861,296.513020116994,1,13.297809089241,19.038808871526,13.2978102004202,6.66402836833302
41,1,NonStim,0,1,188.321766666667,189.295033333333,NaN,0.97399999999999,999.999999995225,1,0.0909,1,1,1,0,1,1.02669404517455,0.0685736879879023,10.4713806338084,7.00000000003342,-0.484800149946449,0.874624956545319,118.999379608553,1,6.64890709911272,6.66402918112464,13.2978129548827,6.66402621742598
42,1,NonStim,0,1,191.6716,192.645233333333,NaN,0.974000000000018,999.999999995225,3,-0.0909,-1,0,1,1,2,2.05338809034904,0.0700404323492328,12.5043350780329,6.00000000002865,0.425884607112645,-0.904493258143208,295.21360638042,0.999742843236203,6.64890715150512,6.66402558378279,13.2978143075902,6.66402655908043
43,1,NonStim,0,1,194.997333333333,195.970266666667,NaN,0.973000000000013,999.999999995225,1,0.1818,1,1,2,0,2,2.05549845837613,0.0376527343389937,8.66656038094511,6.50000000003104,-0.974233636207341,-0.158437553280665,189.237024720353,0.987032743229596,6.64890580593979,6.66403062528302,13.2978084155563,6.66403099324569
44,1,Stim,1,1,198.364466666667,199.3282,-0.0491666666666504,0.963999999999999,999.999999995225,4,0.0909,1,1,1,0,1,1.03734439834025,0.0717513297728505,9.48692711223394,8.0000000000382,0.370663899231383,-0.928767071878944,291.756567489315,1,13.2978085236045,4.71217449615118,13.2978119107032,6.66402843416375
45,1,Stim,1,1,201.7065,202.6735,-0.0595333333333485,0.967000000000013,999.999999995225,3,-0.3636,-1,0,0,1,1,1.03412616339192,0.15327253633226,12.4120576598573,15.0000000000716,0,-1,270,1,6.648905534251,6.66402743125327,13.2978130696003,6.66403018456637
46,1,Stim,1,1,205.181966666667,206.156133333333,-0.0520333333333554,0.975000000000023,999.999999995225,2,-1,-1,1,2,1,3,3.07692307692301,0.0471348552069659,8.98198364065752,6.6666666666985,-0.240181658564653,0.952173940665364,104.157272698137,0.981999206920798,6.6489071143761,6.66402178652607,13.2978143089986,6.6640309831003
47,1,NonStim,0,1,208.407466666667,209.3924,NaN,0.985000000000014,999.999999995225,3,0.0909,1,1,2,0,2,2.03045685279185,0.0476781993470926,8.66655703556835,6.00000000002865,0.643591971120672,-0.235720994905215,339.884316738012,0.685401351567165,6.64890687824331,6.66402831416893,13.2978125888917,6.66402876295328
48,1,Stim,1,1,211.792766666667,212.755966666667,-0.0570000000000164,0.962999999999994,999.999999995225,4,-1,-1,1,0,1,1,1.03842159916927,0.0569215820362544,11.0976492084036,6.00000000002865,-0.350424491167219,0.93659098649848,110.513281082455,1,6.64890603568751,15.9890856729109,13.2978142974947,6.66403023898442
49,1,Stim,1,1,215.2,216.173066666667,-0.0515333333333103,0.974000000000018,999.999999995225,1,-0,-1,1,0,0,0,0,NaN,NaN,NaN,NaN,NaN,NaN,NaN,6.64890653759949,17.8468011563291,13.2978008327338,6.66395268688029
50,1,NonStim,0,1,218.600133333333,219.565066666667,NaN,0.965000000000003,999.999999995225,2,-0.6363,-1,1,0,1,1,1.03626943005181,0.10520589481296,18.4555773947162,6.00000000002865,0.821586389927276,-0.57008403230249,325.243914210777,1,13.2978059064865,6.66403046839605,13.2978129499536,6.66402105159149
51,1,NonStim,0,1,221.9846,222.951366666667,NaN,0.966999999999985,999.999999995225,2,0.6363,1,1,35,0,35,36.1944157187183,0.0322375115235307,7.7610260930038,11.4571428571976,-0.0330496880193714,0.058736654716386,119.365399990056,0.0673964130013588,6.64890713723506,3.46944695193705e-15,13.2978141702438,6.66403094202462
52,1,Stim,1,1,225.359766666667,226.328,-0.0529666666666628,0.968999999999994,999.999999995225,1,-0.6363,-1,1,3,3,6,6.19195046439632,0.0812185197608864,12.3467942628555,8.50000000004059,-0.520420522110343,0.205358329342001,158.465770611548,0.559472575971101,19.9467073369479,6.66402997665309,19.9466925368324,6.66401217959736
53,1,Stim,1,1,228.6935,229.657766666667,-0.0573666666666668,0.964000000000027,999.999999995225,4,0.3636,1,1,1,2,3,3.11203319502066,0.132452551791768,16.2255285838042,10.0000000000477,-0.403315655482402,0.0618915179858146,171.275633195074,0.408036858575041,6.64890713227461,6.66403090230858,13.2978132964894,6.66403009256831
54,1,NonStim,0,1,232.102433333333,233.0745,NaN,0.972000000000008,999.999999995225,2,0.4545,1,1,0,2,2,2.05761316872426,0.0997091614150924,12.4949910819742,9.00000000004297,0.076178067512186,0.0583553664930726,37.4535210462079,0.0959606521884464,13.2977966550228,6.66402985701316,13.2978129284691,6.66402997964319
55,1,Stim,1,1,235.710133333333,236.678966666667,-0.0514666666666699,0.967999999999989,999.999999995225,4,1,1,1,0,0,0,0,NaN,NaN,NaN,NaN,NaN,NaN,NaN,13.2978119689439,17.9771530229964,13.2978138087984,6.66403106527556
56,1,Stim,1,1,239.244866666667,240.2266,-0.0535333333333199,0.981999999999999,999.999999995225,3,-0.1818,-1,1,0,0,0,0,NaN,NaN,NaN,NaN,NaN,NaN,NaN,6.64890709868914,17.0921435595944,13.2978123868304,17.8695240891881
57,1,Stim,1,1,242.5616,243.553133333333,-0.0501999999999896,0.99199999999999,999.999999995225,4,-0.1818,-1,1,0,1,1,1.00806451612904,0.0759166600744342,12.9309305642477,7.00000000003342,0.613071040059603,-0.790027784220426,307.811891951974,1,10.5128200678556,17.3241812705783,13.2978141854767,6.66401615148772
58,1,NonStim,0,1,245.937733333333,246.896066666667,NaN,0.959000000000003,999.999999995225,2,0.3636,1,1,0,0,0,0,NaN,NaN,NaN,NaN,NaN,NaN,NaN,13.2978110532483,6.66402663774083,13.2978131674226,6.66403116608275
59,1,NonStim,0,1,249.2977,250.2706,NaN,0.973000000000013,999.999999995225,3,0.3636,1,1,1,0,1,1.02774922918806,0.0744722849778844,12.9447666889546,6.00000000002865,0.446401431200981,-0.894832812441361,296.513036843424,1,13.297807401043,6.66402081509256,13.297812994446,6.6640283544419
60,1,NonStim,0,1,252.7469,253.712333333333,NaN,0.96599999999998,999.999999995225,3,-0.4545,-1,1,1,0,1,1.03519668737062,0.0479795270075576,8.93451187375206,6.00000000002865,-0.831467900273838,-0.555572795243085,213.750176560563,1,6.64890713359482,6.66403041394176,13.2978142256497,6.66403098884637
61,1,NonStim,0,1,256.263366666667,257.238066666667,NaN,0.974999999999966,1000.00000002365,3,0.4545,1,1,0,1,1,1.02564102564106,0.0533122476088316,6.66403144486288,6.99999999983447,0,-1,270,1,6.64890688305085,18.1144349620627,13.2978104192956,6.66402873005608
62,1,NonStim,0,1,259.680866666667,260.6537,NaN,0.973000000000013,1000.00000002365,3,-0.1818,-1,1,2,0,2,2.05549845837613,0.258738607276599,22.7002932264012,17.4999999995862,0.130206733540504,-0.00196540380936627,359.135215291974,0.130221566076521,6.64890702496335,6.66401862414869,13.297814241345,24.3949466360486
63,1,Stim,1,1,263.023466666667,263.988166666667,-0.0600666666666712,0.964999999999975,1000.00000002365,2,0.1818,1,1,1,1,2,2.07253886010368,0.161807880479597,20.6626751342,9.99999999976353,0.595726469932698,-0.803176220414251,306.564818865024,0.999991033968503,13.2978119912802,6.66399611786485,13.2978136959692,6.66400907422581
65,1,NonStim,0,1,269.632066666667,270.6056,NaN,0.973000000000013,1000.00000002365,3,0.1818,1,1,0,0,0,0,NaN,NaN,NaN,NaN,NaN,NaN,NaN,6.64890711762404,6.6640290099551,13.2978094019216,6.66402191560701
66,1,Stim,1,1,273.367166666667,274.332766666667,-0.0623666666666622,0.964999999999975,1000.00000002365,3,0.4545,1,1,1,0,1,1.03626943005184,0.0507338921170879,10.4609625619886,6.99999999983447,0.393163631687765,-0.919468519699336,293.151493589812,1,6.64890715131879,6.66402345176401,13.2978114871307,6.66403134770925
67,1,NonStim,0,1,276.741233333333,277.706266666667,NaN,0.964999999999975,1000.00000002365,2,-0.3636,-1,1,1,1,2,2.07253886010368,0.0520450417997293,9.03834162295903,6.99999999983447,-0.328828497576137,0.876658756942966,110.560712889685,0.936300569765375,13.2978063765303,6.66403151128611,6.64890714553245,6.66402895245746
68,1,Stim,1,1,280.266333333333,281.2235,-0.065466666666623,0.956999999999994,1000.00000002365,3,0.6363,1,1,0,0,0,0,NaN,NaN,NaN,NaN,NaN,NaN,NaN,13.2978054090359,16.7730182477026,13.2978122514756,6.66402059004968
69,1,Stim,1,1,283.608333333333,284.6093,-0.0497999999999479,1.00099999999998,1000.00000002365,1,-1,-1,1,0,0,0,0,NaN,NaN,NaN,NaN,NaN,NaN,NaN,6.64890707446038,6.66402860822384,13.2978115717974,6.66402786994821
70,1,NonStim,0,1,286.984366666667,287.949566666667,NaN,0.964999999999975,1000.00000002365,1,0.3636,1,1,0,0,0,0,NaN,NaN,NaN,NaN,NaN,NaN,NaN,6.64890607912931,18.6842354623102,13.2978120463601,6.66403148122108
71,1,NonStim,0,1,290.3184,291.292966666667,NaN,0.973999999999933,1000.00000002365,3,-1,-1,1,1,0,1,1.02669404517461,0.174205828777796,23.9897638489311,10.9999999997399,0.725171974378449,-0.688567794466211,316.483155952617,1,6.64890687740671,6.66402835249151,13.2978142182251,6.66402967390962
72,1,Stim,1,1,293.6683,294.651133333333,-0.0510999999999626,0.983000000000004,1000.00000002365,3,0.3636,1,1,1,0,1,1.01729399796541,0.0847230628263023,11.0905913463391,7.99999999981083,0.706302982813571,-0.707909666884591,314.934906411215,1,6.64890715456901,6.66403006601661,13.2978142543573,6.66403089964528
73,1,Stim,1,1,297.027866666667,297.995833333333,-0.0541000000000054,0.967999999999961,1000.00000002365,4,0.1818,1,1,2,1,3,3.09917355371913,0.059904090775363,8.84622092690519,7.66666666648537,-0.480471958208178,-0.664853598193414,234.145364609364,0.820294830932837,6.64890715290186,6.6640287159761,13.2978097717376,6.66401627906376
74,1,NonStim,0,1,300.377033333333,301.355966666667,NaN,0.978000000000009,1000.00000002365,1,-0.1818,-1,1,0,1,1,1.02249488752555,0.136982819327999,19.9914674476403,6.99999999983447,0.873688030848196,-0.486486613127845,330.890082755081,1,13.2978116813089,18.5510597235297,19.9467186880911,6.66402889918108
75,1,Stim,1,1,303.603766666667,304.5714,-0.0530333333333601,0.968000000000018,1000.00000002365,4,-0.3636,-1,1,1,1,2,2.0661157024793,0.0588869545841659,8.21829115990148,6.99999999983447,0.385575376857195,-0.909405336188169,292.976277726897,0.987768412496616,6.64890213035157,6.66403136968522,13.2978083564256,6.66403057691691
76,1,Stim,1,1,306.820266666667,307.785533333333,-0.054366666666624,0.964999999999975,1000.00000002365,1,-0.4545,-1,1,1,0,1,1.03626943005184,0.0668221837121416,9.41367370470392,10.9999999997399,-0.995014753463706,0.0997278315695297,174.27650197009,1,6.64890680373526,6.66402858869564,13.2978077231446,6.66403096946457
77,1,NonStim,0,1,309.995366666667,310.968733333333,NaN,0.973000000000013,1000.00000002365,4,-0.4545,-1,1,0,0,0,0,NaN,NaN,NaN,NaN,NaN,NaN,NaN,13.29779987205,6.66402862461814,13.2978020143228,6.66402951274319
78,1,Stim,1,1,313.171033333333,314.1445,-0.0529666666666344,0.972999999999956,1000.00000002365,1,-0.3636,-1,1,0,0,0,0,NaN,NaN,NaN,NaN,NaN,NaN,NaN,6.64890713702774,16.6655722981366,13.2978138046966,6.66402670410025
79,1,Stim,1,1,316.506066666667,317.473766666667,-0.05499999999995,0.966999999999985,1000.00000002365,3,-0.4545,-1,1,0,0,0,0,NaN,NaN,NaN,NaN,NaN,NaN,NaN,6.64890710439365,6.66402306148244,13.2978121780743,6.6640242014499
80,1,NonStim,0,1,319.855266666667,320.841,NaN,0.98599999999999,1000.00000002365,4,-0.3636,-1,1,1,1,2,2.02839756592294,0.258305013696908,27.8169134001734,12.9999999996926,0.116359729244757,0.993200138686457,83.3178949942336,0.999993051014211,6.64890705769076,22.4585870159708,13.2978115577758,6.66396047195382
81,1,Stim,1,1,323.1227,324.098233333333,-0.0584999999999241,0.975999999999999,1000.00000002365,4,-0.0909,-1,1,0,0,0,0,NaN,NaN,NaN,NaN,NaN,NaN,NaN,6.64890713589464,6.6640202699821,13.2978134241223,6.66402874109413
82,1,Stim,1,1,326.506833333333,327.471366666667,-0.0548666666666122,0.964999999999975,1000.00000002365,1,-0.1818,-1,0,0,0,0,0,NaN,NaN,NaN,NaN,NaN,NaN,NaN,13.2978102776347,6.66402559860352,13.2978140979888,6.66402318508509
83,1,Stim,1,1,329.8814,330.848733333333,-0.0568666666666786,0.966999999999985,1000.00000002365,1,-0.0909,-1,1,1,1,2,2.0682523267839,0.0834383289622685,11.1021844579428,8.499999999799,-0.0414291710167177,-0.998280667685259,267.623558798959,0.999139964011679,6.64890681079082,6.66402789288235,13.2978115242272,6.66403079827836
84,1,NonStim,0,1,333.265466666667,334.229866666667,NaN,0.963999999999942,1000.00000002365,4,-0,-1,1,0,0,0,0,NaN,NaN,NaN,NaN,NaN,NaN,NaN,13.2978068078432,6.66403133208805,13.2978017730644,6.66403041982765
85,1,NonStim,0,1,336.5073,337.474733333333,NaN,0.966999999999985,1000.00000002365,4,-0.1818,-1,1,1,0,1,1.03412616339195,0.0595778461339342,8.95420624529482,6.99999999983447,-0.446401278355429,0.894832888690754,116.513027056786,1,6.64890712835839,6.6640314002934,19.9467046673382,18.1433839641689
86,1,Stim,1,1,339.716333333333,340.693,-0.052066666666633,0.976999999999975,1000.00000002365,2,1,1,1,2,2,4,4.09416581371556,0.0876107997891194,13.3702041342506,8.499999999799,0.0655858747514324,0.00661644966457481,5.76063664733815,0.0659187710221787,6.64890620202068,6.66402900137184,13.2978019522181,6.66403147310757
87,1,Stim,1,1,343.2678,344.2326,-0.0627000000000066,0.965000000000032,1000.00000002365,2,0.6363,1,1,1,0,1,1.03626943005178,0.0537252616124078,8.66656057250134,6.99999999983447,-0.12375754179823,0.992312486492062,97.1090110540806,1,13.2978105215066,6.66402896593163,13.2978138650458,6.66403014620538
88,1,Stim,1,1,346.484566666667,347.449466666667,-0.0560666666666521,0.964999999999975,1000.00000002365,2,-0.1818,-1,1,0,1,1,1.03626943005184,0.053725246079844,7.02290881762301,6.99999999983447,0.123757460951813,-0.992312496574925,277.109006386036,1,6.64890702511485,18.5362803434777,13.2978119588509,6.66402937790362
89,1,Stim,1,1,349.826866666667,350.817,-0.0542666666666491,0.990999999999985,1000.00000002365,3,0.1818,1,1,1,0,1,1.0090817356206,0.0603435461313884,7.84471292212639,9.99999999976353,-0.110184220344192,-0.993911181940893,263.674064829982,1,6.6489071299856,6.6640261328681,13.2978128447533,6.66402586603084
90,1,NonStim,0,1,353.3437,354.324066666667,NaN,0.980999999999995,1000.00000002365,4,0.3636,1,1,2,0,2,2.03873598369012,0.0503967630978569,8.20071428512214,8.499999999799,0.291273019613993,0.142201756430836,26.0219905976439,0.324131626792371,6.64890693095378,6.66401138195466,13.2978134937174,6.6640287461042
91,1,NonStim,0,1,356.7355,357.7029,NaN,0.966999999999985,1000.00000002365,2,0.0909,1,0,0,1,1,1.03412616339195,0.0537252621961197,8.66656152424219,6.99999999983447,-0.123757554413407,-0.992312484918744,262.890988217523,1,13.2978113577131,6.66402978582261,13.2978141195361,6.66402964682865
93,1,NonStim,0,1,363.144433333333,364.126,NaN,0.981999999999971,1000.00000002365,1,-0.0909,-1,1,0,0,0,0,NaN,NaN,NaN,NaN,NaN,NaN,NaN,6.64890703839538,6.66402077199853,13.2978130567023,6.66402838877002
94,1,NonStim,0,1,366.386033333333,367.3529,NaN,0.965999999999951,1000.00000002365,2,-0,-1,1,1,0,1,1.03519668737065,0.0731379171676767,11.3019542539015,6.99999999983447,-1,0,180,1,6.6489071494278,6.66402323703845,13.2978127847409,6.66402815144137
95,1,Stim,1,1,369.853166666667,370.8259,-0.054366666666624,0.97199999999998,1000.00000002365,2,0.0909,1,1,0,0,0,0,NaN,NaN,NaN,NaN,NaN,NaN,NaN,13.297808970615,6.66403051503795,13.2978130998995,6.66402867047967
96,1,NonStim,0,1,373.420066666667,374.397966666667,NaN,0.976999999999975,1000.00000002365,4,-1,-1,1,2,0,2,2.04708290685778,0.0598749417999818,8.43045456182666,6.99999999983447,-0.43977879203591,0.892564909719695,116.230090735083,0.995026383563517,6.64890551840303,6.664028159161,13.2978126957628,17.9194167996859
97,1,Stim,1,1,376.771366666667,377.7453,-0.0529999999999973,0.97399999999999,1000.00000002365,4,0.4545,1,1,0,31,31,31.827515400411,0.0362636458694279,8.14726944656395,11.1290322578013,-0.0144651640455981,-0.0797400717234921,259.71812941756,0.0810414709228165,13.2978019700625,6.66402907621533,13.2978093285275,6.93889390407131e-15
98,1,NonStim,0,1,380.105733333333,381.070266666667,NaN,0.964999999999975,1000.00000002365,2,-0.0909,-1,0,0,0,0,0,NaN,NaN,NaN,NaN,NaN,NaN,NaN,13.29779424935,6.6640299641024,13.2978133008937,6.66403056693541
100,1,NonStim,0,1,385.0393,385.999466666667,NaN,0.95999999999998,1000.00000002365,2,-1,-1,1,2,1,3,3.12500000000007,0.060880855507393,7.81982988480285,7.66666666648537,-0.239580501066107,0.953616271227029,104.102749508806,0.983251142506343,6.64890715455217,6.66401779810864,13.2978134157962,6.66402694886588
101,1,Stim,1,1,388.2562,389.214766666667,-0.0652000000000044,0.95799999999997,1000.00000002365,2,-0.3636,-1,1,0,1,1,1.04384133611694,0.101658649425248,15.4210634358077,6.99999999983447,0.523233917417737,-0.852189103229846,301.549427358451,1,13.2977862573944,17.7715420095591,13.297812231009,6.66402757121615
102,1,NonStim,0,1,391.6232,392.588,NaN,0.964999999999975,1000.00000002365,1,-0.3636,-1,1,0,0,0,0,NaN,NaN,NaN,NaN,NaN,NaN,NaN,6.64890715002193,6.66403018892828,13.2978136121477,6.66402927780949
103,1,Stim,1,1,394.965033333333,395.960666666667,-0.0523333333333085,0.994999999999948,1000.00000002365,1,1,1,1,0,0,0,0,NaN,NaN,NaN,NaN,NaN,NaN,NaN,6.64890705698115,6.66402258493991,13.2978142960727,6.66402523494573
104,1,NonStim,0,1,398.367133333333,399.326066666667,NaN,0.959000000000003,1000.00000002365,3,-0,-1,1,1,0,1,1.04275286757038,0.056921581607553,9.41367409039503,6.99999999983447,0.350424517404349,-0.936590976681886,290.513282687507,1,13.2978125215585,6.66402426146633,13.2978142079797,6.6640279408093
105,1,Stim,1,1,401.683033333333,402.668333333333,-0.0606999999999402,0.984999999999957,1000.00000002365,4,0.6363,1,1,33,0,33,33.5025380710675,0.0299070966631804,7.27605785090824,10.818181817926,-0.0465588386614692,-0.0260790600206468,209.254550349125,0.0533651836787359,6.64890526425953,6.93889390407131e-15,13.2978106174936,6.66403124103834
106,1,NonStim,0,1,405.025366666667,406.000733333333,NaN,0.974999999999966,1000.00000002365,1,-0.4545,-1,1,0,0,0,0,NaN,NaN,NaN,NaN,NaN,NaN,NaN,13.2978032913247,17.7258873372365,13.2978142014041,6.66402837918717
108,1,NonStim,0,1,411.434633333333,412.4003,NaN,0.965999999999951,1000.00000002365,4,-0.0909,-1,0,0,0,0,0,NaN,NaN,NaN,NaN,NaN,NaN,NaN,6.64890710235882,17.6755563305115,13.2978119250946,6.66402942485455
109,1,Stim,1,1,414.743466666667,415.7095,-0.0632999999999697,0.965999999999951,1000.00000002365,4,-0.4545,-1,1,1,1,2,2.07039337474131,0.197058611468628,20.7952907322959,11.9999999997162,0.587047118773772,-0.775911734594447,307.110787721118,0.972966258172374,6.64890606730417,18.5385490117654,13.2978126870776,6.66402547366257
110,1,NonStim,0,1,418.068633333333,419.0427,NaN,0.973999999999933,1000.00000002365,3,1,1,1,1,1,2,2.05338809034922,0.125169164960553,14.2321073337622,11.4999999997281,0.661628266112587,-0.747454605220153,311.514456749359,0.998218587977585,6.64890671149133,6.6640307724053,13.2978136534935,6.66402624801537
111,1,Stim,1,1,421.452466666667,422.418633333333,-0.0532666666666159,0.966000000000008,1000.00000002365,4,-0,-1,1,0,0,0,0,NaN,NaN,NaN,NaN,NaN,NaN,NaN,6.64890711396289,16.9714670679995,13.2978100784675,6.66403033284688
112,1,NonStim,0,1,424.827533333333,425.813066666667,NaN,0.98599999999999,1000.00000002365,2,0.6363,1,1,2,1,3,3.04259634888441,0.17841567468641,20.2007489773376,11.3333333330653,0.0513410722737511,-0.997375416231319,272.946766678434,0.998695963046219,13.2978040042113,6.6640052750879,13.297813010986,6.66401952255309
113,1,Stim,1,1,428.0941,429.0684,-0.0501333333332923,0.973999999999933,1000.00000002365,4,-0,-1,0,0,0,0,0,NaN,NaN,NaN,NaN,NaN,NaN,NaN,6.64890709887804,16.4115568353058,13.2978140184078,6.664030608853
115,1,Stim,1,1,433.1203,434.103333333333,-0.0518000000000143,0.983000000000004,1000.00000002365,1,-0.3636,-1,1,1,0,1,1.01729399796541,0.0614327644928275,7.4472345559182,7.99999999981083,0.216461246751648,-0.976291210989181,282.501269565737,1,6.64890653355051,6.66402491771345,13.2978123034432,6.6640275052467
116,1,Stim,1,1,436.487633333333,437.464266666667,-0.0629999999999882,0.976999999999975,1000.00000002365,3,-0.1818,-1,0,0,0,0,0,NaN,NaN,NaN,NaN,NaN,NaN,NaN,6.64890684798456,17.1501621792065,13.2978120336099,15.8993193611438
117,1,NonStim,0,1,439.763333333333,440.7288,NaN,0.964999999999975,1000.00000002365,2,0.4545,1,1,1,0,1,1.03626943005184,0.0603436946165512,7.44723277515317,7.99999999981083,0.110183870940448,0.993911220675458,83.6740849719821,1,6.6489071461539,6.66401860040968,13.2978132808487,6.66402751487615
118,1,NonStim,0,1,443.105366666667,444.073933333333,NaN,0.967999999999961,1000.00000002365,4,-0,-1,0,1,1,2,2.06611570247942,0.0896220519405372,11.3708672578522,8.499999999799,0.420770796621831,-0.86813263942682,295.858768344995,0.964729155218162,13.297810342572,6.66403121102118,13.2978140668887,6.66403102840511
119,1,NonStim,0,1,446.4973,447.470833333333,NaN,0.973000000000013,1000.00000002365,4,-0.1818,-1,1,0,1,1,1.02774922918806,0.21417956794315,27.0221401043846,10.9999999997399,0.093130827607915,-0.99565388009542,275.343747131782,1,6.64890689447039,21.3301243006288,13.2978118065784,6.66403039439813
120,1,NonStim,0,1,449.897866666667,450.871933333333,NaN,0.973999999999933,1000.00000002365,4,1,1,1,1,0,1,1.02669404517461,0.027417816775708,8.00357851385001,8.99999999978718,0.970012567917605,-0.243054763544954,345.933094606842,1,6.64890713933785,6.66402769564332,13.2978135001192,6.66402114873692
122,1,Stim,1,1,454.8487,455.822066666667,-0.0548666666666122,0.97399999999999,1000.00000002365,1,-0.0909,-1,0,1,1,2,2.0533880903491,0.16991235398608,17.3080485597456,13.4999999996808,-0.470845531800645,-0.881780357619464,241.899056074516,0.999615983215626,13.2978066871794,6.66402621069412,13.297813734972,6.6640284110732
123,1,Stim,1,1,458.3152,459.285,-0.0559666666666772,0.970000000000027,1000.00000002365,1,0.6363,1,1,0,1,1,1.03092783505152,0.0537252601462859,8.00358013415243,6.99999999983447,-0.123757541250391,0.992312486560387,97.1090110224485,1,6.64890701775087,17.0659345786559,13.2978121977984,6.66403049008157
125,1,Stim,1,1,463.291233333333,464.263833333333,-0.055533333333301,0.97199999999998,1000.00000002365,3,0.3636,1,1,0,2,2,2.05761316872432,0.0847344187884449,11.3708442691809,8.499999999799,-0.344209647993532,0.932552353422321,110.259350930178,0.994049381894754,13.2978071500339,19.0316875805168,13.2978126977453,6.66403083424361
126,1,NonStim,0,1,466.5332,467.514966666667,NaN,0.980999999999995,1000.00000002365,1,-1,-1,1,0,1,1,1.01936799184506,0.0537252593604593,7.02291088057137,6.99999999983447,-0.123757170797314,0.992312532761853,97.1089896326166,1,6.64890524611353,18.2002533169961,13.2977665266447,6.66402818995116
127,1,NonStim,0,1,469.850866666667,470.835233333333,NaN,0.984999999999957,1000.00000002365,2,0.0909,1,0,39,1,40,40.6091370558393,0.0390723386131198,8.15719000477243,10.3749999997547,-0.0948165659114446,0.0615364265120407,147.016227014054,0.113035007670682,6.6489070277511,1.38777878081426e-14,13.2978129350028,6.66401740595994
128,1,Stim,1,1,473.2843,474.258533333333,-0.0491999999999848,0.973999999999933,1000.00000002365,2,0.6363,1,1,1,1,2,2.05338809034922,0.165807098726069,19.1711064939938,9.99999999976353,0.637119076194363,-0.750421944599323,310.331738198407,0.984405308898214,13.2977946904051,19.6272825897605,13.297811212003,6.66401862199149
129,1,Stim,1,1,476.518233333333,477.4918,-0.0622333333332676,0.972999999999956,1000.00000002365,2,-0,-1,0,1,1,2,2.05549845837625,0.176662819144603,19.9920720108408,12.9999999996926,-0.0199387762036784,-0.999602287027891,268.857289278219,0.999801123738062,13.2978114514723,6.66402650423793,13.2978142038941,6.66402610633436
130,1,NonStim,0,1,479.810433333333,480.783233333333,NaN,0.973000000000013,1000.00000002365,4,0.1818,1,1,1,1,2,2.05549845837613,0.191791656819229,14.0751924752896,17.4999999995862,-0.1428905182441,-0.989654966359967,261.784173253682,0.999917322904757,13.2978099993858,6.66403116735476,13.2978136578119,6.6640315186657
131,1,NonStim,0,1,483.135966666667,484.109733333333,NaN,0.973999999999933,1000.00000002365,1,0.1818,1,1,0,1,1,1.02669404517461,0.0549456728550581,8.00357793623405,6.99999999983447,-0.242017424080018,0.970271903355793,104.005641007981,1,6.64890680338055,6.66403027908116,13.2978054796667,6.66403051685024
132,1,NonStim,0,1,486.552233333333,487.526133333333,NaN,0.97399999999999,1000.00000002365,2,-0.1818,-1,1,0,0,0,0,NaN,NaN,NaN,NaN,NaN,NaN,NaN,6.64890714530115,16.6309216578149,13.2978135384862,6.66403150008623
133,1,NonStim,0,1,489.7783,490.7432,NaN,0.964999999999975,1000.00000002365,3,-1,-1,1,2,0,2,2.07253886010368,0.0603661744571598,10.6960466939821,7.99999999981083,-0.146848498351981,-0.353954823224305,247.467454034498,0.383208165821112,6.64890543703342,6.66402531303498,13.2978119180751,6.66402937316065
134,1,Stim,1,1,493.303966666667,494.2795,-0.0642999999999461,0.975999999999999,1000.00000002365,2,-0.1818,-1,0,0,1,1,1.02459016393443,0.0537252315027362,9.4136742868701,6.99999999983447,-0.123757626125205,0.99231247597511,97.1090159230909,1,6.64890705320271,17.1576023708746,13.297813995128,6.6640215616591
135,1,NonStim,0,1,496.537366666667,497.5296,NaN,0.991999999999962,1000.00000002365,2,0.1818,1,0,1,0,1,1.00806451612907,0.093084672989356,13.297813291373,7.99999999981083,1,0,0,1,6.64890715217088,6.66403151018303,19.9466980889409,6.66402538766102
136,1,Stim,1,1,499.929933333333,500.905733333333,-0.0645666666666784,0.975999999999942,1000.00000002365,1,0.0909,1,1,0,0,0,0,NaN,NaN,NaN,NaN,NaN,NaN,NaN,13.2978089745131,6.66403041719049,13.2978136351868,16.5262776764216
137,1,NonStim,0,1,503.1313,504.1041,NaN,0.972999999999956,1000.00000002365,1,-0.1818,-1,1,0,0,0,0,NaN,NaN,NaN,NaN,NaN,NaN,NaN,6.64890691099227,6.66403078539817,13.2977995811751,6.66402377776744
138,1,Stim,1,1,506.355433333333,507.311866666667,-0.0636333333333141,0.95599999999996,1000.00000002365,2,-0.0909,-1,1,0,0,0,0,NaN,NaN,NaN,NaN,NaN,NaN,NaN,13.297811052099,6.6640187725595,13.297813667662,6.66402567541844
139,1,Stim,1,1,509.772366666667,510.7465,-0.0531999999999471,0.973999999999933,1000.00000002365,1,-0.6363,-1,1,0,1,1,1.02669404517461,0.086887046556282,11.1067102081765,8.99999999978718,0.0765235638470427,-0.997067773110809,274.388767701753,1,6.64890713455659,17.1746051533146,13.2978071662785,6.6640256205167
140,1,NonStim,0,1,513.149866666667,514.133233333333,NaN,0.984000000000037,1000.00000002365,4,0.6363,1,1,0,2,2,2.03252032520317,0.0941959133961316,12.4960421695245,8.499999999799,0.145921009846503,-0.984514946911,278.430781229574,0.995270125044348,13.2977976923588,19.3628397314932,13.2978143082833,6.66403127472559
141,1,Stim,1,1,516.506633333333,517.480633333333,-0.0606333333332714,0.974000000000046,1000.00000002365,4,-1,-1,1,0,0,0,0,NaN,NaN,NaN,NaN,NaN,NaN,NaN,6.64890695195358,6.66402897073528,13.2978112845609,6.66402820024637
143,1,NonStim,0,1,521.533,522.489866666667,NaN,0.956999999999994,1000.00000002365,3,1,1,1,0,0,0,0,NaN,NaN,NaN,NaN,NaN,NaN,NaN,6.64890690564481,18.6366819228126,13.2978133622091,6.66402206397189
144,1,Stim,1,1,524.834166666667,525.8111,-0.0568333333333157,0.976999999999975,1000.00000002365,3,-0.0909,-1,0,1,0,1,1.02354145342889,0.0148741773616045,8.06884762275246,9.99999999976353,0.894020080455974,0.448026891761526,26.617161676295,1,6.64890683492112,6.66402920517024,13.2978141920257,6.66402744116011
146,1,NonStim,0,1,529.819,530.784933333333,NaN,0.966000000000008,1000.00000002365,4,-0.3636,-1,1,0,0,0,0,NaN,NaN,NaN,NaN,NaN,NaN,NaN,13.2978133331585,15.3698885324251,13.2978121594997,6.66403093807046
147,1,Stim,1,1,533.159533333333,534.1254,-0.0612999999999602,0.966000000000008,1000.00000002365,2,1,1,1,0,1,1,1.03519668737059,0.0906227571919563,12.4120528949706,9.99999999976353,-0.293476263051162,0.955966360823186,107.066189906704,1,13.2978009137714,6.66402770151885,13.2978116620647,6.66400967622234
148,1,NonStim,0,1,536.5593,537.537333333333,NaN,0.978000000000065,1000.00000002365,2,-0.0909,-1,0,0,0,0,0,NaN,NaN,NaN,NaN,NaN,NaN,NaN,13.2977975426639,6.66403015564904,13.2978142139765,6.66401093060322
151,1,NonStim,0,1,544.318233333333,545.293666666667,NaN,0.975000000000023,1000.00000002365,4,0.4545,1,1,0,0,0,0,NaN,NaN,NaN,NaN,NaN,NaN,NaN,13.2978069171834,6.66402813376333,13.2978120257179,6.66403133841442
153,1,NonStim,0,1,550.6547,551.6186,NaN,0.964000000000055,1000.00000002365,3,0.6363,1,1,1,3,4,4.14937759336076,0.135051905149715,17.7439398294776,9.49999999977535,0.31341507149396,-0.248549594693261,321.584299066298,0.400007385009013,6.64890566062447,18.9116964199512,13.2978048942847,6.66401231426272
154,1,Stim,1,1,554.145033333333,555.110066666667,-0.0625999999999749,0.965000000000032,1000.00000002365,2,-1,-1,1,1,1,2,2.07253886010356,0.16370368450789,19.6745652460782,8.99999999978718,0.755815194487612,-0.646144423681972,319.472954560527,0.994363728458382,13.2978143094819,6.66403004488482,13.2978138619075,17.4263843293993
155,1,Stim,1,1,557.5051,558.482,-0.0564333333333025,0.976999999999975,1000.00000002365,4,-0.4545,-1,1,0,0,0,0,NaN,NaN,NaN,NaN,NaN,NaN,NaN,6.64890714162433,17.3554929148293,13.2978134863554,6.66402886107281
156,1,NonStim,0,1,560.855,561.811066666667,NaN,0.956999999999994,1000.00000002365,3,0.4545,1,1,0,0,0,0,NaN,NaN,NaN,NaN,NaN,NaN,NaN,13.2977943969131,15.8405956188477,13.2978141086875,6.66403136824858
157,1,Stim,1,1,564.2309,565.195866666667,-0.0599333333332197,0.965000000000032,1000.00000002365,2,-0.4545,-1,1,0,2,2,2.07253886010356,0.0612030520064444,9.41366770361822,6.99999999983447,-0.0413655536835149,-0.0231467951369502,209.229932687663,0.0474012991030382,13.2978063546012,17.1432362535028,13.2978124203623,6.66402938987634
158,1,NonStim,0,1,567.5886,568.575066666667,NaN,0.986999999999966,1000.00000002365,4,-0.6363,-1,1,2,3,5,5.06585612968609,0.184656274630308,19.2880056734498,11.9999999997162,-0.0698141178300285,0.14285464481682,116.04510073448,0.159001448402601,13.2978046591092,6.66399405545463,13.297812371189,6.66403007109467
160,1,NonStim,0,1,573.739133333333,574.716266666667,NaN,0.976999999999975,1000.00000002365,3,-0.3636,-1,1,0,2,2,2.04708290685778,0.0559336275788666,9.54708376124624,6.99999999983447,-0.296220842529649,-0.953431487641051,252.740545989702,0.998387895146171,13.2978138172457,16.4029937417689,19.946716519756,6.66403067331097
162,1,Stim,1,1,578.8981,579.854266666667,-0.0658999999999423,0.956000000000017,1000.00000002365,2,0.0909,1,1,0,0,0,0,NaN,NaN,NaN,NaN,NaN,NaN,NaN,6.64890667241573,17.5229290526642,13.2978139597786,6.66402575077653
163,1,NonStim,0,1,582.290366666667,583.264333333333,NaN,0.973999999999933,1000.00000002365,3,-0,-1,0,0,1,1,1.02669404517461,0.262014292893513,24.4598912507871,13.9999999996689,0.126880542875435,-0.991918004594954,277.289367755775,1,13.2977870186814,20.9181083465396,13.2978141000561,6.66401110881085
164,1,Stim,1,1,585.632366666667,586.598266666667,-0.0526333333333469,0.965999999999894,1000.00000002365,1,0.1818,1,1,4,0,4,4.14078674948285,0.0775398614931222,10.9924134309332,8.74999999979309,0.206917423903884,0.185285533034199,41.8430591211226,0.277750875906426,6.64890684997019,6.66399941075382,19.9466984197667,6.66401341921389
165,1,NonStim,0,1,588.8417,589.814933333333,NaN,0.972999999999956,1000.00000002365,4,-0.0909,-1,1,2,1,3,3.08324768756437,0.0953008545445116,15.4642600595562,10.333333333089,0.333333333333333,0,0,0.333333333333333,6.64890681254347,6.66402804580142,13.2978089944542,17.1997133323149
166,1,Stim,1,1,592.166833333333,593.141166666667,-0.0557666666666137,0.974999999999909,1000.00000002365,4,-0.6363,-1,1,0,0,0,0,NaN,NaN,NaN,NaN,NaN,NaN,NaN,6.64890675158107,16.5557787178085,13.2978142641866,17.4382603015187
167,1,Stim,1,1,595.5342,596.517,-0.0517999999999574,0.983000000000061,1000.00000002365,4,-0.3636,-1,1,3,0,3,3.05188199389605,0.0619042336123926,10.7625388510444,6.99999999983447,0.0463306907288047,-0.298503340936972,278.82248003406,0.302077436188045,6.64890700575897,6.66401839448304,13.2978143087835,19.534789777594
168,1,NonStim,0,1,598.8595,599.831733333333,NaN,0.97199999999998,1000.00000002365,1,-0.6363,-1,1,0,0,0,0,NaN,NaN,NaN,NaN,NaN,NaN,NaN,6.64890713797111,6.66402958957035,13.2978126063226,18.1329678656042
171,1,Stim,1,1,605.910166666667,606.8749,-0.0620999999999867,0.964000000000055,1000.00000002365,3,0.4545,1,1,0,0,0,0,NaN,NaN,NaN,NaN,NaN,NaN,NaN,6.64890480207996,17.8383801537435,13.2978098415868,6.66403152605945
172,1,NonStim,0,1,609.244366666667,610.218466666667,NaN,0.973999999999933,1000.00000002365,3,0.3636,1,1,0,0,0,0,NaN,NaN,NaN,NaN,NaN,NaN,NaN,13.2978078131677,6.66402264052256,13.2978138296367,6.66403152686404
173,1,NonStim,0,1,612.644633333333,613.621966666667,NaN,0.976999999999975,1000.00000002365,1,-0.0909,-1,1,0,0,0,0,NaN,NaN,NaN,NaN,NaN,NaN,NaN,6.64890688242664,6.6640252409699,13.2978123287761,6.66403081662785
174,1,Stim,1,1,616.0114,616.976433333333,-0.0639333333333525,0.965000000000032,1000.00000002365,3,0.0909,1,1,1,1,2,2.07253886010356,0.23945864172037,21.3349793243373,15.9999999996217,0.731052393510234,-0.587441255811509,321.216186444441,0.937829851884895,13.2977744303103,6.6640250574624,13.2978141724125,6.66399004609257
175,1,NonStim,0,1,619.404533333333,620.370466666667,NaN,0.966000000000008,1000.00000002365,2,-0,-1,1,1,1,2,2.07039337474118,0.211484604674754,25.1850067735868,11.4999999997281,0.550491846646531,-0.834830975035989,303.401063929992,0.999992015020044,13.2978093158181,6.66403063059934,19.9467108221712,6.66403095136966
176,1,NonStim,0,1,622.687566666667,623.652133333333,NaN,0.965000000000032,1000.00000002365,2,1,1,1,4,0,4,4.14507772020712,0.0913639937162595,12.8352882906004,7.99999999981083,-0.0920343826165829,0.435426183442941,101.934730354153,0.445046389504849,6.64890708044932,6.66402690636281,13.2978129505723,18.1167162092358
177,1,Stim,1,1,626.046833333333,627.013033333333,-0.0512666666666064,0.966999999999985,1000.00000002365,3,0.1818,1,1,0,1,1,1.03412616339195,0.0954048930214393,11.3256874484852,8.99999999978718,0.209074404724118,-0.977899735805904,282.068115521056,1,13.2978014480596,18.8027849821489,13.2978131947693,6.66402768976331
178,1,Stim,1,1,629.3714,630.346066666667,-0.0504999999999427,0.975000000000023,1000.00000002365,1,-1,-1,1,1,1,2,2.051282051282,0.0975663586606581,12.6663036556944,8.99999999978718,0.140307853577616,0.989817846141319,81.9320065672162,0.999712789912882,13.2978138453361,6.66403028243429,13.2978136603306,6.66403060770125
179,1,NonStim,0,1,632.739366666667,633.713366666667,NaN,0.973999999999933,1000.00000002365,2,0.3636,1,1,0,1,1,1.02669404517461,0.110838015924836,16.6464751234532,7.99999999981083,-0.539888336294613,-0.841736647849572,237.323962261867,1,6.64890689508067,16.7188698807908,13.297813833409,6.66401992485292
180,1,Stim,1,1,636.122966666667,637.0991,-0.0524000000000342,0.976999999999975,1000.00000002365,1,0.4545,1,1,0,0,0,0,NaN,NaN,NaN,NaN,NaN,NaN,NaN,6.64890689140825,6.66403150920941,13.2978084036468,6.66402945954425
181,1,NonStim,0,1,639.4903,640.447766666667,NaN,0.956999999999994,1000.00000002365,2,-0.3636,-1,1,0,0,0,0,NaN,NaN,NaN,NaN,NaN,NaN,NaN,6.64890714916241,6.66402931994695,13.2978141801351,6.66403097125819
182,1,NonStim,0,1,642.833866666667,643.805266666667,NaN,0.97199999999998,1000.00000002365,3,-0.6363,-1,1,0,0,0,0,NaN,NaN,NaN,NaN,NaN,NaN,NaN,6.64890700663228,18.4027084847824,13.2978141781048,6.6640299518239
183,1,Stim,1,1,646.2651,647.232733333333,-0.0541000000000622,0.966999999999985,1000.00000002365,1,-0.1818,-1,0,2,0,2,2.0682523267839,0.129225492966957,14.3394367318354,10.9999999997399,0.476805832963411,-0.750318762490026,302.434775880974,0.889000589253177,6.64890714360123,6.66402459109922,13.2978068101541,6.66403128103168
184,1,Stim,1,1,649.584833333333,650.549866666667,-0.0574333333333925,0.964999999999918,1000.00000002365,3,-1,-1,1,0,0,0,0,NaN,NaN,NaN,NaN,NaN,NaN,NaN,6.64890715026583,6.66403116373975,13.2978135421976,6.66403033874783
185,1,NonStim,0,1,652.958233333333,653.9496,NaN,0.990999999999985,1000.00000002365,1,-0.4545,-1,1,2,0,2,2.0181634712412,0.0451207994641503,8.25563397407111,7.49999999982265,-0.175212658497051,0.968295338757921,100.256665801135,0.984019989003232,6.64890710358445,6.66401536963439,13.2978132363722,6.66401419021832
186,1,Stim,1,1,656.3001,657.2686,-0.0700333333332992,0.967999999999961,1000.00000002365,3,-0,-1,0,2,1,3,3.09917355371913,0.240125026412171,22.8960342181253,15.3333333329707,-0.0221229769675986,-0.33259838394256,266.194543138953,0.333333333333333,6.64890632728772,6.66401926316572,19.9466345032851,6.6640231520974
187,1,Stim,1,1,659.6171,660.584733333333,-0.050133333333406,0.966999999999871,1000.00000002365,3,0.6363,1,1,35,1,36,37.2285418821146,0.0351109095882297,7.67701388883272,10.0555555553178,0.148412470006156,0.0812502658624624,28.6990530460438,0.16919771557574,6.64890551457301,3.46944695203566e-15,13.2978136582832,6.66402900041724
188,1,Stim,1,1,662.9511,663.919833333333,-0.0561333333333778,0.967999999999961,1000.00000002365,4,-0.0909,-1,0,1,0,1,1.03305785123971,0.0595778327504789,9.41367139639206,6.99999999983447,-0.44640134121083,0.894832857334358,116.513031081391,1,13.2978093262138,6.66402771560522,19.9467054518058,6.66403072549614
189,1,NonStim,0,1,666.376933333333,667.350166666667,NaN,0.974000000000046,1000.00000002365,4,0.3636,1,1,0,0,0,0,NaN,NaN,NaN,NaN,NaN,NaN,NaN,13.2978132908969,6.66402901471727,13.2978140247657,6.6640279963221
190,1,Stim,1,1,669.770766666667,670.726366666667,-0.064899999999966,0.956000000000017,1000.00000002365,3,-0.3636,-1,0,2,1,3,3.13807531380747,0.0588751562466785,9.65802358761844,8.33333333313628,0.645355454022674,0.450607828905207,34.9239778217909,0.787102964997259,6.64890706342119,6.66401927157633,13.2978141920257,6.66402658867423
191,1,NonStim,0,1,673.311933333333,674.279266666667,NaN,0.967999999999961,1000.00000002365,2,-1,-1,1,1,2,3,3.09917355371913,0.120929258415926,14.0781502418549,8.99999999978718,0.271147177435001,-0.852010516891714,287.653355873352,0.894115603669377,13.2977990563607,18.2685764314245,13.2978114314059,6.66399273496827
192,1,NonStim,0,1,676.661733333333,677.645066666667,NaN,0.983999999999924,1000.00000002365,1,-0,-1,1,0,0,0,0,NaN,NaN,NaN,NaN,NaN,NaN,NaN,13.2978018389038,17.0934938659458,13.2978134507754,6.66400321086985
193,1,NonStim,0,1,679.978366666667,680.953233333333,NaN,0.974999999999909,1000.00000002365,1,0.6363,1,1,0,0,0,0,NaN,NaN,NaN,NaN,NaN,NaN,NaN,6.64890703365271,17.3288506683535,13.297813180426,6.66402606290277
194,1,Stim,1,1,683.179566666667,684.1627,-0.0485999999999649,0.983000000000061,1000.00000002365,4,0.0909,1,1,0,0,0,0,NaN,NaN,NaN,NaN,NaN,NaN,NaN,6.6489068892541,13.3280536511005,13.2978122272125,6.66401866940807
195,1,NonStim,0,1,686.6121,687.587733333333,NaN,0.974999999999909,1000.00000002365,4,-0.4545,-1,1,0,0,0,0,NaN,NaN,NaN,NaN,NaN,NaN,NaN,13.297810342572,6.6639810542163,13.2978133580858,6.66402702436687
196,1,Stim,1,1,689.9388,690.9155,-0.0583666666666431,0.976999999999975,1000.00000002365,3,1,1,1,0,1,1,1.02354145342889,0.0533122457273632,8.66656076221501,6.99999999983447,0,-1,270,1,6.64890411147471,17.4763988824191,13.2978142227987,6.66403134153867
197,1,NonStim,0,1,693.405933333333,694.3739,NaN,0.968000000000075,1000.00000002365,1,-0.3636,-1,1,2,2,4,4.13223140495836,0.103540948461648,13.8342820940431,8.99999999978718,-0.133689560425126,-0.0120709146069741,185.159282192833,0.134233399517826,13.297801591217,6.66403054312791,13.2978129272614,6.66403002403181
198,1,Stim,1,1,696.747933333333,697.7226,-0.0557999999999765,0.974999999999909,1000.00000002365,1,-0,-1,1,0,1,1,1.02564102564112,0.101467686976553,14.8944577300824,7.99999999981083,0.393163496403335,-0.919468577546783,293.151485159696,1,13.2978083723583,13.3280320910655,13.2978124504863,6.66402827822681
199,1,NonStim,0,1,700.2734,701.2299,NaN,0.956000000000017,1000.00000002365,3,-0.4545,-1,1,1,0,1,1.04602510460249,0.0842732406763222,11.7948184205197,9.99999999976353,0.315587723869988,-0.948896405590495,288.39629778522,1,13.2978037912018,6.66389313694575,19.946672286112,6.66402783887272
200,1,Stim,1,1,703.6318,704.6124,-0.0616666666664969,0.980999999999995,1000.00000002365,4,0.3636,1,1,1,1,2,2.03873598369012,0.179488270663047,21.8070179680911,9.99999999976353,0.885261405166598,-0.414027702315054,334.934988980144,0.977295602037492,13.2977946228696,17.145953067327,13.2978064758761,6.66403021176102
201,1,NonStim,0,1,706.825466666667,707.798466666667,NaN,0.972999999999956,1000.00000002365,3,0.0909,1,0,0,0,0,0,NaN,NaN,NaN,NaN,NaN,NaN,NaN,13.2978116172961,16.9042708004062,13.2978103115516,6.66403117631342
202,1,NonStim,0,1,710.157866666667,711.1346,NaN,0.976999999999975,1000.00000002365,1,0.4545,1,1,0,1,1,1.02354145342889,0.0960428940141726,14.2109389463334,6.99999999983447,0.553827538378668,-0.832631405685268,303.629996454151,1,13.2978064971807,19.1329661400192,13.2977992348687,6.66402991033056
203,1,Stim,1,1,713.474166666667,714.458066666667,-0.0564000000000533,0.983999999999924,1000.00000002365,4,0.1818,1,1,1,0,1,1.0162601626017,0.130908072250947,12.4120561083756,11.9999999997162,0.2539532682683,-0.967216489487152,284.711570239158,1,6.64890715249487,6.66401788918512,13.2978126648686,13.327980324077
204,1,Stim,1,1,716.793966666667,717.765266666667,-0.0602333333332581,0.97199999999998,1000.00000002365,3,-0.4545,-1,1,0,0,0,0,NaN,NaN,NaN,NaN,NaN,NaN,NaN,6.64890708463037,16.6122060127412,13.2978139146158,6.66403070654793
205,1,Stim,1,1,720.0342,721.006933333333,-0.0523666666665576,0.97199999999998,1000.00000002365,2,-0.3636,-1,1,0,0,0,0,NaN,NaN,NaN,NaN,NaN,NaN,NaN,6.64890686066649,6.66402895245746,13.2978118442379,15.3653379482677
206,1,Stim,1,1,723.2599,724.234966666667,-0.0556666666666388,0.975000000000023,1000.00000002365,4,0.4545,1,1,0,1,1,1.025641025641,0.154935858464235,17.3768348233583,12.9999999996926,0.429139224835685,-0.903238354869537,295.412945586452,1,6.64890702902755,15.4048787438265,13.2978128702492,6.66396312939481
207,1,Stim,1,1,726.6343,727.6198,-0.0516000000000076,0.985000000000014,1000.00000002365,2,0.3636,1,1,0,0,0,0,NaN,NaN,NaN,NaN,NaN,NaN,NaN,13.2977906885994,17.0661184804152,13.297813356434,6.66403096451723
208,1,Stim,1,1,729.978633333333,730.984766666667,-0.0597666666667465,1.00599999999997,1000.00000002365,4,-0.1818,-1,0,2,0,2,1.9880715705766,0.0730429404262466,11.4805179825861,8.499999999799,-0.265364615388353,0.865347152353981,107.048515866707,0.905121026817604,6.64890685621535,6.66402932351471,13.2978134978333,6.66403152686404
209,1,Stim,1,1,733.352433333333,734.326433333333,-0.0532000000000608,0.974000000000046,1000.00000002365,1,-0.4545,-1,1,1,1,2,2.05338809034898,0.127881599324325,17.0844788520936,10.9999999997399,0.696014843349536,-0.709832538900632,314.436873336675,0.994132232374042,6.64890663816191,6.66402432929399,13.2978129496019,6.66402452292421
210,1,Stim,1,1,736.844966666667,737.811133333333,-0.0617999999999483,0.966999999999985,1000.00000002365,3,-0.6363,-1,1,0,0,0,0,NaN,NaN,NaN,NaN,NaN,NaN,NaN,13.297807995168,16.6042307963253,13.2978108824269,17.6087900201891
211,1,NonStim,0,1,740.186233333333,741.146766666667,NaN,0.959999999999923,1000.00000002365,2,-0.6363,-1,1,1,1,2,2.0833333333335,0.134083227167933,12.7838934132252,13.9999999996689,-0.447175171893843,0.894170103434304,116.569670698653,0.999752873581267,13.2978117686682,6.66402250819542,13.2978104275895,6.66401396948606
212,1,NonStim,0,1,743.695033333333,744.652866666667,NaN,0.956999999999994,1000.00000002365,3,-0.0909,-1,0,0,0,0,0,NaN,NaN,NaN,NaN,NaN,NaN,NaN,6.64890666154873,15.8648134541157,13.2978128803848,6.6640044502816
214,1,NonStim,0,1,748.621666666667,749.6154,NaN,0.994000000000028,1000.00000002365,1,0.0909,1,1,3,1,4,4.02414486921518,0.177083918435721,16.6354170731492,14.4999999996571,-0.193143379846162,-0.139166985146727,215.774151994006,0.238058427561866,6.64890691511145,6.66402291272607,13.297805805977,6.66403087076122
215,1,Stim,1,1,752.121233333333,753.0985,-0.0573333333333039,0.976999999999975,1000.00000002365,2,0.4545,1,1,0,1,1,1.02354145342889,0.0628282903081159,9.41367379019933,6.99999999983447,-0.529133017608067,0.848538891081005,121.946895018775,1,13.2978078240734,18.4024057134419,13.2978134545716,6.66403133867577
216,1,Stim,1,1,755.3384,756.324,-0.0512666666666064,0.985999999999876,1000.00000002365,2,-0.6363,-1,1,0,1,1,1.01419878296159,0.160074202725266,13.7363456812472,12.9999999996926,0.0415363896290926,-0.999136991776693,272.380544671242,1,13.2978093304162,18.5342570226183,13.2978013956864,6.6639603858769
217,1,Stim,1,1,758.8398,759.804733333333,-0.0655333333332919,0.964999999999918,1000.00000002365,2,0.1818,1,1,0,1,1,1.0362694300519,0.111686906210219,14.8944621651084,8.99999999978718,0.297658199341393,-0.95467250738923,287.317003308423,1,6.64890704344315,6.66403115682154,13.297813895992,6.66400937765965
218,1,Stim,1,1,762.1318,763.104433333333,-0.049733333333279,0.97300000000007,1000.00000002365,4,1,1,1,2,1,3,3.08324768756401,0.0936547477179474,13.8190715393216,7.99999999981083,0.216999083062166,-0.286886016705641,307.103670569574,0.359711257303758,13.2978078735517,6.66402984865355,13.2978142005676,6.66402771911838
219,1,NonStim,0,1,765.648466666667,766.631666666667,NaN,0.982999999999947,1000.00000002365,3,0.1818,1,1,0,34,34,34.5879959308259,0.0329022188891154,8.06005925711511,11.4411764703177,-0.142995396124388,0.148330072755317,133.950931753196,0.206032749329732,6.64890700110301,17.8965158135142,13.297811247649,6.93889390407131e-15
220,1,NonStim,0,1,769.182066666667,770.164466666667,NaN,0.981999999999971,1000.00000002365,4,-1,-1,1,0,0,0,0,NaN,NaN,NaN,NaN,NaN,NaN,NaN,13.2977903459584,18.0262741700788,13.297813444368,6.66402691023484
221,1,NonStim,0,1,772.491966666667,773.459433333333,NaN,0.967999999999961,1000.00000002365,2,-0.4545,-1,1,0,0,0,0,NaN,NaN,NaN,NaN,NaN,NaN,NaN,6.64890714196502,18.4457735567727,13.2978081391423,6.6640293270796
222,1,NonStim,0,1,775.833766666667,776.806966666667,NaN,0.97300000000007,1000.00000002365,3,-0.1818,-1,1,0,0,0,0,NaN,NaN,NaN,NaN,NaN,NaN,NaN,6.64890612639038,6.66403077865594,13.2978119798947,6.66401422520607
223,1,Stim,1,1,779.168633333333,780.141833333333,-0.0581333333333305,0.972999999999956,1000.00000002365,4,0.6363,1,1,1,1,2,2.05549845837625,0.0942584804853877,10.4713821580824,10.4999999997517,0.143896741940413,0.98938342548619,81.7248769943062,0.999792896037901,6.64890691832329,6.66402619129063,13.2978122125312,6.66402926156626
224,1,NonStim,0,1,782.526,783.492366666667,NaN,0.966999999999985,1000.00000002365,1,1,1,1,0,1,1,1.03412616339195,0.0628282766490737,9.41367176889246,6.99999999983447,-0.529133169273199,0.84853879650544,121.94690525964,1,6.6489071458741,17.2650177675884,13.2978139894076,6.6640296853392
225,1,NonStim,0,1,785.942766666667,786.907633333333,NaN,0.965000000000032,1000.00000002365,1,0.3636,1,1,0,0,0,0,NaN,NaN,NaN,NaN,NaN,NaN,NaN,6.64890634461646,17.5748690715177,13.2978131491067,17.0727292429571
226,1,Stim,1,1,789.136233333333,790.1025,-0.0546999999999116,0.966000000000008,1000.00000002365,1,0.3636,1,1,0,0,0,0,NaN,NaN,NaN,NaN,NaN,NaN,NaN,13.2978115674886,6.66402782440455,13.297814248233,6.66402339098691
227,1,Stim,1,1,792.468066666667,793.4455,-0.0540333333333365,0.976999999999975,1000.00000002365,1,1,1,1,0,1,1,1.02354145342889,0.0906226971778367,12.4120464328006,7.99999999981083,0.293476251285892,-0.955966364435057,287.066189201553,1,13.2978025023092,6.66402835783966,13.2977973559666,6.66402242258914
228,1,NonStim,0,1,795.844333333333,796.8163,NaN,0.97199999999998,1000.00000002365,4,0.0909,1,0,0,0,0,0,NaN,NaN,NaN,NaN,NaN,NaN,NaN,6.64890707343958,6.66403084172561,13.2978121159718,6.66403148808825
229,1,NonStim,0,1,799.186833333333,800.152233333333,NaN,0.966000000000008,1000.00000002365,3,0.6363,1,1,1,1,2,2.07039337474118,0.189531046206919,18.2655682086919,15.4999999996335,0.175404141937171,-0.984496514463756,280.102177521938,1,6.64890698473697,6.66402921431325,13.2978137278778,6.66402919692613
230,1,NonStim,0,1,802.5781,803.5522,NaN,0.974000000000046,1000.00000002365,4,0.4545,1,1,0,1,1,1.02669404517449,0.135907811121046,18.377385362042,8.99999999978718,0.195688727453535,-0.980666060362862,281.284959934233,1,6.64890684732131,13.3280505510366,13.2978087177618,6.6640279929358
231,1,NonStim,0,1,806.0628,807.044666666667,NaN,0.981999999999971,1000.00000002365,1,0.4545,1,1,1,1,2,2.03665987780047,0.155702811337219,18.1110877332484,10.4999999997517,-0.661932120091116,-0.748956359058675,228.529558061919,0.999544776076963,13.2977930180039,6.6640308161213,13.2977988945085,6.66403115835274
233,1,NonStim,0,1,812.3897,813.363666666667,NaN,0.974000000000046,1000.00000002365,3,-0,-1,1,0,2,2,2.05338809034898,0.0537252456739773,8.21829161413853,6.99999999983447,-0.123757561180243,4.04257577413247e-09,179.999998128417,0.123757561180243,6.64890695890022,16.5929461351939,13.2978110107256,6.66402377275143
234,1,NonStim,0,1,815.7387,816.720766666667,NaN,0.981999999999971,1000.00000002365,4,0.6363,1,1,0,0,0,0,NaN,NaN,NaN,NaN,NaN,NaN,NaN,13.2977963572489,17.3787881063705,13.297809717296,6.66402915085949
235,1,Stim,1,1,819.055766666667,820.0314,-0.0517999999999574,0.975999999999885,1000.00000002365,4,0.0909,1,1,0,0,0,0,NaN,NaN,NaN,NaN,NaN,NaN,NaN,13.2977965643732,6.66403120932861,13.2977962800395,6.66402709797644
236,1,Stim,1,1,822.489933333333,823.454933333333,-0.0628999999998996,0.964999999999918,1000.00000002365,3,-0.1818,-1,1,2,0,2,2.0725388601038,0.108207178972653,13.4460206088219,8.499999999799,0.329185294488283,-0.0412216967690276,352.862381904995,0.331756215302525,6.64890708351666,6.66402816797261,13.2978139781875,18.8435103477158
237,1,NonStim,0,1,825.8236,826.821466666667,NaN,0.998000000000047,1000.00000002365,4,1,1,1,4,0,4,4.00801603206394,0.0543063861532511,9.4367561967019,7.74999999981674,-0.1151521638897,-0.485669944611928,256.661498208427,0.49913456697351,6.64890715335949,6.66403140539084,13.2978142551925,6.66403125939108
238,1,Stim,1,1,829.090266666667,830.0549,-0.052666666666596,0.963999999999942,1000.00000002365,1,-1,-1,1,0,0,0,0,NaN,NaN,NaN,NaN,NaN,NaN,NaN,13.2977950486348,6.66402699628734,13.2978086601434,6.66401343965112
239,1,NonStim,0,1,832.307833333333,833.274066666667,NaN,0.966999999999985,1000.00000002365,3,0.1818,1,1,1,4,5,5.17063081695975,0.108298864388473,13.5435849572189,8.79999999979191,0.0524945320894734,-0.211634586568039,283.930676742539,0.218047871191437,6.64890210483172,13.3280481326613,13.2977996590254,6.66402705997825
240,1,NonStim,0,1,835.691166666667,836.682733333333,NaN,0.990999999999985,1000.00000002365,3,0.4545,1,1,0,1,1,1.0090817356206,0.149658559240727,17.3331210545826,10.9999999997399,0.533126025504404,-0.846035839033949,302.216912118085,1,13.2978081572826,19.1147735800997,13.2978141612248,6.66402252197702
241,1,NonStim,0,1,838.950233333333,839.9182,NaN,0.967999999999961,1000.00000002365,2,1,1,1,1,2,3,3.09917355371913,0.120282451854027,14.0138407733346,9.99999999976353,-0.0424741080200817,-0.30274106171057,262.013617912431,0.305706068467318,13.29776533187,6.66401951639971,13.2978126234888,6.66402585235478
242,1,Stim,1,1,842.150133333333,843.110266666667,-0.0714666666666517,0.960000000000036,1000.00000002365,2,-0,-1,0,0,0,0,0,NaN,NaN,NaN,NaN,NaN,NaN,NaN,13.2978064260523,6.66403012992258,13.2977935689401,13.3280163146906
244,1,NonStim,0,1,848.5518,849.518266666667,NaN,0.966999999999985,1000.00000002365,2,-0.3636,-1,1,36,0,36,37.2285418821102,0.0336882823739497,7.5969014297411,9.97222222198641,-0.096847832952215,0.120739703955384,128.733826315735,0.154782359649845,6.64890705262971,6.93889390407131e-15,13.2978115084182,6.66403002360141
245,1,NonStim,0,1,851.834033333333,852.800433333333,NaN,0.965999999999894,1000.00000002365,1,-0.1818,-1,1,0,0,0,0,NaN,NaN,NaN,NaN,NaN,NaN,NaN,6.64890708191024,17.507084836115,13.2978135917828,6.66402960125739
248,1,Stim,1,1,859.777166666667,860.7457,-0.0558333333334531,0.967999999999961,1000.00000002365,3,1,1,1,0,0,0,0,NaN,NaN,NaN,NaN,NaN,NaN,NaN,13.2978074258684,15.4632762170905,13.2978142696111,6.66401860688611
249,1,NonStim,0,1,863.178533333333,864.159633333333,NaN,0.980999999999995,1000.00000002365,3,-0.0909,-1,0,1,0,1,1.01936799184506,0.0801652243491177,10.4609625190969,8.99999999978718,0.663520294394614,0.748158284674095,48.4310936907045,1,6.64890575704072,6.66403092088237,13.2978123593879,6.66403044871496
250,1,Stim,1,1,866.4786,867.462466666667,-0.0482666666666773,0.983999999999924,1000.00000002365,1,-0.0909,-1,1,2,1,3,3.04878048780511,0.148551595036638,15.886468394885,13.333333333018,-0.169816926234406,0.645767713206567,104.733443483654,0.667722792673532,6.64890703737242,6.66400723691793,13.2978117952995,6.66401417271117
251,1,Stim,1,1,869.8542,870.810566666667,-0.0649666666666917,0.955999999999904,1000.00000002365,2,-0.6363,-1,1,0,0,0,0,NaN,NaN,NaN,NaN,NaN,NaN,NaN,6.6489067948781,16.4673075052527,13.2978131872151,6.66402925956379
252,1,Stim,1,1,873.254566666667,874.236766666667,-0.0549333333333379,0.981999999999971,1000.00000002365,4,-0.0909,-1,1,1,36,37,37.6782077393087,0.0390857963049522,8.37262572335431,10.1351351348955,0.0673383052888716,0.0893691774411816,53.002535485498,0.111898602474252,13.2977683413862,6.66402802897269,13.2978130040586,1.09713545895616e-14
253,1,Stim,1,1,876.6888,877.671933333333,-0.0516000000000076,0.983000000000061,1000.00000002365,1,0.6363,1,1,1,1,2,2.0345879959307,0.116558042751357,10.8056667919338,12.4999999997044,0.604222914397771,-0.796435184852489,307.186108479567,0.999697121109366,6.64890710167166,6.66402499621818,13.297810535099,6.66402185407032
254,1,NonStim,0,1,879.922833333333,880.905066666667,NaN,0.982999999999947,1000.00000002365,4,-0,-1,0,0,0,0,0,NaN,NaN,NaN,NaN,NaN,NaN,NaN,6.64890641467412,19.9920845864052,13.2978131801754,6.66403111278551
255,1,Stim,1,1,883.2476,884.216266666667,-0.0589666666667199,0.968999999999937,1000.00000002365,4,1,1,1,2,1,3,3.09597523219834,0.0978695769090171,12.683002330637,8.33333333313628,0.54176923633302,-0.354750514273551,326.7832194408,0.647581525998242,13.2978038952479,6.66402937668516,13.2978134058855,6.66403140518052
256,1,NonStim,0,1,886.549533333333,887.512166666667,NaN,0.962999999999965,1000.00000002365,3,-1,-1,1,1,1,2,2.0768431983386,0.120110486723944,16.1274843195493,9.99999999976353,0.554748608927839,0.831447980654146,56.2884715972518,0.999525769373271,6.64890711922108,6.66402767445414,13.2978135917828,6.66403049987247
257,1,Stim,1,1,889.8658,890.848866666667,-0.056233333333239,0.982999999999947,1000.00000002365,3,-0.0909,-1,1,1,0,1,1.01729399796547,0.109142296712523,12.930930525496,9.99999999976353,0.791953858858449,0.610580940940029,37.6315206399334,1,6.64890683762304,18.2243665414999,13.2978100905803,6.66402890988001
258,1,Stim,1,1,893.274966666667,894.242366666667,-0.0618333333333112,0.967999999999961,1000.00000002365,2,-0.0909,-1,0,0,0,0,0,NaN,NaN,NaN,NaN,NaN,NaN,NaN,6.64890696650563,6.66402196766598,13.2978131766469,6.6640285763285
259,1,NonStim,0,1,896.641633333333,897.6056,NaN,0.963999999999942,1000.00000002365,2,-0.4545,-1,1,0,1,1,1.03734439834031,0.0759697073956101,11.0976478543652,7.99999999981083,-0.26256139919774,-0.964915287292789,254.777899046076,1,13.2978124354546,18.9969391625092,13.2978142891796,6.66403152390315
261,1,Stim,1,1,901.6919,902.6653,-0.0546333333332996,0.973999999999933,1000.00000002365,2,0.3636,1,1,0,1,1,1.02669404517461,0.0533122375171989,6.75553528616459,6.99999999983447,0,1,90,1,6.64890712056195,13.5746728365714,13.297813705873,6.66402660334367
262,1,NonStim,0,1,905.033633333333,906.0085,NaN,0.975000000000023,1000.00000002365,4,0.0909,1,0,1,0,1,1.025641025641,0.0333201450823444,8.66300911927062,6.99999999983447,-1.48815722581702e-15,1,90.0000000000001,1,6.64890681498986,6.66402818995117,13.2978139392173,6.66402686755328
263,1,Stim,1,1,908.367833333333,909.3238,-0.0635333333333392,0.955999999999904,1000.00000002365,3,-0.3636,-1,0,0,1,1,1.04602510460262,0.0666403029967277,9.15761300679191,7.99999999981083,0,-1,270,1,13.2978070637212,16.5472056296469,13.2978139366378,4.71214762644336
264,1,Stim,1,1,911.6594,912.633333333333,-0.0582666666665546,0.974000000000046,1000.00000002365,2,-0.1818,-1,0,0,0,0,0,NaN,NaN,NaN,NaN,NaN,NaN,NaN,6.64890715393334,16.0714838388578,13.2978141027924,6.66403050716596
265,1,NonStim,0,1,915.1108,916.093466666667,NaN,0.982999999999947,1000.00000002365,2,0.3636,1,1,1,0,1,1.01729399796547,0.0841218534131845,9.91611653925807,8.99999999978718,-0.948467265096679,-0.316875128465497,198.474050763911,1,6.64890710304159,17.1893969851747,13.2978133851335,6.66402272268075
266,1,Stim,1,1,918.460533333333,919.425166666667,-0.0558333333333394,0.964999999999918,1000.00000002365,2,0.6363,1,1,0,0,0,0,NaN,NaN,NaN,NaN,NaN,NaN,NaN,13.2978073836137,6.66402880091763,13.2978101819055,6.66403012138935
267,1,NonStim,0,1,921.794366666667,922.768533333333,NaN,0.974000000000046,1000.00000002365,2,-0,-1,0,4,0,4,4.10677618069796,0.059502981326163,10.2232266432961,7.24999999982856,0.0809539312961763,-0.460169471283691,279.977494140267,0.467236001709862,6.64890714471016,4.71215890769442,13.297812555135,13.3280080409964
268,1,NonStim,0,1,925.203733333333,926.1846,NaN,0.980999999999995,1000.00000002365,3,-0.3636,-1,1,1,0,1,1.01936799184506,0.074472330871213,9.41367152252057,8.99999999978718,-0.446400941991944,0.894833056490821,116.513005519573,1,6.6489070687665,6.66402617602023,13.2978121579463,6.66403077031598
269,1,NonStim,0,1,928.411433333333,929.376733333333,NaN,0.964999999999918,1000.00000002365,1,0.3636,1,1,0,0,0,0,NaN,NaN,NaN,NaN,NaN,NaN,NaN,13.2977953403909,17.8734743083311,13.2978120585238,6.66403151581263
270,1,NonStim,0,1,931.762333333333,932.7364,NaN,0.973999999999933,1000.00000002365,1,1,1,1,0,1,1,1.02669404517461,0.233619197525551,22.4607441138858,13.9999999996689,0.056920896653694,0.998378691441349,86.7369091725963,1,6.64890672728576,20.0442464471417,13.2978119361911,6.66402780766578
271,1,Stim,1,1,935.063,936.035733333333,-0.0558666666667023,0.972999999999956,1000.00000002365,4,-0.6363,-1,1,2,0,2,2.05549845837625,0.0558848950454932,8.2932469350355,6.99999999983447,-0.58904208500495,0.309224116913377,152.302279324995,0.665274478984304,6.6489068386333,6.66401848789348,13.2978086273387,6.66402116227481
272,1,Stim,1,1,938.364,939.329133333333,-0.0544666666667126,0.965999999999894,1000.00000002365,1,0.3636,1,1,0,1,1,1.03519668737071,0.336845300607471,19.4170926050691,22.9999999994561,0.414513637528439,-0.910043100244676,294.488691658183,1,13.2978087875895,18.3123967269676,13.297814132612,6.66403111317235
273,1,Stim,1,1,941.5969,942.5781,-0.0518666666666832,0.981999999999971,1000.00000002365,1,-0.1818,-1,1,1,0,1,1.01832993890023,0.153416693887534,17.8052618397784,10.9999999997399,0.0433388623315262,-0.999060430110115,272.483911885506,1,13.2978113475257,6.66402780071306,13.297808663595,18.9682362793583
274,1,NonStim,0,1,944.9399,945.904666666667,NaN,0.964999999999918,1000.00000002365,3,0.3636,1,1,0,0,0,0,NaN,NaN,NaN,NaN,NaN,NaN,NaN,6.64890403267052,18.1108934018557,13.2978112030593,6.66400865112071
275,1,Stim,1,1,948.2815,949.237366666667,-0.0622999999999365,0.955999999999904,1000.00000002365,2,0.0909,1,0,0,0,0,0,NaN,NaN,NaN,NaN,NaN,NaN,NaN,13.2978137018201,17.3156110326501,13.2978108944297,6.6640304393371
276,1,NonStim,0,1,951.673233333333,952.637766666667,NaN,0.963999999999942,1000.00000002365,1,0.0909,1,0,0,0,0,0,NaN,NaN,NaN,NaN,NaN,NaN,NaN,6.64890705128652,17.7452504811885,13.2978101577447,6.66403047660512
277,1,Stim,1,1,955.198933333333,956.1923,-0.0537999999999101,0.994000000000028,1000.00000002365,1,-0.3636,-1,1,0,0,0,0,NaN,NaN,NaN,NaN,NaN,NaN,NaN,6.64890711492412,15.0948720986851,13.2978141319959,6.66402861437711
278,1,Stim,1,1,958.5744,959.5413,-0.0595333333333201,0.966999999999985,1000.00000002365,3,-0,-1,1,0,0,0,0,NaN,NaN,NaN,NaN,NaN,NaN,NaN,13.2978118264424,6.6640288019092,13.2978134412163,6.66402517454532
279,1,Stim,1,1,961.9591,962.922,-0.0655333333332919,0.962999999999965,1000.00000002365,3,0.6363,1,1,1,1,2,2.0768431983386,0.186810525984214,17.1440858616432,12.9999999996926,0.374402462912218,-0.927210071714165,291.98859252455,0.999947859302134,6.64890685392202,6.66402550465148,13.2978134230545,6.66403142512757
280,1,Stim,1,1,965.266633333333,966.249566666667,-0.0471999999999753,0.982999999999947,1000.00000002365,2,-1,-1,1,0,1,1,1.01729399796547,0.0569215779707924,9.41367116804506,6.99999999983447,0.350424527407009,0.936590972939401,69.4867167005821,1,13.2978073188703,17.1762440748038,13.2978098933161,6.66402627006962
281,1,Stim,1,1,968.675933333333,969.640533333333,-0.0570333333332655,0.964999999999918,1000.00000002365,3,0.4545,1,1,0,1,1,1.0362694300519,0.14057482718427,19.9920822568459,6.99999999983447,0.09459596822271,-0.99551574713613,275.428065772768,1,6.64890714893624,18.020067486343,13.2978134855874,13.3278351320464
282,1,Stim,1,1,972.034333333333,973.0085,-0.0550333333333128,0.974000000000046,1000.00000002365,1,1,1,1,3,1,4,4.10677618069796,0.105788092941541,13.2134739032044,9.49999999977535,0.0846447164629683,0.0147269901094624,9.86986064269362,0.0859163096436322,6.64890632837618,6.66401927157634,13.2978140971479,6.66402826088339
283,1,Stim,1,1,975.368966666667,976.3423,-0.0567999999999529,0.973999999999933,1000.00000002365,4,0.4545,1,1,3,1,4,4.10677618069844,0.101032112280271,11.9304553964928,9.49999999977535,0.417875641242453,-0.714260375548888,300.329625512555,0.827519145170086,6.6489069310932,6.66401433244754,13.2978107472416,6.66403149907475
284,1,NonStim,0,1,978.669,979.635433333333,NaN,0.966999999999985,1000.00000002365,2,0.6363,1,1,0,0,0,0,NaN,NaN,NaN,NaN,NaN,NaN,NaN,13.2978126851436,6.66403076455549,13.2978142776265,6.66403129572614
285,1,NonStim,0,1,981.9854,982.9599,NaN,0.973999999999933,1000.00000002365,4,-0.3636,-1,1,0,0,0,0,NaN,NaN,NaN,NaN,NaN,NaN,NaN,6.64890700988808,6.66402628520516,13.2978129281184,6.6640246982304
286,1,NonStim,0,1,985.311233333333,986.3027,NaN,0.990999999999985,1000.00000002365,4,-0.4545,-1,0,0,0,0,0,NaN,NaN,NaN,NaN,NaN,NaN,NaN,6.64890711762404,6.66402963362782,13.2978134863555,6.66402745571462
287,1,Stim,1,1,988.696633333333,989.6683,-0.0497333333333927,0.97199999999998,1000.00000002365,3,-0.6363,-1,1,0,1,1,1.02880658436216,0.0744722966435289,12.551561704862,7.99999999981083,0.446401278576601,-0.894832888580419,296.513027070947,1,6.64890697548406,17.7966078139297,13.2978111385853,4.71217306759759
288,1,NonStim,0,1,992.170566666667,993.145333333333,NaN,0.974999999999909,1000.00000002365,4,-0.0909,-1,1,0,0,0,0,NaN,NaN,NaN,NaN,NaN,NaN,NaN,6.64890572502065,6.66401533582287,13.2978137803567,6.66402689215149
289,1,Stim,1,1,995.5121,996.4864,-0.0505666666665547,0.973999999999933,1000.00000002365,3,0.3636,1,1,0,2,2,2.05338809034922,0.0898622664589392,11.6552488879022,8.499999999799,0.157790877564213,-0.974449195338674,279.197968692042,0.987141932722278,6.64890706231981,6.66402644943809,13.2978132240626,6.66400241675404
290,1,Stim,1,1,999.0383,1000.03606666667,-0.0580666666667184,0.997999999999934,1000.00000002365,2,1,1,1,0,0,0,0,NaN,NaN,NaN,NaN,NaN,NaN,NaN,13.297809558151,17.7342667897586,13.2978129298963,6.66402921979041
292,1,Stim,1,1,1005.53803333333,1006.51463333333,-0.0581666666666933,0.975999999999999,1000.00000002365,4,0.1818,1,1,3,1,4,4.09836065573771,0.0605209777277478,8.27667560373123,8.74999999979309,0.078552101542016,0.183081750219151,66.7780165378795,0.199221886147016,6.64890713007967,6.66402237541593,13.2977928183699,6.66402942136972
293,1,NonStim,0,1,1008.89746666667,1009.8579,NaN,0.959999999999923,1000.00000002365,3,-0.4545,-1,1,1,0,1,1.04166666666675,0.0614327448311767,7.44722718848984,7.99999999981083,-0.216461330581802,0.976291192402531,102.501274485492,1,6.6489071469665,6.66402596561041,19.9467146767236,6.66402703455599
294,1,NonStim,0,1,1012.33963333333,1013.30526666667,NaN,0.965999999999894,1000.00000002365,2,-0.1818,-1,0,0,0,0,0,NaN,NaN,NaN,NaN,NaN,NaN,NaN,13.2978121150177,6.66402963280123,13.2978102350372,6.66401629167867
295,1,Stim,1,1,1015.64086666667,1016.61526666667,-0.0546333333332996,0.975000000000023,1000.00000002365,4,-0.1818,-1,1,0,0,0,0,NaN,NaN,NaN,NaN,NaN,NaN,NaN,6.6489071286493,17.0565253827264,13.2978132237981,6.66403132213144
296,1,NonStim,0,1,1018.86576666667,1019.83793333333,NaN,0.97199999999998,1000.00000002365,1,0.1818,1,0,1,1,2,2.05761316872432,0.0935903469070337,12.6426542604683,8.499999999799,0.747644503222437,0.434364132984886,30.1555952232279,0.86466438762241,6.64890652265437,18.191949135928,13.2978066056186,6.66402827778652
297,1,NonStim,0,1,1022.30746666667,1023.2818,NaN,0.973999999999933,1000.00000002365,2,-0.0909,-1,1,0,0,0,0,NaN,NaN,NaN,NaN,NaN,NaN,NaN,6.64890698176284,15.48492901947,13.2978098218866,6.66403138956365
298,1,NonStim,0,1,1025.63376666667,1026.59856666667,NaN,0.964999999999918,1000.00000002365,3,1,1,1,0,1,1,1.0362694300519,0.0927920681167466,16.0071573983023,6.99999999983447,0.358268999533604,-0.933618403831667,290.993927354757,1,6.6489069139381,16.9311940138897,13.2978121346083,6.66403012423664
300,1,Stim,1,1,1032.159,1033.13316666667,-0.0558666666668159,0.974999999999909,1000.00000002365,1,-0,-1,1,0,0,0,0,NaN,NaN,NaN,NaN,NaN,NaN,NaN,13.2978041098991,18.4754068265176,13.2977924242266,6.66402943094607
301,1,NonStim,0,1,1035.55123333333,1036.54123333333,NaN,0.990000000000009,1000.00000002365,1,0.6363,1,1,1,0,1,1.010101010101,0.0569215741740421,8.00357851776733,6.99999999983447,0.350424597256019,-0.936590946805465,290.513287572418,1,6.64890713858578,6.66402888943588,13.2978114428633,6.66402648402857
302,1,Stim,1,1,1038.7514,1039.71723333333,-0.0493333333333794,0.966000000000122,1000.00000002365,1,0.1818,1,1,2,1,3,3.10559006211141,0.0984411634041483,12.9068352731529,9.33333333311263,-0.0865662295141,-0.959083184376996,264.842495241162,0.962981965899157,6.64890705660657,6.66400389077577,13.2978061986851,6.66400371415285
304,1,NonStim,0,1,1045.28566666667,1046.2518,NaN,0.965999999999894,1000.00000002365,3,-0.6363,-1,1,0,0,0,0,NaN,NaN,NaN,NaN,NaN,NaN,NaN,13.2978100850531,6.66400565827886,13.297813888125,6.66402921909666
305,1,NonStim,0,1,1048.66986666667,1049.64293333333,NaN,0.972999999999956,1000.00000002365,1,-0.6363,-1,1,0,1,1,1.02774922918812,0.0998151001884828,14.2038357811026,6.99999999983447,0.799344393120853,-0.600873148997569,323.067542035451,1,13.2978005699792,6.66403138596631,13.2978050107846,6.66403013205183
306,1,Stim,1,1,1052.03633333333,1053.01303333333,-0.051833333333434,0.976999999999862,1000.00000002365,3,0.1818,1,0,1,1,2,2.04708290685802,0.202210577923477,18.4585264826595,16.999999999598,0.327232280192161,0.939788137227764,70.8019887018281,0.995129493118253,6.64890704700814,6.66403073328597,13.297810273549,6.66403006746839
307,1,Stim,1,1,1055.3379,1056.31006666667,-0.0535333333332346,0.972999999999956,1000.00000002365,3,-0.4545,-1,1,1,2,3,3.08324768756437,0.0991798233987656,11.8641010991784,9.66666666643808,0.420903933258395,0.148513191694408,19.4350550802258,0.446336520060422,6.64890711299016,17.5785022369573,13.29781422636,6.66402541886957
308,1,NonStim,0,1,1058.5453,1059.51436666667,NaN,0.968999999999824,1000.00000002365,4,0.3636,1,1,1,1,2,2.06398348813247,0.156228080806678,18.9900159141851,9.99999999976353,0.409508142642362,-0.905119261753533,294.343687279771,0.993447430359381,6.6489070871432,6.66400940308802,13.2978134514385,6.66403009059871
309,1,NonStim,0,1,1061.77906666667,1062.7557,NaN,0.976000000000113,1000.00000002365,2,0.0909,1,1,0,0,0,0,NaN,NaN,NaN,NaN,NaN,NaN,NaN,13.2978130773675,6.66402420795005,13.2978123939658,18.3298894572745
310,1,NonStim,0,1,1065.15596666667,1066.12153333333,NaN,0.966000000000122,1000.00000002365,1,-1,-1,0,0,1,1,1.03519668737047,0.0533122484187506,6.66403144315147,6.99999999983447,0,-1,270,1,13.2978110408488,16.7062228008201,13.2978136999404,6.66403051926409
311,1,Stim,1,1,1068.59706666667,1069.57803333333,-0.0570666666669695,0.980999999999995,1000.00000002365,1,-0.6363,-1,1,3,2,5,5.09683995922531,0.117681621020729,16.2799613087159,8.59999999979664,0.106910732004819,0.183096102448568,59.7191300963368,0.212023789584242,13.2978105989531,6.66402548990478,13.2978103132437,6.66402453086866
312,1,Stim,1,1,1071.91413333333,1072.87996666667,-0.0645666666666784,0.964999999999918,1000.00000002365,2,-0.4545,-1,1,0,0,0,0,NaN,NaN,NaN,NaN,NaN,NaN,NaN,13.2977941202609,17.6640220687747,13.2978115084183,6.66403068106532
313,1,NonStim,0,1,1075.149,1076.13133333333,NaN,0.981999999999971,1000.00000002365,1,-0.3636,-1,1,3,2,5,5.09164969450117,0.155662802346604,16.4763717066648,11.1999999997352,0.175070084053559,-0.00788111578964705,357.422460743363,0.175247386047867,6.64890698695058,6.6640287159761,13.2978097878285,6.66403118163452
314,1,Stim,1,1,1078.541,1079.50796666667,-0.0551000000000386,0.967000000000098,1000.00000002365,4,-0,-1,0,0,0,0,0,NaN,NaN,NaN,NaN,NaN,NaN,NaN,13.2978083475857,16.7340301899141,13.2978133908208,6.66402896593164
315,1,Stim,1,1,1081.89073333333,1082.8741,-0.0498666666667305,0.983999999999924,1000.00000002365,4,-1,-1,1,0,1,1,1.0162601626017,0.066585899398208,11.0905925360209,6.99999999983447,-0.599127467612545,0.800653656428408,126.807432642079,1,13.2978073054376,6.66401629263506,13.2978128293484,6.66402643710566
316,1,Stim,1,1,1085.23316666667,1086.20526666667,-0.0623000000000502,0.97199999999998,1000.00000002365,2,-0.3636,-1,0,0,0,0,0,NaN,NaN,NaN,NaN,NaN,NaN,NaN,6.64890706806313,16.5141618015633,13.2978139731822,6.66403127199864
317,1,NonStim,0,1,1088.49163333333,1089.4663,NaN,0.974999999999909,1000.00000002365,3,-0.1818,-1,1,0,0,0,0,NaN,NaN,NaN,NaN,NaN,NaN,NaN,6.64890670308455,17.9550604202872,13.2978131473181,6.6640313648712
318,1,Stim,1,1,1091.95023333333,1092.9149,-0.0598666666667214,0.963999999999942,1000.00000002365,2,0.1818,1,1,0,0,0,0,NaN,NaN,NaN,NaN,NaN,NaN,NaN,6.64890664502125,6.66403054324399,13.2978139903646,17.1240505237435
321,1,NonStim,0,1,1100.30103333333,1101.2757,NaN,0.97400000000016,1000.00000002365,1,-0.4545,-1,1,38,1,39,40.0410677618004,0.0322485847913399,7.48503605714892,10.0512820510444,0.0243681847262927,-0.0689820993650477,289.455958216037,0.0731596778264095,6.64890586183556,6.93889390407131e-15,13.2978092202793,6.66403086098895
323,1,Stim,1,1,1105.27736666667,1106.25116666667,-0.051833333333434,0.973999999999933,1000.00000002365,4,-0.4545,-1,1,0,0,0,0,NaN,NaN,NaN,NaN,NaN,NaN,NaN,6.64890700460165,18.3883452452432,13.2978128086831,6.66401054875503
325,1,Stim,1,1,1110.52746666667,1111.48593333333,-0.0627666666666755,0.957999999999856,1000.00000002365,3,-1,-1,1,0,1,1,1.04384133611707,0.121599652694507,14.4338900475041,10.9999999997399,-0.164035955170409,-0.986454360531359,260.558764267899,1,6.6489066699187,16.8860042468846,13.297813727554,6.66402666842442
326,1,NonStim,0,1,1113.93683333333,1114.9099,NaN,0.973000000000184,1000.00000002365,4,-0.6363,-1,1,2,2,4,4.11099691675154,0.0809855331689364,11.2359916041151,8.24999999980491,0.14686890051043,0.0688073092401669,25.1028436565938,0.162187914907414,6.64890419956853,6.66402768858675,13.297810928752,6.66402886009206
327,1,Stim,1,1,1117.2458,1118.21113333333,-0.0526999999999589,0.965999999999894,1000.00000002365,4,0.3636,1,1,0,0,0,0,NaN,NaN,NaN,NaN,NaN,NaN,NaN,13.2978068905087,16.8627197432668,13.2978138926533,6.6640305763312
328,1,Stim,1,1,1120.63796666667,1121.62003333333,-0.0570999999999913,0.982999999999947,1000.00000002365,1,-0.4545,-1,1,0,1,1,1.01729399796547,0.101467608708281,12.0053448230786,9.99999999976353,0.393164274148048,0.919468244983827,66.8484663758989,1,6.64890663471516,17.5199822076701,13.297813386958,6.66401300287663
329,1,Stim,1,1,1123.99613333333,1124.97056666667,-0.0535000000002128,0.973999999999933,1000.00000002365,4,-0.3636,-1,1,2,2,4,4.10677618069844,0.0844078407841802,12.3648820104655,9.24999999978127,0.043293748589053,0.153043501816885,74.2045745279204,0.159049244309009,6.64890461109419,6.66402607272505,13.297813738943,6.66402321454525
330,1,NonStim,0,1,1127.38893333333,1128.35716666667,NaN,0.969000000000051,1000.00000002365,2,-1,-1,1,1,1,2,2.06398348813199,0.174892278118992,17.8664169770309,12.4999999997044,0.947009858961805,0.22401380758995,13.308604019298,0.973144315588292,6.64890690264884,18.3141881559863,13.2978142863088,6.66402839621326
331,1,NonStim,0,1,1130.6225,1131.60506666667,NaN,0.982999999999947,1000.00000002365,1,-0,-1,0,0,1,1,1.01729399796547,0.113376949407503,11.0976507836688,10.9999999997399,0.645086677398871,-0.764109402273316,310.172174553562,1,13.2977993103525,6.66402970241729,13.2978126250479,6.66403092228519
332,1,NonStim,0,1,1133.98906666667,1134.95753333333,NaN,0.968000000000075,1000.00000002365,2,0.1818,1,1,0,0,0,0,NaN,NaN,NaN,NaN,NaN,NaN,NaN,6.64890708158689,6.66402576700924,13.2978133256175,17.9780610213323
333,1,NonStim,0,1,1137.33923333333,1138.31343333333,NaN,0.97400000000016,1000.00000002365,4,0.1818,1,1,0,0,0,0,NaN,NaN,NaN,NaN,NaN,NaN,NaN,6.64890713926349,6.66403116265172,13.2978141831615,13.328030973594
334,1,NonStim,0,1,1140.8902,1141.84946666667,NaN,0.958999999999833,1000.00000002365,2,-0.6363,-1,1,1,0,1,1.04275286757057,0.0603431579869585,12.4119639571445,8.99999999978718,0.110184938485908,0.993911102327998,83.6740234314223,1,6.64890702474761,6.66402725331411,13.297810612643,6.66401640960419
335,1,Stim,1,1,1144.3075,1145.276,-0.0548000000001139,0.969000000000051,1000.00000002365,1,0.4545,1,1,0,0,0,0,NaN,NaN,NaN,NaN,NaN,NaN,NaN,6.64890692180232,18.1649596674212,13.2978109690912,16.880369457761
337,1,Stim,1,1,1149.4586,1150.42253333333,-0.0570999999999913,0.963999999999942,1000.00000002365,1,0.0909,1,0,0,0,0,0,NaN,NaN,NaN,NaN,NaN,NaN,NaN,6.64890676924312,17.2855296411046,13.297811764339,6.66402499756323
338,1,NonStim,0,1,1152.79153333333,1153.77443333333,NaN,0.982999999999947,1000.00000002365,4,-1,-1,1,0,0,0,0,NaN,NaN,NaN,NaN,NaN,NaN,NaN,6.64890686304273,6.66402418030446,13.2978127648197,6.66402543963107
339,1,NonStim,0,1,1156.2502,1157.2155,NaN,0.964999999999918,1000.00000002365,3,0.0909,1,0,0,1,1,1.0362694300519,0.0533122052307567,6.66402941986334,6.99999999983447,0,1,90,1,6.64890660362215,17.1729873184923,13.2978095211828,6.66400473388779
340,1,Stim,1,1,1159.56716666667,1160.54273333333,-0.0485333333333529,0.974999999999909,1000.00000002365,4,0.6363,1,1,1,0,1,1.02564102564112,0.0632062089631643,11.1067184150548,6.99999999983447,-0.315581552104331,-0.948898458198464,251.604074874788,1,6.64890711967091,6.66402111000859,13.297814132228,6.66402896881435
341,1,Stim,1,1,1162.91803333333,1163.89896666667,-0.053766666666661,0.979999999999791,1000.00000002365,3,0.0909,1,1,0,1,1,1.02040816326552,0.10739424388889,11.593583207815,10.9999999997399,-0.495289580989854,-0.868727938403557,240.311152553124,1,6.64890710084113,13.3280550489881,13.2978138010821,6.66403109755836
342,1,Stim,1,1,1166.22796666667,1167.19176666667,-0.0647333333333791,0.963999999999942,1000.00000002365,2,0.4545,1,1,3,0,3,3.11203319502093,0.0645761136375238,9.41722991527064,8.33333333313628,-0.0470355643533569,-0.996664798172093,267.298047149274,0.997774054698486,6.64890713045433,6.66403143324098,13.2978139509681,13.3280471923365
343,1,NonStim,0,1,1169.6022,1170.57686666667,NaN,0.973999999999933,1000.00000002365,4,-0.1818,-1,1,1,0,1,1.02669404517461,0.0533122479211227,7.02291295569766,6.99999999983447,0,1,90,1,6.648907042643,6.66402957449223,13.297810979777,6.66401852256577
344,1,NonStim,0,1,1172.99453333333,1173.97993333333,NaN,0.985000000000127,1000.00000002365,2,0.4545,1,1,0,2,2,2.03045685279162,0.106242176266161,11.7297419679801,9.49999999977535,-0.0897308885573389,-0.0243433532164916,195.178597152727,0.092974357793493,6.64890715453467,6.66402951189064,13.2978117372629,6.66402294928703
345,1,NonStim,0,1,1176.39566666667,1177.36333333333,NaN,0.968000000000075,1000.00000002365,1,-0.0909,-1,1,2,27,29,29.9586776859481,0.0406564935824223,8.68621667540052,10.1724137928629,-0.0319049310006314,0.165208152296337,100.930379727006,0.168260685269391,13.297813231984,6.66400680588003,19.9466808024345,1.38777878081426e-14
346,1,NonStim,0,1,1179.76206666667,1180.72866666667,NaN,0.966000000000122,1000.00000002365,4,0.6363,1,1,0,0,0,0,NaN,NaN,NaN,NaN,NaN,NaN,NaN,6.64890704244253,16.3530168455394,13.2978142428831,6.66402865116044
347,1,NonStim,0,1,1183.07246666667,1184.04353333333,NaN,0.970999999999776,1000.00000002365,3,-0.4545,-1,1,3,0,3,3.08959835221492,0.0422427586849793,8.11867235443767,7.33333333315992,-0.142298636278095,0.232762673822591,121.439382444699,0.272813790361938,6.64890715131884,6.66403121270924,13.2978141772518,13.328062108746
348,1,Stim,1,1,1186.27153333333,1187.2361,-0.0536666666666861,0.965000000000146,1000.00000002365,4,0.4545,1,1,2,1,3,3.10880829015497,0.0886613719918527,12.1492765741548,7.99999999981083,0.243738600459846,-0.559935331088538,293.52338490577,0.610684927237733,6.6488981830923,6.66402923345489,19.9466358540104,6.6640307460815
349,1,NonStim,0,1,1189.68883333333,1190.6574,NaN,0.968999999999824,1000.00000002365,1,0.4545,1,1,32,0,32,33.0237358101195,0.0327473358526532,7.54330339530561,12.0312499997155,-0.150021574907176,-0.0447922756900814,196.624163967801,0.156565707928414,6.64890702582435,6.93889390407131e-15,13.2978128641506,6.6640252304257
350,1,Stim,1,1,1193.0723,1194.03963333333,-0.0587000000000444,0.966999999999871,1000.00000002365,1,-1,-1,1,1,1,2,2.06825232678414,0.0820678560400479,11.4043663263995,8.99999999978718,0.320909300312873,0.406139286708434,51.6861169648495,0.517621385991087,6.64890709986398,13.3280394759324,13.2978118211532,6.6640306865825
351,1,NonStim,0,1,1196.40746666667,1197.382,NaN,0.975000000000136,1000.00000002365,4,-0.4545,-1,1,3,1,4,4.10256410256353,0.0598809522134049,10.3582262633586,7.49999999982265,-0.16427534248789,-0.403299397476156,247.837531289136,0.43547306708239,6.64890682640389,6.66402183351446,13.2978077209797,6.66401374988959
352,1,NonStim,0,1,1199.80623333333,1200.78083333333,NaN,0.973999999999933,1000.00000002365,3,0.3636,1,1,0,1,1,1.02669404517461,0.0942390718536015,14.4338565254132,7.99999999981083,0.141106992416634,-0.989994351848096,278.111908181583,1,13.2978110480026,6.66402667107158,13.2978124867461,6.66402687921318
353,1,NonStim,0,1,1203.23116666667,1204.19853333333,NaN,0.967000000000098,1000.00000002365,1,1,1,1,2,2,4,4.13650465356732,0.333703068175988,23.466350148388,18.4999999995625,-0.0816396376262788,-0.0279516830170284,198.900117798728,0.08629210285556,13.2978054342676,13.3278154285543,13.2978142424454,6.66402140826679
354,1,Stim,1,1,1206.5909,1207.5552,-0.0495666666668058,0.965000000000146,1000.00000002365,3,0.6363,1,1,1,1,2,2.07253886010331,0.0761067753463138,11.6530060053784,7.49999999982265,0.689736562468774,-0.267571528965917,338.797086714712,0.739818253843064,6.64890696127668,17.9515575689736,13.2978105018313,6.66403151607587
355,1,NonStim,0,1,1209.8247,1210.8098,NaN,0.9849999999999,1000.00000002365,3,0.1818,1,1,1,1,2,2.03045685279208,0.269932102165821,27.4285236108655,13.4999999996808,0.0118744262825482,-0.999858978113288,270.680418480597,0.999929486570572,6.64890712576968,6.66402076411946,13.2978139022884,6.66401418521717
356,1,Stim,1,1,1213.19963333333,1214.1659,-0.0563666666666904,0.965999999999894,1000.00000002365,1,0.4545,1,1,1,1,2,2.07039337474143,0.0864514938091686,13.8442962505063,9.49999999977535,0.704378934284829,-0.23090937154668,341.849831103226,0.74126164134691,6.64890390988099,6.66403084073035,13.2977991914327,6.66403149347283
357,1,NonStim,0,1,1216.5838,1217.5487,NaN,0.964999999999918,1000.00000002365,2,-0.0909,-1,1,0,0,0,0,NaN,NaN,NaN,NaN,NaN,NaN,NaN,13.2978130957406,6.66403150648616,13.2978140336523,17.7196918422096
358,1,NonStim,0,1,1219.99263333333,1220.96566666667,NaN,0.972999999999956,1000.00000002365,1,-0.4545,-1,1,1,0,1,1.02774922918812,0.0549456622984705,8.00357679366452,6.99999999983447,-0.242017426906148,0.970271902650864,104.005641174867,1,13.2978106767949,6.66402947678094,13.2978140928359,6.6640313770044
359,1,Stim,1,1,1223.31863333333,1224.2751,-0.0634666666669546,0.957000000000107,1000.00000002365,2,0.4545,1,1,0,0,0,0,NaN,NaN,NaN,NaN,NaN,NaN,NaN,13.2978132724358,13.328057769113,13.2978132064564,6.66403013205183
360,1,Stim,1,1,1226.72686666667,1227.6956,-0.0570999999999913,0.968999999999824,1000.00000002365,3,-0.6363,-1,1,0,0,0,0,NaN,NaN,NaN,NaN,NaN,NaN,NaN,13.2978125495254,17.6673761048299,13.2978139283229,6.66403084619534
361,1,NonStim,0,1,1230.1021,1231.0752,NaN,0.972999999999956,1000.00000002365,2,0.3636,1,0,1,2,3,3.08324768756437,0.0980418248775025,14.8948686291044,7.33333333315992,0.0640854326466159,-0.343005843541895,280.582832822282,0.348941186135129,13.2978113183221,6.66402473584235,13.2978098861989,6.66403152339101
362,1,Stim,1,1,1233.4123,1234.38436666667,-0.0531666666668116,0.97199999999998,1000.00000002365,1,1,1,1,0,0,0,0,NaN,NaN,NaN,NaN,NaN,NaN,NaN,6.64890713110303,17.3879716439461,13.2978142498976,6.66402893798163
363,1,NonStim,0,1,1236.66176666667,1237.6271,NaN,0.965999999999894,1000.00000002365,3,0.0909,1,1,0,0,0,0,NaN,NaN,NaN,NaN,NaN,NaN,NaN,10.512817445679,6.66402322839081,13.2978115352668,6.66402264231265
364,1,Stim,1,1,1240.01173333333,1240.98583333333,-0.0580666666667184,0.973999999999933,1000.00000002365,3,-0,-1,1,0,0,0,0,NaN,NaN,NaN,NaN,NaN,NaN,NaN,13.2978115169107,6.66403077449173,13.2978137260854,6.66403067553011
365,1,NonStim,0,1,1243.31266666667,1244.2963,NaN,0.983999999999924,1000.00000002365,3,-0.1818,-1,1,0,0,0,0,NaN,NaN,NaN,NaN,NaN,NaN,NaN,13.2978101681383,6.66403142065099,19.946668019479,6.66403062147472
366,1,Stim,1,1,1246.6875,1247.66213333333,-0.0536999999999352,0.974999999999909,1000.00000002365,2,-0.4545,-1,1,1,0,1,1.02564102564112,0.0603436754631008,8.00357970917589,7.99999999981083,-0.110183983721835,-0.993911208172635,263.674078470499,1,6.64890663381359,6.66402897727939,13.2978134705872,6.66402568245989
367,1,Stim,1,1,1250.05583333333,1251.01163333333,-0.0673999999999069,0.955999999999904,1000.00000002365,2,1,1,1,0,0,0,0,NaN,NaN,NaN,NaN,NaN,NaN,NaN,13.2977970232948,6.66402439519991,13.2978100011428,6.66403033678247
368,1,NonStim,0,1,1253.38836666667,1254.3782,NaN,0.990000000000009,1000.00000002365,4,0.1818,1,1,1,0,1,1.010101010101,0.0614326783054992,12.6615963515399,6.99999999983447,0.21646156910746,0.976291139517069,77.4987115161085,1,6.64890583103239,6.66402924072603,13.2978134810319,6.66402734715078
369,1,NonStim,0,1,1256.78946666667,1257.762,NaN,0.972999999999956,1000.00000002365,4,-0.6363,-1,1,2,0,2,2.05549845837625,0.0509469220596913,9.03834185734766,7.49999999982265,0.242400036242914,-0.93731249974067,284.499687267094,0.968149006992555,6.64890707224065,6.66402728924309,13.2978106767949,13.3280609679617
370,1,Stim,1,1,1260.3644,1261.33756666667,-0.059633333333295,0.972999999999956,1000.00000002365,3,-1,-1,1,2,3,5,5.13874614594062,0.157608894913529,17.9412667713573,10.3999999997541,-0.28692977069354,0.131318683059743,155.407928172713,0.315552356718806,13.2978030376853,6.66403149710326,13.2978132702932,6.66402548990477
371,1,NonStim,0,1,1263.749,1264.72366666667,NaN,0.974999999999909,1000.00000002365,4,0.4545,1,1,0,1,1,1.02564102564112,0.140102345597223,12.6616179554366,13.9999999996689,-0.0474574921355312,-0.998873258446839,267.279864287618,1,6.64890634891999,18.2302103076608,13.2978138243456,6.66402879099212
372,1,Stim,1,1,1267.3327,1268.3147,-0.0506000000002587,0.981999999999971,1000.00000002365,4,-0.3636,-1,1,1,0,1,1.01832993890023,0.0888990568834572,11.1067188601921,8.99999999978718,0.224374947577221,-0.974502890144365,282.966125564796,1,13.2978079037124,6.66402121500116,13.2978115158142,6.66402984943163
374,1,Stim,1,1,1272.4073,1273.37243333333,-0.0525333333334856,0.965000000000146,1000.00000002365,2,-0.6363,-1,1,0,0,0,0,NaN,NaN,NaN,NaN,NaN,NaN,NaN,13.2977961504352,6.66403142025721,13.2978121990281,6.66403006601661
377,1,NonStim,0,1,1279.1085,1280.08263333333,NaN,0.97400000000016,1000.00000002365,1,-0.0909,-1,0,0,0,0,0,NaN,NaN,NaN,NaN,NaN,NaN,NaN,13.2977862843018,19.0164099728948,13.2978107105912,6.6640311666332
378,1,NonStim,0,1,1282.3766,1283.35076666667,NaN,0.973999999999933,1000.00000002365,2,-0.4545,-1,1,0,0,0,0,NaN,NaN,NaN,NaN,NaN,NaN,NaN,13.2978077981833,16.5118592347683,13.2978142338577,6.66402005861799
379,1,Stim,1,1,1285.7344,1286.7031,-0.0558333333333394,0.969000000000051,1000.00000002365,1,-0.0909,-1,0,0,2,2,2.06398348813199,0.0903906935710974,13.6563613034915,7.49999999982265,-0.470457137931264,0.0647729430937358,172.160753534416,0.474895201899851,13.2978139428137,17.1184100072327,13.2978142993734,6.66402911554739
380,1,NonStim,0,1,1289.01866666667,1289.97376666667,NaN,0.954999999999927,1000.00000002365,3,1,1,1,38,1,39,40.8376963350816,0.0391315386734521,7.98261795159833,9.99999999976353,-0.0469914811133468,0.162467519254729,106.131780965558,0.169126858038609,6.64890603270904,1.38777878081426e-14,13.2978096088294,6.66402584028189
381,1,NonStim,0,1,1292.36076666667,1293.32513333333,NaN,0.964999999999918,1000.00000002365,2,-0,-1,1,1,1,2,2.0725388601038,0.269991174028808,28.2971313939717,13.4999999996808,-0.270781512991051,-0.962640627310467,254.289220107627,0.999999802563186,13.2978129496018,6.66402131252776,13.2978131777265,6.66402835249151
383,1,NonStim,0,1,1298.93633333333,1299.90936666667,NaN,0.973000000000184,1000.00000002365,3,0.4545,1,1,1,1,2,2.05549845837577,0.290952502098509,18.8967242091976,20.9999999995034,-0.0724906837932406,-0.996043605295282,265.837430942943,0.99867800761128,6.64890664373862,6.66402836745496,13.2978139855654,6.66398765730984
384,1,NonStim,0,1,1302.24533333333,1303.21073333333,NaN,0.964999999999918,1000.00000002365,4,0.0909,1,0,2,0,2,2.0725388601038,0.0697727675710355,11.2218940879132,6.99999999983447,-0.223201246858395,-0.0525838588060801,193.256552437949,0.229311706648571,13.2978133172046,6.66396541921564,19.9466745826782,6.66401392164467
387,1,Stim,1,1,1310.1628,1311.12753333333,-0.054833333333363,0.964999999999918,1000.00000002365,1,-0.6363,-1,1,1,1,2,2.0725388601038,0.140498434842852,15.7007439317124,10.4999999997517,-0.0322868735493244,0.0131634848724958,157.819085248258,0.0348671699106551,13.2978059973924,6.66402241352686,13.2978140254435,6.66402323357993
388,1,NonStim,0,1,1313.47933333333,1314.4573,NaN,0.978000000000065,1000.00000002365,2,0.1818,1,0,0,0,0,0,NaN,NaN,NaN,NaN,NaN,NaN,NaN,6.64890652598065,18.4728703376312,13.2978030057559,6.66402105178088
389,1,Stim,1,1,1316.7727,1317.74903333333,-0.0490666666669313,0.977000000000089,1000.00000002365,3,0.1818,1,1,1,2,3,3.07062436028631,0.307715556726906,31.350578581397,13.6666666663435,0.0319216705160854,-0.331744924618304,275.49628102638,0.333277194027047,6.64890703198086,26.1573592196997,13.2978135048246,6.66380427256312
390,1,NonStim,0,1,1320.20503333333,1321.1826,NaN,0.977000000000089,1000.00000002365,4,-0,-1,0,3,1,4,4.09416581371508,0.210285840669312,24.2301168558887,11.4999999997281,0.210142332608508,-0.745002165821108,285.752136575917,0.774072365500982,6.64890712637795,6.66402925794873,13.2978136813166,6.66397871109285
392,1,NonStim,0,1,1326.67336666667,1327.6412,NaN,0.968000000000075,1000.00000002365,4,-1,-1,1,0,0,0,0,NaN,NaN,NaN,NaN,NaN,NaN,NaN,6.6489071498138,15.5562143302728,13.2978112954694,6.66399043579734
393,1,Stim,1,1,1330.08223333333,1331.0665,-0.0544000000002143,0.983999999999924,1000.00000002365,2,0.1818,1,1,1,0,1,1.0162601626017,0.0669711692153699,11.1618624216928,8.99999999978718,0.0992801414211013,0.995059522601239,84.30228066178,1,6.64890702474766,6.66402969348154,13.2978141482416,6.66402742657962
394,1,Stim,1,1,1333.45756666667,1334.43113333333,-0.0474333333334016,0.973999999999933,1000.00000002365,3,-0.3636,-1,1,2,0,2,2.05338809034922,0.0707989242802655,10.8034871616056,7.99999999981083,0.439990769695736,0.11406629027363,14.5337973043109,0.454536022768531,6.64890710180941,6.66402926969518,19.9466618153739,4.71217125252315
395,1,Stim,1,1,1336.8832,1337.85313333333,-0.056633333333366,0.970000000000027,1000.00000002365,4,-0.1818,-1,1,0,0,0,0,NaN,NaN,NaN,NaN,NaN,NaN,NaN,6.64890711599199,18.4437937482624,13.2978034673754,17.708605028743
396,1,Stim,1,1,1340.29353333333,1341.25813333333,-0.0641333333335297,0.964999999999918,1000.00000002365,3,1,1,1,1,1,2,2.0725388601038,0.0904794129266343,14.2097845627168,7.99999999981083,0.881845239591196,-0.147174483661014,350.525017426416,0.89404214399017,6.64890706647004,6.66402853699464,13.2978141120865,6.66403113039325
398,1,NonStim,0,1,1345.27766666667,1346.25013333333,NaN,0.972999999999956,1000.00000002365,1,-0,-1,0,0,0,0,0,NaN,NaN,NaN,NaN,NaN,NaN,NaN,6.6489048057503,17.3056334256932,13.2978143090328,6.66402803346431
400,1,Stim,1,1,1351.96856666667,1352.95153333333,-0.0546333333334132,0.982999999999947,1000.00000002365,4,0.1818,1,1,2,2,4,4.06917599186187,0.181185534865892,16.7595834288061,13.7499999996749,0.297497459734993,0.0068372796492697,1.3165770072047,0.297576018761217,6.64890709248009,6.66402490690168,13.2978041917739,6.66402594434631
401,1,Stim,1,1,1355.353,1356.3206,-0.0638333333333776,0.967999999999847,1000.00000002365,2,0.3636,1,1,0,1,1,1.03305785123983,0.260206619610981,16.6600563633523,21.9999999994798,0.229971696945533,-0.973197317404848,283.295405434415,1,13.2978038295947,6.66402967390963,13.2978134467281,6.6639885369269
402,1,NonStim,0,1,1358.76176666667,1359.74476666667,NaN,0.982999999999947,1000.00000002365,1,0.0909,1,1,0,0,0,0,NaN,NaN,NaN,NaN,NaN,NaN,NaN,6.64890635267619,6.66401894355541,13.2978075584556,17.6133022003779
403,1,Stim,1,1,1362.1617,1363.14446666667,-0.0568000000000666,0.982999999999947,1000.00000002365,4,-0,-1,1,0,1,1,1.01729399796547,0.0868309577414339,13.5472908131221,6.99999999983447,0.536010802087384,0.844211122910401,57.5875124822501,1,13.2978036147972,18.5030155438433,19.9466811726909,6.66394422290799
404,1,NonStim,0,1,1365.5031,1366.47213333333,NaN,0.969000000000051,1000.00000002365,4,-0.3636,-1,1,0,0,0,0,NaN,NaN,NaN,NaN,NaN,NaN,NaN,6.6489063781966,6.66402941613705,13.2978124838006,6.66402158892913
406,1,Stim,1,1,1370.79726666667,1371.7797,-0.0563999999999396,0.981999999999971,1000.00000002365,1,-0.3636,-1,1,0,0,0,0,NaN,NaN,NaN,NaN,NaN,NaN,NaN,6.6489069538357,16.4412315239958,13.2978137286562,6.66397931596017
407,1,NonStim,0,1,1374.10493333333,1375.07756666667,NaN,0.972999999999956,1000.00000002365,2,-0.3636,-1,1,2,0,2,2.05549845837625,0.0793101950715993,10.6861157546317,8.499999999799,-0.0553708543014541,-0.0235752102253601,203.062816133284,0.0601807447880365,6.64890600720873,6.66402856703613,13.2978105711862,6.66402787568851
408,1,Stim,1,1,1377.59866666667,1378.58703333333,-0.0562333333334664,0.989000000000033,1000.00000002365,3,-0.1818,-1,1,0,1,1,1.01112234580381,0.0595775157544989,9.41363955553303,6.99999999983447,0.446403775107871,-0.894831643142687,296.513186922923,1,13.297813956521,6.66398919477155,19.9467198936895,6.66401602662438
409,1,Stim,1,1,1381.06583333333,1382.03036666667,-0.0661000000000058,0.964999999999918,1000.00000002365,3,-0.4545,-1,1,1,0,1,1.0362694300519,0.0895641804913816,11.0976278005905,7.99999999981083,0.66812552320357,0.744048577207131,48.0774438805152,1,6.64890692410733,6.66399673689476,13.2978137852705,18.4518075934706
410,1,NonStim,0,1,1384.5647,1385.52913333333,NaN,0.964999999999918,1000.00000002365,3,-1,-1,1,1,2,3,3.1088082901557,0.17765422334785,17.030427588429,13.9999999996689,-0.211210833340069,-0.338181102255953,238.01318241501,0.39871853987902,13.2977982729015,6.66402146549385,13.2978103755989,6.66401666534963
411,1,Stim,1,1,1387.76603333333,1388.73806666667,-0.0508333333332303,0.97199999999998,1000.00000002365,1,-0.4545,-1,1,1,1,2,2.05761316872432,0.0799683550437143,9.8866381803579,10.4999999997517,0,-1,270,1,6.64890712369604,6.66402856910236,13.2978119001991,6.66402306847013
412,1,Stim,1,1,1391.1234,1392.08883333333,-0.0596333333335224,0.964999999999918,1000.00000002365,2,-0.0909,-1,0,2,0,2,2.0725388601038,0.0667884444731089,9.82008567145099,6.99999999983447,0.111350737746593,0.753945253381324,81.5986769886646,0.762123632944773,6.6489071128678,6.66401713614483,13.2978139917974,6.66403149917671
413,1,NonStim,0,1,1394.4321,1395.40746666667,NaN,0.974999999999909,1000.00000002365,4,-0.0909,-1,1,1,0,1,1.02564102564112,0.0599762669026764,10.4609598618678,7.99999999981083,0,-1,270,1,13.297799727451,6.66402294973508,13.2978123413997,6.66402708851423
414,1,Stim,1,1,1397.77486666667,1398.75123333333,-0.0518666666669105,0.976999999999862,1000.00000002365,4,0.0909,1,0,2,0,2,2.04708290685802,0.042118344312287,8.50117121355311,7.99999999981083,-0.316442835973629,-0.31601174915906,224.960946680071,0.447213029825386,6.6489069852301,6.66402803458677,13.2978139119521,6.66403116591092
415,1,Stim,1,1,1401.1331,1402.1094,-0.0563000000001921,0.975999999999885,1000.00000002365,3,-0.0909,-1,1,32,0,32,32.7868852459055,0.030995356817412,7.61829759419677,11.2187499997347,0.139039216137314,0.13352646503334,43.8413276681246,0.192772457805514,6.6489028174158,3.46944695203566e-15,13.2978115073261,6.66403130033316
416,1,NonStim,0,1,1404.5084,1405.47746666667,NaN,0.969000000000051,1000.00000002365,1,-0.1818,-1,1,0,0,0,0,NaN,NaN,NaN,NaN,NaN,NaN,NaN,13.2978113332665,6.66400228376397,13.2978135243015,16.4163065405467
417,1,NonStim,0,1,1407.85903333333,1408.82783333333,NaN,0.968000000000075,1000.00000002365,2,-0.1818,-1,0,0,0,0,0,NaN,NaN,NaN,NaN,NaN,NaN,NaN,6.64890712647859,6.66402753530043,13.2978140045295,6.66403069970258
418,1,NonStim,0,1,1411.344,1412.30783333333,NaN,0.963999999999942,1000.00000002365,2,0.0909,1,0,1,1,2,2.07468879668062,0.161575472216095,16.8507282688162,12.4999999997044,0.73361125508352,0.597466956313923,39.1600263247272,0.946124853004212,6.64890656199003,16.4474887270024,13.2978137244479,6.66397005623069
419,1,Stim,1,1,1414.97683333333,1415.95923333333,-0.0555666666666639,0.982999999999947,1000.00000002365,2,0.0909,1,1,0,0,0,0,NaN,NaN,NaN,NaN,NaN,NaN,NaN,19.9466823193613,13.3271916721752,19.9466931541101,13.3275399275487
420,1,Stim,1,1,1418.37076666667,1419.335,-0.0538666666666359,0.964999999999918,1000.00000002365,1,0.1818,1,1,1,0,1,1.0362694300519,0.149512512912507,18.6144867002214,11.9999999997162,-0.844940356355007,-0.534860537152138,212.334453881651,1,6.64890684031352,13.3280552566093,13.2978135838739,18.9473368877263
421,1,NonStim,0,1,1421.77873333333,1422.7462,NaN,0.968000000000075,1000.00000002365,2,0.6363,1,1,0,3,3,3.09917355371877,0.0846293746904371,10.854579570781,8.66666666646173,0.465113367390585,-0.228505847626227,333.835545184545,0.518213630585678,13.297813375389,6.66403121102118,19.9466943639616,6.66403108765313
422,1,NonStim,0,1,1425.1289,1426.1064,NaN,0.978000000000065,1000.00000002365,2,1,1,1,1,0,1,1.02249488752549,0.0595778404058399,8.6665483539391,6.99999999983447,0.446400036547332,-0.894833508184925,296.512947544355,1,13.2977765683327,6.66402956104041,13.2978101474443,6.66402692570672
423,1,Stim,1,1,1428.6038,1429.59556666667,-0.0591333333334205,0.991999999999962,1000.00000002365,1,0.3636,1,1,1,1,2,2.01612903225814,0.19535521700385,24.7748022081514,8.99999999978718,-0.229091618485802,-0.970345056754881,256.716119602304,0.997021814620462,6.64890707765011,20.2916456802289,13.2978028658964,6.6639974191438
424,1,NonStim,0,1,1432.12913333333,1433.09323333333,NaN,0.963999999999942,1000.00000002365,1,0.3636,1,1,26,2,28,29.0456431535287,0.0654407289000241,9.95206939674769,13.9285714282421,0.0374493713209394,-0.0744316394961135,296.708696725202,0.0833218120927108,6.64890713235399,1.09713545895616e-14,13.2978129486311,6.6640313163979
425,1,Stim,1,1,1435.4629,1436.43163333333,-0.0621333333333496,0.969000000000051,1000.00000002365,4,1,1,1,1,0,1,1.03199174406599,0.0802442555987175,9.92964441046241,8.99999999978718,-0.0828583434939727,-0.996561335249083,265.247117513946,1,6.64890693741813,6.66402945089887,13.297804392226,6.66403152550052
426,1,Stim,1,1,1438.8474,1439.82296666667,-0.0645666666666784,0.974999999999909,1000.00000002365,2,-1,-1,1,1,0,1,1.02564102564112,0.0983428528596998,11.1618447071256,8.99999999978718,-0.473265479536705,-0.880919852131221,241.753524469153,1,13.2978069286845,6.6640314751968,13.2978143092305,13.3280581674633
427,1,NonStim,0,1,1442.20526666667,1443.17893333333,NaN,0.973000000000184,1000.00000002365,3,-0,-1,0,2,2,4,4.11099691675154,0.138942047018091,15.5543452761206,10.4999999997517,0.0303332404621486,0.0123957273937864,22.2274585395815,0.0327682702405177,6.64890714960115,6.66402898128742,13.2978095868891,6.66402735942019
428,1,Stim,1,1,1445.58053333333,1446.55613333333,-0.0571999999999662,0.976000000000113,1000.00000002365,1,-0.1818,-1,1,1,1,2,2.04918032786862,0.163315114200596,18.289203786597,10.9999999997399,0.936453974864376,0.12181335941878,7.41138505528264,0.944343444712875,6.64890709901947,16.6559417217982,13.297814001968,6.66403103010136
429,1,NonStim,0,1,1449.05693333333,1450.03253333333,NaN,0.975999999999885,1000.00000002365,3,-0.0909,-1,0,2,2,4,4.09836065573819,0.454906496952307,41.1198782944397,17.2499999995921,-0.0456724682991769,-0.0300905155674279,213.378198402289,0.0546938158081235,13.2975963515374,6.66401913666046,13.2978143056473,6.66393084726059
430,1,Stim,1,1,1452.39856666667,1453.37163333333,-0.0515666666667585,0.973000000000184,1000.00000002365,2,-0.1818,-1,1,0,0,0,0,NaN,NaN,NaN,NaN,NaN,NaN,NaN,13.2978101145734,6.66402921979041,13.2978139065977,6.6640314116166
431,1,NonStim,0,1,1455.84933333333,1456.8138,NaN,0.964000000000169,1000.00000002365,1,-1,-1,1,0,0,0,0,NaN,NaN,NaN,NaN,NaN,NaN,NaN,6.64890679624978,16.3687701582099,13.2978132503945,15.7252209978306
432,1,NonStim,0,1,1459.24993333333,1460.2142,NaN,0.964999999999918,1000.00000002365,4,1,1,1,2,0,2,2.0725388601038,0.100004631929608,13.260480434684,8.499999999799,0.322543306462096,-0.882054728352495,290.086084859505,0.939177687316141,13.2978100867925,6.66401216393521,13.2978141006436,6.66403085804322
434,1,Stim,1,1,1465.93366666667,1466.90113333333,-0.0574333333333925,0.968000000000075,1000.00000002365,4,0.3636,1,1,0,0,0,0,NaN,NaN,NaN,NaN,NaN,NaN,NaN,6.6489071366271,18.2928084428459,13.2978139807304,6.66402840046255
435,1,NonStim,0,1,1469.33486666667,1470.29656666667,NaN,0.961999999999989,1000.00000002365,2,0.4545,1,1,0,0,0,0,NaN,NaN,NaN,NaN,NaN,NaN,NaN,13.2977923596571,6.66403089487634,13.2978117946214,16.2676061883033
436,1,Stim,1,1,1472.74436666667,1473.72523333333,-0.053533333333462,0.980999999999995,1000.00000002365,4,-0.0909,-1,0,2,0,2,2.03873598369012,0.0761203723495337,11.2326324374642,7.49999999982265,-0.202684299081409,-0.0429233380428641,191.957113729105,0.207179482678339,6.64890714642923,6.66402869074538,13.2978112179583,6.66402570196746
437,1,Stim,1,1,1476.15253333333,1477.11573333333,-0.0628000000001521,0.962999999999965,1000.00000002365,2,-0.3636,-1,1,3,1,4,4.1536863966772,0.0474196637714348,8.64610577679575,7.49999999982265,0.11618074660111,0.239804615128858,64.1506998515859,0.266466169180801,6.64890614391485,6.6640259301477,13.297806635838,6.66402915456142
438,1,Stim,1,1,1479.71986666667,1480.68726666667,-0.0557000000001153,0.967999999999847,1000.00000002365,2,0.6363,1,1,2,1,3,3.0991735537195,0.124772375152035,14.2647471863117,11.3333333330653,0.383211010252611,-0.664465052220986,299.972955719043,0.76704920572403,6.64890709292733,6.66402554437758,19.9467015349168,6.6640258144745
439,1,Stim,1,1,1483.09453333333,1484.0687,-0.0578666666667687,0.973999999999933,1000.00000002365,3,0.4545,1,1,1,2,3,3.08008213552383,0.120421906171685,14.4155430229399,9.99999999976353,0.591473674246059,-0.23880135734156,338.014118234796,0.637861423503808,6.64890697191905,6.66403049133058,13.2978142151307,6.66402893411455
440,1,Stim,1,1,1486.5781,1487.56193333333,-0.0579000000000178,0.982999999999947,1000.00000002365,1,0.6363,1,1,0,1,1,1.01729399796547,0.123859783332979,17.3331195328239,7.99999999981083,0.590489960822459,-0.807044983980379,306.191785019342,1,6.64890711978284,19.148646524464,13.297813973639,6.66403108125464
441,1,NonStim,0,1,1489.91336666667,1490.89243333333,NaN,0.979000000000042,1000.00000002365,3,-0.3636,-1,1,1,0,1,1.02145045965266,0.0595778632987977,8.95420868328092,6.99999999983447,-0.446401043112756,0.894833006045175,116.513011994296,1,6.64890672884945,6.66403152397923,13.2978136643876,6.66403024258015
442,1,NonStim,0,1,1493.24573333333,1494.20586666667,NaN,0.959999999999809,1000.00000002365,3,-0.6363,-1,1,3,33,36,37.5000000000075,0.0424996258606669,8.78307667006612,10.9999999997399,-0.160304780498048,0.0276599790452301,170.210226361046,0.162673590638769,6.64890512605161,6.66403100695841,13.2978141557988,5.48567729478081e-15
443,1,NonStim,0,1,1496.65456666667,1497.61293333333,NaN,0.958000000000084,1000.00000002365,2,-1,-1,1,3,0,3,3.13152400835046,0.0599161206708286,9.20556286278198,8.99999999978718,0.205376039385738,-0.0255378784664365,352.911829517829,0.206957727061202,6.64890709615785,6.66402993012714,13.2978130849603,6.66403149731385
444,1,NonStim,0,1,1500.03886666667,1501.0044,NaN,0.965999999999894,1000.00000002365,1,0.1818,1,1,0,2,2,2.07039337474143,0.0796032354658069,8.49712147707242,8.99999999978718,-0.344210214058422,0.03771979645825,173.746274972107,0.34627078205791,13.2978119024913,6.66400367930557,13.2978079399399,6.66400890888493
445,1,NonStim,0,1,1503.44716666667,1504.4149,NaN,0.966999999999871,1000.00000002365,3,0.6363,1,1,0,0,0,0,NaN,NaN,NaN,NaN,NaN,NaN,NaN,6.64890714036078,18.9383854028947,13.2978129404466,6.664023998514
446,1,NonStim,0,1,1506.6397,1507.6058,NaN,0.965999999999894,1000.00000002365,4,0.3636,1,1,3,2,5,5.17598343685357,0.195951401098967,18.0376251463689,12.9999999996926,-0.138863205995912,0.154607808423878,131.929048462657,0.207813773376785,13.2977986943389,6.66402985331935,13.2978110185224,6.66401969256064
447,1,Stim,1,1,1509.96413333333,1510.9399,-0.0485666666668294,0.975000000000136,1000.00000002365,4,-1,-1,1,2,1,3,3.07692307692265,0.0760959746971085,12.07320885019,7.66666666648537,0.133222284534157,-0.32292065181634,292.418803314743,0.34932209272531,13.2978094766318,6.66401841406165,13.2978141744763,6.66403079827835
448,1,Stim,1,1,1513.37396666667,1514.34816666667,-0.0568666666667923,0.974999999999909,1000.00000002365,1,-0,-1,0,0,0,0,0,NaN,NaN,NaN,NaN,NaN,NaN,NaN,6.64890714659223,18.1225008122582,13.2978095230346,6.66403002433784
449,1,NonStim,0,1,1516.72363333333,1517.69616666667,NaN,0.972999999999956,1000.00000002365,2,-0.6363,-1,1,0,0,0,0,NaN,NaN,NaN,NaN,NaN,NaN,NaN,13.2978142250449,6.66402783299056,13.2978142670436,6.66403147044601
450,1,Stim,1,1,1520.09933333333,1521.08226666667,-0.0594000000003234,0.983000000000175,1000.00000002365,4,-0.6363,-1,1,0,1,1,1.01729399796523,0.194461767496503,16.8847907476262,14.9999999996453,0.615443663093174,0.78818087870644,52.0158352846347,1,13.2978105956918,13.3280205898994,19.9467104067913,6.66399665892807
451,1,NonStim,0,1,1523.49163333333,1524.4556,NaN,0.963999999999942,1000.00000002365,1,-0.3636,-1,1,1,1,2,2.07468879668062,0.130889041519242,18.7583663764911,6.99999999983447,0.895329176836427,0.419165946345943,25.0875672291437,0.98859214313623,13.2977789551878,18.2685540839281,13.2978003187557,6.6640230876714
454,1,Stim,1,1,1530.13553333333,1531.0922,-0.0636333333334278,0.957000000000107,1000.00000002365,3,0.0909,1,1,0,0,0,0,NaN,NaN,NaN,NaN,NaN,NaN,NaN,6.64890699398472,17.0134094212353,13.2978138815064,6.66402126833644
456,1,Stim,1,1,1536.62623333333,1537.59236666667,-0.0566000000001168,0.966000000000122,1000.00000002365,4,0.6363,1,1,1,0,1,1.03519668737047,0.0632061808187712,9.41366865713741,7.99999999981083,-0.315581747226851,0.94889839330523,108.395936906976,1,6.64890693127116,6.66403093714768,13.2978123854217,6.66402667239489
457,1,Stim,1,1,1539.86813333333,1540.83343333333,-0.052366666666785,0.965000000000146,1000.00000002365,3,0.3636,1,1,2,1,3,3.10880829015497,0.0967460374364285,12.1423280101505,8.99999999978718,-0.0681284353057019,-0.358479922096696,259.23937191641,0.36489633903844,6.64890712122269,6.66402997160289,13.297813010986,6.66401608803428
458,1,Stim,1,1,1543.2102,1544.17096666667,-0.0725999999999658,0.960000000000036,1000.00000002365,2,-0,-1,1,0,0,0,0,NaN,NaN,NaN,NaN,NaN,NaN,NaN,13.2978098039398,6.66402902422809,13.2978121842479,6.66402951529976
459,1,NonStim,0,1,1546.57746666667,1547.54346666667,NaN,0.965999999999894,1000.00000002365,4,-0.1818,-1,0,1,2,3,3.10559006211214,0.530470442500728,49.0406626598224,14.3333333329944,0.0440334170826308,-0.332773885827564,277.537721629992,0.335674546113866,13.2977874112496,39.1546014828501,13.2978127835497,13.327310818679
460,1,NonStim,0,1,1549.8032,1550.7725,NaN,0.968999999999824,1000.00000002365,1,-0.6363,-1,1,2,0,2,2.06398348813247,0.064035152061927,9.70294025831069,6.99999999983447,0.204609717931322,0.661325718025819,72.8082851554409,0.692254896692179,6.6489068386333,6.66401828544699,13.2978134309336,6.66402935814934
461,1,Stim,1,1,1553.1956,1554.16323333333,-0.0518666666666832,0.968000000000075,1000.00000002365,4,-0.4545,-1,1,2,2,4,4.13223140495836,0.157587479249984,17.2722424047848,11.4999999997281,-0.289126265649546,0.418637050259343,124.630396461293,0.508773994361244,13.297811199245,6.66403152113726,13.2978142641035,6.66401867371434
469,1,Stim,1,1,1575.6901,1576.66426666667,-0.0527999999999338,0.973999999999933,1000.00000002365,1,0.0909,1,1,0,3,3,3.08008213552383,0.102016029578003,13.1179168806821,8.99999999978718,-0.0330309554954659,0.294750211375143,96.3941298083143,0.296595231125915,6.64890698596851,6.66402070493434,13.2978142201828,6.66403130996984
470,1,NonStim,0,1,1579.04043333333,1580.00923333333,NaN,0.969000000000051,1000.00000002365,1,0.6363,1,1,0,1,1,1.03199174406599,0.0927919798284318,9.41366372887842,10.9999999997399,-0.358269339300415,-0.933618273448653,249.006051793892,1,13.2978035090507,6.66402160785158,13.2978055051034,6.66402773550799
471,1,NonStim,0,1,1582.42466666667,1583.40013333333,NaN,0.976000000000113,1000.00000002365,4,-0.1818,-1,0,0,1,1,1.02459016393431,0.0959590243115771,13.892338274225,6.99999999983447,0.831468081988379,-0.555572523289774,326.249842179517,1,26.5956280695277,13.328048785447,33.2444982951073,6.66401647258009
472,1,Stim,1,1,1585.7998,1586.78233333333,-0.0575333333335948,0.982999999999947,1000.00000002365,4,-0.0909,-1,1,0,0,0,0,NaN,NaN,NaN,NaN,NaN,NaN,NaN,13.2977945965744,6.6640248278636,13.2978137260854,6.66401579406077
473,1,Stim,1,1,1589.242,1590.2092,-0.0529666666666344,0.968000000000075,1000.00000002365,4,-1,-1,1,0,0,0,0,NaN,NaN,NaN,NaN,NaN,NaN,NaN,13.2978125450315,17.7231822409512,13.2978134732498,6.66402910060126
475,1,Stim,1,1,1594.53436666667,1595.50836666667,-0.0562333333334664,0.973999999999933,1000.00000002365,4,0.6363,1,1,0,0,0,0,NaN,NaN,NaN,NaN,NaN,NaN,NaN,13.2977478340252,6.66402793853428,13.297814114494,6.66402776002615
476,1,NonStim,0,1,1597.72633333333,1598.69976666667,NaN,0.972999999999956,1000.00000002365,4,0.0909,1,1,1,0,1,1.02774922918812,0.0210687396950446,7.84472848646946,8.99999999978718,-0.315581625320735,-0.948898433848388,251.604070453882,1,6.64890711657887,6.66396552170688,13.297794177263,6.66401148155693
477,1,NonStim,0,1,1600.9762,1601.9506,NaN,0.973999999999933,1000.00000002365,3,-0.1818,-1,1,2,1,3,3.08008213552383,0.206105626308532,24.7362490258255,9.33333333311263,0.222392305167024,0.454568645646684,63.9303578352247,0.506054336017945,19.9467210216843,13.3279994326107,26.5956171704996,13.3280577337969
478,1,NonStim,0,1,1604.27706666667,1605.24356666667,NaN,0.965999999999894,1000.00000002365,1,-0.3636,-1,1,0,0,0,0,NaN,NaN,NaN,NaN,NaN,NaN,NaN,13.297811073449,6.66402841001294,13.2978142633648,17.1619647493398
479,1,NonStim,0,1,1607.56263333333,1608.54526666667,NaN,0.982999999999947,1000.00000002365,4,0.1818,1,1,2,1,3,3.0518819938964,0.151930057559715,19.606791667144,9.99999999976353,0.0319286018429261,-0.347801491967761,275.245121163203,0.349263959535828,6.64890656888129,6.66402957029349,13.2978113678829,6.66403149330118
480,1,Stim,1,1,1610.904,1611.87153333333,-0.0677333333333081,0.968000000000075,1000.00000002365,2,-0.3636,-1,1,2,1,3,3.09917355371877,0.164347473896277,19.2454983149572,10.333333333089,0.681944717361996,-0.715739505224743,313.614907805739,0.988600848106703,13.2977967814849,6.66402968613398,13.2978119303193,6.66402559860352
481,1,NonStim,0,1,1614.25373333333,1615.23573333333,NaN,0.981999999999971,1000.00000002365,1,-0.4545,-1,1,1,0,1,1.01832993890023,0.0628282724320081,8.66655657388864,6.99999999983447,-0.529132840653173,-0.848539001426748,238.053116929726,1,13.2978132214157,6.66402712321841,13.2978141638207,6.66401668849105
482,1,Stim,1,1,1617.58023333333,1618.55623333333,-0.0586666666667952,0.976000000000113,1000.00000002365,1,-0.4545,-1,1,1,0,1,1.02459016393431,0.075916666852264,11.7949869922266,6.99999999983447,-0.613071155631694,-0.790027694535083,232.188099666304,1,13.2978022391228,6.66403052227736,19.9467047068944,6.66403123065305
483,1,NonStim,0,1,1620.90483333333,1621.8791,NaN,0.974999999999909,1000.00000002365,2,-0.4545,-1,1,0,0,0,0,NaN,NaN,NaN,NaN,NaN,NaN,NaN,19.9467120594567,13.3280038247877,26.5956204541786,13.3280349921614
484,1,Stim,1,1,1624.26366666667,1625.2359,-0.0620333333333747,0.97199999999998,1000.00000002365,3,-0.1818,-1,1,2,1,3,3.08641975308648,0.153893805162741,20.1842937079454,9.99999999976353,0.296911189295782,-0.150953696928901,333.050595524759,0.333081480940532,6.64890715333697,6.66403132511729,13.2978136917712,6.66403033547133
485,1,Stim,1,1,1627.6385,1628.61986666667,-0.0632333333335282,0.980999999999995,1000.00000002365,2,-1,-1,1,4,1,5,5.09683995922531,0.0886083268625112,12.105445142349,8.39999999980137,0.494597505962628,0.0790300610468475,9.07835561422698,0.500871683621185,26.5954636089612,6.66403072846087,26.5956216846522,6.66402118739315
486,1,Stim,1,1,1631.0393,1632.00763333333,-0.0588999999999942,0.968000000000075,1000.00000002365,1,-0.6363,-1,1,0,0,0,0,NaN,NaN,NaN,NaN,NaN,NaN,NaN,13.2978088615046,18.0191998504723,13.2978136765935,6.66401691891351
487,1,NonStim,0,1,1634.43153333333,1635.38796666667,NaN,0.955999999999904,1000.00000002365,3,1,1,1,3,2,5,5.23012552301308,0.0942743141338002,12.6038116479097,8.99999999978718,-0.281768582140468,-0.133442035631976,205.341643016511,0.311769643735652,19.9467178383977,6.66403031637873,26.5956066442921,6.66402709671245
488,1,Stim,1,1,1637.7662,1638.74746666667,-0.0564999999999145,0.980999999999995,1000.00000002365,1,-0.0909,-1,1,1,1,2,2.03873598369012,0.127158103291798,19.9466882993661,7.49999999982265,0.993166601575369,0.082381448704189,4.74173048915663,0.996577443842359,6.64890703974562,18.4238955248363,13.2978101548943,6.66402436054318
489,1,Stim,1,1,1641.12343333333,1642.09863333333,-0.0467000000001008,0.974999999999909,1000.00000002365,2,0.3636,1,1,0,1,1,1.02564102564112,0.12212446543489,17.9083510233796,7.99999999981083,0.871098807661907,0.491107795997991,29.4134198274175,1,19.9467137602226,13.3280488800693,19.9467213372513,6.66403152195411
490,1,NonStim,0,1,1644.34983333333,1645.32223333333,NaN,0.972999999999956,1000.00000002365,4,-0.6363,-1,1,2,1,3,3.08324768756437,0.134182876471339,15.9860977876259,8.99999999978718,0.314803181227446,0.213250742286122,34.1140954788592,0.380232720838833,13.2977715744956,6.6640236788211,13.2978136285834,13.3280420779189
491,1,Stim,1,1,1647.54136666667,1648.51526666667,-0.0508000000002085,0.97400000000016,1000.00000002365,2,-0,-1,0,1,2,3,3.08008213552311,0.113714054137359,13.2126604336279,9.99999999976353,0.54874078916935,0.122699940578425,12.6041608862405,0.562291498349521,13.2977058195334,6.6640203872148,13.2978140045474,6.66402257775532
492,1,NonStim,0,1,1650.84166666667,1651.81623333333,NaN,0.974999999999909,1000.00000002365,1,-0,-1,1,0,1,1,1.02564102564112,0.0537252619397805,7.02291314079264,6.99999999983447,0.123757556003605,-0.99231248472042,277.109011874294,1,13.2977997269751,16.7782903599669,13.2978103890166,6.66402917394916
493,1,NonStim,0,1,1654.1853,1655.14046666667,NaN,0.955000000000155,1000.00000002365,3,-0.3636,-1,1,1,0,1,1.047120418848,0.0887176557447933,11.9388939705219,8.99999999978718,0.974279006938374,0.22534510564726,13.0231724394259,1,6.64890703260915,17.959492488817,13.2978141879204,6.66403145909141
494,1,Stim,1,1,1657.53426666667,1658.5158,-0.0540333333333365,0.980999999999995,1000.00000002365,3,-0.3636,-1,1,0,0,0,0,NaN,NaN,NaN,NaN,NaN,NaN,NaN,13.2978104207919,6.66402830415537,19.9467173385147,6.66400934938881
495,1,Stim,1,1,1661.01006666667,1661.96653333333,-0.0623333333332994,0.955999999999904,1000.00000002365,2,-0.4545,-1,1,0,0,0,0,NaN,NaN,NaN,NaN,NaN,NaN,NaN,6.64890612396139,15.9815869332159,13.2978107554072,6.66403105395965
496,1,Stim,1,1,1664.26876666667,1665.2507,-0.0472333333334518,0.981999999999971,1000.00000002365,3,-1,-1,1,1,0,1,1.01832993890023,0.0628282869399403,7.99658643311074,7.99999999981083,0.529132928089875,-0.848538946902872,301.94688897425,1,6.64890697674876,6.66402420521298,13.2978124435561,6.6640296632648
497,1,Stim,1,1,1667.62083333333,1668.5924,-0.0550333333333128,0.97199999999998,1000.00000002365,3,0.6363,1,1,0,0,0,0,NaN,NaN,NaN,NaN,NaN,NaN,NaN,6.64890690951272,16.2929366814375,13.297811760915,6.66402442723916
498,1,Stim,1,1,1670.99446666667,1671.98506666667,-0.0588999999997668,0.990999999999985,1000.00000002365,4,0.4545,1,1,0,0,0,0,NaN,NaN,NaN,NaN,NaN,NaN,NaN,13.297809845164,6.66402482008955,13.2978127658714,18.9872214705645
500,1,NonStim,0,1,1677.42063333333,1678.38066666667,NaN,0.960000000000036,1000.00000002365,3,-0.4545,-1,1,0,0,0,0,NaN,NaN,NaN,NaN,NaN,NaN,NaN,13.2978076439459,6.66402974115438,13.2978121184523,17.3228110893818
501,1,Stim,1,1,1680.80423333333,1681.76936666667,-0.0502666666668574,0.964999999999918,1000.00000002365,3,-0.0909,-1,0,38,1,39,40.4145077720242,0.0354508907251179,7.7271781704016,10.5128205125719,0.114013842829257,0.00367988515909438,1.8486239571441,0.114073212944488,6.64890621482852,6.93889390407131e-15,13.2978139242114,6.66402776002614
502,1,Stim,1,1,1684.16263333333,1685.13296666667,-0.0521666666666079,0.970000000000027,1000.00000002365,4,0.1818,1,1,0,1,1,1.03092783505152,0.241252504754386,22.8304573723679,19.9999999995271,0.633877951843654,-0.773433088357677,309.336813845649,1,13.2978093379674,6.66402736677318,13.2978131845779,6.66402814260812
503,1,Stim,1,1,1687.7637,1688.73153333333,-0.0590333333334456,0.968000000000075,1000.00000002365,2,-0.6363,-1,1,1,0,1,1.03305785123959,0.135907972844263,17.5572593669295,9.99999999976353,0.19568821138305,-0.98066616334291,281.284929782625,1,13.297806122538,6.66402974596731,19.9466962834597,6.66394102403543
504,1,NonStim,0,1,1691.10563333333,1692.0635,NaN,0.958000000000084,1000.00000002365,3,-0.6363,-1,1,0,0,0,0,NaN,NaN,NaN,NaN,NaN,NaN,NaN,13.2978130242182,6.66401646325862,13.2978110992797,6.66401472117294
505,1,Stim,1,1,1694.4398,1695.41266666667,-0.0553000000002157,0.972999999999956,1000.00000002365,1,-0,-1,0,0,1,1,1.02774922918812,0.180419417479789,24.4347772451309,6.99999999983447,-0.0737048277902407,-0.997280100252888,265.773191577503,1,6.64890694924949,19.4109896322153,13.2978130569917,20.2493601262013
506,1,NonStim,0,1,1697.74893333333,1698.7221,NaN,0.973999999999933,1000.00000002365,1,0.1818,1,1,1,2,3,3.08008213552383,0.0738159853465248,11.7172913201665,6.99999999983447,0.549831680856495,0.119404775203028,12.2524495248761,0.562647649612761,6.64890583584776,18.3491330593244,13.2978131258224,6.6639780402107
507,1,Stim,1,1,1701.08153333333,1702.0555,-0.0536000000001877,0.973999999999933,1000.00000002365,4,0.0909,1,1,1,1,2,2.05338809034922,0.193827181716544,20.6209081313996,14.4999999996571,0.0685261869101009,-0.997062174857546,273.931647284159,0.999414237853402,6.64890709052338,6.66403152789851,13.2978138664259,6.66402985953032
508,1,Stim,1,1,1704.41563333333,1705.38963333333,-0.0534000000002379,0.973999999999933,1000.00000002365,4,-0,-1,1,0,0,0,0,NaN,NaN,NaN,NaN,NaN,NaN,NaN,13.2978069723069,6.66402702436687,13.2978121370108,6.66402747508028
509,1,NonStim,0,1,1707.64953333333,1708.62343333333,NaN,0.973999999999933,1000.00000002365,2,0.6363,1,1,0,0,0,0,NaN,NaN,NaN,NaN,NaN,NaN,NaN,6.64890532259359,6.66403120217061,13.2978116991156,6.66403105313244
510,1,Stim,1,1,1710.99103333333,1711.9561,-0.0545666666664602,0.964999999999918,1000.00000002365,3,0.3636,1,1,4,1,5,5.18134715025951,0.112502124432118,14.2434288230416,9.59999999977299,-0.337456575136682,0.00646784230082431,178.901978133338,0.33751855221159,19.9467064571958,6.66401750732552,19.9467162333529,6.66402700650818
511,1,NonStim,0,1,1714.28366666667,1715.26716666667,NaN,0.983999999999924,1000.00000002365,2,0.3636,1,1,1,1,2,2.03252032520341,0.0974930475338913,12.6507710438516,9.99999999976353,-0.400190829389898,-0.911761725712941,246.302349197259,0.995721921222393,13.2977922019419,6.66401337318783,13.2978011391329,6.66401929259023
512,1,NonStim,0,1,1717.60016666667,1718.56626666667,NaN,0.965999999999894,1000.00000002365,2,-0,-1,1,0,0,0,0,NaN,NaN,NaN,NaN,NaN,NaN,NaN,13.2978139304102,6.66403125501664,19.9466608006498,6.66400062078398
513,1,Stim,1,1,1720.87656666667,1721.85296666667,-0.0569666666667672,0.976000000000113,1000.00000002365,4,-0.4545,-1,1,3,1,4,4.09836065573723,0.0819881814469537,12.7401804027316,9.74999999976944,0.144207779305146,0.00327543849332163,1.30115407179566,0.144244972562114,6.6489034907371,6.66403150718429,13.2978123767566,6.66402488834668
514,1,NonStim,0,1,1724.22693333333,1725.21626666667,NaN,0.989999999999782,1000.00000002365,3,0.0909,1,1,4,0,4,4.04040404040493,0.064200721756238,8.97491270012271,7.99999999981083,0.185320433721983,0.000928604967229102,0.287095702833763,0.185322760237617,6.64890679982414,6.66403065320896,13.2978141359745,6.66403045805224
515,1,Stim,1,1,1727.52763333333,1728.50016666667,-0.0625,0.972999999999956,1000.00000002365,3,-0,-1,0,0,0,0,0,NaN,NaN,NaN,NaN,NaN,NaN,NaN,13.2978130868327,6.66403019309429,13.2978115479394,17.9855142244949
516,1,Stim,1,1,1730.8607,1731.83563333333,-0.0591999999999189,0.974999999999909,1000.00000002365,3,1,1,1,0,1,1,1.02564102564112,0.1365686868144,18.8273478890659,7.99999999981083,0.730281384520999,-0.683146469962403,316.90998869858,1,13.2978008982787,17.9813986599933,13.2978141090666,6.66402977947606
517,1,Stim,1,1,1734.06156666667,1735.04326666667,-0.0545333333334383,0.981999999999971,1000.00000002365,1,-0.3636,-1,1,0,1,1,1.01832993890023,0.103437959521874,12.4120541827926,10.9999999997399,-0.25711641048684,-0.966380438263504,255.100971315028,1,6.64890705361676,6.6640314658505,13.2978128549785,6.66403095091359
518,1,NonStim,0,1,1737.5116,1738.46956666667,NaN,0.958000000000084,1000.00000002365,3,-0.0909,-1,0,0,1,1,1.04384133611682,0.0628282864863678,9.4136730920493,6.99999999983447,0.529133099175627,-0.848538840216991,301.946900526451,1,6.64890631910174,17.8668597273237,13.2978135246143,6.66403007354451
519,1,NonStim,0,1,1740.79583333333,1741.76176666667,NaN,0.965999999999894,1000.00000002365,4,1,1,1,38,1,39,40.3726708074578,0.0487890560205084,8.67667973327974,9.6923076920785,-0.0374686939363933,0.0275837047463898,143.640241110016,0.0465270221788922,6.64890695058799,2.77555756162852e-14,13.2978132064564,6.6640294845139
521,1,NonStim,0,1,1746.0049,1746.97863333333,NaN,0.973999999999933,1000.00000002365,2,0.0909,1,1,1,1,2,2.05338809034922,0.116114932936308,14.9875451639729,9.49999999977535,-0.632689710657794,-0.772481855549397,230.681322034579,0.99851113520345,13.29773123964,4.7121752253313,13.2978142366663,6.66403083274234
522,1,Stim,1,1,1749.3969,1750.38816666667,-0.0505333333335329,0.991999999999962,1000.00000002365,3,0.1818,1,1,1,0,1,1.00806451612907,0.0733043280238247,9.15761074366829,8.99999999978718,0,-1,270,1,13.2977864185356,6.66402928321092,13.2978143094953,6.66402672649537
523,1,NonStim,0,1,1752.73893333333,1753.71433333333,NaN,0.975999999999885,1000.00000002365,4,-0,-1,0,0,0,0,0,NaN,NaN,NaN,NaN,NaN,NaN,NaN,13.2978079249791,6.66403127773841,13.2978105548044,6.66403084867221
524,1,Stim,1,1,1756.07273333333,1757.04546666667,-0.0498000000000047,0.972999999999956,1000.00000002365,1,0.0909,1,1,1,1,2,2.05549845837625,0.1747260567737,18.9708366029209,11.9999999997162,0.700902351306978,-0.708637534267032,314.685579036798,0.996710219190969,13.2978123166076,6.66401647024999,13.2978129105769,6.66402973472705
527,1,NonStim,0,1,1762.54886666667,1763.52063333333,NaN,0.97199999999998,1000.00000002365,4,-0.3636,-1,1,0,2,2,2.05761316872432,0.132424400214873,16.8027542499022,10.4999999997517,0.0773369516099765,0.0139216707533634,10.2047052957934,0.0785800038234212,10.5128344310008,18.9613609880244,13.2978140899407,6.66400750791808
528,1,NonStim,0,1,1765.98223333333,1766.94903333333,NaN,0.967000000000098,1000.00000002365,3,0.3636,1,1,0,0,0,0,NaN,NaN,NaN,NaN,NaN,NaN,NaN,13.2977996142568,6.66400762014292,13.2978141139623,6.66402728553332
529,1,Stim,1,1,1769.30766666667,1770.28166666667,-0.0504666666668072,0.973999999999933,1000.00000002365,4,-0.6363,-1,1,1,0,1,1.02669404517461,0.0549456759987255,7.44723336453661,6.99999999983447,0.242017476526287,0.970271890273983,75.9943558950009,1,13.2977739155739,6.66403055216208,13.2978142388926,6.66403151923545
530,1,NonStim,0,1,1772.71693333333,1773.6743,NaN,0.957999999999856,1000.00000002365,3,-0,-1,1,2,1,3,3.1315240083512,0.10421505214743,16.7755876817383,8.66666666646173,0.709928136869401,-0.58837340802383,320.34877992724,0.922052724516573,6.64890660584136,6.66402927871018,19.9467120007518,6.6640278802775
531,1,Stim,1,1,1776.0584,1777.03416666667,-0.0563333333334413,0.976000000000113,1000.00000002365,1,0.1818,1,1,1,2,3,3.07377049180292,0.153826347321619,19.4676082967932,9.99999999976353,-0.218479485191472,-0.346225392559468,237.746741381376,0.40939627245798,13.2978001409157,6.66401854051428,19.9467001580533,6.66403147352867
532,1,NonStim,0,1,1779.37513333333,1780.34486666667,NaN,0.969000000000051,1000.00000002365,4,0.4545,1,1,0,0,0,0,NaN,NaN,NaN,NaN,NaN,NaN,NaN,6.64890706717985,13.327971653407,13.297813544143,6.66402821185761
533,1,Stim,1,1,1782.77693333333,1783.74206666667,-0.0573000000001684,0.965999999999894,1000.00000002365,4,0.3636,1,1,0,0,0,0,NaN,NaN,NaN,NaN,NaN,NaN,NaN,19.9466761432731,13.3280275457963,19.9467054031594,19.9917441304508
534,1,NonStim,0,1,1786.37656666667,1787.3413,NaN,0.964999999999918,1000.00000002365,2,1,1,1,1,3,4,4.14507772020761,0.158637906231625,17.7507722425485,11.249999999734,-0.0638380376763121,-0.507521586026935,262.830765501635,0.511520728160314,6.64890714541719,6.66402638918188,13.2978142178047,6.66402439680359
535,1,NonStim,0,1,1789.70393333333,1790.6853,NaN,0.981999999999971,1000.00000002365,3,0.1818,1,0,1,0,1,1.01832993890023,0.169728525502946,20.4600761232188,10.9999999997399,0.66595370097423,0.745993075141268,48.2444676134119,1,13.2977841870535,6.66401874036927,19.9466934873853,6.664029433554
536,1,NonStim,0,1,1793.26126666667,1794.2266,NaN,0.965000000000146,1000.00000002365,2,-1,-1,1,0,2,2,2.07253886010331,0.0582767791779895,9.41367473673894,6.99999999983447,-0.202687788049233,-0.0718868321771595,199.527957226464,0.215058262023941,13.2978078799913,6.66402909217376,13.297814132228,6.66403152434885
537,1,NonStim,0,1,1796.6615,1797.6353,NaN,0.973999999999933,1000.00000002365,2,0.1818,1,0,0,0,0,0,NaN,NaN,NaN,NaN,NaN,NaN,NaN,13.2978082756714,6.66403152056991,13.2978132319427,6.66402976349862
538,1,NonStim,0,1,1800.0458,1801.01063333333,NaN,0.964999999999918,1000.00000002365,1,-1,-1,1,0,0,0,0,NaN,NaN,NaN,NaN,NaN,NaN,NaN,13.2978124845923,6.66402907970368,13.2978142361998,6.66402933280817
539,1,NonStim,0,1,1803.37043333333,1804.339,NaN,0.968999999999824,1000.00000002365,4,-1,-1,1,3,2,5,5.15995872033118,0.0879800425290253,12.1297213793204,8.99999999978718,-0.137152694905098,0.862650113003148,99.033840754982,0.873485019438842,19.9467130689054,6.66403052227736,19.9467189881427,6.66402980636924
540,1,Stim,1,1,1806.5725,1807.55313333333,-0.0520333333333838,0.980999999999995,1000.00000002365,4,-0.1818,-1,0,0,0,0,0,NaN,NaN,NaN,NaN,NaN,NaN,NaN,13.2978089691655,6.66402704219023,13.2978142359527,6.66402948623035
541,1,NonStim,0,1,1809.87196666667,1810.8464,NaN,0.974999999999909,1000.00000002365,1,0.4545,1,1,3,1,4,4.10256410256449,0.0608379896736212,9.7357222330857,8.24999999980491,0.00622219459707378,0.957223427814498,89.6275681744585,0.957243650520881,6.64890693010358,6.66402124524224,13.2978143039699,6.66402291231202
542,1,Stim,1,1,1813.35563333333,1814.33013333333,-0.0583666666666431,0.974999999999909,1000.00000002365,1,1,1,1,3,3,6,6.15384615384673,0.158555332413495,18.5803441101114,10.8333333330772,0.2084280343869,0.186609173658194,41.838627584122,0.27975923436373,13.2978105443961,6.66403097973851,13.2978139681335,6.66402453086875
543,1,NonStim,0,1,1816.7137,1817.68853333333,NaN,0.975000000000136,1000.00000002365,1,-0.0909,-1,1,0,0,0,0,NaN,NaN,NaN,NaN,NaN,NaN,NaN,6.64890687265906,6.66403096856667,13.2978140252171,6.66403132185891
544,1,Stim,1,1,1819.90643333333,1820.87883333333,-0.0568000000000666,0.97199999999998,1000.00000002365,1,0.3636,1,1,0,0,0,0,NaN,NaN,NaN,NaN,NaN,NaN,NaN,13.2978094859303,6.66402391424382,13.2978132668391,6.66402453880859
545,1,Stim,1,1,1823.2982,1824.26476666667,-0.0568666666665649,0.965999999999894,1000.00000002365,2,1,1,1,1,0,1,1.03519668737071,0.0906225643449947,12.2173651912206,7.99999999981083,-0.293476779115976,-0.955966202394056,252.933779162983,1,13.297811791272,6.66403134821878,13.297813550331,13.3280213093672
546,1,NonStim,0,1,1826.64003333333,1827.60483333333,NaN,0.963999999999942,1000.00000002365,3,0.6363,1,0,3,0,3,3.11203319502093,0.0758645612229227,10.3275659810101,7.99999999981083,-0.0664907231142358,-0.27012014536273,256.171426943578,0.278183229528734,13.2978076897534,6.66403033284688,13.2978141027923,13.3280611007634
549,1,Stim,1,1,1836.39946666667,1837.36473333333,-0.0516666666667334,0.964999999999918,1000.00000002365,1,-1,-1,1,0,2,2,2.0725388601038,0.103314734211624,11.9237247797088,8.99999999978718,0.513212632888639,0.0517296961680956,5.75573612611446,0.515813113464686,13.2978044423124,18.6377469165627,13.2978106848559,6.66401403233606
550,1,Stim,1,1,1839.70826666667,1840.6905,-0.0589333333334707,0.981999999999971,1000.00000002365,1,-0.1818,-1,1,0,0,0,0,NaN,NaN,NaN,NaN,NaN,NaN,NaN,13.2978130043436,16.9077028630948,13.2978134523018,6.66398560540564
551,1,NonStim,0,1,1843.0674,1844.04273333333,NaN,0.974999999999909,1000.00000002365,2,-0.1818,-1,1,1,0,1,1.02564102564112,0.0569215793090857,7.99658221729688,7.99999999981083,-0.350424248827077,-0.936591077169743,249.486733742657,1,6.64890713622194,6.66402995733656,13.2978126552194,6.66402684808767
552,1,NonStim,0,1,1846.45926666667,1847.43056666667,NaN,0.971000000000004,1000.00000002365,4,-0.4545,-1,1,0,0,0,0,NaN,NaN,NaN,NaN,NaN,NaN,NaN,13.2978118264422,6.66402323703845,13.2978140710396,6.66402387110209
553,1,Stim,1,1,1849.8527,1850.81176666667,-0.0625666666667257,0.958999999999833,1000.00000002365,2,-0.1818,-1,1,0,0,0,0,NaN,NaN,NaN,NaN,NaN,NaN,NaN,6.64890655598506,6.66402709418392,13.2978112328216,6.6640286409663
554,1,NonStim,0,1,1853.1933,1854.166,NaN,0.972999999999956,1000.00000002365,1,-0.6363,-1,1,2,2,4,4.1109969167525,0.292370556890332,25.7130372605571,15.9999999996217,0.0699917333118903,-0.00537234136885592,355.610765777059,0.0701976123795268,13.297812444712,6.66402845859799,13.2978135711855,6.66403152623803
555,1,Stim,1,1,1856.6124,1857.57953333333,-0.0676000000003114,0.966999999999871,1000.00000002365,3,-0.4545,-1,1,1,0,1,1.03412616339207,0.0797868544573351,11.0815059262376,7.99999999981083,1,0,0,1,6.64890714440788,15.6502420560349,19.9466874647128,6.66401266535684
558,1,Stim,1,1,1864.55356666667,1865.51856666667,-0.0571333333334678,0.964999999999918,1000.00000002365,1,0.6363,1,1,3,0,3,3.1088082901557,0.0754257591501549,10.4606233471519,9.99999999976353,-0.000290290937749991,0.319424953736694,90.0520699487954,0.319425085643751,6.64890560152961,6.6640306616132,19.9466823150408,6.66402808491072
559,1,NonStim,0,1,1867.85403333333,1868.82743333333,NaN,0.972999999999956,1000.00000002365,2,0.4545,1,1,1,0,1,1.02774922918812,0.0569215812818807,8.66655926210648,6.99999999983447,-0.350424564087566,0.936590959215409,110.513285543344,1,13.2978136582832,6.6640294750605,13.2978138573662,6.66403143044858
560,1,NonStim,0,1,1871.19696666667,1872.17856666667,NaN,0.982000000000198,1000.00000002365,1,1,1,1,3,3,6,6.10997963339999,0.251938353091784,23.9174270109082,15.166666666308,0.120569156452509,-0.0883527129622293,323.766151501923,0.149476163234998,6.64890710097998,6.66403116915551,13.2978142252449,6.66402453086865
561,1,Stim,1,1,1874.54643333333,1875.50323333333,-0.0649000000000797,0.95699999999988,1000.00000002365,3,-0.6363,-1,1,0,0,0,0,NaN,NaN,NaN,NaN,NaN,NaN,NaN,6.64890607726648,6.66402610353756,13.2978142234892,6.66401563406656
564,1,Stim,1,1,1884.05656666667,1885.03316666667,-0.0658333333335577,0.976999999999862,1000.00000002365,2,-0.0909,-1,0,30,0,30,30.7062436028703,0.0344595662438502,7.83043047145948,12.4666666663719,0.213560111981282,-0.0559781744129993,345.312117600497,0.220774721016854,6.64890715473841,1.38777878081426e-14,13.2978137318875,6.66403135477701
565,1,Stim,1,1,1887.2238,1888.18916666667,-0.0543666666667377,0.966000000000122,1000.00000002365,4,-0.3636,-1,1,1,1,2,2.07039337474094,0.202505013530164,20.0060875539974,12.4999999997044,0.817243429518092,0.540015146217993,33.4557855559599,0.979542332538688,13.2977130883796,6.66401296150015,13.2977887035984,6.66398994934701
566,1,NonStim,0,1,1890.52483333333,1891.4907,NaN,0.965999999999894,1000.00000002365,2,-0.3636,-1,1,1,0,1,1.03519668737071,0.0847230649631056,13.8923417956544,7.99999999981083,-0.706303009379203,-0.707909640379252,225.065091438654,1,13.2977972539254,6.66402771045499,13.297809164759,6.6640310258553
567,1,Stim,1,1,1893.91703333333,1894.87453333333,-0.0640333333333274,0.957000000000107,1000.00000002365,3,0.4545,1,1,1,2,3,3.13479623824416,0.146900610256513,20.0697760712101,9.66666666643808,0.61055091700568,-0.77854387288742,308.104308458246,0.989395261898409,13.2977788394232,6.66403059904008,13.2978141336506,6.66402007775811
569,1,Stim,1,1,1900.39146666667,1901.35703333333,-0.0527666666666846,0.965999999999894,1000.00000002365,2,0.0909,1,0,0,0,0,0,NaN,NaN,NaN,NaN,NaN,NaN,NaN,13.2978135831527,19.4799668085857,13.2978136999404,6.66400237461931
570,1,NonStim,0,1,1903.57533333333,1904.54206666667,NaN,0.966999999999871,1000.00000002365,2,-0.0909,-1,1,0,1,1,1.03412616339207,0.0549456749126774,7.02291303236856,6.99999999983447,0.242017434470723,-0.970271900764012,284.005641621565,1,6.6489047345933,17.5615448517425,13.2978105466001,6.66403111317235
571,1,Stim,1,1,1906.90983333333,1907.86813333333,-0.0569666666667672,0.958999999999833,1000.00000002365,2,0.1818,1,1,1,1,2,2.08550573514114,0.145446018012405,17.9904907586543,9.49999999977535,0.875172467205882,-0.468749583472562,331.826131241138,0.992800593956778,6.64890698176288,17.2424556069569,19.9467000719641,6.66402638782053
572,1,NonStim,0,1,1910.12606666667,1911.10066666667,NaN,0.973999999999933,1000.00000002365,2,-0.6363,-1,1,0,0,0,0,NaN,NaN,NaN,NaN,NaN,NaN,NaN,13.297805431746,6.66402225877798,13.2978132607808,6.66401377289828
573,1,NonStim,0,1,1913.5183,1914.49326666667,NaN,0.974999999999909,1000.00000002365,3,0.4545,1,1,0,0,0,0,NaN,NaN,NaN,NaN,NaN,NaN,NaN,6.64890695303022,16.9775265421999,13.2978119102896,6.66403145877588
574,1,Stim,1,1,1916.8608,1917.82743333333,-0.054700000000139,0.966999999999871,1000.00000002365,2,0.4545,1,1,0,0,0,0,NaN,NaN,NaN,NaN,NaN,NaN,NaN,13.2977696849628,6.66402925613888,13.2978127616624,6.66403054978789
576,1,NonStim,0,1,1922.08656666667,1923.05533333333,NaN,0.969000000000051,1000.00000002365,1,-0.1818,-1,1,0,1,1,1.03199174406599,0.175788845582852,17.2584016993899,12.9999999996926,-0.60517198070477,-0.796094764315069,232.758781508356,1,13.2978086836872,17.2782408910378,19.9467004674817,6.66402360969216
578,1,Stim,1,1,1927.20383333333,1928.16876666667,-0.054833333333363,0.964999999999918,1000.00000002365,4,1,1,1,34,1,35,36.2694300518165,0.0330337131060255,7.80078094404887,10.0285714283343,0.0829399098254278,0.0788559231724204,43.554069547632,0.114443371416718,6.64890707731743,1.73472347601783e-15,13.2978139345041,6.66402524849606
580,1,NonStim,0,1,1933.6295,1934.5967,NaN,0.966999999999871,1000.00000002365,1,0.0909,1,1,0,0,0,0,NaN,NaN,NaN,NaN,NaN,NaN,NaN,6.64890713497966,17.1287999916246,13.2978115703969,6.66402778911077
582,1,NonStim,0,1,1938.85586666667,1939.8109,NaN,0.954999999999927,1000.00000002365,3,-1,-1,1,1,0,1,1.04712041884825,0.0537251992985341,9.41365897774719,6.99999999983447,0.123757260282418,0.992312521601632,82.8910052005447,1,13.2977803443737,6.6640313648712,13.2978132633794,6.66402893508159
583,1,NonStim,0,1,1942.38076666667,1943.34543333333,NaN,0.964999999999918,1000.00000002365,4,0.6363,1,1,0,0,0,0,NaN,NaN,NaN,NaN,NaN,NaN,NaN,13.297810844197,15.7053041350254,13.2978108819059,6.664030567524
585,1,NonStim,0,1,1948.84873333333,1949.82893333333,NaN,0.980000000000018,1000.00000002365,4,-0.0909,-1,1,0,0,0,0,NaN,NaN,NaN,NaN,NaN,NaN,NaN,6.64890712970217,6.66402581303904,13.2978141392836,6.66403088480289
586,1,Stim,1,1,1952.1904,1953.16326666667,-0.0556333333333896,0.972999999999956,1000.00000002365,3,0.0909,1,1,0,1,1,1.02774922918812,0.184076860042549,17.8783997634106,13.9999999996689,0.758525424539085,-0.651643445703093,319.334374459509,1,6.64890680196008,18.5196966736561,19.9466922022789,6.66402988810598
587,1,Stim,1,1,1955.56656666667,1956.53223333333,-0.0634666666669546,0.965999999999894,1000.00000002365,2,0.6363,1,1,0,0,0,0,NaN,NaN,NaN,NaN,NaN,NaN,NaN,13.297806963134,6.66402377107906,13.2978100011427,6.66403023091259
588,1,NonStim,0,1,1958.99923333333,1959.97393333333,NaN,0.973999999999933,1000.00000002365,4,0.3636,1,1,0,0,0,0,NaN,NaN,NaN,NaN,NaN,NaN,NaN,6.64890708636288,13.328060669631,13.297813463158,18.1763022055458
590,1,Stim,1,1,1963.9934,1964.96636666667,-0.0558000000003176,0.972999999999956,1000.00000002365,1,0.4545,1,1,1,0,1,1.02774922918812,0.0274178146951313,9.41366756592224,10.9999999997399,-0.970012612992848,-0.243054583653112,194.066894767478,1,6.64890682503079,6.66401593190962,13.297812543907,6.66403150008623
591,1,NonStim,0,1,1967.2178,1968.2085,NaN,0.990999999999985,1000.00000002365,1,0.3636,1,1,4,1,5,5.045408678103,0.0905899017287895,11.775872778395,9.19999999978245,0.0673589540843427,0.275610917909782,76.2662041109461,0.283722763920009,6.64890686304268,6.66401988390694,13.2978129135784,6.6640252620318
594,1,NonStim,0,1,1976.94306666667,1977.9168,NaN,0.972999999999956,1000.00000002365,1,0.6363,1,1,1,2,3,3.08324768756437,0.127668077062898,13.9364626078616,11.6666666663908,0.0667475559857521,-0.351384944382647,280.755514611816,0.357668303556335,6.64890713421487,6.66401714753298,19.9466892697946,6.66402283458269
595,1,Stim,1,1,1980.41983333333,1981.39306666667,-0.051833333333434,0.973999999999933,1000.00000002365,2,-0.0909,-1,1,1,0,1,1.02669404517461,0.0628282575546549,8.66655776439231,6.99999999983447,0.529133322960345,-0.848538700668946,301.946915637039,1,13.2978117656891,6.66402577997378,13.2978137950293,6.66400616885009
596,1,NonStim,0,1,1983.82936666667,1984.81116666667,NaN,0.981999999999971,1000.00000002365,4,0.6363,1,1,37,2,39,39.7148676171091,0.0360696688325125,8.18442666149064,10.8717948715378,-0.0696398745908133,-0.00778737165293127,186.380505370178,0.0700739273216871,6.64890487848918,3.46944695203566e-15,13.2978130024425,6.66401598824297
597,1,Stim,1,1,1987.26133333333,1988.22216666667,-0.0592666666666446,0.961000000000013,1000.00000002365,3,-0.4545,-1,0,0,1,1,1.04058272632673,0.106831529951276,16.5070848128289,6.99999999983447,0.0622371930151198,-0.998061386792215,273.568234595555,1,6.64890714347449,19.6806257671286,13.2978116344513,13.3280546246519
598,1,Stim,1,1,1990.56246666667,1991.5377,-0.0564666666666653,0.974999999999909,1000.00000002365,3,-0.1818,-1,1,0,0,0,0,NaN,NaN,NaN,NaN,NaN,NaN,NaN,6.64890712864943,17.2416716733916,13.2978141213044,6.66402935018106
599,1,Stim,1,1,1993.89796666667,1994.8725,-0.056633333333366,0.975000000000136,1000.00000002365,4,-0,-1,0,1,1,2,2.05128205128176,0.126675069811961,15.9911134067304,10.4999999997517,0.565265665948599,0.794296521474464,54.5622258410251,0.974901142232764,6.64890557230536,18.7986321306334,13.2978123970252,6.66403132349135
601,1,Stim,1,1,2000.2387,2001.20423333333,-0.0544000000002143,0.965999999999894,1000.00000002365,2,-0.4545,-1,0,0,1,1,1.03519668737071,0.0595778461999179,9.41367345250836,6.99999999983447,-0.446401270623749,0.894832892547822,116.513026561729,1,13.2978077879232,17.2181317167223,13.2978143036503,6.66403019863887
602,1,Stim,1,1,2003.5153,2004.4908,-0.054833333333363,0.974999999999909,1000.00000002365,3,0.6363,1,1,0,0,0,0,NaN,NaN,NaN,NaN,NaN,NaN,NaN,13.2978044358125,17.7313354534223,13.2978141204673,6.66403128964626
603,1,Stim,1,1,2006.8229,2007.7909,-0.0460333333335257,0.967999999999847,1000.00000002365,2,-0.6363,-1,1,4,0,4,4.13223140495933,0.0533986129105973,8.94535726433875,7.24999999982856,0.117719620722054,0.0269785091883676,12.907915540902,0.120771474533398,6.64890647319098,6.66402411178013,13.2978142045073,19.3710747451274
604,1,NonStim,0,1,2010.39893333333,2011.363,NaN,0.965000000000146,1000.00000002365,1,0.0909,1,0,0,0,0,0,NaN,NaN,NaN,NaN,NaN,NaN,NaN,6.64890715466092,16.8653012837278,13.2978140697981,6.66402712699849
605,1,NonStim,0,1,2013.79826666667,2014.77226666667,NaN,0.973999999999933,1000.00000002365,1,-0.4545,-1,1,0,0,0,0,NaN,NaN,NaN,NaN,NaN,NaN,NaN,6.64890713589459,16.9502724757868,13.2978131138217,6.66401983672986
606,1,Stim,1,1,2017.04013333333,2018.01376666667,-0.0553333333334649,0.972999999999956,1000.00000002365,2,-1,-1,1,0,1,1,1.02774922918812,0.0569215836657871,9.41367466450176,6.99999999983447,0.350424546137028,-0.936590965931584,290.513284445223,1,13.297789456983,18.6711878029105,13.2978119683664,6.66402795557938
607,1,NonStim,0,1,2020.30876666667,2021.27346666667,NaN,0.964999999999918,1000.00000002365,2,-1,-1,1,1,1,2,2.0725388601038,0.0900499691791297,13.0300702220334,7.99999999981083,-0.333511360684102,-0.0325405842042921,185.57268969321,0.335095086991316,13.2977986597522,6.66403119907855,19.9467063286802,6.6640294074015
608,1,Stim,1,1,2023.72506666667,2024.69833333333,-0.0571333333332404,0.972999999999956,1000.00000002365,2,0.0909,1,1,1,1,2,2.05549845837625,0.0927920754389294,12.9447719865519,8.499999999799,0.358269085029409,-0.933618371023295,290.993932601599,1,6.64890715128365,6.66402344493642,13.2978139927508,6.66402960875183
610,1,Stim,1,1,2030.2508,2031.23373333333,-0.0588999999999942,0.982999999999947,1000.00000002365,4,-1,-1,1,1,1,2,2.03458799593093,0.168782859905946,22.1876761409615,10.4999999997517,-0.254525163537004,-0.962525894447858,255.188045785593,0.995609941872914,6.64890670066815,6.66401720895112,19.9467094745973,6.6640213566237
613,1,NonStim,0,1,2037.678,2038.6344,NaN,0.95699999999988,1000.00000002365,2,0.1818,1,1,1,0,1,1.04493207941497,0.0595778024938508,9.41366445618698,6.99999999983447,-0.446401561345974,0.894832747516471,116.513045176555,1,13.2978080970238,6.6640112036729,13.2978092868854,6.66402945089887
614,1,Stim,1,1,2041.0102,2041.96856666667,-0.0562000000002172,0.958000000000084,1000.00000002365,2,0.6363,1,1,0,0,0,0,NaN,NaN,NaN,NaN,NaN,NaN,NaN,6.64890686207218,6.66402741562722,13.2978102328661,6.66403150929154
615,1,Stim,1,1,2044.38683333333,2045.3519,-0.0535666666667112,0.965000000000146,1000.00000002365,1,-0.3636,-1,1,1,1,2,2.07253886010331,0.0993242186968167,13.2338852805194,8.99999999978718,0.724578038346617,0.683423787383503,43.3257878641204,0.996032834205702,6.64890710028383,17.5157677385401,13.2978126881555,6.66401994529888
616,1,Stim,1,1,2047.77896666667,2048.73803333333,-0.0643333333334795,0.959999999999809,1000.00000002365,2,0.4545,1,1,0,0,0,0,NaN,NaN,NaN,NaN,NaN,NaN,NaN,13.297811458622,6.66401216879912,13.2978077646069,16.3578572658931
617,1,NonStim,0,1,2051.1454,2052.12003333333,NaN,0.974999999999909,999.999999796273,2,0.0909,1,1,0,0,0,0,NaN,NaN,NaN,NaN,NaN,NaN,NaN,6.64890701579565,17.5671364246159,13.2978134981076,19.0706194997815
619,1,Stim,1,1,2057.83926666667,2058.80273333333,-0.0509333333334325,0.963000000000193,999.999999796273,3,0.1818,1,1,0,0,0,0,NaN,NaN,NaN,NaN,NaN,NaN,NaN,6.6489065577105,6.66401867004605,13.2978136394561,13.3280304057026
620,1,Stim,1,1,2061.3061,2062.2714,-0.0543666666667377,0.9650000000006,999.999999796273,4,-0.3636,-1,1,0,0,0,0,NaN,NaN,NaN,NaN,NaN,NaN,NaN,6.64890681103168,17.1366306846221,13.2978134279101,6.66402759355459
621,1,NonStim,0,1,2064.6477,2065.61286666667,NaN,0.965000000000146,999.999999796273,2,1,1,1,0,1,1,1.03626943005166,0.05728224286231,9.41367514470534,6.00000000122236,0.580363707821489,-0.814357394909442,305.476127976296,1,6.64890712645627,17.4069011707548,13.2978142994019,6.66403135100542
623,1,NonStim,0,1,2069.71433333333,2070.68843333333,NaN,0.97400000000016,999.999999796273,1,0.3636,1,1,0,2,2,2.05338809034874,0.0773804521086859,11.9724610917648,6.50000000132422,0.278663888461818,0.18469999913878,33.5366421236737,0.334316694788827,6.648907131219,6.66402907281921,13.2978143028315,6.66402910892699
626,1,Stim,1,1,2076.86586666667,2077.83046666667,-0.0578000000004977,0.965000000000146,999.999999796273,4,0.1818,1,1,1,0,1,1.03626943005166,0.0533122370693202,8.88537374096991,6.00000000122236,0,-1,270,1,6.64890686859864,6.66401265079923,13.2978132870381,6.66401873455896
627,1,Stim,1,1,2080.27403333333,2081.24953333333,-0.0542666666665355,0.974999999999909,999.999999796273,4,-0.1818,-1,1,0,0,0,0,NaN,NaN,NaN,NaN,NaN,NaN,NaN,13.2978121365744,6.66402914749223,13.2978132769854,6.66403092403691
628,1,NonStim,0,1,2083.69986666667,2084.67406666667,NaN,0.975000000000364,999.999999796273,4,-0.3636,-1,1,0,0,0,0,NaN,NaN,NaN,NaN,NaN,NaN,NaN,13.2978108887359,6.66402736403291,13.2978106818323,6.66403062338664
630,1,Stim,1,1,2089.1754,2090.1403,-0.0593666666668469,0.965000000000146,999.999999796273,4,-0.4545,-1,1,1,1,2,2.07253886010331,0.113689831251003,16.1356576327489,8.00000000162981,0.466443174657663,0.864220117648574,61.6430529669565,0.982061936403827,6.64890700308986,18.2084002636405,13.2978141270598,6.66403110388619
631,1,Stim,1,1,2092.54216666667,2093.5236,-0.052833333333183,0.981000000000222,999.999999796273,3,-0,-1,1,1,2,3,3.05810397553448,0.0994314509005882,15.1947655209942,6.66666666802485,0.705781443194891,-0.675956563535004,316.236540070487,0.977263895447036,13.2977793581008,18.1555578670016,13.2978120687293,6.66403149008888
632,1,Stim,1,1,2095.86833333333,2096.8496,-0.0536666666666861,0.981000000000222,999.999999796273,2,0.3636,1,0,0,0,0,0,NaN,NaN,NaN,NaN,NaN,NaN,NaN,13.2978124990284,17.9957490725424,13.2978142405133,6.66402446567158
633,1,NonStim,0,1,2099.21006666667,2100.17486666667,NaN,0.964000000000397,999.999999796273,3,0.1818,1,1,1,1,2,2.07468879667964,0.146252259448772,16.7010536125807,10.0000000020373,0.404066248150913,-0.913557670027396,293.859790344562,0.998928000088415,13.2978086806636,6.66402931843171,13.2978142623426,13.3280449602327
634,1,NonStim,0,1,2102.54336666667,2103.50936666667,NaN,0.966000000000349,999.999999796273,4,-0.6363,-1,1,2,0,2,2.07039337474045,0.092439724174265,14.6597139227534,6.50000000132422,0.616885916528287,-0.702654922933802,311.281055671329,0.935025226790193,13.2978110414333,6.66403149870948,13.2978140289984,6.66400472926415
635,1,NonStim,0,1,2105.8524,2106.81923333333,NaN,0.967000000000098,999.999999796273,2,0.4545,1,1,2,1,3,3.10237849017549,0.0727586752331211,11.6346162468536,6.66666666802485,0.123981279716447,-0.306238487387476,292.040664725519,0.330383669205209,13.2978133837367,6.66402595701165,13.2978136079881,6.66402685306549
636,1,Stim,1,1,2109.2365,2110.22366666667,-0.0485666666668294,0.98700000000008,999.999999796273,4,0.6363,1,1,2,0,2,2.0263424518742,0.0435226643213711,8.91030607818728,6.50000000132422,-0.0618788471655736,-0.00384376626564531,183.554509930639,0.0619981150168723,6.64890708120396,6.66402891419135,13.2978129065522,6.66400901006647
637,1,NonStim,0,1,2112.67856666667,2113.65133333333,NaN,0.972999999999956,999.999999796273,1,-0.6363,-1,1,2,2,4,4.1109969167525,0.107427529913993,12.4682449294359,10.2500000020882,-0.18545265310263,-0.449634602429468,247.586206974204,0.486378414657467,6.64890714984202,6.66403138399817,13.2978115406949,6.66402383298712
638,1,Stim,1,1,2116.08086666667,2117.0685,-0.0549666666665871,0.988000000000284,999.999999796273,1,0.6363,1,1,4,2,6,6.07287449392538,0.098634844809217,12.3647720283793,9.33333333523478,0.194709669114634,-0.619344389740879,287.452119973443,0.649229796258792,10.5128407712327,6.66403096054767,13.2978143063428,6.66402933624174
639,1,Stim,1,1,2119.61296666667,2120.5815,-0.0524000000000342,0.969000000000506,999.999999796273,1,0.1818,1,1,3,1,4,4.12796697626204,0.153624697670267,17.7734867489348,9.5000000019354,-0.216640601942498,-0.0555359689428329,194.378192470507,0.223645689107631,13.2978103507226,6.66398456035303,13.2978115869484,13.3280000263912
640,1,Stim,1,1,2122.96373333333,2123.93093333333,-0.0539666666663834,0.967000000000098,999.999999796273,4,0.4545,1,1,3,3,6,6.20475698035097,0.0630432943324167,10.4088685496545,6.50000000132422,0.0671359403615774,0.0245753128098564,20.1053040147054,0.0714925205034454,6.64890714984206,6.66403065225528,13.2978142616895,6.66402857790751
642,1,Stim,1,1,2129.51433333333,2130.48806666667,-0.0514000000002852,0.97400000000016,999.999999796273,3,0.3636,1,1,0,2,2,2.05338809034874,0.123616815140749,12.5601154002846,10.5000000021391,-0.170053340165437,-0.0497508180756643,196.307368755813,0.177181495649573,13.2977723202137,13.3280168483788,13.2978120680075,6.66401255539204
643,1,Stim,1,1,2132.86496666667,2133.84146666667,-0.0583666666670979,0.977000000000317,999.999999796273,4,0.0909,1,1,2,0,2,2.04708290685706,0.056809697034505,8.91294735556747,6.00000000122236,-0.0496400563231965,-0.00247023726391016,182.848858840683,0.0497014815061899,13.2978118177091,6.66402961471645,13.2978141442333,6.66402996783941
644,1,NonStim,0,1,2136.216,2137.1836,NaN,0.968000000000302,999.999999796273,3,-0.4545,-1,1,6,2,8,8.26446280991478,0.082169127747439,11.5513829355434,8.50000000173168,0.151965406939151,0.0584780881701885,21.047316022248,0.162828657496836,6.64890634212111,6.6640312684793,13.2978118496504,6.6640267944658
645,1,NonStim,0,1,2139.58276666667,2140.5556,NaN,0.972999999999956,999.999999796273,3,1,1,1,5,2,7,7.19424460431687,0.0906223529394439,14.2292507869277,8.14285714451606,0.0630144890527273,-0.380227421849155,279.41000947762,0.385413697416986,6.64890715189207,6.66403152514147,13.2978126275121,6.66403015947377
646,1,Stim,1,1,2142.77426666667,2143.75113333333,-0.0471999999999753,0.977000000000317,999.999999796273,2,1,1,1,3,1,4,4.09416581371413,0.0771444999168002,11.7402584499023,8.75000000178261,0.308749481080695,0.306747128572799,44.8136042648046,0.435224129564591,6.64890715303175,13.32805003931,13.2978142830267,6.66402906623041
647,1,NonStim,0,1,2146.2418,2147.21823333333,NaN,0.976999999999862,999.999999796273,1,1,1,1,1,1,2,2.04708290685802,0.0703062047553447,10.2738968244327,7.00000000142609,-0.0236170278958919,0.00237764607563634,174.251113388938,0.0237364110070652,13.2978122819363,6.66402925009587,13.2978105583378,6.66403152591892
648,1,NonStim,0,1,2149.80856666667,2150.7826,NaN,0.97400000000016,999.999999796273,1,-0,-1,1,3,1,4,4.10677618069748,0.169517433772559,18.4317862546002,10.0000000020373,0.442215957930404,-0.235878887018439,331.924449035358,0.501192381016873,6.64890687146498,6.66400652738816,13.297809370734,6.66403024174564
649,1,NonStim,0,1,2153.19296666667,2154.16003333333,NaN,0.967999999999847,999.999999796273,2,-0.3636,-1,1,0,1,1,1.03305785123983,0.0595778660765955,9.41367466931215,7.00000000142609,-0.446401123153852,0.894832966115453,116.513017119293,1,6.64890701778527,17.3282269769737,13.297814249054,6.6640239127286
650,1,NonStim,0,1,2156.55926666667,2157.53233333333,NaN,0.973000000000411,999.999999796273,4,0.3636,1,1,1,1,2,2.05549845837529,0.158719226128507,18.0923307681257,11.000000002241,0.26715661754511,-0.961289335302997,285.53140381412,0.997722328338613,13.2978098366264,6.66402794838695,19.9467058168591,6.66403146343413
652,1,NonStim,0,1,2161.60113333333,2162.5753,NaN,0.97400000000016,999.999999796273,3,-0,-1,1,2,2,4,4.10677618069748,0.0565079523374735,8.78998827608071,6.75000000137516,-0.253292114064604,0.947270603372368,104.970183264587,0.980550096150506,13.2978090342562,6.66402625753304,19.9467113579426,6.6640230617144
653,1,Stim,1,1,2165.13593333333,2166.10993333333,-0.0654666666669073,0.97400000000016,999.999999796273,1,0.3636,1,1,1,0,1,1.02669404517437,0.035816700814184,7.84472727859793,6.00000000122236,-0.928185277121866,0.372118383494022,158.153677065296,1,6.64890715287987,6.66402925281308,13.2978141105643,6.66402469514575
657,1,NonStim,0,1,2177.8954,2178.87486666667,NaN,0.978999999999814,999.999999796273,4,0.1818,1,1,1,1,2,2.0429009193058,0.0444613702224056,8.62920201351766,7.00000000142609,0.218852790082153,0.00519714497137558,1.36035970346843,0.218914490252693,6.64890709066925,6.6640313998487,13.2978137599542,6.66403035159566
658,1,NonStim,0,1,2181.30466666667,2182.27953333333,NaN,0.975000000000364,999.999999796273,4,-0,-1,1,0,1,1,1.02564102564064,0.0537252621813122,8.66656137052814,7.00000000142609,-0.123757556202095,0.992312484695665,97.1090118857547,1,13.2978127557021,18.0259322634795,13.2978143050429,6.66403054708449
659,1,NonStim,0,1,2184.71313333333,2185.69653333333,NaN,0.983000000000175,999.999999796273,1,-0.3636,-1,1,0,0,0,0,NaN,NaN,NaN,NaN,NaN,NaN,NaN,13.2978078557837,6.66402962632271,13.2978120630364,6.66402486670091
660,1,NonStim,0,1,2188.08853333333,2189.06256666667,NaN,0.97400000000016,999.999999796273,3,0.3636,1,1,2,2,4,4.10677618069748,0.135265837456446,14.7244528629852,10.7500000021901,0.386094775556345,-0.921583412398939,292.731109766021,0.999192254634101,13.2978131572753,6.66402870438211,13.29781367357,6.66403115190451
661,1,NonStim,0,1,2191.48953333333,2192.4574,NaN,0.968000000000302,999.999999796273,3,-0.3636,-1,1,1,1,2,2.06611570247869,0.095612234222724,13.0368724270448,8.00000000162981,-0.339822154300861,-0.0903512492465734,194.889223898318,0.351628276442744,6.64890704409818,6.66402546919186,19.9466850079514,6.66402694992029
664,1,NonStim,0,1,2198.40643333333,2199.3819,NaN,0.974999999999909,999.999999796273,3,-0.6363,-1,1,0,0,0,0,NaN,NaN,NaN,NaN,NaN,NaN,NaN,6.64890707547216,6.6640293892391,19.9467094879565,6.66402763512498
665,1,NonStim,0,1,2201.69056666667,2202.6662,NaN,0.976000000000568,999.999999796273,3,-1,-1,1,0,0,0,0,NaN,NaN,NaN,NaN,NaN,NaN,NaN,6.6489068846496,20.0515611620907,19.9467109569055,13.3280179973345
666,1,Stim,1,1,2205.1243,2206.0984,-0.0532666666667865,0.97400000000016,999.999999796273,1,-0.4545,-1,0,2,2,4,4.10677618069748,0.146141466262553,15.6044327077241,10.5000000021391,-0.176834738279601,-0.447068836212572,248.419095816801,0.480771327113919,6.6489071469589,6.66402328028267,13.2978140698947,6.66400931675483
667,1,Stim,1,1,2208.4741,2209.44966666667,-0.05026666666663,0.975000000000364,999.999999796273,3,0.0909,1,0,5,0,5,5.12820512820321,0.0588304623539242,9.79495323725069,6.6000000013446,0.321685911701264,0.123345406444897,20.9785361353609,0.344522735212251,6.64890690113709,6.66403123952311,19.9467107331684,6.66402132060674
668,1,NonStim,0,1,2211.8667,2212.8323,NaN,0.965999999999894,999.999999796273,4,1,1,1,45,0,45,46.5838509316821,0.0345107783349423,7.3251717867833,9.53333333527553,-0.0402814810802744,0.0306462515901428,142.736031760904,0.0506141329526332,6.64890713591224,6.93889390249359e-15,13.2978138446161,6.66402538019231
669,1,Stim,1,1,2215.17526666667,2216.1831,-0.0508333333332303,1.00800000000027,999.999999796273,1,1,1,1,1,1,2,1.98412698412646,0.115375420403327,13.555228572106,11.5000000023429,-0.180783293977742,-0.98045525104676,259.552740429802,0.996982998193353,6.64890685043759,6.66403030890738,13.2978120241978,6.66403151816304
672,1,Stim,1,1,2223.4018,2224.386,-0.0556000000001404,0.985000000000127,999.999999796273,4,-0.0909,-1,0,0,0,0,0,NaN,NaN,NaN,NaN,NaN,NaN,NaN,13.2978125239743,6.66402426480649,13.297814264544,6.66402482168448
673,1,NonStim,0,1,2226.7773,2227.75156666667,NaN,0.974000000000615,999.999999796273,1,-0.0909,-1,1,4,0,4,4.10677618069556,0.0544405525334547,9.14536923107018,6.25000000127329,-0.148012409526717,-0.0425808663656086,196.049703387495,0.154015595166043,13.297811346161,6.6640292726897,13.2978132895431,6.66402888108828
674,1,NonStim,0,1,2230.1366,2231.10503333333,NaN,0.969000000000051,999.999999796273,2,-0,-1,1,0,1,1,1.03199174406599,0.053312222481547,11.4152396186263,7.00000000142609,0,-1,270,1,13.2978137195564,6.66403121856792,13.2978141961428,6.66403132387243
675,1,NonStim,0,1,2233.5282,2234.50186666667,NaN,0.973000000000411,999.999999796273,4,0.0909,1,1,0,0,0,0,NaN,NaN,NaN,NaN,NaN,NaN,NaN,13.2978105658188,6.66402240113091,13.297814278976,6.66402613971842
676,1,NonStim,0,1,2236.84593333333,2237.81183333333,NaN,0.966000000000349,999.999999796273,3,0.0909,1,1,1,0,1,1.03519668737023,0.0685736943008016,9.41367180570657,8.00000000162981,-0.484799829243268,-0.874625134309378,241.00064140038,1,6.64890713997497,6.66403040308934,13.2978141234569,6.66403126804721
677,1,Stim,1,1,2240.21216666667,2241.1697,-0.0562666666664882,0.95699999999988,999.999999796273,3,0.4545,1,1,2,1,3,3.13479623824491,0.129757444619769,16.3510140946324,8.6666666684323,0.129402147812602,-0.328599464380748,291.494471748417,0.353160762047299,6.64890697142941,13.3280603767943,13.2978136685558,6.66402889279551
678,1,NonStim,0,1,2243.70406666667,2244.67876666667,NaN,0.97400000000016,999.999999796273,2,-0.6363,-1,1,1,3,4,4.10677618069748,0.071551905928802,10.9766446021484,7.00000000142609,0.043748591666085,-0.00914900196573631,348.188148069553,0.0446950054226968,13.2978120138206,6.66402861798466,13.2978142030596,6.66403066734883
679,1,NonStim,0,1,2247.10426666667,2248.0728,NaN,0.968000000000302,999.999999796273,4,-0.0909,-1,1,0,0,0,0,NaN,NaN,NaN,NaN,NaN,NaN,NaN,6.64890714085615,6.66402953926091,13.297814170015,6.66403090524965
680,1,NonStim,0,1,2250.48073333333,2251.44663333333,NaN,0.965999999999894,999.999999796273,4,-0.1818,-1,1,3,0,3,3.10559006211214,0.0639152166060769,10.1683918026343,6.66666666802485,-0.0515057074949638,-0.339999141455055,261.385886159301,0.343878254757016,6.64890705340006,6.66402649599076,13.2978123834532,6.66402223897137
681,1,NonStim,0,1,2253.97263333333,2254.9381,NaN,0.966000000000349,999.999999796273,4,-1,-1,1,2,1,3,3.10559006211068,0.0584494228780879,10.7474722079774,6.00000000122236,-0.264963644440332,0.252263231979723,136.406604856001,0.365844872977548,13.2978065578974,6.66402967402936,13.297813898184,6.6640287833482
682,1,Stim,1,1,2257.3394,2258.30643333333,-0.0576666666670462,0.967000000000098,999.999999796273,2,-0.3636,-1,0,2,2,4,4.13650465356732,0.0875851789317592,13.4073151274648,7.25000000147702,0.46567732558669,-0.867897508950134,298.216137084208,0.984937286129132,13.2978138678979,6.66400722060245,19.9466866339387,6.66403118539984
683,1,NonStim,0,1,2260.64066666667,2261.59683333333,NaN,0.956000000000131,999.999999796273,2,-0.1818,-1,1,4,1,5,5.23012552301184,0.0636650104547518,11.4746107274249,6.20000000126311,-0.10317737372324,-0.5008943577417,258.360652762347,0.511410527918516,6.6489071424033,6.66403087167779,19.9467075729853,6.66403095893795
684,1,NonStim,0,1,2264.03206666667,2264.99873333333,NaN,0.966000000000349,999.999999796273,3,0.4545,1,1,3,1,4,4.1407867494809,0.057261722669909,8.48509132306042,6.75000000137516,-0.121008901650829,0.485135904691909,104.005663392924,0.500000000299977,13.2978098116662,6.66403118750069,13.2978138515705,6.66398825037132
686,1,NonStim,0,1,2270.47493333333,2271.43976666667,NaN,0.965000000000146,999.999999796273,1,0.1818,1,0,0,0,0,0,NaN,NaN,NaN,NaN,NaN,NaN,NaN,13.2977807940083,13.3280629881696,13.297814068016,6.6640309170255
687,1,NonStim,0,1,2273.76663333333,2274.72593333333,NaN,0.959000000000287,999.999999796273,3,-0.0909,-1,0,0,42,42,43.7956204379431,0.0303397585042164,7.90319207399219,9.90476190677977,0.191399462158807,0.0406017619865008,11.976669867692,0.195658521897435,13.2978122340157,13.3280366144891,13.2978134825638,1.38777878049872e-14
688,1,Stim,1,1,2277.06713333333,2278.02753333333,-0.0579333333334944,0.960000000000036,999.999999796273,3,-0.0909,-1,1,0,1,1,1.04166666666663,0.0744723285365751,13.9094410775619,6.00000000122236,-0.446401172504836,0.894832941495957,116.513020279216,1,13.2978081087581,13.3280470095312,13.2978135252269,6.66402781541076
689,1,Stim,1,1,2280.30226666667,2281.2754,-0.0500000000001819,0.973000000000411,999.999999796273,1,0.4545,1,1,3,2,5,5.13874614593822,0.0791699931405809,10.3097800158334,10.4000000021188,-0.0536943403026863,0.598693176037698,95.124912433136,0.601096166361629,6.64890711827105,6.66403110232335,13.2978123351619,6.66402683227188
690,1,Stim,1,1,2283.8344,2284.8096,-0.0559666666663361,0.975000000000364,999.999999796273,1,-0.0909,-1,1,0,2,2,2.05128205128129,0.115878020658842,17.1440852598479,8.50000000173168,-1.28918091202301e-08,-4.28751767422852e-09,198.395932627597,1.35860792798832e-08,13.2978054816,13.3280611367227,13.2978139052,6.66402961471644
691,1,Stim,1,1,2287.34373333333,2288.31713333333,-0.0549333333333379,0.97400000000016,999.999999796273,2,-0,-1,1,1,1,2,2.05338809034874,0.159181489941884,20.8517321140287,10.0000000020373,0.511226459358224,-0.852222644727298,300.958460438863,0.993798736633297,13.2978131912085,6.66402905113715,13.2978135980501,6.66402804300696
693,1,Stim,1,1,2292.578,2293.55256666667,-0.0518000000001848,0.975000000000364,999.999999796273,1,-1,-1,1,0,44,44,45.1282051281883,0.0335233641909601,7.8832333384364,9.52272727466731,0.143722463083969,0.129848549390456,42.0967820949484,0.193692519663844,6.64890703276496,6.66403033592255,13.2978125900188,2.77555756099744e-14
694,1,Stim,1,1,2296.0117,2296.98546666667,-0.0561000000002423,0.97400000000016,999.999999796273,4,0.3636,1,1,0,1,1,1.02669404517437,0.131217048373893,16.0071570456734,10.0000000020373,0.405368302164396,-0.914153455170605,293.914208906116,1,6.64890708152481,13.3280586628844,13.2978121166685,6.66403096147847
695,1,NonStim,0,1,2299.45366666667,2300.41943333333,NaN,0.965999999999894,999.999999796273,3,-0.1818,-1,1,0,0,0,0,NaN,NaN,NaN,NaN,NaN,NaN,NaN,13.2978083606387,19.9918040117076,13.2978142387627,6.66401414617044
696,1,Stim,1,1,2302.66236666667,2303.63096666667,-0.0553666666669415,0.968000000000302,999.999999796273,4,1,1,1,0,0,0,0,NaN,NaN,NaN,NaN,NaN,NaN,NaN,6.64890708946588,13.3280366755341,13.2978113619555,6.66402749650181
699,1,Stim,1,1,2312.156,2313.13763333333,-0.0586666666667952,0.982000000000426,999.999999796273,1,0.0909,1,1,0,0,0,0,NaN,NaN,NaN,NaN,NaN,NaN,NaN,6.64890714662238,13.3278425854014,13.2978138900316,6.66401757542756
700,1,NonStim,0,1,2315.581,2316.54936666667,NaN,0.969000000000051,999.999999796273,2,-0.0909,-1,1,3,2,5,5.15995872032997,0.0591654091882613,10.6355972227034,6.20000000126311,-0.424557105867435,0.902277235120189,115.198838926366,0.99717247513089,13.2978105674459,6.66403053874706,13.2978141075558,6.66403080647671
701,1,Stim,1,1,2318.8397,2319.8044,-0.0500000000001819,0.965000000000146,999.999999796273,3,1,1,1,1,1,2,2.07253886010331,0.0987168750122218,15.5035681478133,7.00000000142609,0.788701277833153,-0.108401553861013,352.174122776078,0.796115947921614,6.64890713295961,18.912706299418,19.9466858657646,6.66402656444509
702,1,NonStim,0,1,2322.24823333333,2323.22443333333,NaN,0.976000000000568,999.999999796273,1,-1,-1,1,1,2,3,3.07377049180149,0.0654352319829414,9.9317451908447,6.66666666802485,0.397551006718786,-0.198899145231707,333.420695001894,0.44453084585552,6.64890715317658,6.66403090288095,13.2978074113439,6.66402995883018
703,1,NonStim,0,1,2325.61523333333,2326.5812,NaN,0.966000000000349,999.999999796273,1,0.6363,1,1,0,0,0,0,NaN,NaN,NaN,NaN,NaN,NaN,NaN,13.2978087318391,13.3280593258328,13.2978141780196,6.66402743478761
704,1,Stim,1,1,2328.9742,2329.95076666667,-0.0568666666667923,0.976000000000113,999.999999796273,3,-0.3636,-1,0,2,0,2,2.04918032786862,0.060168722299333,8.43045470093396,7.50000000152795,0.247644722269651,-0.934364008099184,284.844419223732,0.966625060765126,6.64890713969772,6.66403089574784,13.2978142369435,6.66403147970585
705,1,Stim,1,1,2332.20973333333,2333.17566666667,-0.0704333333333125,0.966000000000349,999.999999796273,3,-1,-1,1,2,2,4,4.1407867494809,0.100953508572734,16.9217731586914,9.75000000198634,-0.0202322291451143,-0.359256741958693,266.776683621485,0.359825999253743,6.64890715195739,13.3279667186748,19.9466936294274,6.66402952229469
706,1,Stim,1,1,2335.52673333333,2336.4936,-0.0560333333332892,0.967000000000098,999.999999796273,3,-0.6363,-1,1,0,1,1,1.03412616339183,0.0537249489323743,9.54700885065883,6.00000000122236,-0.12375826664394,-0.992312396091718,262.890947093577,1,13.2977976000102,6.66399366325726,13.2978132637405,6.66400416969815
707,1,NonStim,0,1,2338.91723333333,2339.88376666667,NaN,0.965999999999894,999.999999796273,2,-0.4545,-1,1,0,0,0,0,NaN,NaN,NaN,NaN,NaN,NaN,NaN,13.2978132775089,6.66402787057824,13.2978142395808,17.1081518143362
708,1,Stim,1,1,2342.25973333333,2343.2323,-0.0572999999999411,0.972999999999956,999.999999796273,4,-0.6363,-1,1,0,0,0,0,NaN,NaN,NaN,NaN,NaN,NaN,NaN,13.2978141771115,6.66402943811769,19.946700623897,6.66402542773951
709,1,Stim,1,1,2345.8342,2346.79986666667,-0.0537666666664336,0.965000000000146,999.999999796273,2,0.1818,1,1,41,0,41,42.4870466321179,0.0330310541860274,7.4511430745969,9.04878048964836,-0.0642800049105678,-0.0373440816415416,210.15485429981,0.0743404295451187,6.64890714808932,1.38777878049872e-14,13.2978132516814,6.66403133453898
710,1,Stim,1,1,2349.2857,2350.25846666667,-0.0539333333331342,0.972999999999956,999.999999796273,1,-0.1818,-1,1,0,1,1,1.02774922918812,0.163838732409107,21.4441949714653,8.00000000162981,0.44640212544595,0.894832466105996,63.486918704346,1,13.2977925542424,18.7251622840316,13.2978110551825,13.3279252607038
711,1,Stim,1,1,2352.50293333333,2353.48443333333,-0.0552000000002408,0.981999999999971,999.999999796273,1,-0.6363,-1,1,0,0,0,0,NaN,NaN,NaN,NaN,NaN,NaN,NaN,6.64890713104104,17.4947647062729,16.9514418329729,6.66403027353622
712,1,NonStim,0,1,2355.86966666667,2356.8258,NaN,0.956000000000131,999.999999796273,2,0.3636,1,1,2,2,4,4.18410041840947,0.111641522108244,14.9863521073366,8.75000000178261,-0.113532865996248,0.0203021109829813,169.861446814807,0.115333808450459,13.2978142654026,6.66400895396503,19.946717488512,6.66402394668078
713,1,NonStim,0,1,2359.33613333333,2360.30946666667,NaN,0.973000000000411,999.999999796273,2,0.6363,1,1,1,2,3,3.08324768756293,0.0591172609485899,9.88964303281333,6.3333333346236,-0.244505583523856,0.257699971000976,133.495020936637,0.355235492917367,13.2978064020054,6.66402973803341,13.2978103591347,6.664030557161
714,1,NonStim,0,1,2362.52896666667,2363.50323333333,NaN,0.975000000000364,999.999999796273,4,0.4545,1,1,2,1,3,3.07692307692193,0.0542629091923794,10.6593466655907,6.3333333346236,0.17637752004871,0.282846392115187,58.0531358703617,0.333333333333333,6.64890536260362,6.66400462346997,19.9466392911861,6.66402728154404
715,1,Stim,1,1,2365.9218,2366.9052,-0.0627666666669029,0.984000000000378,999.999999796273,2,-0.1818,-1,1,3,1,4,4.06504065040494,0.0796323758165682,12.3782025041307,8.75000000178261,0.122987243025694,-0.47358831205015,284.55770193697,0.489297201358818,6.64890712058186,6.66402581582964,13.2978142971025,6.66402862105616
716,1,Stim,1,1,2369.36246666667,2370.33043333333,-0.0509333333334325,0.968000000000302,999.999999796273,1,-0,-1,1,0,0,0,0,NaN,NaN,NaN,NaN,NaN,NaN,NaN,13.2978124859788,6.66403143772623,19.9467133256477,6.66403061193759
717,1,NonStim,0,1,2372.88113333333,2373.86276666667,NaN,0.981000000000222,999.999999796273,4,-0.4545,-1,1,0,1,1,1.01936799184483,0.0935319368802909,12.4166680144983,9.00000000183354,-0.0710867478978758,0.997470137033337,94.0764087992023,1,13.2978131505483,6.66401944810452,19.9467068757562,6.66390733830565
718,1,NonStim,0,1,2376.28856666667,2377.25386666667,NaN,0.965000000000146,999.999999796273,1,0.4545,1,1,6,0,6,6.21761658030994,0.124831453015849,14.1117253601036,10.1666666687379,0.129034580064149,-0.27758011322809,294.931609385603,0.306105606142799,6.64890713906357,6.66403137054995,13.2978131015256,24.8927726170483
719,1,NonStim,0,1,2379.71453333333,2380.67343333333,NaN,0.958999999999833,999.999999796273,3,0.6363,1,1,2,2,4,4.17101147028227,0.161346401791375,19.1112080466204,10.2500000020882,-0.0594503553626613,-0.0225097212961268,200.738197133351,0.0635691143998091,13.2978009540796,6.66403152641042,13.2978142600047,6.66403145630976
720,1,NonStim,0,1,2383.18943333333,2384.16283333333,NaN,0.972999999999956,999.999999796273,1,-0.1818,-1,1,1,2,3,3.08324768756437,0.184041291726639,21.1229482543573,11.000000002241,-0.172527883787738,-0.322708059313614,241.869913932294,0.36593218255605,13.2978039265114,6.66402872351634,13.2978099293345,6.66402594992361
721,1,NonStim,0,1,2386.59033333333,2387.55493333333,NaN,0.964000000000397,999.999999796273,2,-0.3636,-1,1,0,0,0,0,NaN,NaN,NaN,NaN,NaN,NaN,NaN,13.2978110107757,6.66403048123811,13.2978116521513,13.3280513515718
722,1,NonStim,0,1,2389.99096666667,2390.9654,NaN,0.975000000000364,999.999999796273,1,0.4545,1,1,7,3,10,10.2564102564064,0.0944559177764594,13.5469689125716,8.90000000181317,0.0724486578290065,-0.0484412531307603,326.232175641817,0.0871513799437672,6.64890704977482,6.66403107046073,13.297814294849,6.66402939713273
724,1,NonStim,0,1,2396.36663333333,2397.36726666667,NaN,1.0010000000002,999.999999796273,1,0.0909,1,1,0,2,2,1.99800199800159,0.055933551482106,9.32225833411346,6.00000000122236,-0.296221229531387,0.95343137527947,107.259477132789,0.998387902667289,13.2977968438827,6.66401857513358,13.2978142610583,6.66402909346933
725,1,NonStim,0,1,2399.85033333333,2400.82333333333,NaN,0.972999999999956,999.999999796273,3,-0.0909,-1,0,3,1,4,4.1109969167525,0.118062775599956,15.2756229437469,10.0000000020373,0.475568411788995,-0.18028699787469,339.238386017598,0.508594844541483,13.2977626795213,6.66402984246603,13.2978133061613,6.66402391107155
726,1,Stim,1,1,2403.33473333333,2404.3037,-0.0557999999996355,0.969000000000051,999.999999796273,1,0.1818,1,1,1,1,2,2.06398348813199,0.101571846955704,13.5940206830174,8.50000000173168,0.0748797680802462,0.0353359269136218,25.2627274924283,0.0827985953902376,13.2978072105291,6.66401693575419,13.2978135627145,6.66401388483628
727,1,NonStim,0,1,2406.7174,2407.68363333333,NaN,0.966000000000349,999.999999796273,3,-0,-1,1,0,0,0,0,NaN,NaN,NaN,NaN,NaN,NaN,NaN,13.2977810976433,13.3279967222128,13.2978138539558,6.66403146582275
728,1,NonStim,0,1,2410.19366666667,2411.15866666667,NaN,0.965000000000146,999.999999796273,1,-0.3636,-1,1,0,0,0,0,NaN,NaN,NaN,NaN,NaN,NaN,NaN,6.64890714830197,18.6432790332751,13.2978133409764,6.66402908878377
729,1,Stim,1,1,2413.50206666667,2414.47573333333,-0.0554999999999382,0.972999999999956,999.999999796273,3,1,1,1,40,1,41,42.1377183967131,0.0360355978872749,7.81440694858443,10.7073170753521,0.0334336466334124,0.0546500847627716,58.5426780160778,0.0640659074062486,6.64890633392166,6.93889390249359e-15,19.94671113555,6.66402659649663
730,1,Stim,1,1,2416.8949,2417.8608,-0.0644000000002052,0.966000000000349,999.999999796273,2,0.4545,1,1,5,2,7,7.24637681159158,0.0620530544960644,9.76168219840585,6.57142857276735,0.335117697414468,-0.121021833056724,340.143710409947,0.356300652815546,19.9466715737461,6.66403100414205,19.9466778660925,6.66403150898658
731,1,Stim,1,1,2420.3545,2421.3508,-0.0569666666665398,0.996000000000095,999.999999796273,3,0.6363,1,1,5,2,7,7.02811244979853,0.0784666069587008,11.7565237646534,7.42857143008483,-0.0577075668920654,0.160963235586618,109.723465453329,0.170995106617456,6.6489071451883,6.66402613832461,13.297813097288,6.66402827909217
732,1,Stim,1,1,2423.71103333333,2424.68883333333,-0.0589333333336981,0.977000000000317,999.999999796273,4,0.4545,1,1,2,2,4,4.09416581371413,0.0722627287901175,8.88511377779854,10.0000000020373,-0.0478137582674089,-0.900176380691425,266.959535250068,0.90144532381857,6.64890702645251,6.66402837660627,13.297814130627,6.66401384445794
733,1,Stim,1,1,2427.11223333333,2428.07686666667,-0.0532333333330826,0.964000000000397,999.999999796273,1,0.6363,1,1,0,1,1,1.03734439833982,0.0941367420561431,14.2038646892841,7.00000000142609,0.706303002809762,-0.707909646933783,314.934908029638,1,13.2978128407052,13.3280576126791,13.2978142182444,6.66402962301023
734,1,Stim,1,1,2430.522,2431.507,-0.0586333333330913,0.986000000000331,999.999999796273,1,0.0909,1,0,2,3,5,5.0709939148056,0.0740010973020073,12.1513194326767,6.6000000013446,0.347009856236896,-0.465523125418659,306.701551709581,0.580626920341374,13.2977986010361,6.66403092403691,13.2978137623017,6.6640307060304
735,1,Stim,1,1,2433.77996666667,2434.74616666667,-0.0589666666664925,0.967000000000098,999.999999796273,1,-0.3636,-1,1,0,0,0,0,NaN,NaN,NaN,NaN,NaN,NaN,NaN,6.648907124156,13.3280420554567,19.946699459931,13.3280497829453
736,1,NonStim,0,1,2437.13016666667,2438.1032,NaN,0.973000000000411,999.999999796273,1,-1,-1,1,1,1,2,2.05549845837529,0.168695097374524,20.2260739922445,10.5000000021391,-0.302000267012569,-0.0861577072807082,195.922927268478,0.314049855595463,13.297796084606,6.66402977954855,19.9466939192505,6.66402592579059
737,1,Stim,1,1,2440.47286666667,2441.4371,-0.0541000000002896,0.965000000000146,999.999999796273,4,0.6363,1,1,5,4,9,9.32642487046492,0.143229539886608,16.6307641877135,9.11111111296729,-0.228504148396593,0.50606245776246,114.300769968864,0.555259720303061,13.2978013874023,6.66403151409809,13.2978134981076,6.6640294709633
739,1,NonStim,0,1,2447.15633333333,2448.1169,NaN,0.960000000000036,999.999999796273,3,0.0909,1,1,0,0,0,0,NaN,NaN,NaN,NaN,NaN,NaN,NaN,13.2977642746317,6.66403127592271,13.2978111445978,6.66403065730107
740,1,Stim,1,1,2450.6402,2451.61056666667,-0.0540333333337912,0.970000000000255,999.999999796273,1,-0.4545,-1,1,1,3,4,4.1237113402051,0.0563943752231982,9.1224703090075,6.25000000127329,-0.00901351528374708,0.522271676462441,90.9887289383998,0.522349449595439,13.2978099152139,6.66403146758392,13.2978137344813,6.66402286844226
741,1,Stim,1,1,2453.99006666667,2454.96396666667,-0.0518666666666832,0.973000000000411,999.999999796273,4,-0.4545,-1,1,2,2,4,4.11099691675058,0.0646695794989654,10.9269281113379,6.50000000132422,-0.141940262356454,-0.0333388438650486,193.218002851303,0.145803006100962,13.2978129672005,6.66403048179309,13.2978142962421,6.6640309338143
742,1,Stim,1,1,2457.41606666667,2458.3913,-0.0651333333339608,0.975000000000364,999.999999796273,2,0.0909,1,1,0,1,1,1.02564102564064,0.0628282651758922,9.41367311489262,7.00000000142609,-0.529133376832636,0.848538667075161,121.946919274651,1,13.297813227671,13.3280156608139,13.2978142643704,6.6640041385321
743,1,NonStim,0,1,2460.7834,2461.75656666667,NaN,0.972999999999956,999.999999796273,2,-0.0909,-1,1,0,0,0,0,NaN,NaN,NaN,NaN,NaN,NaN,NaN,13.2978132465183,6.66403109801066,13.2978137327185,6.66403084319183
744,1,NonStim,0,1,2464.2178,2465.1915,NaN,0.97400000000016,999.999999796273,4,0.1818,1,0,0,0,0,0,NaN,NaN,NaN,NaN,NaN,NaN,NaN,13.2978086459277,13.3280614062921,13.2978140818614,6.66403069604754
745,1,Stim,1,1,2467.55973333333,2468.52823333333,-0.0560333333332892,0.969000000000051,999.999999796273,3,0.3636,1,1,3,0,3,3.09597523219798,0.0547732505452633,9.7302551686032,6.00000000122236,-0.152202050302474,0.268889959814609,119.511528614683,0.308977789825384,13.2978022860345,6.66403152102837,19.9467089220996,6.6640308813599
746,1,NonStim,0,1,2470.8931,2471.8609,NaN,0.967000000000553,999.999999796273,3,-0.3636,-1,1,1,1,2,2.06825232678269,0.0865869625155615,12.5043260032446,7.50000000152795,-0.26997836209242,-0.961700644396732,254.318967994257,0.998877592816655,13.2978011850191,6.66403150540862,13.2978136567648,6.66402108910216
747,1,NonStim,0,1,2474.0763,2475.04533333333,NaN,0.969000000000051,999.999999796273,3,0.6363,1,1,4,2,6,6.19195046439596,0.106808620290879,14.3719061512234,8.83333333513292,0.27001199202498,-0.654020821279125,292.433245112712,0.707566046743284,6.64890715294557,6.6640253429176,13.2978117477953,6.6640250330144
748,1,Stim,1,1,2477.52766666667,2478.4937,-0.0548666666668396,0.966000000000349,999.999999796273,4,1,1,1,1,0,1,1.03519668737023,0.0549456706252084,9.92964396402068,6.00000000122236,0.242017424368261,-0.970271903283895,284.005641025002,1,13.2978053435603,6.66403110388619,19.9466949994356,6.66403105574608
749,1,Stim,1,1,2480.7869,2481.76016666667,-0.0655666666666548,0.974000000000615,999.999999796273,2,0.6363,1,1,1,1,2,2.05338809034778,0.135541089989534,14.569167520427,11.000000002241,0.620628713635574,-0.78073786728303,308.482096196604,0.997362330148178,6.64890317936867,6.66402065793399,13.2978071651156,6.66402880732984
750,1,NonStim,0,1,2484.12836666667,2485.10963333333,NaN,0.981000000000222,999.999999796273,4,0.3636,1,1,0,0,0,0,NaN,NaN,NaN,NaN,NaN,NaN,NaN,13.2978132362595,6.66403054232456,13.2978143061308,6.66403127772283
751,1,NonStim,0,1,2487.55353333333,2488.52203333333,NaN,0.969000000000051,999.999999796273,4,-0.4545,-1,1,0,0,0,0,NaN,NaN,NaN,NaN,NaN,NaN,NaN,13.2977612042064,19.9920713371479,13.2978136869648,18.8594340464029
754,1,NonStim,0,1,2494.6381,2495.6047,NaN,0.965999999999894,999.999999796273,2,-0.6363,-1,1,3,0,3,3.10559006211214,0.0412682440025122,8.95652654137293,6.66666666802485,-0.604369379284771,0.527370888734656,138.892147805095,0.802111214796203,6.64890691622911,6.66403005504726,13.2978121415584,6.66403073924742
755,1,Stim,1,1,2497.99686666667,2498.9613,-0.0599000000001979,0.965000000000146,999.999999796273,3,0.4545,1,1,2,3,5,5.18134715025829,0.0687079820546456,10.1309114710791,7.20000000146683,0.364775767749911,-0.4984022585045,306.200034210575,0.617629477939585,13.2978099963623,6.66401960411983,13.2978142965196,6.66402986034124
756,1,Stim,1,1,2501.5552,2502.5208,-0.0558666666670433,0.965000000000146,999.999999796273,4,-0.0909,-1,1,0,1,1,1.03626943005166,0.0628282243396167,11.0976405766748,6.00000000122236,-0.529133740102317,0.848538440546646,121.946943803672,1,13.2977977513262,6.66403140091473,13.2978137800839,6.66403136165403
757,1,Stim,1,1,2504.88986666667,2505.8634,-0.0475000000001273,0.97400000000016,999.999999796273,1,-0.1818,-1,1,3,1,4,4.10677618069748,0.0480742062431672,9.31461970373057,7.00000000142609,-0.264566722249284,0.924269312439951,105.973461921825,0.961389261662491,6.64890715245557,6.66403078756792,13.2978129757719,6.66402585593911
758,1,Stim,1,1,2508.34016666667,2509.30713333333,-0.0620666666668512,0.967000000000098,999.999999796273,2,-1,-1,1,3,1,4,4.13650465356732,0.116832806299696,12.1408722218611,10.2500000020882,0.198414046433344,0.445277021375874,65.9823969574644,0.487483086462929,13.2978061836054,6.66402911216643,13.2978107730956,6.66402961056278
759,1,Stim,1,1,2511.84006666667,2512.831,-0.0503666666668323,0.99100000000044,999.999999796273,2,1,1,1,0,1,1,1.00908173562014,0.101554568153732,12.3951453552242,8.00000000162981,0.851126035049793,-0.524961400924314,328.334355180734,1,13.2978106008187,13.3280533391127,13.2978142402864,6.66402851988122
761,1,NonStim,0,1,2517.10783333333,2518.0835,NaN,0.976000000000113,999.999999796273,2,-0.4545,-1,1,0,0,0,0,NaN,NaN,NaN,NaN,NaN,NaN,NaN,6.64890713606947,17.5117784457932,13.2978142694204,6.66402997008767
762,1,Stim,1,1,2520.44943333333,2521.42526666667,-0.0487666666667792,0.976000000000568,999.999999796273,4,-0.6363,-1,1,1,0,1,1.02459016393383,0.0569215724745178,8.95420704659632,6.00000000122236,0.350424585194639,-0.936590951318218,290.513286834566,1,6.64890173356643,6.66403012920242,13.2978138506809,6.66403039990479
763,1,Stim,1,1,2523.82503333333,2524.79113333333,-0.0548333333335904,0.966000000000349,999.999999796273,4,0.3636,1,1,2,0,2,2.07039337474045,0.102360505920741,12.0862113733331,9.00000000183354,-0.56434509311997,-0.183392817274486,198.002385839967,0.593395575949518,6.64890712586536,6.66402072908592,13.2978142479029,6.66403011631094
765,1,NonStim,0,1,2530.37643333333,2531.353,NaN,0.977000000000317,999.999999796273,2,0.0909,1,1,6,1,7,7.16479017399973,0.0562372744502089,9.91126587583059,7.57142857297107,-0.237965638675752,0.0150967155999966,176.369978229549,0.238444031194462,6.64890711541713,6.66402796427174,13.2978142234453,6.66400214570081
766,1,NonStim,0,1,2533.75143333333,2534.72616666667,NaN,0.975000000000364,999.999999796273,1,-0.6363,-1,1,1,0,1,1.02564102564064,0.067954117118343,12.6616197201295,6.00000000122236,0.195688104396041,0.980666184691755,78.7150764681305,1,13.2978102541923,6.66403103027951,13.2978132677253,6.66402669598831
767,1,NonStim,0,1,2537.077,2538.04586666667,NaN,0.969000000000051,999.999999796273,2,-0,-1,0,2,0,2,2.06398348813199,0.0602442195545247,10.2877682035474,6.00000000122236,-0.447972735391535,0.881627881400002,116.936033181519,0.988912176543514,6.64890689265318,6.66403124241071,13.2978140055726,6.66402956036728
768,1,Stim,1,1,2540.42736666667,2541.3962,-0.059633333333295,0.969000000000506,999.999999796273,1,-0.0909,-1,1,2,1,3,3.09597523219653,0.0527459983603655,10.0228408330965,6.66666666802485,-0.313761082381398,-0.369472994443014,229.66166860314,0.484722921306424,6.64890701267186,6.66402895094224,13.2978142187465,6.66401751705064
769,1,Stim,1,1,2543.76173333333,2544.7262,-0.0651666666672099,0.965000000000146,999.999999796273,2,-0.0909,-1,0,0,0,0,0,NaN,NaN,NaN,NaN,NaN,NaN,NaN,13.2978140846606,6.66403151208765,19.9467122722852,6.66403113303205
770,1,Stim,1,1,2547.112,2548.07696666667,-0.0514000000002852,0.965000000000146,999.999999796273,4,-0,-1,0,0,0,0,0,NaN,NaN,NaN,NaN,NaN,NaN,NaN,6.64890607015654,6.6640282907691,13.2978092363308,6.66402075669303
771,1,Stim,1,1,2550.4126,2551.3972,-0.0536666666662313,0.985000000000127,999.999999796273,4,0.1818,1,1,2,41,43,43.6548223350197,0.0430931997541306,8.78291307371014,10.5581395370347,0.0267554745729649,0.130151190350498,78.3834114875892,0.132872825548628,6.64890703749523,6.66403142514705,13.2978141427783,1.38777878049872e-14
772,1,Stim,1,1,2553.83746666667,2554.80286666667,-0.0525000000002365,0.965000000000146,999.999999796273,3,0.1818,1,1,0,2,2,2.07253886010331,0.0595778596165118,10.4713802380892,6.00000000122236,-1.55167727083905e-07,-7.74077948406671e-08,206.513016792261,1.7340412402962e-07,13.2978135685423,6.66403150178098,13.2978130317959,6.66403065730107
773,1,NonStim,0,1,2557.29603333333,2558.26153333333,NaN,0.965000000000146,999.999999796273,1,0.3636,1,1,2,2,4,4.14507772020663,0.099081955656298,13.0115946853473,8.75000000178261,0.142409071309088,0.0801665303723276,29.3765242084102,0.163422814144948,13.2978117518551,6.66403142986866,13.2978121315847,6.66403135326179
775,1,NonStim,0,1,2563.78033333333,2564.75543333333,NaN,0.975000000000364,999.999999796273,2,0.3636,1,1,2,0,2,2.05128205128129,0.059874892354079,8.70862108513322,7.00000000142609,-0.0893540646046401,-0.0440259958075095,206.230111763993,0.0996114309113821,13.2978114874746,6.66403094848569,13.2978136283506,6.66403151564723
777,1,Stim,1,1,2568.79,2569.7626,-0.0521333333331313,0.973000000000411,999.999999796273,1,0.3636,1,1,1,0,1,1.02774922918764,0.0868870211943798,11.1618526716525,8.00000000162981,0.0765235933677833,-0.997067770845133,274.388769398141,1,13.2978086859689,6.66403145662745,13.2978136015817,13.3280259768724
778,1,NonStim,0,1,2572.14853333333,2573.12333333333,NaN,0.975000000000364,999.999999796273,1,0.6363,1,1,3,1,4,4.10256410256257,0.0711528465972884,11.4897276008045,7.25000000147702,-0.18673174935871,-0.0189149384254559,185.784030640604,0.187687296091672,6.64890706442393,6.66403036392989,13.2978138721241,6.6640302688267
780,1,NonStim,0,1,2577.1259,2578.0904,NaN,0.965000000000146,999.999999796273,3,-0.4545,-1,1,1,1,2,2.07253886010331,0.0698342496214037,12.8468838372776,6.00000000122236,-0.474160657380896,0.839090539346375,119.470304391578,0.963795238745489,13.2978075422314,6.66403151885801,19.9466941361744,6.66403146478341
781,1,Stim,1,1,2580.42426666667,2581.4015,-0.0516666666667334,0.976999999999862,999.999999796273,1,0.4545,1,1,0,3,3,3.07062436028703,0.0872187174857189,11.9200278863683,8.00000000162981,0.0634311516327377,-0.945628613819723,273.837554191002,0.947753652734753,13.2977962985715,6.66403148811649,13.2978132272026,6.66401912880293
782,1,NonStim,0,1,2584.009,2584.97623333333,NaN,0.968000000000302,999.999999796273,4,0.0909,1,1,1,3,4,4.13223140495739,0.426703047541018,32.0236935926804,16.7500000034124,-0.0313551447524713,-0.00176587346022558,183.223404969437,0.0314048310220889,6.64890686314481,6.6640298541346,13.2978138423125,6.66402650137669
783,1,Stim,1,1,2587.35833333333,2588.3311,-0.0513333333337869,0.973000000000411,999.999999796273,3,-0.4545,-1,1,2,1,3,3.08324768756293,0.0625764442189522,10.2370279032962,7.00000000142609,-0.459201011639223,0.888096857577523,117.341760412009,0.999790776877621,6.64890694501572,6.66403048123812,19.9467073446401,6.66402927359111
784,1,NonStim,0,1,2590.57596666667,2591.5834,NaN,1.00800000000027,999.999999796273,4,0.6363,1,1,3,0,3,2.97619047618969,0.045923133145357,8.99303512929326,8.00000000162981,-0.285154902282411,0.934463939956261,106.969749706579,0.977003671116065,6.64890363775496,6.66402660982078,13.2978139008649,6.66401224424973
785,1,Stim,1,1,2593.88486666667,2594.85773333333,-0.0567000000000917,0.972999999999956,999.999999796273,4,-1,-1,1,1,1,2,2.05549845837625,0.121719918845889,15.9300949813983,9.00000000183354,0.29792005196335,0.950331568695079,72.5942802278292,0.995934961641721,13.2978120433364,6.66402956457502,13.2978075268142,6.66403148572932
786,1,Stim,1,1,2597.2519,2598.2359,-0.0538333333333867,0.984000000000378,999.999999796273,1,-1,-1,1,2,3,5,5.08130081300618,0.135755422597087,15.278733902419,12.0000000024447,-0.0484663511528242,-0.162299444864193,253.373163779961,0.169381513150916,6.64890715297588,6.66401113442161,13.2978142892843,6.66402758521401
787,1,NonStim,0,1,2600.63576666667,2601.6104,NaN,0.975000000000364,999.999999796273,4,0.4545,1,1,0,1,1,1.02564102564064,0.16854972179853,20.7456852236616,11.000000002241,-0.31558187457722,-0.948898350951422,251.604055403435,1,13.2978005521513,20.0458952175457,13.2978110605794,6.66402859335425
788,1,NonStim,0,1,2604.07743333333,2605.06423333333,NaN,0.98700000000008,999.999999796273,4,-0,-1,0,3,1,4,4.05268490374841,0.0978224497364508,12.7223413734373,10.7500000021901,0.247937018219104,-0.928111529710136,284.956808845861,0.960657991474733,6.64890636131564,6.66401619957101,13.2978034921443,6.66403104372268
789,1,NonStim,0,1,2607.40373333333,2608.3682,NaN,0.965000000000146,999.999999796273,2,-0.1818,-1,0,0,2,2,2.07253886010331,0.0551169154222756,10.0259294903572,6.00000000122236,-0.175212137615438,-0.0317044663546013,190.256633936295,0.178057480479202,6.64890710949847,13.3280629286705,13.297812861127,6.66403067124051
790,1,NonStim,0,1,2610.65353333333,2611.62783333333,NaN,0.97400000000016,999.999999796273,4,-0.0909,-1,1,1,1,2,2.05338809034874,0.163305682393523,21.036210713126,10.0000000020373,-0.634760415068952,0.772304197433588,129.416944468624,0.9996872300435,13.2977638065999,6.66403075462242,13.2978138271992,6.66402488683146
791,1,NonStim,0,1,2614.0123,2614.99003333333,NaN,0.978000000000065,999.999999796273,4,-1,-1,1,1,1,2,2.04498977505099,0.147765876004261,17.140753653416,11.000000002241,0.0647871459192702,0.0196192211998723,16.8476680065888,0.0676926001631961,13.2978057669088,6.66403063022145,13.2978141292044,6.664008918792
792,1,Stim,1,1,2617.41266666667,2618.3946,-0.0566333333335933,0.981999999999971,999.999999796273,3,-0,-1,1,0,2,2,2.03665987780047,0.059874588983451,9.41363239245348,7.00000000142609,-0.439780472738989,0.89256432814485,116.230192349034,0.995026604709239,13.2977907225815,6.66403010201316,19.9466913855639,6.66396730484782
793,1,NonStim,0,1,2621.08873333333,2622.07806666667,NaN,0.990000000000236,999.999999796273,2,0.1818,1,1,0,0,0,0,NaN,NaN,NaN,NaN,NaN,NaN,NaN,13.2978057312305,6.66401145314654,13.2978136749159,6.66401762024997
794,1,Stim,1,1,2624.61393333333,2625.5898,-0.0643333333337068,0.976000000000113,999.999999796273,3,-0.3636,-1,0,0,0,0,0,NaN,NaN,NaN,NaN,NaN,NaN,NaN,6.64890711365093,17.5655166579554,13.2978142856704,6.66402407752248
795,1,NonStim,0,1,2627.92253333333,2628.88663333333,NaN,0.964000000000397,999.999999796273,2,0.6363,1,1,4,0,4,4.14937759335929,0.0641354511567815,10.2860837696247,7.25000000147702,0.160607923033437,0.253425795392344,57.6356297622204,0.300032562751706,6.64890319248085,6.66401811953257,13.2978141295606,6.66402794611482
796,1,NonStim,0,1,2631.31483333333,2632.27383333333,NaN,0.959000000000287,999.999999796273,3,-0.6363,-1,1,45,0,45,46.9238790406533,0.0353504159306665,7.58998439545826,9.77777777976977,0.0390603504705037,0.0661357544308264,59.4335325504231,0.0768091725838337,6.64890682489215,6.93889390249359e-15,13.2978131538992,6.66402553845483
797,1,NonStim,0,1,2634.51683333333,2635.48086666667,NaN,0.964000000000397,999.999999796273,1,-0.1818,-1,1,7,1,8,8.29875518671858,0.0846705417556936,11.9530831944064,8.37500000170621,0.119659224749269,-0.200951294750407,300.772267986407,0.233879783071263,6.64889998106733,6.66401811953258,13.2978053883289,6.66403054172877
798,1,Stim,1,1,2637.9577,2638.9224,-0.0630000000001019,0.965000000000146,999.999999796273,2,-0.1818,-1,0,41,1,42,43.5233160621696,0.0329126794869933,7.78905083867953,10.5952380973966,0.0197644815081892,0.0217801313961805,47.7776824162317,0.0294110328435171,6.64890529633405,6.93889390249359e-15,13.2978136762604,6.66402932645515
799,1,NonStim,0,1,2641.2651,2642.2634,NaN,0.998000000000047,999.999999796273,1,1,1,1,7,2,9,9.01803607214386,0.0773823876190485,12.6332936430773,7.11111111255984,-0.217355227226318,0.457987525997322,115.388438763483,0.506947599631117,6.64890703790218,6.66403074190911,13.2978140089878,6.66402766468289
801,1,Stim,1,1,2647.69273333333,2648.65603333333,-0.0657999999998538,0.963999999999942,999.999999796273,2,-0,-1,1,1,1,2,2.07468879668062,0.0584488371948394,9.82185197521122,8.00000000162981,-0.175212267954861,0.96829548487906,100.256641909785,0.984020063250267,6.64890646375113,6.66401060221296,13.297813973813,6.66401507228825
802,1,NonStim,0,1,2651.10893333333,2652.09393333333,NaN,0.985000000000127,999.999999796273,2,0.4545,1,1,0,1,1,1.01522842639581,0.0599762775053018,11.1067185278125,6.00000000122236,0,-1,270,1,13.297810790574,20.2633752131852,13.2978097955833,6.66401120215767
803,1,Stim,1,1,2654.51713333333,2655.4915,-0.0544333333332361,0.97400000000016,999.999999796273,1,-0.6363,-1,1,1,1,2,2.05338809034874,0.13351425992289,15.225575621438,10.5000000021391,-0.799645755202519,-0.0642437999527239,184.593295926756,0.802222288175648,6.64890684348244,6.66403081511263,13.2978107934028,6.66403150344912
805,1,Stim,1,1,2661.16056666667,2662.13446666667,-0.0516333333330294,0.97400000000016,999.999999796273,2,-0.4545,-1,1,0,0,0,0,NaN,NaN,NaN,NaN,NaN,NaN,NaN,13.2978123834532,13.3280467355822,13.2978143015588,13.3280335125838
806,1,NonStim,0,1,2664.55213333333,2665.52733333333,NaN,0.975000000000364,999.999999796273,4,-0.3636,-1,1,1,1,2,2.05128205128129,0.27863277752445,23.9311202124893,17.0000000034634,0.362448270439686,0.930993676704988,68.7283723442639,0.999058544235217,6.64890697168446,6.66402118008407,13.2978138622749,6.66402080983549
807,1,Stim,1,1,2667.894,2668.86256666667,-0.0517666666669356,0.968000000000302,999.999999796273,2,-0.3636,-1,0,4,2,6,6.19834710743608,0.0759850701839956,11.6117005130253,7.33333333482733,-0.186556092835952,0.00979288621573103,176.99513145552,0.186812944933296,13.2978035697726,6.66403012343279,13.2978142962644,6.66402446088382
808,1,Stim,1,1,2671.60396666667,2672.58506666667,-0.0550333333330855,0.982000000000426,999.999999796273,4,0.0909,1,1,3,2,5,5.09164969449881,0.0675581492677826,11.9775195402504,6.20000000126311,0.385098011585969,0.113830976850345,16.4671326759135,0.401569383566739,6.648905943443,6.66400883981548,13.2978138973912,6.66402658380436
809,1,Stim,1,1,2675.07803333333,2676.05563333333,-0.0515333333337367,0.976999999999862,999.999999796273,2,0.1818,1,1,0,0,0,0,NaN,NaN,NaN,NaN,NaN,NaN,NaN,13.2978123056816,13.3280459236733,13.2978140886862,13.3280083398983
810,1,Stim,1,1,2678.42946666667,2679.4133,-0.0588999999999942,0.984000000000378,999.999999796273,2,-0.6363,-1,1,0,0,0,0,NaN,NaN,NaN,NaN,NaN,NaN,NaN,13.2978056442672,6.66403058299944,13.2978110322511,6.66402892679331
811,1,NonStim,0,1,2681.90423333333,2682.86926666667,NaN,0.965000000000146,999.999999796273,3,0.1818,1,1,2,1,3,3.10880829015497,0.14924818115973,17.8849671064458,13.0000000026484,-0.310940081946069,-0.922537832875826,251.37368316616,0.973529551502087,6.64890715050459,6.66403015947377,13.297814087838,6.66403033067509
812,1,Stim,1,1,2685.2716,2686.24496666667,-0.0498333333334813,0.973000000000411,999.999999796273,3,0.0909,1,0,0,0,0,0,NaN,NaN,NaN,NaN,NaN,NaN,NaN,6.64890711838288,13.3280434991153,19.9466863460899,6.66403032870432
813,1,Stim,1,1,2688.68813333333,2689.6648,-0.0528333333336377,0.976000000000568,999.999999796273,1,1,1,1,2,4,6,6.14754098360298,0.0943734889844551,12.6139081418104,8.00000000162981,-0.1645129780451,0.257467377076286,122.577206833359,0.305538819471127,13.2978025005815,6.66402969562255,13.2978081697104,6.66402839150915
815,1,NonStim,0,1,2694.01423333333,2694.97956666667,NaN,0.965000000000146,999.999999796273,2,-1,-1,1,0,0,0,0,NaN,NaN,NaN,NaN,NaN,NaN,NaN,13.2978060929414,6.66403073444504,13.2978139206937,6.66402436800138
816,1,NonStim,0,1,2697.48173333333,2698.44676666667,NaN,0.965000000000146,999.999999796273,4,1,1,1,1,2,3,3.10880829015497,0.066816271678217,11.3848070729239,6.3333333346236,-0.258927386474944,-0.284087718601703,227.652873776387,0.3843816115881,13.2978078016371,6.66402492854369,13.2978137327184,6.66402157415749
818,1,NonStim,0,1,2704.3999,2705.3783,NaN,0.979000000000269,999.999999796273,1,-0.4545,-1,1,0,0,0,0,NaN,NaN,NaN,NaN,NaN,NaN,NaN,6.64890615080909,13.3280591343788,13.2978078447369,6.66402084519078
819,1,Stim,1,1,2707.8499,2708.82546666667,-0.0543333333334886,0.976000000000113,999.999999796273,4,-0.1818,-1,0,0,2,2,2.04918032786862,0.0784265586391499,11.1618606640753,7.00000000142609,0.0143433735894187,0.977584530357449,89.1594017901874,0.977689749542318,6.64890714948386,13.3280421858022,13.2978140938416,6.6640158353911
820,1,Stim,1,1,2711.37523333333,2712.33973333333,-0.0582333333331917,0.963999999999942,999.999999796273,3,-1,-1,1,2,3,5,5.18672199170156,0.0967722150469115,11.3481926352007,9.40000000191503,0.0543650864268927,-0.558140117895173,275.563289077517,0.560781556246495,13.2978130530378,6.66402321476133,13.2978088302137,6.66402825611114
821,1,NonStim,0,1,2714.6921,2715.66573333333,NaN,0.972999999999956,999.999999796273,3,0.4545,1,1,1,1,2,2.05549845837625,0.0595778717325647,10.2005142345532,6.00000000122236,0.446401091226441,-0.89483298204293,296.513015074995,1,13.2978117568923,6.6640266761711,13.2978129045486,6.66403014821728
822,1,NonStim,0,1,2718.1096,2719.08536666667,NaN,0.976000000000113,999.999999796273,1,0.1818,1,1,4,2,6,6.14754098360585,0.394631638660452,33.5486633786376,16.5000000033615,0.0668836630850691,-0.309470697618172,282.195353442965,0.316615756196616,6.64890713104108,6.66395501413309,19.9462371807126,6.66395116402789
823,1,Stim,1,1,2721.64383333333,2722.60093333333,-0.061500000000251,0.957000000000335,999.999999796273,3,-0.6363,-1,1,2,1,3,3.13479623824342,0.150050500628163,19.7609443611655,9.66666666863603,-0.116121473759997,-0.329751468307513,250.600363151013,0.349600096566283,6.64890676026391,6.66403100066443,13.2978138219113,6.66401129409788
824,1,NonStim,0,1,2725.07746666667,2726.051,NaN,0.97400000000016,999.999999796273,1,-0.0909,-1,0,2,2,4,4.10677618069748,0.0809217270971955,12.6109601936035,7.25000000147702,-0.157352087026528,0.384914617457217,112.234615255787,0.415835234226057,6.64890679500457,6.66402243556427,13.2978140844356,6.66402879463349
825,1,NonStim,0,1,2728.46093333333,2729.426,NaN,0.966000000000349,999.999999796273,3,-1,-1,1,9,2,11,11.3871635610725,0.120739073130621,14.1308996073951,9.4545454564716,-0.134801608014327,0.234611236903268,119.880571941764,0.270580682984817,6.64890690053572,6.66402465585169,13.2978137262897,6.6640295095227
826,1,Stim,1,1,2731.8616,2732.84553333333,-0.0513333333333321,0.983999999999924,999.999999796273,1,-0,-1,1,0,0,0,0,NaN,NaN,NaN,NaN,NaN,NaN,NaN,6.64890715095457,6.66400839038086,13.2978130174212,6.66402685825667
827,1,Stim,1,1,2735.27876666667,2736.2599,-0.0491666666666788,0.981000000000222,999.999999796273,4,-0.3636,-1,1,1,2,3,3.05810397553448,0.136464459490484,17.3243874050052,9.00000000183354,-0.0711181878293988,-0.325058015541951,257.658936739252,0.332746916001049,13.2977995098633,13.3280625878429,19.9466756780795,6.66402854585568
828,1,NonStim,0,1,2738.61266666667,2739.57923333333,NaN,0.967000000000553,999.999999796273,3,-0.1818,-1,1,3,0,3,3.10237849017403,0.0647191533478643,11.4858624134798,6.66666666802485,0.448732767801503,-0.294157588634972,326.753974470679,0.536553616939015,6.64890715298564,6.66402946751812,13.2978137705392,13.3280492959587
829,1,Stim,1,1,2742.08776666667,2743.0618,-0.0551333333337425,0.97400000000016,999.999999796273,2,0.3636,1,1,2,2,4,4.10677618069748,0.0995796614725991,11.9991773066834,9.00000000183354,0.0762617201024106,-0.507408847536584,278.547373326592,0.513107774752422,13.2978069601105,6.66402383798314,13.2978119985542,6.6640301234328
830,1,NonStim,0,1,2745.63846666667,2746.6151,NaN,0.976999999999862,999.999999796273,4,-0.6363,-1,1,0,1,1,1.02354145342901,0.0572819367779365,9.41364091684292,6.00000000122236,0.58036668980329,0.814355269748267,54.5236622200034,1,13.2977785529828,13.3280577112399,13.2978141993885,6.66403025870511
835,1,Stim,1,1,2761.56586666667,2762.53223333333,-0.0655666666666548,0.967000000000553,999.999999796273,3,-0.0909,-1,1,0,1,1,1.03412616339134,0.0632062010665897,11.1618622351822,6.00000000122236,0.315581506322294,0.948898473424503,71.6040776391697,1,13.297812309998,13.3280588866423,13.2978120743165,6.66402482634839
836,1,NonStim,0,1,2764.96553333333,2765.9303,NaN,0.965000000000146,999.999999796273,3,1,1,1,0,3,3,3.10880829015497,0.0666804283701842,10.244778692157,6.66666666802485,0.0491754690023601,0.378481008239538,82.5971165745394,0.381662285731272,19.9466917479079,13.3280545184898,19.9467140901254,6.66398275314368
838,1,NonStim,0,1,2771.45173333333,2772.42413333333,NaN,0.972999999999956,999.999999796273,4,-0.1818,-1,0,0,0,0,0,NaN,NaN,NaN,NaN,NaN,NaN,NaN,13.2977657447621,6.66403078904854,13.2978139595058,6.66402333034955
840,1,NonStim,0,1,2778.25023333333,2779.20653333333,NaN,0.956000000000131,999.999999796273,3,0.3636,1,0,4,0,4,4.18410041840947,0.0624087195114875,10.6743459444825,6.75000000137516,0.336826147359455,-0.334114601871834,315.231554376081,0.474430627941523,6.64890714597395,6.66402841452386,13.2978142837982,13.3280461234288
841,1,Stim,1,1,2781.551,2782.53433333333,-0.060500000000502,0.983000000000175,999.999999796273,3,-0.1818,-1,1,0,1,1,1.01729399796523,0.136568615531637,19.6400320481366,10.0000000020373,0.730281617763917,0.683146220626387,43.0899917392358,1,13.2978126078717,18.7463993358455,19.9467058618371,6.66402994979499
842,1,NonStim,0,1,2785.14376666667,2786.11693333333,NaN,0.973000000000411,999.999999796273,2,1,1,1,0,0,0,0,NaN,NaN,NaN,NaN,NaN,NaN,NaN,13.2978082081327,16.3585622657993,13.2978134676426,6.66402831391845
843,1,NonStim,0,1,2788.73566666667,2789.71616666667,NaN,0.981000000000222,999.999999796273,1,-0,-1,0,0,0,0,0,NaN,NaN,NaN,NaN,NaN,NaN,NaN,13.2978079902046,6.66403010272976,13.2978110567084,6.66401809753605
844,1,NonStim,0,1,2792.25203333333,2793.22136666667,NaN,0.969000000000051,999.999999796273,4,-0.4545,-1,1,3,3,6,6.19195046439596,0.150754414909072,16.9875240138504,10.6666666688398,-0.119899688963253,0.343453077494108,109.244127280419,0.36378008721432,6.64890583982861,6.66403066456364,13.2978034003878,6.66403091467934
846,1,NonStim,0,1,2798.53616666667,2799.52916666667,NaN,0.993000000000393,999.999999796273,4,0.6363,1,1,1,1,2,2.01409869083505,0.0537252400790176,10.3223410921919,6.00000000122236,1.53253280413268e-08,-0.992312479974845,270.000000884879,0.992312479974845,13.2977931670131,6.66403152427377,13.2978137841867,6.66402679054618
847,1,Stim,1,1,2801.78716666667,2802.7692,-0.0536666666671408,0.981999999999971,999.999999796273,4,0.4545,1,1,1,1,2,2.03665987780047,0.222881499446832,22.5091483125909,14.0000000028522,0.970355232533687,-0.0962811436930486,354.333512465474,0.975120164870129,13.2977821518311,6.66403071400732,13.2978092667764,6.6640284973438
849,1,NonStim,0,1,2806.82126666667,2807.8121,NaN,0.990999999999985,999.999999796273,1,-0.6363,-1,1,0,1,1,1.0090817356206,0.0628279709155206,9.41364115724754,7.00000000142609,-0.529135893433796,0.848537097762979,121.947089202981,1,6.64890708152486,6.66401068453742,13.2978135092326,6.66401488909301
850,1,NonStim,0,1,2810.44673333333,2811.41546666667,NaN,0.969000000000051,999.999999796273,2,1,1,1,0,6,6,6.19195046439596,0.0840441990242583,10.7349907271364,8.33333333503106,-0.0633023981905178,0.245353123956624,104.467111278454,0.253387744478586,19.9466948192112,13.3279917458929,19.9467213595408,6.66403147088693
852,1,NonStim,0,1,2815.49736666667,2816.46613333333,NaN,0.969000000000051,999.999999796273,2,-0.6363,-1,1,0,2,2,2.06398348813199,0.0720168292262329,12.6175478720441,6.00000000122236,-0.366575563576305,0.926419200342236,111.588250269757,0.996308274869798,13.2977873726122,6.66401816347152,13.297813944005,6.66402949243026
853,1,NonStim,0,1,2818.87446666667,2819.84016666667,NaN,0.966000000000349,999.999999796273,1,-0.0909,-1,1,2,1,3,3.10559006211068,0.107930452773396,13.799105915546,8.33333333503106,0.141928687143444,-0.310039028156864,294.597209822547,0.340980866346947,13.2978081491662,6.66402424051336,13.2978134986177,6.66403067401488
854,1,Stim,1,1,2822.43123333333,2823.39636666667,-0.0541000000002896,0.9650000000006,999.999999796273,1,-0.3636,-1,1,2,1,3,3.10880829015351,0.134655775324027,16.0676640598291,10.3333333354385,0.381678930612519,-0.0673893533019857,349.987034416413,0.387582418347345,6.64890715001442,6.66402936635326,13.297812535256,6.66400816163569
855,1,NonStim,0,1,2825.81596666667,2826.7818,NaN,0.966000000000349,999.999999796273,1,0.1818,1,1,1,1,2,2.07039337474045,0.104420265088687,14.0064235954917,9.5000000019354,0.637319308196109,-0.765353269662434,309.784575138778,0.995962613747396,13.2978030997911,6.6640247186681,13.297814012179,6.66402997383114
856,1,NonStim,0,1,2829.14956666667,2830.11676666667,NaN,0.967000000000098,999.999999796273,2,0.0909,1,1,5,2,7,7.2388831437428,0.0648897444364099,11.1136408774807,6.28571428699485,0.230038526841295,-0.187857699020126,320.763693451832,0.296998718705064,6.64890689660958,6.66403152524739,13.2978134279101,6.66402499163319
857,1,NonStim,0,1,2832.74956666667,2833.7237,NaN,0.97400000000016,999.999999796273,4,0.0909,1,1,2,2,4,4.10677618069748,0.0623898554786026,9.44439506251964,7.25000000147702,0.017203512340583,0.960764188561598,88.9741672976063,0.960918199879302,19.9466975018839,6.66402334066126,19.9467157021898,6.66401324608359
858,1,Stim,1,1,2836.12566666667,2837.12446666667,-0.0518666666662284,0.998999999999796,999.999999796273,3,0.4545,1,1,3,1,4,4.00400400400482,0.124257388223598,15.1173780579179,9.00000000183354,0.20142768479001,-0.943228609576677,282.054518915935,0.964496408559314,13.2978103423016,6.66402904168042,13.2978137356381,6.66403123109913
859,1,Stim,1,1,2839.825,2840.80196666667,-0.0536666666671408,0.976000000000113,999.999999796273,4,0.0909,1,1,5,1,6,6.14754098360585,0.0965305725999663,14.7305177872389,6.66666666802485,0.334597422717549,0.243851212040699,36.0841865689409,0.414027594373786,19.9467155500485,6.6640311653722,19.94671904551,13.3280574931835
860,1,NonStim,0,1,2843.24296666667,2844.21743333333,NaN,0.975000000000364,999.999999796273,4,-0.6363,-1,1,3,0,3,3.07692307692193,0.049571187972657,7.90269844472821,6.00000000122236,-0.0336368872438489,-0.339907495297524,264.348470393822,0.34156777591408,13.2978140592577,6.66402961803612,13.2978128677852,6.66403063476357
861,1,NonStim,0,1,2846.4518,2847.4172,NaN,0.965999999999894,999.999999796273,1,-0.3636,-1,1,4,3,7,7.24637681159499,0.083537250160182,11.3197831102786,8.5714285731748,-0.286355197590953,0.100396726490623,160.679227826228,0.303444891005578,13.2977905201894,6.66402229196672,19.9466816314277,6.66402366047309
864,1,NonStim,0,1,2854.6027,2855.56793333333,NaN,0.965000000000146,999.999999796273,2,0.4545,1,1,4,2,6,6.21761658030994,0.086806357548222,12.6807178446318,8.50000000173168,-0.335791645415072,-0.00994515626179556,181.696435773739,0.335938886203477,6.64890714497198,6.66402350136374,13.2978135709785,6.66403056542019
865,1,Stim,1,1,2858.02863333333,2859.00113333333,-0.0530666666668367,0.973000000000411,999.999999796273,4,-0.3636,-1,1,0,45,45,46.248715313444,0.0366774083817777,8.3855779450076,9.66666666863603,-0.0076361484118026,-0.0115711543918939,236.57799474891,0.0138637071711761,13.2978125430317,13.3280584641724,13.2978142640223,1.7347234756234e-15
866,1,NonStim,0,1,2861.49533333333,2862.47173333333,NaN,0.976000000000113,999.999999796273,4,0.1818,1,1,0,1,1,1.02459016393431,0.171310270908366,15.6894496434747,19.0000000038708,0.232872411055919,-0.972507295689345,283.466241800687,1,13.2978077518953,6.66402195314926,19.9467040220985,6.66401123192584
867,1,Stim,1,1,2865.01283333333,2865.97006666667,-0.0669666666667581,0.958000000000084,999.999999796273,3,-0.4545,-1,1,0,0,0,0,NaN,NaN,NaN,NaN,NaN,NaN,NaN,13.2978076431072,6.66403140197624,13.297814099428,6.66402537274638
868,1,NonStim,0,1,2868.32136666667,2869.30463333333,NaN,0.983000000000175,999.999999796273,4,-1,-1,1,1,2,3,3.05188199389569,0.11535496866117,13.9596610242778,9.66666666863603,-0.190592593175881,-0.270369781661323,234.818726075184,0.3307950353453,13.2978112223709,6.66402460065068,19.9466697352093,6.66403101879323
869,1,NonStim,0,1,2871.68163333333,2872.64603333333,NaN,0.9650000000006,999.999999796273,3,0.1818,1,1,0,2,2,2.07253886010234,0.0782067097439436,11.1575395371492,8.00000000162981,-0.0755732946184817,-0.944870221282873,265.427062258882,0.94788768212623,13.2978073891744,13.3280440354764,13.2978131009383,6.66403120441473
871,1,Stim,1,1,2876.75586666667,2877.73083333333,-0.0400333333336675,0.975000000000364,999.999999796273,4,-0.0909,-1,0,3,1,4,4.10256410256257,0.0972235122950254,12.4321866527131,7.75000000157888,0.108981493280003,0.0577514042864654,27.9199829548704,0.123337709459022,6.64890708039854,6.66402452140899,13.2978143062984,17.775151506481
872,1,Stim,1,1,2880.1063,2881.07263333333,-0.0553666666664867,0.966000000000349,999.999999796273,1,1,1,1,3,4,7,7.24637681159158,0.109807599812584,15.0861764429907,8.8571428589473,0.300561083182857,-0.184251922680958,328.490597282797,0.35254182125768,13.2977667125807,6.66402544256015,16.9513906580099,6.66403143808359
873,1,Stim,1,1,2883.4817,2884.4649,-0.0569333333332906,0.983000000000175,999.999999796273,4,0.3636,1,1,1,3,4,4.06917599186093,0.0869685161062311,12.2555429939823,7.50000000152795,0.443001863435782,-0.873201051022281,296.900087992347,0.979147959459647,13.2978106446773,6.66402227553612,13.2978133217543,6.66402834240988
874,1,NonStim,0,1,2886.90713333333,2887.8631,NaN,0.956000000000131,999.999999796273,2,0.6363,1,1,3,1,4,4.18410041840947,0.0626508272228744,9.77063734797215,6.75000000137516,-0.101344287792459,0.411472803266513,103.836354144825,0.423769433178189,13.2978142520938,6.66401971788652,13.2978137524201,6.66401737283426
876,1,Stim,1,1,2893.45876666667,2894.4154,-0.0578000000000429,0.957000000000335,999.999999796273,2,-0,-1,0,1,1,2,2.08986415882895,0.137841170512495,18.9941135505541,8.50000000173168,0.987567171564499,-0.0869324386648256,354.969399196219,0.991385982977427,13.2978037982352,6.66401921744749,13.2978132386027,6.66401678166708
877,1,NonStim,0,1,2896.90863333333,2897.87246666667,NaN,0.963999999999942,999.999999796273,2,0.3636,1,1,2,0,2,2.07468879668062,0.126207766353645,13.9191868064881,9.5000000019354,-0.130647474359156,-0.0358994264399638,195.364578010184,0.135489967802582,13.297812081372,6.66402850006527,19.9467125601794,13.3280250535578
878,1,NonStim,0,1,2900.33333333333,2901.32453333333,NaN,0.99100000000044,999.999999796273,3,-0.0909,-1,0,0,0,0,0,NaN,NaN,NaN,NaN,NaN,NaN,NaN,19.9467209165266,19.992072391544,19.9467199426106,19.992065090855
879,1,NonStim,0,1,2903.60206666667,2904.5744,NaN,0.972000000000207,999.999999796273,3,-0.3636,-1,1,4,0,4,4.11522633744768,0.0479457392559228,8.68670043276109,6.50000000132422,0.294304076602087,-0.0208487258348747,355.947892503256,0.295041622273104,6.64890607823811,6.6640282918492,13.2978131700891,13.3280288806454
880,1,Stim,1,1,2906.93453333333,2907.91596666667,-0.0521666666663805,0.981000000000222,999.999999796273,3,0.6363,1,1,3,0,3,3.05810397553448,0.0678125728911679,9.65320521406208,7.00000000142609,0.271407248812955,-0.434024013623154,302.018883946559,0.511897195840893,6.64890711061785,6.66403149632194,19.9467090644913,6.66402860773461
881,1,Stim,1,1,2910.35183333333,2911.3258,-0.0541666666663332,0.97400000000016,999.999999796273,4,-0.6363,-1,1,0,0,0,0,NaN,NaN,NaN,NaN,NaN,NaN,NaN,13.297814078065,13.3279738237002,19.9467059841739,19.9916483640022
882,1,NonStim,0,1,2913.67756666667,2914.65243333333,NaN,0.975000000000364,999.999999796273,2,-0.1818,-1,1,0,0,0,0,NaN,NaN,NaN,NaN,NaN,NaN,NaN,13.2978142533036,13.328055736866,19.9466602619333,6.66403035744631
883,1,Stim,1,1,2917.0861,2918.06813333333,-0.0573333333331902,0.982000000000426,999.999999796273,1,-0.1818,-1,0,2,2,4,4.07331975559905,0.111155606654613,13.7350504716798,9.00000000183354,0.0956192042340749,-0.49068771070025,281.026908365663,0.499917454836906,13.297785695776,6.66403068616854,13.2978140897408,6.66403141933238
884,1,NonStim,0,1,2920.4194,2921.39316666667,NaN,0.97400000000016,999.999999796273,4,0.3636,1,1,3,3,6,6.16016427104622,0.0647279713380161,10.1723447130124,7.00000000142609,0.0899924636530294,0.0323494630901412,19.7719169905206,0.0956301797371637,13.2978132978701,6.6640289316321,19.9467131866193,6.66403143664984
885,1,Stim,1,1,2923.84513333333,2924.8223,-0.0545333333334383,0.977000000000317,999.999999796273,1,-0,-1,1,0,2,2,2.04708290685706,0.058944660002953,9.50888469447134,6.00000000122236,-0.258276212271014,-0.871654942665027,253.495150300674,0.90911437173627,19.9466330660169,13.3280081827455,19.9467123244049,6.66396114710333
886,1,Stim,1,1,2927.18753333333,2928.15773333333,-0.0579000000002452,0.970000000000255,999.999999796273,3,-0,-1,1,1,1,2,2.06185567010255,0.150716863895662,22.3586505842191,8.00000000162981,-0.0913215764608116,-0.994565681181884,264.753780167345,0.998749480356347,13.2978129884337,13.3280016534562,13.2978126905695,6.66402993240498
887,1,Stim,1,1,2930.52936666667,2931.511,-0.0533333333332848,0.981999999999971,999.999999796273,1,-1,-1,1,0,1,1,1.01832993890023,0.120052885416385,21.1969357263999,6.00000000122236,-0.553831430166911,0.832628817036303,123.630264259793,1,19.9466452250436,13.3280397033132,19.9467142198832,13.3280460375869
888,1,Stim,1,1,2933.8886,2934.86293333333,-0.0542333333332863,0.97400000000016,999.999999796273,4,-0.1818,-1,1,0,0,0,0,NaN,NaN,NaN,NaN,NaN,NaN,NaN,13.2978135106287,6.66402997008766,19.9467067000941,4.71217410593275
890,1,NonStim,0,1,2939.24743333333,2940.22156666667,NaN,0.97400000000016,999.999999796273,2,-0.3636,-1,1,0,0,0,0,NaN,NaN,NaN,NaN,NaN,NaN,NaN,13.2978102396421,6.66402776433687,13.2978141482625,16.740551827835
892,1,NonStim,0,1,2944.40633333333,2945.38326666667,NaN,0.976999999999862,999.999999796273,3,-0.4545,-1,1,3,0,3,3.07062436028703,0.0622418541144313,9.63750714814096,6.66666666802485,0.0242663721485114,0.298666196320998,85.3549704204398,0.299650385686558,6.64890521305435,6.66403129565556,13.2978074095152,6.66402523343048
893,1,NonStim,0,1,2947.74066666667,2948.72153333333,NaN,0.981000000000222,999.999999796273,4,-0,-1,1,1,1,2,2.03873598368965,0.0705982674272949,10.8056673258357,7.00000000142609,-0.333003073656962,0.942744704254811,109.454606260072,0.999829297663094,13.2978056915303,6.6640299080515,13.2978142533697,6.66402891224987
894,1,Stim,1,1,2951.14893333333,2952.1243,-0.0517333333332317,0.976000000000113,999.999999796273,4,-1,-1,1,2,5,7,7.17213114754015,0.142487549848131,21.1600378731412,7.85714285874357,-0.210848305323233,-0.175980877374211,219.849477602368,0.27463844788936,13.2978139550044,13.3280624589303,19.9467082099455,6.66403143897382
895,1,NonStim,0,1,2954.69163333333,2955.6641,NaN,0.973000000000411,999.999999796273,1,-0,-1,0,2,2,4,4.11099691675058,0.125187214422894,17.601470878939,7.00000000142609,-0.180785048890583,0.913124387193403,101.198886077051,0.930848741949893,13.2978136008967,13.3279959594827,13.2978071311495,13.3280162593917
896,1,NonStim,0,1,2958.0582,2959.02233333333,NaN,0.963999999999942,999.999999796273,1,-0.1818,-1,1,2,1,3,3.11203319502093,0.0680967288151691,10.6693311796715,6.3333333346236,0.251624288842691,0.467379149638782,61.7031795042212,0.530808866026803,13.2978079963821,6.66403130252716,13.2978136879497,6.66403130224292
897,1,NonStim,0,1,2961.3938,2962.3605,NaN,0.967000000000553,999.999999796273,4,-0.1818,-1,0,2,2,4,4.13650465356537,0.0823614155045383,11.0257854484937,9.00000000183354,0.0720131767257622,-0.947390953396183,274.346813701857,0.950123947808424,6.64890712875555,6.66401968691334,13.2978102162356,6.66403022467349
898,1,Stim,1,1,2964.70196666667,2965.6849,-0.0637666666671066,0.983000000000175,999.999999796273,2,-0.3636,-1,0,2,3,5,5.08646998982616,0.0785132824224076,11.1019308628547,7.80000000158907,-0.165868141574507,0.0718899020960344,156.567320919655,0.180777206563101,6.64890687746859,6.66402895190584,13.2978142574776,6.66402224629009
900,1,Stim,1,1,2971.28466666667,2972.25883333333,-0.0506000000000313,0.97400000000016,999.999999796273,2,-1,-1,1,1,2,3,3.08008213552311,0.0792422567468848,9.96420875202723,8.33333333503106,-0.334551725212408,-0.373930216638734,228.181312242539,0.501745616580842,6.64890623064228,6.66402901415394,13.2977782995032,6.664026460912
901,1,Stim,1,1,2974.58503333333,2975.55806666667,-0.053133333333335,0.973000000000411,999.999999796273,2,-0.0909,-1,0,2,0,2,2.05549845837529,0.07131212876726,11.6017152090437,6.50000000132422,-0.174066260088806,-0.00890478971537761,182.928554219766,0.174293884520309,6.64890714038541,6.66402687899259,13.2978141281338,13.3280466503825
902,1,NonStim,0,1,2977.98526666667,2978.96043333333,NaN,0.975000000000364,999.999999796273,1,0.4545,1,1,8,2,10,10.2564102564064,0.0840469534795799,11.3249782131897,8.10000000165019,0.198850353402857,0.00449095642778725,1.29378253329285,0.198901060173337,6.64890650919157,6.66402154002895,13.2978061980717,6.66403100933686
903,1,Stim,1,1,2981.3292,2982.302,-0.0566333333335933,0.973000000000411,999.999999796273,1,-0.0909,-1,1,2,0,2,2.05549845837529,0.0838971370746864,11.7760674695369,7.00000000142609,-0.462245847759265,0.0480678925167098,174.063279875583,0.464738363019108,13.2978141679371,6.66403097731946,13.297813584936,17.9092254593329
904,1,NonStim,0,1,2984.73743333333,2985.69833333333,NaN,0.96100000000024,999.999999796273,2,-0.0909,-1,0,0,0,0,0,NaN,NaN,NaN,NaN,NaN,NaN,NaN,13.2978049379481,6.66403152459615,13.2978142538875,6.66403148475425
905,1,NonStim,0,1,2988.1208,2989.09586666667,NaN,0.974999999999909,999.999999796273,1,0.3636,1,1,0,0,0,0,NaN,NaN,NaN,NaN,NaN,NaN,NaN,6.64890714910783,16.8991941169709,13.2978110780334,6.66402886837615
906,1,Stim,1,1,2991.31226666667,2992.27116666667,-0.065900000000056,0.959000000000287,999.999999796273,3,-0.3636,-1,1,2,0,2,2.08550573514015,0.0672898029750856,10.2556574104922,7.00000000142609,-0.449898536974836,0.888652936166047,116.851736462916,0.996048560326571,13.2978089797027,6.6640295426455,13.2978139873411,6.66402842015058
907,1,Stim,1,1,2994.68886666667,2995.65296666667,-0.0568333333335431,0.964000000000397,999.999999796273,2,0.3636,1,1,3,0,3,3.11203319501947,0.0665047609353219,9.52928496102286,7.00000000142609,-0.248054031553161,0.340701463059939,126.057186433779,0.421435985056995,13.2978107806317,6.66403152586267,13.2978138998091,6.66402052266526
908,1,NonStim,0,1,2998.08853333333,2999.06166666667,NaN,0.973000000000411,999.999999796273,1,-1,-1,1,3,0,3,3.08324768756293,0.13113019131445,14.4374189056486,9.33333333523478,-0.060635807897748,-0.242893903346521,255.983221547088,0.250348056677741,13.2978088539548,6.66401296257235,19.946678982749,6.66402664968507
909,1,NonStim,0,1,3001.49736666667,3002.45456666667,NaN,0.957000000000335,999.999999796273,3,-1,-1,1,4,1,5,5.22466039707236,0.120619671908564,12.733184716512,10.200000002078,0.0330054035990533,0.223945097126739,81.6160082476706,0.226364226842142,13.2978085815638,6.66403135475792,13.2978141901977,6.66403149234263
910,1,NonStim,0,1,3004.88123333333,3005.8463,NaN,0.965000000000146,999.999999796273,3,-0.6363,-1,1,0,0,0,0,NaN,NaN,NaN,NaN,NaN,NaN,NaN,6.6489067986688,13.3280426181863,19.9467089367415,6.66401408854333
911,1,Stim,1,1,3008.26603333333,3009.2395,-0.0560333333332892,0.973000000000411,999.999999796273,1,0.3636,1,1,2,1,3,3.08324768756293,0.0872492010466733,14.5425474513341,6.66666666802485,0.497260435963768,-0.28602140815128,330.092728998911,0.573651625200973,13.297811325536,6.66402820158847,13.2978142989678,13.3280412167709
912,1,NonStim,0,1,3011.6735,3012.65063333333,NaN,0.977000000000317,999.999999796273,2,0.1818,1,1,0,4,4,4.09416581371413,0.0926920674308848,13.4200290123853,7.75000000157888,0.0161019729021143,-0.492510316056518,271.872542692884,0.492773462103461,13.2978088953775,6.66402825393889,13.2978140338721,6.66403152580353
913,1,Stim,1,1,3015.07466666667,3016.05116666667,-0.0487333333330753,0.977000000000317,999.999999796273,2,-0.6363,-1,1,2,1,3,3.0706243602856,0.0669851202684571,12.4553045537792,6.00000000122236,-0.36119157171685,-0.291139536806749,218.870653808653,0.463919800581239,13.2978136802852,6.66402926547194,13.2978116576639,6.66403115676819
914,1,NonStim,0,1,3018.44983333333,3019.41516666667,NaN,0.966000000000349,999.999999796273,3,0.0909,1,1,3,1,4,4.1407867494809,0.0826166692910417,13.6032386306342,7.00000000142609,0.118163144890409,-0.847740321188992,277.935104973739,0.855935850972493,6.64890713060171,6.66402706168327,13.2978142239759,13.3279609527897
915,1,Stim,1,1,3021.85886666667,3022.8237,-0.0536666666671408,0.965000000000146,999.999999796273,2,0.1818,1,1,6,2,8,8.29015544041326,0.0750994495468184,12.1504379537187,6.87500000140062,-0.0302000591320593,-0.404706834939458,265.732380320654,0.405832066030142,6.64890714821747,6.6640292419345,13.2978134554563,6.66401932256202
916,1,Stim,1,1,3025.25946666667,3026.2261,-0.0592333333333954,0.967000000000098,999.999999796273,2,0.0909,1,1,0,0,0,0,NaN,NaN,NaN,NaN,NaN,NaN,NaN,13.2978105991893,6.66403107248595,13.2978142441573,6.66402978034215
917,1,Stim,1,1,3028.7025,3029.66686666667,-0.0588000000002467,0.964000000000397,999.999999796273,3,0.0909,1,1,2,2,4,4.14937759335929,0.0789495274150799,12.3712164506303,7.00000000142609,0.109224313665224,0.550967869578447,78.7870180046726,0.561689900214925,13.2978106154673,6.66403094482777,13.2978136705097,6.66402066783018
918,1,NonStim,0,1,3032.09363333333,3033.0509,NaN,0.957000000000335,999.999999796273,2,-1,-1,1,2,0,2,2.08986415882895,0.0961651913211537,13.4021045375391,8.00000000162981,-0.373455474188589,0.92430583961569,112.000622110134,0.996900334210541,13.2977637705073,6.66402507273875,19.9467015088134,13.3279260570365
919,1,Stim,1,1,3035.47626666667,3036.4512,-0.0542000000004919,0.975000000000364,999.999999796273,1,0.1818,1,1,1,1,2,2.05128205128129,0.0520205600767772,7.51324017333338,6.50000000132422,-0.245765790914526,-0.0267017510989718,186.20070098646,0.247212069882508,13.2977851271026,6.66400618849826,13.29781393536,6.66401774313971
920,1,Stim,1,1,3038.994,3039.96653333333,-0.0618333333336523,0.972999999999956,999.999999796273,4,-0,-1,1,1,1,2,2.05549845837625,0.0845458383207479,13.0962834859566,8.00000000162981,0.612549892931542,-0.77013586511652,308.498002549393,0.984035884543452,6.64890710315003,17.358762781551,13.2978092096157,6.6640307833654
921,1,NonStim,0,1,3042.50273333333,3043.48573333333,NaN,0.983000000000175,999.999999796273,1,-0.4545,-1,1,1,3,4,4.06917599186093,0.12588515139788,15.7888507390742,9.25000000188447,0.0490230918524901,-0.482251956046942,275.804436196816,0.48473726145808,13.2978136488396,13.3280447789486,13.297813987341,6.66402983622621
922,1,Stim,1,1,3045.8536,3046.81896666667,-0.0569666666669946,0.9650000000006,999.999999796273,1,0.4545,1,1,1,0,1,1.03626943005117,0.0533122167535072,8.95420470414443,6.00000000122236,0,-1,270,1,6.64890558581444,6.66403111820571,13.2978110414333,6.6640307231827
923,1,NonStim,0,1,3049.21203333333,3050.18623333333,NaN,0.97400000000016,999.999999796273,4,-0.0909,-1,1,3,2,5,5.13347022587185,0.0680950072263151,11.4226948162328,7.00000000142609,-0.56327644516374,0.754652547441467,126.737844389291,0.94169040615066,6.64890702666547,6.66403150627045,13.2978129688732,6.66403145678602
924,1,Stim,1,1,3052.41223333333,3053.3774,-0.0538666666666359,0.965000000000146,999.999999796273,2,-0.4545,-1,1,2,1,3,3.10880829015497,0.169263655603999,16.8307860269722,12.333333335846,-0.275431301541781,-0.376208197660618,233.791221691068,0.466256377818095,13.2978085249445,6.66402074486574,13.297814303467,6.6640254647573
926,1,NonStim,0,1,3057.5045,3058.47056666667,NaN,0.965999999999894,999.999999796273,3,1,1,1,1,1,2,2.07039337474143,0.245630341401477,23.6029753458693,14.500000002954,0.500852259896128,-0.860241993115607,300.208927786378,0.995424167359106,13.2978139694051,6.66401047842196,19.946682541309,6.66403027286398
928,1,Stim,1,1,3064.02276666667,3065.0123,-0.0512999999996282,0.990000000000236,999.999999796273,3,-0.1818,-1,1,3,5,8,8.08080808080615,0.0654432629133664,10.6289984654035,7.00000000142609,-0.202566288299005,0.690368188229456,106.352625562892,0.719472957430963,13.2978021029572,6.66402603468253,19.946685803948,6.66401960302904
929,1,NonStim,0,1,3067.4226,3068.39626666667,NaN,0.974000000000615,999.999999796273,1,1,1,1,3,0,3,3.08008213552167,0.0658494459429839,10.4673976327292,8.6666666684323,0.0846510543998194,-0.989072172358039,274.891814353206,0.992688049260215,6.64890712047372,6.66401840174101,13.2978131833128,6.66398419750941
930,1,NonStim,0,1,3070.79893333333,3071.7651,NaN,0.967000000000098,999.999999796273,4,0.4545,1,1,4,2,6,6.20475698035097,0.100695656542455,14.0228715867569,8.33333333503106,0.182183910170724,-0.628407451730136,286.167596247799,0.654283503165912,13.2978108569105,6.66402348264043,19.9467163016315,6.66403109090648
931,1,NonStim,0,1,3074.17356666667,3075.12993333333,NaN,0.956000000000131,999.999999796273,3,0.3636,1,1,41,0,41,42.8870292886971,0.0355254858170915,8.00229758926066,10.1951219532965,0.0220065023662817,0.0442199488448728,63.5423041586201,0.0493932183830972,13.2978134981075,3.46944695124679e-15,13.2978133745607,6.66402859746652
932,1,Stim,1,1,3077.47413333333,3078.45333333333,-0.0529666666670892,0.979000000000269,999.999999796273,3,0.3636,1,1,2,1,3,3.06435137895728,0.116924875325989,12.2400622215383,12.333333335846,0.226933583995907,-0.269362831493094,310.113565331298,0.352214688130981,6.64890715322381,6.66402074683739,13.2978140338055,6.66403150652548
934,1,Stim,1,1,3084.02503333333,3084.99796666667,-0.0524333333332834,0.972000000000207,999.999999796273,1,-0.4545,-1,1,2,0,2,2.05761316872384,0.0633063838120615,10.4672577636004,8.00000000162981,0.56437996059983,-0.670178175855444,310.101877517035,0.876164098396868,6.64890633121086,6.66402310533562,13.2978136566249,6.66402756970093
935,1,Stim,1,1,3087.39286666667,3088.36606666667,-0.0487333333330753,0.97400000000016,999.999999796273,4,0.6363,1,1,0,0,0,0,NaN,NaN,NaN,NaN,NaN,NaN,NaN,13.2978075949568,6.66402658315444,13.297814194214,6.66402472649987
936,1,Stim,1,1,3090.7273,3091.70033333333,-0.0574333333333925,0.972999999999956,999.999999796273,4,0.1818,1,1,2,1,3,3.08324768756437,0.152356456411039,19.7511713562912,8.6666666684323,0.197575250319753,-0.867880145759496,282.824965392988,0.890085348122548,13.2978127055431,6.66402801846555,19.9467024572717,13.3280551751959
937,1,Stim,1,1,3094.00143333333,3094.98353333333,-0.0562666666664882,0.982000000000426,999.999999796273,1,-0.6363,-1,1,1,1,2,2.03665987779952,0.116105667903803,15.3595265409352,10.0000000020373,0.635593440206594,0.442409118350268,34.8401080478276,0.774406126804995,6.64890582262623,18.6822234087719,13.297813961308,6.66397811439363
938,1,Stim,1,1,3097.42636666667,3098.4019,-0.0633333333330484,0.974999999999909,999.999999796273,3,-0.6363,-1,1,1,1,2,2.05128205128224,0.0761067765158005,12.6727756038278,6.00000000122236,-0.243335743142952,-0.267571747221412,227.715913504502,0.361672398452041,13.2977905831856,6.66402745783398,13.2978142025178,6.66401762920582
939,1,Stim,1,1,3100.84543333333,3101.81263333333,-0.0664000000001579,0.967000000000098,999.999999796273,3,0.1818,1,1,2,0,2,2.06825232678366,0.058430011945084,9.94252197128723,6.00000000122236,-0.513382749477951,0.854594977725964,120.994595003526,0.996942537670042,13.2978131272312,6.66402321822347,19.9467107940188,6.6640139075288
940,1,NonStim,0,1,3104.2538,3105.2089,NaN,0.955000000000382,999.999999796273,2,-0,-1,1,0,0,0,0,NaN,NaN,NaN,NaN,NaN,NaN,NaN,13.2978085067001,17.5199436234803,13.2978142976678,6.66401702050018
941,1,Stim,1,1,3107.68606666667,3108.64276666667,-0.0662666666667064,0.956000000000131,999.999999796273,2,1,1,1,0,1,1,1.04602510460237,0.0927919365628436,12.9447623092852,8.00000000162981,-0.358269471967716,0.933618222538514,110.993956347848,1,13.2978048392507,18.5766888790265,13.2978112682748,6.66402526352252
942,1,Stim,1,1,3111.1871,3112.147,-0.0574666666666417,0.960000000000036,999.999999796273,2,0.4545,1,1,2,4,6,6.24999999999976,0.0798938085201837,11.3433605976338,7.33333333482733,0.182788744913789,0.0423863344045933,13.0554074002299,0.187638819574779,13.2977858068805,6.6640308074954,13.2978102437036,6.66400237310408
943,1,Stim,1,1,3114.53786666667,3115.5104,-0.0512666666668338,0.973000000000411,999.999999796273,1,0.6363,1,1,0,0,0,0,NaN,NaN,NaN,NaN,NaN,NaN,NaN,13.2978093217255,6.66402183199924,19.9467050841841,6.66402758402178
944,1,Stim,1,1,3118.0044,3118.9749,-0.0530666666668367,0.970000000000255,999.999999796273,2,-0.1818,-1,1,0,0,0,0,NaN,NaN,NaN,NaN,NaN,NaN,NaN,13.297810731508,6.66403089383882,13.2978142456078,6.66403064042499
946,1,NonStim,0,1,3124.83013333333,3125.82253333333,NaN,0.992000000000189,999.999999796273,4,1,1,1,2,2,4,4.03225806451536,0.137305103208957,16.1329416819422,10.7500000021901,-0.0916853653642513,-0.549456313589809,260.526587360762,0.557053360788424,6.64890712048508,6.66400066607087,13.2978141114429,6.6640309617704
947,1,NonStim,0,1,3128.26486666667,3129.23886666667,NaN,0.97400000000016,999.999999796273,3,0.6363,1,1,2,1,3,3.08008213552311,0.0991560292575581,14.5312355031569,7.66666666822857,0.568576193125507,-0.104267934405119,349.608318238598,0.578057687029767,19.9467189236208,6.66403142734446,19.9467119362476,6.66402330454191
948,1,Stim,1,1,3131.63103333333,3132.61456666667,-0.0555666666664365,0.983000000000175,999.999999796273,3,-0.0909,-1,1,1,2,3,3.05188199389569,0.0601799122022747,9.87849191579267,6.3333333346236,0.0254352606470881,0.429315223536202,86.6094108508516,0.430068033738994,6.64890706460216,6.66403078388294,19.9467107467058,6.66402918807053
949,1,NonStim,0,1,3135.01593333333,3135.98986666667,NaN,0.97400000000016,999.999999796273,3,-0.1818,-1,1,1,0,1,1.02669404517437,0.0549456795009357,8.66656152097344,7.00000000142609,-0.242017467520051,0.970271892520432,104.005643573169,1,13.297812606611,6.6640282205294,13.2978138673551,6.66403143117052
950,1,NonStim,0,1,3138.5071,3139.4892,NaN,0.982000000000426,999.999999796273,4,-0.3636,-1,1,1,4,5,5.09164969449881,0.0509772921324993,9.9220989935311,6.80000000138534,-0.0968069721135192,-0.1999999923938,244.171398770797,0.222197180016552,6.64890555343108,6.66403133611408,13.2978140721124,6.66403149133737
951,1,NonStim,0,1,3141.9419,3142.90703333333,NaN,0.966000000000349,999.999999796273,2,-0.4545,-1,1,1,0,1,1.03519668737023,0.0669711711789625,12.0053688851757,8.00000000162981,-0.099280130436149,0.995059523697242,95.6977187057037,1,6.64890713075882,6.66403112470219,13.2978114410708,6.66403143985954
952,1,NonStim,0,1,3145.2835,3146.25926666667,NaN,0.976000000000113,999.999999796273,3,0.4545,1,1,2,2,4,4.09836065573723,0.0973907273117322,11.3692952190985,9.25000000188447,0.113552642754677,-0.489434109971783,283.061987567237,0.502434026196916,13.2977941520539,6.66400636351203,13.297813544882,6.66402938660465
953,1,NonStim,0,1,3148.6832,3149.64906666667,NaN,0.965999999999894,999.999999796273,3,-0,-1,0,4,3,7,7.24637681159499,0.114473646951745,13.8721091674062,9.14285714471979,-0.236312571006172,0.3091824477414,127.391197303835,0.389149607743488,6.64890571203662,6.66403029561928,19.946674082781,6.66402237571733
954,1,Stim,1,1,3151.9258,3152.89813333333,-0.0489999999999782,0.973000000000411,999.999999796273,2,0.6363,1,1,1,1,2,2.05549845837529,0.108096860937981,14.8605826107885,7.50000000152795,0.828160692603406,0.558113993407654,33.9768152506892,0.9986697964847,13.2978085818695,6.66403022124554,13.2978137526861,6.6640313851291
955,1,NonStim,0,1,3155.35946666667,3156.3255,NaN,0.965999999999894,999.999999796273,1,0.6363,1,1,3,0,3,3.10559006211214,0.0651169799153828,11.4341716015169,6.66666666802485,0.471238755825363,-0.624031286842151,307.058367614485,0.78197251355128,6.64890687621005,6.66400217173446,13.2978126730372,6.66403071248414
956,1,Stim,1,1,3158.70123333333,3159.68483333333,-0.0530666666668367,0.983000000000175,999.999999796273,3,-1,-1,1,3,0,3,3.05188199389569,0.0549046826985558,9.45201697638562,7.00000000142609,0.265608618726309,-0.277141287094027,313.782728846316,0.383868768401171,6.64890708248322,6.66403131788286,19.9467145993993,6.66402905585874
957,1,Stim,1,1,3162.06083333333,3163.02686666667,-0.0518000000001848,0.965999999999894,999.999999796273,4,-0.4545,-1,0,1,2,3,3.10559006211214,0.123041943941343,16.7281636845633,8.6666666684323,0.277853562018585,-0.272760565753291,315.529951657259,0.389359638581699,13.2978121676306,13.3279894531449,13.2978140012776,6.66403087021925
958,1,NonStim,0,1,3165.46053333333,3166.42553333333,NaN,0.9650000000006,999.999999796273,1,0.0909,1,0,2,0,2,2.07253886010234,0.058448895830821,9.18393788204701,7.00000000142609,-0.175212392642025,-0.0317045617725313,190.256649537499,0.178057748420369,6.64890689112344,6.66402636040534,13.2978134059965,6.66403026478293
959,1,Stim,1,1,3168.81146666667,3169.78923333333,-0.0583999999998923,0.97800000000052,999.999999796273,1,0.0909,1,1,3,0,3,3.06748466257506,0.110437806210762,14.5026297064129,9.00000000183354,-0.330723863408603,0.0655150233772687,168.795009693965,0.337150548147317,6.64890714695895,13.3280269686658,19.946692410211,6.66402237753374
960,1,Stim,1,1,3172.22016666667,3173.19483333333,-0.047333333332972,0.97400000000016,999.999999796273,4,1,1,1,1,0,1,1.02669404517437,0.122377748161214,15.7641599543935,9.00000000183354,-0.706303045710468,-0.707909604130441,225.065088498126,1,13.2977900895412,6.66403148564674,13.297797875064,6.66402647576788
961,1,Stim,1,1,3175.62083333333,3176.59696666667,-0.0482999999999265,0.976000000000113,999.999999796273,3,1,1,1,0,0,0,0,NaN,NaN,NaN,NaN,NaN,NaN,NaN,6.64890592747691,6.66402285253253,13.2978138248527,6.66403042462473
962,1,NonStim,0,1,3179.15486666667,3180.13556666667,NaN,0.981000000000222,999.999999796273,1,-0.0909,-1,1,2,2,4,4.0774719673793,0.104347428247098,13.3132830538084,9.75000000198634,-0.194687632941292,-0.0327016945280015,189.534967728867,0.197414982322229,6.64890706370906,6.66402865371783,19.9466953297719,6.66402983700682
963,1,Stim,1,1,3182.52973333333,3183.49483333333,-0.0549333333333379,0.965000000000146,999.999999796273,1,1,1,1,2,3,5,5.18134715025829,0.0758541363557911,13.4595882287139,6.6000000013446,0.20212089499599,-0.155730199160476,322.386451147727,0.2551563268362,13.2978104060766,6.66403101579385,19.9467008985911,6.66403032146429
965,1,Stim,1,1,3189.58903333333,3190.55473333333,-0.0698333333334631,0.965000000000146,999.999999796273,3,-0.3636,-1,0,4,0,4,4.14507772020663,0.0783164835846763,12.1661756591376,8.00000000162981,0.16032857870047,0.0324202398762695,11.4317020700046,0.16357360759532,6.64890677989601,6.66401914359911,13.2978140220058,6.66403152315086
966,1,Stim,1,1,3192.91486666667,3193.90583333333,-0.0578000000004977,0.99100000000044,999.999999796273,2,-0.4545,-1,0,1,1,2,2.01816347124027,0.323031444033882,30.4897548195159,15.0000000030559,0.366262963906927,-0.929986558874329,291.496347412623,0.999511659970409,13.2978135561279,13.3280630366522,19.9467094366229,6.66402602060112
967,1,NonStim,0,1,3196.2403,3197.20686666667,NaN,0.966000000000349,999.999999796273,4,-0.3636,-1,1,4,35,39,40.3726708074388,0.0352794630383844,8.34393027204715,11.2820512843497,-0.0848213466309317,0.00646936958988295,175.638464394789,0.0850677000228357,6.64890683205418,6.66403052977488,13.2978136652922,5.48567729353352e-15
968,1,NonStim,0,1,3199.54843333333,3200.524,NaN,0.976000000000113,999.999999796273,4,-1,-1,1,1,1,2,2.04918032786862,0.209950079576971,24.3012488195649,11.5000000023429,0.890161134559934,-0.225480700771074,345.785766699156,0.918274682162829,13.2978061570501,13.3280329343239,13.2978135487149,6.66402906623042
969,1,Stim,1,1,3202.9241,3203.89706666667,-0.065900000000056,0.972999999999956,999.999999796273,3,0.4545,1,1,2,1,3,3.08324768756437,0.0826598506636901,10.7855082278082,10.6666666688398,0.225934940879872,-0.970522017061336,283.104894191102,0.996473573714424,6.64890715120514,6.66402986344023,13.2978142241611,6.66402574529792
970,1,NonStim,0,1,3206.27413333333,3207.24026666667,NaN,0.965999999999894,999.999999796273,3,0.1818,1,0,0,0,0,0,NaN,NaN,NaN,NaN,NaN,NaN,NaN,6.64890665074724,19.9920846767159,13.2978110490754,6.66403131903823
971,1,Stim,1,1,3209.59116666667,3210.5651,-0.0587999999997919,0.97400000000016,999.999999796273,3,0.1818,1,1,1,1,2,2.05338809034874,0.125356273140594,17.8514988208683,7.00000000142609,0.908625822210676,-0.409887746454189,335.719516519294,0.996799302508444,13.2977981585798,13.3280573081824,13.2978142793956,6.66403111820571
972,1,Stim,1,1,3213.0424,3214.01643333333,-0.0503333333335831,0.97400000000016,999.999999796273,3,-0.0909,-1,1,0,1,1,1.02669404517437,0.132147902056069,17.2583185756279,9.00000000183354,0.654083608543506,0.756422258420987,49.1497992259975,1,13.2978083197381,13.3278529750496,19.9467079418008,6.66402549723974
973,1,Stim,1,1,3216.5673,3217.5345,-0.0528666666668869,0.967000000000098,999.999999796273,1,-1,-1,1,0,0,0,0,NaN,NaN,NaN,NaN,NaN,NaN,NaN,13.2978088151134,6.66403150299161,13.2978138118473,6.66402857584488
974,1,NonStim,0,1,3220.0858,3221.05073333333,NaN,0.9650000000006,999.999999796273,2,-0,-1,0,0,1,1,1.03626943005117,0.0569215672975504,11.0976465927032,6.00000000122236,0.350424658051309,-0.936590924058964,290.513291291559,1,13.2978045400551,6.66402301798047,19.9467125612067,6.66403151187102
975,1,Stim,1,1,3223.5777,3224.55053333333,-0.0532333333335373,0.973000000000411,999.999999796273,4,-0.4545,-1,1,0,0,0,0,NaN,NaN,NaN,NaN,NaN,NaN,NaN,6.64890707729725,18.992164403675,13.2978137724178,6.66403007392504
976,1,Stim,1,1,3226.9024,3227.86826666667,-0.0644333333339091,0.966000000000349,999.999999796273,2,0.0909,1,1,0,2,2,2.07039337474045,0.204112993644387,17.5887328136586,16.0000000032596,0.0422258520464113,0.00329969537260705,4.46823890456638,0.0423545814593583,13.2978121935447,13.3280314607068,13.2978140456078,6.66403009842744
977,1,Stim,1,1,3230.20206666667,3231.19396666667,-0.0497666666665282,0.99100000000044,999.999999796273,1,-0,-1,0,2,0,2,2.01816347124027,0.0608396307257377,11.3456067951832,7.00000000142609,-0.0359654124836304,-0.00582317872861987,189.196977520553,0.0364337797328678,6.64890698958056,6.66403136092193,13.2978143003646,6.66403139401429
978,1,NonStim,0,1,3233.5782,3234.5449,NaN,0.965999999999894,999.999999796273,3,0.3636,1,1,1,1,2,2.07039337474143,0.181104024566251,23.010290905813,9.5000000019354,0.107949481156442,-0.993746320060556,276.199662874587,0.999592336463142,13.2978068785927,13.3280589466341,13.2978141165125,6.66402111236944
979,1,Stim,1,1,3236.97853333333,3237.95406666667,-0.053933333333589,0.976000000000568,999.999999796273,3,0.0909,1,1,3,3,6,6.14754098360298,0.0986591316059365,11.6372140107394,8.50000000173168,0.000777775731741907,0.00905591653456841,85.0911454361408,0.00908925516035038,6.64890680399407,6.66402861183679,13.2978067144126,6.66401374077772
980,1,Stim,1,1,3240.37063333333,3241.34546666667,-0.0480000000002292,0.974999999999909,999.999999796273,2,-0.0909,-1,0,0,36,36,36.9230769230804,0.036664997407897,8.57384075861926,11.1944444467251,0.113653146908027,0.0939391798136785,39.5751853763475,0.147450355395178,13.2978120254762,13.3280423717559,13.2978135656312,1.38777878049872e-14
981,1,Stim,1,1,3243.87173333333,3244.8361,-0.0525333333334856,0.965000000000146,999.999999796273,4,0.1818,1,1,0,0,0,0,NaN,NaN,NaN,NaN,NaN,NaN,NaN,13.2977986574953,13.3280494692171,13.2978140536542,13.3280437694399
982,1,Stim,1,1,3247.38066666667,3248.35326666667,-0.0509666666671365,0.973000000000411,999.999999796273,3,-0.6363,-1,1,1,0,1,1.02774922918764,0.0628282946813794,8.6665595531503,7.00000000142609,-0.529133109488522,0.848538833786061,121.946901222807,1,13.2978127268889,6.66402480301266,19.9466543720524,6.66401514528235
983,1,NonStim,0,1,3250.75566666667,3251.71966666667,NaN,0.964000000000397,999.999999796273,2,-0.6363,-1,1,1,0,1,1.03734439833982,0.103437952922674,15.588834203516,8.00000000162981,-0.257116631370387,-0.966380379494919,255.100958219051,1,13.297803338811,6.66403091843103,13.2978080623174,6.66403058591353
984,1,Stim,1,1,3254.28986666667,3255.2748,-0.056999999999789,0.985000000000127,999.999999796273,2,-1,-1,1,0,0,0,0,NaN,NaN,NaN,NaN,NaN,NaN,NaN,6.64890713086232,13.3278216873663,13.2978142759487,6.66402213804645
985,1,Stim,1,1,3257.8062,3258.77503333333,-0.0592666666666446,0.969000000000506,999.999999796273,2,-0.1818,-1,1,0,1,1,1.03199174406551,0.0572822397029375,9.41367484635231,6.00000000122236,-0.58036369937,0.814357400932519,125.476127381675,1,13.2978030055777,13.3280365053043,19.9467044202117,6.66403002576655
986,1,NonStim,0,1,3261.28266666667,3262.25623333333,NaN,0.97400000000016,999.999999796273,3,-0.4545,-1,1,0,1,1,1.02669404517437,0.04664821456576,6.66403144271129,6.00000000122236,0,1,90,1,13.2978135354627,6.66403137758165,13.2978142027236,6.66402890739305
987,1,Stim,1,1,3264.65703333333,3265.6308,-0.0509000000001834,0.973000000000411,999.999999796273,1,0.0909,1,1,4,1,5,5.13874614593822,0.093169466083926,12.2831274551035,7.80000000158907,0.147909318459019,0.330351692111996,65.8803676694945,0.361952216415746,13.2977358153978,6.6640314762697,13.2978140489653,13.3280509611978
988,1,Stim,1,1,3268.00806666667,3268.98196666667,-0.055699999999888,0.973000000000411,999.999999796273,1,-0.4545,-1,1,0,0,0,0,NaN,NaN,NaN,NaN,NaN,NaN,NaN,6.64890662148568,13.3280392418909,13.2978133688038,6.66402875459563
989,1,Stim,1,1,3271.4338,3272.4004,-0.0546333333336406,0.967000000000098,999.999999796273,4,0.3636,1,1,1,0,1,1.03412616339183,0.0537252187999453,9.15760559181349,6.00000000122236,-0.123757643715808,0.992312473781274,97.1090169387663,1,13.2978048444582,6.66402674732317,13.2978140818614,6.66403034181214
990,1,Stim,1,1,3274.77503333333,3275.73303333333,-0.0594666666665944,0.958000000000538,999.999999796273,2,0.1818,1,1,1,2,3,3.13152400834897,0.127244432403108,17.1965680158496,8.6666666684323,0.559710918040394,-0.0271584724741331,357.222054610048,0.560369426718437,13.2978079969775,13.3280619658114,13.2978141242027,6.66403136116614
991,1,Stim,1,1,3278.10206666667,3279.07533333333,-0.0580666666669458,0.972999999999956,999.999999796273,4,0.4545,1,1,1,0,1,1.02774922918812,0.0569215243860944,11.0976424183321,6.00000000122236,-0.350424929776324,0.936590822393247,110.513307914288,1,13.2977834978436,6.66402886935508,13.297814182831,6.66402919174216
992,1,Stim,1,1,3281.47633333333,3282.45143333333,-0.0552999999999884,0.975000000000364,999.999999796273,1,0.6363,1,1,2,1,3,3.07692307692193,0.0948737621179135,12.6861693259398,9.00000000183354,0.184279557993787,-0.277422030963333,303.594383193333,0.333049453922695,6.6489062760557,6.66402892679332,13.2978141577457,6.66403066121547
993,1,NonStim,0,1,3284.85373333333,3285.86096666667,NaN,1.00700000000052,999.999999796273,4,0.6363,1,1,0,1,1,0.9930486593838,0.0847229431819544,14.2038411835038,6.00000000122236,0.706301948774754,-0.707910698575028,314.934822719722,1,13.2978105926681,13.328056099413,13.2978140937341,6.66403125255944
995,1,Stim,1,1,3290.28766666667,3291.26973333333,-0.0643333333332521,0.981999999999971,999.999999796273,3,-0.4545,-1,1,0,1,1,1.01832993890023,0.0533122235518968,8.00357561706285,7.00000000142609,0,1,90,1,6.6489071516149,17.96670616331,19.9467020764161,6.66401879350523
996,1,Stim,1,1,3293.6281,3294.61116666667,-0.0528666666668869,0.983000000000175,999.999999796273,2,-0.3636,-1,1,0,3,3,3.05188199389569,0.0756545882665133,11.6550076101297,6.66666666802485,-0.0403166108618584,0.114399488224404,109.413451682272,0.121295803791359,13.2977821806103,17.4233916317762,13.2978142610362,6.66403149611316
997,1,Stim,1,1,3297.04593333333,3298.0222,-0.055766666666841,0.977000000000317,999.999999796273,4,-0.1818,-1,1,1,0,1,1.02354145342853,0.0333201560938038,7.84472902591584,6.00000000122236,-1.98420963442269e-15,-1,270,1,6.64890714597399,6.66402848856313,13.29781244977,6.66402543366993
999,1,NonStim,0,1,3302.12943333333,3303.10643333333,NaN,0.977000000000317,999.999999796273,4,-0,-1,1,1,0,1,1.02354145342853,0.0927920792299729,11.0976495210532,10.0000000020373,-0.358269101757835,-0.933618364603886,249.006066371784,1,13.2977923974405,6.66402270512109,13.2978140847918,6.6640297652331
1009,1,NonStim,0,1,3337.55033333333,3338.53226666667,NaN,0.982000000000426,999.999999796273,2,1,1,1,0,1,1,1.01832993889976,0.0569215399839122,9.41367116784274,7.00000000142609,-0.350424761489023,0.936590885357829,110.513297619342,1,13.2978133918488,6.66402449754857,13.297813618558,6.66403118889766
1010,1,NonStim,0,1,3341.09286666667,3342.0788,NaN,0.986000000000331,999.999999796273,3,-0.1818,-1,0,0,2,2,2.02839756592224,0.137266701543044,17.8388898588377,8.50000000173168,0.468708360374993,-0.880697000369975,298.0219798751,0.997654616360835,13.2978116106237,20.044191522055,13.2978093478079,6.66403152015653
1014,1,Stim,1,1,3352.05273333333,3353.01906666667,-0.0565999999998894,0.967000000000098,999.999999796273,4,-0,-1,0,1,3,4,4.13650465356732,0.122592970533618,14.2298768532639,10.0000000020373,0.416651360495352,-0.00634456632236308,359.127594880568,0.416699663696105,13.297795693793,6.66400876434765,13.2978142716667,6.66403140133988
1015,1,Stim,1,1,3355.33646666667,3356.311,-0.0526333333332332,0.975000000000364,999.999999796273,1,-0.1818,-1,1,1,2,3,3.07692307692193,0.060547448410182,11.2562246799497,6.00000000122236,-0.284900102275641,-0.337258887225023,229.810482861623,0.441487967320664,13.2978069391672,6.6640311656594,13.297814160604,6.66402711224274
1016,1,NonStim,0,1,3358.79526666667,3359.75993333333,NaN,0.964000000000397,999.999999796273,3,-0.0909,-1,1,3,0,3,3.11203319501947,0.0489618319163748,9.26918888531723,7.00000000142609,0.374585853559053,0.00256250528748262,0.391948725022689,0.374594618380874,6.64890682706441,6.66403128544833,19.9466734148833,6.66403151376228
1018,1,NonStim,0,1,3364.02923333333,3365.00416666667,NaN,0.974999999999909,999.999999796273,4,-0.6363,-1,1,0,2,2,2.05128205128224,0.056637510927717,8.96661327938459,6.00000000122236,-0.0244441621769327,-0.0130524744365038,208.100925385741,0.0277107227160854,13.2978110261224,6.66402999619736,13.2978138852189,6.66402886837614
1019,1,Stim,1,1,3367.60463333333,3368.56933333333,-0.0533000000000357,0.965000000000146,999.999999796273,2,1,1,1,3,4,7,7.2538860103616,0.0727946304930075,10.7890423877313,7.42857143008483,0.00312787075829047,0.124704834122196,88.5631974362508,0.12474405488409,6.64890709960684,6.66403136092193,13.2978141690754,6.66403132977473
1020,1,Stim,1,1,3371.03883333333,3372.00396666667,-0.0592000000001462,0.965000000000146,999.999999796273,2,0.6363,1,1,3,0,3,3.10880829015497,0.0698343094642146,11.6733480567951,6.66666666802485,-0.143400243092648,-0.342517166462452,247.282603745886,0.371324169749961,13.2978078793252,6.66402095871597,13.2978139629868,6.66402567723829
1021,1,Stim,1,1,3374.46586666667,3375.43276666667,-0.0575333333335948,0.967000000000098,999.999999796273,4,0.6363,1,1,3,0,3,3.10237849017549,0.0458029644614453,8.93952639666983,7.33333333482733,-0.324674603529098,0.103618420482059,162.299753804723,0.340808414274023,6.64890714031745,6.66402992937089,13.2978141598263,13.3280385443266
1022,1,Stim,1,1,3377.9323,3378.8993,-0.0658333333331029,0.967000000000098,999.999999796273,3,-0,-1,1,2,1,3,3.10237849017549,0.0610784181731838,9.20024354364182,6.66666666802485,-0.29280467046863,0.283001815424185,135.975341509939,0.407215670844857,13.2978141234568,6.66403136335598,19.9467152968678,6.66403128041084
1023,1,NonStim,0,1,3381.62386666667,3382.59643333333,NaN,0.973000000000411,999.999999796273,1,0.6363,1,1,40,0,40,41.1099691675058,0.0349507621058697,7.54525548294302,10.6250000021646,0.0710956176727906,0.135994866916513,62.4002582907118,0.153457455602247,6.64890715324449,1.38777878049872e-14,13.297812224189,13.3280200255646
1024,1,NonStim,0,1,3384.9736,3385.93386666667,NaN,0.960000000000036,999.999999796273,2,0.1818,1,1,1,1,2,2.08333333333325,0.183167117861757,22.8503081008262,11.5000000023429,0.762484248881559,-0.636459515090944,320.147631478378,0.993208409218465,6.64890500783435,13.3280502525036,13.2978130835484,6.66403045902011
1025,1,Stim,1,1,3388.35793333333,3389.3313,-0.0577333333330898,0.97400000000016,999.999999796273,1,-0.6363,-1,1,0,1,1,1.02669404517437,0.140490894439179,16.4907840803823,12.0000000024447,-0.520588468738865,0.853807733752818,121.371733098483,1,13.2977910911086,13.3280480227412,13.2978142703917,6.66403148928303
1026,1,Stim,1,1,3391.6493,3392.62406666667,-0.0464333333334253,0.974999999999909,999.999999796273,4,-0.3636,-1,1,2,1,3,3.07692307692336,0.156706960147793,19.1944781907112,9.33333333523478,0.466370682432001,-0.878168406686936,297.971521488172,0.994324576753065,13.2978061715402,6.6640288438441,13.2978139305069,13.3280331713686
1027,1,NonStim,0,1,3394.83336666667,3395.79386666667,NaN,0.960000000000491,999.999999796273,3,0.0909,1,1,3,0,3,3.1249999999984,0.0627109260999466,10.3636907212289,6.66666666802485,0.369947303570545,-0.86742557905938,293.097705311641,0.943020754080003,6.64890715050459,6.66402969033929,13.2978129195399,6.66402810120046
1028,1,NonStim,0,1,3398.3679,3399.34263333333,NaN,0.975000000000364,999.999999796273,1,0.1818,1,1,3,2,5,5.12820512820321,0.23215233979294,22.598889183672,13.4000000027299,0.0322175547385687,-0.206284734075223,278.876745335899,0.208785445723159,6.64890655909521,6.66400926295282,13.2978140466165,6.66402999990928
1029,1,NonStim,0,1,3401.7673,3402.74083333333,NaN,0.972999999999956,999.999999796273,4,0.0909,1,1,4,1,5,5.13874614594062,0.15623620176819,15.0260193871663,11.000000002241,0.149575039530092,-0.584377562567013,284.356979405653,0.603216236587007,6.64890708453767,6.66403142780504,13.2978134279101,6.66403120441473
1030,1,NonStim,0,1,3405.36883333333,3406.35046666667,NaN,0.981999999999971,999.999999796273,4,-0.0909,-1,1,4,2,6,6.1099796334014,0.121546550758178,15.5578458079188,9.00000000183354,-0.0561468377046343,-0.012037472167252,192.10061769838,0.0574227143246286,13.2978027883125,6.66401385382677,13.2978080913501,6.66401825113305
1031,1,NonStim,0,1,3408.71813333333,3409.68333333333,NaN,0.965000000000146,999.999999796273,1,1,1,1,1,1,2,2.07253886010331,0.122770209864296,15.8860553771403,9.00000000183354,0.653399656910818,-0.756895055332281,310.802835559958,0.999910614223907,13.2978090459096,6.66402962880517,13.2978141431723,6.66403009627385
1032,1,Stim,1,1,3411.99326666667,3412.95996666667,-0.0523000000002867,0.965999999999894,999.999999796273,1,-0.0909,-1,1,2,2,4,4.14078674948285,0.0579042217505847,9.11279849093837,6.50000000132422,0.0717787446254476,0.922998063595853,85.5532317835675,0.92578486355184,13.2978028752938,6.66402967836462,19.9466902014951,6.66400876434764
1033,1,Stim,1,1,3415.3364,3416.30106666667,-0.0594666666665944,0.965000000000146,999.999999796273,3,-1,-1,1,3,2,5,5.18134715025829,0.107562783655874,15.7450769251784,11.2000000022817,-0.236775052101825,0.129940273879256,151.242368548823,0.270086838023695,6.64890690353527,6.66403131263983,13.2978123016182,6.66402796540502
1034,1,NonStim,0,1,3418.71156666667,3419.69263333333,NaN,0.981000000000222,999.999999796273,1,0.3636,1,1,1,1,2,2.03873598368965,0.110990732178358,15.4402284128395,8.00000000162981,0.668016593492178,-0.742361791141194,311.982563485599,0.998672718225173,13.2978077719695,6.66401557983946,13.2978136288011,6.66403020403815
1035,1,NonStim,0,1,3422.20303333333,3423.1721,NaN,0.969000000000051,999.999999796273,3,1,1,1,2,1,3,3.09597523219798,0.0988686130733503,15.2644488012823,11.3333333356422,0.428037638089544,-0.383162666957537,318.166330788995,0.574482244261115,6.64890714627703,6.66401757542756,13.2978140503413,6.66392589379535
1036,1,NonStim,0,1,3425.5622,3426.54023333333,NaN,0.978000000000065,999.999999796273,2,-0.3636,-1,1,1,0,1,1.02249488752549,0.151939277273864,20.7456826180561,10.0000000020373,0.262561643887256,-0.964915220710722,285.222115483362,1,6.64890670997949,6.66402956036728,13.2978141462552,13.3280620065475
1037,1,Stim,1,1,3428.80433333333,3429.7706,-0.0598666666669487,0.966000000000349,999.999999796273,4,1,1,1,2,4,6,6.21118012422136,0.0539405334368949,9.37868342160957,6.66666666802485,0.151970452819905,0.181434428606263,50.050277634934,0.236671651056835,6.64890628165185,6.66403048430547,13.297808079225,6.66403137054995
1038,1,Stim,1,1,3432.27966666667,3433.25383333333,-0.0498000000002321,0.97400000000016,999.999999796273,2,-0.6363,-1,1,1,1,2,2.05338809034874,0.0584657301538743,8.70862673645335,7.50000000152795,0.0959120239471601,0.021707021852742,12.7524700515546,0.0983377401375282,13.2978052538703,6.66403098752055,13.2978140941243,6.66403012769725
1039,1,NonStim,0,1,3435.6053,3436.5808,NaN,0.974999999999909,999.999999796273,1,-0.4545,-1,1,0,0,0,0,NaN,NaN,NaN,NaN,NaN,NaN,NaN,13.2978062518117,6.66402852092236,13.2978136267796,6.66403069056642
1040,1,Stim,1,1,3438.9722,3439.9385,-0.0677000000000589,0.966000000000349,999.999999796273,3,1,1,1,3,1,4,4.1407867494809,0.125965573843153,15.9593520923231,9.25000000188447,0.565776417917078,-0.125123696516733,347.529531941816,0.579447059273832,6.64890715149177,6.66401140445327,13.2978135274043,6.66402867099426
1041,1,NonStim,0,1,3442.53916666667,3443.5203,NaN,0.981000000000222,999.999999796273,1,-0.6363,-1,1,1,1,2,2.03873598368965,0.136514467528319,15.9752352292532,10.5000000021391,-0.865964262666933,0.0937184589596574,173.823239173718,0.871020811327754,6.64890558731258,18.5606008802063,13.2978139035741,6.66403133716055
1042,1,NonStim,0,1,3445.80676666667,3446.77126666667,NaN,0.9650000000006,999.999999796273,3,-0,-1,1,1,0,1,1.03626943005117,0.0716333614980716,11.0815058221488,7.00000000142609,-0.928185082464824,-0.372118869032152,201.846352906402,1,6.64890710747282,18.3159791932653,13.2978141380622,6.664031068431
1044,1,Stim,1,1,3452.46676666667,3453.45783333333,-0.0582000000003973,0.990999999999985,999.999999796273,2,-0,-1,1,0,0,0,0,NaN,NaN,NaN,NaN,NaN,NaN,NaN,13.297813346789,6.66402018772879,13.2978140750492,6.66403018324055
1045,1,Stim,1,1,3455.8495,3456.8145,-0.0531000000000859,0.965000000000146,999.999999796273,4,-1,-1,1,1,1,2,2.07253886010331,0.180242646878323,13.8809759170499,16.5000000033615,0.0204564038955545,-0.998216759190457,271.173995090604,0.998426343196651,13.297810685242,6.66401743601979,13.2978120661965,6.66402098797722
1046,1,Stim,1,1,3459.23373333333,3460.21636666667,-0.0546999999996842,0.983000000000175,999.999999796273,4,0.0909,1,1,4,4,8,8.13835198372185,0.115470806194051,14.6984028932303,9.37500000190994,-0.0290150234364885,-0.228671419153034,262.768655039364,0.230504857915148,13.2978083610829,6.6640277351621,13.2978142593563,6.66402939274919
1047,1,Stim,1,1,3462.58436666667,3463.5589,-0.0545999999999367,0.97400000000016,999.999999796273,2,0.3636,1,1,3,0,3,3.08008213552311,0.0643455637341769,9.89218160565457,6.66666666802485,0.0893139241668232,-0.464075430576435,280.893700127825,0.472591771315139,6.6489069516578,6.6640180049538,13.2978105165641,6.66402561900147
1049,1,NonStim,0,1,3469.10136666667,3470.08363333333,NaN,0.982000000000426,999.999999796273,2,-0.4545,-1,1,0,0,0,0,NaN,NaN,NaN,NaN,NaN,NaN,NaN,13.2978138130337,16.9544756611872,19.9467013011826,6.66403031552439
1050,1,NonStim,0,1,3472.694,3473.66756666667,NaN,0.97400000000016,999.999999796273,4,0.4545,1,1,1,1,2,2.05338809034874,0.189641319488311,20.6297493062589,12.0000000024447,0.544174290757322,-0.825307299343713,303.399244853699,0.98856350178997,6.64890715109554,19.7569553938914,13.2978141687615,6.66402903410206
1051,1,Stim,1,1,3476.1948,3477.15163333333,-0.0689666666667108,0.95699999999988,999.999999796273,3,0.3636,1,1,3,1,4,4.17972831765988,0.110969799789298,15.42852934399,7.50000000152795,0.416638275578377,0.201825756711078,25.8462356391014,0.462948257096755,13.2977941977673,6.66401913303131,13.2978132319697,19.9918138774259
1052,1,NonStim,0,1,3479.58693333333,3480.55073333333,NaN,0.964000000000397,999.999999796273,2,0.0909,1,1,2,2,4,4.14937759335929,0.127340056214264,16.2985359230764,9.5000000019354,0.595574224460503,-0.712657033342647,309.885823371912,0.928756536458545,13.2978092667765,6.66403081460607,13.2978132420982,6.66403070353222
1054,1,NonStim,0,1,3486.16286666667,3487.1269,NaN,0.964000000000397,999.999999796273,3,-1,-1,1,2,0,2,2.07468879667964,0.052224683733967,9.15805526673977,6.50000000132422,0.427731860336236,0.0270710077778471,3.62140079047549,0.428587661755219,6.64890696628995,6.664027394605,13.2978135909086,10.5367262545059
1055,1,NonStim,0,1,3489.55466666667,3490.5374,NaN,0.983000000000175,999.999999796273,4,-0.4545,-1,1,1,0,1,1.01729399796523,0.0904526990535662,15.8678940462154,6.00000000122236,0.955590829588758,0.294696736333929,17.1393532511855,1,13.2978015200862,6.66403065169374,13.2978143045191,6.66403007247722
1056,1,NonStim,0,1,3492.9296,3493.8946,NaN,0.965000000000146,999.999999796273,3,0.4545,1,1,1,0,1,1.03626943005166,0.109142443010638,14.458000576192,8.00000000162981,0.791953835707968,0.610580970967354,37.6315228123314,1,6.64890657785789,17.465616964268,13.2978138292729,6.66402479522506
1057,1,NonStim,0,1,3496.2716,3497.24533333333,NaN,0.97400000000016,999.999999796273,4,-0.1818,-1,1,1,0,1,1.02669404517437,0.0533122473092026,8.88537512067361,6.00000000122236,0,-1,270,1,13.2978080940002,6.66402854585568,13.297813164777,6.66403104871628
1058,1,NonStim,0,1,3499.7721,3500.7535,NaN,0.981000000000222,999.999999796273,1,-0.1818,-1,1,1,2,3,3.05810397553448,0.134021845503721,17.5498815128323,10.0000000020373,0.684104135773181,-0.0443858767871266,356.287752526263,0.685542540357732,6.64890621215594,18.6423981414496,19.946690200469,6.66403034115846
1059,1,NonStim,0,1,3503.16426666667,3504.12093333333,NaN,0.956000000000131,999.999999796273,3,0.6363,1,1,2,4,6,6.2761506276142,0.139682047193126,16.7714529656148,10.5000000021391,0.155837801101521,0.0551261132021733,19.4807401719465,0.165300661247727,13.2978126391226,6.66399724517273,19.9466953421198,6.66403077245517
1061,1,NonStim,0,1,3509.87303333333,3510.84643333333,NaN,0.973000000000411,999.999999796273,2,0.4545,1,1,1,0,1,1.02774922918764,0.0888990321597277,11.1067110598969,10.0000000020373,0.224374768097111,0.974502931468843,77.033884987715,1,13.2977907476334,6.66403055123995,19.9466922425381,6.66402229196675
1062,1,NonStim,0,1,3513.2406,3514.23343333333,NaN,0.993000000000393,999.999999796273,4,0.1818,1,1,3,3,6,6.04229607250516,0.127503878052426,17.2565304897763,8.50000000173168,-0.334018457188195,-0.0765234877814641,192.903756550916,0.342672108471965,19.9467163599764,6.66403152569309,19.9467213204587,6.66402932021595
1063,1,Stim,1,1,3516.88413333333,3517.84803333333,-0.0540000000000873,0.963999999999942,999.999999796273,4,-0.6363,-1,1,2,0,2,2.07468879668062,0.0582767693747774,8.43045169023732,7.00000000142609,-0.326445094309805,0.920425786802772,109.527940863126,0.976601263879194,13.2977876704633,6.66402949243026,13.2978127731196,6.66402335096644
1064,1,NonStim,0,1,3520.36623333333,3521.36696666667,NaN,1,999.999999796273,4,1,1,1,1,1,2,2,0.0598749346652357,9.88210530211288,6.50000000132422,-0.439778766901603,0.892564940182131,116.230088661559,0.99502639978034,13.2977975823558,6.66402585164845,13.2978109367494,6.66402994677749
1065,1,Stim,1,1,3524.0428,3525.0106,-0.0570666666667421,0.968000000000302,999.999999796273,1,0.4545,1,1,1,0,1,1.03305785123935,0.0549456747782019,10.4713828442821,6.00000000122236,-0.242017489379928,0.970271887067865,104.005644864023,1,6.64890692000155,6.66403112812041,13.2978131629676,6.66402749047213
1066,1,Stim,1,1,3527.46706666667,3528.44283333333,-0.0506000000000313,0.975000000000364,999.999999796273,3,0.6363,1,1,0,0,0,0,NaN,NaN,NaN,NaN,NaN,NaN,NaN,13.2978055217815,6.66402570914556,19.9467126677162,6.66402857171743
1067,1,NonStim,0,1,3530.94343333333,3531.9184,NaN,0.975000000000364,999.999999796273,2,-0.0909,-1,1,0,0,0,0,NaN,NaN,NaN,NaN,NaN,NaN,NaN,13.2977951229785,6.66402912582591,19.9467021506107,6.66403027167417
1070,1,NonStim,0,1,3541.85483333333,3542.85266666667,NaN,0.998000000000047,999.999999796273,1,-1,-1,1,1,1,2,2.00400801603197,0.0441329099402106,9.07496686922199,6.50000000132422,-0.121008665813087,-0.0148640367916055,187.002817774232,0.12191815611961,6.64890650774995,6.66402852612536,13.2978056094595,6.66403139705595
1071,1,NonStim,0,1,3545.2539,3546.21963333333,NaN,0.966000000000349,999.999999796273,3,-0.6363,-1,1,2,2,4,4.1407867494809,0.227598196574567,20.9484800352379,13.5000000027503,0.303924387686021,0.121308982108403,21.7590168824438,0.327239824242862,6.64890422372038,6.66399045023035,19.9466049458287,6.66401318501441
1072,1,Stim,1,1,3548.72843333333,3549.7011,-0.0551000000000386,0.973000000000411,999.999999796273,2,0.4545,1,1,0,0,0,0,NaN,NaN,NaN,NaN,NaN,NaN,NaN,13.297812952237,6.66401328457518,13.2978142991139,6.66403110778067
1073,1,NonStim,0,1,3552.08706666667,3553.05413333333,NaN,0.967000000000098,999.999999796273,1,0.0909,1,1,1,0,1,1.03412616339183,0.0332445227022105,7.84472413550456,8.00000000162981,1,0,0,1,6.64890671395506,6.66402089224027,13.2978120868159,6.66403109683069
1074,1,NonStim,0,1,3555.689,3556.66306666667,NaN,0.97400000000016,999.999999796273,3,-0.3636,-1,1,2,1,3,3.08008213552311,0.0580302022180877,9.84927552083998,6.00000000122236,-2.03777430443641e-07,-0.33333335874764,269.999964973243,0.333333358747702,13.2978077633425,6.66397515610113,13.2978106753842,6.66403148962948
1075,1,NonStim,0,1,3559.06386666667,3560.03843333333,NaN,0.975000000000364,999.999999796273,2,0.3636,1,1,1,5,6,6.15384615384386,0.0719693409116461,9.71408734757349,8.00000000162981,-0.0461433383853073,0.32632742631111,98.0483775617393,0.329573659202573,13.2978103152942,6.66402997757011,13.297813790183,6.66402921827519
1076,1,NonStim,0,1,3562.73906666667,3563.71413333333,NaN,0.975000000000364,999.999999796273,1,-0.3636,-1,1,2,2,4,4.10256410256257,0.299149291076772,30.840904310822,12.0000000024447,0.0284394201359602,-0.0131316321310323,335.21531696773,0.0313247566645683,13.2977175224933,27.9486242690002,19.9465558382985,6.66402068958593
1079,1,NonStim,0,1,3572.60776666667,3573.58133333333,NaN,0.97400000000016,999.999999796273,4,0.3636,1,1,4,2,6,6.16016427104622,0.218905019957281,22.1414031149706,13.3333333360497,-0.00777295390434015,-0.289679141547985,268.462952459182,0.289783408531918,6.64890714325822,6.66397264454561,13.2978139244319,6.66399713799115
1080,1,Stim,1,1,3575.95766666667,3576.93096666667,-0.0533000000000357,0.972999999999956,999.999999796273,4,-0.0909,-1,1,0,0,0,0,NaN,NaN,NaN,NaN,NaN,NaN,NaN,13.2977958795452,6.6640248573996,13.2978119259901,6.66402105609573
1084,1,Stim,1,1,3587.9007,3588.86576666667,-0.0522333333333336,0.965000000000146,999.999999796273,1,0.3636,1,1,1,1,2,2.07253886010331,0.0612030732082918,10.6638491254691,6.00000000122236,-0.487767144794636,0.871685888696119,119.22996091157,0.998875906253151,13.2978134561294,6.66402918531483,13.2978121972339,6.66402055872421
1085,1,NonStim,0,1,3591.24473333333,3592.21973333333,NaN,0.975000000000364,999.999999796273,1,-0,-1,1,3,0,3,3.07692307692193,0.0678135289029364,10.3733883711647,6.66666666802485,-0.192122441995466,0.281261169994167,124.336001823637,0.34061544073161,13.2978066678387,6.66402969684307,13.2978135436158,6.66403123952311
1086,1,Stim,1,1,3594.77616666667,3595.74106666667,-0.0571333333336952,0.965000000000146,999.999999796273,1,0.1818,1,1,0,1,1,1.03626943005166,0.169885118617017,20.266596352529,11.000000002241,0.195688083227529,-0.980666188915849,281.284922295091,1,13.2978122739609,20.7062331612202,19.9466689149001,6.66402820158847
1087,1,NonStim,0,1,3598.10243333333,3599.0587,NaN,0.956000000000131,999.999999796273,2,-0.1818,-1,1,0,0,0,0,NaN,NaN,NaN,NaN,NaN,NaN,NaN,13.2978126132254,6.66402927088634,13.2978143062613,6.66401684616015
1088,1,NonStim,0,1,3601.43533333333,3602.404,NaN,0.969000000000051,999.999999796273,2,-1,-1,1,1,0,1,1.03199174406599,0.0927918940874046,12.4120236830983,8.00000000162981,-0.358269108950549,0.933618361843735,110.99393406963,1,13.2978142346268,6.66402953502612,13.297813914737,13.3280612526917
1089,1,NonStim,0,1,3604.9192,3605.89406666667,NaN,0.974999999999909,999.999999796273,1,0.4545,1,1,1,1,2,2.05128205128224,0.0598749267889557,10.5136461315592,6.00000000122236,-0.439778793883508,0.892564916963921,116.230090646151,0.995026390878375,13.2978094921962,6.66402042307556,13.2978133672036,6.66403064042499
1090,1,Stim,1,1,3608.2115,3609.1851,-0.0556000000001404,0.97400000000016,999.999999796273,1,-0.3636,-1,1,2,2,4,4.10677618069748,0.0944979159211638,11.846269299661,9.25000000188447,0.102191804520096,0.0377194623809561,20.2593341839476,0.108930816362414,13.2977972558623,6.66402417390519,16.9514126683878,6.6640264757679
1091,1,Stim,1,1,3611.6455,3612.6374,-0.0537666666668883,0.992000000000189,999.999999796273,3,-0.1818,-1,1,3,2,5,5.0403225806442,0.0844590328042239,13.0355825874335,7.00000000142609,0.277911304491145,0.344997644791425,51.1469746415017,0.44301023473008,6.64890706102929,6.66403140804415,19.9466877975053,6.66403151201562
1092,1,NonStim,0,1,3615.07116666667,3616.04426666667,NaN,0.972999999999956,999.999999796273,2,0.6363,1,1,1,2,3,3.08324768756437,0.150467355974885,22.0719178166248,9.00000000183354,-0.560702691258201,-0.412642765407481,216.350787129301,0.696176385571446,19.9466757994877,6.66402791422915,19.9467081010386,6.66403105739258
1093,1,Stim,1,1,3618.4882,3619.4529,-0.0665000000003602,0.964000000000397,999.999999796273,2,-0.0909,-1,1,0,0,0,0,NaN,NaN,NaN,NaN,NaN,NaN,NaN,13.2978038501869,16.2762655861605,13.2978140310354,6.66402932645514
1094,1,NonStim,0,1,3621.80586666667,3622.77903333333,NaN,0.97400000000016,999.999999796273,4,0.3636,1,1,0,0,0,0,NaN,NaN,NaN,NaN,NaN,NaN,NaN,13.2978110000116,6.66402372937289,19.946703345878,6.66402296535104
1095,1,Stim,1,1,3624.98046666667,3625.95393333333,-0.0544333333336908,0.972999999999956,999.999999796273,3,-0.0909,-1,0,2,1,3,3.08324768756437,0.123119981282638,13.6349487429173,10.3333333354385,0.0565106229932725,-0.328508235208835,279.760602053941,0.333333333333333,13.2977742434367,6.66402750613992,13.2977859892746,6.66401572339366
1096,1,Stim,1,1,3628.4563,3629.43116666667,-0.0513333333333321,0.975000000000364,999.999999796273,2,-0,-1,1,2,1,3,3.07692307692193,0.105689373907021,14.5664219728542,7.33333333482733,0.689916884702465,-0.593547763573923,319.294004100256,0.91010123362248,13.2977810425638,6.66403106802452,13.297814285179,13.3280079938648
1097,1,Stim,1,1,3631.89073333333,3632.8553,-0.0501000000003842,0.965000000000146,999.999999796273,1,0.3636,1,1,3,0,3,3.10880829015497,0.0746703398317871,12.168155857428,6.00000000122236,0.302920468191259,0.707748848616453,66.828804224647,0.769850143058457,19.9467102885251,6.6640205169217,19.9467189023699,6.66399532946705
1098,1,Stim,1,1,3635.23266666667,3636.20623333333,-0.0510333333331801,0.97400000000016,999.999999796273,1,-0.0909,-1,1,1,0,1,1.02669404517437,0.0549456719487914,9.41367312896936,7.00000000142609,-0.242017466607728,-0.970271892747995,255.994356480704,1,13.2978083031599,6.66402954771698,13.2978141841915,6.66403095456072
1099,1,NonStim,0,1,3638.6827,3639.64746666667,NaN,0.965000000000146,999.999999796273,3,0.6363,1,1,1,0,1,1.03626943005166,0.0695614599529152,11.5935793208531,6.00000000122236,0.286749589582179,-0.958005570377569,286.66345838611,1,13.2978080876702,6.66402000908955,13.297814245822,13.3280080495677
1100,1,Stim,1,1,3642.0416,3643.0182,-0.0512666666668338,0.977000000000317,999.999999796273,2,0.0909,1,0,0,1,1,1.02354145342853,0.12271792533059,16.6358872449707,9.00000000183354,0.758525529893561,-0.651643323068451,319.334383722807,1,13.297813182792,17.5053303187009,19.9466854816359,6.6640313933579
1101,1,Stim,1,1,3645.4251,3646.3982,-0.0563666666666904,0.973000000000411,999.999999796273,1,-0,-1,0,1,1,2,2.05549845837529,0.120751672980063,14.341427391584,9.00000000183354,0.624037148965908,-0.779976835998583,308.662302173903,0.998892500714596,13.2978053554416,6.66400539650033,19.9466959505532,6.66402495935691
1102,1,NonStim,0,1,3648.79266666667,3649.7652,NaN,0.972999999999956,999.999999796273,2,0.3636,1,0,0,0,0,0,NaN,NaN,NaN,NaN,NaN,NaN,NaN,13.2978130555726,6.66403079932564,13.2978142857923,6.66402466371952
1103,1,Stim,1,1,3652.22636666667,3653.1932,-0.0572000000001935,0.967000000000553,999.999999796273,2,0.6363,1,1,0,1,1,1.03412616339134,0.156836532346038,17.8990479335242,13.0000000026484,0.211969185244164,-0.977276350121564,282.237776541786,1,6.64890631758995,18.3555452782853,13.2978143023561,6.66403067567734
1104,1,NonStim,0,1,3655.51816666667,3656.4933,NaN,0.975000000000364,999.999999796273,1,0.6363,1,1,0,0,0,0,NaN,NaN,NaN,NaN,NaN,NaN,NaN,13.297807870528,16.8223290702617,13.297814242883,6.66402472806568
1105,1,Stim,1,1,3659.08526666667,3660.06063333333,-0.0672000000004118,0.975000000000364,999.999999796273,3,-0.1818,-1,1,1,2,3,3.07692307692193,0.0590105427369022,9.41365924746757,6.66666666802485,-0.0997320526993291,0.323590509496303,107.129533738666,0.338610838827847,6.64890714787223,6.66400331536107,13.2978141979006,6.66402999619736
1106,1,NonStim,0,1,3662.7272,3663.701,NaN,0.97400000000016,999.999999796273,4,-0,-1,1,1,3,4,4.10677618069748,0.0884234607225063,12.351019218272,7.50000000152795,0.337580659537742,0.323232333484221,43.7561240842822,0.4673754840635,6.64890690740779,13.328012347285,13.2978120679667,6.66402192131984
1107,1,NonStim,0,1,3666.2111,3667.18816666667,NaN,0.977000000000317,999.999999796273,4,0.1818,1,1,2,3,5,5.11770726714266,0.101968809529128,14.1117999049353,7.80000000158907,-0.0119033107248134,-0.574693892588915,268.813434469795,0.574817152653964,13.2977718371458,6.66401998054094,13.2978039074566,6.66402889279552
1108,1,NonStim,0,1,3669.621,3670.60286666667,NaN,0.981999999999971,999.999999796273,4,1,1,1,1,2,3,3.0549898167007,0.207000565645791,21.822431872454,12.333333335846,0.259746712554653,-0.959810008821472,285.14284249833,0.994335762062707,13.297812011394,13.3280535474853,19.9467091387886,6.66403085209721
1109,1,NonStim,0,1,3673.03723333333,3674.01833333333,NaN,0.981000000000222,999.999999796273,1,-0.3636,-1,1,1,1,2,2.03873598368965,0.131914623758705,16.6529056533564,9.5000000019354,0.0451980458787707,-0.0162900559231292,340.180074235413,0.0480440347310479,13.2978118720719,6.66403058591353,13.2978142601084,6.66401867435197
1111,1,Stim,1,1,3679.73836666667,3680.71376666667,-0.053166666667039,0.975000000000364,999.999999796273,3,0.0909,1,1,3,1,4,4.10256410256257,0.116464026361519,12.8420875996438,10.5000000021391,0.267735700698146,0.108317679766485,22.0267507101653,0.288816767481256,6.64890625802784,6.66402959807475,13.2978043005602,6.66403139877817
1112,1,NonStim,0,1,3683.13803333333,3684.1228,NaN,0.983999999999924,999.999999796273,1,0.3636,1,1,1,1,2,2.03252032520341,0.166776246298507,19.2216958107393,11.000000002241,-0.26602176304801,-0.962594721822432,254.55138082336,0.998677213565813,6.6489071532453,6.66402668278134,13.297814222335,6.6640271003157
1114,1,Stim,1,1,3688.348,3689.3235,-0.0529000000001361,0.976000000000113,999.999999796273,2,-0.1818,-1,0,0,0,0,0,NaN,NaN,NaN,NaN,NaN,NaN,NaN,13.2977943598849,13.3280610144748,13.2978141338604,13.3278705572919
1116,1,NonStim,0,1,3694.0813,3695.04216666667,NaN,0.96100000000024,999.999999796273,2,-0.4545,-1,1,0,1,1,1.04058272632648,0.161784734754042,16.1376839595441,10.0000000020373,0.986333207881282,0.164762869089547,9.48345933328146,1,13.2978022801651,13.3280480114725,13.2978112888928,13.3280503914281
1117,1,NonStim,0,1,3697.42343333333,3698.38036666667,NaN,0.957000000000335,999.999999796273,3,-0.4545,-1,1,2,0,2,2.08986415882895,0.080905728632642,12.9960593259417,8.00000000162981,0.141489792680897,0.037221327274242,14.7387042541016,0.146303754691872,6.64890689600292,6.66403115713321,19.946709009822,6.66403148951417
1119,1,Stim,1,1,3703.1165,3704.106,-0.0484999999998763,0.990000000000236,999.999999796273,2,-1,-1,1,2,1,3,3.03030303030231,0.182389827974755,18.1695940361611,12.0000000024447,0.616216703468868,-0.624586008349439,314.613541644796,0.877399970059222,13.2977970026727,6.66403150728085,13.2978066998402,6.66403152489256
1120,1,Stim,1,1,3706.6834,3707.6667,-0.0548333333331357,0.983000000000175,999.999999796273,1,0.0909,1,1,2,3,5,5.08646998982616,0.074049495268676,10.0908845106594,7.80000000158907,-0.280549283005513,0.519797085810983,118.356999528723,0.590674961897403,13.2978015749924,6.66402401017507,13.2978142657486,6.66402572072658
1121,1,Stim,1,1,3710.10096666667,3711.06716666667,-0.0629666666668527,0.967000000000098,999.999999796273,2,-0.3636,-1,1,2,1,3,3.10237849017549,0.0715365475528527,10.5499529230046,7.33333333482733,0.251606161542767,0.563030504236222,65.9211646455918,0.616691988943248,6.64890671751758,6.66403106964938,13.2978142697456,6.66403147573024
1122,1,Stim,1,1,3713.50156666667,3714.46956666667,-0.0692333333336137,0.968000000000302,999.999999796273,2,-0.6363,-1,1,1,2,3,3.09917355371804,0.13879306274389,13.8218708252313,11.6666666690435,-0.272182551571288,0.956024622704096,105.891783018117,0.994015301993066,13.2978137355792,6.66401865281521,13.2978135160194,6.66401921112628
1123,1,NonStim,0,1,3716.90956666667,3717.87816666667,NaN,0.969000000000506,999.999999796273,3,-0,-1,1,4,1,5,5.15995872032754,0.0741470615868091,10.6002852684173,7.40000000150758,-0.252028030070944,-0.029540941244401,186.685300813664,0.253753414067763,6.64890708469454,6.66403119583921,19.9467028298703,6.66403021712604
1124,1,NonStim,0,1,3720.41876666667,3721.3991,NaN,0.981000000000222,999.999999796273,2,-1,-1,1,1,1,2,2.03873598368965,0.0633252756743622,9.89928301550639,6.50000000132422,-0.503117436714257,-0.0647204249993077,187.330204142547,0.507263135402145,13.2977985506849,6.6640312452837,13.2978140695239,6.66402945370858
1125,1,NonStim,0,1,3723.8271,3724.8125,NaN,0.985000000000127,999.999999796273,4,0.6363,1,1,2,0,2,2.03045685279162,0.0582627074042684,10.2556601525338,6.00000000122236,0.0169218212860031,0.0100945863332266,30.8178743340388,0.0197040277322783,13.2978129324672,6.66402430681847,13.2978127222823,17.0604866840363
1126,1,NonStim,0,1,3727.18636666667,3728.15996666667,NaN,0.973000000000411,999.999999796273,2,-0.1818,-1,1,1,0,1,1.02774922918764,0.0614327743861457,11.1067188701698,6.00000000122236,0.216461223236343,-0.976291216202945,282.50126818569,1,6.64890527589043,6.66403149077258,13.2978122739609,13.3280603974161
1127,1,Stim,1,1,3730.80383333333,3731.77673333333,-0.0549000000000888,0.972999999999956,999.999999796273,4,1,1,1,1,2,3,3.08324768756437,0.0748149288375409,11.4922957517885,7.66666666822857,0.00960663769847651,-0.943980998366899,270.583063426079,0.944029879169954,13.2978121549228,6.66402967239439,13.2978134031456,6.66403117122825
1128,1,NonStim,0,1,3734.15303333333,3735.11873333333,NaN,0.965000000000146,999.999999796273,2,-0,-1,1,2,1,3,3.10880829015497,0.0618172207780716,9.82184358857105,6.3333333346236,-0.177158670403719,-0.859306446104058,258.350846461533,0.877378346447643,6.64890675951322,6.66402965518377,13.2978118971755,6.66402882907077
1129,1,Stim,1,1,3737.6048,3738.57763333333,-0.0598333333332448,0.973000000000411,999.999999796273,2,0.4545,1,1,0,1,1,1.02774922918764,0.0595778471351562,9.92964199528618,6.00000000122236,0.446400230978467,0.894833411190246,63.4870400063081,1,13.2977886270421,18.5106056638404,13.2978141764669,6.66403014962686
1130,1,Stim,1,1,3741.08793333333,3742.0564,-0.0550666666667894,0.969000000000051,999.999999796273,4,-0.0909,-1,1,2,2,4,4.12796697626397,0.155738387669242,17.6133552300359,10.7500000021901,0.0491357449485622,-0.249425919693212,281.144304457564,0.254219611451309,6.64890702772788,20.7899853846986,13.2978137314356,6.66403052617464
1131,1,Stim,1,1,3744.38886666667,3745.34703333333,-0.0671666666671626,0.959000000000287,999.999999796273,2,1,1,1,7,3,10,10.4275286757007,0.0743913376571482,10.9980791839782,7.40000000150758,0.0659842066246062,0.172848998108749,69.105903980566,0.185015382255306,6.64890700654825,6.66403145178639,19.9466964241826,6.66403071563029
1132,1,NonStim,0,1,3747.88903333333,3748.8459,NaN,0.956000000000131,999.999999796273,2,0.1818,1,1,2,0,2,2.09205020920473,0.0520206319655653,8.74525564582834,6.00000000122236,0.245765667255848,-0.963292675668463,284.312590377078,0.994149657847459,13.2978140456079,6.66403101793717,13.2978140294065,6.66403151662229
1133,1,NonStim,0,1,3751.14763333333,3752.13216666667,NaN,0.985000000000127,999.999999796273,4,-0.4545,-1,1,3,0,3,3.04568527918742,0.0431235346999982,8.51850353687668,7.66666666822857,-0.566110649591442,-0.177546424046365,197.412726270279,0.593299250187034,6.64890693254541,6.66403038391443,13.2978140571491,6.66403135376122
1134,1,NonStim,0,1,3754.5233,3755.48943333333,NaN,0.966000000000349,999.999999796273,1,0.4545,1,1,1,2,3,3.10559006211068,0.0830132386263253,13.2719637954179,7.66666666822857,-0.482676567420778,-0.509940639888175,226.573339265266,0.702151069889284,6.64890560448975,6.66402897114024,13.2978093409173,6.66402971305204
1135,1,NonStim,0,1,3757.8565,3758.82186666667,NaN,0.965000000000146,999.999999796273,4,0.0909,1,0,3,1,4,4.14507772020663,0.105920036993615,13.0695755422273,8.25000000168075,0.102888197160606,0.496613529627269,78.2950794140106,0.507159717370982,13.2978101444235,6.66402765287324,13.2978142608247,13.3277634102485
1136,1,Stim,1,1,3761.50736666667,3762.48093333333,-0.0534666666667363,0.973000000000411,999.999999796273,4,-0.4545,-1,0,2,2,4,4.11099691675058,0.0658355984778711,9.29762995081287,7.50000000152795,-0.326661087171185,0.458279008814821,125.481255737248,0.562785141765625,13.2978134421315,6.66401884813525,13.2978132263231,6.66402536380532
1139,1,NonStim,0,1,3770.2508,3771.20723333333,NaN,0.95699999999988,999.999999796273,3,0.4545,1,1,2,0,2,2.08986415882994,0.0667324786840388,8.94435983914453,9.00000000183354,0.168683185056645,0.904461232895049,79.4356332920328,0.920056595395569,6.64890710288184,6.66400929410929,13.2978142599338,6.66403146903173
1145,1,Stim,1,1,3785.06036666667,3786.0293,-0.0605666666665456,0.969000000000051,999.999999796273,2,-0.4545,-1,1,0,0,0,0,NaN,NaN,NaN,NaN,NaN,NaN,NaN,13.2977904346927,16.6963960322708,13.297813044649,6.66403013053661
1146,1,NonStim,0,1,3788.5444,3789.52166666667,NaN,0.977000000000317,999.999999796273,1,-0.1818,-1,1,2,2,4,4.09416581371413,0.084234962635564,12.1518631183737,7.50000000152795,-0.0478446922227563,-0.548322924132595,265.013206087258,0.550406344170568,13.2978119481373,6.66400644477706,19.9466930668732,6.66402156847346
1149,1,Stim,1,1,3797.48756666667,3798.46403333333,-0.0621000000001004,0.977000000000317,999.999999796273,3,-1,-1,1,3,2,5,5.11770726714266,0.100366340917701,12.3807668904566,9.40000000191503,0.165434287193927,-0.980362241394478,279.578318301718,0.994222624833778,6.64890705880881,6.66403087070561,13.297810446088,6.66403148657303
1150,1,Stim,1,1,3800.96243333333,3801.94406666667,-0.0548333333335904,0.981999999999971,999.999999796273,1,0.1818,1,0,5,0,5,5.09164969450117,0.0567675404063983,8.38642157780088,7.60000000154832,-0.269408531789406,-0.277420950899408,225.839466348171,0.386708340999849,6.64890714419228,6.66402955952519,13.297814084041,6.66403144161747
1153,1,NonStim,0,1,3810.0303,3811.00746666667,NaN,0.977000000000317,999.999999796273,2,1,1,1,1,1,2,2.04708290685706,0.151627514283753,23.391458737753,6.50000000132422,-0.771291811292297,0.63250279710921,140.64631469671,0.997472228444245,13.2977655061518,19.3112279892565,13.2978127775342,18.3618084846875
1158,1,Stim,1,1,3821.23106666667,3822.20593333333,-0.0529333333333852,0.97400000000016,999.999999796273,1,0.6363,1,1,2,1,3,3.08008213552311,0.0873946854904331,13.3983780097296,7.00000000142609,0.26716901508723,-0.214398129760127,321.25360994161,0.342557791718887,13.2978020109592,6.66402833324343,13.2978129750168,6.66403031893161
1159,1,NonStim,0,1,3824.4829,3825.44743333333,NaN,0.965000000000146,999.999999796273,2,-0.3636,-1,1,0,1,1,1.03626943005166,0.144064359871606,14.9273907497194,11.000000002241,0.553827491747681,-0.832631436702022,303.629993245338,1,13.2977993466365,20.3339213522106,19.9466874843282,6.66402690484759
1160,1,Stim,1,1,3828.09953333333,3829.06436666667,-0.0527333333334354,0.965000000000146,999.999999796273,1,1,1,1,5,1,6,6.21761658030994,0.135226106970035,17.8169444332585,9.33333333523478,0.142049344983626,-0.290020500006349,296.095183218682,0.322939478593451,13.2978128550156,6.66401403082084,13.297814172214,13.3279969846874
1161,1,NonStim,0,1,3831.4588,3832.428,NaN,0.970000000000255,999.999999796273,4,0.4545,1,1,35,4,39,40.2061855669998,0.0411123606160144,7.85182861142281,10.692307694486,-0.0453419322394983,-0.0613026951618261,233.511885115652,0.0762490082120091,6.64890666715594,1.0971354587067e-14,13.2978128458241,6.66402742871195
1163,1,Stim,1,1,3838.41713333333,3839.39456666667,-0.0666333333333569,0.976999999999862,999.999999796273,2,0.3636,1,0,0,0,0,0,NaN,NaN,NaN,NaN,NaN,NaN,NaN,6.64890712546777,17.2475294434628,13.2978141630497,6.66402891710219
1164,1,Stim,1,1,3841.75146666667,3842.72426666667,-0.0589666666669473,0.973000000000411,999.999999796273,2,0.1818,1,0,6,1,7,7.19424460431351,0.0990326923679098,12.4805907489728,9.57142857337853,0.237371690352588,-0.0695452321132313,343.670454310024,0.247349668870868,6.64890652399422,6.66402972999383,13.2978112357332,6.66401440803915
1165,1,NonStim,0,1,3845.34356666667,3846.3083,NaN,0.965000000000146,999.999999796273,3,-0.1818,-1,0,1,0,1,1.03626943005166,0.0549456579532337,9.15761073048862,6.00000000122236,0.2420175176258,-0.970271880022422,284.005646531977,1,13.2978093316045,6.66402924737703,13.297813873485,6.66403095167691
1167,1,Stim,1,1,3850.66966666667,3851.63606666667,-0.0559333333335417,0.967000000000098,999.999999796273,4,0.4545,1,1,1,0,1,1.03412616339183,0.0628282332946258,11.0976419167502,6.00000000122236,-0.529133662655913,0.848538488840865,121.946938574266,1,13.2978115336527,6.66403148835124,13.2978123257526,6.66402732719766
1168,1,NonStim,0,1,3854.07843333333,3855.05243333333,NaN,0.97400000000016,999.999999796273,3,-0.0909,-1,1,1,2,3,3.08008213552311,0.0731554994480972,11.4536848197325,6.3333333346236,0.194254884047218,-0.230503404869131,310.122243887463,0.301441171097215,10.5128272045239,6.66402541290084,19.946707735674,6.6640293309063
1169,1,NonStim,0,1,3857.4457,3858.41823333333,NaN,0.973000000000411,999.999999796273,4,-1,-1,1,2,1,3,3.08324768756293,0.102354384727644,14.7802913548154,13.6666666694509,0.483613488213747,-0.365665038935829,322.906705896558,0.606294422440294,6.6489071112334,6.66403113641457,13.2978138737073,6.66402973240759
1170,1,NonStim,0,1,3860.6701,3861.64306666667,NaN,0.973000000000411,999.999999796273,2,-0.6363,-1,1,4,2,6,6.16649537512586,0.0873461278330805,11.6863512498999,8.00000000162981,-0.0307224654222254,0.0102784894922382,161.501851025892,0.032396253299755,13.2978134955721,6.66402319917292,19.9467125488756,6.66400241523882
1171,1,Stim,1,1,3863.91233333333,3864.87016666667,-0.0645666666664511,0.958000000000084,999.999999796273,3,0.3636,1,1,1,1,2,2.08768267223364,0.230684762162409,20.1462253631935,15.0000000030559,0.187308493440378,-0.982199130316005,280.796847318206,0.999899796633853,13.297812821439,6.66400390041686,13.2978105287861,6.6640196040635
1173,1,Stim,1,1,3868.89623333333,3869.8605,-0.0554333333338946,0.964000000000397,999.999999796273,1,-1,-1,1,1,0,1,1.03734439833982,0.0628281920030004,11.0976331213224,6.00000000122236,-0.529133926643848,0.848538324222579,121.946956399499,1,6.64890707463552,6.66401538259897,13.2978141993885,6.66402746267756
1174,1,NonStim,0,1,3872.33093333333,3873.30723333333,NaN,0.976999999999862,999.999999796273,4,-0.3636,-1,1,0,0,0,0,NaN,NaN,NaN,NaN,NaN,NaN,NaN,6.64890700424714,6.6640270164776,13.2978136477251,6.66400045554595
1175,1,NonStim,0,1,3875.61496666667,3876.5973,NaN,0.983000000000629,999.999999796273,1,1,1,1,0,1,1,1.01729399796476,0.0804904741316798,13.909432791068,6.00000000122236,0.413023732180372,-0.910720262570124,294.39492299938,1,6.64890604068604,18.082814749332,19.9466161113498,6.66403149344246
1177,1,Stim,1,1,3880.59826666667,3881.56546666667,-0.0632666666670048,0.967000000000098,999.999999796273,3,0.6363,1,1,2,1,3,3.10237849017549,0.107197320923222,13.3408287112386,9.00000000183354,0.0676917339827872,-0.328896874341299,281.629902384699,0.335790596653737,6.64890704052916,6.66403077766043,13.2978070863808,6.66403139510465
1178,1,NonStim,0,1,3883.8824,3884.85636666667,NaN,0.974000000000615,999.999999796273,1,-0.4545,-1,1,1,1,2,2.05338809034778,0.176775191202255,25.0534283544768,16.0000000032596,-0.596640788635989,0.0827520884359069,172.10364268415,0.602352171743972,6.64890698641802,6.66403065113201,13.2978070977118,6.66403115127129
1179,1,NonStim,0,1,3887.16583333333,3888.13903333333,NaN,0.97400000000016,999.999999796273,1,-0.6363,-1,1,1,0,1,1.02669404517437,0.147850381517574,12.9309389468358,13.0000000026484,-0.584616371169658,-0.811309865933122,234.2241069837,1,13.2978014776818,6.66403143563826,13.2978142280148,13.3280575952997
1180,1,NonStim,0,1,3890.6571,3891.626,NaN,0.969000000000506,999.999999796273,2,0.4545,1,1,1,0,1,1.03199174406551,0.0801651786084223,13.5473564069543,6.00000000122236,0.663520675277943,0.748157946879335,48.4310645217271,1,13.2978123705213,6.66402909346931,13.2978142367658,13.3280591928132
1181,1,Stim,1,1,3894.01686666667,3895.0005,-0.0552666666667392,0.984000000000378,999.999999796273,3,-0.4545,-1,1,2,0,2,2.03252032520247,0.0571018478148004,10.255652520375,6.00000000122236,0.465394534589094,-0.875474028149792,297.994731139811,0.991487189423153,13.2978131329061,6.66402908597028,13.2978133031906,13.328056819116
1182,1,NonStim,0,1,3897.28366666667,3898.24946666667,NaN,0.965999999999894,999.999999796273,3,0.1818,1,0,2,0,2,2.07039337474143,0.055155724183491,9.41366018504208,6.50000000132422,-0.419783366177031,0.907150304034171,114.832317355066,0.999569781770242,13.2978052589624,6.66397336117595,13.2978079326436,6.66400599164138
1183,1,Stim,1,1,3900.7676,3901.72626666667,-0.0566999999996369,0.959000000000287,999.999999796273,3,-0.6363,-1,1,1,2,3,3.12825860271022,0.103858063920646,16.5365201593757,6.3333333346236,0.47123583267836,0.0628653475179539,7.59869348454834,0.475410624532751,13.2978027250338,15.6142615168839,19.9467025443925,6.66403067899738
1184,1,Stim,1,1,3904.06843333333,3905.05143333333,-0.0584666666668454,0.983000000000175,999.999999796273,4,-0.3636,-1,1,0,0,0,0,NaN,NaN,NaN,NaN,NaN,NaN,NaN,13.2978110787247,6.66399526802322,13.2978143039147,17.1118644536666
1185,1,Stim,1,1,3907.41833333333,3908.39146666667,-0.0520000000001346,0.973000000000411,999.999999796273,3,0.1818,1,1,2,2,4,4.11099691675058,0.0978337303921942,16.221120736116,7.00000000142609,0.298320084024389,0.0806735638535862,15.1323324094281,0.309035752684308,13.297811589739,6.66401637538302,19.9466970521783,6.66403149976099
1186,1,NonStim,0,1,3910.79366666667,3911.77173333333,NaN,0.97800000000052,999.999999796273,4,-0.1818,-1,1,0,0,0,0,NaN,NaN,NaN,NaN,NaN,NaN,NaN,6.64890715141577,17.5548321275731,13.297814238128,6.66403150029612
1187,1,Stim,1,1,3914.17776666667,3915.1523,-0.0500666666666802,0.975000000000364,999.999999796273,1,-0.1818,-1,0,2,0,2,2.05128205128129,0.0936990059291172,13.5024634093739,8.50000000173168,0.0468440341313859,-0.14585897520697,287.804928541973,0.153196619356074,6.64890679294419,6.66403020403815,13.2978130908862,6.6640280833955
1190,1,Stim,1,1,3922.26243333333,3923.2309,-0.0542000000000371,0.968000000000302,999.999999796273,4,-0,-1,0,1,1,2,2.06611570247869,0.0584299755225483,9.94251598759355,6.00000000122236,0.513382912346641,-0.854594911613382,300.994604983955,0.996942564867707,13.2978129279158,6.66402557220432,13.297814267619,6.66402039103705
1191,1,NonStim,0,1,3925.7956,3926.79496666667,NaN,0.999000000000251,999.999999796273,4,-0.6363,-1,1,0,0,0,0,NaN,NaN,NaN,NaN,NaN,NaN,NaN,13.2977939113623,18.0812634607457,13.2978142100848,17.8153843104207
1192,1,Stim,1,1,3929.3389,3930.31306666667,-0.0556333333333896,0.975000000000364,999.999999796273,4,-1,-1,1,0,0,0,0,NaN,NaN,NaN,NaN,NaN,NaN,NaN,6.64890682179849,6.66401373064637,13.2978122266309,6.66401194247462
1193,1,Stim,1,1,3932.7461,3933.72476666667,-0.0623666666665486,0.97800000000052,999.999999796273,4,-0.1818,-1,0,2,1,3,3.06748466257506,0.135460339053877,17.4723439158951,9.33333333523478,0.497539339450949,0.13338645441045,15.0076486968827,0.515109056920453,13.2977964848465,6.6640311512713,13.2978141791872,6.66403007095326
1195,1,NonStim,0,1,3938.07276666667,3939.05503333333,NaN,0.983000000000175,999.999999796273,3,-1,-1,1,0,1,1,1.01729399796523,0.0595778717708149,9.41367515208329,7.00000000142609,0.446401103681721,-0.894832975829423,296.513015872501,1,13.297766510967,6.6640106864682,13.2978138307842,6.66402590359573
1196,1,NonStim,0,1,3941.80603333333,3942.7817,NaN,0.975000000000364,999.999999796273,3,0.3636,1,1,3,1,4,4.10256410256257,0.127182340650199,14.6552221160119,9.5000000019354,0.124270808699087,-0.982546169852028,277.20840065274,0.990373772767441,6.6489071517335,6.66402817965318,13.2978134973678,13.328044664138
1200,1,Stim,1,1,3955.35896666667,3956.32293333333,-0.056999999999789,0.964000000000397,999.999999796273,3,-0,-1,0,3,0,3,3.11203319501947,0.0430813166120149,8.5548701368978,6.66666666802485,0.260058577618935,0.208520136480695,38.7233318467769,0.333333333333333,6.64890701334416,6.66403139813369,13.2978141933134,13.3280610571511
1202,1,Stim,1,1,3961.35996666667,3962.33196666667,-0.0491000000001804,0.972000000000207,999.999999796273,3,0.4545,1,1,1,3,4,4.11522633744768,0.0744523608543285,12.5921205592932,6.25000000127329,0.105067829977921,0.0702941803276635,33.7839548833264,0.126414084200327,6.6489069308553,13.3280546560161,13.2978066803218,6.66403083372833
1203,1,NonStim,0,1,3965.6685,3966.65683333333,NaN,0.988000000000284,999.999999796273,2,0.6363,1,0,1,4,5,5.06072874493782,0.117275891162759,15.2213590764795,8.8000000017928,0.106198941848117,-0.243793611246706,293.538424264711,0.265920176245372,13.2978031590006,13.3280354014971,19.9466626352839,6.66401606763671
1204,1,NonStim,0,1,3969.0765,3970.05063333333,NaN,0.97400000000016,999.999999796273,1,-1,-1,1,3,0,3,3.08008213552311,0.0557442940358329,8.50913755157606,6.66666666802485,0.0990634039682807,0.292569885945201,71.2940330527507,0.308886218805195,13.29781165353,6.66402975859809,13.2978129289752,13.3280593567292
1207,1,NonStim,0,1,3975.7199,3976.68813333333,NaN,0.969000000000506,999.999999796273,1,-0,-1,1,1,1,2,2.06398348813102,0.0582767572088397,10.3507155262123,6.00000000122236,0.20268788961471,0.0718869044326202,19.5279663244967,0.215058381899821,6.64890715272954,6.66401994173988,13.2978136889616,6.66402399864643
1208,1,NonStim,0,1,3979.18643333333,3980.16833333333,NaN,0.982000000000426,999.999999796273,1,0.0909,1,1,0,1,1,1.01832993889976,0.0569215869488897,10.4713817211335,6.00000000122236,-0.350424345139079,0.936591041134735,110.513272149211,1,13.2978076845522,6.66402878387638,13.2978132139734,6.6640238463062
1209,1,Stim,1,1,3982.5202,3983.48523333333,-0.0574333333333925,0.965000000000146,999.999999796273,1,-0.6363,-1,1,2,0,2,2.07253886010331,0.064707023461044,9.41366454709671,7.00000000142609,0.0349970117521606,0.824596298538402,87.5697460520085,0.825338625289532,13.2978110689027,6.66403059404904,19.9467182257025,6.66403147773833
1210,1,Stim,1,1,3985.88003333333,3986.8619,-0.0513666666665813,0.981000000000222,999.999999796273,3,1,1,1,1,2,3,3.05810397553448,0.325976427564345,28.8761773266816,15.3333333364571,0.0557180084046422,-0.341774336736805,279.259230578721,0.346286288657901,13.2977505988096,6.66402575684288,19.9466727592475,6.6640179673896
1212,1,Stim,1,1,3992.93143333333,3993.90326666667,-0.0460666666667748,0.972000000000207,999.999999796273,3,-0.3636,-1,0,0,0,0,0,NaN,NaN,NaN,NaN,NaN,NaN,NaN,13.2978138950213,6.66402624787987,13.2978115406949,13.3280172704848
1213,1,Stim,1,1,3998.89786666667,3999.87116666667,-0.0570666666667421,0.97400000000016,999.999999796273,4,0.3636,1,1,0,2,2,2.05338809034874,0.0535187478013873,7.9541432577592,6.50000000132422,-0.061878719471226,-0.0038437503400755,183.554502557612,0.0619979865808198,6.64890699127089,6.66402790852041,13.2978114336481,6.66402916874715
1214,1,NonStim,0,1,4002.38133333333,4003.35476666667,NaN,0.972999999999956,999.999999796273,3,-0.3636,-1,1,4,1,5,5.13874614594062,0.0588191510048513,10.1340679653946,6.00000000122236,0.235987152469471,-0.498688559599872,295.324237907652,0.551706639081355,6.64890712723417,6.66403095395093,13.2978135583286,6.6640208059035
1215,1,NonStim,0,1,4005.931,4006.90456666667,NaN,0.97400000000016,999.999999796273,1,-0.0909,-1,1,3,3,6,6.16016427104622,0.0681505364183723,11.2211591587773,7.50000000152795,-0.206757724511144,-0.01139537614841,183.154644248847,0.207071512387846,19.9467097818658,6.66402145826322,19.9467202671612,6.66399923885669
1216,1,Stim,1,1,4009.31583333333,4010.28853333333,-0.0492000000003827,0.973000000000411,999.999999796273,4,0.6363,1,1,0,1,1,1.02774922918764,0.0736052066103666,11.1618590924596,7.00000000142609,0.0903320179195659,-0.995911706196176,275.182708119721,1,13.297804540055,6.66402884384409,13.2978070022534,6.66402041907327
1217,1,Stim,1,1,4012.84093333333,4013.8168,-0.0550333333335402,0.976000000000113,999.999999796273,1,0.4545,1,1,1,1,2,2.04918032786862,0.146123174675941,19.5656564857764,11.5000000023429,0.303922390398318,0.192702975966876,32.376873086507,0.359865608709583,13.2978028026698,6.66401535363287,13.2978140128027,6.66402835097629
1218,1,Stim,1,1,4016.1831,4017.14773333333,-0.0582666666668956,0.963999999999942,999.999999796273,1,-0.4545,-1,1,2,2,4,4.14937759336125,0.137957137565571,14.8115072972419,11.5000000023429,0.213417017815149,0.0602377118497645,15.7619084218757,0.221755282737541,6.64890655493625,6.66401816786144,19.9467120941446,6.66403106598938
1219,1,NonStim,0,1,4019.55886666667,4020.53336666667,NaN,0.974999999999909,999.999999796273,2,-0.0909,-1,1,3,2,5,5.12820512820561,0.0680239890242946,10.7316288276105,6.40000000130385,0.0911801918405064,0.534585663303574,80.3206418229329,0.542305871989041,13.297812774393,6.66401468271035,13.2978139001286,6.66398135939986
1220,1,NonStim,0,1,4023.0352,4023.99203333333,NaN,0.957000000000335,999.999999796273,3,0.0909,1,0,1,0,1,1.04493207941447,0.0533122273669336,8.88537229639173,6.00000000122236,0,-1,270,1,13.2977936327752,6.66397475413,19.9467071509676,13.3278789019942
1221,1,Stim,1,1,4026.60156666667,4027.58333333333,-0.0531000000005406,0.982000000000426,999.999999796273,1,-0.3636,-1,1,2,1,3,3.05498981669929,0.0480702742204831,9.18228514802126,6.00000000122236,-0.0515786583941705,0.318641634954458,99.1947390415004,0.322789171950041,6.64890712506731,6.66401628786548,13.297812626581,6.66402875459563
1224,1,Stim,1,1,4033.93516666667,4034.91683333333,-0.0503666666668323,0.981000000000222,999.999999796273,4,0.1818,1,1,3,1,4,4.0774719673793,0.126328025246391,11.4756815687581,12.0000000024447,0.115713082188044,0.0403595216454027,19.2282413374049,0.122549615980234,6.64890659363663,6.66403059404904,13.2978118879709,6.66402619670927
1225,1,NonStim,0,1,4037.35253333333,4038.33453333333,NaN,0.981999999999971,999.999999796273,3,1,1,1,3,1,4,4.07331975560094,0.0941519993856969,14.0792215515902,7.75000000157888,0.35609060573643,0.199766067240009,29.2923317850183,0.40829768688333,13.2978086666029,6.6640082080547,13.2978137442001,13.3280313081803
1226,1,Stim,1,1,4041.04443333333,4042.0099,-0.0620000000003529,0.965000000000146,999.999999796273,4,0.0909,1,0,1,3,4,4.14507772020663,0.16352535813843,17.8418175030864,10.7500000021901,0.217667656454675,-0.52618278670839,292.473562882124,0.569427373503134,6.64890574844467,6.66400359533728,19.9466832232148,6.66401442045949
1228,1,NonStim,0,1,4047.5709,4048.53736666667,NaN,0.967000000000098,999.999999796273,3,-0.6363,-1,1,0,1,1,1.03412616339183,0.053312248241065,6.75553874074711,7.00000000142609,0,-1,270,1,6.64890630936369,19.9918900628486,13.2977976236676,6.66402929068364
1229,1,NonStim,0,1,4050.99606666667,4051.9645,NaN,0.968000000000302,999.999999796273,1,0.1818,1,1,1,0,1,1.03305785123935,0.0595778704013764,10.471382710541,6.00000000122236,-0.446401121443106,0.894832966968885,116.513017009755,1,13.2978138070705,6.66402755176335,19.946712711671,6.66402976204396
1230,1,Stim,1,1,4054.3965,4055.3695,-0.0550333333335402,0.973000000000411,999.999999796273,4,-0.6363,-1,1,0,1,1,1.02774922918764,0.0471196717835105,7.02291246488269,6.00000000122236,-0.141106664246024,0.989994398623224,98.111889188757,1,13.297811147804,18.5552278450483,13.2978143038716,6.66403052076213
1231,1,NonStim,0,1,4057.78016666667,4058.7532,NaN,0.973000000000411,999.999999796273,2,0.0909,1,0,4,1,5,5.13874614593822,0.0908398093902534,12.7671769186021,7.60000000154832,0.286825733144878,-0.116785939982517,337.845474390448,0.309690098278419,13.2978124370627,6.66403146448483,13.2978140842617,6.66402746630835
1232,1,NonStim,0,1,4061.1148,4062.09743333333,NaN,0.983000000000629,999.999999796273,4,-0.0909,-1,1,6,2,8,8.13835198371808,0.216355005284674,20.809231927839,11.5000000023429,0.00944378056140841,-0.277715876373829,271.947603274581,0.277876398748393,13.2977990108777,6.66402569030183,19.9462399517831,19.9913195947871
1233,1,NonStim,0,1,4064.39783333333,4065.37466666667,NaN,0.976999999999862,999.999999796273,2,-0.4545,-1,1,1,0,1,1.02354145342901,0.0628281985924644,9.41366300324187,7.00000000142609,-0.529133904700493,0.848538337906078,121.946954917819,1,13.2978128727769,6.66401847987208,13.2978119272958,6.66400369680067
1234,1,NonStim,0,1,4067.87386666667,4068.8295,NaN,0.956000000000586,999.999999796273,3,-0.0909,-1,1,0,0,0,0,NaN,NaN,NaN,NaN,NaN,NaN,NaN,13.2977964562518,6.66400430170378,13.2978139984373,6.66401323067558
1236,1,NonStim,0,1,4073.07506666667,4074.03876666667,NaN,0.963000000000193,999.999999796273,4,-0.0909,-1,1,38,0,38,39.4600207684241,0.0333115846569501,7.62656037830268,10.3421052652649,0.106800855001699,0.0280968041558977,14.7392057475087,0.11043483613819,6.64890527260902,1.7347234756234e-15,13.297814040831,6.66403011987413
1237,1,Stim,1,1,4076.3996,4077.37423333333,-0.0524666666669873,0.974999999999909,999.999999796273,2,-0.3636,-1,1,3,0,3,3.07692307692336,0.0529505492298791,9.72242162477717,6.66666666802485,-7.40148683083438e-17,0.0205768555307899,90.0000000000002,0.0205768555307899,6.64890628444313,6.66401983726781,13.2978141456794,6.66401542599951
1238,1,NonStim,0,1,4079.8583,4080.81836666667,NaN,0.960000000000491,999.999999796273,3,-0.1818,-1,0,1,0,1,1.04166666666613,0.0466482044373326,6.6640310212487,6.00000000122236,0,1,90,1,6.64890711024633,6.66402475778187,13.2978102114874,6.66402933446397
1240,1,Stim,1,1,4084.92556666667,4085.8921,-0.0576666666665915,0.967000000000098,999.999999796273,4,0.1818,1,0,0,0,0,0,NaN,NaN,NaN,NaN,NaN,NaN,NaN,13.2977971081299,17.1767135106938,13.2978142529784,6.66403143897382
1242,1,NonStim,0,1,4090.02626666667,4091.0108,NaN,0.984000000000378,999.999999796273,1,-0.1818,-1,1,1,1,2,2.03252032520247,0.168173694374424,24.577444512408,8.50000000173168,0.969277976368852,-0.235083595777734,346.367024896388,0.997378610397017,13.2978038774778,6.66403074084497,13.2978124234073,13.3280306444471
1243,1,Stim,1,1,4093.60276666667,4094.5686,-0.0615333333335002,0.966000000000349,999.999999796273,2,0.1818,1,1,0,0,0,0,NaN,NaN,NaN,NaN,NaN,NaN,NaN,13.2978125739586,17.8741950711357,13.2978136122257,18.9818824257962
1244,1,NonStim,0,1,4096.97743333333,4097.93476666667,NaN,0.957000000000335,999.999999796273,3,-0.4545,-1,1,1,0,1,1.04493207941447,0.053725223137153,8.88536957123495,6.00000000122236,-0.123757561976705,0.992312483975477,97.1090122191788,1,6.64890675574902,6.66402731365074,13.297814020761,6.66402998205093
1245,1,NonStim,0,1,4100.54473333333,4101.52136666667,NaN,0.976999999999862,999.999999796273,4,-0.4545,-1,1,2,0,2,2.04708290685802,0.0480741804030785,9.47118406192202,6.00000000122236,0.26456674869146,-0.924269295951086,285.973463707277,0.961389253086951,6.64890713438285,6.66401914993764,13.2978141166736,6.66402959390306
