TrialIndex,GoodSelection,TrialType,IsStim,HasAnalysisWindow,VisualStimOnS,VisualStimOffS,ElectricalStimOnRelVisualS,AnalysisDurationS,SampleRateHz,Condition,SignedCoherence,Direction,Response,LeftCandidateCount,RightCandidateCount,MicrosaccadeCount,MicrosaccadeRateHz,MeanMicrosaccadeAmplitudeDeg,MeanMicrosaccadePeakVelocityDegS,MeanMicrosaccadeDurationMs,TrialDirectionX,TrialDirectionY,TrialMeanDirectionDeg,TrialDirectionResultantLength,LeftThresholdXDegS,LeftThresholdYDegS,RightThresholdXDegS,RightThresholdYDegS
5,1,NonStim,0,1,24.5577333333333,25.5303,NaN,0.973000000000003,999.999999998778,4,0.6363,1,1,3,1,0,0,NaN,NaN,NaN,NaN,NaN,NaN,NaN,13.2978129450628,6.66402573509093,13.2978130667703,6.66403063270756
6,1,NonStim,0,1,27.9246333333333,28.8987333333333,NaN,0.974,999.999999998778,4,0.4545,1,0,2,2,0,0,NaN,NaN,NaN,NaN,NaN,NaN,NaN,6.64890715097571,6.66402204717272,13.2978088059485,6.66402570904663
7,1,NonStim,0,1,31.2508,32.2323333333333,NaN,0.981999999999999,999.999999998778,4,1,1,1,1,0,0,0,NaN,NaN,NaN,NaN,NaN,NaN,NaN,6.6489068245217,6.66402252541514,13.2978142230038,15.4195699155761
8,1,Stim,1,1,34.6420666666667,35.6191666666667,-0.0544666666666629,0.976999999999997,1000.00000000233,1,0.6363,1,1,0,0,0,0,NaN,NaN,NaN,NaN,NaN,NaN,NaN,6.64890701404192,18.5474806172747,13.2978102563394,6.6640238659743
9,1,NonStim,0,1,37.9927333333333,38.958,NaN,0.965999999999994,1000.00000000233,4,-0.6363,-1,1,1,0,0,0,NaN,NaN,NaN,NaN,NaN,NaN,NaN,6.64890688072113,6.66403145034427,13.2978115349833,6.66402827700214
10,1,NonStim,0,1,83.4327333333333,84.3989333333333,NaN,0.965999999999994,999.999999995225,1,-0.6363,-1,1,0,0,0,0,NaN,NaN,NaN,NaN,NaN,NaN,NaN,6.64890330027093,13.3279504613177,13.2978102721569,13.327977833454
11,1,Stim,1,1,86.7744666666667,87.7391666666667,-0.0591333333333353,0.965000000000003,999.999999995225,1,0.4545,1,1,0,0,0,0,NaN,NaN,NaN,NaN,NaN,NaN,NaN,13.2978076763037,18.6897228664633,13.2978035506655,6.66403023898443
12,1,Stim,1,1,90.1834666666667,91.1483,-0.0637666666666803,0.965000000000003,999.999999995225,2,-0,-1,1,0,0,0,0,NaN,NaN,NaN,NaN,NaN,NaN,NaN,6.64890682929402,17.6921296325714,13.2978143068118,6.66403021845186
13,1,NonStim,0,1,93.5837666666667,94.5580333333333,NaN,0.975000000000009,999.999999995225,2,1,1,1,1,2,1,1.02564102564102,0.0621042830378956,10.4713810078917,6.00000000002865,-0.59048987555203,0.807045046370119,126.191778965609,1,13.2978095393068,6.66402887850591,13.2978138369132,6.66403137634802
14,1,Stim,1,1,96.9505,97.9069666666667,-0.0648333333333397,0.956000000000017,999.999999995225,2,-0.0909,-1,0,2,0,0,0,NaN,NaN,NaN,NaN,NaN,NaN,NaN,13.2978119129402,6.66403131535171,13.2978142536212,6.6640311708186
15,1,NonStim,0,1,100.234166666667,101.2082,NaN,0.974000000000004,999.999999995225,1,-1,-1,1,0,0,0,0,NaN,NaN,NaN,NaN,NaN,NaN,NaN,6.64890705396507,17.8614792264647,13.2978135121282,6.66402851078571
16,1,NonStim,0,1,103.568566666667,104.5247,NaN,0.956000000000003,999.999999995225,2,0.1818,1,1,0,0,0,0,NaN,NaN,NaN,NaN,NaN,NaN,NaN,13.2978067217078,15.74313828738,13.2978125457561,17.9139795984707
17,1,Stim,1,1,106.760033333333,107.720166666667,-0.0649000000000086,0.960000000000008,999.999999995225,3,-0.0909,-1,0,0,0,0,0,NaN,NaN,NaN,NaN,NaN,NaN,NaN,6.64890666303944,6.66403051484855,13.2978140037341,6.66403075911034
18,1,Stim,1,1,110.327133333333,111.302233333333,-0.0568666666666644,0.975000000000009,999.999999995225,3,-0.6363,-1,1,3,0,0,0,NaN,NaN,NaN,NaN,NaN,NaN,NaN,6.6489070955335,6.66402369880721,13.2978140491173,6.66401704468794
19,1,NonStim,0,1,113.677533333333,114.646733333333,NaN,0.969000000000008,999.999999995225,3,0.6363,1,1,0,0,0,0,NaN,NaN,NaN,NaN,NaN,NaN,NaN,6.64890713603302,17.5238272652025,13.2978097964402,6.66403094844114
20,1,NonStim,0,1,116.986266666667,117.9532,NaN,0.967000000000013,999.999999995225,2,-0.4545,-1,1,0,0,0,0,NaN,NaN,NaN,NaN,NaN,NaN,NaN,6.64890708972626,19.4880311138694,13.2978136006958,6.66402823894983
21,1,Stim,1,1,120.462466666667,121.454366666667,-0.0557000000000016,0.992000000000004,999.999999995225,3,0.0909,1,1,0,0,0,0,NaN,NaN,NaN,NaN,NaN,NaN,NaN,6.64890713730892,16.3995331814148,13.2978140292222,6.66402838900682
22,1,Stim,1,1,123.912433333333,124.8855,-0.0500333333333458,0.973000000000013,999.999999995225,3,1,1,1,0,0,0,0,NaN,NaN,NaN,NaN,NaN,NaN,NaN,6.64890670730902,18.534230269548,13.2978109454702,6.66403105500972
23,1,Stim,1,1,127.463166666667,128.4394,-0.0555999999999983,0.975999999999999,999.999999995225,4,-0.6363,-1,1,0,0,0,0,NaN,NaN,NaN,NaN,NaN,NaN,NaN,13.2978067427669,17.530144961789,13.2978137068095,6.66400609906169
24,1,NonStim,0,1,130.863566666667,131.8457,NaN,0.981999999999999,999.999999995225,1,1,1,1,0,2,0,0,NaN,NaN,NaN,NaN,NaN,NaN,NaN,6.64890713227454,17.8545624434214,13.2978143076885,6.66402432265852
25,1,Stim,1,1,134.180166666667,135.145366666667,-0.0507333333333122,0.965000000000003,999.999999995225,3,-1,-1,1,1,0,0,0,NaN,NaN,NaN,NaN,NaN,NaN,NaN,13.2978143083825,6.66402848988895,19.9467148798239,6.66402594841296
26,1,NonStim,0,1,137.522666666667,138.4966,NaN,0.974000000000018,999.999999995225,1,0.4545,1,1,0,0,0,0,NaN,NaN,NaN,NaN,NaN,NaN,NaN,6.64890624056742,6.66402913769066,13.2978110412838,6.66403143434081
27,1,Stim,1,1,141.023733333333,141.9973,-0.0557333333333645,0.974000000000018,999.999999995225,1,0.3636,1,1,1,1,0,0,NaN,NaN,NaN,NaN,NaN,NaN,NaN,13.2977890780412,6.66403025664805,13.2978129548827,6.66402390576739
28,1,NonStim,0,1,144.383066666667,145.3569,NaN,0.973000000000013,999.999999995225,1,-0,-1,0,1,0,0,0,NaN,NaN,NaN,NaN,NaN,NaN,NaN,13.2978108602225,6.66402853264968,13.29781289629,17.6360990093253
29,1,NonStim,0,1,147.8,148.7629,NaN,0.962999999999994,999.999999995225,3,-0.6363,-1,1,1,0,0,0,NaN,NaN,NaN,NaN,NaN,NaN,NaN,6.64890708042344,6.66403152190344,13.2978118123372,6.66403152094785
30,1,Stim,1,1,150.982466666667,151.956233333333,-0.0535666666666543,0.97399999999999,999.999999995225,3,-0,-1,0,0,0,0,0,NaN,NaN,NaN,NaN,NaN,NaN,NaN,6.64890240791871,6.66401534288176,13.2978121859238,6.66402528136821
31,1,Stim,1,1,154.408233333333,155.3768,-0.0552999999999884,0.968000000000018,999.999999995225,2,0.4545,1,1,0,0,0,0,NaN,NaN,NaN,NaN,NaN,NaN,NaN,6.64890710134466,17.7218989995524,13.2978128083052,16.4196674684892
32,1,NonStim,0,1,157.900333333333,158.8651,NaN,0.965000000000003,999.999999995225,1,0.6363,1,1,1,2,1,1.03626943005181,0.0971299200291653,12.4167862005571,12.0000000000573,-0.376562154404543,-0.926391355675456,247.87910353026,1,6.64890699618641,6.6640198919125,13.2978140408528,6.66403044415428
33,1,Stim,1,1,161.192433333333,162.171633333333,-0.0560666666666805,0.978999999999985,999.999999995225,2,0.3636,1,1,0,0,0,0,NaN,NaN,NaN,NaN,NaN,NaN,NaN,13.2978117734039,13.3280451028704,19.9467030180094,6.66403123209852
34,1,NonStim,0,1,164.5939,165.565833333333,NaN,0.972000000000008,999.999999995225,2,-0.1818,-1,1,1,0,0,0,NaN,NaN,NaN,NaN,NaN,NaN,NaN,13.2978071612995,6.66403151794811,13.2978139480517,6.66403140750306
35,1,Stim,1,1,167.960866666667,168.9332,-0.056366666666662,0.972999999999985,999.999999995225,1,0.1818,1,0,0,1,0,0,NaN,NaN,NaN,NaN,NaN,NaN,NaN,13.2978071224552,15.9487409399996,13.297813065897,6.66402267431433
36,1,Stim,1,1,171.543733333333,172.519633333333,-0.0533333333333417,0.975999999999999,999.999999995225,2,-0.4545,-1,1,1,1,1,1.02459016393443,0.105944082787073,16.9112875787028,8.0000000000382,0.408282505182338,-0.912855627118568,294.096990035762,1,6.64890596301173,13.3279748363077,13.2978127790488,6.66402082688199
37,1,Stim,1,1,174.8612,175.8367,-0.0645666666666784,0.975000000000023,999.999999995225,1,0.0909,1,0,1,0,0,0,NaN,NaN,NaN,NaN,NaN,NaN,NaN,6.64890715367408,6.6640313857769,13.2978101159288,18.027264647863
38,1,NonStim,0,1,178.2114,179.184966666667,NaN,0.973000000000013,999.999999995225,4,0.1818,1,1,0,0,0,0,NaN,NaN,NaN,NaN,NaN,NaN,NaN,13.2978120405112,6.66402946712028,13.2978140743669,6.66402995262848
39,1,NonStim,0,1,181.588833333333,182.5556,NaN,0.967000000000013,999.999999995225,4,0.0909,1,1,2,0,0,0,NaN,NaN,NaN,NaN,NaN,NaN,NaN,6.64890715080672,6.66402800628187,13.2978101746468,17.9410073750701
40,1,Stim,1,1,185.012333333333,185.9875,-0.0504999999999995,0.974999999999994,999.999999995225,2,-0.6363,-1,0,0,1,0,0,NaN,NaN,NaN,NaN,NaN,NaN,NaN,13.297809089241,19.038808871526,13.2978102004202,6.66402836833302
41,1,NonStim,0,1,188.321766666667,189.295033333333,NaN,0.97399999999999,999.999999995225,1,0.0909,1,1,1,0,0,0,NaN,NaN,NaN,NaN,NaN,NaN,NaN,6.64890709911272,6.66402918112464,13.2978129548827,6.66402621742598
42,1,NonStim,0,1,191.6716,192.645233333333,NaN,0.974000000000018,999.999999995225,3,-0.0909,-1,0,1,1,0,0,NaN,NaN,NaN,NaN,NaN,NaN,NaN,6.64890715150512,6.66402558378279,13.2978143075902,6.66402655908043
43,1,NonStim,0,1,194.997333333333,195.970266666667,NaN,0.973000000000013,999.999999995225,1,0.1818,1,1,2,0,0,0,NaN,NaN,NaN,NaN,NaN,NaN,NaN,6.64890580593979,6.66403062528302,13.2978084155563,6.66403099324569
44,1,Stim,1,1,198.364466666667,199.3282,-0.0491666666666504,0.963999999999999,999.999999995225,4,0.0909,1,1,1,0,0,0,NaN,NaN,NaN,NaN,NaN,NaN,NaN,13.2978085236045,4.71217449615118,13.2978119107032,6.66402843416375
45,1,Stim,1,1,201.7065,202.6735,-0.0595333333333485,0.967000000000013,999.999999995225,3,-0.3636,-1,0,0,1,0,0,NaN,NaN,NaN,NaN,NaN,NaN,NaN,6.648905534251,6.66402743125327,13.2978130696003,6.66403018456637
46,1,Stim,1,1,205.181966666667,206.156133333333,-0.0520333333333554,0.975000000000023,999.999999995225,2,-1,-1,1,2,1,0,0,NaN,NaN,NaN,NaN,NaN,NaN,NaN,6.6489071143761,6.66402178652607,13.2978143089986,6.6640309831003
47,1,NonStim,0,1,208.407466666667,209.3924,NaN,0.985000000000014,999.999999995225,3,0.0909,1,1,2,0,0,0,NaN,NaN,NaN,NaN,NaN,NaN,NaN,6.64890687824331,6.66402831416893,13.2978125888917,6.66402876295328
48,1,Stim,1,1,211.792766666667,212.755966666667,-0.0570000000000164,0.962999999999994,999.999999995225,4,-1,-1,1,0,1,0,0,NaN,NaN,NaN,NaN,NaN,NaN,NaN,6.64890603568751,15.9890856729109,13.2978142974947,6.66403023898442
49,1,Stim,1,1,215.2,216.173066666667,-0.0515333333333103,0.974000000000018,999.999999995225,1,-0,-1,1,0,0,0,0,NaN,NaN,NaN,NaN,NaN,NaN,NaN,6.64890653759949,17.8468011563291,13.2978008327338,6.66395268688029
50,1,NonStim,0,1,218.600133333333,219.565066666667,NaN,0.965000000000003,999.999999995225,2,-0.6363,-1,1,0,1,0,0,NaN,NaN,NaN,NaN,NaN,NaN,NaN,13.2978059064865,6.66403046839605,13.2978129499536,6.66402105159149
51,1,NonStim,0,1,221.9846,222.951366666667,NaN,0.966999999999985,999.999999995225,2,0.6363,1,1,35,0,0,0,NaN,NaN,NaN,NaN,NaN,NaN,NaN,6.64890713723506,3.46944695193705e-15,13.2978141702438,6.66403094202462
52,1,Stim,1,1,225.359766666667,226.328,-0.0529666666666628,0.968999999999994,999.999999995225,1,-0.6363,-1,1,3,3,2,2.06398348813211,0.0918001850522029,15.6478045708361,13.0000000000621,-0.502208257011607,-0.111989642469367,192.570962804597,0.514543305690641,19.9467073369479,6.66402997665309,19.9466925368324,6.66401217959736
53,1,Stim,1,1,228.6935,229.657766666667,-0.0573666666666668,0.964000000000027,999.999999995225,4,0.3636,1,1,1,2,1,1.03734439834022,0.164391978252065,22.4533589028272,13.0000000000621,-0.849728750487665,0.527220115885833,148.182179040311,1,6.64890713227461,6.66403090230858,13.2978132964894,6.66403009256831
54,1,NonStim,0,1,232.102433333333,233.0745,NaN,0.972000000000008,999.999999995225,2,0.4545,1,1,0,2,0,0,NaN,NaN,NaN,NaN,NaN,NaN,NaN,13.2977966550228,6.66402985701316,13.2978129284691,6.66402997964319
55,1,Stim,1,1,235.710133333333,236.678966666667,-0.0514666666666699,0.967999999999989,999.999999995225,4,1,1,1,0,0,0,0,NaN,NaN,NaN,NaN,NaN,NaN,NaN,13.2978119689439,17.9771530229964,13.2978138087984,6.66403106527556
56,1,Stim,1,1,239.244866666667,240.2266,-0.0535333333333199,0.981999999999999,999.999999995225,3,-0.1818,-1,1,0,0,0,0,NaN,NaN,NaN,NaN,NaN,NaN,NaN,6.64890709868914,17.0921435595944,13.2978123868304,17.8695240891881
57,1,Stim,1,1,242.5616,243.553133333333,-0.0501999999999896,0.99199999999999,999.999999995225,4,-0.1818,-1,1,0,1,0,0,NaN,NaN,NaN,NaN,NaN,NaN,NaN,10.5128200678556,17.3241812705783,13.2978141854767,6.66401615148772
58,1,NonStim,0,1,245.937733333333,246.896066666667,NaN,0.959000000000003,999.999999995225,2,0.3636,1,1,0,0,0,0,NaN,NaN,NaN,NaN,NaN,NaN,NaN,13.2978110532483,6.66402663774083,13.2978131674226,6.66403116608275
59,1,NonStim,0,1,249.2977,250.2706,NaN,0.973000000000013,999.999999995225,3,0.3636,1,1,1,0,0,0,NaN,NaN,NaN,NaN,NaN,NaN,NaN,13.297807401043,6.66402081509256,13.297812994446,6.6640283544419
60,1,NonStim,0,1,252.7469,253.712333333333,NaN,0.96599999999998,999.999999995225,3,-0.4545,-1,1,1,0,0,0,NaN,NaN,NaN,NaN,NaN,NaN,NaN,6.64890713359482,6.66403041394176,13.2978142256497,6.66403098884637
61,1,NonStim,0,1,256.263366666667,257.238066666667,NaN,0.974999999999966,1000.00000002365,3,0.4545,1,1,0,1,0,0,NaN,NaN,NaN,NaN,NaN,NaN,NaN,6.64890688305085,18.1144349620627,13.2978104192956,6.66402873005608
62,1,NonStim,0,1,259.680866666667,260.6537,NaN,0.973000000000013,1000.00000002365,3,-0.1818,-1,1,2,0,0,0,NaN,NaN,NaN,NaN,NaN,NaN,NaN,6.64890702496335,6.66401862414869,13.297814241345,24.3949466360486
63,1,Stim,1,1,263.023466666667,263.988166666667,-0.0600666666666712,0.964999999999975,1000.00000002365,2,0.1818,1,1,1,1,1,1.03626943005184,0.161807880479597,21.3164187984373,10.9999999997399,0.595829692530658,-0.803110812714423,306.571801623554,1,13.2978119912802,6.66399611786485,13.2978136959692,6.66400907422581
65,1,NonStim,0,1,269.632066666667,270.6056,NaN,0.973000000000013,1000.00000002365,3,0.1818,1,1,0,0,0,0,NaN,NaN,NaN,NaN,NaN,NaN,NaN,6.64890711762404,6.6640290099551,13.2978094019216,6.66402191560701
66,1,Stim,1,1,273.367166666667,274.332766666667,-0.0623666666666622,0.964999999999975,1000.00000002365,3,0.4545,1,1,1,0,0,0,NaN,NaN,NaN,NaN,NaN,NaN,NaN,6.64890715131879,6.66402345176401,13.2978114871307,6.66403134770925
67,1,NonStim,0,1,276.741233333333,277.706266666667,NaN,0.964999999999975,1000.00000002365,2,-0.3636,-1,1,1,1,0,0,NaN,NaN,NaN,NaN,NaN,NaN,NaN,13.2978063765303,6.66403151128611,6.64890714553245,6.66402895245746
68,1,Stim,1,1,280.266333333333,281.2235,-0.065466666666623,0.956999999999994,1000.00000002365,3,0.6363,1,1,0,0,0,0,NaN,NaN,NaN,NaN,NaN,NaN,NaN,13.2978054090359,16.7730182477026,13.2978122514756,6.66402059004968
69,1,Stim,1,1,283.608333333333,284.6093,-0.0497999999999479,1.00099999999998,1000.00000002365,1,-1,-1,1,0,0,0,0,NaN,NaN,NaN,NaN,NaN,NaN,NaN,6.64890707446038,6.66402860822384,13.2978115717974,6.66402786994821
70,1,NonStim,0,1,286.984366666667,287.949566666667,NaN,0.964999999999975,1000.00000002365,1,0.3636,1,1,0,0,0,0,NaN,NaN,NaN,NaN,NaN,NaN,NaN,6.64890607912931,18.6842354623102,13.2978120463601,6.66403148122108
71,1,NonStim,0,1,290.3184,291.292966666667,NaN,0.973999999999933,1000.00000002365,3,-1,-1,1,1,0,0,0,NaN,NaN,NaN,NaN,NaN,NaN,NaN,6.64890687740671,6.66402835249151,13.2978142182251,6.66402967390962
72,1,Stim,1,1,293.6683,294.651133333333,-0.0510999999999626,0.983000000000004,1000.00000002365,3,0.3636,1,1,1,0,0,0,NaN,NaN,NaN,NaN,NaN,NaN,NaN,6.64890715456901,6.66403006601661,13.2978142543573,6.66403089964528
73,1,Stim,1,1,297.027866666667,297.995833333333,-0.0541000000000054,0.967999999999961,1000.00000002365,4,0.1818,1,1,2,1,1,1.03305785123971,0.0564450558866616,9.41367432802932,9.99999999976353,-0.24201746410404,-0.970271893372497,255.99435662855,1,6.64890715290186,6.6640287159761,13.2978097717376,6.66401627906376
74,1,NonStim,0,1,300.377033333333,301.355966666667,NaN,0.978000000000009,1000.00000002365,1,-0.1818,-1,1,0,1,0,0,NaN,NaN,NaN,NaN,NaN,NaN,NaN,13.2978116813089,18.5510597235297,19.9467186880911,6.66402889918108
75,1,Stim,1,1,303.603766666667,304.5714,-0.0530333333333601,0.968000000000018,1000.00000002365,4,-0.3636,-1,1,1,1,0,0,NaN,NaN,NaN,NaN,NaN,NaN,NaN,6.64890213035157,6.66403136968522,13.2978083564256,6.66403057691691
76,1,Stim,1,1,306.820266666667,307.785533333333,-0.054366666666624,0.964999999999975,1000.00000002365,1,-0.4545,-1,1,1,0,0,0,NaN,NaN,NaN,NaN,NaN,NaN,NaN,6.64890680373526,6.66402858869564,13.2978077231446,6.66403096946457
77,1,NonStim,0,1,309.995366666667,310.968733333333,NaN,0.973000000000013,1000.00000002365,4,-0.4545,-1,1,0,0,0,0,NaN,NaN,NaN,NaN,NaN,NaN,NaN,13.29779987205,6.66402862461814,13.2978020143228,6.66402951274319
78,1,Stim,1,1,313.171033333333,314.1445,-0.0529666666666344,0.972999999999956,1000.00000002365,1,-0.3636,-1,1,0,0,0,0,NaN,NaN,NaN,NaN,NaN,NaN,NaN,6.64890713702774,16.6655722981366,13.2978138046966,6.66402670410025
79,1,Stim,1,1,316.506066666667,317.473766666667,-0.05499999999995,0.966999999999985,1000.00000002365,3,-0.4545,-1,1,0,0,0,0,NaN,NaN,NaN,NaN,NaN,NaN,NaN,6.64890710439365,6.66402306148244,13.2978121780743,6.6640242014499
80,1,NonStim,0,1,319.855266666667,320.841,NaN,0.98599999999999,1000.00000002365,4,-0.3636,-1,1,1,1,1,1.01419878296147,0.258305013696908,31.0987722532476,17.9999999995744,0.115833152854671,0.993268685049391,83.3483176490982,1,6.64890705769076,22.4585870159708,13.2978115577758,6.66396047195382
81,1,Stim,1,1,323.1227,324.098233333333,-0.0584999999999241,0.975999999999999,1000.00000002365,4,-0.0909,-1,1,0,0,0,0,NaN,NaN,NaN,NaN,NaN,NaN,NaN,6.64890713589464,6.6640202699821,13.2978134241223,6.66402874109413
82,1,Stim,1,1,326.506833333333,327.471366666667,-0.0548666666666122,0.964999999999975,1000.00000002365,1,-0.1818,-1,0,0,0,0,0,NaN,NaN,NaN,NaN,NaN,NaN,NaN,13.2978102776347,6.66402559860352,13.2978140979888,6.66402318508509
83,1,Stim,1,1,329.8814,330.848733333333,-0.0568666666666786,0.966999999999985,1000.00000002365,1,-0.0909,-1,1,1,1,1,1.03412616339195,0.0834383289622685,11.1067187666399,10.9999999997399,-0.0398774872573661,-0.999204576655871,267.714582292229,1,6.64890681079082,6.66402789288235,13.2978115242272,6.66403079827836
84,1,NonStim,0,1,333.265466666667,334.229866666667,NaN,0.963999999999942,1000.00000002365,4,-0,-1,1,0,0,0,0,NaN,NaN,NaN,NaN,NaN,NaN,NaN,13.2978068078432,6.66403133208805,13.2978017730644,6.66403041982765
85,1,NonStim,0,1,336.5073,337.474733333333,NaN,0.966999999999985,1000.00000002365,4,-0.1818,-1,1,1,0,0,0,NaN,NaN,NaN,NaN,NaN,NaN,NaN,6.64890712835839,6.6640314002934,19.9467046673382,18.1433839641689
86,1,Stim,1,1,339.716333333333,340.693,-0.052066666666633,0.976999999999975,1000.00000002365,2,1,1,1,2,2,1,1.02354145342889,0.128772610186383,21.0687344178423,10.9999999997399,0.361730885729748,-0.932282557119445,291.206533752149,1,6.64890620202068,6.66402900137184,13.2978019522181,6.66403147310757
87,1,Stim,1,1,343.2678,344.2326,-0.0627000000000066,0.965000000000032,1000.00000002365,2,0.6363,1,1,1,0,0,0,NaN,NaN,NaN,NaN,NaN,NaN,NaN,13.2978105215066,6.66402896593163,13.2978138650458,6.66403014620538
88,1,Stim,1,1,346.484566666667,347.449466666667,-0.0560666666666521,0.964999999999975,1000.00000002365,2,-0.1818,-1,1,0,1,0,0,NaN,NaN,NaN,NaN,NaN,NaN,NaN,6.64890702511485,18.5362803434777,13.2978119588509,6.66402937790362
89,1,Stim,1,1,349.826866666667,350.817,-0.0542666666666491,0.990999999999985,1000.00000002365,3,0.1818,1,1,1,0,0,0,NaN,NaN,NaN,NaN,NaN,NaN,NaN,6.6489071299856,6.6640261328681,13.2978128447533,6.66402586603084
90,1,NonStim,0,1,353.3437,354.324066666667,NaN,0.980999999999995,1000.00000002365,4,0.3636,1,1,2,0,0,0,NaN,NaN,NaN,NaN,NaN,NaN,NaN,6.64890693095378,6.66401138195466,13.2978134937174,6.6640287461042
91,1,NonStim,0,1,356.7355,357.7029,NaN,0.966999999999985,1000.00000002365,2,0.0909,1,0,0,1,0,0,NaN,NaN,NaN,NaN,NaN,NaN,NaN,13.2978113577131,6.66402978582261,13.2978141195361,6.66402964682865
93,1,NonStim,0,1,363.144433333333,364.126,NaN,0.981999999999971,1000.00000002365,1,-0.0909,-1,1,0,0,0,0,NaN,NaN,NaN,NaN,NaN,NaN,NaN,6.64890703839538,6.66402077199853,13.2978130567023,6.66402838877002
94,1,NonStim,0,1,366.386033333333,367.3529,NaN,0.965999999999951,1000.00000002365,2,-0,-1,1,1,0,0,0,NaN,NaN,NaN,NaN,NaN,NaN,NaN,6.6489071494278,6.66402323703845,13.2978127847409,6.66402815144137
95,1,Stim,1,1,369.853166666667,370.8259,-0.054366666666624,0.97199999999998,1000.00000002365,2,0.0909,1,1,0,0,0,0,NaN,NaN,NaN,NaN,NaN,NaN,NaN,13.297808970615,6.66403051503795,13.2978130998995,6.66402867047967
96,1,NonStim,0,1,373.420066666667,374.397966666667,NaN,0.976999999999975,1000.00000002365,4,-1,-1,1,2,0,0,0,NaN,NaN,NaN,NaN,NaN,NaN,NaN,6.64890551840303,6.664028159161,13.2978126957628,17.9194167996859
97,1,Stim,1,1,376.771366666667,377.7453,-0.0529999999999973,0.97399999999999,1000.00000002365,4,0.4545,1,1,0,31,0,0,NaN,NaN,NaN,NaN,NaN,NaN,NaN,13.2978019700625,6.66402907621533,13.2978093285275,6.93889390407131e-15
98,1,NonStim,0,1,380.105733333333,381.070266666667,NaN,0.964999999999975,1000.00000002365,2,-0.0909,-1,0,0,0,0,0,NaN,NaN,NaN,NaN,NaN,NaN,NaN,13.29779424935,6.6640299641024,13.2978133008937,6.66403056693541
100,1,NonStim,0,1,385.0393,385.999466666667,NaN,0.95999999999998,1000.00000002365,2,-1,-1,1,2,1,1,1.04166666666669,0.0570344377846089,7.02291213807436,9.99999999976353,-0.116579772322927,0.993181331220606,96.6947522918201,1,6.64890715455217,6.66401779810864,13.2978134157962,6.66402694886588
101,1,Stim,1,1,388.2562,389.214766666667,-0.0652000000000044,0.95799999999997,1000.00000002365,2,-0.3636,-1,1,0,1,0,0,NaN,NaN,NaN,NaN,NaN,NaN,NaN,13.2977862573944,17.7715420095591,13.297812231009,6.66402757121615
102,1,NonStim,0,1,391.6232,392.588,NaN,0.964999999999975,1000.00000002365,1,-0.3636,-1,1,0,0,0,0,NaN,NaN,NaN,NaN,NaN,NaN,NaN,6.64890715002193,6.66403018892828,13.2978136121477,6.66402927780949
103,1,Stim,1,1,394.965033333333,395.960666666667,-0.0523333333333085,0.994999999999948,1000.00000002365,1,1,1,1,0,0,0,0,NaN,NaN,NaN,NaN,NaN,NaN,NaN,6.64890705698115,6.66402258493991,13.2978142960727,6.66402523494573
104,1,NonStim,0,1,398.367133333333,399.326066666667,NaN,0.959000000000003,1000.00000002365,3,-0,-1,1,1,0,0,0,NaN,NaN,NaN,NaN,NaN,NaN,NaN,13.2978125215585,6.66402426146633,13.2978142079797,6.6640279408093
105,1,Stim,1,1,401.683033333333,402.668333333333,-0.0606999999999402,0.984999999999957,1000.00000002365,4,0.6363,1,1,33,0,0,0,NaN,NaN,NaN,NaN,NaN,NaN,NaN,6.64890526425953,6.93889390407131e-15,13.2978106174936,6.66403124103834
106,1,NonStim,0,1,405.025366666667,406.000733333333,NaN,0.974999999999966,1000.00000002365,1,-0.4545,-1,1,0,0,0,0,NaN,NaN,NaN,NaN,NaN,NaN,NaN,13.2978032913247,17.7258873372365,13.2978142014041,6.66402837918717
108,1,NonStim,0,1,411.434633333333,412.4003,NaN,0.965999999999951,1000.00000002365,4,-0.0909,-1,0,0,0,0,0,NaN,NaN,NaN,NaN,NaN,NaN,NaN,6.64890710235882,17.6755563305115,13.2978119250946,6.66402942485455
109,1,Stim,1,1,414.743466666667,415.7095,-0.0632999999999697,0.965999999999951,1000.00000002365,4,-0.4545,-1,1,1,1,1,1.03519668737065,0.197058611468628,23.5288798432336,13.9999999996689,0.553828122299701,-0.832631017287962,303.630036635459,1,6.64890606730417,18.5385490117654,13.2978126870776,6.66402547366257
110,1,NonStim,0,1,418.068633333333,419.0427,NaN,0.973999999999933,1000.00000002365,3,1,1,1,1,1,1,1.02669404517461,0.125169164960553,14.9273826638212,12.9999999996926,0.66517347558458,-0.746688855801886,311.695635342351,1,6.64890671149133,6.6640307724053,13.2978136534935,6.66402624801537
111,1,Stim,1,1,421.452466666667,422.418633333333,-0.0532666666666159,0.966000000000008,1000.00000002365,4,-0,-1,1,0,0,0,0,NaN,NaN,NaN,NaN,NaN,NaN,NaN,6.64890711396289,16.9714670679995,13.2978100784675,6.66403033284688
112,1,NonStim,0,1,424.827533333333,425.813066666667,NaN,0.98599999999999,1000.00000002365,2,0.6363,1,1,2,1,1,1.01419878296147,0.237635477556956,31.1185342527651,13.9999999996689,0.0840172831955149,-0.996464297466018,274.819517199661,1,13.2978040042113,6.6640052750879,13.297813010986,6.66401952255309
113,1,Stim,1,1,428.0941,429.0684,-0.0501333333332923,0.973999999999933,1000.00000002365,4,-0,-1,0,0,0,0,0,NaN,NaN,NaN,NaN,NaN,NaN,NaN,6.64890709887804,16.4115568353058,13.2978140184078,6.664030608853
115,1,Stim,1,1,433.1203,434.103333333333,-0.0518000000000143,0.983000000000004,1000.00000002365,1,-0.3636,-1,1,1,0,0,0,NaN,NaN,NaN,NaN,NaN,NaN,NaN,6.64890653355051,6.66402491771345,13.2978123034432,6.6640275052467
116,1,Stim,1,1,436.487633333333,437.464266666667,-0.0629999999999882,0.976999999999975,1000.00000002365,3,-0.1818,-1,0,0,0,0,0,NaN,NaN,NaN,NaN,NaN,NaN,NaN,6.64890684798456,17.1501621792065,13.2978120336099,15.8993193611438
117,1,NonStim,0,1,439.763333333333,440.7288,NaN,0.964999999999975,1000.00000002365,2,0.4545,1,1,1,0,0,0,NaN,NaN,NaN,NaN,NaN,NaN,NaN,6.6489071461539,6.66401860040968,13.2978132808487,6.66402751487615
118,1,NonStim,0,1,443.105366666667,444.073933333333,NaN,0.967999999999961,1000.00000002365,4,-0,-1,0,1,1,1,1.03305785123971,0.0896220519405372,13.3280605652488,13.9999999996689,0.383871356051876,-0.923386583183281,292.573690524257,1,13.297810342572,6.66403121102118,13.2978140668887,6.66403102840511
119,1,NonStim,0,1,446.4973,447.470833333333,NaN,0.973000000000013,1000.00000002365,4,-0.1818,-1,1,0,1,0,0,NaN,NaN,NaN,NaN,NaN,NaN,NaN,6.64890689447039,21.3301243006288,13.2978118065784,6.66403039439813
120,1,NonStim,0,1,449.897866666667,450.871933333333,NaN,0.973999999999933,1000.00000002365,4,1,1,1,1,0,0,0,NaN,NaN,NaN,NaN,NaN,NaN,NaN,6.64890713933785,6.66402769564332,13.2978135001192,6.66402114873692
122,1,Stim,1,1,454.8487,455.822066666667,-0.0548666666666122,0.97399999999999,1000.00000002365,1,-0.0909,-1,0,1,1,1,1.02669404517455,0.16991235398608,21.0687304096699,13.9999999996689,-0.469756410527475,-0.882796077680651,241.981514221427,1,13.2978066871794,6.66402621069412,13.297813734972,6.6640284110732
123,1,Stim,1,1,458.3152,459.285,-0.0559666666666772,0.970000000000027,1000.00000002365,1,0.6363,1,1,0,1,0,0,NaN,NaN,NaN,NaN,NaN,NaN,NaN,6.64890701775087,17.0659345786559,13.2978121977984,6.66403049008157
125,1,Stim,1,1,463.291233333333,464.263833333333,-0.055533333333301,0.97199999999998,1000.00000002365,3,0.3636,1,1,0,2,0,0,NaN,NaN,NaN,NaN,NaN,NaN,NaN,13.2978071500339,19.0316875805168,13.2978126977453,6.66403083424361
126,1,NonStim,0,1,466.5332,467.514966666667,NaN,0.980999999999995,1000.00000002365,1,-1,-1,1,0,1,0,0,NaN,NaN,NaN,NaN,NaN,NaN,NaN,6.64890524611353,18.2002533169961,13.2977665266447,6.66402818995116
127,1,NonStim,0,1,469.850866666667,470.835233333333,NaN,0.984999999999957,1000.00000002365,2,0.0909,1,0,39,1,1,1.01522842639598,0.220141042680766,24.43475495186,18.9999999995507,-0.0302205051160906,-0.999543256227827,268.268228935516,1,6.6489070277511,1.38777878081426e-14,13.2978129350028,6.66401740595994
128,1,Stim,1,1,473.2843,474.258533333333,-0.0491999999999848,0.973999999999933,1000.00000002365,2,0.6363,1,1,1,1,1,1.02669404517461,0.165807098726069,22.4743333746184,11.9999999997162,0.631264305623268,-0.775567776822873,309.143462429494,1,13.2977946904051,19.6272825897605,13.297811212003,6.66401862199149
129,1,Stim,1,1,476.518233333333,477.4918,-0.0622333333332676,0.972999999999956,1000.00000002365,2,-0,-1,0,1,1,1,1.02774922918812,0.176662819144603,19.9920750146946,14.9999999996453,-0.0188218029555299,-0.99982285417643,268.921526444707,1,13.2978114514723,6.66402650423793,13.2978142038941,6.66402610633436
130,1,NonStim,0,1,479.810433333333,480.783233333333,NaN,0.973000000000013,1000.00000002365,4,0.1818,1,1,1,1,1,1.02774922918806,0.191791656819229,16.9885215107613,20.9999999995034,-0.138679494329464,-0.990337315187368,262.028558516822,1,13.2978099993858,6.66403116735476,13.2978136578119,6.6640315186657
131,1,NonStim,0,1,483.135966666667,484.109733333333,NaN,0.973999999999933,1000.00000002365,1,0.1818,1,1,0,1,0,0,NaN,NaN,NaN,NaN,NaN,NaN,NaN,6.64890680338055,6.66403027908116,13.2978054796667,6.66403051685024
132,1,NonStim,0,1,486.552233333333,487.526133333333,NaN,0.97399999999999,1000.00000002365,2,-0.1818,-1,1,0,0,0,0,NaN,NaN,NaN,NaN,NaN,NaN,NaN,6.64890714530115,16.6309216578149,13.2978135384862,6.66403150008623
133,1,NonStim,0,1,489.7783,490.7432,NaN,0.964999999999975,1000.00000002365,3,-1,-1,1,2,0,0,0,NaN,NaN,NaN,NaN,NaN,NaN,NaN,6.64890543703342,6.66402531303498,13.2978119180751,6.66402937316065
134,1,Stim,1,1,493.303966666667,494.2795,-0.0642999999999461,0.975999999999999,1000.00000002365,2,-0.1818,-1,0,0,1,0,0,NaN,NaN,NaN,NaN,NaN,NaN,NaN,6.64890705320271,17.1576023708746,13.297813995128,6.6640215616591
135,1,NonStim,0,1,496.537366666667,497.5296,NaN,0.991999999999962,1000.00000002365,2,0.1818,1,0,1,0,0,0,NaN,NaN,NaN,NaN,NaN,NaN,NaN,6.64890715217088,6.66403151018303,19.9466980889409,6.66402538766102
136,1,Stim,1,1,499.929933333333,500.905733333333,-0.0645666666666784,0.975999999999942,1000.00000002365,1,0.0909,1,1,0,0,0,0,NaN,NaN,NaN,NaN,NaN,NaN,NaN,13.2978089745131,6.66403041719049,13.2978136351868,16.5262776764216
137,1,NonStim,0,1,503.1313,504.1041,NaN,0.972999999999956,1000.00000002365,1,-0.1818,-1,1,0,0,0,0,NaN,NaN,NaN,NaN,NaN,NaN,NaN,6.64890691099227,6.66403078539817,13.2977995811751,6.66402377776744
138,1,Stim,1,1,506.355433333333,507.311866666667,-0.0636333333333141,0.95599999999996,1000.00000002365,2,-0.0909,-1,1,0,0,0,0,NaN,NaN,NaN,NaN,NaN,NaN,NaN,13.297811052099,6.6640187725595,13.297813667662,6.66402567541844
139,1,Stim,1,1,509.772366666667,510.7465,-0.0531999999999471,0.973999999999933,1000.00000002365,1,-0.6363,-1,1,0,1,0,0,NaN,NaN,NaN,NaN,NaN,NaN,NaN,6.64890713455659,17.1746051533146,13.2978071662785,6.6640256205167
140,1,NonStim,0,1,513.149866666667,514.133233333333,NaN,0.984000000000037,1000.00000002365,4,0.6363,1,1,0,2,0,0,NaN,NaN,NaN,NaN,NaN,NaN,NaN,13.2977976923588,19.3628397314932,13.2978143082833,6.66403127472559
141,1,Stim,1,1,516.506633333333,517.480633333333,-0.0606333333332714,0.974000000000046,1000.00000002365,4,-1,-1,1,0,0,0,0,NaN,NaN,NaN,NaN,NaN,NaN,NaN,6.64890695195358,6.66402897073528,13.2978112845609,6.66402820024637
143,1,NonStim,0,1,521.533,522.489866666667,NaN,0.956999999999994,1000.00000002365,3,1,1,1,0,0,0,0,NaN,NaN,NaN,NaN,NaN,NaN,NaN,6.64890690564481,18.6366819228126,13.2978133622091,6.66402206397189
144,1,Stim,1,1,524.834166666667,525.8111,-0.0568333333333157,0.976999999999975,1000.00000002365,3,-0.0909,-1,0,1,0,0,0,NaN,NaN,NaN,NaN,NaN,NaN,NaN,6.64890683492112,6.66402920517024,13.2978141920257,6.66402744116011
146,1,NonStim,0,1,529.819,530.784933333333,NaN,0.966000000000008,1000.00000002365,4,-0.3636,-1,1,0,0,0,0,NaN,NaN,NaN,NaN,NaN,NaN,NaN,13.2978133331585,15.3698885324251,13.2978121594997,6.66403093807046
147,1,Stim,1,1,533.159533333333,534.1254,-0.0612999999999602,0.966000000000008,1000.00000002365,2,1,1,1,0,1,0,0,NaN,NaN,NaN,NaN,NaN,NaN,NaN,13.2978009137714,6.66402770151885,13.2978116620647,6.66400967622234
148,1,NonStim,0,1,536.5593,537.537333333333,NaN,0.978000000000065,1000.00000002365,2,-0.0909,-1,0,0,0,0,0,NaN,NaN,NaN,NaN,NaN,NaN,NaN,13.2977975426639,6.66403015564904,13.2978142139765,6.66401093060322
151,1,NonStim,0,1,544.318233333333,545.293666666667,NaN,0.975000000000023,1000.00000002365,4,0.4545,1,1,0,0,0,0,NaN,NaN,NaN,NaN,NaN,NaN,NaN,13.2978069171834,6.66402813376333,13.2978120257179,6.66403133841442
153,1,NonStim,0,1,550.6547,551.6186,NaN,0.964000000000055,1000.00000002365,3,0.6363,1,1,1,3,1,1.03734439834019,0.193548484034248,25.3073771957503,14.9999999996453,0.883347943397304,-0.468717837185394,332.048899283627,1,6.64890566062447,18.9116964199512,13.2978048942847,6.66401231426272
154,1,Stim,1,1,554.145033333333,555.110066666667,-0.0625999999999749,0.965000000000032,1000.00000002365,2,-1,-1,1,1,1,1,1.03626943005178,0.16370368450789,20.4600969135318,9.99999999976353,0.755627712297703,-0.655001343821324,319.080248149392,1,13.2978143094819,6.66403004488482,13.2978138619075,17.4263843293993
155,1,Stim,1,1,557.5051,558.482,-0.0564333333333025,0.976999999999975,1000.00000002365,4,-0.4545,-1,1,0,0,0,0,NaN,NaN,NaN,NaN,NaN,NaN,NaN,6.64890714162433,17.3554929148293,13.2978134863554,6.66402886107281
156,1,NonStim,0,1,560.855,561.811066666667,NaN,0.956999999999994,1000.00000002365,3,0.4545,1,1,0,0,0,0,NaN,NaN,NaN,NaN,NaN,NaN,NaN,13.2977943969131,15.8405956188477,13.2978141086875,6.66403136824858
157,1,Stim,1,1,564.2309,565.195866666667,-0.0599333333332197,0.965000000000032,1000.00000002365,2,-0.4545,-1,1,0,2,0,0,NaN,NaN,NaN,NaN,NaN,NaN,NaN,13.2978063546012,17.1432362535028,13.2978124203623,6.66402938987634
158,1,NonStim,0,1,567.5886,568.575066666667,NaN,0.986999999999966,1000.00000002365,4,-0.6363,-1,1,2,3,2,2.02634245187444,0.217389028156967,23.2897387838499,15.9999999996217,-0.0626867007856934,-0.0878793713778205,234.498723367639,0.107946312438897,13.2978046591092,6.66399405545463,13.297812371189,6.66403007109467
160,1,NonStim,0,1,573.739133333333,574.716266666667,NaN,0.976999999999975,1000.00000002365,3,-0.3636,-1,1,0,2,0,0,NaN,NaN,NaN,NaN,NaN,NaN,NaN,13.2978138172457,16.4029937417689,19.946716519756,6.66403067331097
162,1,Stim,1,1,578.8981,579.854266666667,-0.0658999999999423,0.956000000000017,1000.00000002365,2,0.0909,1,1,0,0,0,0,NaN,NaN,NaN,NaN,NaN,NaN,NaN,6.64890667241573,17.5229290526642,13.2978139597786,6.66402575077653
163,1,NonStim,0,1,582.290366666667,583.264333333333,NaN,0.973999999999933,1000.00000002365,3,-0,-1,0,0,1,0,0,NaN,NaN,NaN,NaN,NaN,NaN,NaN,13.2977870186814,20.9181083465396,13.2978141000561,6.66401110881085
164,1,Stim,1,1,585.632366666667,586.598266666667,-0.0526333333333469,0.965999999999894,1000.00000002365,1,0.1818,1,1,4,0,0,0,NaN,NaN,NaN,NaN,NaN,NaN,NaN,6.64890684997019,6.66399941075382,19.9466984197667,6.66401341921389
165,1,NonStim,0,1,588.8417,589.814933333333,NaN,0.972999999999956,1000.00000002365,4,-0.0909,-1,1,2,1,1,1.02774922918812,0.139626834734604,17.7651552327812,10.9999999997399,1,0,0,1,6.64890681254347,6.66402804580142,13.2978089944542,17.1997133323149
166,1,Stim,1,1,592.166833333333,593.141166666667,-0.0557666666666137,0.974999999999909,1000.00000002365,4,-0.6363,-1,1,0,0,0,0,NaN,NaN,NaN,NaN,NaN,NaN,NaN,6.64890675158107,16.5557787178085,13.2978142641866,17.4382603015187
167,1,Stim,1,1,595.5342,596.517,-0.0517999999999574,0.983000000000061,1000.00000002365,4,-0.3636,-1,1,3,0,0,0,NaN,NaN,NaN,NaN,NaN,NaN,NaN,6.64890700575897,6.66401839448304,13.2978143087835,19.534789777594
168,1,NonStim,0,1,598.8595,599.831733333333,NaN,0.97199999999998,1000.00000002365,1,-0.6363,-1,1,0,0,0,0,NaN,NaN,NaN,NaN,NaN,NaN,NaN,6.64890713797111,6.66402958957035,13.2978126063226,18.1329678656042
171,1,Stim,1,1,605.910166666667,606.8749,-0.0620999999999867,0.964000000000055,1000.00000002365,3,0.4545,1,1,0,0,0,0,NaN,NaN,NaN,NaN,NaN,NaN,NaN,6.64890480207996,17.8383801537435,13.2978098415868,6.66403152605945
172,1,NonStim,0,1,609.244366666667,610.218466666667,NaN,0.973999999999933,1000.00000002365,3,0.3636,1,1,0,0,0,0,NaN,NaN,NaN,NaN,NaN,NaN,NaN,13.2978078131677,6.66402264052256,13.2978138296367,6.66403152686404
173,1,NonStim,0,1,612.644633333333,613.621966666667,NaN,0.976999999999975,1000.00000002365,1,-0.0909,-1,1,0,0,0,0,NaN,NaN,NaN,NaN,NaN,NaN,NaN,6.64890688242664,6.6640252409699,13.2978123287761,6.66403081662785
174,1,Stim,1,1,616.0114,616.976433333333,-0.0639333333333525,0.965000000000032,1000.00000002365,3,0.0909,1,1,1,1,1,1.03626943005178,0.23945864172037,26.1918655664221,19.9999999995271,0.706303763943933,-0.707908887526236,314.934969633261,1,13.2977744303103,6.6640250574624,13.2978141724125,6.66399004609257
175,1,NonStim,0,1,619.404533333333,620.370466666667,NaN,0.966000000000008,1000.00000002365,2,-0,-1,1,1,1,1,1.03519668737059,0.211484604674754,25.9996612108137,12.9999999996926,0.550190182595897,-0.835039378098478,303.380061267311,1,13.2978093158181,6.66403063059934,19.9467108221712,6.66403095136966
176,1,NonStim,0,1,622.687566666667,623.652133333333,NaN,0.965000000000032,1000.00000002365,2,1,1,1,4,0,0,0,NaN,NaN,NaN,NaN,NaN,NaN,NaN,6.64890708044932,6.66402690636281,13.2978129505723,18.1167162092358
177,1,Stim,1,1,626.046833333333,627.013033333333,-0.0512666666666064,0.966999999999985,1000.00000002365,3,0.1818,1,1,0,1,0,0,NaN,NaN,NaN,NaN,NaN,NaN,NaN,13.2978014480596,18.8027849821489,13.2978131947693,6.66402768976331
178,1,Stim,1,1,629.3714,630.346066666667,-0.0504999999999427,0.975000000000023,1000.00000002365,1,-1,-1,1,1,1,1,1.025641025641,0.0975663586606581,13.3740485980567,10.9999999997399,0.136333109117677,0.99066305238376,82.1642858080232,1,13.2978138453361,6.66403028243429,13.2978136603306,6.66403060770125
179,1,NonStim,0,1,632.739366666667,633.713366666667,NaN,0.973999999999933,1000.00000002365,2,0.3636,1,1,0,1,0,0,NaN,NaN,NaN,NaN,NaN,NaN,NaN,6.64890689508067,16.7188698807908,13.297813833409,6.66401992485292
180,1,Stim,1,1,636.122966666667,637.0991,-0.0524000000000342,0.976999999999975,1000.00000002365,1,0.4545,1,1,0,0,0,0,NaN,NaN,NaN,NaN,NaN,NaN,NaN,6.64890689140825,6.66403150920941,13.2978084036468,6.66402945954425
181,1,NonStim,0,1,639.4903,640.447766666667,NaN,0.956999999999994,1000.00000002365,2,-0.3636,-1,1,0,0,0,0,NaN,NaN,NaN,NaN,NaN,NaN,NaN,6.64890714916241,6.66402931994695,13.2978141801351,6.66403097125819
182,1,NonStim,0,1,642.833866666667,643.805266666667,NaN,0.97199999999998,1000.00000002365,3,-0.6363,-1,1,0,0,0,0,NaN,NaN,NaN,NaN,NaN,NaN,NaN,6.64890700663228,18.4027084847824,13.2978141781048,6.6640299518239
183,1,Stim,1,1,646.2651,647.232733333333,-0.0541000000000622,0.966999999999985,1000.00000002365,1,-0.1818,-1,0,2,0,0,0,NaN,NaN,NaN,NaN,NaN,NaN,NaN,6.64890714360123,6.66402459109922,13.2978068101541,6.66403128103168
184,1,Stim,1,1,649.584833333333,650.549866666667,-0.0574333333333925,0.964999999999918,1000.00000002365,3,-1,-1,1,0,0,0,0,NaN,NaN,NaN,NaN,NaN,NaN,NaN,6.64890715026583,6.66403116373975,13.2978135421976,6.66403033874783
185,1,NonStim,0,1,652.958233333333,653.9496,NaN,0.990999999999985,1000.00000002365,1,-0.4545,-1,1,2,0,0,0,NaN,NaN,NaN,NaN,NaN,NaN,NaN,6.64890710358445,6.66401536963439,13.2978132363722,6.66401419021832
186,1,Stim,1,1,656.3001,657.2686,-0.0700333333332992,0.967999999999961,1000.00000002365,3,-0,-1,0,2,1,1,1.03305785123971,0.326867387808772,31.8016036915437,20.9999999995034,-0.0305286604662166,-0.99953389181665,268.250564783961,1,6.64890632728772,6.66401926316572,19.9466345032851,6.6640231520974
187,1,Stim,1,1,659.6171,660.584733333333,-0.050133333333406,0.966999999999871,1000.00000002365,3,0.6363,1,1,35,1,1,1.03412616339207,0.0332929387485334,9.41367297706711,17.9999999995744,0.599127509112614,-0.80065362537399,306.807435611876,1,6.64890551457301,3.46944695203566e-15,13.2978136582832,6.66402900041724
188,1,Stim,1,1,662.9511,663.919833333333,-0.0561333333333778,0.967999999999961,1000.00000002365,4,-0.0909,-1,0,1,0,0,0,NaN,NaN,NaN,NaN,NaN,NaN,NaN,13.2978093262138,6.66402771560522,19.9467054518058,6.66403072549614
189,1,NonStim,0,1,666.376933333333,667.350166666667,NaN,0.974000000000046,1000.00000002365,4,0.3636,1,1,0,0,0,0,NaN,NaN,NaN,NaN,NaN,NaN,NaN,13.2978132908969,6.66402901471727,13.2978140247657,6.6640279963221
190,1,Stim,1,1,669.770766666667,670.726366666667,-0.064899999999966,0.956000000000017,1000.00000002365,3,-0.3636,-1,0,2,1,0,0,NaN,NaN,NaN,NaN,NaN,NaN,NaN,6.64890706342119,6.66401927157633,13.2978141920257,6.66402658867423
191,1,NonStim,0,1,673.311933333333,674.279266666667,NaN,0.967999999999961,1000.00000002365,2,-1,-1,1,1,2,1,1.03305785123971,0.152933095471687,18.472987732551,13.9999999996689,0.588594666474038,-0.80842830145803,306.057344767987,1,13.2977990563607,18.2685764314245,13.2978114314059,6.66399273496827
192,1,NonStim,0,1,676.661733333333,677.645066666667,NaN,0.983999999999924,1000.00000002365,1,-0,-1,1,0,0,0,0,NaN,NaN,NaN,NaN,NaN,NaN,NaN,13.2978018389038,17.0934938659458,13.2978134507754,6.66400321086985
193,1,NonStim,0,1,679.978366666667,680.953233333333,NaN,0.974999999999909,1000.00000002365,1,0.6363,1,1,0,0,0,0,NaN,NaN,NaN,NaN,NaN,NaN,NaN,6.64890703365271,17.3288506683535,13.297813180426,6.66402606290277
194,1,Stim,1,1,683.179566666667,684.1627,-0.0485999999999649,0.983000000000061,1000.00000002365,4,0.0909,1,1,0,0,0,0,NaN,NaN,NaN,NaN,NaN,NaN,NaN,6.6489068892541,13.3280536511005,13.2978122272125,6.66401866940807
195,1,NonStim,0,1,686.6121,687.587733333333,NaN,0.974999999999909,1000.00000002365,4,-0.4545,-1,1,0,0,0,0,NaN,NaN,NaN,NaN,NaN,NaN,NaN,13.297810342572,6.6639810542163,13.2978133580858,6.66402702436687
196,1,Stim,1,1,689.9388,690.9155,-0.0583666666666431,0.976999999999975,1000.00000002365,3,1,1,1,0,1,0,0,NaN,NaN,NaN,NaN,NaN,NaN,NaN,6.64890411147471,17.4763988824191,13.2978142227987,6.66403134153867
197,1,NonStim,0,1,693.405933333333,694.3739,NaN,0.968000000000075,1000.00000002365,1,-0.3636,-1,1,2,2,1,1.03305785123959,0.130114684655449,15.5887950255781,12.9999999996926,-0.229971273353947,-0.973197417501693,256.70461950401,1,13.297801591217,6.66403054312791,13.2978129272614,6.66403002403181
198,1,Stim,1,1,696.747933333333,697.7226,-0.0557999999999765,0.974999999999909,1000.00000002365,1,-0,-1,1,0,1,0,0,NaN,NaN,NaN,NaN,NaN,NaN,NaN,13.2978083723583,13.3280320910655,13.2978124504863,6.66402827822681
199,1,NonStim,0,1,700.2734,701.2299,NaN,0.956000000000017,1000.00000002365,3,-0.4545,-1,1,1,0,0,0,NaN,NaN,NaN,NaN,NaN,NaN,NaN,13.2978037912018,6.66389313694575,19.946672286112,6.66402783887272
200,1,Stim,1,1,703.6318,704.6124,-0.0616666666664969,0.980999999999995,1000.00000002365,4,0.3636,1,1,1,1,1,1.01936799184506,0.179488270663047,23.3909388230657,11.9999999997162,0.890185984592074,-0.455597314342216,332.896626928571,1,13.2977946228696,17.145953067327,13.2978064758761,6.66403021176102
201,1,NonStim,0,1,706.825466666667,707.798466666667,NaN,0.972999999999956,1000.00000002365,3,0.0909,1,0,0,0,0,0,NaN,NaN,NaN,NaN,NaN,NaN,NaN,13.2978116172961,16.9042708004062,13.2978103115516,6.66403117631342
202,1,NonStim,0,1,710.157866666667,711.1346,NaN,0.976999999999975,1000.00000002365,1,0.4545,1,1,0,1,0,0,NaN,NaN,NaN,NaN,NaN,NaN,NaN,13.2978064971807,19.1329661400192,13.2977992348687,6.66402991033056
203,1,Stim,1,1,713.474166666667,714.458066666667,-0.0564000000000533,0.983999999999924,1000.00000002365,4,0.1818,1,1,1,0,0,0,NaN,NaN,NaN,NaN,NaN,NaN,NaN,6.64890715249487,6.66401788918512,13.2978126648686,13.327980324077
204,1,Stim,1,1,716.793966666667,717.765266666667,-0.0602333333332581,0.97199999999998,1000.00000002365,3,-0.4545,-1,1,0,0,0,0,NaN,NaN,NaN,NaN,NaN,NaN,NaN,6.64890708463037,16.6122060127412,13.2978139146158,6.66403070654793
205,1,Stim,1,1,720.0342,721.006933333333,-0.0523666666665576,0.97199999999998,1000.00000002365,2,-0.3636,-1,1,0,0,0,0,NaN,NaN,NaN,NaN,NaN,NaN,NaN,6.64890686066649,6.66402895245746,13.2978118442379,15.3653379482677
206,1,Stim,1,1,723.2599,724.234966666667,-0.0556666666666388,0.975000000000023,1000.00000002365,4,0.4545,1,1,0,1,0,0,NaN,NaN,NaN,NaN,NaN,NaN,NaN,6.64890702902755,15.4048787438265,13.2978128702492,6.66396312939481
207,1,Stim,1,1,726.6343,727.6198,-0.0516000000000076,0.985000000000014,1000.00000002365,2,0.3636,1,1,0,0,0,0,NaN,NaN,NaN,NaN,NaN,NaN,NaN,13.2977906885994,17.0661184804152,13.297813356434,6.66403096451723
208,1,Stim,1,1,729.978633333333,730.984766666667,-0.0597666666667465,1.00599999999997,1000.00000002365,4,-0.1818,-1,0,2,0,0,0,NaN,NaN,NaN,NaN,NaN,NaN,NaN,6.64890685621535,6.66402932351471,13.2978134978333,6.66403152686404
209,1,Stim,1,1,733.352433333333,734.326433333333,-0.0532000000000608,0.974000000000046,1000.00000002365,1,-0.4545,-1,1,1,1,1,1.02669404517449,0.127881599324325,20.4600514457135,11.9999999997162,0.679621336337066,-0.733563111937494,312.81406001149,1,6.64890663816191,6.66402432929399,13.2978129496019,6.66402452292421
210,1,Stim,1,1,736.844966666667,737.811133333333,-0.0617999999999483,0.966999999999985,1000.00000002365,3,-0.6363,-1,1,0,0,0,0,NaN,NaN,NaN,NaN,NaN,NaN,NaN,13.297807995168,16.6042307963253,13.2978108824269,17.6087900201891
211,1,NonStim,0,1,740.186233333333,741.146766666667,NaN,0.959999999999923,1000.00000002365,2,-0.6363,-1,1,1,1,1,1.04166666666675,0.134083227167933,12.9309349136783,14.9999999996453,-0.44640123043637,0.894832912595919,116.513023988548,1,13.2978117686682,6.66402250819542,13.2978104275895,6.66401396948606
212,1,NonStim,0,1,743.695033333333,744.652866666667,NaN,0.956999999999994,1000.00000002365,3,-0.0909,-1,0,0,0,0,0,NaN,NaN,NaN,NaN,NaN,NaN,NaN,6.64890666154873,15.8648134541157,13.2978128803848,6.6640044502816
214,1,NonStim,0,1,748.621666666667,749.6154,NaN,0.994000000000028,1000.00000002365,1,0.0909,1,1,3,1,1,1.00603621730379,0.313245185720962,26.6560924474632,20.9999999995034,0.010613585781637,-0.999943674312136,270.608125088519,1,6.64890691511145,6.66402291272607,13.297805805977,6.66403087076122
215,1,Stim,1,1,752.121233333333,753.0985,-0.0573333333333039,0.976999999999975,1000.00000002365,2,0.4545,1,1,0,1,0,0,NaN,NaN,NaN,NaN,NaN,NaN,NaN,13.2978078240734,18.4024057134419,13.2978134545716,6.66403133867577
216,1,Stim,1,1,755.3384,756.324,-0.0512666666666064,0.985999999999876,1000.00000002365,2,-0.6363,-1,1,0,1,0,0,NaN,NaN,NaN,NaN,NaN,NaN,NaN,13.2978093304162,18.5342570226183,13.2978013956864,6.6639603858769
217,1,Stim,1,1,758.8398,759.804733333333,-0.0655333333332919,0.964999999999918,1000.00000002365,2,0.1818,1,1,0,1,0,0,NaN,NaN,NaN,NaN,NaN,NaN,NaN,6.64890704344315,6.66403115682154,13.297813895992,6.66400937765965
218,1,Stim,1,1,762.1318,763.104433333333,-0.049733333333279,0.97300000000007,1000.00000002365,4,1,1,1,2,1,1,1.027749229188,0.100359997474305,16.5070756323803,10.9999999997399,0.36493330676848,-0.931033662984869,291.403478347063,1,13.2978078735517,6.66402984865355,13.2978142005676,6.66402771911838
219,1,NonStim,0,1,765.648466666667,766.631666666667,NaN,0.982999999999947,1000.00000002365,3,0.1818,1,1,0,34,0,0,NaN,NaN,NaN,NaN,NaN,NaN,NaN,6.64890700110301,17.8965158135142,13.297811247649,6.93889390407131e-15
220,1,NonStim,0,1,769.182066666667,770.164466666667,NaN,0.981999999999971,1000.00000002365,4,-1,-1,1,0,0,0,0,NaN,NaN,NaN,NaN,NaN,NaN,NaN,13.2977903459584,18.0262741700788,13.297813444368,6.66402691023484
221,1,NonStim,0,1,772.491966666667,773.459433333333,NaN,0.967999999999961,1000.00000002365,2,-0.4545,-1,1,0,0,0,0,NaN,NaN,NaN,NaN,NaN,NaN,NaN,6.64890714196502,18.4457735567727,13.2978081391423,6.6640293270796
222,1,NonStim,0,1,775.833766666667,776.806966666667,NaN,0.97300000000007,1000.00000002365,3,-0.1818,-1,1,0,0,0,0,NaN,NaN,NaN,NaN,NaN,NaN,NaN,6.64890612639038,6.66403077865594,13.2978119798947,6.66401422520607
223,1,Stim,1,1,779.168633333333,780.141833333333,-0.0581333333333305,0.972999999999956,1000.00000002365,4,0.6363,1,1,1,1,1,1.02774922918812,0.0942584804853877,10.4713829913144,11.9999999997162,0.141106801774884,0.989994379020843,81.8881028517805,1,6.64890691832329,6.66402619129063,13.2978122125312,6.66402926156626
224,1,NonStim,0,1,782.526,783.492366666667,NaN,0.966999999999985,1000.00000002365,1,1,1,1,0,1,0,0,NaN,NaN,NaN,NaN,NaN,NaN,NaN,6.6489071458741,17.2650177675884,13.2978139894076,6.6640296853392
225,1,NonStim,0,1,785.942766666667,786.907633333333,NaN,0.965000000000032,1000.00000002365,1,0.3636,1,1,0,0,0,0,NaN,NaN,NaN,NaN,NaN,NaN,NaN,6.64890634461646,17.5748690715177,13.2978131491067,17.0727292429571
226,1,Stim,1,1,789.136233333333,790.1025,-0.0546999999999116,0.966000000000008,1000.00000002365,1,0.3636,1,1,0,0,0,0,NaN,NaN,NaN,NaN,NaN,NaN,NaN,13.2978115674886,6.66402782440455,13.297814248233,6.66402339098691
227,1,Stim,1,1,792.468066666667,793.4455,-0.0540333333333365,0.976999999999975,1000.00000002365,1,1,1,1,0,1,0,0,NaN,NaN,NaN,NaN,NaN,NaN,NaN,13.2978025023092,6.66402835783966,13.2977973559666,6.66402242258914
228,1,NonStim,0,1,795.844333333333,796.8163,NaN,0.97199999999998,1000.00000002365,4,0.0909,1,0,0,0,0,0,NaN,NaN,NaN,NaN,NaN,NaN,NaN,6.64890707343958,6.66403084172561,13.2978121159718,6.66403148808825
229,1,NonStim,0,1,799.186833333333,800.152233333333,NaN,0.966000000000008,1000.00000002365,3,0.6363,1,1,1,1,1,1.03519668737059,0.189531046206919,18.9738612089638,15.9999999996217,0.175404141937172,-0.984496514463756,280.102177521938,1,6.64890698473697,6.66402921431325,13.2978137278778,6.66402919692613
230,1,NonStim,0,1,802.5781,803.5522,NaN,0.974000000000046,1000.00000002365,4,0.4545,1,1,0,1,0,0,NaN,NaN,NaN,NaN,NaN,NaN,NaN,6.64890684732131,13.3280505510366,13.2978087177618,6.6640279929358
231,1,NonStim,0,1,806.0628,807.044666666667,NaN,0.981999999999971,1000.00000002365,1,0.4545,1,1,1,1,1,1.01832993890023,0.155702811337219,18.8961549528731,10.9999999997399,-0.662190699699586,-0.749335356987359,228.532837220494,1,13.2977930180039,6.6640308161213,13.2977988945085,6.66403115835274
233,1,NonStim,0,1,812.3897,813.363666666667,NaN,0.974000000000046,1000.00000002365,3,-0,-1,1,0,2,0,0,NaN,NaN,NaN,NaN,NaN,NaN,NaN,6.64890695890022,16.5929461351939,13.2978110107256,6.66402377275143
234,1,NonStim,0,1,815.7387,816.720766666667,NaN,0.981999999999971,1000.00000002365,4,0.6363,1,1,0,0,0,0,NaN,NaN,NaN,NaN,NaN,NaN,NaN,13.2977963572489,17.3787881063705,13.297809717296,6.66402915085949
235,1,Stim,1,1,819.055766666667,820.0314,-0.0517999999999574,0.975999999999885,1000.00000002365,4,0.0909,1,1,0,0,0,0,NaN,NaN,NaN,NaN,NaN,NaN,NaN,13.2977965643732,6.66403120932861,13.2977962800395,6.66402709797644
236,1,Stim,1,1,822.489933333333,823.454933333333,-0.0628999999998996,0.964999999999918,1000.00000002365,3,-0.1818,-1,1,2,0,0,0,NaN,NaN,NaN,NaN,NaN,NaN,NaN,6.64890708351666,6.66402816797261,13.2978139781875,18.8435103477158
237,1,NonStim,0,1,825.8236,826.821466666667,NaN,0.998000000000047,1000.00000002365,4,1,1,1,4,0,0,0,NaN,NaN,NaN,NaN,NaN,NaN,NaN,6.64890715335949,6.66403140539084,13.2978142551925,6.66403125939108
238,1,Stim,1,1,829.090266666667,830.0549,-0.052666666666596,0.963999999999942,1000.00000002365,1,-1,-1,1,0,0,0,0,NaN,NaN,NaN,NaN,NaN,NaN,NaN,13.2977950486348,6.66402699628734,13.2978086601434,6.66401343965112
239,1,NonStim,0,1,832.307833333333,833.274066666667,NaN,0.966999999999985,1000.00000002365,3,0.1818,1,1,1,4,1,1.03412616339195,0.145499329661407,20.2665914893808,11.9999999997162,0.252821207623958,-0.96751301643728,284.644519739879,1,6.64890210483172,13.3280481326613,13.2977996590254,6.66402705997825
240,1,NonStim,0,1,835.691166666667,836.682733333333,NaN,0.990999999999985,1000.00000002365,3,0.4545,1,1,0,1,0,0,NaN,NaN,NaN,NaN,NaN,NaN,NaN,13.2978081572826,19.1147735800997,13.2978141612248,6.66402252197702
241,1,NonStim,0,1,838.950233333333,839.9182,NaN,0.967999999999961,1000.00000002365,2,1,1,1,1,2,0,0,NaN,NaN,NaN,NaN,NaN,NaN,NaN,13.29776533187,6.66401951639971,13.2978126234888,6.66402585235478
242,1,Stim,1,1,842.150133333333,843.110266666667,-0.0714666666666517,0.960000000000036,1000.00000002365,2,-0,-1,0,0,0,0,0,NaN,NaN,NaN,NaN,NaN,NaN,NaN,13.2978064260523,6.66403012992258,13.2977935689401,13.3280163146906
244,1,NonStim,0,1,848.5518,849.518266666667,NaN,0.966999999999985,1000.00000002365,2,-0.3636,-1,1,36,0,0,0,NaN,NaN,NaN,NaN,NaN,NaN,NaN,6.64890705262971,6.93889390407131e-15,13.2978115084182,6.66403002360141
245,1,NonStim,0,1,851.834033333333,852.800433333333,NaN,0.965999999999894,1000.00000002365,1,-0.1818,-1,1,0,0,0,0,NaN,NaN,NaN,NaN,NaN,NaN,NaN,6.64890708191024,17.507084836115,13.2978135917828,6.66402960125739
248,1,Stim,1,1,859.777166666667,860.7457,-0.0558333333334531,0.967999999999961,1000.00000002365,3,1,1,1,0,0,0,0,NaN,NaN,NaN,NaN,NaN,NaN,NaN,13.2978074258684,15.4632762170905,13.2978142696111,6.66401860688611
249,1,NonStim,0,1,863.178533333333,864.159633333333,NaN,0.980999999999995,1000.00000002365,3,-0.0909,-1,0,1,0,0,0,NaN,NaN,NaN,NaN,NaN,NaN,NaN,6.64890575704072,6.66403092088237,13.2978123593879,6.66403044871496
250,1,Stim,1,1,866.4786,867.462466666667,-0.0482666666666773,0.983999999999924,1000.00000002365,1,-0.0909,-1,1,2,1,1,1.0162601626017,0.206205125886395,20.9427611450612,17.9999999995744,0.242017611236258,0.97027185667291,75.994347940207,1,6.64890703737242,6.66400723691793,13.2978117952995,6.66401417271117
251,1,Stim,1,1,869.8542,870.810566666667,-0.0649666666666917,0.955999999999904,1000.00000002365,2,-0.6363,-1,1,0,0,0,0,NaN,NaN,NaN,NaN,NaN,NaN,NaN,6.6489067948781,16.4673075052527,13.2978131872151,6.66402925956379
252,1,Stim,1,1,873.254566666667,874.236766666667,-0.0549333333333379,0.981999999999971,1000.00000002365,4,-0.0909,-1,1,1,36,1,1.01832993890023,0.12182449887243,18.8480447236574,24.9999999994088,0.796029860924166,0.605257350650988,37.2473629071422,1,13.2977683413862,6.66402802897269,13.2978130040586,1.09713545895616e-14
253,1,Stim,1,1,876.6888,877.671933333333,-0.0516000000000076,0.983000000000061,1000.00000002365,1,0.6363,1,1,1,1,1,1.01729399796535,0.116558042751357,12.9447732925384,13.9999999996689,0.599127555632537,-0.800653590563223,306.8074389409,1,6.64890710167166,6.66402499621818,13.297810535099,6.66402185407032
254,1,NonStim,0,1,879.922833333333,880.905066666667,NaN,0.982999999999947,1000.00000002365,4,-0,-1,0,0,0,0,0,NaN,NaN,NaN,NaN,NaN,NaN,NaN,6.64890641467412,19.9920845864052,13.2978131801754,6.66403111278551
255,1,Stim,1,1,883.2476,884.216266666667,-0.0589666666667199,0.968999999999937,1000.00000002365,4,1,1,1,2,1,1,1.03199174406611,0.10444283936053,16.5070885153587,8.99999999978718,0.446401147360227,-0.894832954039732,296.513018669218,1,13.2978038952479,6.66402937668516,13.2978134058855,6.66403140518052
256,1,NonStim,0,1,886.549533333333,887.512166666667,NaN,0.962999999999965,1000.00000002365,3,-1,-1,1,1,1,1,1.0384215991693,0.120110486723944,16.490811429797,9.99999999976353,0.553827914617932,0.832631155428352,56.369977655731,1,6.64890711922108,6.66402767445414,13.2978135917828,6.66403049987247
257,1,Stim,1,1,889.8658,890.848866666667,-0.056233333333239,0.982999999999947,1000.00000002365,3,-0.0909,-1,1,1,0,0,0,NaN,NaN,NaN,NaN,NaN,NaN,NaN,6.64890683762304,18.2243665414999,13.2978100905803,6.66402890988001
258,1,Stim,1,1,893.274966666667,894.242366666667,-0.0618333333333112,0.967999999999961,1000.00000002365,2,-0.0909,-1,0,0,0,0,0,NaN,NaN,NaN,NaN,NaN,NaN,NaN,6.64890696650563,6.66402196766598,13.2978131766469,6.6640285763285
259,1,NonStim,0,1,896.641633333333,897.6056,NaN,0.963999999999942,1000.00000002365,2,-0.4545,-1,1,0,1,0,0,NaN,NaN,NaN,NaN,NaN,NaN,NaN,13.2978124354546,18.9969391625092,13.2978142891796,6.66403152390315
261,1,Stim,1,1,901.6919,902.6653,-0.0546333333332996,0.973999999999933,1000.00000002365,2,0.3636,1,1,0,1,0,0,NaN,NaN,NaN,NaN,NaN,NaN,NaN,6.64890712056195,13.5746728365714,13.297813705873,6.66402660334367
262,1,NonStim,0,1,905.033633333333,906.0085,NaN,0.975000000000023,1000.00000002365,4,0.0909,1,0,1,0,0,0,NaN,NaN,NaN,NaN,NaN,NaN,NaN,6.64890681498986,6.66402818995117,13.2978139392173,6.66402686755328
263,1,Stim,1,1,908.367833333333,909.3238,-0.0635333333333392,0.955999999999904,1000.00000002365,3,-0.3636,-1,0,0,1,0,0,NaN,NaN,NaN,NaN,NaN,NaN,NaN,13.2978070637212,16.5472056296469,13.2978139366378,4.71214762644336
264,1,Stim,1,1,911.6594,912.633333333333,-0.0582666666665546,0.974000000000046,1000.00000002365,2,-0.1818,-1,0,0,0,0,0,NaN,NaN,NaN,NaN,NaN,NaN,NaN,6.64890715393334,16.0714838388578,13.2978141027924,6.66403050716596
265,1,NonStim,0,1,915.1108,916.093466666667,NaN,0.982999999999947,1000.00000002365,2,0.3636,1,1,1,0,0,0,NaN,NaN,NaN,NaN,NaN,NaN,NaN,6.64890710304159,17.1893969851747,13.2978133851335,6.66402272268075
266,1,Stim,1,1,918.460533333333,919.425166666667,-0.0558333333333394,0.964999999999918,1000.00000002365,2,0.6363,1,1,0,0,0,0,NaN,NaN,NaN,NaN,NaN,NaN,NaN,13.2978073836137,6.66402880091763,13.2978101819055,6.66403012138935
267,1,NonStim,0,1,921.794366666667,922.768533333333,NaN,0.974000000000046,1000.00000002365,2,-0,-1,0,4,0,0,0,NaN,NaN,NaN,NaN,NaN,NaN,NaN,6.64890714471016,4.71215890769442,13.297812555135,13.3280080409964
268,1,NonStim,0,1,925.203733333333,926.1846,NaN,0.980999999999995,1000.00000002365,3,-0.3636,-1,1,1,0,0,0,NaN,NaN,NaN,NaN,NaN,NaN,NaN,6.6489070687665,6.66402617602023,13.2978121579463,6.66403077031598
269,1,NonStim,0,1,928.411433333333,929.376733333333,NaN,0.964999999999918,1000.00000002365,1,0.3636,1,1,0,0,0,0,NaN,NaN,NaN,NaN,NaN,NaN,NaN,13.2977953403909,17.8734743083311,13.2978120585238,6.66403151581263
270,1,NonStim,0,1,931.762333333333,932.7364,NaN,0.973999999999933,1000.00000002365,1,1,1,1,0,1,0,0,NaN,NaN,NaN,NaN,NaN,NaN,NaN,6.64890672728576,20.0442464471417,13.2978119361911,6.66402780766578
271,1,Stim,1,1,935.063,936.035733333333,-0.0558666666667023,0.972999999999956,1000.00000002365,4,-0.6363,-1,1,2,0,0,0,NaN,NaN,NaN,NaN,NaN,NaN,NaN,6.6489068386333,6.66401848789348,13.2978086273387,6.66402116227481
272,1,Stim,1,1,938.364,939.329133333333,-0.0544666666667126,0.965999999999894,1000.00000002365,1,0.3636,1,1,0,1,0,0,NaN,NaN,NaN,NaN,NaN,NaN,NaN,13.2978087875895,18.3123967269676,13.297814132612,6.66403111317235
273,1,Stim,1,1,941.5969,942.5781,-0.0518666666666832,0.981999999999971,1000.00000002365,1,-0.1818,-1,1,1,0,0,0,NaN,NaN,NaN,NaN,NaN,NaN,NaN,13.2978113475257,6.66402780071306,13.297808663595,18.9682362793583
274,1,NonStim,0,1,944.9399,945.904666666667,NaN,0.964999999999918,1000.00000002365,3,0.3636,1,1,0,0,0,0,NaN,NaN,NaN,NaN,NaN,NaN,NaN,6.64890403267052,18.1108934018557,13.2978112030593,6.66400865112071
275,1,Stim,1,1,948.2815,949.237366666667,-0.0622999999999365,0.955999999999904,1000.00000002365,2,0.0909,1,0,0,0,0,0,NaN,NaN,NaN,NaN,NaN,NaN,NaN,13.2978137018201,17.3156110326501,13.2978108944297,6.6640304393371
276,1,NonStim,0,1,951.673233333333,952.637766666667,NaN,0.963999999999942,1000.00000002365,1,0.0909,1,0,0,0,0,0,NaN,NaN,NaN,NaN,NaN,NaN,NaN,6.64890705128652,17.7452504811885,13.2978101577447,6.66403047660512
277,1,Stim,1,1,955.198933333333,956.1923,-0.0537999999999101,0.994000000000028,1000.00000002365,1,-0.3636,-1,1,0,0,0,0,NaN,NaN,NaN,NaN,NaN,NaN,NaN,6.64890711492412,15.0948720986851,13.2978141319959,6.66402861437711
278,1,Stim,1,1,958.5744,959.5413,-0.0595333333333201,0.966999999999985,1000.00000002365,3,-0,-1,1,0,0,0,0,NaN,NaN,NaN,NaN,NaN,NaN,NaN,13.2978118264424,6.6640288019092,13.2978134412163,6.66402517454532
279,1,Stim,1,1,961.9591,962.922,-0.0655333333332919,0.962999999999965,1000.00000002365,3,0.6363,1,1,1,1,1,1.0384215991693,0.186810525984214,17.376877255429,14.9999999996453,0.373732302899192,-0.927536611552162,291.945983069814,1,6.64890685392202,6.66402550465148,13.2978134230545,6.66403142512757
280,1,Stim,1,1,965.266633333333,966.249566666667,-0.0471999999999753,0.982999999999947,1000.00000002365,2,-1,-1,1,0,1,0,0,NaN,NaN,NaN,NaN,NaN,NaN,NaN,13.2978073188703,17.1762440748038,13.2978098933161,6.66402627006962
281,1,Stim,1,1,968.675933333333,969.640533333333,-0.0570333333332655,0.964999999999918,1000.00000002365,3,0.4545,1,1,0,1,0,0,NaN,NaN,NaN,NaN,NaN,NaN,NaN,6.64890714893624,18.020067486343,13.2978134855874,13.3278351320464
282,1,Stim,1,1,972.034333333333,973.0085,-0.0550333333333128,0.974000000000046,1000.00000002365,1,1,1,1,3,1,1,1.02669404517449,0.0948325485926376,14.4338818882919,8.99999999978718,0.315582013342621,-0.948898304801214,288.39595297541,1,6.64890632837618,6.66401927157634,13.2978140971479,6.66402826088339
283,1,Stim,1,1,975.368966666667,976.3423,-0.0567999999999529,0.973999999999933,1000.00000002365,4,0.4545,1,1,3,1,1,1.02669404517461,0.134532848739987,15.706554565797,12.9999999996926,0.0992801933631911,-0.995059517418816,275.697722329059,1,6.6489069310932,6.66401433244754,13.2978107472416,6.66403149907475
284,1,NonStim,0,1,978.669,979.635433333333,NaN,0.966999999999985,1000.00000002365,2,0.6363,1,1,0,0,0,0,NaN,NaN,NaN,NaN,NaN,NaN,NaN,13.2978126851436,6.66403076455549,13.2978142776265,6.66403129572614
285,1,NonStim,0,1,981.9854,982.9599,NaN,0.973999999999933,1000.00000002365,4,-0.3636,-1,1,0,0,0,0,NaN,NaN,NaN,NaN,NaN,NaN,NaN,6.64890700988808,6.66402628520516,13.2978129281184,6.6640246982304
286,1,NonStim,0,1,985.311233333333,986.3027,NaN,0.990999999999985,1000.00000002365,4,-0.4545,-1,0,0,0,0,0,NaN,NaN,NaN,NaN,NaN,NaN,NaN,6.64890711762404,6.66402963362782,13.2978134863555,6.66402745571462
287,1,Stim,1,1,988.696633333333,989.6683,-0.0497333333333927,0.97199999999998,1000.00000002365,3,-0.6363,-1,1,0,1,0,0,NaN,NaN,NaN,NaN,NaN,NaN,NaN,6.64890697548406,17.7966078139297,13.2978111385853,4.71217306759759
288,1,NonStim,0,1,992.170566666667,993.145333333333,NaN,0.974999999999909,1000.00000002365,4,-0.0909,-1,1,0,0,0,0,NaN,NaN,NaN,NaN,NaN,NaN,NaN,6.64890572502065,6.66401533582287,13.2978137803567,6.66402689215149
289,1,Stim,1,1,995.5121,996.4864,-0.0505666666665547,0.973999999999933,1000.00000002365,3,0.3636,1,1,0,2,0,0,NaN,NaN,NaN,NaN,NaN,NaN,NaN,6.64890706231981,6.66402644943809,13.2978132240626,6.66400241675404
290,1,Stim,1,1,999.0383,1000.03606666667,-0.0580666666667184,0.997999999999934,1000.00000002365,2,1,1,1,0,0,0,0,NaN,NaN,NaN,NaN,NaN,NaN,NaN,13.297809558151,17.7342667897586,13.2978129298963,6.66402921979041
292,1,Stim,1,1,1005.53803333333,1006.51463333333,-0.0581666666666933,0.975999999999999,1000.00000002365,4,0.1818,1,1,3,1,0,0,NaN,NaN,NaN,NaN,NaN,NaN,NaN,6.64890713007967,6.66402237541593,13.2977928183699,6.66402942136972
293,1,NonStim,0,1,1008.89746666667,1009.8579,NaN,0.959999999999923,1000.00000002365,3,-0.4545,-1,1,1,0,0,0,NaN,NaN,NaN,NaN,NaN,NaN,NaN,6.6489071469665,6.66402596561041,19.9467146767236,6.66402703455599
294,1,NonStim,0,1,1012.33963333333,1013.30526666667,NaN,0.965999999999894,1000.00000002365,2,-0.1818,-1,0,0,0,0,0,NaN,NaN,NaN,NaN,NaN,NaN,NaN,13.2978121150177,6.66402963280123,13.2978102350372,6.66401629167867
295,1,Stim,1,1,1015.64086666667,1016.61526666667,-0.0546333333332996,0.975000000000023,1000.00000002365,4,-0.1818,-1,1,0,0,0,0,NaN,NaN,NaN,NaN,NaN,NaN,NaN,6.6489071286493,17.0565253827264,13.2978132237981,6.66403132213144
296,1,NonStim,0,1,1018.86576666667,1019.83793333333,NaN,0.97199999999998,1000.00000002365,1,0.1818,1,0,1,1,1,1.02880658436216,0.0935903469070337,14.2038227646355,13.9999999996689,0.818619151243276,0.574336735041159,35.0531965675087,1,6.64890652265437,18.191949135928,13.2978066056186,6.66402827778652
297,1,NonStim,0,1,1022.30746666667,1023.2818,NaN,0.973999999999933,1000.00000002365,2,-0.0909,-1,1,0,0,0,0,NaN,NaN,NaN,NaN,NaN,NaN,NaN,6.64890698176284,15.48492901947,13.2978098218866,6.66403138956365
298,1,NonStim,0,1,1025.63376666667,1026.59856666667,NaN,0.964999999999918,1000.00000002365,3,1,1,1,0,1,0,0,NaN,NaN,NaN,NaN,NaN,NaN,NaN,6.6489069139381,16.9311940138897,13.2978121346083,6.66403012423664
300,1,Stim,1,1,1032.159,1033.13316666667,-0.0558666666668159,0.974999999999909,1000.00000002365,1,-0,-1,1,0,0,0,0,NaN,NaN,NaN,NaN,NaN,NaN,NaN,13.2978041098991,18.4754068265176,13.2977924242266,6.66402943094607
301,1,NonStim,0,1,1035.55123333333,1036.54123333333,NaN,0.990000000000009,1000.00000002365,1,0.6363,1,1,1,0,0,0,NaN,NaN,NaN,NaN,NaN,NaN,NaN,6.64890713858578,6.66402888943588,13.2978114428633,6.66402648402857
302,1,Stim,1,1,1038.7514,1039.71723333333,-0.0493333333333794,0.966000000000122,1000.00000002365,1,0.1818,1,1,2,1,1,1.03519668737047,0.117872810930124,16.507084175772,11.9999999997162,0.113292282056024,-0.993561703582892,276.505136279814,1,6.64890705660657,6.66400389077577,13.2978061986851,6.66400371415285
304,1,NonStim,0,1,1045.28566666667,1046.2518,NaN,0.965999999999894,1000.00000002365,3,-0.6363,-1,1,0,0,0,0,NaN,NaN,NaN,NaN,NaN,NaN,NaN,13.2978100850531,6.66400565827886,13.297813888125,6.66402921909666
305,1,NonStim,0,1,1048.66986666667,1049.64293333333,NaN,0.972999999999956,1000.00000002365,1,-0.6363,-1,1,0,1,0,0,NaN,NaN,NaN,NaN,NaN,NaN,NaN,13.2978005699792,6.66403138596631,13.2978050107846,6.66403013205183
306,1,Stim,1,1,1052.03633333333,1053.01303333333,-0.051833333333434,0.976999999999862,1000.00000002365,3,0.1818,1,0,1,1,1,1.02354145342901,0.202210577923477,19.6774585454976,20.9999999995034,0.330419770901637,0.943834082345679,70.7057441511222,1,6.64890704700814,6.66403073328597,13.297810273549,6.66403006746839
307,1,Stim,1,1,1055.3379,1056.31006666667,-0.0535333333332346,0.972999999999956,1000.00000002365,3,-0.4545,-1,1,1,2,1,1.02774922918812,0.105326415849411,13.3950590923805,13.9999999996689,0.673434913922064,0.739246519579756,47.6672700972785,1,6.64890711299016,17.5785022369573,13.29781422636,6.66402541886957
308,1,NonStim,0,1,1058.5453,1059.51436666667,NaN,0.968999999999824,1000.00000002365,4,0.3636,1,1,1,1,1,1.03199174406624,0.156228080806678,21.0687371996537,11.9999999997162,0.385392244781035,-0.922752847550542,292.668093454096,1,6.6489070871432,6.66400940308802,13.2978134514385,6.66403009059871
309,1,NonStim,0,1,1061.77906666667,1062.7557,NaN,0.976000000000113,1000.00000002365,2,0.0909,1,1,0,0,0,0,NaN,NaN,NaN,NaN,NaN,NaN,NaN,13.2978130773675,6.66402420795005,13.2978123939658,18.3298894572745
310,1,NonStim,0,1,1065.15596666667,1066.12153333333,NaN,0.966000000000122,1000.00000002365,1,-1,-1,0,0,1,0,0,NaN,NaN,NaN,NaN,NaN,NaN,NaN,13.2978110408488,16.7062228008201,13.2978136999404,6.66403051926409
311,1,Stim,1,1,1068.59706666667,1069.57803333333,-0.0570666666669695,0.980999999999995,1000.00000002365,1,-0.6363,-1,1,3,2,2,2.03873598369012,0.132871644512539,18.9599538324777,9.99999999976353,0.0423735314408768,-0.00446128941764129,353.989766784367,0.0426077372086213,13.2978105989531,6.66402548990478,13.2978103132437,6.66402453086866
312,1,Stim,1,1,1071.91413333333,1072.87996666667,-0.0645666666666784,0.964999999999918,1000.00000002365,2,-0.4545,-1,1,0,0,0,0,NaN,NaN,NaN,NaN,NaN,NaN,NaN,13.2977941202609,17.6640220687747,13.2978115084183,6.66403068106532
313,1,NonStim,0,1,1075.149,1076.13133333333,NaN,0.981999999999971,1000.00000002365,1,-0.3636,-1,1,3,2,2,2.03665987780047,0.184605156377889,20.3696799448903,13.4999999996808,-0.0323859665292796,-0.0103139206465027,197.665055400485,0.03398864203139,6.64890698695058,6.6640287159761,13.2978097878285,6.66403118163452
314,1,Stim,1,1,1078.541,1079.50796666667,-0.0551000000000386,0.967000000000098,1000.00000002365,4,-0,-1,0,0,0,0,0,NaN,NaN,NaN,NaN,NaN,NaN,NaN,13.2978083475857,16.7340301899141,13.2978133908208,6.66402896593164
315,1,Stim,1,1,1081.89073333333,1082.8741,-0.0498666666667305,0.983999999999924,1000.00000002365,4,-1,-1,1,0,1,0,0,NaN,NaN,NaN,NaN,NaN,NaN,NaN,13.2978073054376,6.66401629263506,13.2978128293484,6.66402643710566
316,1,Stim,1,1,1085.23316666667,1086.20526666667,-0.0623000000000502,0.97199999999998,1000.00000002365,2,-0.3636,-1,0,0,0,0,0,NaN,NaN,NaN,NaN,NaN,NaN,NaN,6.64890706806313,16.5141618015633,13.2978139731822,6.66403127199864
317,1,NonStim,0,1,1088.49163333333,1089.4663,NaN,0.974999999999909,1000.00000002365,3,-0.1818,-1,1,0,0,0,0,NaN,NaN,NaN,NaN,NaN,NaN,NaN,6.64890670308455,17.9550604202872,13.2978131473181,6.6640313648712
318,1,Stim,1,1,1091.95023333333,1092.9149,-0.0598666666667214,0.963999999999942,1000.00000002365,2,0.1818,1,1,0,0,0,0,NaN,NaN,NaN,NaN,NaN,NaN,NaN,6.64890664502125,6.66403054324399,13.2978139903646,17.1240505237435
321,1,NonStim,0,1,1100.30103333333,1101.2757,NaN,0.97400000000016,1000.00000002365,1,-0.4545,-1,1,38,1,1,1.02669404517437,0.0595392859239881,11.7949851591022,22.9999999994561,0.116579679658333,-0.993181342097585,276.694746946079,1,6.64890586183556,6.93889390407131e-15,13.2978092202793,6.66403086098895
323,1,Stim,1,1,1105.27736666667,1106.25116666667,-0.051833333333434,0.973999999999933,1000.00000002365,4,-0.4545,-1,1,0,0,0,0,NaN,NaN,NaN,NaN,NaN,NaN,NaN,6.64890700460165,18.3883452452432,13.2978128086831,6.66401054875503
325,1,Stim,1,1,1110.52746666667,1111.48593333333,-0.0627666666666755,0.957999999999856,1000.00000002365,3,-1,-1,1,0,1,0,0,NaN,NaN,NaN,NaN,NaN,NaN,NaN,6.6489066699187,16.8860042468846,13.297813727554,6.66402666842442
326,1,NonStim,0,1,1113.93683333333,1114.9099,NaN,0.973000000000184,1000.00000002365,4,-0.6363,-1,1,2,2,1,1.02774922918788,0.105319521099408,14.2109501302223,10.9999999997399,0.60421163369087,-0.796823883748855,307.172132949624,1,6.64890419956853,6.66402768858675,13.297810928752,6.66402886009206
327,1,Stim,1,1,1117.2458,1118.21113333333,-0.0526999999999589,0.965999999999894,1000.00000002365,4,0.3636,1,1,0,0,0,0,NaN,NaN,NaN,NaN,NaN,NaN,NaN,13.2978068905087,16.8627197432668,13.2978138926533,6.6640305763312
328,1,Stim,1,1,1120.63796666667,1121.62003333333,-0.0570999999999913,0.982999999999947,1000.00000002365,1,-0.4545,-1,1,0,1,0,0,NaN,NaN,NaN,NaN,NaN,NaN,NaN,6.64890663471516,17.5199822076701,13.297813386958,6.66401300287663
329,1,Stim,1,1,1123.99613333333,1124.97056666667,-0.0535000000002128,0.973999999999933,1000.00000002365,4,-0.3636,-1,1,2,2,1,1.02669404517461,0.112209390843053,15.9007723336988,11.9999999997162,0.5943554391837,0.804202469476905,53.5333035503561,1,6.64890461109419,6.66402607272505,13.297813738943,6.66402321454525
330,1,NonStim,0,1,1127.38893333333,1128.35716666667,NaN,0.969000000000051,1000.00000002365,2,-1,-1,1,1,1,1,1.03199174406599,0.174892278118992,18.8480399546794,15.9999999996217,0.976541728208853,0.215328244935185,12.4347854198817,1,6.64890690264884,18.3141881559863,13.2978142863088,6.66402839621326
331,1,NonStim,0,1,1130.6225,1131.60506666667,NaN,0.982999999999947,1000.00000002365,1,-0,-1,0,0,1,0,0,NaN,NaN,NaN,NaN,NaN,NaN,NaN,13.2977993103525,6.66402970241729,13.2978126250479,6.66403092228519
332,1,NonStim,0,1,1133.98906666667,1134.95753333333,NaN,0.968000000000075,1000.00000002365,2,0.1818,1,1,0,0,0,0,NaN,NaN,NaN,NaN,NaN,NaN,NaN,6.64890708158689,6.66402576700924,13.2978133256175,17.9780610213323
333,1,NonStim,0,1,1137.33923333333,1138.31343333333,NaN,0.97400000000016,1000.00000002365,4,0.1818,1,1,0,0,0,0,NaN,NaN,NaN,NaN,NaN,NaN,NaN,6.64890713926349,6.66403116265172,13.2978141831615,13.328030973594
334,1,NonStim,0,1,1140.8902,1141.84946666667,NaN,0.958999999999833,1000.00000002365,2,-0.6363,-1,1,1,0,0,0,NaN,NaN,NaN,NaN,NaN,NaN,NaN,6.64890702474761,6.66402725331411,13.297810612643,6.66401640960419
335,1,Stim,1,1,1144.3075,1145.276,-0.0548000000001139,0.969000000000051,1000.00000002365,1,0.4545,1,1,0,0,0,0,NaN,NaN,NaN,NaN,NaN,NaN,NaN,6.64890692180232,18.1649596674212,13.2978109690912,16.880369457761
337,1,Stim,1,1,1149.4586,1150.42253333333,-0.0570999999999913,0.963999999999942,1000.00000002365,1,0.0909,1,0,0,0,0,0,NaN,NaN,NaN,NaN,NaN,NaN,NaN,6.64890676924312,17.2855296411046,13.297811764339,6.66402499756323
338,1,NonStim,0,1,1152.79153333333,1153.77443333333,NaN,0.982999999999947,1000.00000002365,4,-1,-1,1,0,0,0,0,NaN,NaN,NaN,NaN,NaN,NaN,NaN,6.64890686304273,6.66402418030446,13.2978127648197,6.66402543963107
339,1,NonStim,0,1,1156.2502,1157.2155,NaN,0.964999999999918,1000.00000002365,3,0.0909,1,0,0,1,0,0,NaN,NaN,NaN,NaN,NaN,NaN,NaN,6.64890660362215,17.1729873184923,13.2978095211828,6.66400473388779
340,1,Stim,1,1,1159.56716666667,1160.54273333333,-0.0485333333333529,0.974999999999909,1000.00000002365,4,0.6363,1,1,1,0,0,0,NaN,NaN,NaN,NaN,NaN,NaN,NaN,6.64890711967091,6.66402111000859,13.297814132228,6.66402896881435
341,1,Stim,1,1,1162.91803333333,1163.89896666667,-0.053766666666661,0.979999999999791,1000.00000002365,3,0.0909,1,1,0,1,0,0,NaN,NaN,NaN,NaN,NaN,NaN,NaN,6.64890710084113,13.3280550489881,13.2978138010821,6.66403109755836
342,1,Stim,1,1,1166.22796666667,1167.19176666667,-0.0647333333333791,0.963999999999942,1000.00000002365,2,0.4545,1,1,3,0,0,0,NaN,NaN,NaN,NaN,NaN,NaN,NaN,6.64890713045433,6.66403143324098,13.2978139509681,13.3280471923365
343,1,NonStim,0,1,1169.6022,1170.57686666667,NaN,0.973999999999933,1000.00000002365,4,-0.1818,-1,1,1,0,0,0,NaN,NaN,NaN,NaN,NaN,NaN,NaN,6.648907042643,6.66402957449223,13.297810979777,6.66401852256577
344,1,NonStim,0,1,1172.99453333333,1173.97993333333,NaN,0.985000000000127,1000.00000002365,2,0.4545,1,1,0,2,0,0,NaN,NaN,NaN,NaN,NaN,NaN,NaN,6.64890715453467,6.66402951189064,13.2978117372629,6.66402294928703
345,1,NonStim,0,1,1176.39566666667,1177.36333333333,NaN,0.968000000000075,1000.00000002365,1,-0.0909,-1,1,2,27,2,2.06611570247918,0.0668269764435734,11.6530068351026,11.4999999997281,0.267686738756225,0.158469760171886,30.6254076395556,0.31107692777652,13.297813231984,6.66400680588003,19.9466808024345,1.38777878081426e-14
346,1,NonStim,0,1,1179.76206666667,1180.72866666667,NaN,0.966000000000122,1000.00000002365,4,0.6363,1,1,0,0,0,0,NaN,NaN,NaN,NaN,NaN,NaN,NaN,6.64890704244253,16.3530168455394,13.2978142428831,6.66402865116044
347,1,NonStim,0,1,1183.07246666667,1184.04353333333,NaN,0.970999999999776,1000.00000002365,3,-0.4545,-1,1,3,0,0,0,NaN,NaN,NaN,NaN,NaN,NaN,NaN,6.64890715131884,6.66403121270924,13.2978141772518,13.328062108746
348,1,Stim,1,1,1186.27153333333,1187.2361,-0.0536666666666861,0.965000000000146,1000.00000002365,4,0.4545,1,1,2,1,1,1.03626943005166,0.0877657178615355,12.2173906206946,8.99999999978718,-0.114367402334931,-0.993438522145764,263.432860860155,1,6.6488981830923,6.66402923345489,19.9466358540104,6.6640307460815
349,1,NonStim,0,1,1189.68883333333,1190.6574,NaN,0.968999999999824,1000.00000002365,1,0.4545,1,1,32,0,0,0,NaN,NaN,NaN,NaN,NaN,NaN,NaN,6.64890702582435,6.93889390407131e-15,13.2978128641506,6.6640252304257
350,1,Stim,1,1,1193.0723,1194.03963333333,-0.0587000000000444,0.966999999999871,1000.00000002365,1,-1,-1,1,1,1,0,0,NaN,NaN,NaN,NaN,NaN,NaN,NaN,6.64890709986398,13.3280394759324,13.2978118211532,6.6640306865825
351,1,NonStim,0,1,1196.40746666667,1197.382,NaN,0.975000000000136,1000.00000002365,4,-0.4545,-1,1,3,1,1,1.02564102564088,0.0894307299152057,13.3280623120791,7.99999999981083,-0.338038806677135,-0.941132172003645,250.242567459704,1,6.64890682640389,6.66402183351446,13.2978077209797,6.66401374988959
352,1,NonStim,0,1,1199.80623333333,1200.78083333333,NaN,0.973999999999933,1000.00000002365,3,0.3636,1,1,0,1,0,0,NaN,NaN,NaN,NaN,NaN,NaN,NaN,13.2978110480026,6.66402667107158,13.2978124867461,6.66402687921318
353,1,NonStim,0,1,1203.23116666667,1204.19853333333,NaN,0.967000000000098,1000.00000002365,1,1,1,1,2,2,2,2.06825232678366,0.333703068175988,24.6553180328675,21.9999999994798,-0.0925767257471626,-0.0358875988193054,201.18894580349,0.0992893241949041,13.2978054342676,13.3278154285543,13.2978142424454,6.66402140826679
354,1,Stim,1,1,1206.5909,1207.5552,-0.0495666666668058,0.965000000000146,1000.00000002365,3,0.6363,1,1,1,1,0,0,NaN,NaN,NaN,NaN,NaN,NaN,NaN,6.64890696127668,17.9515575689736,13.2978105018313,6.66403151607587
355,1,NonStim,0,1,1209.8247,1210.8098,NaN,0.9849999999999,1000.00000002365,3,0.1818,1,1,1,1,1,1.01522842639604,0.269932102165821,29.2156634566523,14.9999999996453,0.0123167553994547,-0.999924145891292,270.705715945592,1,6.64890712576968,6.66402076411946,13.2978139022884,6.66401418521717
356,1,Stim,1,1,1213.19963333333,1214.1659,-0.0563666666666904,0.965999999999894,1000.00000002365,1,0.4545,1,1,1,1,1,1.03519668737071,0.0864514938091686,15.4210618184702,12.9999999996926,0.861430042266293,-0.507876247014067,329.477529118043,1,6.64890390988099,6.66403084073035,13.2977991914327,6.66403149347283
357,1,NonStim,0,1,1216.5838,1217.5487,NaN,0.964999999999918,1000.00000002365,2,-0.0909,-1,1,0,0,0,0,NaN,NaN,NaN,NaN,NaN,NaN,NaN,13.2978130957406,6.66403150648616,13.2978140336523,17.7196918422096
358,1,NonStim,0,1,1219.99263333333,1220.96566666667,NaN,0.972999999999956,1000.00000002365,1,-0.4545,-1,1,1,0,0,0,NaN,NaN,NaN,NaN,NaN,NaN,NaN,13.2978106767949,6.66402947678094,13.2978140928359,6.6640313770044
359,1,Stim,1,1,1223.31863333333,1224.2751,-0.0634666666669546,0.957000000000107,1000.00000002365,2,0.4545,1,1,0,0,0,0,NaN,NaN,NaN,NaN,NaN,NaN,NaN,13.2978132724358,13.328057769113,13.2978132064564,6.66403013205183
360,1,Stim,1,1,1226.72686666667,1227.6956,-0.0570999999999913,0.968999999999824,1000.00000002365,3,-0.6363,-1,1,0,0,0,0,NaN,NaN,NaN,NaN,NaN,NaN,NaN,13.2978125495254,17.6673761048299,13.2978139283229,6.66403084619534
361,1,NonStim,0,1,1230.1021,1231.0752,NaN,0.972999999999956,1000.00000002365,2,0.3636,1,0,1,2,1,1.02774922918812,0.111677762733532,17.9378235635299,7.99999999981083,0.42209726739291,-0.906550548430388,294.967067722974,1,13.2978113183221,6.66402473584235,13.2978098861989,6.66403152339101
362,1,Stim,1,1,1233.4123,1234.38436666667,-0.0531666666668116,0.97199999999998,1000.00000002365,1,1,1,1,0,0,0,0,NaN,NaN,NaN,NaN,NaN,NaN,NaN,6.64890713110303,17.3879716439461,13.2978142498976,6.66402893798163
363,1,NonStim,0,1,1236.66176666667,1237.6271,NaN,0.965999999999894,1000.00000002365,3,0.0909,1,1,0,0,0,0,NaN,NaN,NaN,NaN,NaN,NaN,NaN,10.512817445679,6.66402322839081,13.2978115352668,6.66402264231265
364,1,Stim,1,1,1240.01173333333,1240.98583333333,-0.0580666666667184,0.973999999999933,1000.00000002365,3,-0,-1,1,0,0,0,0,NaN,NaN,NaN,NaN,NaN,NaN,NaN,13.2978115169107,6.66403077449173,13.2978137260854,6.66403067553011
365,1,NonStim,0,1,1243.31266666667,1244.2963,NaN,0.983999999999924,1000.00000002365,3,-0.1818,-1,1,0,0,0,0,NaN,NaN,NaN,NaN,NaN,NaN,NaN,13.2978101681383,6.66403142065099,19.946668019479,6.66403062147472
366,1,Stim,1,1,1246.6875,1247.66213333333,-0.0536999999999352,0.974999999999909,1000.00000002365,2,-0.4545,-1,1,1,0,0,0,NaN,NaN,NaN,NaN,NaN,NaN,NaN,6.64890663381359,6.66402897727939,13.2978134705872,6.66402568245989
367,1,Stim,1,1,1250.05583333333,1251.01163333333,-0.0673999999999069,0.955999999999904,1000.00000002365,2,1,1,1,0,0,0,0,NaN,NaN,NaN,NaN,NaN,NaN,NaN,13.2977970232948,6.66402439519991,13.2978100011428,6.66403033678247
368,1,NonStim,0,1,1253.38836666667,1254.3782,NaN,0.990000000000009,1000.00000002365,4,0.1818,1,1,1,0,0,0,NaN,NaN,NaN,NaN,NaN,NaN,NaN,6.64890583103239,6.66402924072603,13.2978134810319,6.66402734715078
369,1,NonStim,0,1,1256.78946666667,1257.762,NaN,0.972999999999956,1000.00000002365,4,-0.6363,-1,1,2,0,0,0,NaN,NaN,NaN,NaN,NaN,NaN,NaN,6.64890707224065,6.66402728924309,13.2978106767949,13.3280609679617
370,1,Stim,1,1,1260.3644,1261.33756666667,-0.059633333333295,0.972999999999956,1000.00000002365,3,-1,-1,1,2,3,2,2.05549845837625,0.1455810283108,21.0845438966284,12.9999999996926,-0.255598404418949,-0.0555356552780065,192.258520125297,0.261562140510951,13.2978030376853,6.66403149710326,13.2978132702932,6.66402548990477
371,1,NonStim,0,1,1263.749,1264.72366666667,NaN,0.974999999999909,1000.00000002365,4,0.4545,1,1,0,1,0,0,NaN,NaN,NaN,NaN,NaN,NaN,NaN,6.64890634891999,18.2302103076608,13.2978138243456,6.66402879099212
372,1,Stim,1,1,1267.3327,1268.3147,-0.0506000000002587,0.981999999999971,1000.00000002365,4,-0.3636,-1,1,1,0,0,0,NaN,NaN,NaN,NaN,NaN,NaN,NaN,13.2978079037124,6.66402121500116,13.2978115158142,6.66402984943163
374,1,Stim,1,1,1272.4073,1273.37243333333,-0.0525333333334856,0.965000000000146,1000.00000002365,2,-0.6363,-1,1,0,0,0,0,NaN,NaN,NaN,NaN,NaN,NaN,NaN,13.2977961504352,6.66403142025721,13.2978121990281,6.66403006601661
377,1,NonStim,0,1,1279.1085,1280.08263333333,NaN,0.97400000000016,1000.00000002365,1,-0.0909,-1,0,0,0,0,0,NaN,NaN,NaN,NaN,NaN,NaN,NaN,13.2977862843018,19.0164099728948,13.2978107105912,6.6640311666332
378,1,NonStim,0,1,1282.3766,1283.35076666667,NaN,0.973999999999933,1000.00000002365,2,-0.4545,-1,1,0,0,0,0,NaN,NaN,NaN,NaN,NaN,NaN,NaN,13.2978077981833,16.5118592347683,13.2978142338577,6.66402005861799
379,1,Stim,1,1,1285.7344,1286.7031,-0.0558333333333394,0.969000000000051,1000.00000002365,1,-0.0909,-1,0,0,2,0,0,NaN,NaN,NaN,NaN,NaN,NaN,NaN,13.2978139428137,17.1184100072327,13.2978142993734,6.66402911554739
380,1,NonStim,0,1,1289.01866666667,1289.97376666667,NaN,0.954999999999927,1000.00000002365,3,1,1,1,38,1,1,1.04712041884825,0.14491885873886,20.7456895480314,16.999999999598,-0.115242254407365,-0.99333741638937,263.382401895722,1,6.64890603270904,1.38777878081426e-14,13.2978096088294,6.66402584028189
381,1,NonStim,0,1,1292.36076666667,1293.32513333333,NaN,0.964999999999918,1000.00000002365,2,-0,-1,1,1,1,1,1.0362694300519,0.269991174028808,33.4071123944089,14.9999999996453,-0.270890241748332,-0.962610241440184,254.282751719302,1,13.2978129496018,6.66402131252776,13.2978131777265,6.66402835249151
383,1,NonStim,0,1,1298.93633333333,1299.90936666667,NaN,0.973000000000184,1000.00000002365,3,0.4545,1,1,1,1,1,1.02774922918788,0.290952502098509,20.0227066621857,20.9999999995034,-0.0686468385315191,-0.997641023394501,266.063730198731,1,6.64890664373862,6.66402836745496,13.2978139855654,6.66398765730984
384,1,NonStim,0,1,1302.24533333333,1303.21073333333,NaN,0.964999999999918,1000.00000002365,4,0.0909,1,0,2,0,0,0,NaN,NaN,NaN,NaN,NaN,NaN,NaN,13.2978133172046,6.66396541921564,19.9466745826782,6.66401392164467
387,1,Stim,1,1,1310.1628,1311.12753333333,-0.054833333333363,0.964999999999918,1000.00000002365,1,-0.6363,-1,1,1,1,1,1.0362694300519,0.140498434842852,16.5070208376095,18.9999999995507,-0.894002193466512,-0.448062582768373,206.619449057262,1,13.2978059973924,6.66402241352686,13.2978140254435,6.66402323357993
388,1,NonStim,0,1,1313.47933333333,1314.4573,NaN,0.978000000000065,1000.00000002365,2,0.1818,1,0,0,0,0,0,NaN,NaN,NaN,NaN,NaN,NaN,NaN,6.64890652598065,18.4728703376312,13.2978030057559,6.66402105178088
389,1,Stim,1,1,1316.7727,1317.74903333333,-0.0490666666669313,0.977000000000089,1000.00000002365,3,0.1818,1,1,1,2,1,1.02354145342877,0.344528182494939,33.3201261200744,19.9999999995271,0.0868515874522265,-0.996221261445984,274.982506851016,1,6.64890703198086,26.1573592196997,13.2978135048246,6.66380427256312
390,1,NonStim,0,1,1320.20503333333,1321.1826,NaN,0.977000000000089,1000.00000002365,4,-0,-1,0,3,1,1,1.02354145342877,0.369972353809865,40.1220897152589,14.9999999996453,0.0179743144431067,-0.999838448960781,271.029907818721,1,6.64890712637795,6.66402925794873,13.2978136813166,6.66397871109285
392,1,NonStim,0,1,1326.67336666667,1327.6412,NaN,0.968000000000075,1000.00000002365,4,-1,-1,1,0,0,0,0,NaN,NaN,NaN,NaN,NaN,NaN,NaN,6.6489071498138,15.5562143302728,13.2978112954694,6.66399043579734
393,1,Stim,1,1,1330.08223333333,1331.0665,-0.0544000000002143,0.983999999999924,1000.00000002365,2,0.1818,1,1,1,0,0,0,NaN,NaN,NaN,NaN,NaN,NaN,NaN,6.64890702474766,6.66402969348154,13.2978141482416,6.66402742657962
394,1,Stim,1,1,1333.45756666667,1334.43113333333,-0.0474333333334016,0.973999999999933,1000.00000002365,3,-0.3636,-1,1,2,0,0,0,NaN,NaN,NaN,NaN,NaN,NaN,NaN,6.64890710180941,6.66402926969518,19.9466618153739,4.71217125252315
395,1,Stim,1,1,1336.8832,1337.85313333333,-0.056633333333366,0.970000000000027,1000.00000002365,4,-0.1818,-1,1,0,0,0,0,NaN,NaN,NaN,NaN,NaN,NaN,NaN,6.64890711599199,18.4437937482624,13.2978034673754,17.708605028743
396,1,Stim,1,1,1340.29353333333,1341.25813333333,-0.0641333333335297,0.964999999999918,1000.00000002365,3,1,1,1,1,1,0,0,NaN,NaN,NaN,NaN,NaN,NaN,NaN,6.64890706647004,6.66402853699464,13.2978141120865,6.66403113039325
398,1,NonStim,0,1,1345.27766666667,1346.25013333333,NaN,0.972999999999956,1000.00000002365,1,-0,-1,0,0,0,0,0,NaN,NaN,NaN,NaN,NaN,NaN,NaN,6.6489048057503,17.3056334256932,13.2978143090328,6.66402803346431
400,1,Stim,1,1,1351.96856666667,1352.95153333333,-0.0546333333334132,0.982999999999947,1000.00000002365,4,0.1818,1,1,2,2,1,1.01729399796547,0.304094293843844,27.7439269822205,27.9999999993379,0.364933914744631,-0.931033424678813,291.403515761899,1,6.64890709248009,6.66402490690168,13.2978041917739,6.66402594434631
401,1,Stim,1,1,1355.353,1356.3206,-0.0638333333333776,0.967999999999847,1000.00000002365,2,0.3636,1,1,0,1,0,0,NaN,NaN,NaN,NaN,NaN,NaN,NaN,13.2978038295947,6.66402967390963,13.2978134467281,6.6639885369269
402,1,NonStim,0,1,1358.76176666667,1359.74476666667,NaN,0.982999999999947,1000.00000002365,1,0.0909,1,1,0,0,0,0,NaN,NaN,NaN,NaN,NaN,NaN,NaN,6.64890635267619,6.66401894355541,13.2978075584556,17.6133022003779
403,1,Stim,1,1,1362.1617,1363.14446666667,-0.0568000000000666,0.982999999999947,1000.00000002365,4,-0,-1,1,0,1,0,0,NaN,NaN,NaN,NaN,NaN,NaN,NaN,13.2978036147972,18.5030155438433,19.9466811726909,6.66394422290799
404,1,NonStim,0,1,1365.5031,1366.47213333333,NaN,0.969000000000051,1000.00000002365,4,-0.3636,-1,1,0,0,0,0,NaN,NaN,NaN,NaN,NaN,NaN,NaN,6.6489063781966,6.66402941613705,13.2978124838006,6.66402158892913
406,1,Stim,1,1,1370.79726666667,1371.7797,-0.0563999999999396,0.981999999999971,1000.00000002365,1,-0.3636,-1,1,0,0,0,0,NaN,NaN,NaN,NaN,NaN,NaN,NaN,6.6489069538357,16.4412315239958,13.2978137286562,6.66397931596017
407,1,NonStim,0,1,1374.10493333333,1375.07756666667,NaN,0.972999999999956,1000.00000002365,2,-0.3636,-1,1,2,0,0,0,NaN,NaN,NaN,NaN,NaN,NaN,NaN,6.64890600720873,6.66402856703613,13.2978105711862,6.66402787568851
408,1,Stim,1,1,1377.59866666667,1378.58703333333,-0.0562333333334664,0.989000000000033,1000.00000002365,3,-0.1818,-1,1,0,1,0,0,NaN,NaN,NaN,NaN,NaN,NaN,NaN,13.297813956521,6.66398919477155,19.9467198936895,6.66401602662438
409,1,Stim,1,1,1381.06583333333,1382.03036666667,-0.0661000000000058,0.964999999999918,1000.00000002365,3,-0.4545,-1,1,1,0,0,0,NaN,NaN,NaN,NaN,NaN,NaN,NaN,6.64890692410733,6.66399673689476,13.2978137852705,18.4518075934706
410,1,NonStim,0,1,1384.5647,1385.52913333333,NaN,0.964999999999918,1000.00000002365,3,-1,-1,1,1,2,1,1.0362694300519,0.175859057054372,21.0686051367465,14.9999999996453,-0.170166039232807,-0.985415404330488,260.202526934553,1,13.2977982729015,6.66402146549385,13.2978103755989,6.66401666534963
411,1,Stim,1,1,1387.76603333333,1388.73806666667,-0.0508333333332303,0.97199999999998,1000.00000002365,1,-0.4545,-1,1,1,1,1,1.02880658436216,0.0799683550437143,11.1067147669948,12.9999999996926,0,-1,270,1,6.64890712369604,6.66402856910236,13.2978119001991,6.66402306847013
412,1,Stim,1,1,1391.1234,1392.08883333333,-0.0596333333335224,0.964999999999918,1000.00000002365,2,-0.0909,-1,0,2,0,0,0,NaN,NaN,NaN,NaN,NaN,NaN,NaN,6.6489071128678,6.66401713614483,13.2978139917974,6.66403149917671
413,1,NonStim,0,1,1394.4321,1395.40746666667,NaN,0.974999999999909,1000.00000002365,4,-0.0909,-1,1,1,0,0,0,NaN,NaN,NaN,NaN,NaN,NaN,NaN,13.297799727451,6.66402294973508,13.2978123413997,6.66402708851423
414,1,Stim,1,1,1397.77486666667,1398.75123333333,-0.0518666666669105,0.976999999999862,1000.00000002365,4,0.0909,1,0,2,0,0,0,NaN,NaN,NaN,NaN,NaN,NaN,NaN,6.6489069852301,6.66402803458677,13.2978139119521,6.66403116591092
415,1,Stim,1,1,1401.1331,1402.1094,-0.0563000000001921,0.975999999999885,1000.00000002365,3,-0.0909,-1,1,32,0,0,0,NaN,NaN,NaN,NaN,NaN,NaN,NaN,6.6489028174158,3.46944695203566e-15,13.2978115073261,6.66403130033316
416,1,NonStim,0,1,1404.5084,1405.47746666667,NaN,0.969000000000051,1000.00000002365,1,-0.1818,-1,1,0,0,0,0,NaN,NaN,NaN,NaN,NaN,NaN,NaN,13.2978113332665,6.66400228376397,13.2978135243015,16.4163065405467
417,1,NonStim,0,1,1407.85903333333,1408.82783333333,NaN,0.968000000000075,1000.00000002365,2,-0.1818,-1,0,0,0,0,0,NaN,NaN,NaN,NaN,NaN,NaN,NaN,6.64890712647859,6.66402753530043,13.2978140045295,6.66403069970258
418,1,NonStim,0,1,1411.344,1412.30783333333,NaN,0.963999999999942,1000.00000002365,2,0.0909,1,0,1,1,1,1.03734439834031,0.161575472216095,18.8272987040219,14.9999999996453,0.738194257713041,0.674588198740159,42.4221796326162,1,6.64890656199003,16.4474887270024,13.2978137244479,6.66397005623069
419,1,Stim,1,1,1414.97683333333,1415.95923333333,-0.0555666666666639,0.982999999999947,1000.00000002365,2,0.0909,1,1,0,0,0,0,NaN,NaN,NaN,NaN,NaN,NaN,NaN,19.9466823193613,13.3271916721752,19.9466931541101,13.3275399275487
420,1,Stim,1,1,1418.37076666667,1419.335,-0.0538666666666359,0.964999999999918,1000.00000002365,1,0.1818,1,1,1,0,0,0,NaN,NaN,NaN,NaN,NaN,NaN,NaN,6.64890684031352,13.3280552566093,13.2978135838739,18.9473368877263
421,1,NonStim,0,1,1421.77873333333,1422.7462,NaN,0.968000000000075,1000.00000002365,2,0.6363,1,1,0,3,0,0,NaN,NaN,NaN,NaN,NaN,NaN,NaN,13.297813375389,6.66403121102118,19.9466943639616,6.66403108765313
422,1,NonStim,0,1,1425.1289,1426.1064,NaN,0.978000000000065,1000.00000002365,2,1,1,1,1,0,0,0,NaN,NaN,NaN,NaN,NaN,NaN,NaN,13.2977765683327,6.66402956104041,13.2978101474443,6.66402692570672
423,1,Stim,1,1,1428.6038,1429.59556666667,-0.0591333333334205,0.991999999999962,1000.00000002365,1,0.3636,1,1,1,1,1,1.00806451612907,0.19535521700385,27.2258796578971,9.99999999976353,-0.221880742341015,-0.975073810630867,257.180477905844,1,6.64890707765011,20.2916456802289,13.2978028658964,6.6639974191438
424,1,NonStim,0,1,1432.12913333333,1433.09323333333,NaN,0.963999999999942,1000.00000002365,1,0.3636,1,1,26,2,2,2.07468879668062,0.284988099174061,28.5824055438343,35.4999999991605,0.164689375752713,-0.977911628832543,279.559439562407,0.991682279912138,6.64890713235399,1.09713545895616e-14,13.2978129486311,6.6640313163979
425,1,Stim,1,1,1435.4629,1436.43163333333,-0.0621333333333496,0.969000000000051,1000.00000002365,4,1,1,1,1,0,0,0,NaN,NaN,NaN,NaN,NaN,NaN,NaN,6.64890693741813,6.66402945089887,13.297804392226,6.66403152550052
426,1,Stim,1,1,1438.8474,1439.82296666667,-0.0645666666666784,0.974999999999909,1000.00000002365,2,-1,-1,1,1,0,0,0,NaN,NaN,NaN,NaN,NaN,NaN,NaN,13.2978069286845,6.6640314751968,13.2978143092305,13.3280581674633
427,1,NonStim,0,1,1442.20526666667,1443.17893333333,NaN,0.973000000000184,1000.00000002365,3,-0,-1,0,2,2,2,2.05549845837577,0.138942047018091,17.6768316471108,13.4999999996808,0.0276759177584044,0.0111768264327941,21.9911539320161,0.029847577336842,6.64890714960115,6.66402898128742,13.2978095868891,6.66402735942019
428,1,Stim,1,1,1445.58053333333,1446.55613333333,-0.0571999999999662,0.976000000000113,1000.00000002365,1,-0.1818,-1,1,1,1,1,1.02459016393431,0.163315114200596,18.8480293368549,12.9999999996926,0.991562720893376,0.12962781543529,7.44808573086847,1,6.64890709901947,16.6559417217982,13.297814001968,6.66403103010136
429,1,NonStim,0,1,1449.05693333333,1450.03253333333,NaN,0.975999999999885,1000.00000002365,3,-0.0909,-1,0,2,2,2,2.04918032786909,0.454906496952307,44.0251912641609,17.9999999995744,-0.0457170149555536,-0.0294704081468971,212.806908592312,0.0543925584321147,13.2975963515374,6.66401913666046,13.2978143056473,6.66393084726059
430,1,Stim,1,1,1452.39856666667,1453.37163333333,-0.0515666666667585,0.973000000000184,1000.00000002365,2,-0.1818,-1,1,0,0,0,0,NaN,NaN,NaN,NaN,NaN,NaN,NaN,13.2978101145734,6.66402921979041,13.2978139065977,6.6640314116166
431,1,NonStim,0,1,1455.84933333333,1456.8138,NaN,0.964000000000169,1000.00000002365,1,-1,-1,1,0,0,0,0,NaN,NaN,NaN,NaN,NaN,NaN,NaN,6.64890679624978,16.3687701582099,13.2978132503945,15.7252209978306
432,1,NonStim,0,1,1459.24993333333,1460.2142,NaN,0.964999999999918,1000.00000002365,4,1,1,1,2,0,0,0,NaN,NaN,NaN,NaN,NaN,NaN,NaN,13.2978100867925,6.66401216393521,13.2978141006436,6.66403085804322
434,1,Stim,1,1,1465.93366666667,1466.90113333333,-0.0574333333333925,0.968000000000075,1000.00000002365,4,0.3636,1,1,0,0,0,0,NaN,NaN,NaN,NaN,NaN,NaN,NaN,6.6489071366271,18.2928084428459,13.2978139807304,6.66402840046255
435,1,NonStim,0,1,1469.33486666667,1470.29656666667,NaN,0.961999999999989,1000.00000002365,2,0.4545,1,1,0,0,0,0,NaN,NaN,NaN,NaN,NaN,NaN,NaN,13.2977923596571,6.66403089487634,13.2978117946214,16.2676061883033
436,1,Stim,1,1,1472.74436666667,1473.72523333333,-0.053533333333462,0.980999999999995,1000.00000002365,4,-0.0909,-1,0,2,0,0,0,NaN,NaN,NaN,NaN,NaN,NaN,NaN,6.64890714642923,6.66402869074538,13.2978112179583,6.66402570196746
437,1,Stim,1,1,1476.15253333333,1477.11573333333,-0.0628000000001521,0.962999999999965,1000.00000002365,2,-0.3636,-1,1,3,1,0,0,NaN,NaN,NaN,NaN,NaN,NaN,NaN,6.64890614391485,6.6640259301477,13.297806635838,6.66402915456142
438,1,Stim,1,1,1479.71986666667,1480.68726666667,-0.0557000000001153,0.967999999999847,1000.00000002365,2,0.6363,1,1,2,1,1,1.03305785123983,0.170536295443816,20.4775894966783,12.9999999996926,0.0780149289235796,-0.996952190862254,274.474472870417,1,6.64890709292733,6.66402554437758,19.9467015349168,6.6640258144745
439,1,Stim,1,1,1483.09453333333,1484.0687,-0.0578666666667687,0.973999999999933,1000.00000002365,3,0.4545,1,1,1,2,1,1.02669404517461,0.149218722545033,18.0617025098844,15.9999999996217,0.623829448779451,-0.781560502351242,308.596323588116,1,6.64890697191905,6.66403049133058,13.2978142151307,6.66402893411455
440,1,Stim,1,1,1486.5781,1487.56193333333,-0.0579000000000178,0.982999999999947,1000.00000002365,1,0.6363,1,1,0,1,0,0,NaN,NaN,NaN,NaN,NaN,NaN,NaN,6.64890711978284,19.148646524464,13.297813973639,6.66403108125464
441,1,NonStim,0,1,1489.91336666667,1490.89243333333,NaN,0.979000000000042,1000.00000002365,3,-0.3636,-1,1,1,0,0,0,NaN,NaN,NaN,NaN,NaN,NaN,NaN,6.64890672884945,6.66403152397923,13.2978136643876,6.66403024258015
442,1,NonStim,0,1,1493.24573333333,1494.20586666667,NaN,0.959999999999809,1000.00000002365,3,-0.6363,-1,1,3,33,3,3.12500000000062,0.10027612024745,14.5243165547221,21.6666666661543,0.174523755195682,0.276624239421704,57.7519469470593,0.32707722476999,6.64890512605161,6.66403100695841,13.2978141557988,5.48567729478081e-15
443,1,NonStim,0,1,1496.65456666667,1497.61293333333,NaN,0.958000000000084,1000.00000002365,2,-1,-1,1,3,0,0,0,NaN,NaN,NaN,NaN,NaN,NaN,NaN,6.64890709615785,6.66402993012714,13.2978130849603,6.66403149731385
444,1,NonStim,0,1,1500.03886666667,1501.0044,NaN,0.965999999999894,1000.00000002365,1,0.1818,1,1,0,2,0,0,NaN,NaN,NaN,NaN,NaN,NaN,NaN,13.2978119024913,6.66400367930557,13.2978079399399,6.66400890888493
445,1,NonStim,0,1,1503.44716666667,1504.4149,NaN,0.966999999999871,1000.00000002365,3,0.6363,1,1,0,0,0,0,NaN,NaN,NaN,NaN,NaN,NaN,NaN,6.64890714036078,18.9383854028947,13.2978129404466,6.664023998514
446,1,NonStim,0,1,1506.6397,1507.6058,NaN,0.965999999999894,1000.00000002365,4,0.3636,1,1,3,2,2,2.07039337474143,0.22923221112886,22.4323567351393,16.4999999996098,-0.0513336764497531,-0.0270372563673632,207.775609415888,0.0580186139934629,13.2977986943389,6.66402985331935,13.2978110185224,6.66401969256064
447,1,Stim,1,1,1509.96413333333,1510.9399,-0.0485666666668294,0.975000000000136,1000.00000002365,4,-1,-1,1,2,1,0,0,NaN,NaN,NaN,NaN,NaN,NaN,NaN,13.2978094766318,6.66401841406165,13.2978141744763,6.66403079827835
448,1,Stim,1,1,1513.37396666667,1514.34816666667,-0.0568666666667923,0.974999999999909,1000.00000002365,1,-0,-1,0,0,0,0,0,NaN,NaN,NaN,NaN,NaN,NaN,NaN,6.64890714659223,18.1225008122582,13.2978095230346,6.66403002433784
449,1,NonStim,0,1,1516.72363333333,1517.69616666667,NaN,0.972999999999956,1000.00000002365,2,-0.6363,-1,1,0,0,0,0,NaN,NaN,NaN,NaN,NaN,NaN,NaN,13.2978142250449,6.66402783299056,13.2978142670436,6.66403147044601
450,1,Stim,1,1,1520.09933333333,1521.08226666667,-0.0594000000003234,0.983000000000175,1000.00000002365,4,-0.6363,-1,1,0,1,0,0,NaN,NaN,NaN,NaN,NaN,NaN,NaN,13.2978105956918,13.3280205898994,19.9467104067913,6.66399665892807
451,1,NonStim,0,1,1523.49163333333,1524.4556,NaN,0.963999999999942,1000.00000002365,1,-0.3636,-1,1,1,1,1,1.03734439834031,0.130889041519242,19.9913983903257,6.99999999983447,0.899116845041993,0.437708691896487,25.9577778098699,1,13.2977789551878,18.2685540839281,13.2978003187557,6.6640230876714
454,1,Stim,1,1,1530.13553333333,1531.0922,-0.0636333333334278,0.957000000000107,1000.00000002365,3,0.0909,1,1,0,0,0,0,NaN,NaN,NaN,NaN,NaN,NaN,NaN,6.64890699398472,17.0134094212353,13.2978138815064,6.66402126833644
456,1,Stim,1,1,1536.62623333333,1537.59236666667,-0.0566000000001168,0.966000000000122,1000.00000002365,4,0.6363,1,1,1,0,0,0,NaN,NaN,NaN,NaN,NaN,NaN,NaN,6.64890693127116,6.66403093714768,13.2978123854217,6.66402667239489
457,1,Stim,1,1,1539.86813333333,1540.83343333333,-0.052366666666785,0.965000000000146,1000.00000002365,3,0.3636,1,1,2,1,1,1.03626943005166,0.115330255916887,13.7364150588631,11.9999999997162,0.145170820831541,-0.989406606395518,278.347171167312,1,6.64890712122269,6.66402997160289,13.297813010986,6.66401608803428
458,1,Stim,1,1,1543.2102,1544.17096666667,-0.0725999999999658,0.960000000000036,1000.00000002365,2,-0,-1,1,0,0,0,0,NaN,NaN,NaN,NaN,NaN,NaN,NaN,13.2978098039398,6.66402902422809,13.2978121842479,6.66402951529976
459,1,NonStim,0,1,1546.57746666667,1547.54346666667,NaN,0.965999999999894,1000.00000002365,4,-0.1818,-1,0,1,2,1,1.03519668737071,0.593399822797346,54.2369849675873,16.999999999598,0.212902367136195,-0.9770734783361,282.292492825523,1,13.2977874112496,39.1546014828501,13.2978127835497,13.327310818679
460,1,NonStim,0,1,1549.8032,1550.7725,NaN,0.968999999999824,1000.00000002365,1,-0.6363,-1,1,2,0,0,0,NaN,NaN,NaN,NaN,NaN,NaN,NaN,6.6489068386333,6.66401828544699,13.2978134309336,6.66402935814934
461,1,Stim,1,1,1553.1956,1554.16323333333,-0.0518666666666832,0.968000000000075,1000.00000002365,4,-0.4545,-1,1,2,2,1,1.03305785123959,0.245776315860334,26.7217022698552,17.9999999995744,-0.446401931985573,0.894832562616911,116.513068908461,1,13.297811199245,6.66403152113726,13.2978142641035,6.66401867371434
469,1,Stim,1,1,1575.6901,1576.66426666667,-0.0527999999999338,0.973999999999933,1000.00000002365,1,0.0909,1,1,0,3,0,0,NaN,NaN,NaN,NaN,NaN,NaN,NaN,6.64890698596851,6.66402070493434,13.2978142201828,6.66403130996984
470,1,NonStim,0,1,1579.04043333333,1580.00923333333,NaN,0.969000000000051,1000.00000002365,1,0.6363,1,1,0,1,0,0,NaN,NaN,NaN,NaN,NaN,NaN,NaN,13.2978035090507,6.66402160785158,13.2978055051034,6.66402773550799
471,1,NonStim,0,1,1582.42466666667,1583.40013333333,NaN,0.976000000000113,1000.00000002365,4,-0.1818,-1,0,0,1,0,0,NaN,NaN,NaN,NaN,NaN,NaN,NaN,26.5956280695277,13.328048785447,33.2444982951073,6.66401647258009
472,1,Stim,1,1,1585.7998,1586.78233333333,-0.0575333333335948,0.982999999999947,1000.00000002365,4,-0.0909,-1,1,0,0,0,0,NaN,NaN,NaN,NaN,NaN,NaN,NaN,13.2977945965744,6.6640248278636,13.2978137260854,6.66401579406077
473,1,Stim,1,1,1589.242,1590.2092,-0.0529666666666344,0.968000000000075,1000.00000002365,4,-1,-1,1,0,0,0,0,NaN,NaN,NaN,NaN,NaN,NaN,NaN,13.2978125450315,17.7231822409512,13.2978134732498,6.66402910060126
475,1,Stim,1,1,1594.53436666667,1595.50836666667,-0.0562333333334664,0.973999999999933,1000.00000002365,4,0.6363,1,1,0,0,0,0,NaN,NaN,NaN,NaN,NaN,NaN,NaN,13.2977478340252,6.66402793853428,13.297814114494,6.66402776002615
476,1,NonStim,0,1,1597.72633333333,1598.69976666667,NaN,0.972999999999956,1000.00000002365,4,0.0909,1,1,1,0,0,0,NaN,NaN,NaN,NaN,NaN,NaN,NaN,6.64890711657887,6.66396552170688,13.297794177263,6.66401148155693
477,1,NonStim,0,1,1600.9762,1601.9506,NaN,0.973999999999933,1000.00000002365,3,-0.1818,-1,1,2,1,1,1.02669404517461,0.211980008221308,24.659893049542,10.9999999997399,-0.0632214193705931,0.997999525116504,93.6247378929719,1,19.9467210216843,13.3279994326107,26.5956171704996,13.3280577337969
478,1,NonStim,0,1,1604.27706666667,1605.24356666667,NaN,0.965999999999894,1000.00000002365,1,-0.3636,-1,1,0,0,0,0,NaN,NaN,NaN,NaN,NaN,NaN,NaN,13.297811073449,6.66402841001294,13.2978142633648,17.1619647493398
479,1,NonStim,0,1,1607.56263333333,1608.54526666667,NaN,0.982999999999947,1000.00000002365,4,0.1818,1,1,2,1,1,1.01729399796547,0.181499142145998,29.2155714523011,11.9999999997162,-0.110184305725094,-0.993911172475629,263.674059908048,1,6.64890656888129,6.66402957029349,13.2978113678829,6.66403149330118
480,1,Stim,1,1,1610.904,1611.87153333333,-0.0677333333333081,0.968000000000075,1000.00000002365,2,-0.3636,-1,1,2,1,1,1.03305785123959,0.215107081764326,24.3330713819138,12.9999999996926,0.758525108251777,-0.651643813867384,319.334346649941,1,13.2977967814849,6.66402968613398,13.2978119303193,6.66402559860352
481,1,NonStim,0,1,1614.25373333333,1615.23573333333,NaN,0.981999999999971,1000.00000002365,1,-0.4545,-1,1,1,0,0,0,NaN,NaN,NaN,NaN,NaN,NaN,NaN,13.2978132214157,6.66402712321841,13.2978141638207,6.66401668849105
482,1,Stim,1,1,1617.58023333333,1618.55623333333,-0.0586666666667952,0.976000000000113,1000.00000002365,1,-0.4545,-1,1,1,0,0,0,NaN,NaN,NaN,NaN,NaN,NaN,NaN,13.2978022391228,6.66403052227736,19.9467047068944,6.66403123065305
483,1,NonStim,0,1,1620.90483333333,1621.8791,NaN,0.974999999999909,1000.00000002365,2,-0.4545,-1,1,0,0,0,0,NaN,NaN,NaN,NaN,NaN,NaN,NaN,19.9467120594567,13.3280038247877,26.5956204541786,13.3280349921614
484,1,Stim,1,1,1624.26366666667,1625.2359,-0.0620333333333747,0.97199999999998,1000.00000002365,3,-0.1818,-1,1,2,1,1,1.02880658436216,0.180186433925757,25.7857720003121,10.9999999997399,0.904865304864027,-0.425697991601242,334.805147996321,1,6.64890715333697,6.66403132511729,13.2978136917712,6.66403033547133
485,1,Stim,1,1,1627.6385,1628.61986666667,-0.0632333333335282,0.980999999999995,1000.00000002365,2,-1,-1,1,4,1,1,1.01936799184506,0.103980769548647,14.2038252226662,9.99999999976353,0.706304210778428,0.707908441704619,45.0649942014369,1,26.5954636089612,6.66403072846087,26.5956216846522,6.66402118739315
486,1,Stim,1,1,1631.0393,1632.00763333333,-0.0588999999999942,0.968000000000075,1000.00000002365,1,-0.6363,-1,1,0,0,0,0,NaN,NaN,NaN,NaN,NaN,NaN,NaN,13.2978088615046,18.0191998504723,13.2978136765935,6.66401691891351
487,1,NonStim,0,1,1634.43153333333,1635.38796666667,NaN,0.955999999999904,1000.00000002365,3,1,1,1,3,2,0,0,NaN,NaN,NaN,NaN,NaN,NaN,NaN,19.9467178383977,6.66403031637873,26.5956066442921,6.66402709671245
488,1,Stim,1,1,1637.7662,1638.74746666667,-0.0564999999999145,0.980999999999995,1000.00000002365,1,-0.0909,-1,1,1,1,1,1.01936799184506,0.127158103291798,19.9466938822747,8.99999999978718,0.996884081154851,0.0788804712210125,4.5242180959538,1,6.64890703974562,18.4238955248363,13.2978101548943,6.66402436054318
489,1,Stim,1,1,1641.12343333333,1642.09863333333,-0.0467000000001008,0.974999999999909,1000.00000002365,2,0.3636,1,1,0,1,0,0,NaN,NaN,NaN,NaN,NaN,NaN,NaN,19.9467137602226,13.3280488800693,19.9467213372513,6.66403152195411
490,1,NonStim,0,1,1644.34983333333,1645.32223333333,NaN,0.972999999999956,1000.00000002365,4,-0.6363,-1,1,2,1,1,1.02774922918812,0.173801525153641,21.8930622228503,10.9999999997399,0.592978969245094,0.80521794691439,53.6313088920011,1,13.2977715744956,6.6640236788211,13.2978136285834,13.3280420779189
491,1,Stim,1,1,1647.54136666667,1648.51526666667,-0.0508000000002085,0.97400000000016,1000.00000002365,2,-0,-1,0,1,2,1,1.02669404517437,0.113055674633316,14.4108116019221,11.9999999997162,0.735163854408381,0.677889450553269,42.6789365987763,1,13.2977058195334,6.6640203872148,13.2978140045474,6.66402257775532
492,1,NonStim,0,1,1650.84166666667,1651.81623333333,NaN,0.974999999999909,1000.00000002365,1,-0,-1,1,0,1,0,0,NaN,NaN,NaN,NaN,NaN,NaN,NaN,13.2977997269751,16.7782903599669,13.2978103890166,6.66402917394916
493,1,NonStim,0,1,1654.1853,1655.14046666667,NaN,0.955000000000155,1000.00000002365,3,-0.3636,-1,1,1,0,0,0,NaN,NaN,NaN,NaN,NaN,NaN,NaN,6.64890703260915,17.959492488817,13.2978141879204,6.66403145909141
494,1,Stim,1,1,1657.53426666667,1658.5158,-0.0540333333333365,0.980999999999995,1000.00000002365,3,-0.3636,-1,1,0,0,0,0,NaN,NaN,NaN,NaN,NaN,NaN,NaN,13.2978104207919,6.66402830415537,19.9467173385147,6.66400934938881
495,1,Stim,1,1,1661.01006666667,1661.96653333333,-0.0623333333332994,0.955999999999904,1000.00000002365,2,-0.4545,-1,1,0,0,0,0,NaN,NaN,NaN,NaN,NaN,NaN,NaN,6.64890612396139,15.9815869332159,13.2978107554072,6.66403105395965
496,1,Stim,1,1,1664.26876666667,1665.2507,-0.0472333333334518,0.981999999999971,1000.00000002365,3,-1,-1,1,1,0,0,0,NaN,NaN,NaN,NaN,NaN,NaN,NaN,6.64890697674876,6.66402420521298,13.2978124435561,6.6640296632648
497,1,Stim,1,1,1667.62083333333,1668.5924,-0.0550333333333128,0.97199999999998,1000.00000002365,3,0.6363,1,1,0,0,0,0,NaN,NaN,NaN,NaN,NaN,NaN,NaN,6.64890690951272,16.2929366814375,13.297811760915,6.66402442723916
498,1,Stim,1,1,1670.99446666667,1671.98506666667,-0.0588999999997668,0.990999999999985,1000.00000002365,4,0.4545,1,1,0,0,0,0,NaN,NaN,NaN,NaN,NaN,NaN,NaN,13.297809845164,6.66402482008955,13.2978127658714,18.9872214705645
500,1,NonStim,0,1,1677.42063333333,1678.38066666667,NaN,0.960000000000036,1000.00000002365,3,-0.4545,-1,1,0,0,0,0,NaN,NaN,NaN,NaN,NaN,NaN,NaN,13.2978076439459,6.66402974115438,13.2978121184523,17.3228110893818
501,1,Stim,1,1,1680.80423333333,1681.76936666667,-0.0502666666668574,0.964999999999918,1000.00000002365,3,-0.0909,-1,0,38,1,1,1.0362694300519,0.17256508049286,22.8940292111109,14.9999999996453,-0.17340298101755,-0.98485095632498,260.014265144536,1,6.64890621482852,6.93889390407131e-15,13.2978139242114,6.66402776002614
502,1,Stim,1,1,1684.16263333333,1685.13296666667,-0.0521666666666079,0.970000000000027,1000.00000002365,4,0.1818,1,1,0,1,0,0,NaN,NaN,NaN,NaN,NaN,NaN,NaN,13.2978093379674,6.66402736677318,13.2978131845779,6.66402814260812
503,1,Stim,1,1,1687.7637,1688.73153333333,-0.0590333333334456,0.968000000000075,1000.00000002365,2,-0.6363,-1,1,1,0,0,0,NaN,NaN,NaN,NaN,NaN,NaN,NaN,13.297806122538,6.66402974596731,19.9466962834597,6.66394102403543
504,1,NonStim,0,1,1691.10563333333,1692.0635,NaN,0.958000000000084,1000.00000002365,3,-0.6363,-1,1,0,0,0,0,NaN,NaN,NaN,NaN,NaN,NaN,NaN,13.2978130242182,6.66401646325862,13.2978110992797,6.66401472117294
505,1,Stim,1,1,1694.4398,1695.41266666667,-0.0553000000002157,0.972999999999956,1000.00000002365,1,-0,-1,0,0,1,0,0,NaN,NaN,NaN,NaN,NaN,NaN,NaN,6.64890694924949,19.4109896322153,13.2978130569917,20.2493601262013
506,1,NonStim,0,1,1697.74893333333,1698.7221,NaN,0.973999999999933,1000.00000002365,1,0.1818,1,1,1,2,1,1.02669404517461,0.0838613637371947,15.4038115379678,7.99999999981083,0.925245332006348,-0.379369312939862,337.705378074997,1,6.64890583584776,18.3491330593244,13.2978131258224,6.6639780402107
507,1,Stim,1,1,1701.08153333333,1702.0555,-0.0536000000001877,0.973999999999933,1000.00000002365,4,0.0909,1,1,1,1,1,1.02669404517461,0.193827181716544,24.2532862862637,17.9999999995744,0.0686467556221604,-0.997641029099421,273.93626503968,1,6.64890709052338,6.66403152789851,13.2978138664259,6.66402985953032
508,1,Stim,1,1,1704.41563333333,1705.38963333333,-0.0534000000002379,0.973999999999933,1000.00000002365,4,-0,-1,1,0,0,0,0,NaN,NaN,NaN,NaN,NaN,NaN,NaN,13.2978069723069,6.66402702436687,13.2978121370108,6.66402747508028
509,1,NonStim,0,1,1707.64953333333,1708.62343333333,NaN,0.973999999999933,1000.00000002365,2,0.6363,1,1,0,0,0,0,NaN,NaN,NaN,NaN,NaN,NaN,NaN,6.64890532259359,6.66403120217061,13.2978116991156,6.66403105313244
510,1,Stim,1,1,1710.99103333333,1711.9561,-0.0545666666664602,0.964999999999918,1000.00000002365,3,0.3636,1,1,4,1,1,1.0362694300519,0.124848407242231,17.3532062449796,9.99999999976353,-0.827326245085337,0.561721714190395,145.825050429977,1,19.9467064571958,6.66401750732552,19.9467162333529,6.66402700650818
511,1,NonStim,0,1,1714.28366666667,1715.26716666667,NaN,0.983999999999924,1000.00000002365,2,0.3636,1,1,1,1,1,1.0162601626017,0.0974930475338913,14.2109502130861,13.9999999996689,-0.376562149623359,-0.926391357618925,247.879103825969,1,13.2977922019419,6.66401337318783,13.2978011391329,6.66401929259023
512,1,NonStim,0,1,1717.60016666667,1718.56626666667,NaN,0.965999999999894,1000.00000002365,2,-0,-1,1,0,0,0,0,NaN,NaN,NaN,NaN,NaN,NaN,NaN,13.2978139304102,6.66403125501664,19.9466608006498,6.66400062078398
513,1,Stim,1,1,1720.87656666667,1721.85296666667,-0.0569666666667672,0.976000000000113,1000.00000002365,4,-0.4545,-1,1,3,1,1,1.02459016393431,0.103907580412088,15.6894496098286,15.9999999996217,0.88732662951802,0.461141466958016,27.4607888368545,1,6.6489034907371,6.66403150718429,13.2978123767566,6.66402488834668
514,1,NonStim,0,1,1724.22693333333,1725.21626666667,NaN,0.989999999999782,1000.00000002365,3,0.0909,1,1,4,0,0,0,NaN,NaN,NaN,NaN,NaN,NaN,NaN,6.64890679982414,6.66403065320896,13.2978141359745,6.66403045805224
515,1,Stim,1,1,1727.52763333333,1728.50016666667,-0.0625,0.972999999999956,1000.00000002365,3,-0,-1,0,0,0,0,0,NaN,NaN,NaN,NaN,NaN,NaN,NaN,13.2978130868327,6.66403019309429,13.2978115479394,17.9855142244949
516,1,Stim,1,1,1730.8607,1731.83563333333,-0.0591999999999189,0.974999999999909,1000.00000002365,3,1,1,1,0,1,0,0,NaN,NaN,NaN,NaN,NaN,NaN,NaN,13.2978008982787,17.9813986599933,13.2978141090666,6.66402977947606
517,1,Stim,1,1,1734.06156666667,1735.04326666667,-0.0545333333334383,0.981999999999971,1000.00000002365,1,-0.3636,-1,1,0,1,0,0,NaN,NaN,NaN,NaN,NaN,NaN,NaN,6.64890705361676,6.6640314658505,13.2978128549785,6.66403095091359
518,1,NonStim,0,1,1737.5116,1738.46956666667,NaN,0.958000000000084,1000.00000002365,3,-0.0909,-1,0,0,1,0,0,NaN,NaN,NaN,NaN,NaN,NaN,NaN,6.64890631910174,17.8668597273237,13.2978135246143,6.66403007354451
519,1,NonStim,0,1,1740.79583333333,1741.76176666667,NaN,0.965999999999894,1000.00000002365,4,1,1,1,38,1,1,1.03519668737071,0.327572896703864,33.3935895115839,19.9999999995271,0.162390764092964,-0.986726527330295,279.345692050357,1,6.64890695058799,2.77555756162852e-14,13.2978132064564,6.6640294845139
521,1,NonStim,0,1,1746.0049,1746.97863333333,NaN,0.973999999999933,1000.00000002365,2,0.0909,1,1,1,1,1,1.02669404517461,0.116114932936308,15.7641483979919,11.9999999997162,-0.630809974299699,-0.775937353350135,230.890093716845,1,13.29773123964,4.7121752253313,13.2978142366663,6.66403083274234
522,1,Stim,1,1,1749.3969,1750.38816666667,-0.0505333333335329,0.991999999999962,1000.00000002365,3,0.1818,1,1,1,0,0,0,NaN,NaN,NaN,NaN,NaN,NaN,NaN,13.2977864185356,6.66402928321092,13.2978143094953,6.66402672649537
523,1,NonStim,0,1,1752.73893333333,1753.71433333333,NaN,0.975999999999885,1000.00000002365,4,-0,-1,0,0,0,0,0,NaN,NaN,NaN,NaN,NaN,NaN,NaN,13.2978079249791,6.66403127773841,13.2978105548044,6.66403084867221
524,1,Stim,1,1,1756.07273333333,1757.04546666667,-0.0498000000000047,0.972999999999956,1000.00000002365,1,0.0909,1,1,1,1,1,1.02774922918812,0.1747260567737,21.3057926256648,13.9999999996689,0.706303076021331,-0.707909573888364,314.934913955132,1,13.2978123166076,6.66401647024999,13.2978129105769,6.66402973472705
527,1,NonStim,0,1,1762.54886666667,1763.52063333333,NaN,0.97199999999998,1000.00000002365,4,-0.3636,-1,1,0,2,0,0,NaN,NaN,NaN,NaN,NaN,NaN,NaN,10.5128344310008,18.9613609880244,13.2978140899407,6.66400750791808
528,1,NonStim,0,1,1765.98223333333,1766.94903333333,NaN,0.967000000000098,1000.00000002365,3,0.3636,1,1,0,0,0,0,NaN,NaN,NaN,NaN,NaN,NaN,NaN,13.2977996142568,6.66400762014292,13.2978141139623,6.66402728553332
529,1,Stim,1,1,1769.30766666667,1770.28166666667,-0.0504666666668072,0.973999999999933,1000.00000002365,4,-0.6363,-1,1,1,0,0,0,NaN,NaN,NaN,NaN,NaN,NaN,NaN,13.2977739155739,6.66403055216208,13.2978142388926,6.66403151923545
530,1,NonStim,0,1,1772.71693333333,1773.6743,NaN,0.957999999999856,1000.00000002365,3,-0,-1,1,2,1,1,1.04384133611707,0.129519039929113,20.4600956215556,10.9999999997399,0.5656549105081,-0.824642057027213,304.447781830649,1,6.64890660584136,6.66402927871018,19.9467120007518,6.6640278802775
531,1,Stim,1,1,1776.0584,1777.03416666667,-0.0563333333334413,0.976000000000113,1000.00000002365,1,0.1818,1,1,1,2,1,1.02459016393431,0.202278725800993,26.7480969880774,12.9999999996926,-0.148011293346103,-0.988985670797112,261.488304357986,1,13.2978001409157,6.66401854051428,19.9467001580533,6.66403147352867
532,1,NonStim,0,1,1779.37513333333,1780.34486666667,NaN,0.969000000000051,1000.00000002365,4,0.4545,1,1,0,0,0,0,NaN,NaN,NaN,NaN,NaN,NaN,NaN,6.64890706717985,13.327971653407,13.297813544143,6.66402821185761
533,1,Stim,1,1,1782.77693333333,1783.74206666667,-0.0573000000001684,0.965999999999894,1000.00000002365,4,0.3636,1,1,0,0,0,0,NaN,NaN,NaN,NaN,NaN,NaN,NaN,19.9466761432731,13.3280275457963,19.9467054031594,19.9917441304508
534,1,NonStim,0,1,1786.37656666667,1787.3413,NaN,0.964999999999918,1000.00000002365,2,1,1,1,1,3,1,1.0362694300519,0.140035835479887,20.0227804502812,11.9999999997162,-0.0237489383364234,-0.999717954189027,268.639158123084,1,6.64890714541719,6.66402638918188,13.2978142178047,6.66402439680359
535,1,NonStim,0,1,1789.70393333333,1790.6853,NaN,0.981999999999971,1000.00000002365,3,0.1818,1,0,1,0,0,0,NaN,NaN,NaN,NaN,NaN,NaN,NaN,13.2977841870535,6.66401874036927,19.9466934873853,6.664029433554
536,1,NonStim,0,1,1793.26126666667,1794.2266,NaN,0.965000000000146,1000.00000002365,2,-1,-1,1,0,2,0,0,NaN,NaN,NaN,NaN,NaN,NaN,NaN,13.2978078799913,6.66402909217376,13.297814132228,6.66403152434885
537,1,NonStim,0,1,1796.6615,1797.6353,NaN,0.973999999999933,1000.00000002365,2,0.1818,1,0,0,0,0,0,NaN,NaN,NaN,NaN,NaN,NaN,NaN,13.2978082756714,6.66403152056991,13.2978132319427,6.66402976349862
538,1,NonStim,0,1,1800.0458,1801.01063333333,NaN,0.964999999999918,1000.00000002365,1,-1,-1,1,0,0,0,0,NaN,NaN,NaN,NaN,NaN,NaN,NaN,13.2978124845923,6.66402907970368,13.2978142361998,6.66402933280817
539,1,NonStim,0,1,1803.37043333333,1804.339,NaN,0.968999999999824,1000.00000002365,4,-1,-1,1,3,2,0,0,NaN,NaN,NaN,NaN,NaN,NaN,NaN,19.9467130689054,6.66403052227736,19.9467189881427,6.66402980636924
540,1,Stim,1,1,1806.5725,1807.55313333333,-0.0520333333333838,0.980999999999995,1000.00000002365,4,-0.1818,-1,0,0,0,0,0,NaN,NaN,NaN,NaN,NaN,NaN,NaN,13.2978089691655,6.66402704219023,13.2978142359527,6.66402948623035
541,1,NonStim,0,1,1809.87196666667,1810.8464,NaN,0.974999999999909,1000.00000002365,1,0.4545,1,1,3,1,1,1.02564102564112,0.0752270379859636,12.9447209853525,11.9999999997162,-0.178493086619848,0.983941165938756,100.281998656186,1,6.64890693010358,6.66402124524224,13.2978143039699,6.66402291231202
542,1,Stim,1,1,1813.35563333333,1814.33013333333,-0.0583666666666431,0.974999999999909,1000.00000002365,1,1,1,1,3,3,2,2.05128205128224,0.190316332814818,21.8835700215624,14.9999999996453,0.410151719386687,-0.133646428922076,341.951991188496,0.431376634600761,13.2978105443961,6.66403097973851,13.2978139681335,6.66402453086875
543,1,NonStim,0,1,1816.7137,1817.68853333333,NaN,0.975000000000136,1000.00000002365,1,-0.0909,-1,1,0,0,0,0,NaN,NaN,NaN,NaN,NaN,NaN,NaN,6.64890687265906,6.66403096856667,13.2978140252171,6.66403132185891
544,1,Stim,1,1,1819.90643333333,1820.87883333333,-0.0568000000000666,0.97199999999998,1000.00000002365,1,0.3636,1,1,0,0,0,0,NaN,NaN,NaN,NaN,NaN,NaN,NaN,13.2978094859303,6.66402391424382,13.2978132668391,6.66402453880859
545,1,Stim,1,1,1823.2982,1824.26476666667,-0.0568666666665649,0.965999999999894,1000.00000002365,2,1,1,1,1,0,0,0,NaN,NaN,NaN,NaN,NaN,NaN,NaN,13.297811791272,6.66403134821878,13.297813550331,13.3280213093672
546,1,NonStim,0,1,1826.64003333333,1827.60483333333,NaN,0.963999999999942,1000.00000002365,3,0.6363,1,0,3,0,0,0,NaN,NaN,NaN,NaN,NaN,NaN,NaN,13.2978076897534,6.66403033284688,13.2978141027923,13.3280611007634
549,1,Stim,1,1,1836.39946666667,1837.36473333333,-0.0516666666667334,0.964999999999918,1000.00000002365,1,-1,-1,1,0,2,0,0,NaN,NaN,NaN,NaN,NaN,NaN,NaN,13.2978044423124,18.6377469165627,13.2978106848559,6.66401403233606
550,1,Stim,1,1,1839.70826666667,1840.6905,-0.0589333333334707,0.981999999999971,1000.00000002365,1,-0.1818,-1,1,0,0,0,0,NaN,NaN,NaN,NaN,NaN,NaN,NaN,13.2978130043436,16.9077028630948,13.2978134523018,6.66398560540564
551,1,NonStim,0,1,1843.0674,1844.04273333333,NaN,0.974999999999909,1000.00000002365,2,-0.1818,-1,1,1,0,0,0,NaN,NaN,NaN,NaN,NaN,NaN,NaN,6.64890713622194,6.66402995733656,13.2978126552194,6.66402684808767
552,1,NonStim,0,1,1846.45926666667,1847.43056666667,NaN,0.971000000000004,1000.00000002365,4,-0.4545,-1,1,0,0,0,0,NaN,NaN,NaN,NaN,NaN,NaN,NaN,13.2978118264422,6.66402323703845,13.2978140710396,6.66402387110209
553,1,Stim,1,1,1849.8527,1850.81176666667,-0.0625666666667257,0.958999999999833,1000.00000002365,2,-0.1818,-1,1,0,0,0,0,NaN,NaN,NaN,NaN,NaN,NaN,NaN,6.64890655598506,6.66402709418392,13.2978112328216,6.6640286409663
554,1,NonStim,0,1,1853.1933,1854.166,NaN,0.972999999999956,1000.00000002365,1,-0.6363,-1,1,2,2,2,2.05549845837625,0.292370556890332,27.9231217735374,16.999999999598,0.0678996821238318,-0.00581287146489007,355.106856174683,0.068148046979974,13.297812444712,6.66402845859799,13.2978135711855,6.66403152623803
555,1,Stim,1,1,1856.6124,1857.57953333333,-0.0676000000003114,0.966999999999871,1000.00000002365,3,-0.4545,-1,1,1,0,0,0,NaN,NaN,NaN,NaN,NaN,NaN,NaN,6.64890714440788,15.6502420560349,19.9466874647128,6.66401266535684
558,1,Stim,1,1,1864.55356666667,1865.51856666667,-0.0571333333334678,0.964999999999918,1000.00000002365,1,0.6363,1,1,3,0,0,0,NaN,NaN,NaN,NaN,NaN,NaN,NaN,6.64890560152961,6.6640306616132,19.9466823150408,6.66402808491072
559,1,NonStim,0,1,1867.85403333333,1868.82743333333,NaN,0.972999999999956,1000.00000002365,2,0.4545,1,1,1,0,0,0,NaN,NaN,NaN,NaN,NaN,NaN,NaN,13.2978136582832,6.6640294750605,13.2978138573662,6.66403143044858
560,1,NonStim,0,1,1871.19696666667,1872.17856666667,NaN,0.982000000000198,1000.00000002365,1,1,1,1,3,3,2,2.0366598778,0.330666696111781,30.3924894748918,22.9999999994561,-0.143898029979158,-0.116631148958652,219.02519823757,0.185228151044321,6.64890710097998,6.66403116915551,13.2978142252449,6.66402453086865
561,1,Stim,1,1,1874.54643333333,1875.50323333333,-0.0649000000000797,0.95699999999988,1000.00000002365,3,-0.6363,-1,1,0,0,0,0,NaN,NaN,NaN,NaN,NaN,NaN,NaN,6.64890607726648,6.66402610353756,13.2978142234892,6.66401563406656
564,1,Stim,1,1,1884.05656666667,1885.03316666667,-0.0658333333335577,0.976999999999862,1000.00000002365,2,-0.0909,-1,0,30,0,0,0,NaN,NaN,NaN,NaN,NaN,NaN,NaN,6.64890715473841,1.38777878081426e-14,13.2978137318875,6.66403135477701
565,1,Stim,1,1,1887.2238,1888.18916666667,-0.0543666666667377,0.966000000000122,1000.00000002365,4,-0.3636,-1,1,1,1,1,1.03519668737047,0.202505013530164,23.5341085090569,14.9999999996453,0.820980007347108,0.570956940177053,34.8169830929683,1,13.2977130883796,6.66401296150015,13.2977887035984,6.66398994934701
566,1,NonStim,0,1,1890.52483333333,1891.4907,NaN,0.965999999999894,1000.00000002365,2,-0.3636,-1,1,1,0,0,0,NaN,NaN,NaN,NaN,NaN,NaN,NaN,13.2977972539254,6.66402771045499,13.297809164759,6.6640310258553
567,1,Stim,1,1,1893.91703333333,1894.87453333333,-0.0640333333333274,0.957000000000107,1000.00000002365,3,0.4545,1,1,1,2,1,1.04493207941472,0.137695259060432,20.4600578270538,9.99999999976353,0.53130457194568,-0.847180884952923,302.093641942733,1,13.2977788394232,6.66403059904008,13.2978141336506,6.66402007775811
569,1,Stim,1,1,1900.39146666667,1901.35703333333,-0.0527666666666846,0.965999999999894,1000.00000002365,2,0.0909,1,0,0,0,0,0,NaN,NaN,NaN,NaN,NaN,NaN,NaN,13.2978135831527,19.4799668085857,13.2978136999404,6.66400237461931
570,1,NonStim,0,1,1903.57533333333,1904.54206666667,NaN,0.966999999999871,1000.00000002365,2,-0.0909,-1,1,0,1,0,0,NaN,NaN,NaN,NaN,NaN,NaN,NaN,6.6489047345933,17.5615448517425,13.2978105466001,6.66403111317235
571,1,Stim,1,1,1906.90983333333,1907.86813333333,-0.0569666666667672,0.958999999999833,1000.00000002365,2,0.1818,1,1,1,1,1,1.04275286757057,0.145446018012405,18.4555867134134,10.9999999997399,0.874775530136953,-0.484528401513899,331.018420818814,1,6.64890698176288,17.2424556069569,19.9467000719641,6.66402638782053
572,1,NonStim,0,1,1910.12606666667,1911.10066666667,NaN,0.973999999999933,1000.00000002365,2,-0.6363,-1,1,0,0,0,0,NaN,NaN,NaN,NaN,NaN,NaN,NaN,13.297805431746,6.66402225877798,13.2978132607808,6.66401377289828
573,1,NonStim,0,1,1913.5183,1914.49326666667,NaN,0.974999999999909,1000.00000002365,3,0.4545,1,1,0,0,0,0,NaN,NaN,NaN,NaN,NaN,NaN,NaN,6.64890695303022,16.9775265421999,13.2978119102896,6.66403145877588
574,1,Stim,1,1,1916.8608,1917.82743333333,-0.054700000000139,0.966999999999871,1000.00000002365,2,0.4545,1,1,0,0,0,0,NaN,NaN,NaN,NaN,NaN,NaN,NaN,13.2977696849628,6.66402925613888,13.2978127616624,6.66403054978789
576,1,NonStim,0,1,1922.08656666667,1923.05533333333,NaN,0.969000000000051,1000.00000002365,1,-0.1818,-1,1,0,1,0,0,NaN,NaN,NaN,NaN,NaN,NaN,NaN,13.2978086836872,17.2782408910378,19.9467004674817,6.66402360969216
578,1,Stim,1,1,1927.20383333333,1928.16876666667,-0.054833333333363,0.964999999999918,1000.00000002365,4,1,1,1,34,1,1,1.0362694300519,0.0508313074530043,9.41367506739575,9.99999999976353,-0.52323389968615,0.852189114116828,121.549426166291,1,6.64890707731743,1.73472347601783e-15,13.2978139345041,6.66402524849606
580,1,NonStim,0,1,1933.6295,1934.5967,NaN,0.966999999999871,1000.00000002365,1,0.0909,1,1,0,0,0,0,NaN,NaN,NaN,NaN,NaN,NaN,NaN,6.64890713497966,17.1287999916246,13.2978115703969,6.66402778911077
582,1,NonStim,0,1,1938.85586666667,1939.8109,NaN,0.954999999999927,1000.00000002365,3,-1,-1,1,1,0,0,0,NaN,NaN,NaN,NaN,NaN,NaN,NaN,13.2977803443737,6.6640313648712,13.2978132633794,6.66402893508159
583,1,NonStim,0,1,1942.38076666667,1943.34543333333,NaN,0.964999999999918,1000.00000002365,4,0.6363,1,1,0,0,0,0,NaN,NaN,NaN,NaN,NaN,NaN,NaN,13.297810844197,15.7053041350254,13.2978108819059,6.664030567524
585,1,NonStim,0,1,1948.84873333333,1949.82893333333,NaN,0.980000000000018,1000.00000002365,4,-0.0909,-1,1,0,0,0,0,NaN,NaN,NaN,NaN,NaN,NaN,NaN,6.64890712970217,6.66402581303904,13.2978141392836,6.66403088480289
586,1,Stim,1,1,1952.1904,1953.16326666667,-0.0556333333333896,0.972999999999956,1000.00000002365,3,0.0909,1,1,0,1,0,0,NaN,NaN,NaN,NaN,NaN,NaN,NaN,6.64890680196008,18.5196966736561,19.9466922022789,6.66402988810598
587,1,Stim,1,1,1955.56656666667,1956.53223333333,-0.0634666666669546,0.965999999999894,1000.00000002365,2,0.6363,1,1,0,0,0,0,NaN,NaN,NaN,NaN,NaN,NaN,NaN,13.297806963134,6.66402377107906,13.2978100011427,6.66403023091259
588,1,NonStim,0,1,1958.99923333333,1959.97393333333,NaN,0.973999999999933,1000.00000002365,4,0.3636,1,1,0,0,0,0,NaN,NaN,NaN,NaN,NaN,NaN,NaN,6.64890708636288,13.328060669631,13.297813463158,18.1763022055458
590,1,Stim,1,1,1963.9934,1964.96636666667,-0.0558000000003176,0.972999999999956,1000.00000002365,1,0.4545,1,1,1,0,0,0,NaN,NaN,NaN,NaN,NaN,NaN,NaN,6.64890682503079,6.66401593190962,13.297812543907,6.66403150008623
591,1,NonStim,0,1,1967.2178,1968.2085,NaN,0.990999999999985,1000.00000002365,1,0.3636,1,1,4,1,1,1.0090817356206,0.130601959739823,16.6358825406759,14.9999999996453,0.719055751583028,-0.694952391258111,315.976576470052,1,6.64890686304268,6.66401988390694,13.2978129135784,6.6640252620318
594,1,NonStim,0,1,1976.94306666667,1977.9168,NaN,0.972999999999956,1000.00000002365,1,0.6363,1,1,1,2,1,1.02774922918812,0.113522742301565,13.7364155547282,15.9999999996217,-0.0585893538284962,-0.998282168336167,266.641153770074,1,6.64890713421487,6.66401714753298,19.9466892697946,6.66402283458269
595,1,Stim,1,1,1980.41983333333,1981.39306666667,-0.051833333333434,0.973999999999933,1000.00000002365,2,-0.0909,-1,1,1,0,0,0,NaN,NaN,NaN,NaN,NaN,NaN,NaN,13.2978117656891,6.66402577997378,13.2978137950293,6.66400616885009
596,1,NonStim,0,1,1983.82936666667,1984.81116666667,NaN,0.981999999999971,1000.00000002365,4,0.6363,1,1,37,2,2,2.03665987780047,0.0701033009345251,13.3952772603786,13.9999999996689,0.0358361198311653,0.0150200955387305,22.7401593761251,0.0388565406919637,6.64890487848918,3.46944695203566e-15,13.2978130024425,6.66401598824297
597,1,Stim,1,1,1987.26133333333,1988.22216666667,-0.0592666666666446,0.961000000000013,1000.00000002365,3,-0.4545,-1,0,0,1,0,0,NaN,NaN,NaN,NaN,NaN,NaN,NaN,6.64890714347449,19.6806257671286,13.2978116344513,13.3280546246519
598,1,Stim,1,1,1990.56246666667,1991.5377,-0.0564666666666653,0.974999999999909,1000.00000002365,3,-0.1818,-1,1,0,0,0,0,NaN,NaN,NaN,NaN,NaN,NaN,NaN,6.64890712864943,17.2416716733916,13.2978141213044,6.66402935018106
599,1,Stim,1,1,1993.89796666667,1994.8725,-0.056633333333366,0.975000000000136,1000.00000002365,4,-0,-1,0,1,1,1,1.02564102564088,0.126675069811961,17.5483386887383,17.9999999995744,0.509682106233354,0.860362801721188,59.3573426808864,1,6.64890557230536,18.7986321306334,13.2978123970252,6.66403132349135
601,1,Stim,1,1,2000.2387,2001.20423333333,-0.0544000000002143,0.965999999999894,1000.00000002365,2,-0.4545,-1,0,0,1,0,0,NaN,NaN,NaN,NaN,NaN,NaN,NaN,13.2978077879232,17.2181317167223,13.2978143036503,6.66403019863887
602,1,Stim,1,1,2003.5153,2004.4908,-0.054833333333363,0.974999999999909,1000.00000002365,3,0.6363,1,1,0,0,0,0,NaN,NaN,NaN,NaN,NaN,NaN,NaN,13.2978044358125,17.7313354534223,13.2978141204673,6.66403128964626
603,1,Stim,1,1,2006.8229,2007.7909,-0.0460333333335257,0.967999999999847,1000.00000002365,2,-0.6363,-1,1,4,0,0,0,NaN,NaN,NaN,NaN,NaN,NaN,NaN,6.64890647319098,6.66402411178013,13.2978142045073,19.3710747451274
604,1,NonStim,0,1,2010.39893333333,2011.363,NaN,0.965000000000146,1000.00000002365,1,0.0909,1,0,0,0,0,0,NaN,NaN,NaN,NaN,NaN,NaN,NaN,6.64890715466092,16.8653012837278,13.2978140697981,6.66402712699849
605,1,NonStim,0,1,2013.79826666667,2014.77226666667,NaN,0.973999999999933,1000.00000002365,1,-0.4545,-1,1,0,0,0,0,NaN,NaN,NaN,NaN,NaN,NaN,NaN,6.64890713589459,16.9502724757868,13.2978131138217,6.66401983672986
606,1,Stim,1,1,2017.04013333333,2018.01376666667,-0.0553333333334649,0.972999999999956,1000.00000002365,2,-1,-1,1,0,1,0,0,NaN,NaN,NaN,NaN,NaN,NaN,NaN,13.297789456983,18.6711878029105,13.2978119683664,6.66402795557938
607,1,NonStim,0,1,2020.30876666667,2021.27346666667,NaN,0.964999999999918,1000.00000002365,2,-1,-1,1,1,1,0,0,NaN,NaN,NaN,NaN,NaN,NaN,NaN,13.2977986597522,6.66403119907855,19.9467063286802,6.6640294074015
608,1,Stim,1,1,2023.72506666667,2024.69833333333,-0.0571333333332404,0.972999999999956,1000.00000002365,2,0.0909,1,1,1,1,1,1.02774922918812,0.0927920754389294,12.9447731519481,9.99999999976353,0.358269085029408,-0.933618371023295,290.993932601599,1,6.64890715128365,6.66402344493642,13.2978139927508,6.66402960875183
610,1,Stim,1,1,2030.2508,2031.23373333333,-0.0588999999999942,0.982999999999947,1000.00000002365,4,-1,-1,1,1,1,1,1.01729399796547,0.168782859905946,25.7608568744859,11.9999999997162,-0.237359438503481,-0.971421894417308,256.269255479733,1,6.64890670066815,6.66401720895112,19.9467094745973,6.6640213566237
613,1,NonStim,0,1,2037.678,2038.6344,NaN,0.95699999999988,1000.00000002365,2,0.1818,1,1,1,0,0,0,NaN,NaN,NaN,NaN,NaN,NaN,NaN,13.2978080970238,6.6640112036729,13.2978092868854,6.66402945089887
614,1,Stim,1,1,2041.0102,2041.96856666667,-0.0562000000002172,0.958000000000084,1000.00000002365,2,0.6363,1,1,0,0,0,0,NaN,NaN,NaN,NaN,NaN,NaN,NaN,6.64890686207218,6.66402741562722,13.2978102328661,6.66403150929154
615,1,Stim,1,1,2044.38683333333,2045.3519,-0.0535666666667112,0.965000000000146,1000.00000002365,1,-0.3636,-1,1,1,1,1,1.03626943005166,0.0993242186968167,13.5368336336605,13.9999999996689,0.739178819152863,0.673509222888432,42.3384895309391,1,6.64890710028383,17.5157677385401,13.2978126881555,6.66401994529888
616,1,Stim,1,1,2047.77896666667,2048.73803333333,-0.0643333333334795,0.959999999999809,1000.00000002365,2,0.4545,1,1,0,0,0,0,NaN,NaN,NaN,NaN,NaN,NaN,NaN,13.297811458622,6.66401216879912,13.2978077646069,16.3578572658931
617,1,NonStim,0,1,2051.1454,2052.12003333333,NaN,0.974999999999909,999.999999796273,2,0.0909,1,1,0,0,0,0,NaN,NaN,NaN,NaN,NaN,NaN,NaN,6.64890701579565,17.5671364246159,13.2978134981076,19.0706194997815
619,1,Stim,1,1,2057.83926666667,2058.80273333333,-0.0509333333334325,0.963000000000193,999.999999796273,3,0.1818,1,1,0,0,0,0,NaN,NaN,NaN,NaN,NaN,NaN,NaN,6.6489065577105,6.66401867004605,13.2978136394561,13.3280304057026
620,1,Stim,1,1,2061.3061,2062.2714,-0.0543666666667377,0.9650000000006,999.999999796273,4,-0.3636,-1,1,0,0,0,0,NaN,NaN,NaN,NaN,NaN,NaN,NaN,6.64890681103168,17.1366306846221,13.2978134279101,6.66402759355459
621,1,NonStim,0,1,2064.6477,2065.61286666667,NaN,0.965000000000146,999.999999796273,2,1,1,1,0,1,0,0,NaN,NaN,NaN,NaN,NaN,NaN,NaN,6.64890712645627,17.4069011707548,13.2978142994019,6.66403135100542
623,1,NonStim,0,1,2069.71433333333,2070.68843333333,NaN,0.97400000000016,999.999999796273,1,0.3636,1,1,0,2,0,0,NaN,NaN,NaN,NaN,NaN,NaN,NaN,6.648907131219,6.66402907281921,13.2978143028315,6.66402910892699
626,1,Stim,1,1,2076.86586666667,2077.83046666667,-0.0578000000004977,0.965000000000146,999.999999796273,4,0.1818,1,1,1,0,0,0,NaN,NaN,NaN,NaN,NaN,NaN,NaN,6.64890686859864,6.66401265079923,13.2978132870381,6.66401873455896
627,1,Stim,1,1,2080.27403333333,2081.24953333333,-0.0542666666665355,0.974999999999909,999.999999796273,4,-0.1818,-1,1,0,0,0,0,NaN,NaN,NaN,NaN,NaN,NaN,NaN,13.2978121365744,6.66402914749223,13.2978132769854,6.66403092403691
628,1,NonStim,0,1,2083.69986666667,2084.67406666667,NaN,0.975000000000364,999.999999796273,4,-0.3636,-1,1,0,0,0,0,NaN,NaN,NaN,NaN,NaN,NaN,NaN,13.2978108887359,6.66402736403291,13.2978106818323,6.66403062338664
630,1,Stim,1,1,2089.1754,2090.1403,-0.0593666666668469,0.965000000000146,999.999999796273,4,-0.4545,-1,1,1,1,1,1.03626943005166,0.113689831251003,17.376870961027,11.000000002241,0.446401783738088,0.89483263657259,63.4869405837672,1,6.64890700308986,18.2084002636405,13.2978141270598,6.66403110388619
631,1,Stim,1,1,2092.54216666667,2093.5236,-0.052833333333183,0.981000000000222,999.999999796273,3,-0,-1,1,1,2,1,1.01936799184483,0.117733028503721,18.4729856261258,7.00000000142609,0.799344871821035,-0.600872512179924,323.067587681549,1,13.2977793581008,18.1555578670016,13.2978120687293,6.66403149008888
632,1,Stim,1,1,2095.86833333333,2096.8496,-0.0536666666666861,0.981000000000222,999.999999796273,2,0.3636,1,0,0,0,0,0,NaN,NaN,NaN,NaN,NaN,NaN,NaN,13.2978124990284,17.9957490725424,13.2978142405133,6.66402446567158
633,1,NonStim,0,1,2099.21006666667,2100.17486666667,NaN,0.964000000000397,999.999999796273,3,0.1818,1,1,1,1,1,1.03734439833982,0.146252259448772,16.9112944353758,13.0000000026484,0.409589732451283,-0.912269834572253,294.179065042811,1,13.2978086806636,6.66402931843171,13.2978142623426,13.3280449602327
634,1,NonStim,0,1,2102.54336666667,2103.50936666667,NaN,0.966000000000349,999.999999796273,4,-0.6363,-1,1,2,0,0,0,NaN,NaN,NaN,NaN,NaN,NaN,NaN,13.2978110414333,6.66403149870948,13.2978140289984,6.66400472926415
635,1,NonStim,0,1,2105.8524,2106.81923333333,NaN,0.967000000000098,999.999999796273,2,0.4545,1,1,2,1,1,1.03412616339183,0.0816652355424031,12.9447709262812,8.00000000162981,0.327855293666657,-0.944727953653723,289.138652136518,1,13.2978133837367,6.66402595701165,13.2978136079881,6.66402685306549
636,1,Stim,1,1,2109.2365,2110.22366666667,-0.0485666666668294,0.98700000000008,999.999999796273,4,0.6363,1,1,2,0,0,0,NaN,NaN,NaN,NaN,NaN,NaN,NaN,6.64890708120396,6.66402891419135,13.2978129065522,6.66400901006647
637,1,NonStim,0,1,2112.67856666667,2113.65133333333,NaN,0.972999999999956,999.999999796273,1,-0.6363,-1,1,2,2,0,0,NaN,NaN,NaN,NaN,NaN,NaN,NaN,6.64890714984202,6.66403138399817,13.2978115406949,6.66402383298712
638,1,Stim,1,1,2116.08086666667,2117.0685,-0.0549666666665871,0.988000000000284,999.999999796273,1,0.6363,1,1,4,2,2,2.02429149797513,0.119162973475447,16.3967454855416,12.5000000025466,0.189026025092114,-0.929938856493485,281.489813244604,0.948955802436833,10.5128407712327,6.66403096054767,13.2978143063428,6.66402933624174
639,1,Stim,1,1,2119.61296666667,2120.5815,-0.0524000000000342,0.969000000000506,999.999999796273,1,0.1818,1,1,3,1,1,1.03199174406551,0.23995998656687,24.8335672674666,17.0000000034634,0.0138560561235619,-0.999904000246374,270.79391894208,1,13.2978103507226,6.66398456035303,13.2978115869484,13.3280000263912
640,1,Stim,1,1,2122.96373333333,2123.93093333333,-0.0539666666663834,0.967000000000098,999.999999796273,4,0.4545,1,1,3,3,0,0,NaN,NaN,NaN,NaN,NaN,NaN,NaN,6.64890714984206,6.66403065225528,13.2978142616895,6.66402857790751
642,1,Stim,1,1,2129.51433333333,2130.48806666667,-0.0514000000002852,0.97400000000016,999.999999796273,3,0.3636,1,1,0,2,0,0,NaN,NaN,NaN,NaN,NaN,NaN,NaN,13.2977723202137,13.3280168483788,13.2978120680075,6.66401255539204
643,1,Stim,1,1,2132.86496666667,2133.84146666667,-0.0583666666670979,0.977000000000317,999.999999796273,4,0.0909,1,1,2,0,0,0,NaN,NaN,NaN,NaN,NaN,NaN,NaN,13.2978118177091,6.66402961471645,13.2978141442333,6.66402996783941
644,1,NonStim,0,1,2136.216,2137.1836,NaN,0.968000000000302,999.999999796273,3,-0.4545,-1,1,6,2,1,1.03305785123935,0.14024441630612,20.4600978877122,12.0000000024447,0.618004419228955,-0.786174622977289,308.17055259205,1,6.64890634212111,6.6640312684793,13.2978118496504,6.6640267944658
645,1,NonStim,0,1,2139.58276666667,2140.5556,NaN,0.972999999999956,999.999999796273,3,1,1,1,5,2,2,2.05549845837625,0.117820183665572,18.9249261650408,11.000000002241,0.328660625244766,-0.176434308763884,331.771840004876,0.373023956194867,6.64890715189207,6.66403152514147,13.2978126275121,6.66403015947377
646,1,Stim,1,1,2142.77426666667,2143.75113333333,-0.0471999999999753,0.977000000000317,999.999999796273,2,1,1,1,3,1,1,1.02354145342853,0.0940789195302823,14.8944600213322,14.0000000028522,0.668125027123844,0.744049022666358,48.0774820813357,1,6.64890715303175,13.32805003931,13.2978142830267,6.66402906623041
647,1,NonStim,0,1,2146.2418,2147.21823333333,NaN,0.976999999999862,999.999999796273,1,1,1,1,1,1,0,0,NaN,NaN,NaN,NaN,NaN,NaN,NaN,13.2978122819363,6.66402925009587,13.2978105583378,6.66403152591892
648,1,NonStim,0,1,2149.80856666667,2150.7826,NaN,0.97400000000016,999.999999796273,1,-0,-1,1,3,1,1,1.02669404517437,0.271943988211682,28.2809940722372,14.0000000028522,0.850263234964952,-0.526357702771542,328.240311817205,1,6.64890687146498,6.66400652738816,13.297809370734,6.66403024174564
649,1,NonStim,0,1,2153.19296666667,2154.16003333333,NaN,0.967999999999847,999.999999796273,2,-0.3636,-1,1,0,1,0,0,NaN,NaN,NaN,NaN,NaN,NaN,NaN,6.64890701778527,17.3282269769737,13.297814249054,6.6640239127286
650,1,NonStim,0,1,2156.55926666667,2157.53233333333,NaN,0.973000000000411,999.999999796273,4,0.3636,1,1,1,1,1,1.02774922918764,0.158719226128507,19.6775722913798,13.0000000026484,0.251885712082353,-0.967756988116731,284.589127012263,1,13.2978098366264,6.66402794838695,19.9467058168591,6.66403146343413
652,1,NonStim,0,1,2161.60113333333,2162.5753,NaN,0.97400000000016,999.999999796273,3,-0,-1,1,2,2,1,1.02669404517437,0.0588869442936239,9.41367253188439,7.00000000142609,-0.400055136561677,0.91649107344841,113.581625375718,1,13.2978090342562,6.66402625753304,19.9467113579426,6.6640230617144
653,1,Stim,1,1,2165.13593333333,2166.10993333333,-0.0654666666669073,0.97400000000016,999.999999796273,1,0.3636,1,1,1,0,0,0,NaN,NaN,NaN,NaN,NaN,NaN,NaN,6.64890715287987,6.66402925281308,13.2978141105643,6.66402469514575
657,1,NonStim,0,1,2177.8954,2178.87486666667,NaN,0.978999999999814,999.999999796273,4,0.1818,1,1,1,1,0,0,NaN,NaN,NaN,NaN,NaN,NaN,NaN,6.64890709066925,6.6640313998487,13.2978137599542,6.66403035159566
658,1,NonStim,0,1,2181.30466666667,2182.27953333333,NaN,0.975000000000364,999.999999796273,4,-0,-1,1,0,1,0,0,NaN,NaN,NaN,NaN,NaN,NaN,NaN,13.2978127557021,18.0259322634795,13.2978143050429,6.66403054708449
659,1,NonStim,0,1,2184.71313333333,2185.69653333333,NaN,0.983000000000175,999.999999796273,1,-0.3636,-1,1,0,0,0,0,NaN,NaN,NaN,NaN,NaN,NaN,NaN,13.2978078557837,6.66402962632271,13.2978120630364,6.66402486670091
660,1,NonStim,0,1,2188.08853333333,2189.06256666667,NaN,0.97400000000016,999.999999796273,3,0.3636,1,1,2,2,2,2.05338809034874,0.135265837456446,16.2048792511975,11.5000000023429,0.388631954372779,-0.920750691792838,292.883714820132,0.999408141049789,13.2978131572753,6.66402870438211,13.29781367357,6.66403115190451
661,1,NonStim,0,1,2191.48953333333,2192.4574,NaN,0.968000000000302,999.999999796273,3,-0.3636,-1,1,1,1,0,0,NaN,NaN,NaN,NaN,NaN,NaN,NaN,6.64890704409818,6.66402546919186,19.9466850079514,6.66402694992029
664,1,NonStim,0,1,2198.40643333333,2199.3819,NaN,0.974999999999909,999.999999796273,3,-0.6363,-1,1,0,0,0,0,NaN,NaN,NaN,NaN,NaN,NaN,NaN,6.64890707547216,6.6640293892391,19.9467094879565,6.66402763512498
665,1,NonStim,0,1,2201.69056666667,2202.6662,NaN,0.976000000000568,999.999999796273,3,-1,-1,1,0,0,0,0,NaN,NaN,NaN,NaN,NaN,NaN,NaN,6.6489068846496,20.0515611620907,19.9467109569055,13.3280179973345
666,1,Stim,1,1,2205.1243,2206.0984,-0.0532666666667865,0.97400000000016,999.999999796273,1,-0.4545,-1,0,2,2,2,2.05338809034874,0.146141466262553,17.4279778367213,11.5000000023429,-0.366984133204747,-0.440840988694272,230.223846213181,0.573601021039,6.6489071469589,6.66402328028267,13.2978140698947,6.66400931675483
667,1,Stim,1,1,2208.4741,2209.44966666667,-0.05026666666663,0.975000000000364,999.999999796273,3,0.0909,1,0,5,0,0,0,NaN,NaN,NaN,NaN,NaN,NaN,NaN,6.64890690113709,6.66403123952311,19.9467107331684,6.66402132060674
668,1,NonStim,0,1,2211.8667,2212.8323,NaN,0.965999999999894,999.999999796273,4,1,1,1,45,0,0,0,NaN,NaN,NaN,NaN,NaN,NaN,NaN,6.64890713591224,6.93889390249359e-15,13.2978138446161,6.66402538019231
669,1,Stim,1,1,2215.17526666667,2216.1831,-0.0508333333332303,1.00800000000027,999.999999796273,1,1,1,1,1,1,1,0.992063492063231,0.115375420403327,13.7364152714359,13.0000000026484,-0.173402888590465,-0.984850972598638,260.014270521676,1,6.64890685043759,6.66403030890738,13.2978120241978,6.66403151816304
672,1,Stim,1,1,2223.4018,2224.386,-0.0556000000001404,0.985000000000127,999.999999796273,4,-0.0909,-1,0,0,0,0,0,NaN,NaN,NaN,NaN,NaN,NaN,NaN,13.2978125239743,6.66402426480649,13.297814264544,6.66402482168448
673,1,NonStim,0,1,2226.7773,2227.75156666667,NaN,0.974000000000615,999.999999796273,1,-0.0909,-1,1,4,0,0,0,NaN,NaN,NaN,NaN,NaN,NaN,NaN,13.297811346161,6.6640292726897,13.2978132895431,6.66402888108828
674,1,NonStim,0,1,2230.1366,2231.10503333333,NaN,0.969000000000051,999.999999796273,2,-0,-1,1,0,1,0,0,NaN,NaN,NaN,NaN,NaN,NaN,NaN,13.2978137195564,6.66403121856792,13.2978141961428,6.66403132387243
675,1,NonStim,0,1,2233.5282,2234.50186666667,NaN,0.973000000000411,999.999999796273,4,0.0909,1,1,0,0,0,0,NaN,NaN,NaN,NaN,NaN,NaN,NaN,13.2978105658188,6.66402240113091,13.297814278976,6.66402613971842
676,1,NonStim,0,1,2236.84593333333,2237.81183333333,NaN,0.966000000000349,999.999999796273,3,0.0909,1,1,1,0,0,0,NaN,NaN,NaN,NaN,NaN,NaN,NaN,6.64890713997497,6.66403040308934,13.2978141234569,6.66403126804721
677,1,Stim,1,1,2240.21216666667,2241.1697,-0.0562666666664882,0.95699999999988,999.999999796273,3,0.4545,1,1,2,1,1,1.04493207941497,0.152024635762528,19.757803737157,14.0000000028522,0.548743742612892,-0.835990612951602,303.280871083902,1,6.64890697142941,13.3280603767943,13.2978136685558,6.66402889279551
678,1,NonStim,0,1,2243.70406666667,2244.67876666667,NaN,0.97400000000016,999.999999796273,2,-0.6363,-1,1,1,3,0,0,NaN,NaN,NaN,NaN,NaN,NaN,NaN,13.2978120138206,6.66402861798466,13.2978142030596,6.66403066734883
679,1,NonStim,0,1,2247.10426666667,2248.0728,NaN,0.968000000000302,999.999999796273,4,-0.0909,-1,1,0,0,0,0,NaN,NaN,NaN,NaN,NaN,NaN,NaN,6.64890714085615,6.66402953926091,13.297814170015,6.66403090524965
680,1,NonStim,0,1,2250.48073333333,2251.44663333333,NaN,0.965999999999894,999.999999796273,4,-0.1818,-1,1,3,0,0,0,NaN,NaN,NaN,NaN,NaN,NaN,NaN,6.64890705340006,6.66402649599076,13.2978123834532,6.66402223897137
681,1,NonStim,0,1,2253.97263333333,2254.9381,NaN,0.966000000000349,999.999999796273,4,-1,-1,1,2,1,0,0,NaN,NaN,NaN,NaN,NaN,NaN,NaN,13.2978065578974,6.66402967402936,13.297813898184,6.6640287833482
682,1,Stim,1,1,2257.3394,2258.30643333333,-0.0576666666670462,0.967000000000098,999.999999796273,2,-0.3636,-1,0,2,2,1,1.03412616339183,0.08201823073263,17.2583785208013,6.00000000122236,0.572588691098681,-0.819842784212863,304.930941054408,1,13.2978138678979,6.66400722060245,19.9466866339387,6.66403118539984
683,1,NonStim,0,1,2260.64066666667,2261.59683333333,NaN,0.956000000000131,999.999999796273,2,-0.1818,-1,1,4,1,0,0,NaN,NaN,NaN,NaN,NaN,NaN,NaN,6.6489071424033,6.66403087167779,19.9467075729853,6.66403095893795
684,1,NonStim,0,1,2264.03206666667,2264.99873333333,NaN,0.966000000000349,999.999999796273,3,0.4545,1,1,3,1,1,1.03519668737023,0.0549455773698763,8.0035745369515,11.000000002241,-0.242017805780634,0.970271808147144,104.005663547885,1,13.2978098116662,6.66403118750069,13.2978138515705,6.66398825037132
686,1,NonStim,0,1,2270.47493333333,2271.43976666667,NaN,0.965000000000146,999.999999796273,1,0.1818,1,0,0,0,0,0,NaN,NaN,NaN,NaN,NaN,NaN,NaN,13.2977807940083,13.3280629881696,13.297814068016,6.6640309170255
687,1,NonStim,0,1,2273.76663333333,2274.72593333333,NaN,0.959000000000287,999.999999796273,3,-0.0909,-1,0,0,42,0,0,NaN,NaN,NaN,NaN,NaN,NaN,NaN,13.2978122340157,13.3280366144891,13.2978134825638,1.38777878049872e-14
688,1,Stim,1,1,2277.06713333333,2278.02753333333,-0.0579333333334944,0.960000000000036,999.999999796273,3,-0.0909,-1,1,0,1,0,0,NaN,NaN,NaN,NaN,NaN,NaN,NaN,13.2978081087581,13.3280470095312,13.2978135252269,6.66402781541076
689,1,Stim,1,1,2280.30226666667,2281.2754,-0.0500000000001819,0.973000000000411,999.999999796273,1,0.4545,1,1,3,2,1,1.02774922918764,0.107404990394449,11.5935603113997,18.0000000036671,-0.446405858197013,-0.894830603951043,243.486679697479,1,6.64890711827105,6.66403110232335,13.2978123351619,6.66402683227188
690,1,Stim,1,1,2283.8344,2284.8096,-0.0559666666663361,0.975000000000364,999.999999796273,1,-0.0909,-1,1,0,2,0,0,NaN,NaN,NaN,NaN,NaN,NaN,NaN,13.2978054816,13.3280611367227,13.2978139052,6.66402961471644
691,1,Stim,1,1,2287.34373333333,2288.31713333333,-0.0549333333333379,0.97400000000016,999.999999796273,2,-0,-1,1,1,1,1,1.02669404517437,0.159181489941884,24.37035462943,10.0000000020373,0.504325061993027,-0.863513886307412,300.286558719074,1,13.2978131912085,6.66402905113715,13.2978135980501,6.66402804300696
693,1,Stim,1,1,2292.578,2293.55256666667,-0.0518000000001848,0.975000000000364,999.999999796273,1,-1,-1,1,0,44,0,0,NaN,NaN,NaN,NaN,NaN,NaN,NaN,6.64890703276496,6.66403033592255,13.2978125900188,2.77555756099744e-14
694,1,Stim,1,1,2296.0117,2296.98546666667,-0.0561000000002423,0.97400000000016,999.999999796273,4,0.3636,1,1,0,1,0,0,NaN,NaN,NaN,NaN,NaN,NaN,NaN,6.64890708152481,13.3280586628844,13.2978121166685,6.66403096147847
695,1,NonStim,0,1,2299.45366666667,2300.41943333333,NaN,0.965999999999894,999.999999796273,3,-0.1818,-1,1,0,0,0,0,NaN,NaN,NaN,NaN,NaN,NaN,NaN,13.2978083606387,19.9918040117076,13.2978142387627,6.66401414617044
696,1,Stim,1,1,2302.66236666667,2303.63096666667,-0.0553666666669415,0.968000000000302,999.999999796273,4,1,1,1,0,0,0,0,NaN,NaN,NaN,NaN,NaN,NaN,NaN,6.64890708946588,13.3280366755341,13.2978113619555,6.66402749650181
699,1,Stim,1,1,2312.156,2313.13763333333,-0.0586666666667952,0.982000000000426,999.999999796273,1,0.0909,1,1,0,0,0,0,NaN,NaN,NaN,NaN,NaN,NaN,NaN,6.64890714662238,13.3278425854014,13.2978138900316,6.66401757542756
700,1,NonStim,0,1,2315.581,2316.54936666667,NaN,0.969000000000051,999.999999796273,2,-0.0909,-1,1,3,2,1,1.03199174406599,0.0595778191601581,11.0976463578131,8.00000000162981,-0.446401498566615,0.894832778834951,116.513041156818,1,13.2978105674459,6.66403053874706,13.2978141075558,6.66403080647671
701,1,Stim,1,1,2318.8397,2319.8044,-0.0500000000001819,0.965000000000146,999.999999796273,3,1,1,1,1,1,0,0,NaN,NaN,NaN,NaN,NaN,NaN,NaN,6.64890713295961,18.912706299418,19.9466858657646,6.66402656444509
702,1,NonStim,0,1,2322.24823333333,2323.22443333333,NaN,0.976000000000568,999.999999796273,1,-1,-1,1,1,2,0,0,NaN,NaN,NaN,NaN,NaN,NaN,NaN,6.64890715317658,6.66403090288095,13.2978074113439,6.66402995883018
703,1,NonStim,0,1,2325.61523333333,2326.5812,NaN,0.966000000000349,999.999999796273,1,0.6363,1,1,0,0,0,0,NaN,NaN,NaN,NaN,NaN,NaN,NaN,13.2978087318391,13.3280593258328,13.2978141780196,6.66402743478761
704,1,Stim,1,1,2328.9742,2329.95076666667,-0.0568666666667923,0.976000000000113,999.999999796273,3,-0.3636,-1,0,2,0,0,0,NaN,NaN,NaN,NaN,NaN,NaN,NaN,6.64890713969772,6.66403089574784,13.2978142369435,6.66403147970585
705,1,Stim,1,1,2332.20973333333,2333.17566666667,-0.0704333333333125,0.966000000000349,999.999999796273,3,-1,-1,1,2,2,1,1.03519668737023,0.101695022240685,20.7456883019659,17.0000000034634,-0.274144460545638,-0.961688522730796,254.088963905866,1,6.64890715195739,13.3279667186748,19.9466936294274,6.66402952229469
706,1,Stim,1,1,2335.52673333333,2336.4936,-0.0560333333332892,0.967000000000098,999.999999796273,3,-0.6363,-1,1,0,1,0,0,NaN,NaN,NaN,NaN,NaN,NaN,NaN,13.2977976000102,6.66399366325726,13.2978132637405,6.66400416969815
707,1,NonStim,0,1,2338.91723333333,2339.88376666667,NaN,0.965999999999894,999.999999796273,2,-0.4545,-1,1,0,0,0,0,NaN,NaN,NaN,NaN,NaN,NaN,NaN,13.2978132775089,6.66402787057824,13.2978142395808,17.1081518143362
708,1,Stim,1,1,2342.25973333333,2343.2323,-0.0572999999999411,0.972999999999956,999.999999796273,4,-0.6363,-1,1,0,0,0,0,NaN,NaN,NaN,NaN,NaN,NaN,NaN,13.2978141771115,6.66402943811769,19.946700623897,6.66402542773951
709,1,Stim,1,1,2345.8342,2346.79986666667,-0.0537666666664336,0.965000000000146,999.999999796273,2,0.1818,1,1,41,0,0,0,NaN,NaN,NaN,NaN,NaN,NaN,NaN,6.64890714808932,1.38777878049872e-14,13.2978132516814,6.66403133453898
710,1,Stim,1,1,2349.2857,2350.25846666667,-0.0539333333331342,0.972999999999956,999.999999796273,1,-0.1818,-1,1,0,1,0,0,NaN,NaN,NaN,NaN,NaN,NaN,NaN,13.2977925542424,18.7251622840316,13.2978110551825,13.3279252607038
711,1,Stim,1,1,2352.50293333333,2353.48443333333,-0.0552000000002408,0.981999999999971,999.999999796273,1,-0.6363,-1,1,0,0,0,0,NaN,NaN,NaN,NaN,NaN,NaN,NaN,6.64890713104104,17.4947647062729,16.9514418329729,6.66403027353622
712,1,NonStim,0,1,2355.86966666667,2356.8258,NaN,0.956000000000131,999.999999796273,2,0.3636,1,1,2,2,1,1.04602510460237,0.153104379802162,22.4606732102539,10.0000000020373,-0.282755979248336,-0.959191876633301,253.575240748979,1,13.2978142654026,6.66400895396503,19.946717488512,6.66402394668078
713,1,NonStim,0,1,2359.33613333333,2360.30946666667,NaN,0.973000000000411,999.999999796273,2,0.6363,1,1,1,2,0,0,NaN,NaN,NaN,NaN,NaN,NaN,NaN,13.2978064020054,6.66402973803341,13.2978103591347,6.664030557161
714,1,NonStim,0,1,2362.52896666667,2363.50323333333,NaN,0.975000000000364,999.999999796273,4,0.4545,1,1,2,1,0,0,NaN,NaN,NaN,NaN,NaN,NaN,NaN,6.64890536260362,6.66400462346997,19.9466392911861,6.66402728154404
715,1,Stim,1,1,2365.9218,2366.9052,-0.0627666666669029,0.984000000000378,999.999999796273,2,-0.1818,-1,1,3,1,1,1.01626016260124,0.0996119211574019,14.8944687142679,15.0000000030559,0.202164555349935,-0.979351567395572,281.663564954889,1,6.64890712058186,6.66402581582964,13.2978142971025,6.66402862105616
716,1,Stim,1,1,2369.36246666667,2370.33043333333,-0.0509333333334325,0.968000000000302,999.999999796273,1,-0,-1,1,0,0,0,0,NaN,NaN,NaN,NaN,NaN,NaN,NaN,13.2978124859788,6.66403143772623,19.9467133256477,6.66403061193759
717,1,NonStim,0,1,2372.88113333333,2373.86276666667,NaN,0.981000000000222,999.999999796273,4,-0.4545,-1,1,0,1,0,0,NaN,NaN,NaN,NaN,NaN,NaN,NaN,13.2978131505483,6.66401944810452,19.9467068757562,6.66390733830565
718,1,NonStim,0,1,2376.28856666667,2377.25386666667,NaN,0.965000000000146,999.999999796273,1,0.4545,1,1,6,0,0,0,NaN,NaN,NaN,NaN,NaN,NaN,NaN,6.64890713906357,6.66403137054995,13.2978131015256,24.8927726170483
719,1,NonStim,0,1,2379.71453333333,2380.67343333333,NaN,0.958999999999833,999.999999796273,3,0.6363,1,1,2,2,2,2.08550573514114,0.161346401791375,21.4908840755729,11.000000002241,-0.0599654624285431,-0.0193050995448161,197.845286630197,0.0629963772982564,13.2978009540796,6.66403152641042,13.2978142600047,6.66403145630976
720,1,NonStim,0,1,2383.18943333333,2384.16283333333,NaN,0.972999999999956,999.999999796273,1,-0.1818,-1,1,1,2,1,1.02774922918812,0.21656533319651,23.0765800047089,15.0000000030559,-0.706302704560403,-0.707909944506122,225.065116109637,1,13.2978039265114,6.66402872351634,13.2978099293345,6.66402594992361
721,1,NonStim,0,1,2386.59033333333,2387.55493333333,NaN,0.964000000000397,999.999999796273,2,-0.3636,-1,1,0,0,0,0,NaN,NaN,NaN,NaN,NaN,NaN,NaN,13.2978110107757,6.66403048123811,13.2978116521513,13.3280513515718
722,1,NonStim,0,1,2389.99096666667,2390.9654,NaN,0.975000000000364,999.999999796273,1,0.4545,1,1,7,3,3,3.07692307692193,0.118985300178668,16.6020748537887,12.333333335846,0.0751406228644659,-0.349642591003083,282.128784261673,0.357625578850017,6.64890704977482,6.66403107046073,13.297814294849,6.66402939713273
724,1,NonStim,0,1,2396.36663333333,2397.36726666667,NaN,1.0010000000002,999.999999796273,1,0.0909,1,1,0,2,0,0,NaN,NaN,NaN,NaN,NaN,NaN,NaN,13.2977968438827,6.66401857513358,13.2978142610583,6.66402909346933
725,1,NonStim,0,1,2399.85033333333,2400.82333333333,NaN,0.972999999999956,999.999999796273,3,-0.0909,-1,0,3,1,1,1.02774922918812,0.176070315290892,20.7053202718573,19.0000000038708,0.92554667876536,-0.378633523907236,337.750934359782,1,13.2977626795213,6.66402984246603,13.2978133061613,6.66402391107155
726,1,Stim,1,1,2403.33473333333,2404.3037,-0.0557999999996355,0.969000000000051,999.999999796273,1,0.1818,1,1,1,1,0,0,NaN,NaN,NaN,NaN,NaN,NaN,NaN,13.2978072105291,6.66401693575419,13.2978135627145,6.66401388483628
727,1,NonStim,0,1,2406.7174,2407.68363333333,NaN,0.966000000000349,999.999999796273,3,-0,-1,1,0,0,0,0,NaN,NaN,NaN,NaN,NaN,NaN,NaN,13.2977810976433,13.3279967222128,13.2978138539558,6.66403146582275
728,1,NonStim,0,1,2410.19366666667,2411.15866666667,NaN,0.965000000000146,999.999999796273,1,-0.3636,-1,1,0,0,0,0,NaN,NaN,NaN,NaN,NaN,NaN,NaN,6.64890714830197,18.6432790332751,13.2978133409764,6.66402908878377
729,1,Stim,1,1,2413.50206666667,2414.47573333333,-0.0554999999999382,0.972999999999956,999.999999796273,3,1,1,1,40,1,1,1.02774922918812,0.117462687741949,18.8273462897219,27.0000000055006,0.748248928121329,-0.663418074493966,318.438921464896,1,6.64890633392166,6.93889390249359e-15,19.94671113555,6.66402659649663
730,1,Stim,1,1,2416.8949,2417.8608,-0.0644000000002052,0.966000000000349,999.999999796273,2,0.4545,1,1,5,2,0,0,NaN,NaN,NaN,NaN,NaN,NaN,NaN,19.9466715737461,6.66403100414205,19.9466778660925,6.66403150898658
731,1,Stim,1,1,2420.3545,2421.3508,-0.0569666666665398,0.996000000000095,999.999999796273,3,0.6363,1,1,5,2,1,1.00401606425693,0.126964674887113,16.6600751255971,12.0000000024447,0.052439921619056,-0.998624080733379,273.00596496831,1,6.6489071451883,6.66402613832461,13.297813097288,6.66402827909217
732,1,Stim,1,1,2423.71103333333,2424.68883333333,-0.0589333333336981,0.977000000000317,999.999999796273,4,0.4545,1,1,2,2,1,1.02354145342853,0.0822778990242867,9.91611765647331,18.0000000036671,0.290556681975996,-0.956857781783218,286.891286694301,1,6.64890702645251,6.66402837660627,13.297814130627,6.66401384445794
733,1,Stim,1,1,2427.11223333333,2428.07686666667,-0.0532333333330826,0.964000000000397,999.999999796273,1,0.6363,1,1,0,1,0,0,NaN,NaN,NaN,NaN,NaN,NaN,NaN,13.2978128407052,13.3280576126791,13.2978142182444,6.66402962301023
734,1,Stim,1,1,2430.522,2431.507,-0.0586333333330913,0.986000000000331,999.999999796273,1,0.0909,1,0,2,3,1,1.01419878296112,0.0873937495446495,16.494370166056,9.00000000183354,0.725172083991898,-0.688567679025706,316.483165073561,1,13.2977986010361,6.66403092403691,13.2978137623017,6.6640307060304
735,1,Stim,1,1,2433.77996666667,2434.74616666667,-0.0589666666664925,0.967000000000098,999.999999796273,1,-0.3636,-1,1,0,0,0,0,NaN,NaN,NaN,NaN,NaN,NaN,NaN,6.648907124156,13.3280420554567,19.946699459931,13.3280497829453
736,1,NonStim,0,1,2437.13016666667,2438.1032,NaN,0.973000000000411,999.999999796273,1,-1,-1,1,1,1,0,0,NaN,NaN,NaN,NaN,NaN,NaN,NaN,13.297796084606,6.66402977954855,19.9466939192505,6.66402592579059
737,1,Stim,1,1,2440.47286666667,2441.4371,-0.0541000000002896,0.965000000000146,999.999999796273,4,0.6363,1,1,5,4,2,2.07253886010331,0.242762906010223,25.4035328824179,14.0000000028522,0.00278661175168854,0.00622894079330463,65.8979161488729,0.00682384850807396,13.2978013874023,6.66403151409809,13.2978134981076,6.6640294709633
739,1,NonStim,0,1,2447.15633333333,2448.1169,NaN,0.960000000000036,999.999999796273,3,0.0909,1,1,0,0,0,0,NaN,NaN,NaN,NaN,NaN,NaN,NaN,13.2977642746317,6.66403127592271,13.2978111445978,6.66403065730107
740,1,Stim,1,1,2450.6402,2451.61056666667,-0.0540333333337912,0.970000000000255,999.999999796273,1,-0.4545,-1,1,1,3,0,0,NaN,NaN,NaN,NaN,NaN,NaN,NaN,13.2978099152139,6.66403146758392,13.2978137344813,6.66402286844226
741,1,Stim,1,1,2453.99006666667,2454.96396666667,-0.0518666666666832,0.973000000000411,999.999999796273,4,-0.4545,-1,1,2,2,1,1.02774922918764,0.0606331593698192,12.9966294204682,8.00000000162981,0.110183998117751,-0.993911206576718,276.32592235938,1,13.2978129672005,6.66403048179309,13.2978142962421,6.6640309338143
742,1,Stim,1,1,2457.41606666667,2458.3913,-0.0651333333339608,0.975000000000364,999.999999796273,2,0.0909,1,1,0,1,0,0,NaN,NaN,NaN,NaN,NaN,NaN,NaN,13.297813227671,13.3280156608139,13.2978142643704,6.6640041385321
743,1,NonStim,0,1,2460.7834,2461.75656666667,NaN,0.972999999999956,999.999999796273,2,-0.0909,-1,1,0,0,0,0,NaN,NaN,NaN,NaN,NaN,NaN,NaN,13.2978132465183,6.66403109801066,13.2978137327185,6.66403084319183
744,1,NonStim,0,1,2464.2178,2465.1915,NaN,0.97400000000016,999.999999796273,4,0.1818,1,0,0,0,0,0,NaN,NaN,NaN,NaN,NaN,NaN,NaN,13.2978086459277,13.3280614062921,13.2978140818614,6.66403069604754
745,1,Stim,1,1,2467.55973333333,2468.52823333333,-0.0560333333332892,0.969000000000051,999.999999796273,3,0.3636,1,1,3,0,0,0,NaN,NaN,NaN,NaN,NaN,NaN,NaN,13.2978022860345,6.66403152102837,19.9467089220996,6.6640308813599
746,1,NonStim,0,1,2470.8931,2471.8609,NaN,0.967000000000553,999.999999796273,3,-0.3636,-1,1,1,1,1,1.03412616339134,0.0865869625155615,13.4150821228645,8.00000000162981,-0.269062450696162,-0.963122732379096,254.391515169995,1,13.2978011850191,6.66403150540862,13.2978136567648,6.66402108910216
747,1,NonStim,0,1,2474.0763,2475.04533333333,NaN,0.969000000000051,999.999999796273,3,0.6363,1,1,4,2,2,2.06398348813199,0.129512072061322,20.3142551693069,14.500000002954,0.446004209481142,-0.178057816416816,338.236682364292,0.480233631539923,6.64890715294557,6.6640253429176,13.2978117477953,6.6640250330144
748,1,Stim,1,1,2477.52766666667,2478.4937,-0.0548666666668396,0.966000000000349,999.999999796273,4,1,1,1,1,0,0,0,NaN,NaN,NaN,NaN,NaN,NaN,NaN,13.2978053435603,6.66403110388619,19.9466949994356,6.66403105574608
749,1,Stim,1,1,2480.7869,2481.76016666667,-0.0655666666666548,0.974000000000615,999.999999796273,2,0.6363,1,1,1,1,1,1.02669404517389,0.135541089989534,14.9273894346456,12.0000000024447,0.614775145920179,-0.78870242801631,307.935583808856,1,6.64890317936867,6.66402065793399,13.2978071651156,6.66402880732984
750,1,NonStim,0,1,2484.12836666667,2485.10963333333,NaN,0.981000000000222,999.999999796273,4,0.3636,1,1,0,0,0,0,NaN,NaN,NaN,NaN,NaN,NaN,NaN,13.2978132362595,6.66403054232456,13.2978143061308,6.66403127772283
751,1,NonStim,0,1,2487.55353333333,2488.52203333333,NaN,0.969000000000051,999.999999796273,4,-0.4545,-1,1,0,0,0,0,NaN,NaN,NaN,NaN,NaN,NaN,NaN,13.2977612042064,19.9920713371479,13.2978136869648,18.8594340464029
754,1,NonStim,0,1,2494.6381,2495.6047,NaN,0.965999999999894,999.999999796273,2,-0.6363,-1,1,3,0,0,0,NaN,NaN,NaN,NaN,NaN,NaN,NaN,6.64890691622911,6.66403005504726,13.2978121415584,6.66403073924742
755,1,Stim,1,1,2497.99686666667,2498.9613,-0.0599000000001979,0.965000000000146,999.999999796273,3,0.4545,1,1,2,3,1,1.03626943005166,0.0837042562619202,12.4120384006099,8.00000000162981,0.478014226273017,-0.87835209311563,298.555788125642,1,13.2978099963623,6.66401960411983,13.2978142965196,6.66402986034124
756,1,Stim,1,1,2501.5552,2502.5208,-0.0558666666670433,0.965000000000146,999.999999796273,4,-0.0909,-1,1,0,1,0,0,NaN,NaN,NaN,NaN,NaN,NaN,NaN,13.2977977513262,6.66403140091473,13.2978137800839,6.66403136165403
757,1,Stim,1,1,2504.88986666667,2505.8634,-0.0475000000001273,0.97400000000016,999.999999796273,1,-0.1818,-1,1,3,1,1,1.02669404517437,0.0480742083968385,11.0976461001896,10.0000000020373,-0.358269162545197,0.933618341277185,110.993937358712,1,6.64890715245557,6.66403078756792,13.2978129757719,6.66402585593911
758,1,Stim,1,1,2508.34016666667,2509.30713333333,-0.0620666666668512,0.967000000000098,999.999999796273,2,-1,-1,1,3,1,1,1.03412616339183,0.180771225427452,15.5887916930936,20.0000000040745,-0.183884168117809,-0.982947919635431,259.403916075258,1,13.2978061836054,6.66402911216643,13.2978107730956,6.66402961056278
759,1,Stim,1,1,2511.84006666667,2512.831,-0.0503666666668323,0.99100000000044,999.999999796273,2,1,1,1,0,1,0,0,NaN,NaN,NaN,NaN,NaN,NaN,NaN,13.2978106008187,13.3280533391127,13.2978142402864,6.66402851988122
761,1,NonStim,0,1,2517.10783333333,2518.0835,NaN,0.976000000000113,999.999999796273,2,-0.4545,-1,1,0,0,0,0,NaN,NaN,NaN,NaN,NaN,NaN,NaN,6.64890713606947,17.5117784457932,13.2978142694204,6.66402997008767
762,1,Stim,1,1,2520.44943333333,2521.42526666667,-0.0487666666667792,0.976000000000568,999.999999796273,4,-0.6363,-1,1,1,0,0,0,NaN,NaN,NaN,NaN,NaN,NaN,NaN,6.64890173356643,6.66403012920242,13.2978138506809,6.66403039990479
763,1,Stim,1,1,2523.82503333333,2524.79113333333,-0.0548333333335904,0.966000000000349,999.999999796273,4,0.3636,1,1,2,0,0,0,NaN,NaN,NaN,NaN,NaN,NaN,NaN,6.64890712586536,6.66402072908592,13.2978142479029,6.66403011631094
765,1,NonStim,0,1,2530.37643333333,2531.353,NaN,0.977000000000317,999.999999796273,2,0.0909,1,1,6,1,0,0,NaN,NaN,NaN,NaN,NaN,NaN,NaN,6.64890711541713,6.66402796427174,13.2978142234453,6.66400214570081
766,1,NonStim,0,1,2533.75143333333,2534.72616666667,NaN,0.975000000000364,999.999999796273,1,-0.6363,-1,1,1,0,0,0,NaN,NaN,NaN,NaN,NaN,NaN,NaN,13.2978102541923,6.66403103027951,13.2978132677253,6.66402669598831
767,1,NonStim,0,1,2537.077,2538.04586666667,NaN,0.969000000000051,999.999999796273,2,-0,-1,0,2,0,0,0,NaN,NaN,NaN,NaN,NaN,NaN,NaN,6.64890689265318,6.66403124241071,13.2978140055726,6.66402956036728
768,1,Stim,1,1,2540.42736666667,2541.3962,-0.059633333333295,0.969000000000506,999.999999796273,1,-0.0909,-1,1,2,1,0,0,NaN,NaN,NaN,NaN,NaN,NaN,NaN,6.64890701267186,6.66402895094224,13.2978142187465,6.66401751705064
769,1,Stim,1,1,2543.76173333333,2544.7262,-0.0651666666672099,0.965000000000146,999.999999796273,2,-0.0909,-1,0,0,0,0,0,NaN,NaN,NaN,NaN,NaN,NaN,NaN,13.2978140846606,6.66403151208765,19.9467122722852,6.66403113303205
770,1,Stim,1,1,2547.112,2548.07696666667,-0.0514000000002852,0.965000000000146,999.999999796273,4,-0,-1,0,0,0,0,0,NaN,NaN,NaN,NaN,NaN,NaN,NaN,6.64890607015654,6.6640282907691,13.2978092363308,6.66402075669303
771,1,Stim,1,1,2550.4126,2551.3972,-0.0536666666662313,0.985000000000127,999.999999796273,4,0.1818,1,1,2,41,2,2.03045685279162,0.127466105374547,16.1522781814895,12.5000000025466,-0.0442496136435353,-0.00478805135617144,186.17569044569,0.0445079065267227,6.64890703749523,6.66403142514705,13.2978141427783,1.38777878049872e-14
772,1,Stim,1,1,2553.83746666667,2554.80286666667,-0.0525000000002365,0.965000000000146,999.999999796273,3,0.1818,1,1,0,2,0,0,NaN,NaN,NaN,NaN,NaN,NaN,NaN,13.2978135685423,6.66403150178098,13.2978130317959,6.66403065730107
773,1,NonStim,0,1,2557.29603333333,2558.26153333333,NaN,0.965000000000146,999.999999796273,1,0.3636,1,1,2,2,2,2.07253886010331,0.099081955656298,15.0737055017249,11.5000000023429,0.118925002897962,0.0704736778711214,30.6505260717366,0.138237822563013,13.2978117518551,6.66403142986866,13.2978121315847,6.66403135326179
775,1,NonStim,0,1,2563.78033333333,2564.75543333333,NaN,0.975000000000364,999.999999796273,2,0.3636,1,1,2,0,0,0,NaN,NaN,NaN,NaN,NaN,NaN,NaN,13.2978114874746,6.66403094848569,13.2978136283506,6.66403151564723
777,1,Stim,1,1,2568.79,2569.7626,-0.0521333333331313,0.973000000000411,999.999999796273,1,0.3636,1,1,1,0,0,0,NaN,NaN,NaN,NaN,NaN,NaN,NaN,13.2978086859689,6.66403145662745,13.2978136015817,13.3280259768724
778,1,NonStim,0,1,2572.14853333333,2573.12333333333,NaN,0.975000000000364,999.999999796273,1,0.6363,1,1,3,1,0,0,NaN,NaN,NaN,NaN,NaN,NaN,NaN,6.64890706442393,6.66403036392989,13.2978138721241,6.6640302688267
780,1,NonStim,0,1,2577.1259,2578.0904,NaN,0.965000000000146,999.999999796273,3,-0.4545,-1,1,1,1,0,0,NaN,NaN,NaN,NaN,NaN,NaN,NaN,13.2978075422314,6.66403151885801,19.9466941361744,6.66403146478341
781,1,Stim,1,1,2580.42426666667,2581.4015,-0.0516666666667334,0.976999999999862,999.999999796273,1,0.4545,1,1,0,3,0,0,NaN,NaN,NaN,NaN,NaN,NaN,NaN,13.2977962985715,6.66403148811649,13.2978132272026,6.66401912880293
782,1,NonStim,0,1,2584.009,2584.97623333333,NaN,0.968000000000302,999.999999796273,4,0.0909,1,1,1,3,1,1.03305785123935,0.799887344498587,58.8641778898594,27.0000000055006,-2.1967383283657e-10,-1,269.999999987414,1,6.64890686314481,6.6640298541346,13.2978138423125,6.66402650137669
783,1,Stim,1,1,2587.35833333333,2588.3311,-0.0513333333337869,0.973000000000411,999.999999796273,3,-0.4545,-1,1,2,1,0,0,NaN,NaN,NaN,NaN,NaN,NaN,NaN,6.64890694501572,6.66403048123812,19.9467073446401,6.66402927359111
784,1,NonStim,0,1,2590.57596666667,2591.5834,NaN,1.00800000000027,999.999999796273,4,0.6363,1,1,3,0,0,0,NaN,NaN,NaN,NaN,NaN,NaN,NaN,6.64890363775496,6.66402660982078,13.2978139008649,6.66401224424973
785,1,Stim,1,1,2593.88486666667,2594.85773333333,-0.0567000000000917,0.972999999999956,999.999999796273,4,-1,-1,1,1,1,1,1.02774922918812,0.121719918845889,20.2666092294844,10.0000000020373,0.274144450174437,0.96168852568727,74.0889645237642,1,13.2978120433364,6.66402956457502,13.2978075268142,6.66403148572932
786,1,Stim,1,1,2597.2519,2598.2359,-0.0538333333333867,0.984000000000378,999.999999796273,1,-1,-1,1,2,3,2,2.03252032520247,0.155463881313845,18.4645938556726,14.500000002954,-0.14010857459035,0.0234360430581889,170.504014379791,0.142055132916643,6.64890715297588,6.66401113442161,13.2978142892843,6.66402758521401
787,1,NonStim,0,1,2600.63576666667,2601.6104,NaN,0.975000000000364,999.999999796273,4,0.4545,1,1,0,1,0,0,NaN,NaN,NaN,NaN,NaN,NaN,NaN,13.2978005521513,20.0458952175457,13.2978110605794,6.66402859335425
788,1,NonStim,0,1,2604.07743333333,2605.06423333333,NaN,0.98700000000008,999.999999796273,4,-0,-1,0,3,1,1,1.0131712259371,0.155096537889748,15.6894484796178,17.0000000034634,0.455055970254815,-0.890462836919907,297.068535510938,1,6.64890636131564,6.66401619957101,13.2978034921443,6.66403104372268
789,1,NonStim,0,1,2607.40373333333,2608.3682,NaN,0.965000000000146,999.999999796273,2,-0.1818,-1,0,0,2,0,0,NaN,NaN,NaN,NaN,NaN,NaN,NaN,6.64890710949847,13.3280629286705,13.297812861127,6.66403067124051
790,1,NonStim,0,1,2610.65353333333,2611.62783333333,NaN,0.97400000000016,999.999999796273,4,-0.0909,-1,1,1,1,1,1.02669404517437,0.163305682393523,24.0107298116624,11.000000002241,-0.631264496814978,0.775567621204581,129.143476553958,1,13.2977638065999,6.66403075462242,13.2978138271992,6.66402488683146
791,1,NonStim,0,1,2614.0123,2614.99003333333,NaN,0.978000000000065,999.999999796273,4,-1,-1,1,1,1,1,1.02249488752549,0.147765876004261,21.8695072869211,21.0000000042783,0.446399636680751,-0.894833707663772,296.512921941084,1,13.2978057669088,6.66403063022145,13.2978141292044,6.664008918792
792,1,Stim,1,1,2617.41266666667,2618.3946,-0.0566333333335933,0.981999999999971,999.999999796273,3,-0,-1,1,0,2,0,0,NaN,NaN,NaN,NaN,NaN,NaN,NaN,13.2977907225815,6.66403010201316,19.9466913855639,6.66396730484782
793,1,NonStim,0,1,2621.08873333333,2622.07806666667,NaN,0.990000000000236,999.999999796273,2,0.1818,1,1,0,0,0,0,NaN,NaN,NaN,NaN,NaN,NaN,NaN,13.2978057312305,6.66401145314654,13.2978136749159,6.66401762024997
794,1,Stim,1,1,2624.61393333333,2625.5898,-0.0643333333337068,0.976000000000113,999.999999796273,3,-0.3636,-1,0,0,0,0,0,NaN,NaN,NaN,NaN,NaN,NaN,NaN,6.64890711365093,17.5655166579554,13.2978142856704,6.66402407752248
795,1,NonStim,0,1,2627.92253333333,2628.88663333333,NaN,0.964000000000397,999.999999796273,2,0.6363,1,1,4,0,0,0,NaN,NaN,NaN,NaN,NaN,NaN,NaN,6.64890319248085,6.66401811953257,13.2978141295606,6.66402794611482
796,1,NonStim,0,1,2631.31483333333,2632.27383333333,NaN,0.959000000000287,999.999999796273,3,-0.6363,-1,1,45,0,0,0,NaN,NaN,NaN,NaN,NaN,NaN,NaN,6.64890682489215,6.93889390249359e-15,13.2978131538992,6.66402553845483
797,1,NonStim,0,1,2634.51683333333,2635.48086666667,NaN,0.964000000000397,999.999999796273,1,-0.1818,-1,1,7,1,1,1.03734439833982,0.20108438197063,22.7614380289733,15.0000000030559,0.580363608645447,-0.81435746558869,305.476120998564,1,6.64889998106733,6.66401811953258,13.2978053883289,6.66403054172877
798,1,Stim,1,1,2637.9577,2638.9224,-0.0630000000001019,0.965000000000146,999.999999796273,2,-0.1818,-1,0,41,1,1,1.03626943005166,0.0957520988707326,15.8678903105861,14.0000000028522,-0.937491195344931,-0.348008992198093,200.36558444348,1,6.64890529633405,6.93889390249359e-15,13.2978136762604,6.66402932645515
799,1,NonStim,0,1,2641.2651,2642.2634,NaN,0.998000000000047,999.999999796273,1,1,1,1,7,2,1,1.00200400801598,0.0598749354808448,11.0976485339251,7.00000000142609,-0.44640108401026,0.894832985642832,116.513014612946,1,6.64890703790218,6.66403074190911,13.2978140089878,6.66402766468289
801,1,Stim,1,1,2647.69273333333,2648.65603333333,-0.0657999999998538,0.963999999999942,999.999999796273,2,-0,-1,1,1,1,0,0,NaN,NaN,NaN,NaN,NaN,NaN,NaN,6.64890646375113,6.66401060221296,13.297813973813,6.66401507228825
802,1,NonStim,0,1,2651.10893333333,2652.09393333333,NaN,0.985000000000127,999.999999796273,2,0.4545,1,1,0,1,0,0,NaN,NaN,NaN,NaN,NaN,NaN,NaN,13.297810790574,20.2633752131852,13.2978097955833,6.66401120215767
803,1,Stim,1,1,2654.51713333333,2655.4915,-0.0544333333332361,0.97400000000016,999.999999796273,1,-0.6363,-1,1,1,1,1,1.02669404517437,0.13351425992289,15.9931578478076,13.0000000026484,-0.99224300713811,-0.124313373317278,187.141105696363,1,6.64890684348244,6.66403081511263,13.2978107934028,6.66403150344912
805,1,Stim,1,1,2661.16056666667,2662.13446666667,-0.0516333333330294,0.97400000000016,999.999999796273,2,-0.4545,-1,1,0,0,0,0,NaN,NaN,NaN,NaN,NaN,NaN,NaN,13.2978123834532,13.3280467355822,13.2978143015588,13.3280335125838
806,1,NonStim,0,1,2664.55213333333,2665.52733333333,NaN,0.975000000000364,999.999999796273,4,-0.3636,-1,1,1,1,1,1.02564102564064,0.27863277752445,25.992895402957,18.0000000036671,0.358272258131047,0.933617153363026,69.0058726663174,1,6.64890697168446,6.66402118008407,13.2978138622749,6.66402080983549
807,1,Stim,1,1,2667.894,2668.86256666667,-0.0517666666669356,0.968000000000302,999.999999796273,2,-0.3636,-1,0,4,2,0,0,NaN,NaN,NaN,NaN,NaN,NaN,NaN,13.2978035697726,6.66403012343279,13.2978142962644,6.66402446088382
808,1,Stim,1,1,2671.60396666667,2672.58506666667,-0.0550333333330855,0.982000000000426,999.999999796273,4,0.0909,1,1,3,2,1,1.01832993889976,0.0906033328613977,16.6464682180367,7.00000000142609,0.58729807965537,-0.809370722001429,305.965505255787,1,6.648905943443,6.66400883981548,13.2978138973912,6.66402658380436
809,1,Stim,1,1,2675.07803333333,2676.05563333333,-0.0515333333337367,0.976999999999862,999.999999796273,2,0.1818,1,1,0,0,0,0,NaN,NaN,NaN,NaN,NaN,NaN,NaN,13.2978123056816,13.3280459236733,13.2978140886862,13.3280083398983
810,1,Stim,1,1,2678.42946666667,2679.4133,-0.0588999999999942,0.984000000000378,999.999999796273,2,-0.6363,-1,1,0,0,0,0,NaN,NaN,NaN,NaN,NaN,NaN,NaN,13.2978056442672,6.66403058299944,13.2978110322511,6.66402892679331
811,1,NonStim,0,1,2681.90423333333,2682.86926666667,NaN,0.965000000000146,999.999999796273,3,0.1818,1,1,2,1,1,1.03626943005166,0.207212195545098,23.91711869109,19.0000000038708,-0.465580789152376,-0.885005383470773,242.252183798255,1,6.64890715050459,6.66403015947377,13.297814087838,6.66403033067509
812,1,Stim,1,1,2685.2716,2686.24496666667,-0.0498333333334813,0.973000000000411,999.999999796273,3,0.0909,1,0,0,0,0,0,NaN,NaN,NaN,NaN,NaN,NaN,NaN,6.64890711838288,13.3280434991153,19.9466863460899,6.66403032870432
813,1,Stim,1,1,2688.68813333333,2689.6648,-0.0528333333336377,0.976000000000568,999.999999796273,1,1,1,1,2,4,1,1.02459016393383,0.124779922804765,15.771218390321,9.00000000183354,-0.692824194463622,0.721106535517349,133.854086217576,1,13.2978025005815,6.66402969562255,13.2978081697104,6.66402839150915
815,1,NonStim,0,1,2694.01423333333,2694.97956666667,NaN,0.965000000000146,999.999999796273,2,-1,-1,1,0,0,0,0,NaN,NaN,NaN,NaN,NaN,NaN,NaN,13.2978060929414,6.66403073444504,13.2978139206937,6.66402436800138
816,1,NonStim,0,1,2697.48173333333,2698.44676666667,NaN,0.965000000000146,999.999999796273,4,1,1,1,1,2,0,0,NaN,NaN,NaN,NaN,NaN,NaN,NaN,13.2978078016371,6.66402492854369,13.2978137327184,6.66402157415749
818,1,NonStim,0,1,2704.3999,2705.3783,NaN,0.979000000000269,999.999999796273,1,-0.4545,-1,1,0,0,0,0,NaN,NaN,NaN,NaN,NaN,NaN,NaN,6.64890615080909,13.3280591343788,13.2978078447369,6.66402084519078
819,1,Stim,1,1,2707.8499,2708.82546666667,-0.0543333333334886,0.976000000000113,999.999999796273,4,-0.1818,-1,0,0,2,0,0,NaN,NaN,NaN,NaN,NaN,NaN,NaN,6.64890714948386,13.3280421858022,13.2978140938416,6.6640158353911
820,1,Stim,1,1,2711.37523333333,2712.33973333333,-0.0582333333331917,0.963999999999942,999.999999796273,3,-1,-1,1,2,3,1,1.03734439834031,0.156180946921389,16.6968637145414,17.0000000034634,-0.19159219630503,-0.9814746203112,258.954282447048,1,13.2978130530378,6.66402321476133,13.2978088302137,6.66402825611114
821,1,NonStim,0,1,2714.6921,2715.66573333333,NaN,0.972999999999956,999.999999796273,3,0.4545,1,1,1,1,1,1.02774922918812,0.0595778717325647,10.4713826563146,8.00000000162981,0.446401091226441,-0.89483298204293,296.513015074995,1,13.2978117568923,6.6640266761711,13.2978129045486,6.66403014821728
822,1,NonStim,0,1,2718.1096,2719.08536666667,NaN,0.976000000000113,999.999999796273,1,0.1818,1,1,4,2,2,2.04918032786862,0.566549229075695,48.56592876604,22.5000000045839,0.0400284348535442,0.0285030885641956,35.4535663669598,0.0491396139028667,6.64890713104108,6.66395501413309,19.9462371807126,6.66395116402789
823,1,Stim,1,1,2721.64383333333,2722.60093333333,-0.061500000000251,0.957000000000335,999.999999796273,3,-0.6363,-1,1,2,1,1,1.04493207941447,0.194904104586421,24.4347181412792,12.0000000024447,-0.119552458824421,-0.992827885179015,263.133725580543,1,6.64890676026391,6.66403100066443,13.2978138219113,6.66401129409788
824,1,NonStim,0,1,2725.07746666667,2726.051,NaN,0.97400000000016,999.999999796273,1,-0.0909,-1,0,2,2,0,0,NaN,NaN,NaN,NaN,NaN,NaN,NaN,6.64890679500457,6.66402243556427,13.2978140844356,6.66402879463349
825,1,NonStim,0,1,2728.46093333333,2729.426,NaN,0.966000000000349,999.999999796273,3,-1,-1,1,9,2,2,2.07039337474045,0.218974231119815,23.8726286397526,15.5000000031578,-0.0176813406722474,-0.010624778645019,211.001803114456,0.0206280326067157,6.64890690053572,6.66402465585169,13.2978137262897,6.6640295095227
826,1,Stim,1,1,2731.8616,2732.84553333333,-0.0513333333333321,0.983999999999924,999.999999796273,1,-0,-1,1,0,0,0,0,NaN,NaN,NaN,NaN,NaN,NaN,NaN,6.64890715095457,6.66400839038086,13.2978130174212,6.66402685825667
827,1,Stim,1,1,2735.27876666667,2736.2599,-0.0491666666666788,0.981000000000222,999.999999796273,4,-0.3636,-1,1,1,2,1,1.01936799184483,0.104516751878549,16.9884584600005,8.00000000162981,-0.127687046931397,-0.991814507882366,262.664044031621,1,13.2977995098633,13.3280625878429,19.9466756780795,6.66402854585568
828,1,NonStim,0,1,2738.61266666667,2739.57923333333,NaN,0.967000000000553,999.999999796273,3,-0.1818,-1,1,3,0,0,0,NaN,NaN,NaN,NaN,NaN,NaN,NaN,6.64890715298564,6.66402946751812,13.2978137705392,13.3280492959587
829,1,Stim,1,1,2742.08776666667,2743.0618,-0.0551333333337425,0.97400000000016,999.999999796273,2,0.3636,1,1,2,2,1,1.02669404517437,0.143491913526407,16.5070872152806,17.0000000034634,0.30162056882801,-0.95342804262297,287.554964271349,1,13.2978069601105,6.66402383798314,13.2978119985542,6.6640301234328
830,1,NonStim,0,1,2745.63846666667,2746.6151,NaN,0.976999999999862,999.999999796273,4,-0.6363,-1,1,0,1,0,0,NaN,NaN,NaN,NaN,NaN,NaN,NaN,13.2977785529828,13.3280577112399,13.2978141993885,6.66403025870511
835,1,Stim,1,1,2761.56586666667,2762.53223333333,-0.0655666666666548,0.967000000000553,999.999999796273,3,-0.0909,-1,1,0,1,0,0,NaN,NaN,NaN,NaN,NaN,NaN,NaN,13.297812309998,13.3280588866423,13.2978120743165,6.66402482634839
836,1,NonStim,0,1,2764.96553333333,2765.9303,NaN,0.965000000000146,999.999999796273,3,1,1,1,0,3,0,0,NaN,NaN,NaN,NaN,NaN,NaN,NaN,19.9466917479079,13.3280545184898,19.9467140901254,6.66398275314368
838,1,NonStim,0,1,2771.45173333333,2772.42413333333,NaN,0.972999999999956,999.999999796273,4,-0.1818,-1,0,0,0,0,0,NaN,NaN,NaN,NaN,NaN,NaN,NaN,13.2977657447621,6.66403078904854,13.2978139595058,6.66402333034955
840,1,NonStim,0,1,2778.25023333333,2779.20653333333,NaN,0.956000000000131,999.999999796273,3,0.3636,1,0,4,0,0,0,NaN,NaN,NaN,NaN,NaN,NaN,NaN,6.64890714597395,6.66402841452386,13.2978142837982,13.3280461234288
841,1,Stim,1,1,2781.551,2782.53433333333,-0.060500000000502,0.983000000000175,999.999999796273,3,-0.1818,-1,1,0,1,0,0,NaN,NaN,NaN,NaN,NaN,NaN,NaN,13.2978126078717,18.7463993358455,19.9467058618371,6.66402994979499
842,1,NonStim,0,1,2785.14376666667,2786.11693333333,NaN,0.973000000000411,999.999999796273,2,1,1,1,0,0,0,0,NaN,NaN,NaN,NaN,NaN,NaN,NaN,13.2978082081327,16.3585622657993,13.2978134676426,6.66402831391845
843,1,NonStim,0,1,2788.73566666667,2789.71616666667,NaN,0.981000000000222,999.999999796273,1,-0,-1,0,0,0,0,0,NaN,NaN,NaN,NaN,NaN,NaN,NaN,13.2978079902046,6.66403010272976,13.2978110567084,6.66401809753605
844,1,NonStim,0,1,2792.25203333333,2793.22136666667,NaN,0.969000000000051,999.999999796273,4,-0.4545,-1,1,3,3,2,2.06398348813199,0.175186497026809,21.6049666199284,13.0000000026484,-0.0423487979702932,0.00932167294871344,167.586209970944,0.0433625907446901,6.64890583982861,6.66403066456364,13.2978034003878,6.66403091467934
846,1,NonStim,0,1,2798.53616666667,2799.52916666667,NaN,0.993000000000393,999.999999796273,4,0.6363,1,1,1,1,0,0,NaN,NaN,NaN,NaN,NaN,NaN,NaN,13.2977931670131,6.66403152427377,13.2978137841867,6.66402679054618
847,1,Stim,1,1,2801.78716666667,2802.7692,-0.0536666666671408,0.981999999999971,999.999999796273,4,0.4545,1,1,1,1,1,1.01832993890023,0.222881499446832,24.3129584307157,18.0000000036671,0.994225189547892,-0.107313896902768,353.83950348613,1,13.2977821518311,6.66403071400732,13.2978092667764,6.6640284973438
849,1,NonStim,0,1,2806.82126666667,2807.8121,NaN,0.990999999999985,999.999999796273,1,-0.6363,-1,1,0,1,0,0,NaN,NaN,NaN,NaN,NaN,NaN,NaN,6.64890708152486,6.66401068453742,13.2978135092326,6.66401488909301
850,1,NonStim,0,1,2810.44673333333,2811.41546666667,NaN,0.969000000000051,999.999999796273,2,1,1,1,0,6,0,0,NaN,NaN,NaN,NaN,NaN,NaN,NaN,19.9466948192112,13.3279917458929,19.9467213595408,6.66403147088693
852,1,NonStim,0,1,2815.49736666667,2816.46613333333,NaN,0.969000000000051,999.999999796273,2,-0.6363,-1,1,0,2,0,0,NaN,NaN,NaN,NaN,NaN,NaN,NaN,13.2977873726122,6.66401816347152,13.297813944005,6.66402949243026
853,1,NonStim,0,1,2818.87446666667,2819.84016666667,NaN,0.966000000000349,999.999999796273,1,-0.0909,-1,1,2,1,1,1.03519668737023,0.13503307410452,17.9378310832983,10.0000000020373,0.270889426148503,-0.962610470959533,285.71719973517,1,13.2978081491662,6.66402424051336,13.2978134986177,6.66403067401488
854,1,Stim,1,1,2822.43123333333,2823.39636666667,-0.0541000000002896,0.9650000000006,999.999999796273,1,-0.3636,-1,1,2,1,1,1.03626943005117,0.172194725269466,22.3112287295205,18.0000000036671,0.75429487966852,-0.656535783111518,318.963796000852,1,6.64890715001442,6.66402936635326,13.297812535256,6.66400816163569
855,1,NonStim,0,1,2825.81596666667,2826.7818,NaN,0.966000000000349,999.999999796273,1,0.1818,1,1,1,1,1,1.03519668737023,0.104420265088687,14.1205122814039,10.0000000020373,0.639325661899224,-0.768936081893104,309.741554166254,1,13.2978030997911,6.6640247186681,13.297814012179,6.66402997383114
856,1,NonStim,0,1,2829.14956666667,2830.11676666667,NaN,0.967000000000098,999.999999796273,2,0.0909,1,1,5,2,1,1.03412616339183,0.0917566483351799,15.9931728000126,9.00000000183354,0.837042095372976,-0.547138493046886,326.829077749155,1,6.64890689660958,6.66403152524739,13.2978134279101,6.66402499163319
857,1,NonStim,0,1,2832.74956666667,2833.7237,NaN,0.97400000000016,999.999999796273,4,0.0909,1,1,2,2,1,1.02669404517437,0.0651129478505684,9.99603863005817,13.0000000026484,0.155617224660415,0.987817432215584,81.0474049963148,1,19.9466975018839,6.66402334066126,19.9467157021898,6.66401324608359
858,1,Stim,1,1,2836.12566666667,2837.12446666667,-0.0518666666662284,0.998999999999796,999.999999796273,3,0.4545,1,1,3,1,1,1.00100100100121,0.192581210365838,22.8939727615568,13.0000000026484,0.346622416492343,-0.938004744329691,290.280865602175,1,13.2978103423016,6.66402904168042,13.2978137356381,6.66403123109913
859,1,Stim,1,1,2839.825,2840.80196666667,-0.0536666666671408,0.976000000000113,999.999999796273,4,0.0909,1,1,5,1,0,0,NaN,NaN,NaN,NaN,NaN,NaN,NaN,19.9467155500485,6.6640311653722,19.94671904551,13.3280574931835
860,1,NonStim,0,1,2843.24296666667,2844.21743333333,NaN,0.975000000000364,999.999999796273,4,-0.6363,-1,1,3,0,0,0,NaN,NaN,NaN,NaN,NaN,NaN,NaN,13.2978140592577,6.66402961803612,13.2978128677852,6.66403063476357
861,1,NonStim,0,1,2846.4518,2847.4172,NaN,0.965999999999894,999.999999796273,1,-0.3636,-1,1,4,3,1,1.03519668737071,0.139519574904876,11.5935840225517,18.0000000036671,0.191091727119119,-0.981572183706645,281.016502995817,1,13.2977905201894,6.66402229196672,19.9466816314277,6.66402366047309
864,1,NonStim,0,1,2854.6027,2855.56793333333,NaN,0.965000000000146,999.999999796273,2,0.4545,1,1,4,2,2,2.07253886010331,0.103357548523965,15.6725720386249,10.0000000020373,-0.234933493310953,-0.0107629390257837,182.623040637059,0.235179903766798,6.64890714497198,6.66402350136374,13.2978135709785,6.66403056542019
865,1,Stim,1,1,2858.02863333333,2859.00113333333,-0.0530666666668367,0.973000000000411,999.999999796273,4,-0.3636,-1,1,0,45,0,0,NaN,NaN,NaN,NaN,NaN,NaN,NaN,13.2978125430317,13.3280584641724,13.2978142640223,1.7347234756234e-15
866,1,NonStim,0,1,2861.49533333333,2862.47173333333,NaN,0.976000000000113,999.999999796273,4,0.1818,1,1,0,1,0,0,NaN,NaN,NaN,NaN,NaN,NaN,NaN,13.2978077518953,6.66402195314926,19.9467040220985,6.66401123192584
867,1,Stim,1,1,2865.01283333333,2865.97006666667,-0.0669666666667581,0.958000000000084,999.999999796273,3,-0.4545,-1,1,0,0,0,0,NaN,NaN,NaN,NaN,NaN,NaN,NaN,13.2978076431072,6.66403140197624,13.297814099428,6.66402537274638
868,1,NonStim,0,1,2868.32136666667,2869.30463333333,NaN,0.983000000000175,999.999999796273,4,-1,-1,1,1,2,1,1.01729399796523,0.0816004815747725,13.5368031013411,13.0000000026484,-0.572587819401884,-0.819843393016371,235.069119865234,1,13.2978112223709,6.66402460065068,19.9466697352093,6.66403101879323
869,1,NonStim,0,1,2871.68163333333,2872.64603333333,NaN,0.9650000000006,999.999999796273,3,0.1818,1,1,0,2,0,0,NaN,NaN,NaN,NaN,NaN,NaN,NaN,13.2978073891744,13.3280440354764,13.2978131009383,6.66403120441473
871,1,Stim,1,1,2876.75586666667,2877.73083333333,-0.0400333333336675,0.975000000000364,999.999999796273,4,-0.0909,-1,0,3,1,1,1.02564102564064,0.153000704152836,17.3532047168706,11.000000002241,0.898375147551866,-0.439228977028113,333.94530281437,1,6.64890708039854,6.66402452140899,13.2978143062984,17.775151506481
872,1,Stim,1,1,2880.1063,2881.07263333333,-0.0553666666664867,0.966000000000349,999.999999796273,1,1,1,1,3,4,3,3.10559006211068,0.118951253732488,16.8432409109451,12.333333335846,0.56408242670469,0.0578953159544835,5.86010537154817,0.567045722783024,13.2977667125807,6.66402544256015,16.9513906580099,6.66403143808359
873,1,Stim,1,1,2883.4817,2884.4649,-0.0569333333332906,0.983000000000175,999.999999796273,4,0.3636,1,1,1,3,1,1.01729399796523,0.109116060568715,16.0071428672843,8.00000000162981,0.518117142531582,-0.855309667088422,301.206037678469,1,13.2978106446773,6.66402227553612,13.2978133217543,6.66402834240988
874,1,NonStim,0,1,2886.90713333333,2887.8631,NaN,0.956000000000131,999.999999796273,2,0.6363,1,1,3,1,0,0,NaN,NaN,NaN,NaN,NaN,NaN,NaN,13.2978142520938,6.66401971788652,13.2978137524201,6.66401737283426
876,1,Stim,1,1,2893.45876666667,2894.4154,-0.0578000000000429,0.957000000000335,999.999999796273,2,-0,-1,0,1,1,1,1.04493207941447,0.137841170512495,20.2230879188438,11.000000002241,0.997321614018875,-0.0731409475655489,355.80558697347,1,13.2978037982352,6.66401921744749,13.2978132386027,6.66401678166708
877,1,NonStim,0,1,2896.90863333333,2897.87246666667,NaN,0.963999999999942,999.999999796273,2,0.3636,1,1,2,0,0,0,NaN,NaN,NaN,NaN,NaN,NaN,NaN,13.297812081372,6.66402850006527,19.9467125601794,13.3280250535578
878,1,NonStim,0,1,2900.33333333333,2901.32453333333,NaN,0.99100000000044,999.999999796273,3,-0.0909,-1,0,0,0,0,0,NaN,NaN,NaN,NaN,NaN,NaN,NaN,19.9467209165266,19.992072391544,19.9467199426106,19.992065090855
879,1,NonStim,0,1,2903.60206666667,2904.5744,NaN,0.972000000000207,999.999999796273,3,-0.3636,-1,1,4,0,0,0,NaN,NaN,NaN,NaN,NaN,NaN,NaN,6.64890607823811,6.6640282918492,13.2978131700891,13.3280288806454
880,1,Stim,1,1,2906.93453333333,2907.91596666667,-0.0521666666663805,0.981000000000222,999.999999796273,3,0.6363,1,1,3,0,0,0,NaN,NaN,NaN,NaN,NaN,NaN,NaN,6.64890711061785,6.66403149632194,19.9467090644913,6.66402860773461
881,1,Stim,1,1,2910.35183333333,2911.3258,-0.0541666666663332,0.97400000000016,999.999999796273,4,-0.6363,-1,1,0,0,0,0,NaN,NaN,NaN,NaN,NaN,NaN,NaN,13.297814078065,13.3279738237002,19.9467059841739,19.9916483640022
882,1,NonStim,0,1,2913.67756666667,2914.65243333333,NaN,0.975000000000364,999.999999796273,2,-0.1818,-1,1,0,0,0,0,NaN,NaN,NaN,NaN,NaN,NaN,NaN,13.2978142533036,13.328055736866,19.9466602619333,6.66403035744631
883,1,Stim,1,1,2917.0861,2918.06813333333,-0.0573333333331902,0.982000000000426,999.999999796273,1,-0.1818,-1,0,2,2,1,1.01832993889976,0.16273335264588,24.4598752373222,14.0000000028522,0.1838843760526,-0.982947880736179,280.596096045208,1,13.297785695776,6.66403068616854,13.2978140897408,6.66403141933238
884,1,NonStim,0,1,2920.4194,2921.39316666667,NaN,0.97400000000016,999.999999796273,4,0.3636,1,1,3,3,0,0,NaN,NaN,NaN,NaN,NaN,NaN,NaN,13.2978132978701,6.6640289316321,19.9467131866193,6.66403143664984
885,1,Stim,1,1,2923.84513333333,2924.8223,-0.0545333333334383,0.977000000000317,999.999999796273,1,-0,-1,1,0,2,0,0,NaN,NaN,NaN,NaN,NaN,NaN,NaN,19.9466330660169,13.3280081827455,19.9467123244049,6.66396114710333
886,1,Stim,1,1,2927.18753333333,2928.15773333333,-0.0579000000002452,0.970000000000255,999.999999796273,3,-0,-1,1,1,1,1,1.03092783505128,0.150716863895662,25.54544905998,9.00000000183354,-0.0883404778488758,-0.996090337255328,264.93185682577,1,13.2978129884337,13.3280016534562,13.2978126905695,6.66402993240498
887,1,Stim,1,1,2930.52936666667,2931.511,-0.0533333333332848,0.981999999999971,999.999999796273,1,-1,-1,1,0,1,0,0,NaN,NaN,NaN,NaN,NaN,NaN,NaN,19.9466452250436,13.3280397033132,19.9467142198832,13.3280460375869
888,1,Stim,1,1,2933.8886,2934.86293333333,-0.0542333333332863,0.97400000000016,999.999999796273,4,-0.1818,-1,1,0,0,0,0,NaN,NaN,NaN,NaN,NaN,NaN,NaN,13.2978135106287,6.66402997008766,19.9467067000941,4.71217410593275
890,1,NonStim,0,1,2939.24743333333,2940.22156666667,NaN,0.97400000000016,999.999999796273,2,-0.3636,-1,1,0,0,0,0,NaN,NaN,NaN,NaN,NaN,NaN,NaN,13.2978102396421,6.66402776433687,13.2978141482625,16.740551827835
892,1,NonStim,0,1,2944.40633333333,2945.38326666667,NaN,0.976999999999862,999.999999796273,3,-0.4545,-1,1,3,0,0,0,NaN,NaN,NaN,NaN,NaN,NaN,NaN,6.64890521305435,6.66403129565556,13.2978074095152,6.66402523343048
893,1,NonStim,0,1,2947.74066666667,2948.72153333333,NaN,0.981000000000222,999.999999796273,4,-0,-1,1,1,1,1,1.01936799184483,0.0705982674272949,12.9447730755167,9.00000000183354,-0.32968226014386,0.944091948565624,109.249491116653,1,13.2978056915303,6.6640299080515,13.2978142533697,6.66402891224987
894,1,Stim,1,1,2951.14893333333,2952.1243,-0.0517333333332317,0.976000000000113,999.999999796273,4,-1,-1,1,2,5,2,2.04918032786862,0.191698446621145,27.9207064717721,9.00000000183354,-0.0129413939700206,-0.0173639230397087,233.302705430463,0.0216560730793053,13.2978139550044,13.3280624589303,19.9467082099455,6.66403143897382
895,1,NonStim,0,1,2954.69163333333,2955.6641,NaN,0.973000000000411,999.999999796273,1,-0,-1,0,2,2,1,1.02774922918764,0.117893385739842,17.770719261154,7.00000000142609,-0.0284950634895648,0.999593933233253,91.6328678986892,1,13.2978136008967,13.3279959594827,13.2978071311495,13.3280162593917
896,1,NonStim,0,1,2958.0582,2959.02233333333,NaN,0.963999999999942,999.999999796273,1,-0.1818,-1,1,2,1,0,0,NaN,NaN,NaN,NaN,NaN,NaN,NaN,13.2978079963821,6.66403130252716,13.2978136879497,6.66403130224292
897,1,NonStim,0,1,2961.3938,2962.3605,NaN,0.967000000000553,999.999999796273,4,-0.1818,-1,0,2,2,1,1.03412616339134,0.102963147533806,12.9447733777969,13.0000000026484,-0.226740436534824,-0.973955221989182,256.894756774603,1,6.64890712875555,6.66401968691334,13.2978102162356,6.66403022467349
898,1,Stim,1,1,2964.70196666667,2965.6849,-0.0637666666671066,0.983000000000175,999.999999796273,2,-0.3636,-1,0,2,3,1,1.01729399796523,0.098027759517226,13.9094273129706,11.000000002241,0.305379781039481,-0.95223063872797,287.781013895802,1,6.64890687746859,6.66402895190584,13.2978142574776,6.66402224629009
900,1,Stim,1,1,2971.28466666667,2972.25883333333,-0.0506000000000313,0.97400000000016,999.999999796273,2,-1,-1,1,1,2,1,1.02669404517437,0.0920007550240667,11.5935841544387,13.0000000026484,-0.905814226503513,-0.42367509611003,205.066830093878,1,6.64890623064228,6.66402901415394,13.2977782995032,6.664026460912
901,1,Stim,1,1,2974.58503333333,2975.55806666667,-0.053133333333335,0.973000000000411,999.999999796273,2,-0.0909,-1,0,2,0,0,0,NaN,NaN,NaN,NaN,NaN,NaN,NaN,6.64890714038541,6.66402687899259,13.2978141281338,13.3280466503825
902,1,NonStim,0,1,2977.98526666667,2978.96043333333,NaN,0.975000000000364,999.999999796273,1,0.4545,1,1,8,2,2,2.05128205128129,0.126118229773192,16.8691678567203,13.5000000027503,0.407691521084219,-0.349113694653656,319.425952290317,0.536742720638752,6.64890650919157,6.66402154002895,13.2978061980717,6.66403100933686
903,1,Stim,1,1,2981.3292,2982.302,-0.0566333333335933,0.973000000000411,999.999999796273,1,-0.0909,-1,1,2,0,0,0,NaN,NaN,NaN,NaN,NaN,NaN,NaN,13.2978141679371,6.66403097731946,13.297813584936,17.9092254593329
904,1,NonStim,0,1,2984.73743333333,2985.69833333333,NaN,0.96100000000024,999.999999796273,2,-0.0909,-1,0,0,0,0,0,NaN,NaN,NaN,NaN,NaN,NaN,NaN,13.2978049379481,6.66403152459615,13.2978142538875,6.66403148475425
905,1,NonStim,0,1,2988.1208,2989.09586666667,NaN,0.974999999999909,999.999999796273,1,0.3636,1,1,0,0,0,0,NaN,NaN,NaN,NaN,NaN,NaN,NaN,6.64890714910783,16.8991941169709,13.2978110780334,6.66402886837615
906,1,Stim,1,1,2991.31226666667,2992.27116666667,-0.065900000000056,0.959000000000287,999.999999796273,3,-0.3636,-1,1,2,0,0,0,NaN,NaN,NaN,NaN,NaN,NaN,NaN,13.2978089797027,6.6640295426455,13.2978139873411,6.66402842015058
907,1,Stim,1,1,2994.68886666667,2995.65296666667,-0.0568333333335431,0.964000000000397,999.999999796273,2,0.3636,1,1,3,0,0,0,NaN,NaN,NaN,NaN,NaN,NaN,NaN,13.2978107806317,6.66403152586267,13.2978138998091,6.66402052266526
908,1,NonStim,0,1,2998.08853333333,2999.06166666667,NaN,0.973000000000411,999.999999796273,1,-1,-1,1,3,0,0,0,NaN,NaN,NaN,NaN,NaN,NaN,NaN,13.2978088539548,6.66401296257235,19.946678982749,6.66402664968507
909,1,NonStim,0,1,3001.49736666667,3002.45456666667,NaN,0.957000000000335,999.999999796273,3,-1,-1,1,4,1,1,1.04493207941447,0.213913590018405,16.9111719242351,19.0000000038708,-0.310913580211954,0.950438186122477,108.114295693563,1,13.2978085815638,6.66403135475792,13.2978141901977,6.66403149234263
910,1,NonStim,0,1,3004.88123333333,3005.8463,NaN,0.965000000000146,999.999999796273,3,-0.6363,-1,1,0,0,0,0,NaN,NaN,NaN,NaN,NaN,NaN,NaN,6.6489067986688,13.3280426181863,19.9467089367415,6.66401408854333
911,1,Stim,1,1,3008.26603333333,3009.2395,-0.0560333333332892,0.973000000000411,999.999999796273,1,0.3636,1,1,2,1,0,0,NaN,NaN,NaN,NaN,NaN,NaN,NaN,13.297811325536,6.66402820158847,13.2978142989678,13.3280412167709
912,1,NonStim,0,1,3011.6735,3012.65063333333,NaN,0.977000000000317,999.999999796273,2,0.1818,1,1,0,4,0,0,NaN,NaN,NaN,NaN,NaN,NaN,NaN,13.2978088953775,6.66402825393889,13.2978140338721,6.66403152580353
913,1,Stim,1,1,3015.07466666667,3016.05116666667,-0.0487333333330753,0.977000000000317,999.999999796273,2,-0.6363,-1,1,2,1,0,0,NaN,NaN,NaN,NaN,NaN,NaN,NaN,13.2978136802852,6.66402926547194,13.2978116576639,6.66403115676819
914,1,NonStim,0,1,3018.44983333333,3019.41516666667,NaN,0.966000000000349,999.999999796273,3,0.0909,1,1,3,1,1,1.03519668737023,0.114491273716683,20.6432886833276,7.00000000142609,0.613071900342561,-0.790027116629778,307.811954342949,1,6.64890713060171,6.66402706168327,13.2978142239759,13.3279609527897
915,1,Stim,1,1,3021.85886666667,3022.8237,-0.0536666666671408,0.965000000000146,999.999999796273,2,0.1818,1,1,6,2,1,1.03626943005166,0.123458972761483,26.396532870485,9.00000000183354,0.380011060540845,-0.92498194245435,292.334367774697,1,6.64890714821747,6.6640292419345,13.2978134554563,6.66401932256202
916,1,Stim,1,1,3025.25946666667,3026.2261,-0.0592333333333954,0.967000000000098,999.999999796273,2,0.0909,1,1,0,0,0,0,NaN,NaN,NaN,NaN,NaN,NaN,NaN,13.2978105991893,6.66403107248595,13.2978142441573,6.66402978034215
917,1,Stim,1,1,3028.7025,3029.66686666667,-0.0588000000002467,0.964000000000397,999.999999796273,3,0.0909,1,1,2,2,0,0,NaN,NaN,NaN,NaN,NaN,NaN,NaN,13.2978106154673,6.66403094482777,13.2978136705097,6.66402066783018
918,1,NonStim,0,1,3032.09363333333,3033.0509,NaN,0.957000000000335,999.999999796273,2,-1,-1,1,2,0,0,0,NaN,NaN,NaN,NaN,NaN,NaN,NaN,13.2977637705073,6.66402507273875,19.9467015088134,13.3279260570365
919,1,Stim,1,1,3035.47626666667,3036.4512,-0.0542000000004919,0.975000000000364,999.999999796273,1,0.1818,1,1,1,1,0,0,NaN,NaN,NaN,NaN,NaN,NaN,NaN,13.2977851271026,6.66400618849826,13.29781393536,6.66401774313971
920,1,Stim,1,1,3038.994,3039.96653333333,-0.0618333333336523,0.972999999999956,999.999999796273,4,-0,-1,1,1,1,1,1.02774922918812,0.0845458383207479,15.0949166123037,13.0000000026484,0.599127497513651,-0.800653634053472,306.807434781839,1,6.64890710315003,17.358762781551,13.2978092096157,6.6640307833654
921,1,NonStim,0,1,3042.50273333333,3043.48573333333,NaN,0.983000000000175,999.999999796273,1,-0.4545,-1,1,1,3,1,1.01729399796523,0.107109682931185,17.239661990557,8.00000000162981,0.0311640941276107,-0.999514281657449,271.785860216913,1,13.2978136488396,13.3280447789486,13.297813987341,6.66402983622621
922,1,Stim,1,1,3045.8536,3046.81896666667,-0.0569666666669946,0.9650000000006,999.999999796273,1,0.4545,1,1,1,0,0,0,NaN,NaN,NaN,NaN,NaN,NaN,NaN,6.64890558581444,6.66403111820571,13.2978110414333,6.6640307231827
923,1,NonStim,0,1,3049.21203333333,3050.18623333333,NaN,0.97400000000016,999.999999796273,4,-0.0909,-1,1,3,2,0,0,NaN,NaN,NaN,NaN,NaN,NaN,NaN,6.64890702666547,6.66403150627045,13.2978129688732,6.66403145678602
924,1,Stim,1,1,3052.41223333333,3053.3774,-0.0538666666666359,0.965000000000146,999.999999796273,2,-0.4545,-1,1,2,1,1,1.03626943005166,0.222481335975693,23.3241050501341,17.0000000034634,-0.149473208779396,-0.988765776034543,261.403600519987,1,13.2978085249445,6.66402074486574,13.297814303467,6.6640254647573
926,1,NonStim,0,1,3057.5045,3058.47056666667,NaN,0.965999999999894,999.999999796273,3,1,1,1,1,1,1,1.03519668737071,0.245630341401477,25.8895295565426,17.0000000034634,0.489415623398088,-0.872050656541156,299.302179432124,1,13.2978139694051,6.66401047842196,19.946682541309,6.66403027286398
928,1,Stim,1,1,3064.02276666667,3065.0123,-0.0512999999996282,0.990000000000236,999.999999796273,3,-0.1818,-1,1,3,5,1,1.01010101010077,0.0653911327999936,11.097636360389,9.00000000183354,-0.361731440223911,0.932282341972396,111.206567829992,1,13.2978021029572,6.66402603468253,19.946685803948,6.66401960302904
929,1,NonStim,0,1,3067.4226,3068.39626666667,NaN,0.974000000000615,999.999999796273,1,1,1,1,3,0,0,0,NaN,NaN,NaN,NaN,NaN,NaN,NaN,6.64890712047372,6.66401840174101,13.2978131833128,6.66398419750941
930,1,NonStim,0,1,3070.79893333333,3071.7651,NaN,0.967000000000098,999.999999796273,4,0.4545,1,1,4,2,1,1.03412616339183,0.134184446456994,19.09406501896,11.000000002241,0.446401403304118,-0.89483282635815,296.513035057199,1,13.2978108569105,6.66402348264043,19.9467163016315,6.66403109090648
931,1,NonStim,0,1,3074.17356666667,3075.12993333333,NaN,0.956000000000131,999.999999796273,3,0.3636,1,1,41,0,0,0,NaN,NaN,NaN,NaN,NaN,NaN,NaN,13.2978134981075,3.46944695124679e-15,13.2978133745607,6.66402859746652
932,1,Stim,1,1,3077.47413333333,3078.45333333333,-0.0529666666670892,0.979000000000269,999.999999796273,3,0.3636,1,1,2,1,1,1.02145045965243,0.14467094464616,14.8944571823376,17.0000000034634,0.437165761081593,-0.899380952287712,295.923184891978,1,6.64890715322381,6.66402074683739,13.2978140338055,6.66403150652548
934,1,Stim,1,1,3084.02503333333,3084.99796666667,-0.0524333333332834,0.972000000000207,999.999999796273,1,-0.4545,-1,1,2,0,0,0,NaN,NaN,NaN,NaN,NaN,NaN,NaN,6.64890633121086,6.66402310533562,13.2978136566249,6.66402756970093
935,1,Stim,1,1,3087.39286666667,3088.36606666667,-0.0487333333330753,0.97400000000016,999.999999796273,4,0.6363,1,1,0,0,0,0,NaN,NaN,NaN,NaN,NaN,NaN,NaN,13.2978075949568,6.66402658315444,13.297814194214,6.66402472649987
936,1,Stim,1,1,3090.7273,3091.70033333333,-0.0574333333333925,0.972999999999956,999.999999796273,4,0.1818,1,1,2,1,1,1.02774922918812,0.198745759825173,25.3669428413263,13.0000000026484,0.518553847655765,-0.855044973718577,301.23529635894,1,13.2978127055431,6.66402801846555,19.9467024572717,13.3280551751959
937,1,Stim,1,1,3094.00143333333,3094.98353333333,-0.0562666666664882,0.982000000000426,999.999999796273,1,-0.6363,-1,1,1,1,1,1.01832993889976,0.116105667903803,19.4170993923953,13.0000000026484,0.687928301622454,0.725778652088119,46.5336611013588,1,6.64890582262623,18.6822234087719,13.297813961308,6.66397811439363
938,1,Stim,1,1,3097.42636666667,3098.4019,-0.0633333333330484,0.974999999999909,999.999999796273,3,-0.6363,-1,1,1,1,0,0,NaN,NaN,NaN,NaN,NaN,NaN,NaN,13.2977905831856,6.66402745783398,13.2978142025178,6.66401762920582
939,1,Stim,1,1,3100.84543333333,3101.81263333333,-0.0664000000001579,0.967000000000098,999.999999796273,3,0.1818,1,1,2,0,0,0,NaN,NaN,NaN,NaN,NaN,NaN,NaN,13.2978131272312,6.66402321822347,19.9467107940188,6.6640139075288
940,1,NonStim,0,1,3104.2538,3105.2089,NaN,0.955000000000382,999.999999796273,2,-0,-1,1,0,0,0,0,NaN,NaN,NaN,NaN,NaN,NaN,NaN,13.2978085067001,17.5199436234803,13.2978142976678,6.66401702050018
941,1,Stim,1,1,3107.68606666667,3108.64276666667,-0.0662666666667064,0.956000000000131,999.999999796273,2,1,1,1,0,1,0,0,NaN,NaN,NaN,NaN,NaN,NaN,NaN,13.2978048392507,18.5766888790265,13.2978112682748,6.66402526352252
942,1,Stim,1,1,3111.1871,3112.147,-0.0574666666666417,0.960000000000036,999.999999796273,2,0.4545,1,1,2,4,0,0,NaN,NaN,NaN,NaN,NaN,NaN,NaN,13.2977858068805,6.6640308074954,13.2978102437036,6.66400237310408
943,1,Stim,1,1,3114.53786666667,3115.5104,-0.0512666666668338,0.973000000000411,999.999999796273,1,0.6363,1,1,0,0,0,0,NaN,NaN,NaN,NaN,NaN,NaN,NaN,13.2978093217255,6.66402183199924,19.9467050841841,6.66402758402178
944,1,Stim,1,1,3118.0044,3118.9749,-0.0530666666668367,0.970000000000255,999.999999796273,2,-0.1818,-1,1,0,0,0,0,NaN,NaN,NaN,NaN,NaN,NaN,NaN,13.297810731508,6.66403089383882,13.2978142456078,6.66403064042499
946,1,NonStim,0,1,3124.83013333333,3125.82253333333,NaN,0.992000000000189,999.999999796273,4,1,1,1,2,2,1,1.00806451612884,0.210434604761518,23.7415403622209,15.0000000030559,0.189607395288108,-0.981859987804809,280.929873129661,1,6.64890712048508,6.66400066607087,13.2978141114429,6.6640309617704
947,1,NonStim,0,1,3128.26486666667,3129.23886666667,NaN,0.97400000000016,999.999999796273,3,0.6363,1,1,2,1,0,0,NaN,NaN,NaN,NaN,NaN,NaN,NaN,19.9467189236208,6.66403142734446,19.9467119362476,6.66402330454191
948,1,Stim,1,1,3131.63103333333,3132.61456666667,-0.0555666666664365,0.983000000000175,999.999999796273,3,-0.0909,-1,1,1,2,0,0,NaN,NaN,NaN,NaN,NaN,NaN,NaN,6.64890706460216,6.66403078388294,19.9467107467058,6.66402918807053
949,1,NonStim,0,1,3135.01593333333,3135.98986666667,NaN,0.97400000000016,999.999999796273,3,-0.1818,-1,1,1,0,0,0,NaN,NaN,NaN,NaN,NaN,NaN,NaN,13.297812606611,6.6640282205294,13.2978138673551,6.66403143117052
950,1,NonStim,0,1,3138.5071,3139.4892,NaN,0.982000000000426,999.999999796273,4,-0.3636,-1,1,1,4,0,0,NaN,NaN,NaN,NaN,NaN,NaN,NaN,6.64890555343108,6.66403133611408,13.2978140721124,6.66403149133737
951,1,NonStim,0,1,3141.9419,3142.90703333333,NaN,0.966000000000349,999.999999796273,2,-0.4545,-1,1,1,0,0,0,NaN,NaN,NaN,NaN,NaN,NaN,NaN,6.64890713075882,6.66403112470219,13.2978114410708,6.66403143985954
952,1,NonStim,0,1,3145.2835,3146.25926666667,NaN,0.976000000000113,999.999999796273,3,0.4545,1,1,2,2,1,1.02459016393431,0.1406525874915,14.8944660429139,16.0000000032596,0.0945959160397714,-0.99551575209466,275.428062769438,1,13.2977941520539,6.66400636351203,13.297813544882,6.66402938660465
953,1,NonStim,0,1,3148.6832,3149.64906666667,NaN,0.965999999999894,999.999999796273,3,-0,-1,0,4,3,1,1.03519668737071,0.253879018337146,25.3380706800869,15.0000000030559,-0.419939153761341,0.907552261381243,114.830746072625,1,6.64890571203662,6.66403029561928,19.946674082781,6.66402237571733
954,1,Stim,1,1,3151.9258,3152.89813333333,-0.0489999999999782,0.973000000000411,999.999999796273,2,0.6363,1,1,1,1,1,1.02774922918764,0.108096860937981,17.3260192741819,10.0000000020373,0.831467868067141,0.555572843443488,33.7501798820138,1,13.2978085818695,6.66403022124554,13.2978137526861,6.6640313851291
955,1,NonStim,0,1,3155.35946666667,3156.3255,NaN,0.965999999999894,999.999999796273,1,0.6363,1,1,3,0,0,0,NaN,NaN,NaN,NaN,NaN,NaN,NaN,6.64890687621005,6.66400217173446,13.2978126730372,6.66403071248414
956,1,Stim,1,1,3158.70123333333,3159.68483333333,-0.0530666666668367,0.983000000000175,999.999999796273,3,-1,-1,1,3,0,0,0,NaN,NaN,NaN,NaN,NaN,NaN,NaN,6.64890708248322,6.66403131788286,19.9467145993993,6.66402905585874
957,1,Stim,1,1,3162.06083333333,3163.02686666667,-0.0518000000001848,0.965999999999894,999.999999796273,4,-0.4545,-1,0,1,2,1,1.03519668737071,0.0978668103689312,16.9884388713522,11.000000002241,0.376563248024633,-0.926390911136945,292.120964108357,1,13.2978121676306,13.3279894531449,13.2978140012776,6.66403087021925
958,1,NonStim,0,1,3165.46053333333,3166.42553333333,NaN,0.9650000000006,999.999999796273,1,0.0909,1,0,2,0,0,0,NaN,NaN,NaN,NaN,NaN,NaN,NaN,6.64890689112344,6.66402636040534,13.2978134059965,6.66403026478293
959,1,Stim,1,1,3168.81146666667,3169.78923333333,-0.0583999999998923,0.97800000000052,999.999999796273,1,0.0909,1,1,3,0,0,0,NaN,NaN,NaN,NaN,NaN,NaN,NaN,6.64890714695895,13.3280269686658,19.946692410211,6.66402237753374
960,1,Stim,1,1,3172.22016666667,3173.19483333333,-0.047333333332972,0.97400000000016,999.999999796273,4,1,1,1,1,0,0,0,NaN,NaN,NaN,NaN,NaN,NaN,NaN,13.2977900895412,6.66403148564674,13.297797875064,6.66402647576788
961,1,Stim,1,1,3175.62083333333,3176.59696666667,-0.0482999999999265,0.976000000000113,999.999999796273,3,1,1,1,0,0,0,0,NaN,NaN,NaN,NaN,NaN,NaN,NaN,6.64890592747691,6.66402285253253,13.2978138248527,6.66403042462473
962,1,NonStim,0,1,3179.15486666667,3180.13556666667,NaN,0.981000000000222,999.999999796273,1,-0.0909,-1,1,2,2,1,1.01936799184483,0.130249472396758,11.3256876305821,15.0000000030559,-0.0510988452161994,-0.99869360066918,267.070976228433,1,6.64890706370906,6.66402865371783,19.9466953297719,6.66402983700682
963,1,Stim,1,1,3182.52973333333,3183.49483333333,-0.0549333333333379,0.965000000000146,999.999999796273,1,1,1,1,2,3,2,2.07253886010331,0.0813934092145878,16.9989068348849,7.50000000152795,0.146366982514446,0.0289205113381791,11.1770461763897,0.149196814799934,13.2978104060766,6.66403101579385,19.9467008985911,6.66403032146429
965,1,Stim,1,1,3189.58903333333,3190.55473333333,-0.0698333333334631,0.965000000000146,999.999999796273,3,-0.3636,-1,0,4,0,0,0,NaN,NaN,NaN,NaN,NaN,NaN,NaN,6.64890677989601,6.66401914359911,13.2978140220058,6.66403152315086
966,1,Stim,1,1,3192.91486666667,3193.90583333333,-0.0578000000004977,0.99100000000044,999.999999796273,2,-0.4545,-1,0,1,1,1,1.00908173562014,0.323031444033882,32.888153422322,18.0000000036671,0.370667709001397,-0.928765551419547,291.756802514789,1,13.2978135561279,13.3280630366522,19.9467094366229,6.66402602060112
967,1,NonStim,0,1,3196.2403,3197.20686666667,NaN,0.966000000000349,999.999999796273,4,-0.3636,-1,1,4,35,1,1.03519668737023,0.0301830823837045,9.15760740644199,17.0000000034634,-0.513636462063709,-0.858007916536133,239.093642307706,1,6.64890683205418,6.66403052977488,13.2978136652922,5.48567729353352e-15
968,1,NonStim,0,1,3199.54843333333,3200.524,NaN,0.976000000000113,999.999999796273,4,-1,-1,1,1,1,1,1.02459016393431,0.209950079576971,28.6199924935977,13.0000000026484,0.944960730463079,-0.327183767755499,340.902069490538,1,13.2978061570501,13.3280329343239,13.2978135487149,6.66402906623042
969,1,Stim,1,1,3202.9241,3203.89706666667,-0.065900000000056,0.972999999999956,999.999999796273,3,0.4545,1,1,2,1,1,1.02774922918812,0.0938179382962171,12.9309389455272,14.0000000028522,0.28349563395559,-0.958973527021533,286.468946359016,1,6.64890715120514,6.66402986344023,13.2978142241611,6.66402574529792
970,1,NonStim,0,1,3206.27413333333,3207.24026666667,NaN,0.965999999999894,999.999999796273,3,0.1818,1,0,0,0,0,0,NaN,NaN,NaN,NaN,NaN,NaN,NaN,6.64890665074724,19.9920846767159,13.2978110490754,6.66403131903823
971,1,Stim,1,1,3209.59116666667,3210.5651,-0.0587999999997919,0.97400000000016,999.999999796273,3,0.1818,1,1,1,1,1,1.02669404517437,0.125356273140594,20.8288215454004,8.00000000162981,0.904445061768539,-0.426590119719741,334.748645615331,1,13.2977981585798,13.3280573081824,13.2978142793956,6.66403111820571
972,1,Stim,1,1,3213.0424,3214.01643333333,-0.0503333333335831,0.97400000000016,999.999999796273,3,-0.0909,-1,1,0,1,0,0,NaN,NaN,NaN,NaN,NaN,NaN,NaN,13.2978083197381,13.3278529750496,19.9467079418008,6.66402549723974
973,1,Stim,1,1,3216.5673,3217.5345,-0.0528666666668869,0.967000000000098,999.999999796273,1,-1,-1,1,0,0,0,0,NaN,NaN,NaN,NaN,NaN,NaN,NaN,13.2978088151134,6.66403150299161,13.2978138118473,6.66402857584488
974,1,NonStim,0,1,3220.0858,3221.05073333333,NaN,0.9650000000006,999.999999796273,2,-0,-1,0,0,1,0,0,NaN,NaN,NaN,NaN,NaN,NaN,NaN,13.2978045400551,6.66402301798047,19.9467125612067,6.66403151187102
975,1,Stim,1,1,3223.5777,3224.55053333333,-0.0532333333335373,0.973000000000411,999.999999796273,4,-0.4545,-1,1,0,0,0,0,NaN,NaN,NaN,NaN,NaN,NaN,NaN,6.64890707729725,18.992164403675,13.2978137724178,6.66403007392504
976,1,Stim,1,1,3226.9024,3227.86826666667,-0.0644333333339091,0.966000000000349,999.999999796273,2,0.0909,1,1,0,2,0,0,NaN,NaN,NaN,NaN,NaN,NaN,NaN,13.2978121935447,13.3280314607068,13.2978140456078,6.66403009842744
977,1,Stim,1,1,3230.20206666667,3231.19396666667,-0.0497666666665282,0.99100000000044,999.999999796273,1,-0,-1,0,2,0,0,0,NaN,NaN,NaN,NaN,NaN,NaN,NaN,6.64890698958056,6.66403136092193,13.2978143003646,6.66403139401429
978,1,NonStim,0,1,3233.5782,3234.5449,NaN,0.965999999999894,999.999999796273,3,0.3636,1,1,1,1,1,1.03519668737071,0.181104024566251,23.5597720545698,11.000000002241,0.110184180723464,-0.993911186333215,276.325932886011,1,13.2978068785927,13.3280589466341,13.2978141165125,6.66402111236944
979,1,Stim,1,1,3236.97853333333,3237.95406666667,-0.053933333333589,0.976000000000568,999.999999796273,3,0.0909,1,1,3,3,1,1.02459016393383,0.177751958076837,19.0110376891266,15.0000000030559,0.0937113486798721,-0.995599408963565,275.377154641095,1,6.64890680399407,6.66402861183679,13.2978067144126,6.66401374077772
980,1,Stim,1,1,3240.37063333333,3241.34546666667,-0.0480000000002292,0.974999999999909,999.999999796273,2,-0.0909,-1,0,0,36,0,0,NaN,NaN,NaN,NaN,NaN,NaN,NaN,13.2978120254762,13.3280423717559,13.2978135656312,1.38777878049872e-14
981,1,Stim,1,1,3243.87173333333,3244.8361,-0.0525333333334856,0.965000000000146,999.999999796273,4,0.1818,1,1,0,0,0,0,NaN,NaN,NaN,NaN,NaN,NaN,NaN,13.2977986574953,13.3280494692171,13.2978140536542,13.3280437694399
982,1,Stim,1,1,3247.38066666667,3248.35326666667,-0.0509666666671365,0.973000000000411,999.999999796273,3,-0.6363,-1,1,1,0,0,0,NaN,NaN,NaN,NaN,NaN,NaN,NaN,13.2978127268889,6.66402480301266,19.9466543720524,6.66401514528235
983,1,NonStim,0,1,3250.75566666667,3251.71966666667,NaN,0.964000000000397,999.999999796273,2,-0.6363,-1,1,1,0,0,0,NaN,NaN,NaN,NaN,NaN,NaN,NaN,13.297803338811,6.66403091843103,13.2978080623174,6.66403058591353
984,1,Stim,1,1,3254.28986666667,3255.2748,-0.056999999999789,0.985000000000127,999.999999796273,2,-1,-1,1,0,0,0,0,NaN,NaN,NaN,NaN,NaN,NaN,NaN,6.64890713086232,13.3278216873663,13.2978142759487,6.66402213804645
985,1,Stim,1,1,3257.8062,3258.77503333333,-0.0592666666666446,0.969000000000506,999.999999796273,2,-0.1818,-1,1,0,1,0,0,NaN,NaN,NaN,NaN,NaN,NaN,NaN,13.2978030055777,13.3280365053043,19.9467044202117,6.66403002576655
986,1,NonStim,0,1,3261.28266666667,3262.25623333333,NaN,0.97400000000016,999.999999796273,3,-0.4545,-1,1,0,1,0,0,NaN,NaN,NaN,NaN,NaN,NaN,NaN,13.2978135354627,6.66403137758165,13.2978142027236,6.66402890739305
987,1,Stim,1,1,3264.65703333333,3265.6308,-0.0509000000001834,0.973000000000411,999.999999796273,1,0.0909,1,1,4,1,1,1.02774922918764,0.149517198295837,16.6358782147134,14.0000000028522,0.780175912463879,-0.625560185442739,321.276684603639,1,13.2977358153978,6.6640314762697,13.2978140489653,13.3280509611978
988,1,Stim,1,1,3268.00806666667,3268.98196666667,-0.055699999999888,0.973000000000411,999.999999796273,1,-0.4545,-1,1,0,0,0,0,NaN,NaN,NaN,NaN,NaN,NaN,NaN,6.64890662148568,13.3280392418909,13.2978133688038,6.66402875459563
989,1,Stim,1,1,3271.4338,3272.4004,-0.0546333333336406,0.967000000000098,999.999999796273,4,0.3636,1,1,1,0,0,0,NaN,NaN,NaN,NaN,NaN,NaN,NaN,13.2978048444582,6.66402674732317,13.2978140818614,6.66403034181214
990,1,Stim,1,1,3274.77503333333,3275.73303333333,-0.0594666666665944,0.958000000000538,999.999999796273,2,0.1818,1,1,1,2,1,1.04384133611632,0.124490397350992,17.5572311823775,11.000000002241,0.851127013567342,0.524959814439103,31.6655380209183,1,13.2978079969775,13.3280619658114,13.2978141242027,6.66403136116614
991,1,Stim,1,1,3278.10206666667,3279.07533333333,-0.0580666666669458,0.972999999999956,999.999999796273,4,0.4545,1,1,1,0,0,0,NaN,NaN,NaN,NaN,NaN,NaN,NaN,13.2977834978436,6.66402886935508,13.297814182831,6.66402919174216
992,1,Stim,1,1,3281.47633333333,3282.45143333333,-0.0552999999999884,0.975000000000364,999.999999796273,1,0.6363,1,1,2,1,1,1.02564102564064,0.110896528821598,14.4338911575431,11.000000002241,0.53988833426387,-0.841736649152087,302.676037599903,1,6.6489062760557,6.66402892679332,13.2978141577457,6.66403066121547
993,1,NonStim,0,1,3284.85373333333,3285.86096666667,NaN,1.00700000000052,999.999999796273,4,0.6363,1,1,0,1,0,0,NaN,NaN,NaN,NaN,NaN,NaN,NaN,13.2978105926681,13.328056099413,13.2978140937341,6.66403125255944
995,1,Stim,1,1,3290.28766666667,3291.26973333333,-0.0643333333332521,0.981999999999971,999.999999796273,3,-0.4545,-1,1,0,1,0,0,NaN,NaN,NaN,NaN,NaN,NaN,NaN,6.6489071516149,17.96670616331,19.9467020764161,6.66401879350523
996,1,Stim,1,1,3293.6281,3294.61116666667,-0.0528666666668869,0.983000000000175,999.999999796273,2,-0.3636,-1,1,0,3,0,0,NaN,NaN,NaN,NaN,NaN,NaN,NaN,13.2977821806103,17.4233916317762,13.2978142610362,6.66403149611316
997,1,Stim,1,1,3297.04593333333,3298.0222,-0.055766666666841,0.977000000000317,999.999999796273,4,-0.1818,-1,1,1,0,0,0,NaN,NaN,NaN,NaN,NaN,NaN,NaN,6.64890714597399,6.66402848856313,13.29781244977,6.66402543366993
999,1,NonStim,0,1,3302.12943333333,3303.10643333333,NaN,0.977000000000317,999.999999796273,4,-0,-1,1,1,0,0,0,NaN,NaN,NaN,NaN,NaN,NaN,NaN,13.2977923974405,6.66402270512109,13.2978140847918,6.6640297652331
1009,1,NonStim,0,1,3337.55033333333,3338.53226666667,NaN,0.982000000000426,999.999999796273,2,1,1,1,0,1,0,0,NaN,NaN,NaN,NaN,NaN,NaN,NaN,13.2978133918488,6.66402449754857,13.297813618558,6.66403118889766
1010,1,NonStim,0,1,3341.09286666667,3342.0788,NaN,0.986000000000331,999.999999796273,3,-0.1818,-1,0,0,2,0,0,NaN,NaN,NaN,NaN,NaN,NaN,NaN,13.2978116106237,20.044191522055,13.2978093478079,6.66403152015653
1014,1,Stim,1,1,3352.05273333333,3353.01906666667,-0.0565999999998894,0.967000000000098,999.999999796273,4,-0,-1,0,1,3,0,0,NaN,NaN,NaN,NaN,NaN,NaN,NaN,13.297795693793,6.66400876434765,13.2978142716667,6.66403140133988
1015,1,Stim,1,1,3355.33646666667,3356.311,-0.0526333333332332,0.975000000000364,999.999999796273,1,-0.1818,-1,1,1,2,0,0,NaN,NaN,NaN,NaN,NaN,NaN,NaN,13.2978069391672,6.6640311656594,13.297814160604,6.66402711224274
1016,1,NonStim,0,1,3358.79526666667,3359.75993333333,NaN,0.964000000000397,999.999999796273,3,-0.0909,-1,1,3,0,0,0,NaN,NaN,NaN,NaN,NaN,NaN,NaN,6.64890682706441,6.66403128544833,19.9466734148833,6.66403151376228
1018,1,NonStim,0,1,3364.02923333333,3365.00416666667,NaN,0.974999999999909,999.999999796273,4,-0.6363,-1,1,0,2,0,0,NaN,NaN,NaN,NaN,NaN,NaN,NaN,13.2978110261224,6.66402999619736,13.2978138852189,6.66402886837614
1019,1,Stim,1,1,3367.60463333333,3368.56933333333,-0.0533000000000357,0.965000000000146,999.999999796273,2,1,1,1,3,4,2,2.07253886010331,0.0840218262046184,12.3319624633735,10.5000000021391,0.0626476627384358,0.00766716982872256,6.97747787027955,0.0631150943893081,6.64890709960684,6.66403136092193,13.2978141690754,6.66403132977473
1020,1,Stim,1,1,3371.03883333333,3372.00396666667,-0.0592000000001462,0.965000000000146,999.999999796273,2,0.6363,1,1,3,0,0,0,NaN,NaN,NaN,NaN,NaN,NaN,NaN,13.2978078793252,6.66402095871597,13.2978139629868,6.66402567723829
1021,1,Stim,1,1,3374.46586666667,3375.43276666667,-0.0575333333335948,0.967000000000098,999.999999796273,4,0.6363,1,1,3,0,0,0,NaN,NaN,NaN,NaN,NaN,NaN,NaN,6.64890714031745,6.66402992937089,13.2978141598263,13.3280385443266
1022,1,Stim,1,1,3377.9323,3378.8993,-0.0658333333331029,0.967000000000098,999.999999796273,3,-0,-1,1,2,1,0,0,NaN,NaN,NaN,NaN,NaN,NaN,NaN,13.2978141234568,6.66403136335598,19.9467152968678,6.66403128041084
1023,1,NonStim,0,1,3381.62386666667,3382.59643333333,NaN,0.973000000000411,999.999999796273,1,0.6363,1,1,40,0,0,0,NaN,NaN,NaN,NaN,NaN,NaN,NaN,6.64890715324449,1.38777878049872e-14,13.297812224189,13.3280200255646
1024,1,NonStim,0,1,3384.9736,3385.93386666667,NaN,0.960000000000036,999.999999796273,2,0.1818,1,1,1,1,1,1.04166666666663,0.183167117861757,23.7353820918307,12.0000000024447,0.767505300307073,-0.641042599208937,320.130392499949,1,6.64890500783435,13.3280502525036,13.2978130835484,6.66403045902011
1025,1,Stim,1,1,3388.35793333333,3389.3313,-0.0577333333330898,0.97400000000016,999.999999796273,1,-0.6363,-1,1,0,1,0,0,NaN,NaN,NaN,NaN,NaN,NaN,NaN,13.2977910911086,13.3280480227412,13.2978142703917,6.66403148928303
1026,1,Stim,1,1,3391.6493,3392.62406666667,-0.0464333333334253,0.974999999999909,999.999999796273,4,-0.3636,-1,1,2,1,1,1.02564102564112,0.206599658974982,25.8227301656708,13.0000000026484,0.516008697858682,-0.856583343133748,301.064901615306,1,13.2978061715402,6.6640288438441,13.2978139305069,13.3280331713686
1027,1,NonStim,0,1,3394.83336666667,3395.79386666667,NaN,0.960000000000491,999.999999796273,3,0.0909,1,1,3,0,0,0,NaN,NaN,NaN,NaN,NaN,NaN,NaN,6.64890715050459,6.66402969033929,13.2978129195399,6.66402810120046
1028,1,NonStim,0,1,3398.3679,3399.34263333333,NaN,0.975000000000364,999.999999796273,1,0.1818,1,1,3,2,2,2.05128205128129,0.275960040321664,30.3349911758067,16.0000000032596,-0.0482343814520809,-0.0241507062493195,206.596891772097,0.0539426748169366,6.64890655909521,6.66400926295282,13.2978140466165,6.66402999990928
1029,1,NonStim,0,1,3401.7673,3402.74083333333,NaN,0.972999999999956,999.999999796273,4,0.0909,1,1,4,1,1,1.02774922918812,0.29106142233269,23.5288789724868,18.0000000036671,0.274145368369161,-0.961688263940939,285.911090180735,1,6.64890708453767,6.66403142780504,13.2978134279101,6.66403120441473
1030,1,NonStim,0,1,3405.36883333333,3406.35046666667,NaN,0.981999999999971,999.999999796273,4,-0.0909,-1,1,4,2,2,2.03665987780047,0.155255389811335,18.876876684818,12.5000000025466,-0.153176004488878,-0.010560876941788,183.944074805376,0.153539638116534,13.2978027883125,6.66401385382677,13.2978080913501,6.66401825113305
1031,1,NonStim,0,1,3408.71813333333,3409.68333333333,NaN,0.965000000000146,999.999999796273,1,1,1,1,1,1,1,1.03626943005166,0.122770209864296,18.8273402677918,12.0000000024447,0.649938536387695,-0.759986775489035,310.536967941062,1,13.2978090459096,6.66402962880517,13.2978141431723,6.66403009627385
1032,1,Stim,1,1,3411.99326666667,3412.95996666667,-0.0523000000002867,0.965999999999894,999.999999796273,1,-0.0909,-1,1,2,2,1,1.03519668737071,0.0559335624644475,9.48692313346359,9.00000000183354,0.0622371659476027,0.998061388480093,86.4317669583118,1,13.2978028752938,6.66402967836462,19.9466902014951,6.66400876434764
1033,1,Stim,1,1,3415.3364,3416.30106666667,-0.0594666666665944,0.965000000000146,999.999999796273,3,-1,-1,1,3,2,2,2.07253886010331,0.121044690060841,19.1291016079152,14.500000002954,-0.140881775837957,0.214223918838572,123.330437193851,0.256397274099806,6.64890690353527,6.66403131263983,13.2978123016182,6.66402796540502
1034,1,NonStim,0,1,3418.71156666667,3419.69263333333,NaN,0.981000000000222,999.999999796273,1,0.3636,1,1,1,1,1,1.01936799184483,0.110990732178358,17.3330903817076,10.0000000020373,0.65978215838003,-0.751456920577214,311.283261068413,1,13.2978077719695,6.66401557983946,13.2978136288011,6.66403020403815
1035,1,NonStim,0,1,3422.20303333333,3423.1721,NaN,0.969000000000051,999.999999796273,3,1,1,1,2,1,1,1.03199174406599,0.128310830013803,19.3963702826346,19.0000000038708,0.999197136532982,-0.0400634789339284,357.703917231255,1,6.64890714627703,6.66401757542756,13.2978140503413,6.66392589379535
1036,1,NonStim,0,1,3425.5622,3426.54023333333,NaN,0.978000000000065,999.999999796273,2,-0.3636,-1,1,1,0,0,0,NaN,NaN,NaN,NaN,NaN,NaN,NaN,6.64890670997949,6.66402956036728,13.2978141462552,13.3280620065475
1037,1,Stim,1,1,3428.80433333333,3429.7706,-0.0598666666669487,0.966000000000349,999.999999796273,4,1,1,1,2,4,0,0,NaN,NaN,NaN,NaN,NaN,NaN,NaN,6.64890628165185,6.66403048430547,13.297808079225,6.66403137054995
1038,1,Stim,1,1,3432.27966666667,3433.25383333333,-0.0498000000002321,0.97400000000016,999.999999796273,2,-0.6363,-1,1,1,1,0,0,NaN,NaN,NaN,NaN,NaN,NaN,NaN,13.2978052538703,6.66403098752055,13.2978140941243,6.66403012769725
1039,1,NonStim,0,1,3435.6053,3436.5808,NaN,0.974999999999909,999.999999796273,1,-0.4545,-1,1,0,0,0,0,NaN,NaN,NaN,NaN,NaN,NaN,NaN,13.2978062518117,6.66402852092236,13.2978136267796,6.66403069056642
1040,1,Stim,1,1,3438.9722,3439.9385,-0.0677000000000589,0.966000000000349,999.999999796273,3,1,1,1,3,1,1,1.03519668737023,0.217639840983541,24.9430997721866,12.0000000024447,0.427950218245759,-0.903802307312505,295.33754601077,1,6.64890715149177,6.66401140445327,13.2978135274043,6.66402867099426
1041,1,NonStim,0,1,3442.53916666667,3443.5203,NaN,0.981000000000222,999.999999796273,1,-0.6363,-1,1,1,1,1,1.01936799184483,0.136514467528319,18.0581363322447,12.0000000024447,-0.968356143564247,0.249572392746833,165.547789957463,1,6.64890558731258,18.5606008802063,13.2978139035741,6.66403133716055
1042,1,NonStim,0,1,3445.80676666667,3446.77126666667,NaN,0.9650000000006,999.999999796273,3,-0,-1,1,1,0,0,0,NaN,NaN,NaN,NaN,NaN,NaN,NaN,6.64890710747282,18.3159791932653,13.2978141380622,6.664031068431
1044,1,Stim,1,1,3452.46676666667,3453.45783333333,-0.0582000000003973,0.990999999999985,999.999999796273,2,-0,-1,1,0,0,0,0,NaN,NaN,NaN,NaN,NaN,NaN,NaN,13.297813346789,6.66402018772879,13.2978140750492,6.66403018324055
1045,1,Stim,1,1,3455.8495,3456.8145,-0.0531000000000859,0.965000000000146,999.999999796273,4,-1,-1,1,1,1,1,1.03626943005166,0.180242646878323,14.4338902100388,17.0000000034634,0.0184733381174063,-0.999829353329257,271.058504518421,1,13.297810685242,6.66401743601979,13.2978120661965,6.66402098797722
1046,1,Stim,1,1,3459.23373333333,3460.21636666667,-0.0546999999996842,0.983000000000175,999.999999796273,4,0.0909,1,1,4,4,3,3.05188199389569,0.134604327521486,16.6281146159046,11.000000002241,-0.126426643328528,-0.333649605734514,249.247279653564,0.35679932111779,13.2978083610829,6.6640277351621,13.2978142593563,6.66402939274919
1047,1,Stim,1,1,3462.58436666667,3463.5589,-0.0545999999999367,0.97400000000016,999.999999796273,2,0.3636,1,1,3,0,0,0,NaN,NaN,NaN,NaN,NaN,NaN,NaN,6.6489069516578,6.6640180049538,13.2978105165641,6.66402561900147
1049,1,NonStim,0,1,3469.10136666667,3470.08363333333,NaN,0.982000000000426,999.999999796273,2,-0.4545,-1,1,0,0,0,0,NaN,NaN,NaN,NaN,NaN,NaN,NaN,13.2978138130337,16.9544756611872,19.9467013011826,6.66403031552439
1050,1,NonStim,0,1,3472.694,3473.66756666667,NaN,0.97400000000016,999.999999796273,4,0.4545,1,1,1,1,1,1.02669404517437,0.189641319488311,21.8695147647135,14.0000000028522,0.549723150162635,-0.835346908879939,303.348021987735,1,6.64890715109554,19.7569553938914,13.2978141687615,6.66402903410206
1051,1,Stim,1,1,3476.1948,3477.15163333333,-0.0689666666667108,0.95699999999988,999.999999796273,3,0.3636,1,1,3,1,1,1.04493207941497,0.161756851968474,25.2912533961495,10.0000000020373,0.898174716265582,0.439638691497053,26.0808305092209,1,13.2977941977673,6.66401913303131,13.2978132319697,19.9918138774259
1052,1,NonStim,0,1,3479.58693333333,3480.55073333333,NaN,0.964000000000397,999.999999796273,2,0.0909,1,1,2,2,2,2.07468879667964,0.127340056214264,17.6125258547143,10.5000000021391,0.600541046178578,-0.714180328322143,310.059859380731,0.933114724729808,13.2978092667765,6.66403081460607,13.2978132420982,6.66403070353222
1054,1,NonStim,0,1,3486.16286666667,3487.1269,NaN,0.964000000000397,999.999999796273,3,-1,-1,1,2,0,0,0,NaN,NaN,NaN,NaN,NaN,NaN,NaN,6.64890696628995,6.664027394605,13.2978135909086,10.5367262545059
1055,1,NonStim,0,1,3489.55466666667,3490.5374,NaN,0.983000000000175,999.999999796273,4,-0.4545,-1,1,1,0,0,0,NaN,NaN,NaN,NaN,NaN,NaN,NaN,13.2978015200862,6.66403065169374,13.2978143045191,6.66403007247722
1056,1,NonStim,0,1,3492.9296,3493.8946,NaN,0.965000000000146,999.999999796273,3,0.4545,1,1,1,0,0,0,NaN,NaN,NaN,NaN,NaN,NaN,NaN,6.64890657785789,17.465616964268,13.2978138292729,6.66402479522506
1057,1,NonStim,0,1,3496.2716,3497.24533333333,NaN,0.97400000000016,999.999999796273,4,-0.1818,-1,1,1,0,0,0,NaN,NaN,NaN,NaN,NaN,NaN,NaN,13.2978080940002,6.66402854585568,13.297813164777,6.66403104871628
1058,1,NonStim,0,1,3499.7721,3500.7535,NaN,0.981000000000222,999.999999796273,1,-0.1818,-1,1,1,2,1,1.01936799184483,0.153964397268008,18.0581407849106,18.0000000036671,0.964611724321459,0.263674460844392,15.28820391826,1,6.64890621215594,18.6423981414496,19.946690200469,6.66403034115846
1059,1,NonStim,0,1,3503.16426666667,3504.12093333333,NaN,0.956000000000131,999.999999796273,3,0.6363,1,1,2,4,2,2.09205020920473,0.183103182929625,22.0415991671439,14.500000002954,0.194088247959815,0.0688609283311394,19.5342702299075,0.205941922509083,13.2978126391226,6.66399724517273,19.9466953421198,6.66403077245517
1061,1,NonStim,0,1,3509.87303333333,3510.84643333333,NaN,0.973000000000411,999.999999796273,2,0.4545,1,1,1,0,0,0,NaN,NaN,NaN,NaN,NaN,NaN,NaN,13.2977907476334,6.66403055123995,19.9466922425381,6.66402229196675
1062,1,NonStim,0,1,3513.2406,3514.23343333333,NaN,0.993000000000393,999.999999796273,4,0.1818,1,1,3,3,1,1.00704934541753,0.208850004011396,27.2258498929596,13.0000000026484,-0.334649309704136,-0.942342739938365,250.448785934235,1,19.9467163599764,6.66403152569309,19.9467213204587,6.66402932021595
1063,1,Stim,1,1,3516.88413333333,3517.84803333333,-0.0540000000000873,0.963999999999942,999.999999796273,4,-0.6363,-1,1,2,0,0,0,NaN,NaN,NaN,NaN,NaN,NaN,NaN,13.2977876704633,6.66402949243026,13.2978127731196,6.66402335096644
1064,1,NonStim,0,1,3520.36623333333,3521.36696666667,NaN,1,999.999999796273,4,1,1,1,1,1,1,1,0.0598749346652357,11.097649116405,8.00000000162981,-0.446400998508987,0.894833028296441,116.513009138335,1,13.2977975823558,6.66402585164845,13.2978109367494,6.66402994677749
1065,1,Stim,1,1,3524.0428,3525.0106,-0.0570666666667421,0.968000000000302,999.999999796273,1,0.4545,1,1,1,0,0,0,NaN,NaN,NaN,NaN,NaN,NaN,NaN,6.64890692000155,6.66403112812041,13.2978131629676,6.66402749047213
1066,1,Stim,1,1,3527.46706666667,3528.44283333333,-0.0506000000000313,0.975000000000364,999.999999796273,3,0.6363,1,1,0,0,0,0,NaN,NaN,NaN,NaN,NaN,NaN,NaN,13.2978055217815,6.66402570914556,19.9467126677162,6.66402857171743
1067,1,NonStim,0,1,3530.94343333333,3531.9184,NaN,0.975000000000364,999.999999796273,2,-0.0909,-1,1,0,0,0,0,NaN,NaN,NaN,NaN,NaN,NaN,NaN,13.2977951229785,6.66402912582591,19.9467021506107,6.66403027167417
1070,1,NonStim,0,1,3541.85483333333,3542.85266666667,NaN,0.998000000000047,999.999999796273,1,-1,-1,1,1,1,0,0,NaN,NaN,NaN,NaN,NaN,NaN,NaN,6.64890650774995,6.66402852612536,13.2978056094595,6.66403139705595
1071,1,NonStim,0,1,3545.2539,3546.21963333333,NaN,0.966000000000349,999.999999796273,3,-0.6363,-1,1,2,2,2,2.07039337474045,0.227598196574567,21.4004007058657,14.0000000028522,0.302837031789056,0.118769049169108,21.4145155926881,0.32529425888469,6.64890422372038,6.66399045023035,19.9466049458287,6.66401318501441
1072,1,Stim,1,1,3548.72843333333,3549.7011,-0.0551000000000386,0.973000000000411,999.999999796273,2,0.4545,1,1,0,0,0,0,NaN,NaN,NaN,NaN,NaN,NaN,NaN,13.297812952237,6.66401328457518,13.2978142991139,6.66403110778067
1073,1,NonStim,0,1,3552.08706666667,3553.05413333333,NaN,0.967000000000098,999.999999796273,1,0.0909,1,1,1,0,0,0,NaN,NaN,NaN,NaN,NaN,NaN,NaN,6.64890671395506,6.66402089224027,13.2978120868159,6.66403109683069
1074,1,NonStim,0,1,3555.689,3556.66306666667,NaN,0.97400000000016,999.999999796273,3,-0.3636,-1,1,2,1,1,1.02669404517437,0.0601826723101174,11.1067002300817,7.00000000142609,0.0553442760161923,-0.998467331019019,273.172614457534,1,13.2978077633425,6.66397515610113,13.2978106753842,6.66403148962948
1075,1,NonStim,0,1,3559.06386666667,3560.03843333333,NaN,0.975000000000364,999.999999796273,2,0.3636,1,1,1,5,0,0,NaN,NaN,NaN,NaN,NaN,NaN,NaN,13.2978103152942,6.66402997757011,13.297813790183,6.66402921827519
1076,1,NonStim,0,1,3562.73906666667,3563.71413333333,NaN,0.975000000000364,999.999999796273,1,-0.3636,-1,1,2,2,2,2.05128205128129,0.299149291076772,32.4078399560346,16.5000000033615,0.0377434428975148,-0.0177427568593405,334.822324374387,0.0417057897986315,13.2977175224933,27.9486242690002,19.9465558382985,6.66402068958593
1079,1,NonStim,0,1,3572.60776666667,3573.58133333333,NaN,0.97400000000016,999.999999796273,4,0.3636,1,1,4,2,2,2.05338809034874,0.305957410259944,30.7428397314967,17.5000000035652,0.0497057297347869,0.0453104192340027,42.3514676624504,0.0672584095829567,6.64890714325822,6.66397264454561,13.2978139244319,6.66399713799115
1080,1,Stim,1,1,3575.95766666667,3576.93096666667,-0.0533000000000357,0.972999999999956,999.999999796273,4,-0.0909,-1,1,0,0,0,0,NaN,NaN,NaN,NaN,NaN,NaN,NaN,13.2977958795452,6.6640248573996,13.2978119259901,6.66402105609573
1084,1,Stim,1,1,3587.9007,3588.86576666667,-0.0522333333333336,0.965000000000146,999.999999796273,1,0.3636,1,1,1,1,0,0,NaN,NaN,NaN,NaN,NaN,NaN,NaN,13.2978134561294,6.66402918531483,13.2978121972339,6.66402055872421
1085,1,NonStim,0,1,3591.24473333333,3592.21973333333,NaN,0.975000000000364,999.999999796273,1,-0,-1,1,3,0,0,0,NaN,NaN,NaN,NaN,NaN,NaN,NaN,13.2978066678387,6.66402969684307,13.2978135436158,6.66403123952311
1086,1,Stim,1,1,3594.77616666667,3595.74106666667,-0.0571333333336952,0.965000000000146,999.999999796273,1,0.1818,1,1,0,1,0,0,NaN,NaN,NaN,NaN,NaN,NaN,NaN,13.2978122739609,20.7062331612202,19.9466689149001,6.66402820158847
1087,1,NonStim,0,1,3598.10243333333,3599.0587,NaN,0.956000000000131,999.999999796273,2,-0.1818,-1,1,0,0,0,0,NaN,NaN,NaN,NaN,NaN,NaN,NaN,13.2978126132254,6.66402927088634,13.2978143062613,6.66401684616015
1088,1,NonStim,0,1,3601.43533333333,3602.404,NaN,0.969000000000051,999.999999796273,2,-1,-1,1,1,0,0,0,NaN,NaN,NaN,NaN,NaN,NaN,NaN,13.2978142346268,6.66402953502612,13.297813914737,13.3280612526917
1089,1,NonStim,0,1,3604.9192,3605.89406666667,NaN,0.974999999999909,999.999999796273,1,0.4545,1,1,1,1,0,0,NaN,NaN,NaN,NaN,NaN,NaN,NaN,13.2978094921962,6.66402042307556,13.2978133672036,6.66403064042499
1090,1,Stim,1,1,3608.2115,3609.1851,-0.0556000000001404,0.97400000000016,999.999999796273,1,-0.3636,-1,1,2,2,1,1.02669404517437,0.134050185929589,16.5070888922326,14.0000000028522,0.44640116316025,-0.894832946157648,296.513019680886,1,13.2977972558623,6.66402417390519,16.9514126683878,6.6640264757679
1091,1,Stim,1,1,3611.6455,3612.6374,-0.0537666666668883,0.992000000000189,999.999999796273,3,-0.1818,-1,1,3,2,1,1.00806451612884,0.113928448385242,17.8784036953803,9.00000000183354,0.911019341636222,0.412363624929145,24.3534007557189,1,6.64890706102929,6.66403140804415,19.9466877975053,6.66403151201562
1092,1,NonStim,0,1,3615.07116666667,3616.04426666667,NaN,0.972999999999956,999.999999796273,2,0.6363,1,1,1,2,1,1.02774922918812,0.182327205773888,31.1185381827192,11.000000002241,-0.370664000395368,-0.928767031505158,248.243426269863,1,19.9466757994877,6.66402791422915,19.9467081010386,6.66403105739258
1093,1,Stim,1,1,3618.4882,3619.4529,-0.0665000000003602,0.964000000000397,999.999999796273,2,-0.0909,-1,1,0,0,0,0,NaN,NaN,NaN,NaN,NaN,NaN,NaN,13.2978038501869,16.2762655861605,13.2978140310354,6.66402932645514
1094,1,NonStim,0,1,3621.80586666667,3622.77903333333,NaN,0.97400000000016,999.999999796273,4,0.3636,1,1,0,0,0,0,NaN,NaN,NaN,NaN,NaN,NaN,NaN,13.2978110000116,6.66402372937289,19.946703345878,6.66402296535104
1095,1,Stim,1,1,3624.98046666667,3625.95393333333,-0.0544333333336908,0.972999999999956,999.999999796273,3,-0.0909,-1,0,2,1,1,1.02774922918812,0.158023892761971,19.99209173844,14.0000000028522,0.105548285906544,-0.994414178972821,276.058756567085,1,13.2977742434367,6.66402750613992,13.2977859892746,6.66401572339366
1096,1,Stim,1,1,3628.4563,3629.43116666667,-0.0513333333333321,0.975000000000364,999.999999796273,2,-0,-1,1,2,1,1,1.02564102564064,0.131061248129757,16.8848180213602,9.00000000183354,0.913468459149016,-0.406909540487714,335.989155756428,1,13.2977810425638,6.66403106802452,13.297814285179,13.3280079938648
1097,1,Stim,1,1,3631.89073333333,3632.8553,-0.0501000000003842,0.965000000000146,999.999999796273,1,0.3636,1,1,3,0,0,0,NaN,NaN,NaN,NaN,NaN,NaN,NaN,19.9467102885251,6.6640205169217,19.9467189023699,6.66399532946705
1098,1,Stim,1,1,3635.23266666667,3636.20623333333,-0.0510333333331801,0.97400000000016,999.999999796273,1,-0.0909,-1,1,1,0,0,0,NaN,NaN,NaN,NaN,NaN,NaN,NaN,13.2978083031599,6.66402954771698,13.2978141841915,6.66403095456072
1099,1,NonStim,0,1,3638.6827,3639.64746666667,NaN,0.965000000000146,999.999999796273,3,0.6363,1,1,1,0,0,0,NaN,NaN,NaN,NaN,NaN,NaN,NaN,13.2978080876702,6.66402000908955,13.297814245822,13.3280080495677
1100,1,Stim,1,1,3642.0416,3643.0182,-0.0512666666668338,0.977000000000317,999.999999796273,2,0.0909,1,0,0,1,0,0,NaN,NaN,NaN,NaN,NaN,NaN,NaN,13.297813182792,17.5053303187009,19.9466854816359,6.6640313933579
1101,1,Stim,1,1,3645.4251,3646.3982,-0.0563666666666904,0.973000000000411,999.999999796273,1,-0,-1,0,1,1,1,1.02774922918764,0.120751672980063,14.471910685519,11.000000002241,0.633878348511476,-0.773432763262822,309.336843230734,1,13.2978053554416,6.66400539650033,19.9466959505532,6.66402495935691
1102,1,NonStim,0,1,3648.79266666667,3649.7652,NaN,0.972999999999956,999.999999796273,2,0.3636,1,0,0,0,0,0,NaN,NaN,NaN,NaN,NaN,NaN,NaN,13.2978130555726,6.66403079932564,13.2978142857923,6.66402466371952
1103,1,Stim,1,1,3652.22636666667,3653.1932,-0.0572000000001935,0.967000000000553,999.999999796273,2,0.6363,1,1,0,1,0,0,NaN,NaN,NaN,NaN,NaN,NaN,NaN,6.64890631758995,18.3555452782853,13.2978143023561,6.66403067567734
1104,1,NonStim,0,1,3655.51816666667,3656.4933,NaN,0.975000000000364,999.999999796273,1,0.6363,1,1,0,0,0,0,NaN,NaN,NaN,NaN,NaN,NaN,NaN,13.297807870528,16.8223290702617,13.297814242883,6.66402472806568
1105,1,Stim,1,1,3659.08526666667,3660.06063333333,-0.0672000000004118,0.975000000000364,999.999999796273,3,-0.1818,-1,1,1,2,0,0,NaN,NaN,NaN,NaN,NaN,NaN,NaN,6.64890714787223,6.66400331536107,13.2978141979006,6.66402999619736
1106,1,NonStim,0,1,3662.7272,3663.701,NaN,0.97400000000016,999.999999796273,4,-0,-1,1,1,3,1,1.02669404517437,0.113498652443887,16.4943522938334,10.0000000020373,0.73516506584815,0.677888136757449,42.6788342067814,1,6.64890690740779,13.328012347285,13.2978120679667,6.66402192131984
1107,1,NonStim,0,1,3666.2111,3667.18816666667,NaN,0.977000000000317,999.999999796273,4,0.1818,1,1,2,3,1,1.02354145342853,0.173113832987618,24.6598788659217,11.000000002241,-0.32710876773181,-0.944986695183047,250.906616902557,1,13.2977718371458,6.66401998054094,13.2978039074566,6.66402889279552
1108,1,NonStim,0,1,3669.621,3670.60286666667,NaN,0.981999999999971,999.999999796273,4,1,1,1,1,2,1,1.01832993890023,0.233218296151401,25.6364131501405,16.0000000032596,0.328410754118624,-0.944535005481129,289.172343093632,1,13.297812011394,13.3280535474853,19.9467091387886,6.66403085209721
1109,1,NonStim,0,1,3673.03723333333,3674.01833333333,NaN,0.981000000000222,999.999999796273,1,-0.3636,-1,1,1,1,0,0,NaN,NaN,NaN,NaN,NaN,NaN,NaN,13.2978118720719,6.66403058591353,13.2978142601084,6.66401867435197
1111,1,Stim,1,1,3679.73836666667,3680.71376666667,-0.053166666667039,0.975000000000364,999.999999796273,3,0.0909,1,1,3,1,1,1.02564102564064,0.189283401141791,18.0616859269626,20.0000000040745,0.632376252714876,-0.774661393772977,309.225656553658,1,6.64890625802784,6.66402959807475,13.2978043005602,6.66403139877817
1112,1,NonStim,0,1,3683.13803333333,3684.1228,NaN,0.983999999999924,999.999999796273,1,0.3636,1,1,1,1,1,1.0162601626017,0.166776246298507,22.8939982110009,13.0000000026484,-0.279414561318359,-0.960170559287916,253.774732984509,1,6.6489071532453,6.66402668278134,13.297814222335,6.6640271003157
1114,1,Stim,1,1,3688.348,3689.3235,-0.0529000000001361,0.976000000000113,999.999999796273,2,-0.1818,-1,0,0,0,0,0,NaN,NaN,NaN,NaN,NaN,NaN,NaN,13.2977943598849,13.3280610144748,13.2978141338604,13.3278705572919
1116,1,NonStim,0,1,3694.0813,3695.04216666667,NaN,0.96100000000024,999.999999796273,2,-0.4545,-1,1,0,1,0,0,NaN,NaN,NaN,NaN,NaN,NaN,NaN,13.2978022801651,13.3280480114725,13.2978112888928,13.3280503914281
1117,1,NonStim,0,1,3697.42343333333,3698.38036666667,NaN,0.957000000000335,999.999999796273,3,-0.4545,-1,1,2,0,0,0,NaN,NaN,NaN,NaN,NaN,NaN,NaN,6.64890689600292,6.66403115713321,19.946709009822,6.66403148951417
1119,1,Stim,1,1,3703.1165,3704.106,-0.0484999999998763,0.990000000000236,999.999999796273,2,-1,-1,1,2,1,1,1.01010101010077,0.240099208922688,21.8689418799716,17.0000000034634,0.891162541021478,-0.453684169307397,333.01969671797,1,13.2977970026727,6.66403150728085,13.2978066998402,6.66403152489256
1120,1,Stim,1,1,3706.6834,3707.6667,-0.0548333333331357,0.983000000000175,999.999999796273,1,0.0909,1,1,2,3,0,0,NaN,NaN,NaN,NaN,NaN,NaN,NaN,13.2978015749924,6.66402401017507,13.2978142657486,6.66402572072658
1121,1,Stim,1,1,3710.10096666667,3711.06716666667,-0.0629666666668527,0.967000000000098,999.999999796273,2,-0.3636,-1,1,2,1,1,1.03412616339183,0.0833150556747732,11.5716089338149,8.00000000162981,0.818619074579767,0.574336844311912,35.0532042154526,1,6.64890671751758,6.66403106964938,13.2978142697456,6.66403147573024
1122,1,Stim,1,1,3713.50156666667,3714.46956666667,-0.0692333333336137,0.968000000000302,999.999999796273,2,-0.6363,-1,1,1,2,1,1.03305785123935,0.181327260257217,18.9738632803011,16.0000000032596,-0.348413184037052,0.937341054893662,110.390289038917,1,13.2978137355792,6.66401865281521,13.2978135160194,6.66401921112628
1123,1,NonStim,0,1,3716.90956666667,3717.87816666667,NaN,0.969000000000506,999.999999796273,3,-0,-1,1,4,1,1,1.03199174406551,0.101799331344945,16.4908110191233,10.0000000020373,-0.753867012777208,-0.657027036769697,221.073529912805,1,6.64890708469454,6.66403119583921,19.9467028298703,6.66403021712604
1124,1,NonStim,0,1,3720.41876666667,3721.3991,NaN,0.981000000000222,999.999999796273,2,-1,-1,1,1,1,0,0,NaN,NaN,NaN,NaN,NaN,NaN,NaN,13.2977985506849,6.6640312452837,13.2978140695239,6.66402945370858
1125,1,NonStim,0,1,3723.8271,3724.8125,NaN,0.985000000000127,999.999999796273,4,0.6363,1,1,2,0,0,0,NaN,NaN,NaN,NaN,NaN,NaN,NaN,13.2978129324672,6.66402430681847,13.2978127222823,17.0604866840363
1126,1,NonStim,0,1,3727.18636666667,3728.15996666667,NaN,0.973000000000411,999.999999796273,2,-0.1818,-1,1,1,0,0,0,NaN,NaN,NaN,NaN,NaN,NaN,NaN,6.64890527589043,6.66403149077258,13.2978122739609,13.3280603974161
1127,1,Stim,1,1,3730.80383333333,3731.77673333333,-0.0549000000000888,0.972999999999956,999.999999796273,4,1,1,1,1,2,1,1.02774922918812,0.0824334752925643,12.217388768096,11.000000002241,-0.203510632943768,-0.979072735949085,258.257673203005,1,13.2978121549228,6.66402967239439,13.2978134031456,6.66403117122825
1128,1,NonStim,0,1,3734.15303333333,3735.11873333333,NaN,0.965000000000146,999.999999796273,2,-0,-1,1,2,1,1,1.03626943005166,0.0658772767618404,11.0976500359991,9.00000000183354,-0.506164287412181,-0.862437078370659,239.591329104672,1,6.64890675951322,6.66402965518377,13.2978118971755,6.66402882907077
1129,1,Stim,1,1,3737.6048,3738.57763333333,-0.0598333333332448,0.973000000000411,999.999999796273,2,0.4545,1,1,0,1,0,0,NaN,NaN,NaN,NaN,NaN,NaN,NaN,13.2977886270421,18.5106056638404,13.2978141764669,6.66403014962686
1130,1,Stim,1,1,3741.08793333333,3742.0564,-0.0550666666667894,0.969000000000051,999.999999796273,4,-0.0909,-1,1,2,2,2,2.06398348813199,0.155738387669242,20.0877944033615,14.0000000028522,-6.44822698986358e-07,3.21681144888064e-07,153.486878248132,7.20607432729185e-07,6.64890702772788,20.7899853846986,13.2978137314356,6.66403052617464
1131,1,Stim,1,1,3744.38886666667,3745.34703333333,-0.0671666666671626,0.959000000000287,999.999999796273,2,1,1,1,7,3,2,2.08550573514015,0.0950374473783488,13.6556197073589,11.000000002241,0.0743302385140794,0.0121425671526182,9.27787091608784,0.0753155116467768,6.64890700654825,6.66403145178639,19.9466964241826,6.66403071563029
1132,1,NonStim,0,1,3747.88903333333,3748.8459,NaN,0.956000000000131,999.999999796273,2,0.1818,1,1,2,0,0,0,NaN,NaN,NaN,NaN,NaN,NaN,NaN,13.2978140456079,6.66403101793717,13.2978140294065,6.66403151662229
1133,1,NonStim,0,1,3751.14763333333,3752.13216666667,NaN,0.985000000000127,999.999999796273,4,-0.4545,-1,1,3,0,0,0,NaN,NaN,NaN,NaN,NaN,NaN,NaN,6.64890693254541,6.66403038391443,13.2978140571491,6.66403135376122
1134,1,NonStim,0,1,3754.5233,3755.48943333333,NaN,0.966000000000349,999.999999796273,1,0.4545,1,1,1,2,1,1.03519668737023,0.0947309240119835,16.4780898111472,11.000000002241,-0.948467332964448,-0.316874925324341,198.474038492396,1,6.64890560448975,6.66402897114024,13.2978093409173,6.66402971305204
1135,1,NonStim,0,1,3757.8565,3758.82186666667,NaN,0.965000000000146,999.999999796273,4,0.0909,1,0,3,1,1,1.03626943005166,0.161653350669441,19.1717025033829,12.0000000024447,0.143987013314864,0.989579577394696,81.7213762201602,1,13.2978101444235,6.66402765287324,13.2978142608247,13.3277634102485
1136,1,Stim,1,1,3761.50736666667,3762.48093333333,-0.0534666666667363,0.973000000000411,999.999999796273,4,-0.4545,-1,0,2,2,0,0,NaN,NaN,NaN,NaN,NaN,NaN,NaN,13.2978134421315,6.66401884813525,13.2978132263231,6.66402536380532
1139,1,NonStim,0,1,3770.2508,3771.20723333333,NaN,0.95699999999988,999.999999796273,3,0.4545,1,1,2,0,0,0,NaN,NaN,NaN,NaN,NaN,NaN,NaN,6.64890710288184,6.66400929410929,13.2978142599338,6.66403146903173
1145,1,Stim,1,1,3785.06036666667,3786.0293,-0.0605666666665456,0.969000000000051,999.999999796273,2,-0.4545,-1,1,0,0,0,0,NaN,NaN,NaN,NaN,NaN,NaN,NaN,13.2977904346927,16.6963960322708,13.297813044649,6.66403013053661
1146,1,NonStim,0,1,3788.5444,3789.52166666667,NaN,0.977000000000317,999.999999796273,1,-0.1818,-1,1,2,2,1,1.02354145342853,0.0627377631813234,13.9094072882599,10.0000000020373,0.267082020327528,-0.963673800836033,285.490703569941,1,13.2978119481373,6.66400644477706,19.9466930668732,6.66402156847346
1149,1,Stim,1,1,3797.48756666667,3798.46403333333,-0.0621000000001004,0.977000000000317,999.999999796273,3,-1,-1,1,3,2,1,1.02354145342853,0.155342205354274,15.5493788170893,13.0000000026484,0.150108546754333,-0.98866952223243,278.633217052055,1,6.64890705880881,6.66403087070561,13.297810446088,6.66403148657303
1150,1,Stim,1,1,3800.96243333333,3801.94406666667,-0.0548333333335904,0.981999999999971,999.999999796273,1,0.1818,1,0,5,0,0,0,NaN,NaN,NaN,NaN,NaN,NaN,NaN,6.64890714419228,6.66402955952519,13.297814084041,6.66403144161747
1153,1,NonStim,0,1,3810.0303,3811.00746666667,NaN,0.977000000000317,999.999999796273,2,1,1,1,1,1,1,1.02354145342853,0.151627514283753,24.3295037630873,7.00000000142609,-0.769308706098383,0.638877229772068,140.291851788061,1,13.2977655061518,19.3112279892565,13.2978127775342,18.3618084846875
1158,1,Stim,1,1,3821.23106666667,3822.20593333333,-0.0529333333333852,0.97400000000016,999.999999796273,1,0.6363,1,1,2,1,1,1.02669404517437,0.0922577148976964,15.6894553989012,9.00000000183354,0.649938816789482,-0.759986535690132,310.536989080695,1,13.2978020109592,6.66402833324343,13.2978129750168,6.66403031893161
1159,1,NonStim,0,1,3824.4829,3825.44743333333,NaN,0.965000000000146,999.999999796273,2,-0.3636,-1,1,0,1,0,0,NaN,NaN,NaN,NaN,NaN,NaN,NaN,13.2977993466365,20.3339213522106,19.9466874843282,6.66402690484759
1160,1,Stim,1,1,3828.09953333333,3829.06436666667,-0.0527333333334354,0.965000000000146,999.999999796273,1,1,1,1,5,1,1,1.03626943005166,0.199132407667615,31.3446192308771,10.0000000020373,0.300511153314078,-0.95377830062014,287.488306754473,1,13.2978128550156,6.66401403082084,13.297814172214,13.3279969846874
1161,1,NonStim,0,1,3831.4588,3832.428,NaN,0.970000000000255,999.999999796273,4,0.4545,1,1,35,4,2,2.06185567010255,0.105685872114759,13.0170179777777,29.5000000060099,0.310953030322652,-0.906745015618236,288.928547125013,0.958581405210509,6.64890666715594,1.0971354587067e-14,13.2978128458241,6.66402742871195
1163,1,Stim,1,1,3838.41713333333,3839.39456666667,-0.0666333333333569,0.976999999999862,999.999999796273,2,0.3636,1,0,0,0,0,0,NaN,NaN,NaN,NaN,NaN,NaN,NaN,6.64890712546777,17.2475294434628,13.2978141630497,6.66402891710219
1164,1,Stim,1,1,3841.75146666667,3842.72426666667,-0.0589666666669473,0.973000000000411,999.999999796273,2,0.1818,1,0,6,1,1,1.02774922918764,0.148873611951871,16.9257627445793,13.0000000026484,0.671835799008134,-0.740700114196766,312.208911249026,1,6.64890652399422,6.66402972999383,13.2978112357332,6.66401440803915
1165,1,NonStim,0,1,3845.34356666667,3846.3083,NaN,0.965000000000146,999.999999796273,3,-0.1818,-1,0,1,0,0,0,NaN,NaN,NaN,NaN,NaN,NaN,NaN,13.2978093316045,6.66402924737703,13.297813873485,6.66403095167691
1167,1,Stim,1,1,3850.66966666667,3851.63606666667,-0.0559333333335417,0.967000000000098,999.999999796273,4,0.4545,1,1,1,0,0,0,NaN,NaN,NaN,NaN,NaN,NaN,NaN,13.2978115336527,6.66403148835124,13.2978123257526,6.66402732719766
1168,1,NonStim,0,1,3854.07843333333,3855.05243333333,NaN,0.97400000000016,999.999999796273,3,-0.0909,-1,1,1,2,0,0,NaN,NaN,NaN,NaN,NaN,NaN,NaN,10.5128272045239,6.66402541290084,19.946707735674,6.6640293309063
1169,1,NonStim,0,1,3857.4457,3858.41823333333,NaN,0.973000000000411,999.999999796273,4,-1,-1,1,2,1,1,1.02774922918764,0.136871521622238,18.4555295431204,26.0000000052969,0.99999999999795,2.02474149419573e-06,0.000116009142222507,1,6.6489071112334,6.66403113641457,13.2978138737073,6.66402973240759
1170,1,NonStim,0,1,3860.6701,3861.64306666667,NaN,0.973000000000411,999.999999796273,2,-0.6363,-1,1,4,2,1,1.02774922918764,0.128720193008312,14.2038233680064,13.0000000026484,-0.594974812513359,0.803744345220975,126.51083656131,1,13.2978134955721,6.66402319917292,19.9467125488756,6.66400241523882
1171,1,Stim,1,1,3863.91233333333,3864.87016666667,-0.0645666666664511,0.958000000000084,999.999999796273,3,0.3636,1,1,1,1,1,1.04384133611682,0.230684762162409,22.2134349989963,16.0000000032596,0.187364814810411,-0.982290398085546,280.799037587047,1,13.297812821439,6.66400390041686,13.2978105287861,6.6640196040635
1173,1,Stim,1,1,3868.89623333333,3869.8605,-0.0554333333338946,0.964000000000397,999.999999796273,1,-1,-1,1,1,0,0,0,NaN,NaN,NaN,NaN,NaN,NaN,NaN,6.64890707463552,6.66401538259897,13.2978141993885,6.66402746267756
1174,1,NonStim,0,1,3872.33093333333,3873.30723333333,NaN,0.976999999999862,999.999999796273,4,-0.3636,-1,1,0,0,0,0,NaN,NaN,NaN,NaN,NaN,NaN,NaN,6.64890700424714,6.6640270164776,13.2978136477251,6.66400045554595
1175,1,NonStim,0,1,3875.61496666667,3876.5973,NaN,0.983000000000629,999.999999796273,1,1,1,1,0,1,0,0,NaN,NaN,NaN,NaN,NaN,NaN,NaN,6.64890604068604,18.082814749332,19.9466161113498,6.66403149344246
1177,1,Stim,1,1,3880.59826666667,3881.56546666667,-0.0632666666670048,0.967000000000098,999.999999796273,3,0.6363,1,1,2,1,1,1.03412616339183,0.134139882501775,17.5572194809852,12.0000000024447,0.0992803694900073,-0.995059499846078,275.697732470486,1,6.64890704052916,6.66403077766043,13.2978070863808,6.66403139510465
1178,1,NonStim,0,1,3883.8824,3884.85636666667,NaN,0.974000000000615,999.999999796273,1,-0.4545,-1,1,1,1,1,1.02669404517389,0.176775191202255,32.780844752803,23.0000000046857,-0.769684675735763,0.638424231947326,140.325581449336,1,6.64890698641802,6.66403065113201,13.2978070977118,6.66403115127129
1179,1,NonStim,0,1,3887.16583333333,3888.13903333333,NaN,0.97400000000016,999.999999796273,1,-0.6363,-1,1,1,0,0,0,NaN,NaN,NaN,NaN,NaN,NaN,NaN,13.2978014776818,6.66403143563826,13.2978142280148,13.3280575952997
1180,1,NonStim,0,1,3890.6571,3891.626,NaN,0.969000000000506,999.999999796273,2,0.4545,1,1,1,0,0,0,NaN,NaN,NaN,NaN,NaN,NaN,NaN,13.2978123705213,6.66402909346931,13.2978142367658,13.3280591928132
1181,1,Stim,1,1,3894.01686666667,3895.0005,-0.0552666666667392,0.984000000000378,999.999999796273,3,-0.4545,-1,1,2,0,0,0,NaN,NaN,NaN,NaN,NaN,NaN,NaN,13.2978131329061,6.66402908597028,13.2978133031906,13.328056819116
1182,1,NonStim,0,1,3897.28366666667,3898.24946666667,NaN,0.965999999999894,999.999999796273,3,0.1818,1,0,2,0,0,0,NaN,NaN,NaN,NaN,NaN,NaN,NaN,13.2978052589624,6.66397336117595,13.2978079326436,6.66400599164138
1183,1,Stim,1,1,3900.7676,3901.72626666667,-0.0566999999996369,0.959000000000287,999.999999796273,3,-0.6363,-1,1,1,2,1,1.04275286757007,0.118550963304142,19.8322362572427,7.00000000142609,0.930123841507183,-0.367246020345926,338.454127837596,1,13.2978027250338,15.6142615168839,19.9467025443925,6.66403067899738
1184,1,Stim,1,1,3904.06843333333,3905.05143333333,-0.0584666666668454,0.983000000000175,999.999999796273,4,-0.3636,-1,1,0,0,0,0,NaN,NaN,NaN,NaN,NaN,NaN,NaN,13.2978110787247,6.66399526802322,13.2978143039147,17.1118644536666
1185,1,Stim,1,1,3907.41833333333,3908.39146666667,-0.0520000000001346,0.973000000000411,999.999999796273,3,0.1818,1,1,2,2,2,2.05549845837529,0.0978337303921942,17.7043446993023,8.00000000162981,0.294345719597811,0.0810529107206039,15.3957647173041,0.305301452636301,13.297811589739,6.66401637538302,19.9466970521783,6.66403149976099
1186,1,NonStim,0,1,3910.79366666667,3911.77173333333,NaN,0.97800000000052,999.999999796273,4,-0.1818,-1,1,0,0,0,0,NaN,NaN,NaN,NaN,NaN,NaN,NaN,6.64890715141577,17.5548321275731,13.297814238128,6.66403150029612
1187,1,Stim,1,1,3914.17776666667,3915.1523,-0.0500666666666802,0.975000000000364,999.999999796273,1,-0.1818,-1,0,2,0,0,0,NaN,NaN,NaN,NaN,NaN,NaN,NaN,6.64890679294419,6.66403020403815,13.2978130908862,6.6640280833955
1190,1,Stim,1,1,3922.26243333333,3923.2309,-0.0542000000000371,0.968000000000302,999.999999796273,4,-0,-1,0,1,1,0,0,NaN,NaN,NaN,NaN,NaN,NaN,NaN,13.2978129279158,6.66402557220432,13.297814267619,6.66402039103705
1191,1,NonStim,0,1,3925.7956,3926.79496666667,NaN,0.999000000000251,999.999999796273,4,-0.6363,-1,1,0,0,0,0,NaN,NaN,NaN,NaN,NaN,NaN,NaN,13.2977939113623,18.0812634607457,13.2978142100848,17.8153843104207
1192,1,Stim,1,1,3929.3389,3930.31306666667,-0.0556333333333896,0.975000000000364,999.999999796273,4,-1,-1,1,0,0,0,0,NaN,NaN,NaN,NaN,NaN,NaN,NaN,6.64890682179849,6.66401373064637,13.2978122266309,6.66401194247462
1193,1,Stim,1,1,3932.7461,3933.72476666667,-0.0623666666665486,0.97800000000052,999.999999796273,4,-0.1818,-1,0,2,1,1,1.02249488752502,0.159888853775686,19.8322221980181,10.0000000020373,0.960545617540947,-0.278122484928639,343.851819348091,1,13.2977964848465,6.6640311512713,13.2978141791872,6.66403007095326
1195,1,NonStim,0,1,3938.07276666667,3939.05503333333,NaN,0.983000000000175,999.999999796273,3,-1,-1,1,0,1,0,0,NaN,NaN,NaN,NaN,NaN,NaN,NaN,13.297766510967,6.6640106864682,13.2978138307842,6.66402590359573
1196,1,NonStim,0,1,3941.80603333333,3942.7817,NaN,0.975000000000364,999.999999796273,3,0.3636,1,1,3,1,1,1.02564102564064,0.196720137450788,20.2665682379888,15.0000000030559,0.18592558588847,-0.982563828212717,280.715100847996,1,6.6489071517335,6.66402817965318,13.2978134973678,13.328044664138
1200,1,Stim,1,1,3955.35896666667,3956.32293333333,-0.056999999999789,0.964000000000397,999.999999796273,3,-0,-1,0,3,0,0,0,NaN,NaN,NaN,NaN,NaN,NaN,NaN,6.64890701334416,6.66403139813369,13.2978141933134,13.3280610571511
1202,1,Stim,1,1,3961.35996666667,3962.33196666667,-0.0491000000001804,0.972000000000207,999.999999796273,3,0.4545,1,1,1,3,0,0,NaN,NaN,NaN,NaN,NaN,NaN,NaN,6.6489069308553,13.3280546560161,13.2978066803218,6.66403083372833
1203,1,NonStim,0,1,3965.6685,3966.65683333333,NaN,0.988000000000284,999.999999796273,2,0.6363,1,0,1,4,1,1.01214574898756,0.169108297628629,19.6775866449706,14.0000000028522,0.255891233384622,-0.966705579107153,284.826401324283,1,13.2978031590006,13.3280354014971,19.9466626352839,6.66401606763671
1204,1,NonStim,0,1,3969.0765,3970.05063333333,NaN,0.97400000000016,999.999999796273,1,-1,-1,1,3,0,0,0,NaN,NaN,NaN,NaN,NaN,NaN,NaN,13.29781165353,6.66402975859809,13.2978129289752,13.3280593567292
1207,1,NonStim,0,1,3975.7199,3976.68813333333,NaN,0.969000000000506,999.999999796273,1,-0,-1,1,1,1,0,0,NaN,NaN,NaN,NaN,NaN,NaN,NaN,6.64890715272954,6.66401994173988,13.2978136889616,6.66402399864643
1208,1,NonStim,0,1,3979.18643333333,3980.16833333333,NaN,0.982000000000426,999.999999796273,1,0.0909,1,1,0,1,0,0,NaN,NaN,NaN,NaN,NaN,NaN,NaN,13.2978076845522,6.66402878387638,13.2978132139734,6.6640238463062
1209,1,Stim,1,1,3982.5202,3983.48523333333,-0.0574333333333925,0.965000000000146,999.999999796273,1,-0.6363,-1,1,2,0,0,0,NaN,NaN,NaN,NaN,NaN,NaN,NaN,13.2978110689027,6.66403059404904,19.9467182257025,6.66403147773833
1210,1,Stim,1,1,3985.88003333333,3986.8619,-0.0513666666665813,0.981000000000222,999.999999796273,3,1,1,1,1,2,1,1.01936799184483,0.45755092243589,43.7388970910039,20.0000000040745,0.3416450862994,-0.939829045628765,289.97713334751,1,13.2977505988096,6.66402575684288,19.9466727592475,6.6640179673896
1212,1,Stim,1,1,3992.93143333333,3993.90326666667,-0.0460666666667748,0.972000000000207,999.999999796273,3,-0.3636,-1,0,0,0,0,0,NaN,NaN,NaN,NaN,NaN,NaN,NaN,13.2978138950213,6.66402624787987,13.2978115406949,13.3280172704848
1213,1,Stim,1,1,3998.89786666667,3999.87116666667,-0.0570666666667421,0.97400000000016,999.999999796273,4,0.3636,1,1,0,2,0,0,NaN,NaN,NaN,NaN,NaN,NaN,NaN,6.64890699127089,6.66402790852041,13.2978114336481,6.66402916874715
1214,1,NonStim,0,1,4002.38133333333,4003.35476666667,NaN,0.972999999999956,999.999999796273,3,-0.3636,-1,1,4,1,0,0,NaN,NaN,NaN,NaN,NaN,NaN,NaN,6.64890712723417,6.66403095395093,13.2978135583286,6.6640208059035
1215,1,NonStim,0,1,4005.931,4006.90456666667,NaN,0.97400000000016,999.999999796273,1,-0.0909,-1,1,3,3,0,0,NaN,NaN,NaN,NaN,NaN,NaN,NaN,19.9467097818658,6.66402145826322,19.9467202671612,6.66399923885669
1216,1,Stim,1,1,4009.31583333333,4010.28853333333,-0.0492000000003827,0.973000000000411,999.999999796273,4,0.6363,1,1,0,1,0,0,NaN,NaN,NaN,NaN,NaN,NaN,NaN,13.297804540055,6.66402884384409,13.2978070022534,6.66402041907327
1217,1,Stim,1,1,4012.84093333333,4013.8168,-0.0550333333335402,0.976000000000113,999.999999796273,1,0.4545,1,1,1,1,1,1.02459016393431,0.146123174675941,22.761293879448,22.000000004482,0.995015757697005,-0.0997178115215893,354.277078952658,1,13.2978028026698,6.66401535363287,13.2978140128027,6.66402835097629
1218,1,Stim,1,1,4016.1831,4017.14773333333,-0.0582666666668956,0.963999999999942,999.999999796273,1,-0.4545,-1,1,2,2,2,2.07468879668062,0.137957137565571,16.7242249702526,14.500000002954,0.203160763471509,0.0606809793702373,16.6300722021222,0.212029425013741,6.64890655493625,6.66401816786144,19.9467120941446,6.66403106598938
1219,1,NonStim,0,1,4019.55886666667,4020.53336666667,NaN,0.974999999999909,999.999999796273,2,-0.0909,-1,1,3,2,1,1.02564102564112,0.0914714135395222,13.9094420595873,8.00000000162981,0.545397062353009,0.838177811909089,56.9481983406667,1,13.297812774393,6.66401468271035,13.2978139001286,6.66398135939986
1220,1,NonStim,0,1,4023.0352,4023.99203333333,NaN,0.957000000000335,999.999999796273,3,0.0909,1,0,1,0,0,0,NaN,NaN,NaN,NaN,NaN,NaN,NaN,13.2977936327752,6.66397475413,19.9467071509676,13.3278789019942
1221,1,Stim,1,1,4026.60156666667,4027.58333333333,-0.0531000000005406,0.982000000000426,999.999999796273,1,-0.3636,-1,1,2,1,0,0,NaN,NaN,NaN,NaN,NaN,NaN,NaN,6.64890712506731,6.66401628786548,13.297812626581,6.66402875459563
1224,1,Stim,1,1,4033.93516666667,4034.91683333333,-0.0503666666668323,0.981000000000222,999.999999796273,4,0.1818,1,1,3,1,1,1.01936799184483,0.19402341152502,14.8944664073686,21.0000000042783,0.446401256187829,-0.894832899749405,296.513025637403,1,6.64890659363663,6.66403059404904,13.2978118879709,6.66402619670927
1225,1,NonStim,0,1,4037.35253333333,4038.33453333333,NaN,0.981999999999971,999.999999796273,3,1,1,1,3,1,1,1.01832993890023,0.131858966384411,19.9825160954039,11.000000002241,0.93501968533115,0.354595809398865,20.7686745118216,1,13.2978086666029,6.6640082080547,13.2978137442001,13.3280313081803
1226,1,Stim,1,1,4041.04443333333,4042.0099,-0.0620000000003529,0.965000000000146,999.999999796273,4,0.0909,1,0,1,3,1,1.03626943005166,0.264432555871698,26.8301723219463,17.0000000034634,0.239055426818427,-0.971005923209874,283.830797605354,1,6.64890574844467,6.66400359533728,19.9466832232148,6.66401442045949
1228,1,NonStim,0,1,4047.5709,4048.53736666667,NaN,0.967000000000098,999.999999796273,3,-0.6363,-1,1,0,1,0,0,NaN,NaN,NaN,NaN,NaN,NaN,NaN,6.64890630936369,19.9918900628486,13.2977976236676,6.66402929068364
1229,1,NonStim,0,1,4050.99606666667,4051.9645,NaN,0.968000000000302,999.999999796273,1,0.1818,1,1,1,0,0,0,NaN,NaN,NaN,NaN,NaN,NaN,NaN,13.2978138070705,6.66402755176335,19.946712711671,6.66402976204396
1230,1,Stim,1,1,4054.3965,4055.3695,-0.0550333333335402,0.973000000000411,999.999999796273,4,-0.6363,-1,1,0,1,0,0,NaN,NaN,NaN,NaN,NaN,NaN,NaN,13.297811147804,18.5552278450483,13.2978143038716,6.66403052076213
1231,1,NonStim,0,1,4057.78016666667,4058.7532,NaN,0.973000000000411,999.999999796273,2,0.0909,1,0,4,1,1,1.02774922918764,0.138885699577223,20.4127343042762,11.000000002241,0.407593528075144,-0.913163466128194,294.053753381013,1,13.2978124370627,6.66403146448483,13.2978140842617,6.66402746630835
1232,1,NonStim,0,1,4061.1148,4062.09743333333,NaN,0.983000000000629,999.999999796273,4,-0.0909,-1,1,6,2,2,2.03458799592952,0.370397853069958,31.6903727216484,23.0000000046857,-0.0746657481670259,-0.0728423128974777,224.291768712094,0.104311919249891,13.2977990108777,6.66402569030183,19.9462399517831,19.9913195947871
1233,1,NonStim,0,1,4064.39783333333,4065.37466666667,NaN,0.976999999999862,999.999999796273,2,-0.4545,-1,1,1,0,0,0,NaN,NaN,NaN,NaN,NaN,NaN,NaN,13.2978128727769,6.66401847987208,13.2978119272958,6.66400369680067
1234,1,NonStim,0,1,4067.87386666667,4068.8295,NaN,0.956000000000586,999.999999796273,3,-0.0909,-1,1,0,0,0,0,NaN,NaN,NaN,NaN,NaN,NaN,NaN,13.2977964562518,6.66400430170378,13.2978139984373,6.66401323067558
1236,1,NonStim,0,1,4073.07506666667,4074.03876666667,NaN,0.963000000000193,999.999999796273,4,-0.0909,-1,1,38,0,0,0,NaN,NaN,NaN,NaN,NaN,NaN,NaN,6.64890527260902,1.7347234756234e-15,13.297814040831,6.66403011987413
1237,1,Stim,1,1,4076.3996,4077.37423333333,-0.0524666666669873,0.974999999999909,999.999999796273,2,-0.3636,-1,1,3,0,0,0,NaN,NaN,NaN,NaN,NaN,NaN,NaN,6.64890628444313,6.66401983726781,13.2978141456794,6.66401542599951
1238,1,NonStim,0,1,4079.8583,4080.81836666667,NaN,0.960000000000491,999.999999796273,3,-0.1818,-1,0,1,0,0,0,NaN,NaN,NaN,NaN,NaN,NaN,NaN,6.64890711024633,6.66402475778187,13.2978102114874,6.66402933446397
1240,1,Stim,1,1,4084.92556666667,4085.8921,-0.0576666666665915,0.967000000000098,999.999999796273,4,0.1818,1,0,0,0,0,0,NaN,NaN,NaN,NaN,NaN,NaN,NaN,13.2977971081299,17.1767135106938,13.2978142529784,6.66403143897382
1242,1,NonStim,0,1,4090.02626666667,4091.0108,NaN,0.984000000000378,999.999999796273,1,-0.1818,-1,1,1,1,1,1.01626016260124,0.168173694374424,26.9918693749661,11.000000002241,0.971172185014684,-0.238379082668351,346.209107760243,1,13.2978038774778,6.66403074084497,13.2978124234073,13.3280306444471
1243,1,Stim,1,1,4093.60276666667,4094.5686,-0.0615333333335002,0.966000000000349,999.999999796273,2,0.1818,1,1,0,0,0,0,NaN,NaN,NaN,NaN,NaN,NaN,NaN,13.2978125739586,17.8741950711357,13.2978136122257,18.9818824257962
1244,1,NonStim,0,1,4096.97743333333,4097.93476666667,NaN,0.957000000000335,999.999999796273,3,-0.4545,-1,1,1,0,0,0,NaN,NaN,NaN,NaN,NaN,NaN,NaN,6.64890675574902,6.66402731365074,13.297814020761,6.66402998205093
1245,1,NonStim,0,1,4100.54473333333,4101.52136666667,NaN,0.976999999999862,999.999999796273,4,-0.4545,-1,1,2,0,0,0,NaN,NaN,NaN,NaN,NaN,NaN,NaN,6.64890713438285,6.66401914993764,13.2978141166736,6.66402959390306
