TrialIndex,TrialType,IsStim,Condition,SignedCoherence,ElectricalStimOnRelVisualS,EventNumberInTrial,OnsetRelVisualStimS,OffsetRelVisualStimS,OnsetRelElectricalStimS,DurationMs,LeftAmplitudeDeg,RightAmplitudeDeg,MeanAmplitudeDeg,LeftPeakVelocityDegS,RightPeakVelocityDegS,PeakVelocityDegS,MeanDXDeg,MeanDYDeg,DirectionDeg,InterocularOnsetLagMs,InterocularDirectionDiffDeg
13,NonStim,0,2,1,NaN,1,0.0732333333333202,0.0782333333333298,NaN,6.00000000002865,0.0628282862445932,0.061380279831198,0.0621042830378956,10.4713810078917,9.41367032526134,10.4713810078917,-0.0365689758555758,0.0499802147961984,126.191778965609,0,8.59007049422087
32,NonStim,0,1,0.6363,NaN,1,0.313666666666649,0.324666666666644,NaN,12.0000000000573,0.0927920769761095,0.101467763082221,0.0971299200291653,9.41367358363405,12.4167862005571,12.4167862005571,-0.0365689820242727,-0.089964401459056,247.87910353026,-1.00000000000477,2.15755657424182
36,Stim,1,2,-0.4545,-0.0533333333333417,1,0.221266666666651,0.228266666666656,0.274599999999992,8.0000000000382,0.107626956976714,0.104261208597433,0.105944082787073,16.9112875787028,16.6464650574815,16.9112875787028,0.0432178679874593,-0.0966283724716556,294.096990035762,-1.00000000000477,4.75645832556353
52,Stim,1,1,-0.6363,-0.0529666666666628,1,0.184233333333339,0.197233333333315,0.237200000000001,14.0000000000668,0.0595777450643289,0.109891025932472,0.0847343854984002,9.54702538632368,14.4108007856254,14.4108007856254,-0.0265956123825798,-0.0799681349067649,251.604029016321,-6.00000000002865,12.5073697574241
52,Stim,1,1,-0.6363,-0.0529666666666628,2,0.199233333333325,0.210233333333321,0.252199999999988,12.0000000000573,0.105205872515299,0.0925260966967123,0.0988659846060057,16.8848083560468,14.410800730544,16.8848083560468,-0.0664890451157045,0.0699720871165934,133.537896592874,2.00000000000955,25.044065893869
53,Stim,1,4,0.3636,-0.0573666666666668,1,0.920500000000004,0.932500000000005,0.977866666666671,13.0000000000621,0.143938558110651,0.184845398393479,0.164391978252065,15.9931761750184,22.4533589028272,22.4533589028272,-0.13962673601207,0.0866323799198233,148.182179040311,-1.00000000000477,3.43697775594796
63,Stim,1,2,0.1818,-0.0600666666666712,1,0.346533333333355,0.356533333333346,0.406600000000026,10.9999999997399,0.166464663626195,0.157151097332999,0.161807880479597,21.3164187984373,20.0089314699628,21.3164187984373,0.0964090759766132,-0.129948494227888,306.571801623554,-0.999999999976353,0.485252834031769
73,Stim,1,4,0.1818,-0.0541000000000054,1,0.209133333333341,0.218133333333299,0.263233333333346,9.99999999976353,0.0533122484308668,0.0595778633424564,0.0564450558866616,6.66403144466599,9.41367432802932,9.41367432802932,-0.0132978124833373,-0.0533122423362533,255.99435662855,-2.99999999992906,26.5130169639912
80,NonStim,0,4,-0.3636,NaN,1,0.418733333333364,0.43573333333336,NaN,17.9999999995744,0.221515048091116,0.295094979302699,0.258305013696908,31.0987722532476,24.5350545470991,31.0987722532476,0.0299200804368111,0.256564534588207,83.3483176490982,-3.99999999990541,0.427197388505874
83,Stim,1,1,-0.0909,-0.0568666666666786,1,0.267600000000016,0.277600000000007,0.324466666666694,10.9999999997399,0.0866323902634339,0.0802442676611031,0.0834383289622685,11.1067187666399,11.0976501492457,11.1067187666399,-0.00332445348804309,-0.0833003623998061,267.714582292229,1.99999999995271,4.75288240208226
86,Stim,1,2,1,-0.052066666666633,1,0.229666666666731,0.239666666666722,0.281733333333364,10.9999999997399,0.152201565110325,0.105343655262441,0.128772610186383,21.0687344178423,15.9008150175063,21.0687344178423,0.0465422523030293,-0.119952516367607,291.206533752149,0,4.75554180358654
100,NonStim,0,2,-1,NaN,1,0.203700000000026,0.212700000000041,NaN,9.99999999976353,0.0537252181996236,0.0603436573695943,0.0570344377846089,7.02290501562326,7.02291213807436,7.02291213807436,-0.00664890703725954,0.056644220612608,96.6947522918201,-2.99999999992906,0.783093754001357
109,Stim,1,4,-0.4545,-0.0632999999999697,1,0.857533333333379,0.870533333333356,0.920833333333348,13.9999999996689,0.146561637144767,0.247555585792488,0.197058611468628,18.0617016213582,23.5288798432336,23.5288798432336,0.106382478972861,-0.159936536485331,303.630036635459,-3.99999999990541,26.7057006217035
110,NonStim,0,3,1,NaN,1,0.364366666666683,0.376366666666684,NaN,12.9999999996926,0.131791406522687,0.118546923398419,0.125169164960553,13.5368320037033,14.9273826638212,14.9273826638212,0.0831113050638847,-0.0932963919341708,311.695635342351,0,6.84091679030809
112,NonStim,0,2,0.6363,NaN,1,0.200466666666728,0.213466666666704,NaN,13.9999999996689,0.275239850122808,0.200031104991104,0.237635477556956,31.1185342527651,22.4608128931326,31.1185342527651,0.0199467188361314,-0.236572671905426,274.819517199661,0.999999999976353,5.03251912184834
118,NonStim,0,4,-0,NaN,1,0.84263333333331,0.855633333333344,NaN,13.9999999996689,0.0707699274600547,0.10847417642102,0.0896220519405372,9.41367395045565,13.3280605652488,13.3280605652488,0.0332445320473697,-0.0799683393219874,292.573690524257,3.99999999990541,30.5253313303434
122,Stim,1,1,-0.0909,-0.0548666666666122,1,0.809300000000064,0.822300000000041,0.864166666666677,13.9999999996689,0.161091289778091,0.178733418194069,0.16991235398608,13.5473667098213,21.0687304096699,21.0687304096699,-0.0797868489119803,-0.149940513192582,241.981514221427,0.999999999976353,3.17582547608603
127,NonStim,0,2,0.0909,NaN,1,0.486133333333328,0.504133333333357,NaN,18.9999999995507,0.246568578633779,0.193713506727753,0.220141042680766,24.43475495186,22.8940049627097,24.43475495186,-0.00664890549586135,-0.219912560169151,268.268228935516,4.99999999988177,3.93626718458103
128,Stim,1,2,0.6363,-0.0491999999999848,1,0.358699999999999,0.369700000000023,0.407899999999984,11.9999999997162,0.18505265063812,0.146561546814018,0.165807098726069,22.4743333746184,15.8678796133691,22.4743333746184,0.103057999147004,-0.126616478343947,309.143462429494,-3.99999999990541,20.263852964484
129,Stim,1,2,-0,-0.0622333333332676,1,0.145766666666702,0.159766666666712,0.20799999999997,14.9999999996453,0.186592557937082,0.166733080352125,0.176662819144603,19.9920750146946,19.992069006987,19.9920750146946,-0.00332445357489097,-0.176596507235668,268.921526444707,2.99999999992906,2.28542144356243
130,NonStim,0,4,0.1818,NaN,1,0.83656666666667,0.856566666666652,NaN,20.9999999995034,0.12817802482681,0.255405288811648,0.191791656819229,11.1618634398178,16.9885215107613,16.9885215107613,-0.0265956129013466,-0.189924458578634,262.028558516822,-1.99999999995271,1.4735443889777
153,NonStim,0,3,0.6363,NaN,1,0.0452999999999975,0.0593000000000075,NaN,14.9999999996453,0.161951148274131,0.225145819794365,0.193548484034248,20.7053429933087,25.3073771957503,25.3073771957503,0.169546990254142,-0.0899642085174034,332.048899283627,0.999999999976353,15.0007049867588
154,Stim,1,2,-1,-0.0625999999999749,1,0.565966666666668,0.574966666666683,0.628566666666643,9.99999999976353,0.174227125023733,0.153180243992047,0.16370368450789,20.4600969135318,18.8890335786247,20.4600969135318,0.123004728458472,-0.106624282203316,319.080248149392,0.999999999976353,12.1721634236411
158,NonStim,0,4,-0.6363,NaN,1,0.692399999999907,0.712400000000002,NaN,20.9999999995034,0.199690670422739,0.288132289988894,0.243911480205817,18.8479918511899,21.3057731583612,21.3057731583612,0.17951978853199,-0.159936290881828,318.301780394832,0,19.7119561552161
158,NonStim,0,4,-0.6363,NaN,2,0.891399999999976,0.901399999999967,NaN,10.9999999997399,0.173495086155672,0.208238066060562,0.190866576108117,23.9896462660213,25.2737044093385,25.2737044093385,-0.166222095613404,0.0932960221223881,150.695666340445,-0.999999999976353,5.91319194710906
165,NonStim,0,4,-0.0909,NaN,1,0.00830000000007658,0.0183000000000675,NaN,10.9999999997399,0.152924566150755,0.126329103318452,0.139626834734604,17.7651552327812,16.622262435038,17.7651552327812,0.139626834734604,0,0,0.999999999976353,0
174,Stim,1,3,0.0909,-0.0639333333333525,1,0.549600000000055,0.56860000000006,0.613533333333407,19.9999999995271,0.168243610835725,0.310673672605015,0.23945864172037,16.4780930822525,26.1918655664221,26.1918655664221,0.159573609388196,-0.159936251323037,314.934969633261,-0.999999999976353,40.61951031568
175,NonStim,0,2,-0,NaN,1,0.794466666666608,0.806466666666665,NaN,12.9999999996926,0.192085754525033,0.230883454824475,0.211484604674754,24.3703523363599,25.9996612108137,25.9996612108137,0.116355831973268,-0.176596574498408,303.380061267311,-1.99999999995271,0.457936046106283
178,Stim,1,1,-1,-0.0504999999999427,1,0.730599999999981,0.740599999999972,0.781099999999924,10.9999999997399,0.114066278459764,0.0810664388615522,0.0975663586606581,13.3740485980567,11.9585587133321,13.3740485980567,0.0132978139654393,0.0966284203323095,82.1642858080232,0.999999999976353,2.74648900839088
186,Stim,1,3,-0,-0.0700333333332992,1,0.645900000000097,0.665900000000079,0.715933333333396,20.9999999995034,0.300542952707035,0.35319182291051,0.326867387808772,31.8016036915437,27.4728239789673,31.8016036915437,-0.00997335723076749,-0.326536062018782,268.250564783961,-0.999999999976353,3.80545686104711
187,Stim,1,3,0.6363,-0.050133333333406,1,0.197900000000004,0.214899999999943,0.24803333333341,17.9999999995744,0,0.0665858774970669,0.0332929387485334,6.66403019106934,9.41367297706711,9.41367297706711,0.0199467154634477,-0.0266561121083675,306.807435611876,10.9999999997399,53.1925643881244
191,NonStim,0,2,-1,NaN,1,0.61906666666664,0.63206666666656,NaN,13.9999999996689,0.140491091450565,0.16537509949281,0.152933095471687,18.472987732551,15.0949044918112,18.472987732551,0.0897600767861108,-0.123284478348461,306.057344767987,-6.99999999983447,8.66513115275018
197,NonStim,0,1,-0.3636,NaN,1,0.504066666666631,0.516066666666688,NaN,12.9999999996926,0.137364147959489,0.12286522135141,0.130114684655449,14.4338907102819,15.5887950255781,15.5887950255781,-0.0299200692758753,-0.126616397457338,256.70461950401,1.99999999995271,1.50435170812199
200,Stim,1,4,0.3636,-0.0616666666664969,1,0.497200000000134,0.508200000000102,0.558866666666631,11.9999999997162,0.150022812899164,0.20895372842693,0.179488270663047,20.2230971131164,23.3909388230657,23.3909388230657,0.15624914973701,-0.0799683372020936,332.896626928571,0,24.4651432254195
209,Stim,1,1,-0.4545,-0.0532000000000608,1,0.710566666666637,0.721566666666604,0.763766666666697,11.9999999997162,0.094584924003167,0.161178274645482,0.127881599324325,13.7089062584738,20.4600514457135,20.4600514457135,0.0864357573010363,-0.0932961926271473,312.81406001149,-1.99999999995271,12.4198591212256
211,NonStim,0,2,-0.6363,NaN,1,0.380766666666659,0.394766666666669,NaN,14.9999999996453,0.128121507317797,0.140044947018069,0.134083227167933,12.9309349136783,12.6368519127721,12.9309349136783,-0.0598401551032391,0.119952492579107,116.513023988548,-0.999999999976353,2.54762884765239
214,NonStim,0,1,0.0909,NaN,1,0.900333333333379,0.92033333333336,NaN,20.9999999995034,0.326536454731151,0.299953916710773,0.313245185720962,24.4347719938288,26.6560924474632,26.6560924474632,0.00332445078964409,-0.313208335623775,270.608125088519,0,1.27014578409381
218,Stim,1,4,1,-0.049733333333279,1,0.540200000000027,0.550200000000018,0.589933333333306,10.9999999997399,0.105343607354077,0.095376387594533,0.100359997474305,16.5070756323803,12.9447720821932,16.5070756323803,0.0365689843384166,-0.0932963771975802,291.403478347063,-2.99999999992906,6.32970293087845
223,Stim,1,4,0.6363,-0.0581333333333305,1,0.0343666666666422,0.0453666666667232,0.0924999999999727,11.9999999997162,0.10745049947498,0.0810664614957956,0.0942584804853877,10.4713829913144,10.4713813248503,10.4713829913144,0.0132978120938896,0.0932964184620143,81.8881028517805,0.999999999976353,2.33221897926308
229,NonStim,0,3,0.6363,NaN,1,0.2261666666667,0.241166666666686,NaN,15.9999999996217,0.189531031190039,0.1895310612238,0.189531046206919,18.9738612089638,17.5572752084199,18.9738612089638,0.0332445305303791,-0.186592654373381,280.102177521938,-0.999999999976353,9.82300889518228e-07
231,NonStim,0,1,0.4545,NaN,1,0.00220000000001619,0.0122000000000071,NaN,10.9999999997399,0.155407581403244,0.155998041271194,0.155702811337219,17.3260205136237,18.8961549528731,18.8961549528731,-0.103058017911914,-0.116620509284514,228.532837220494,0,3.45777429107611
239,NonStim,0,3,0.1818,NaN,1,0.562166666666712,0.57316666666668,NaN,11.9999999997162,0.101467700498591,0.189530958824222,0.145499329661407,13.3740420970588,20.2665914893808,20.2665914893808,0.0365689435778168,-0.139944466057307,284.644519739879,-2.99999999992906,13.0493251171118
250,Stim,1,1,-0.0909,-0.0482666666666773,1,0.255400000000009,0.272399999999948,0.303666666666686,17.9999999995744,0.224783932213556,0.187626319559234,0.206205125886395,20.9427611450612,18.8719373099782,20.9427611450612,0.0498667831146171,0.19992072474301,75.994347940207,-0.999999999976353,4.51919215871578
252,Stim,1,4,-0.0909,-0.0549333333333379,1,0.627433333333329,0.65143333333333,0.682366666666667,24.9999999994088,0.149512359171361,0.0941366385734988,0.12182449887243,18.8480447236574,16.8848032997091,18.8480447236574,0.0964090758601129,0.0733041619394237,37.2473629071422,-4.99999999988177,12.7306208699154
253,Stim,1,1,0.6363,-0.0516000000000076,1,0.290200000000027,0.303199999999947,0.341800000000035,13.9999999996689,0.0852656959039656,0.147850389598748,0.116558042751357,8.66656029132925,12.9447732925384,12.9447732925384,0.069813508956773,-0.0932963875397863,306.8074389409,-0.999999999976353,2.82041548885957
255,Stim,1,4,1,-0.0589666666667199,1,0.831399999999917,0.839399999999955,0.890366666666637,8.99999999978718,0.0776686359341016,0.131217042786958,0.10444283936053,9.54704026787148,16.5070885153587,16.5070885153587,0.0465423434333243,-0.0932964059538256,296.513018669218,-0.999999999976353,6.99213866545892
256,NonStim,0,3,-1,NaN,1,0.741466666666724,0.750466666666625,NaN,9.99999999976353,0.114564431716527,0.125656541731361,0.120110486723944,16.490811429797,15.7641572093016,16.490811429797,0.0664890615836558,0.0999604077521767,56.369977655731,0,3.52922697028828
279,Stim,1,3,0.6363,-0.0655333333332919,1,0.414900000000102,0.428900000000112,0.480433333333394,14.9999999996453,0.200414455280254,0.173206596688174,0.186810525984214,17.376877255429,16.9112944678574,17.376877255429,0.0698135070733895,-0.173264615579379,291.945983069814,2.99999999992906,1.17019417717381
282,Stim,1,1,1,-0.0550333333333128,1,0.408666666666704,0.416666666666742,0.463700000000017,8.99999999978718,0.090622627194403,0.0990424699908722,0.0948325485926376,13.9094003120703,14.4338818882919,14.4338818882919,0.0299200722893851,-0.0899642713290622,288.39595297541,-0.999999999976353,2.54642747810766
283,Stim,1,4,0.4545,-0.0567999999999529,1,0.763033333333283,0.77503333333334,0.819833333333236,12.9999999996926,0.126616522765772,0.142449174714202,0.134532848739987,15.706554565797,13.7363850568046,15.706554565797,0.0132978085335591,-0.133280471097844,275.697722329059,-2.99999999992906,10.760408077573
296,NonStim,0,1,0.1818,NaN,1,0.635233333333304,0.648233333333337,NaN,13.9999999996689,0.0797867393054308,0.107393954508636,0.0935903469070337,11.0814857563012,14.2038227646355,14.2038227646355,0.0664888921660998,0.0466480819379622,35.0531965675087,4.99999999988177,60.3111904464558
302,Stim,1,1,0.1818,-0.0493333333333794,1,0.293599999999969,0.304599999999937,0.342933333333349,11.9999999997162,0.142449328835967,0.0932962930242812,0.117872810930124,16.507084175772,13.3280475337385,16.507084175772,0.0132978103829419,-0.116620434315768,276.505136279814,2.99999999992906,10.760397810953
306,Stim,1,3,0.1818,-0.051833333333434,1,0.792666666666491,0.812666666666473,0.844499999999925,20.9999999995034,0.205639556476436,0.198781599370519,0.202210577923477,19.6774585454976,17.2395944198213,19.6774585454976,0.0664890467739163,0.189923951211078,70.7057441511222,-5.99999999985812,11.3143897178111
307,Stim,1,3,-0.4545,-0.0535333333332346,1,0.675099999999929,0.688100000000077,0.728633333333164,13.9999999996689,0.0998152833179982,0.110837548380823,0.105326415849411,13.3950590923805,11.0905780506109,13.3950590923805,0.0698135013499203,0.0766360442942195,47.6672700972786,1.99999999995271,20.3914440292323
308,NonStim,0,4,0.3636,NaN,1,0.95069999999987,0.961699999999837,NaN,11.9999999997162,0.116502914346383,0.195953247266972,0.156228080806678,16.9112946287165,21.0687371996537,21.0687371996537,0.0598401537719881,-0.143276552755588,292.668093454096,-1.99999999995271,13.1253495846663
311,Stim,1,1,-0.6363,-0.0570666666669695,1,0.60093333333316,0.610933333333151,0.658000000000129,10.9999999997399,0.150330320136369,0.167130220318656,0.158730270227513,19.1718127235978,22.2134001560829,22.2134001560829,0.0232711701260339,0.156604349845391,81.5477840168743,0.999999999976353,8.2125949097765
311,Stim,1,1,-0.6363,-0.0570666666669695,2,0.612933333333103,0.620933333333141,0.670000000000073,8.99999999978718,0.114065972031776,0.0999600655633551,0.107013018797566,14.8944185275473,15.7065075088726,15.7065075088726,-0.00664890566212556,-0.106624128214341,266.431749551859,0.999999999976353,6.69476558046205
313,NonStim,0,1,-0.3636,NaN,1,0.808999999999969,0.823999999999842,NaN,15.9999999996217,0.238088495408592,0.302198490258487,0.27014349283354,21.8694798052181,26.8299435246027,26.8299435246027,0.073137913790299,-0.259895597458886,285.717274516115,-0.999999999976353,3.88410692900322
313,NonStim,0,1,-0.3636,NaN,2,0.826999999999998,0.836999999999989,NaN,10.9999999997399,0.0927918200914458,0.105341819753029,0.0990668199222376,13.9094163651779,11.1064606116969,13.9094163651779,-0.0332445180639592,0.0932953070744038,109.612836284854,-2.99999999992906,2.59773477258608
321,NonStim,0,1,-0.4545,NaN,1,0.401966666666567,0.423966666666502,NaN,22.9999999994561,0.0388342928686438,0.0802442789793324,0.0595392859239881,11.0976447278619,11.7949851591022,11.7949851591022,0.00664890369673028,-0.056644237798128,276.694746946079,-1.99999999995271,35.659240699234
326,NonStim,0,4,-0.6363,NaN,1,0.46016666666651,0.470166666666501,NaN,10.9999999997399,0.127182393099575,0.0834566490992413,0.105319521099408,14.2109501302223,12.6527815489102,14.2109501302223,0.0631645950193704,-0.0833003787287367,307.172132949624,-0.999999999976353,14.2582200899761
329,Stim,1,4,-0.3636,-0.0535000000002128,1,0.74186666666651,0.752866666666478,0.795366666666723,11.9999999997162,0.122760375402317,0.101658406283788,0.112209390843053,15.9007723336988,14.1204964253497,15.9007723336988,0.0664890552001885,0.0899641171932666,53.5333035503561,2.99999999992906,8.98755400600172
330,NonStim,0,2,-1,NaN,1,0.734066666666649,0.749066666666522,NaN,15.9999999996217,0.186168994885798,0.163615561352185,0.174892278118992,16.8847939993823,18.8480399546794,18.8480399546794,0.166222266446896,0.03665214487947,12.4347854198817,4.99999999988177,26.617208038596
345,NonStim,0,1,-0.0909,NaN,1,0.131333333333259,0.144333333333179,NaN,13.9999999996689,0.0549456707267589,0.0679541070648828,0.0614498888958208,8.00357807916693,9.41367089297677,9.41367089297677,-0.0132978073150385,0.0599762684267053,102.501264499484,0.999999999976353,2.72070910239819
345,NonStim,0,1,-0.0909,NaN,2,0.148333333333312,0.156333333333123,NaN,8.99999999978718,0.0759166878233457,0.0684914401593063,0.072204063991326,11.0976503599329,13.8923427772285,13.8923427772285,0.0531912530297352,-0.0466482147284304,318.749550779627,-1.99999999995271,23.078179482278
348,Stim,1,4,0.4545,-0.0536666666666861,1,0.7184666666667,0.726466666666738,0.772133333333386,8.99999999978718,0.0866323921742674,0.0888990435488036,0.0877657178615355,12.2173906206946,11.5935838811848,12.2173906206946,-0.00997336060701899,-0.0866323831789748,263.432860860155,-0.999999999976353,12.9661275344194
351,NonStim,0,4,-0.4545,NaN,1,0.963533333333316,0.970533333333151,NaN,7.99999999981083,0.0834565683754713,0.0954048914549402,0.0894307299152057,11.593569974288,13.3280623120791,13.3280623120791,-0.0299200753552842,-0.0833003340132074,250.242567459704,0,16.4876751841179
353,NonStim,0,1,1,NaN,1,0.441833333333307,0.470833333333303,NaN,29.9999999992906,0.37268370227265,0.506124281728568,0.439403992000609,22.2131637418525,23.9728292239751,23.9728292239751,0.116355675546654,-0.41982968549094,285.490697718584,-4.99999999988177,15.1556598848427
353,NonStim,0,1,1,NaN,2,0.686833333333198,0.699833333333345,NaN,13.9999999996689,0.190752069244453,0.265252219458281,0.228002144351367,22.3416007859645,25.3378068417599,25.3378068417599,-0.10305787983387,0.203250756770729,116.887193888397,-2.99999999992906,3.71572250310044
355,NonStim,0,3,0.1818,NaN,1,0.484299999999848,0.498299999999972,NaN,14.9999999996453,0.259896693763708,0.279967510567933,0.269932102165821,29.2156634566523,25.6413837650787,29.2156634566523,0.00332445356574742,-0.269892620619262,270.705715945592,-2.99999999992906,1.36083696119476
356,Stim,1,1,0.4545,-0.0563666666666904,1,0.797366666666676,0.809366666666619,0.853733333333366,12.9999999996926,0.0655087231803929,0.107394264437944,0.0864514938091686,12.2675306825424,15.4210618184702,15.4210618184702,0.0565156952762512,-0.0333201511509628,329.477529118043,4.99999999988177,84.3220015348186
361,NonStim,0,2,0.3636,NaN,1,0.227899999999863,0.234899999999925,NaN,7.99999999981083,0.105290078164891,0.118065447302172,0.111677762733532,17.3331073971189,17.9378235635299,17.9378235635299,0.046542339295769,-0.0999603325423502,294.967067722974,-0.999999999976353,18.2799167835728
370,Stim,1,3,-1,-0.059633333333295,1,0.496600000000171,0.514599999999973,0.556233333333466,18.9999999995507,0.287784100258649,0.106830838342637,0.197307469300643,26.7480925326021,12.2674459840076,26.7480925326021,-0.00997335934247321,-0.196588138592014,267.09574588311,7.99999999981083,8.87082705387866
370,Stim,1,3,-1,-0.059633333333295,2,0.842600000000175,0.848600000000033,0.90223333333347,6.99999999983447,0.0983426081201374,0.0893665665217778,0.0938545873209576,15.4209952606546,12.4120103361703,15.4209952606546,-0.043217892088701,0.0832999776662429,117.421294367484,0,1.73350880570186
380,NonStim,0,3,1,NaN,1,0.286333333333459,0.302333333333308,NaN,16.999999999598,0.169885203339687,0.119952514138032,0.14491885873886,20.7456895480314,15.5888376981831,20.7456895480314,-0.0166222647590445,-0.143276592558868,263.382401895722,0.999999999976353,11.284929072827
381,NonStim,0,2,-0,NaN,1,0.868233333333364,0.882233333333261,NaN,14.9999999996453,0.221485349363637,0.318496998693978,0.269991174028808,23.1871503935345,33.4071123944089,33.4071123944089,-0.0731379604285304,-0.259896219561714,254.282751719302,-1.99999999995271,0.0720081576855307
383,NonStim,0,3,0.4545,NaN,1,0.783666666666704,0.803666666666686,NaN,20.9999999995034,0.268625807083907,0.31327919711311,0.290952502098509,17.7707417562095,20.0227066621857,20.0227066621857,-0.0199467209012555,-0.289884683387949,266.063730198731,0,5.89291204930441
387,Stim,1,1,-0.6363,-0.054833333333363,1,0.578199999999924,0.596199999999953,0.633033333333287,18.9999999995507,0.146097745680024,0.13489912400568,0.140498434842852,14.8944670258153,16.5070208376095,16.5070208376095,-0.00664889086475356,-0.00333233993739425,206.619449057262,-7.99999999981083,176.003706633365
389,Stim,1,3,0.1818,-0.0490666666669313,1,0.488299999999754,0.507299999999759,0.537366666666685,19.9999999995271,0.254624667194178,0.434431697795699,0.344528182494939,31.0987623199587,33.3201261200744,33.3201261200744,0.0299200786467502,-0.343194861100543,274.982506851016,-2.99999999992906,1.60669332576913
390,NonStim,0,4,-0,NaN,1,0.847966666666707,0.861966666666603,NaN,14.9999999996453,0.366760796002543,0.373183911617187,0.369972353809865,39.9994381192887,40.1220897152589,40.1220897152589,0.00664890629217782,-0.36985177796343,271.029907818721,0.999999999976353,2.07785450220388
400,Stim,1,4,0.1818,-0.0546333333334132,1,0.619433333333291,0.646433333333334,0.674066666666704,27.9999999993379,0.236488932122903,0.371699655564784,0.304094293843844,22.8578195289208,27.7439269822205,27.7439269822205,0.109706611762741,-0.279887723043907,291.403515761899,-13.9999999996689,17.7858360381123
410,NonStim,0,3,-1,NaN,1,0.469299999999976,0.483299999999872,NaN,14.9999999996453,0.176425197837725,0.175292916271019,0.175859057054372,15.5888427680012,21.0686051367465,21.0686051367465,-0.0299200466401921,-0.173264154178232,260.202526934553,3.99999999990541,2.13475571741731
411,Stim,1,1,-0.4545,-0.0508333333332303,1,0.0189666666667563,0.0309666666666999,0.0697999999999865,12.9999999996926,0.0999604376041739,0.0599762724832547,0.0799683550437143,11.1067147669948,8.66656159372103,11.1067147669948,2.08166817117217e-17,-0.0799683550437143,270,2.99999999992906,0
418,NonStim,0,2,0.0909,NaN,1,0.508000000000038,0.521999999999935,NaN,14.9999999996453,0.134666589531098,0.188484354901092,0.161575472216095,14.8741578336104,18.8272987040219,18.8272987040219,0.11303133027571,0.103292054489993,42.4221796326162,-4.99999999988177,37.7860257424771
423,Stim,1,1,0.3636,-0.0591333333334205,1,0.217199999999821,0.226199999999835,0.276333333333241,9.99999999976353,0.215824493792111,0.174885940215588,0.19535521700385,27.2258796578971,22.3237247584058,27.2258796578971,-0.043217888813531,-0.189924691472609,257.180477905844,0,8.84608957220232
424,NonStim,0,1,0.3636,NaN,1,0.206866666666656,0.232866666666723,NaN,26.9999999993615,0.13344614721427,0.125656554468221,0.129551350841245,17.8990419606691,17.3768784867575,17.8990419606691,0.0365689843693111,-0.119952429389984,286.954492193637,10.9999999997399,29.0909876022336
424,NonStim,0,1,0.3636,NaN,2,0.918866666666645,0.961866666666538,NaN,43.9999999989595,0.426488322656565,0.454361372357186,0.440424847506876,28.5512865551689,39.2657691269995,39.2657691269995,0.016622252347149,-0.439815926779065,272.164386931177,12.9999999996926,4.19594085627597
427,NonStim,0,3,-0,NaN,1,0.632733333333363,0.646733333333486,NaN,14.9999999996453,0.253669129534559,0.110264566342756,0.181966847938658,21.4442312646817,14.2109437121169,21.4442312646817,0.0731379171800938,-0.166600594599441,293.701548164969,0.999999999976353,1.81555395561475
427,NonStim,0,3,-0,NaN,2,0.647733333333463,0.65873333333343,NaN,11.9999999997162,0.0927919964836373,0.0990424957114105,0.0959172460975239,13.9094320295398,12.652774098144,13.9094320295398,-0.0332444885910552,0.0899643641439328,110.280759699063,-3.99999999990541,1.38127531338887
428,Stim,1,1,-0.1818,-0.0571999999999662,1,0.812466666666751,0.824466666666694,0.869666666666717,12.9999999996926,0.163014808772056,0.163615419629136,0.163315114200596,17.7303782363391,18.8480293368549,18.8480293368549,0.152924344816239,0.019991926206687,7.44808573086847,0.999999999976353,38.4114710476987
429,NonStim,0,3,-0.0909,NaN,1,0.0820666666663783,0.101066666666384,NaN,19.9999999995271,0.590663878621949,0.536967748705402,0.563815813663675,50.2582199764214,41.9503277878469,50.2582199764214,0.279252596989633,-0.489802265012905,299.688905805078,-0.999999999976353,1.5182843412731e-05
429,NonStim,0,3,-0.0909,NaN,2,0.273066666666409,0.288066666666509,NaN,15.9999999996217,0.350932936208655,0.341061424273221,0.345997180240938,34.47880286159,37.7921625519005,37.7921625519005,-0.202790616993342,0.279887969594558,125.924911379547,0,5.26760552923042
438,Stim,1,2,0.6363,-0.0557000000001153,1,0.464133333333166,0.476133333333109,0.519833333333281,12.9999999996926,0.187655811266495,0.153416779621137,0.170536295443816,20.4775894966783,14.4719234259726,20.4775894966783,0.0132978137303401,-0.169932661800245,274.474472870417,0,3.61782358317402
439,Stim,1,3,0.4545,-0.0578666666667687,1,0.434466666666594,0.449466666666694,0.492333333333363,15.9999999996217,0.118546970250582,0.179890474839484,0.149218722545033,15.7712564768934,18.0617025098844,18.0617025098844,0.093084675911432,-0.116620506147766,308.596323588116,-6.99999999983447,0.833347114496519
442,NonStim,0,3,-0.6363,NaN,1,0.555266666666512,0.592266666666546,NaN,37.9999999991014,0.140922691226352,0.231754951522515,0.186338821374434,15.5141030691185,23.5899334656149,23.5899334656149,0.103057948703469,0.133279999627735,52.2872297697254,-19.9999999995271,52.273321002095
442,NonStim,0,3,-0.6363,NaN,2,0.589266666666617,0.603266666666514,NaN,14.9999999996453,0.0927920296669641,0.0426324650090027,0.0677122473379834,11.0976413144203,7.84466461789295,11.0976413144203,-0.0299200142922588,-0.0599760333773839,243.486943153229,6.99999999983447,17.6027632709088
442,NonStim,0,3,-0.6363,NaN,3,0.823266666666541,0.834266666666508,NaN,11.9999999997162,0.0595778413878725,0.0339767426719918,0.0467772920299322,8.88537488413101,6.66396861495131,8.88537488413101,0.0166222349282854,0.0433160360483234,69.0060336916857,-3.99999999990541,15.2279360552015
446,NonStim,0,4,0.3636,NaN,1,0.269300000000158,0.286299999999983,NaN,17.9999999995744,0.345546204062749,0.236489633992938,0.291017919027844,26.3917123645188,20.0089433535977,26.3917123645188,0.119680226414663,-0.26322862561781,294.449519893386,1.99999999995271,13.1952239242807
446,NonStim,0,4,0.3636,NaN,2,0.509299999999939,0.523300000000063,NaN,14.9999999996453,0.1520289623855,0.182864044074252,0.167446503229876,15.9008080980498,18.4730011057598,18.4730011057598,-0.0864356910604147,0.143276476807418,121.101698938389,-1.99999999995271,4.29595289872441
451,NonStim,0,1,-0.3636,NaN,1,0.65336666666667,0.659366666666756,NaN,6.99999999983447,0.143938144949449,0.117839938089036,0.130889041519242,19.9913983903257,17.5253343626565,19.9913983903257,0.11635543362767,0.0566442336488948,25.9577778098699,0,17.3254046969602
457,Stim,1,3,0.3636,-0.052366666666785,1,0.222866666666505,0.2338666666667,0.27523333333329,11.9999999997162,0.13736414571436,0.0932963661194134,0.115330255916887,13.7364150588631,13.7364100405065,13.7364150588631,0.0166222659116297,-0.113288466731987,278.347171167312,0,14.0056475063973
459,NonStim,0,4,-0.1818,NaN,1,0.10253333333344,0.118533333333289,NaN,16.999999999598,0.533388449611029,0.653411195983662,0.593399822797346,51.6762842323626,54.2369849675873,54.2369849675873,0.126329096319384,-0.579762504363681,282.292492825523,-2.99999999992906,1.2237748929586
461,Stim,1,4,-0.4545,-0.0518666666666832,1,0.594399999999951,0.611400000000003,0.646266666666634,17.9999999995744,0.214505745868969,0.277046885851699,0.245776315860334,20.0089121403748,26.7217022698552,26.7217022698552,-0.109706852898485,0.219912274750102,116.513068908461,-3.99999999990541,1.40985616537324
477,NonStim,0,3,-0.1818,NaN,1,0.0297999999997955,0.0397999999997865,NaN,10.9999999997399,0.216948196578233,0.207011819864382,0.211980008221308,24.659893049542,23.5598236847212,24.659893049542,-0.013297822229224,0.20991651883131,93.6247378929719,-0.999999999976353,14.2791404415999
479,NonStim,0,4,0.1818,NaN,1,0.809366666666619,0.820366666666587,NaN,11.9999999997162,0.12937940786286,0.233618876429136,0.181499142145998,16.6600563284848,29.2155714523011,29.2155714523011,-0.0199467198868194,-0.179928235870678,263.674059908048,0,8.59936760324246
480,Stim,1,2,-0.3636,-0.0677333333333081,1,0.513999999999896,0.526000000000067,0.581733333333204,12.9999999996926,0.221260505660685,0.208953657867968,0.215107081764326,24.3330713819138,23.9897528526725,24.3330713819138,0.162897982793533,-0.139944560337015,319.334346649941,1.99999999995271,6.54857981206561
484,Stim,1,3,-0.1818,-0.0620333333333747,1,0.739333333333207,0.749333333333198,0.801366666666581,10.9999999997399,0.187443222579111,0.172929645272403,0.180186433925757,21.8362125872334,25.7857720003121,25.7857720003121,0.162897977882586,-0.0766360934028086,334.805147996321,0.999999999976353,4.86161958661353
485,Stim,1,2,-1,-0.0632333333335282,1,0.220499999999674,0.229499999999689,0.283733333333203,9.99999999976353,0.11337659815846,0.0945849409388337,0.103980769548647,14.2038252226662,11.9948793760292,14.2038252226662,0.073137965273852,0.0733040837593154,45.0649942014369,0,10.474458768903
488,Stim,1,1,-0.0909,-0.0564999999999145,1,0.572799999999916,0.580799999999954,0.62929999999983,8.99999999978718,0.132977797743364,0.121338408840232,0.127158103291798,19.9466827164575,19.9466938822747,19.9466938822747,0.126328949599982,0.00999603390371946,4.5242180959538,1.99999999995271,9.48346097831325
490,NonStim,0,4,-0.6363,NaN,1,0.731166666666468,0.741166666666459,NaN,10.9999999997399,0.166464399112335,0.181138651194947,0.173801525153641,18.0616814491455,21.8930622228503,21.8930622228503,0.103057872845824,0.13994433713547,53.6313088920011,0.999999999976353,0.841879581410069
491,Stim,1,2,-0,-0.0508000000002085,1,0.569633333333286,0.580633333333253,0.620433333333494,11.9999999997162,0.1365684194369,0.0895429298297309,0.113055674633316,14.1204822570772,14.4108116019221,14.4108116019221,0.0831111826112702,0.0766362404480914,42.6789365987763,0.999999999976353,1.03809116591819
501,Stim,1,3,-0.0909,-0.0502666666668574,1,0.725766666666459,0.739766666666583,0.776033333333316,14.9999999996453,0.101931134457944,0.243199026527777,0.17256508049286,11.1067180276916,22.8940292111109,22.8940292111109,-0.0299200753862536,-0.169932573734041,260.014265144536,0.999999999976353,1.84367935375758
506,NonStim,0,1,0.1818,NaN,1,0.749066666666749,0.756066666666811,NaN,7.99999999981083,0.0731379032383619,0.0945848242360275,0.0838613637371947,11.0815049657025,15.4038115379678,15.4038115379678,0.0731379302545972,-0.0299880317043737,337.705378074997,0.999999999976353,39.3531290397032
507,Stim,1,4,0.0909,-0.0536000000001877,1,0.592466666666496,0.609466666666549,0.646066666666684,17.9999999995744,0.193370980460829,0.194283382972259,0.193827181716544,16.9885299765354,24.2532862862637,24.2532862862637,0.0132978132983947,-0.193256680866354,273.93626503968,5.99999999985812,3.92237831428605
510,Stim,1,3,0.3636,-0.0545666666664602,1,0.346966666666731,0.355966666666745,0.401533333333191,9.99999999976353,0.118483197545921,0.131213616938541,0.124848407242231,17.3260176624799,17.3532062449796,17.3532062449796,-0.103057988572002,0.0699722876502096,145.825050429977,-1.99999999995271,7.69804185823438
511,NonStim,0,2,0.3636,NaN,1,0.0363333333332321,0.0493333333333794,NaN,13.9999999996689,0.0685737028377046,0.126412392230078,0.0974930475338913,11.0905918746171,14.2109502130861,14.2109502130861,-0.0365689803541559,-0.0899643986813611,247.879103825969,-6.99999999983447,10.6034444392912
513,Stim,1,4,-0.4545,-0.0569666666667672,1,0.589433333333091,0.604433333333191,0.646399999999858,15.9999999996217,0.132505838360326,0.0753093224638506,0.103907580412088,15.6894496098286,11.994878450721,15.6894496098286,0.0897602175067252,0.0466481642706986,27.4607888368545,8.99999999978718,27.5020438062647
519,NonStim,0,4,1,NaN,1,0.80916666666667,0.828166666666675,NaN,19.9999999995271,0.304560714268066,0.350585079139663,0.327572896703864,24.8334807752631,33.3935895115839,33.3935895115839,0.0531912395083598,-0.32320315344062,279.345692050357,1.99999999995271,1.33154442324695
521,NonStim,0,2,0.0909,NaN,1,0.607099999999946,0.618099999999913,NaN,11.9999999997162,0.12385974621236,0.108370119660256,0.116114932936308,15.7641483979919,14.2109419299538,15.7641483979919,-0.0731378893118441,-0.0899643673599955,230.890093716845,-0.999999999976353,6.25387440427343
524,Stim,1,1,0.0909,-0.0498000000000047,1,0.383266666666486,0.396266666666634,0.433066666666491,13.9999999996689,0.165375256127618,0.184076857419781,0.1747260567737,16.635880580177,21.3057926256648,21.3057926256648,0.123004725681217,-0.123284501936129,314.934913955132,0,9.29758677444698
530,NonStim,0,3,-0,NaN,1,0.631066666666584,0.641066666666575,NaN,10.9999999997399,0.118546917813268,0.140491162044958,0.129519039929113,20.4600956215556,20.4529950119845,20.4600956215556,0.073137958736416,-0.106624437654035,304.447781830649,-0.999999999976353,6.72233000549079
531,Stim,1,1,0.1818,-0.0563333333334413,1,0.904599999999846,0.916599999999789,0.960933333333287,12.9999999996926,0.176425119664939,0.228132331937047,0.202278725800993,22.2410535237819,26.7480969880774,26.7480969880774,-0.0299200695507088,-0.199920691090178,261.488304357986,0.999999999976353,4.16666092252706
534,NonStim,0,2,1,NaN,1,0.45643333333328,0.467433333333247,NaN,11.9999999997162,0.159936634166064,0.120135036793709,0.140035835479887,20.0227804502812,15.9006437565452,20.0227804502812,-0.00332445357729418,-0.139943768517506,268.639158123084,2.99999999992906,3.17267202469856
541,NonStim,0,1,0.4545,NaN,1,0.643033333333278,0.654033333333246,NaN,11.9999999997162,0.0935326866238161,0.0569213893481112,0.0752270379859636,12.9447209853525,8.66654093642049,12.9447209853525,-0.0132978132554352,0.0733040485027608,100.281998656186,4.99999999988177,16.436967756802
542,Stim,1,1,1,-0.0583666666666431,1,0.409366666666756,0.424366666666629,0.467733333333399,15.9999999996217,0.195077760083138,0.161175679213723,0.178126719648431,18.3773738941366,20.0178850901666,20.0178850901666,0.0232711537227864,-0.176596481185329,277.50694778676,3.99999999990541,0.726707458991257
542,Stim,1,1,1,-0.0583666666666431,2,0.657366666666576,0.670366666666723,0.715733333333219,13.9999999996689,0.216740010206972,0.18827188175544,0.202505945981206,21.353573214372,23.7492549529582,23.7492549529582,0.139626846633919,0.146607438670451,46.3970345902331,0.999999999976353,2.48978298805815
554,NonStim,0,1,-0.6363,NaN,1,0.429699999999912,0.443699999999808,NaN,14.9999999996453,0.207012299828452,0.180051508426053,0.193531904127253,17.9378405296642,17.937840002121,17.9378405296642,-0.00332445270081554,-0.1932567277452,269.014480240956,-0.999999999976353,5.79932323710574
554,NonStim,0,1,-0.6363,NaN,2,0.902699999999868,0.920699999999897,NaN,18.9999999995507,0.403358396056252,0.379060023250569,0.39120920965341,37.9084030174105,29.0680654930326,37.9084030174105,0.0598401390357012,0.386509518617873,81.1992321084111,-0.999999999976353,2.52450936373017
560,NonStim,0,1,1,NaN,1,0.330033333333404,0.357033333333447,NaN,27.9999999993379,0.36914118957724,0.385564281190644,0.377352735383942,35.4795804480517,34.8464706287102,35.4795804480517,0.176194452011824,-0.32653519529083,298.350763850138,10.9999999997399,20.9970725785897
560,NonStim,0,1,1,NaN,2,0.485033333333377,0.502033333333429,NaN,17.9999999995744,0.287142520929651,0.280818792749588,0.28398065683962,25.3053985017319,21.9650894562551,25.3053985017319,-0.216088462123739,0.183258724714315,139.699632625003,1.99999999995271,7.73698006215105
565,Stim,1,4,-0.3636,-0.0543666666667377,1,0.578199999999924,0.592200000000048,0.632566666666662,14.9999999996453,0.17908275474123,0.225927272319098,0.202505013530164,16.478066598938,23.5341085090569,23.5341085090569,0.162897396301135,0.113288262957153,34.8169830929683,1.99999999995271,23.2187515088829
567,Stim,1,3,0.4545,-0.0640333333333274,1,0.720966666666527,0.729966666666542,0.784999999999854,9.99999999976353,0.155337069347411,0.120053448773453,0.137695259060432,19.7578010873871,20.4600578270538,20.4600578270538,0.0731377961616599,-0.116620383387321,302.093641942733,1.99999999995271,2.72364978005334
571,Stim,1,2,0.1818,-0.0569666666667672,1,0.311166666666622,0.321166666666613,0.36813333333339,10.9999999997399,0.128450068473452,0.162441967551359,0.145446018012405,17.5253948038952,18.4555867134134,18.4555867134134,0.126329170805221,-0.0699723175672818,331.018420818814,-1.99999999995271,13.7586828477394
578,Stim,1,4,1,-0.054833333333363,1,0.362166666666781,0.371166666666795,0.417000000000144,9.99999999976353,0.0388343208265342,0.0628282940794744,0.0508313074530043,8.66656137048717,9.41367506739575,9.41367506739575,-0.026595627788592,0.0433162004566904,121.549426166291,2.99999999992906,1.04055070939091
591,NonStim,0,1,0.3636,NaN,1,0.0301999999999225,0.0441999999998188,NaN,14.9999999996453,0.155997980188429,0.105205939291216,0.130601959739823,12.9447650283057,16.6358825406759,16.6358825406759,0.0930846389283405,-0.0899643626662217,315.976576470052,6.99999999983447,15.5023093769877
594,NonStim,0,1,0.6363,NaN,1,0.737933333333331,0.752933333333203,NaN,15.9999999996217,0.160074795111247,0.0669706894918833,0.113522742301565,13.7364155547282,11.1617753611338,13.7364155547282,-0.00664890612264099,-0.113288233910261,266.641153770074,8.99999999978718,3.31722387969791
596,NonStim,0,4,0.6363,NaN,1,0.477633333333188,0.49263333333306,NaN,15.9999999996217,0.120053631802515,0.103437981079039,0.111745806440777,12.4120552320698,17.3768795176626,17.3768795176626,0.0465423165736438,-0.0999604294167901,294.967035771901,5.99999999985812,18.7309562189389
596,NonStim,0,4,0.6363,NaN,2,0.959633333333159,0.970633333333126,NaN,11.9999999997162,0,0.0569215908565466,0.0284607954282733,4.44268451998181,9.41367500309468,9.41367500309468,-0.00997336063913757,0.0266561241363354,110.513282980349,-1.99999999995271,110.513282980349
599,Stim,1,4,-0,-0.056633333333366,1,0.926033333333407,0.943033333333233,0.982666666666773,17.9999999995744,0.0801438708309686,0.173206268792954,0.126675069811961,14.4338881247224,17.5483386887383,17.5483386887383,0.0631646102653994,0.106624267151896,59.3573426808864,4.99999999988177,25.7280677982237
608,Stim,1,2,0.0909,-0.0571333333332404,1,0.370933333333369,0.379933333333383,0.428066666666609,9.99999999976353,0.0927920683409324,0.0927920825369263,0.0927920754389294,12.9447708211557,12.9447731519481,12.9447731519481,0.033244531965485,-0.0866323863151639,290.993932601599,-1.99999999995271,1.16321825771593e-06
610,Stim,1,4,-1,-0.0588999999999942,1,0.304200000000037,0.315200000000004,0.363100000000031,11.9999999997162,0.202665984694567,0.134899735117326,0.168782859905946,25.7608568744859,18.6144954074371,25.7608568744859,-0.0398934323060149,-0.163268643664866,256.269255479733,0.999999999976353,10.7414217928209
615,Stim,1,1,-0.3636,-0.0535666666667112,1,0.590166666666619,0.603166666666539,0.64373333333333,13.9999999996689,0.11848325039417,0.0801651869994632,0.0993242186968167,13.5368336336605,12.9309369273783,13.5368336336605,0.0731379539825949,0.0666402841560326,42.3384895309391,5.99999999985812,10.2106051553219
630,Stim,1,4,-0.4545,-0.0593666666668469,1,0.644600000000082,0.654599999999846,0.703966666666929,11.000000002241,0.0946275053180524,0.132752157183954,0.113689831251003,17.376870961027,14.8944443044707,17.376870961027,0.0498667833066719,0.0999602304678157,63.4869405837672,1.00000000020373,21.7373576697233
631,Stim,1,3,-0,-0.052833333333183,1,0.48183333333327,0.487833333333583,0.534666666666453,7.00000000142609,0.122377719576211,0.113088337431231,0.117733028503721,18.4729856261258,16.884812827415,18.4729856261258,0.0930846422410409,-0.0699723045715196,323.067587681549,0,16.9384926735515
633,NonStim,0,3,0.1818,NaN,1,0.788933333333262,0.800933333333433,NaN,13.0000000026484,0.163839074088875,0.128665444808669,0.146252259448772,16.4908127897857,16.9112944353758,16.9112944353758,0.0598401364160504,-0.133280565951551,294.179065042811,5.00000000101863,5.30644668662666
635,NonStim,0,2,0.4545,NaN,1,0.583599999999933,0.590599999999995,NaN,8.00000000162981,0.0679541036761458,0.0953763674086604,0.0816652355424031,12.4120563400839,12.9447709262812,12.9447709262812,0.0265956195599097,-0.0766363262340141,289.138652136518,-2.00000000040745,13.4407187597282
638,Stim,1,1,0.6363,-0.0549666666665871,1,0.328133333333426,0.339133333333393,0.383100000000013,12.0000000024447,0.0799682809999562,0.142449345229679,0.111208813114818,12.2173735887218,14.8944687306414,14.8944687306414,-0.0132978136978682,-0.109956436017189,263.104302165764,-4.00000000081491,10.7603992722088
638,Stim,1,1,0.6363,-0.0549666666665871,2,0.73813333333328,0.750133333333451,0.793099999999868,13.0000000026484,0.105289882329248,0.148944385342903,0.127117133836075,9.4136671307835,17.8990222404417,17.8990222404417,0.0631646083999582,-0.109956176829175,299.875324323445,2.00000000040745,8.12128421645406
639,Stim,1,1,0.1818,-0.0524000000000342,1,0.244033333333391,0.260033333333467,0.296433333333425,17.0000000034634,0.279888697074463,0.200031276059278,0.23995998656687,24.8335672674666,24.4347781826088,24.8335672674666,0.00332445241149399,-0.239904720018331,270.79391894208,5.00000000101863,1.90482396985334
644,NonStim,0,3,-0.4545,NaN,1,0.760999999999967,0.771999999999935,NaN,12.0000000024447,0.153306501712134,0.127182330900105,0.14024441630612,20.4600978877122,18.0616951298112,20.4600978877122,0.0864357261814289,-0.109956453915385,308.17055259205,2.00000000040745,8.49427670290805
645,NonStim,0,3,1,NaN,1,0.283233333333101,0.293233333333319,NaN,11.000000002241,0.173264585158982,0.130908109111079,0.152086347135031,24.4347637282378,16.9885239663124,24.4347637282378,-0.016622267186354,-0.149940534470615,263.674073817076,-1.00000000020373,14.7115667191056
645,NonStim,0,3,1,NaN,2,0.616233333333184,0.626233333332948,NaN,11.000000002241,0.0926357012866476,0.0744723391055774,0.0835540201961125,10.2177374391275,13.4150886018438,13.4150886018438,0.0598401500268152,0.0499802197012072,39.869606192675,5.00000000101863,42.4058272402722
646,Stim,1,2,1,-0.0471999999999753,1,0.592733333333399,0.605733333333319,0.639933333333374,14.0000000028522,0.101554574743196,0.0866032643173686,0.0940789195302823,14.8944600213322,11.0976483617926,14.8944600213322,0.0598401534893865,0.0666402333581943,48.0774820813357,5.00000000101863,35.7606807258278
648,NonStim,0,1,-0,NaN,1,0.35743333333312,0.37043333333304,NaN,14.0000000028522,0.306237703563489,0.237650272859876,0.271943988211682,28.2809940722372,23.4871303332858,28.2809940722372,0.226062389524679,-0.13994451969708,328.240311817205,0,24.4561642899431
650,NonStim,0,4,0.3636,NaN,1,0.830733333333228,0.842733333333399,NaN,13.0000000026484,0.120107329840204,0.19733112241681,0.158719226128507,16.5070892448717,19.6775722913798,19.6775722913798,0.0398934407957151,-0.15327251312076,284.589127012263,0,7.73562932712849
652,NonStim,0,3,-0,NaN,1,0.566866666666556,0.572866666666414,NaN,7.00000000142609,0.0628282645920985,0.0549456239951494,0.0588869442936239,9.41367253188439,7.44723171076892,9.41367253188439,-0.0232711707564933,0.05331220203876,113.581625375718,0,17.9412670381741
660,NonStim,0,3,0.3636,NaN,1,0.355466666666416,0.364466666666431,NaN,10.0000000020373,0.086603339499359,0.119155728599208,0.102879534049283,11.5935839971506,14.4719239782178,14.4719239782178,0.043217893112428,-0.0932964191745141,294.855084907084,-1.00000000020373,3.93933170594806
660,NonStim,0,3,0.3636,NaN,2,0.899466666666285,0.911466666666456,NaN,13.0000000026484,0.164539717727161,0.170764564000057,0.167652140863609,14.8944689523953,17.9378345241771,17.9378345241771,0.059840126613651,-0.156604548275581,290.912344733181,0,0.81321756684747
666,Stim,1,1,-0.4545,-0.0532666666667865,1,0.594700000000103,0.601700000000164,0.647966666666889,8.00000000162981,0.0628281846446629,0.0658956150392249,0.0643618998419439,7.44722497870761,12.3951331331393,12.3951331331393,-0.0398934084720139,0.00333201751468299,175.225565812945,1.00000000020373,103.118105363769
666,Stim,1,1,-0.4545,-0.0532666666667865,2,0.833700000000135,0.847700000000259,0.886966666666922,15.0000000030559,0.194026024178782,0.261816041187544,0.227921032683163,20.1145501787461,22.4608225403032,22.4608225403032,0.0598401577918614,-0.219912680068418,285.222126613418,-1.00000000020373,1.19948890800606
669,Stim,1,1,1,-0.0508333333332303,1,0.757733333333363,0.769733333333534,0.808566666666593,13.0000000026484,0.127312906075698,0.103437934730955,0.115375420403327,13.3740418727762,13.7364152714359,13.7364152714359,-0.0199467188648209,-0.113288455768266,260.014270521676,3.00000000061118,8.90357990059732
677,Stim,1,3,0.4545,-0.0562666666664882,1,0.892833333333328,0.905833333333248,0.949099999999817,14.0000000028522,0.0801649693602205,0.223884302164836,0.152024635762528,14.2109091239161,19.757803737157,19.757803737157,0.0831109861609902,-0.126616485744153,303.280871083902,-1.00000000020373,11.246386137898
682,Stim,1,2,-0.3636,-0.0576666666670462,1,0.744599999999537,0.749599999999646,0.802266666666583,6.00000000122236,0.0744722248763595,0.0895642365889005,0.08201823073263,14.4719014533254,17.2583785208013,17.2583785208013,0.0465423411444316,-0.06664016097562,304.930941054408,0,15.4095014368477
684,NonStim,0,3,0.4545,NaN,1,0.533933333333152,0.543933333333371,NaN,11.000000002241,0.0549455853007298,0.0549455694390227,0.0549455773698763,8.0035745369515,8.00356712673103,8.0035745369515,-0.0132978080724075,0.0533121447043586,104.005663547885,-4.00000000081491,3.07126560983306e-06
689,Stim,1,1,0.4545,-0.0500000000001819,1,0.660733333333155,0.677733333332981,0.710733333333337,18.0000000036671,0.128177587389511,0.0866323933993866,0.107404990394449,11.5935603113997,11.1067186676305,11.5935603113997,-0.00997335988479221,-0.019991824670883,243.486679697479,7.00000000142609,171.047369086297
691,Stim,1,2,-0,-0.0549333333333379,1,0.331266666667034,0.340266666667048,0.386200000000372,10.0000000020373,0.142496986402853,0.175865993480915,0.159181489941884,17.3331095986275,24.37035462943,24.37035462943,0.0797868683162966,-0.136612423074576,300.286558719074,0,12.7682800846118
700,NonStim,0,2,-0.0909,NaN,1,0.588999999999942,0.596000000000004,NaN,8.00000000162981,0.0595778506174508,0.0595777877028655,0.0595778191601581,11.0976463578131,9.41366646647714,11.0976463578131,-0.0265956277544244,0.0533121854760086,116.513041156818,1.00000000020373,3.09254126591441e-05
705,Stim,1,3,-1,-0.0704333333333125,1,0.384266666666917,0.400266666666994,0.45470000000023,17.0000000034634,0.116502891675144,0.0868871528062252,0.101695022240685,20.7456883019659,12.6527784393264,20.7456883019659,-0.0265956073083302,-0.0932963965515492,254.088963905866,9.00000000183354,35.2951095372982
712,NonStim,0,2,0.3636,NaN,1,0.555333333333238,0.564333333333252,NaN,10.0000000020373,0.134899338477716,0.171309421126607,0.153104379802162,18.0789934102669,22.4606732102539,22.4606732102539,-0.0432178918969956,-0.146607866411929,253.575240748979,0,6.71642401102304
715,Stim,1,2,-0.1818,-0.0627666666669029,1,0.329200000000128,0.343199999999797,0.391966666667031,15.0000000030559,0.100181329671651,0.0990425126431526,0.0996119211574019,14.8944687142679,13.9094408233508,14.8944687142679,0.0199467122436278,-0.0966284315584976,281.663564954889,-2.00000000040745,15.8071755594378
719,NonStim,0,3,0.6363,NaN,1,0.650466666666489,0.659466666666503,NaN,10.0000000020373,0.130908004436193,0.107394154314474,0.119151079375334,16.9885112432348,11.5935596678835,16.9885112432348,-0.0432178849723374,0.109956330292425,111.457104808628,1.00000000020373,14.977287787344
719,NonStim,0,3,0.6363,NaN,2,0.663466666666864,0.674466666666831,NaN,12.0000000024447,0.230061959615656,0.177021488799178,0.203541724207417,25.9932569079109,21.8695043674525,25.9932569079109,0.0498667880860735,-0.19658867814001,284.233468451765,0,9.77169580940358
720,NonStim,0,1,-0.1818,NaN,1,0.885566666666364,0.899566666666487,NaN,15.0000000030559,0.211870195015623,0.221260471377396,0.21656533319651,20.4600703448373,23.0765800047089,23.0765800047089,-0.152924531802317,-0.153272521997747,225.065116109637,-1.00000000020373,2.49192525981843
722,NonStim,0,1,0.4545,NaN,1,0.584033333333082,0.599033333333409,NaN,16.0000000032596,0.146221944910268,0.133942211446667,0.140082078178468,23.3504132525166,20.1145506634073,23.3504132525166,0.0432178672967861,0.129948411302044,71.6040554986055,6.00000000122236,24.3144795634649
722,NonStim,0,1,0.4545,NaN,2,0.602033333333111,0.610033333333377,NaN,9.00000000183354,0.106831362749945,0.0932963103082057,0.100063836529076,13.5110466676333,13.3740384801311,13.5110466676333,-0.00332444808616343,-0.0999602838086127,268.095176837185,1.00000000020373,3.56824105936471
722,NonStim,0,1,0.4545,NaN,3,0.806033333333289,0.817033333333256,NaN,12.0000000024447,0.113483325989958,0.120136645666965,0.116809985828462,12.9447646412162,11.1067186488577,12.9447646412162,-0.0066488964946881,-0.116620448306958,266.736920897569,1.00000000020373,0.186212284321527
725,NonStim,0,3,-0.0909,NaN,1,0.611666666666679,0.629666666666708,NaN,19.0000000038708,0.18166842965339,0.170472200928395,0.176070315290892,18.8385679245824,20.7053202718573,20.7053202718573,0.162897878379536,-0.0666401804932545,337.750934359782,4.00000000081491,3.19861949073459
729,Stim,1,3,1,-0.0554999999999382,1,0.512933333333422,0.538933333333716,0.56843333333336,27.0000000055006,0.11637843293309,0.118546942550808,0.117462687741949,16.6358845818938,18.8273462897219,18.8273462897219,0.0864357698156988,-0.0766363302684695,318.438921464896,3.00000000061118,20.8847662107653
731,Stim,1,3,0.6363,-0.0569666666665398,1,0.741500000000087,0.752500000000055,0.798466666666627,12.0000000024447,0.127312827559798,0.126616522214428,0.126964674887113,14.8944550853805,16.6600751255971,16.6600751255971,0.006648906842115,-0.126616483741581,273.00596496831,1.00000000020373,5.99547459403084
732,Stim,1,4,0.4545,-0.0589333333336981,1,0.435966666666445,0.452966666666725,0.494900000000143,18.0000000036671,0.0776686371634952,0.0868871608850781,0.0822778990242867,9.91611765647331,8.00357976213566,9.91611765647331,0.0232711730836028,-0.0766363482155578,286.891286694301,-4.00000000081491,26.5175931900205
734,Stim,1,1,0.0909,-0.0586333333330913,1,0.0219999999999345,0.0300000000002001,0.0806333333330258,9.00000000183354,0.0852231824709987,0.0895643166183003,0.0873937495446495,15.0843541826022,16.494370166056,16.494370166056,0.0631646021813431,-0.0599762518175966,316.483165073561,3.00000000061118,9.35417420322409
737,Stim,1,4,0.6363,-0.0541000000002896,1,0.560133333332942,0.576133333333019,0.614233333333232,17.0000000034634,0.307067195274895,0.342456026626832,0.324761610950864,25.8618542192836,32.2273325077968,32.2273325077968,0.295875220880605,-0.129948532064545,336.288896902792,1.00000000020373,11.4221663309261
737,Stim,1,4,0.6363,-0.0541000000002896,2,0.709133333332829,0.719133333333048,0.763233333333119,11.000000002241,0.15471451711104,0.166813885028125,0.160764201069583,16.8848165614062,18.5797332570389,18.5797332570389,-0.146275727855276,0.0666403075960538,155.506935394953,-2.00000000040745,1.96771201798271
741,Stim,1,4,-0.4545,-0.0518666666666832,1,0.75593333333336,0.762933333333422,0.807800000000043,8.00000000162981,0.0533122423536418,0.0679540763859967,0.0606331593698192,8.88537449356886,12.9966294204682,12.9966294204682,0.00664890712612964,-0.0599762526050816,276.32592235938,2.00000000040745,11.2849320078109
746,NonStim,0,3,-0.3636,NaN,1,0.646899999999732,0.653899999999794,NaN,8.00000000162981,0.0888989983816782,0.0842749266494449,0.0865869625155615,11.5935698836247,13.4150821228645,13.4150821228645,-0.0232711699300407,-0.0833003368202758,254.391515169995,0,5.42979551284481
747,NonStim,0,3,0.6363,NaN,1,0.572700000000168,0.587700000000495,NaN,16.0000000032596,0.1793233024713,0.0632059775718364,0.121264640021568,22.8577643275045,10.5343329998359,22.8577643275045,0.0565156838588237,0.0466476391906317,39.536020396159,-4.00000000081491,130.332878842792
747,NonStim,0,3,0.6363,NaN,2,0.95470000000023,0.966700000000401,NaN,13.0000000026484,0.115030543517533,0.160488464684617,0.137759504101075,16.9884615105671,17.7707460111093,17.7707460111093,0.0166222529153396,-0.136612264292887,276.937344332425,-6.00000000122236,5.23288735978525
749,Stim,1,2,0.6363,-0.0655666666666548,1,0.271099999999933,0.2820999999999,0.336666666666588,12.0000000024447,0.153306524708214,0.117775655270853,0.135541089989534,14.9273894346456,14.2109456062083,14.9273894346456,0.0831112842673937,-0.10662446608692,307.935583808856,2.00000000040745,8.32479121557719
755,Stim,1,3,0.4545,-0.0599000000001979,1,0.643133333333026,0.650133333333088,0.703033333333224,8.00000000162981,0.095376306536475,0.0720322059873654,0.0837042562619202,12.4120384006099,10.4609603942914,12.4120384006099,0.0398934400201787,-0.073304275516046,298.555788125642,0,8.90434287950723
757,Stim,1,1,-0.1818,-0.0475000000001273,1,0.448133333333317,0.457133333333331,0.495633333333444,10.0000000020373,0.0333201551188314,0.0628282616748455,0.0480742083968385,7.84472875384284,11.0976461001896,11.0976461001896,-0.0166222657754134,0.043316181865226,110.993937358712,4.00000000081491,31.9469206613554
758,Stim,1,2,-1,-0.0620666666668512,1,0.618833333332987,0.637833333333219,0.680899999999838,20.0000000040745,0.234752041729295,0.126790409125608,0.180771225427452,14.8944679777016,15.5887916930936,15.5887916930936,-0.00997336188113741,-0.0533123401170384,259.403916075258,-1.00000000020373,176.500831864231
771,Stim,1,4,0.1818,-0.0536666666662313,1,0.580400000000282,0.596400000000358,0.634066666666513,17.0000000034634,0.220314310826174,0.200362495068696,0.210338402947435,23.350392975678,20.7456894861836,23.350392975678,0.0132978126599205,-0.209916677909626,273.624732551952,-5.00000000101863,0.34506374134088
771,Stim,1,4,0.1818,-0.0536666666662313,2,0.598400000000311,0.605400000000373,0.652066666666542,8.00000000162981,0.0533119758862159,0.0358756397171039,0.0445938078016599,8.95416338730099,7.44722533960598,8.95416338730099,-0.00664890556403528,0.0433160430474106,98.7266483394279,-2.00000000040745,21.7565788781177
773,NonStim,0,1,0.3636,NaN,1,0.723966666666456,0.73796666666658,NaN,15.0000000030559,0.0549456279548305,0.169827928409686,0.112386778182258,8.95420317546391,15.6894440548162,15.6894440548162,-0.0432178825409461,0.103292193921681,112.704636628703,-6.00000000122236,11.5037500015395
773,NonStim,0,1,0.3636,NaN,2,0.739966666666533,0.746966666666594,NaN,8.00000000162981,0.0868314969864712,0.0847227692742047,0.085777133130338,12.9447645624755,14.4579669486337,14.4579669486337,0.0531912483034164,-0.0666400761043027,308.59641551477,1.00000000020373,12.5228273977125
782,NonStim,0,4,0.0909,NaN,1,0.938999999999851,0.965000000000146,NaN,27.0000000055006,0.826529750174778,0.773244938822395,0.799887344498587,58.8641778898594,55.5436518723349,58.8641778898594,-1.75659353382485e-10,-0.799638324532261,269.999999987414,-1.00000000020373,2.86103159151276
785,Stim,1,4,-1,-0.0567000000000917,1,0.515133333333324,0.524133333333339,0.571833333333416,10.0000000020373,0.0866033165850423,0.156836521106737,0.121719918845889,11.5935807333123,20.2666092294844,20.2666092294844,0.0332445060789202,0.116620489737783,74.0889645237642,0,10.3358733318612
786,Stim,1,1,-1,-0.0538333333333867,1,0.498099999999795,0.511099999999715,0.551933333333182,14.0000000028522,0.196095227651508,0.1371472808607,0.166621254256104,20.0178919168654,14.2109389115262,20.0178919168654,-0.0498667882153502,-0.15660454492137,252.337228950081,2.00000000040745,19.2387453804395
786,Stim,1,1,-1,-0.0538333333333867,2,0.641099999999824,0.655099999999948,0.694933333333211,15.0000000030559,0.134764878700091,0.153848138043082,0.144306508371586,16.9112957944798,15.7065034306401,16.9112957944798,0.00332445527910176,0.14327644987608,88.6707998095011,-1.00000000020373,13.470220666827
788,NonStim,0,4,-0,NaN,1,0.0235666666667385,0.0395666666668149,NaN,17.0000000034634,0.177021467538106,0.133171608241389,0.155096537889748,15.6894484796178,15.4392634096527,15.6894484796178,0.0698134801628486,-0.136612446961746,297.068535510938,1.00000000020373,17.0500125852429
790,NonStim,0,4,-0.0909,NaN,1,0.422466666666878,0.432466666666642,NaN,11.000000002241,0.132148445656146,0.1944629191309,0.163305682393523,18.0616916145897,24.0107298116624,24.0107298116624,-0.103058010122022,0.126616428073637,129.143476553958,-2.00000000040745,2.86610080381143
791,NonStim,0,4,-1,NaN,1,0.738699999999881,0.758699999999862,NaN,21.0000000042783,0.206633290105757,0.0888984619027653,0.147765876004261,21.8695072869211,12.4120000199108,21.8695072869211,0.0265956281180761,-0.0533124639023058,296.512921941084,12.0000000024447,172.23706302833
797,NonStim,0,1,-0.1818,NaN,1,0.218166666666548,0.232166666666217,NaN,15.0000000030559,0.194171465558548,0.207997298382713,0.20108438197063,20.4529873502958,22.7614380289733,22.7614380289733,0.116355761966515,-0.163268650911534,305.476120998564,-2.00000000040745,8.83520443936601
798,Stim,1,2,-0.1818,-0.0630000000001019,1,0.79930000000013,0.81230000000005,0.862300000000232,14.0000000028522,0.0926356715683535,0.0988685261731116,0.0957520988707326,11.0815091337407,15.8678903105861,15.8678903105861,-0.0897601898537724,-0.0333201563552048,200.36558444348,6.00000000122236,1.38607615909174
799,NonStim,0,1,1,NaN,1,0.142899999999827,0.14890000000014,NaN,7.00000000142609,0.0569215865282899,0.0628282844333997,0.0598749354808448,10.4713827053986,11.0976485339251,11.0976485339251,-0.0265956244244017,0.0533122406310641,116.513014612946,1.00000000020373,11.4336214490121
803,Stim,1,1,-0.6363,-0.0544333333332361,1,0.638866666666672,0.650866666666843,0.693299999999908,13.0000000026484,0.141497152348078,0.125531367497702,0.13351425992289,14.4579933950683,15.9931578478076,15.9931578478076,-0.106382439798954,-0.0133281462887543,187.141105696363,3.00000000061118,73.3143153290426
806,NonStim,0,4,-0.3636,NaN,1,0.677866666666887,0.694866666666712,NaN,18.0000000036671,0.247554661663614,0.309710893385287,0.27863277752445,21.8693450220215,25.992895402957,25.992895402957,0.0997335820064766,0.259894481959935,69.0058726663174,1.00000000020373,4.9728076827443
808,Stim,1,4,0.0909,-0.0550333333330855,1,0.404033333333246,0.410033333333558,0.459066666666331,7.00000000142609,0.105290092888539,0.0759165728342568,0.0906033328613977,16.6464682180367,13.5473461815128,16.6464682180367,0.0531912431236666,-0.0733042322842573,305.965505255787,0,3.17768659082532
811,NonStim,0,3,0.1818,NaN,1,0.782766666666248,0.800766666666277,NaN,19.0000000038708,0.199918183371027,0.214506207719169,0.207212195545098,21.8930536092553,23.91711869109,23.91711869109,-0.0964090899935388,-0.183260490225845,242.252183798255,1.00000000020373,4.20698145833913
813,Stim,1,1,1,-0.0528333333336377,1,0.755866666666407,0.763866666666672,0.808700000000044,9.00000000183354,0.127182381158613,0.122377464450917,0.124779922804765,14.8944659177064,15.771218390321,15.771218390321,-0.0864357462934696,0.0899642103330343,133.854086217576,0,2.12103775805591
820,Stim,1,3,-1,-0.0582333333331917,1,0.541766666666717,0.557766666666794,0.599999999999909,17.0000000034634,0.19733079037231,0.115031103470468,0.156180946921389,16.6968637145414,11.3256867466793,16.6968637145414,-0.0299200656475446,-0.153272344267912,258.954282447048,-2.00000000040745,1.67789237740539
821,NonStim,0,3,0.4545,NaN,1,0.744899999999689,0.75189999999975,NaN,8.00000000162981,0.0595778696812824,0.0595778737838471,0.0595778717325647,10.4713826563146,9.92964581279188,10.4713826563146,0.0265956269543658,-0.0533122446262221,296.513015074995,2.00000000040745,6.50758011033759e-07
822,NonStim,0,1,0.1818,NaN,1,0.0833999999999833,0.103399999999965,NaN,21.0000000042783,0.554222108760149,0.540754319330269,0.547488214045209,46.262917153965,48.7452596246281,48.7452596246281,0.339092513803393,-0.429825134577895,308.270193179235,1.00000000020373,0.660781684678398
822,NonStim,0,1,0.1818,NaN,2,0.226399999999558,0.249399999999696,NaN,24.0000000048894,0.548587937737126,0.622632550475237,0.585610244106181,43.7860674728739,48.386597907452,48.386597907452,-0.315820401751528,0.493133848056562,122.636939554685,-1.00000000020373,0.780352774121184
823,Stim,1,3,-0.6363,-0.061500000000251,1,0.489166666666279,0.500166666666246,0.55066666666653,12.0000000024447,0.196094827625525,0.193713381547316,0.194904104586421,23.7414749648543,24.4347181412792,24.4347181412792,-0.0232711739757333,-0.19325633844045,263.133725580543,1.00000000020373,5.82439441481
825,NonStim,0,3,-1,NaN,1,0.51606666666612,0.52906666666604,NaN,14.0000000028522,0.185052457141909,0.175964844998083,0.180508651069996,21.3535592546086,14.9273926001383,21.3535592546086,0.0897602030327704,-0.156604507043762,299.819820070928,-1.00000000020373,0.779677616247682
825,NonStim,0,3,-1,NaN,2,0.707066666666378,0.723066666666455,NaN,17.0000000034634,0.282994019429204,0.231885602910063,0.257439811169634,26.3916980248967,22.7650147409943,26.3916980248967,-0.13630242320919,0.216580471725709,122.183786157983,3.00000000061118,12.5968542173886
827,Stim,1,4,-0.3636,-0.0491666666666788,1,0.705233333333126,0.712233333333188,0.754399999999805,8.00000000162981,0.120136245920919,0.0888972578361788,0.104516751878549,16.9884584600005,12.6613397685162,16.9884584600005,-0.0132978137728141,-0.103291327820284,262.664044031621,0,9.79375289843506
829,Stim,1,2,0.3636,-0.0551333333337425,1,0.824233333332813,0.84023333333289,0.879366666666556,17.0000000034634,0.0888989174874339,0.19808490956538,0.143491913526407,12.9447493373128,16.5070872152806,16.5070872152806,0.0432178745609114,-0.136612478747863,287.554964271349,-7.00000000142609,6.64648696873508
844,NonStim,0,4,-0.4545,NaN,1,0.650966666666591,0.661966666667013,NaN,12.0000000024447,0.222411343702611,0.0925259720246346,0.157468657863623,23.1871636588374,15.0843229006643,23.1871636588374,-0.0398934109504864,-0.149940331255431,255.100937268225,2.00000000040745,21.6035136699162
844,NonStim,0,4,-0.4545,NaN,2,0.914966666666714,0.927966666666634,NaN,14.0000000028522,0.197331316081584,0.188477356298406,0.192904336189995,20.0227695810193,16.6600143457229,20.0227695810193,0.0332444820611875,0.189924118577999,80.0714826736626,-1.00000000020373,3.55164138924695
847,Stim,1,4,0.4545,-0.0536666666671408,1,0.50783333333311,0.524833333332936,0.561500000000251,18.0000000036671,0.214428037143138,0.231334961750526,0.222881499446832,20.7053381944662,24.3129584307157,24.3129584307157,0.216089200891128,-0.0233240662880177,353.83950348613,7.00000000142609,25.6150932805436
853,NonStim,0,1,-0.0909,NaN,1,0.00253333333330374,0.0115333333333183,NaN,10.0000000020373,0.111686931277373,0.158379216931666,0.13503307410452,14.0458203001016,17.9378310832983,17.9378310832983,0.0365689777728087,-0.129948523339904,285.71719973517,0,2.72788436657169
854,Stim,1,1,-0.3636,-0.0541000000002896,1,0.78976666666631,0.806766666666135,0.843866666666599,18.0000000036671,0.245520925687226,0.098868524851706,0.172194725269466,22.3112287295205,16.4780887128069,22.3112287295205,0.126329059798314,-0.109956398273413,318.963796000852,6.00000000122236,29.7679974645136
855,NonStim,0,1,0.1818,NaN,1,0.362033333332874,0.371033333332889,NaN,10.0000000020373,0.103550385481804,0.105290144695569,0.104420265088687,13.8923349095796,14.1205122814039,14.1205122814039,0.0664890437637725,-0.0799683601760276,309.741554166254,1.00000000020373,10.3006350870112
856,NonStim,0,2,0.0909,NaN,1,0.665433333333567,0.673433333333378,NaN,9.00000000183354,0.0743708838119413,0.109142412858419,0.0917566483351799,13.8923426206645,15.9931728000126,15.9931728000126,0.0764624200612529,-0.0499802023318677,326.829077749155,2.00000000040745,11.0143419615432
857,NonStim,0,4,0.0909,NaN,1,0.161433333333207,0.173433333332923,NaN,13.0000000026484,0.0733043065747144,0.0569215891264223,0.0651129478505684,9.99603863005817,8.95421072914532,9.99603863005817,0.00997335948226303,0.0633082769329075,81.0474049963148,-5.00000000101863,20.5132811452944
858,Stim,1,3,0.4545,-0.0518666666662284,1,0.825333333333674,0.837333333333845,0.877199999999903,13.0000000026484,0.184719669697904,0.200442751033773,0.192581210365838,17.5571384546198,22.8939727615568,22.8939727615568,0.0664890549536854,-0.179927915867877,290.280865602175,1.00000000020373,10.2015511718714
861,NonStim,0,1,-0.3636,NaN,1,0.0722000000000662,0.0892000000003463,NaN,18.0000000036671,0.12447407140846,0.154565078401292,0.139519574904876,11.5935840225517,11.1067187425114,11.5935840225517,0.0265956253894354,-0.136612539350167,281.016502995817,-4.00000000081491,8.07584582636713
864,NonStim,0,2,0.4545,NaN,1,0.573299999999563,0.583299999999781,NaN,11.000000002241,0.127312879114267,0.118065462073989,0.122689170594128,15.5494045960634,16.9112685290574,16.9112685290574,-0.0232711745193996,-0.119952432341916,259.020812918306,1.00000000020373,10.3588833232328
864,NonStim,0,2,0.4545,NaN,2,0.587299999999686,0.595299999999497,NaN,9.00000000183354,0.059577797260191,0.108474055647413,0.0840259264538019,11.0976403352723,14.4338755481924,14.4338755481924,-0.0232711730319007,0.0799682492265278,106.225268355812,-1.00000000020373,15.9169333351756
868,NonStim,0,4,-1,NaN,1,0.621633333333648,0.633633333333364,NaN,13.0000000026484,0.0685736436703086,0.0946273194792364,0.0816004815747725,12.6527618292758,13.5368031013411,13.5368031013411,-0.0465422562888138,-0.0666401904153623,235.069119865234,5.00000000101863,10.2264046620928
871,Stim,1,4,-0.0909,-0.0400333333336675,1,0.706133333333128,0.716133333333346,0.746166666666795,11.000000002241,0.173495951488602,0.132505456817069,0.153000704152836,17.3532047168706,15.8678133361009,17.3532047168706,0.136302340804768,-0.0666402425327097,333.94530281437,2.00000000040745,14.9671690976979
872,Stim,1,1,1,-0.0553666666664867,1,0.341699999999946,0.352699999999913,0.397066666666433,12.0000000024447,0.0895643576668555,0.100181309412423,0.0948728335396395,16.4943777747554,17.8052620031594,17.8052620031594,0.0332445308924881,0.0166600615066868,26.6171396192229,5.00000000101863,134.272065578125
872,Stim,1,1,1,-0.0553666666664867,2,0.577700000000277,0.589699999999993,0.633066666666764,13.0000000026484,0.155997975532107,0.113334232716814,0.13466610412446,19.3963984298676,15.7641436959043,19.3963984298676,0.0930846195489864,0.0966283697174824,46.0701339880025,2.00000000040745,9.95783090458409
872,Stim,1,1,1,-0.0553666666664867,3,0.830699999999979,0.841699999999946,0.886066666666466,12.0000000024447,0.133942305654481,0.120687341412247,0.127314823533364,13.3280598583437,13.3280622998081,13.3280622998081,0.0132977956512152,-0.12661653572999,275.995462270591,1.00000000020373,0.62819526165606
873,Stim,1,4,0.3636,-0.0569333333332906,1,0.00730000000021391,0.0143000000002758,0.0642333333335046,8.00000000162981,0.110837874230356,0.107394246907073,0.109116060568715,16.0071428672843,14.8944657676577,16.0071428672843,0.0565156977528828,-0.0932963198131231,301.206037678469,0,2.98723058468437
876,Stim,1,2,-0,-0.0578000000000429,1,0.772233333333588,0.782233333333352,0.830033333333631,11.000000002241,0.122612809682646,0.153069531342344,0.137841170512495,20.2230879188438,17.7651391822644,20.2230879188438,0.136302308051522,-0.00999605325516489,355.80558697347,-1.00000000020373,15.0516022731804
883,Stim,1,1,-0.1818,-0.0573333333331902,1,0.683899999999994,0.696899999999914,0.741233333333184,14.0000000028522,0.0954048896392768,0.230061815652483,0.16273335264588,12.0053674143824,24.4598752373222,24.4598752373222,0.0299200260409155,-0.159936514563241,280.596096045208,-1.00000000020373,2.08238243319448
886,Stim,1,3,-0,-0.0579000000002452,1,0.4384666666665,0.446466666666311,0.496366666666745,9.00000000183354,0.160074792721583,0.141358935069741,0.150716863895662,25.54544905998,19.1718521084582,25.54544905998,-0.0132978140851115,-0.149940598458807,264.93185682577,-2.00000000040745,5.73136613442637
893,NonStim,0,4,-0,NaN,1,0.529333333333398,0.537333333333208,NaN,9.00000000183354,0.0842749463980166,0.0569215884565733,0.0705982674272949,12.9447730755167,8.66656157615464,12.9447730755167,-0.0232711723921188,0.0666403053640046,109.249491116653,2.00000000040745,2.11735431024584
894,Stim,1,4,-1,-0.0517333333332317,1,0.686066666666648,0.693066666666709,0.737799999999879,8.00000000162981,0.151748183970013,0.158707510907132,0.155227847438573,24.4269043520317,23.8046095764472,24.4269043520317,-0.126328575454801,0.0899643205591532,144.543604025534,0,4.85452994292396
894,Stim,1,4,-1,-0.0517333333332317,2,0.697066666666615,0.706066666666629,0.748799999999846,10.0000000020373,0.240431219929412,0.215906871678021,0.228169045803717,31.4145085915125,29.8560722267018,31.4145085915125,0.179519682184045,-0.139944548435651,322.061806835392,-1.00000000020373,7.94787901432375
895,NonStim,0,1,-0,NaN,1,0.259366666666665,0.265366666666523,NaN,7.00000000142609,0.10847413491294,0.127312636566744,0.117893385739842,16.9885247819464,17.770719261154,17.770719261154,-0.00332445380146363,0.116620335044146,91.6328678986892,-1.00000000020373,16.5915915886008
897,NonStim,0,4,-0.1818,NaN,1,0.775199999999586,0.787199999999757,NaN,13.0000000026484,0.0942393438937889,0.111686951173823,0.102963147533806,12.9447733777969,12.9447708981035,12.9447733777969,-0.0232711669781066,-0.0999604435207487,256.894756774603,3.00000000061118,9.20509910724044
898,Stim,1,2,-0.3636,-0.0637666666671066,1,0.331033333332925,0.341033333333144,0.394800000000032,11.000000002241,0.0990424488123959,0.097013070222056,0.098027759517226,11.9585556050256,13.9094273129706,13.9094273129706,0.0299200805962511,-0.093296345160707,287.781013895802,2.00000000040745,3.70158781636076
900,Stim,1,2,-1,-0.0506000000000313,1,0.397333333332881,0.409333333333052,0.447933333332912,13.0000000026484,0.113231619339441,0.0707698907086925,0.0920007550240667,11.5935841544387,9.41366694388956,11.5935841544387,-0.0498667607594474,-0.023324103374935,205.066830093878,6.00000000122236,110.8601515454
902,NonStim,0,1,0.4545,NaN,1,0.35073333333321,0.364733333333334,NaN,15.0000000030559,0.202853692980459,0.158065525080143,0.180459609030301,21.3263190205829,18.8712644846426,21.3263190205829,0.152924726040565,0.0466480821477251,16.9637764935973,0,55.7262400379551
902,NonStim,0,1,0.4545,NaN,2,0.368733333333239,0.379733333333206,NaN,12.0000000024447,0.0866321790750879,0.056921521957078,0.0717768505160829,12.4120166928578,10.226468828486,12.4120166928578,-0.00997331076504476,-0.0699721955521397,261.888128087036,-3.00000000061118,20.5132017269532
909,NonStim,0,3,-1,NaN,1,0.824633333333622,0.842633333333652,NaN,19.0000000038708,0.198084231457594,0.229742948579216,0.213913590018405,16.9111719242351,15.6894364483522,16.9111719242351,-0.0664890321768818,0.20325170452881,108.114295693563,-3.00000000061118,2.79028099168659
914,NonStim,0,3,0.0909,NaN,1,0.679166666666333,0.685166666666646,NaN,7.00000000142609,0.0941366366618139,0.134845910771553,0.114491273716683,17.258386020156,20.6432886833276,20.6432886833276,0.069813512568933,-0.0899642733679569,307.811954342949,-1.00000000020373,12.089039410029
915,Stim,1,2,0.1818,-0.0536666666671408,1,0.429133333333084,0.437133333332895,0.482800000000225,9.00000000183354,0.0720322025476595,0.174885742975307,0.123458972761483,11.1618608033673,26.396532870485,26.396532870485,0.0465423462617194,-0.113288360055301,292.334367774697,-1.00000000020373,15.9230708972829
920,Stim,1,4,-0,-0.0618333333336523,1,0.567999999999756,0.579999999999927,0.629833333333409,13.0000000026484,0.0707486056026819,0.0983430710388139,0.0845458383207479,11.0976503596096,15.0949166123037,15.0949166123037,0.049866799945149,-0.0666402973664072,306.807434781839,-6.00000000122236,20.5030992959763
921,NonStim,0,1,-0.4545,NaN,1,0.486266666666324,0.493266666666386,NaN,8.00000000162981,0.120687322290764,0.0935320435716067,0.107109682931185,17.239661990557,13.3739184740643,17.239661990557,0.00332445358881544,-0.106623950855815,271.785860216913,-1.00000000020373,10.4023384312447
924,Stim,1,2,-0.4545,-0.0538666666666359,1,0.560766666666495,0.576766666666572,0.614633333333131,17.0000000034634,0.214900730845574,0.230061941105813,0.222481335975693,16.6968699633179,23.3241050501341,23.3241050501341,-0.0332445329944843,-0.219912696955017,261.403600519987,2.00000000040745,2.87671672678221
926,NonStim,0,3,1,NaN,1,0.216499999999996,0.232500000000073,NaN,17.0000000034634,0.286128746028599,0.205131936774354,0.245630341401477,25.8895295565426,21.3164211351959,25.8895295565426,0.119680228340838,-0.213248651473334,299.302179432124,4.00000000081491,10.9665099218317
928,Stim,1,3,-0.1818,-0.0512999999996282,1,0.871233333333294,0.879233333333559,0.922533333332922,9.00000000183354,0.067954042120491,0.0628282234794963,0.0653911327999936,10.2300377875479,11.097636360389,11.097636360389,-0.0232711481818542,0.0599762091841847,111.206567829992,3.00000000061118,20.6619696104308
930,NonStim,0,4,0.4545,NaN,1,0.0630666666666002,0.0730666666663637,NaN,11.000000002241,0.116339792576729,0.152029100337259,0.134184446456994,19.09406501896,18.0616916066719,19.09406501896,0.0598401515030878,-0.119952427350969,296.513035057199,0,5.1742534638945
932,Stim,1,3,0.3636,-0.0529666666670892,1,0.668866666666418,0.684866666666494,0.721833333333507,17.0000000034634,0.181947612983582,0.107394276308738,0.14467094464616,14.8944571823376,12.4120573388352,14.8944571823376,0.063164609032464,-0.129948525890836,295.923184891978,6.00000000122236,5.98728275636762
936,Stim,1,4,0.1818,-0.0574333333333925,1,0.895700000000033,0.907700000000204,0.953133333333426,13.0000000026484,0.233005615647586,0.164485904002759,0.198745759825173,25.3669428413263,23.4151934104765,25.3669428413263,0.10305797258229,-0.169932595923212,301.23529635894,2.00000000040745,0.794895526100049
937,Stim,1,1,-0.6363,-0.0562666666664882,1,0.592566666666698,0.604566666666869,0.648833333333187,13.0000000026484,0.0866922763450082,0.145519059462598,0.116105667903803,11.3019536894751,19.4170993923953,19.4170993923953,0.0631645984518101,0.0666399638100683,46.5336611013588,3.00000000061118,78.4975580632788
946,NonStim,0,4,1,NaN,1,0.90786666666645,0.921866666666574,NaN,15.0000000030559,0.190807589942307,0.230061619580729,0.210434604761518,20.7454571004339,23.7415403622209,23.7415403622209,0.039893425922835,-0.206583496548584,280.929873129661,-1.00000000020373,2.08250835317216
952,NonStim,0,3,0.4545,NaN,1,0.892499999999927,0.9074999999998,NaN,16.0000000032596,0.0942392131033274,0.187065961879673,0.1406525874915,12.2675164706763,14.8944660429139,14.8944660429139,0.0132978091817862,-0.139944503558181,275.428062769438,-3.00000000061118,4.03552695127013
953,NonStim,0,3,-0,NaN,1,0.885800000000017,0.899800000000141,NaN,15.0000000030559,0.242503809337683,0.26525422733661,0.253879018337146,22.3416484315426,25.3380706800869,25.3380706800869,-0.106382272240941,0.229908239987573,114.830746072625,0,7.56000374936764
954,Stim,1,2,0.6363,-0.0489999999999782,1,0.547199999999975,0.55619999999999,0.596199999999953,10.0000000020373,0.116378432268919,0.0998152896070422,0.108096860937981,17.3260192741819,12.3951459473952,17.3260192741819,0.0897602112628151,0.0599762633224734,33.7501798820138,-3.00000000061118,5.91118872149056
957,Stim,1,4,-0.4545,-0.0518000000001848,1,0.658166666666602,0.668166666666366,0.709966666666787,11.000000002241,0.118065017723792,0.0776686030140703,0.0978668103689312,16.9884388713522,10.9826174255308,16.9884388713522,0.0365689795886492,-0.0899640910210678,292.120964108357,-4.00000000081491,14.5519368891736
962,NonStim,0,1,-0.0909,NaN,1,0.354133333333266,0.36813333333339,NaN,15.0000000030559,0.147210446292168,0.113288498501348,0.130249472396758,11.3256876305821,11.1067188682767,11.3256876305821,-0.00664890710983248,-0.129948552730276,267.070976228433,0,5.18270716116922
963,Stim,1,1,1,-0.0549333333333379,1,0.517266666666728,0.52426666666679,0.572200000000066,8.00000000162981,0.0935330128558582,0.054945630903015,0.0742393218794366,14.6078354940942,10.471374408107,14.6078354940942,-0.00332444978565703,0.0733042956427924,92.5966624955778,1.00000000020373,18.0820242517366
963,Stim,1,1,1,-0.0549333333333379,2,0.672266666666928,0.678266666666786,0.727200000000266,7.00000000142609,0.0717513579127984,0.10534363518668,0.088547496549739,13.4150875977459,19.3899781756756,19.3899781756756,0.029920078322327,-0.0833003545352193,289.757429857202,-1.00000000020373,3.36061449314082
966,Stim,1,2,-0.4545,-0.0578000000004977,1,0.947133333333113,0.964133333332938,1.00493333333361,18.0000000036671,0.276061206222251,0.370001681845512,0.323031444033882,28.0913562167097,32.888153422322,32.888153422322,0.119680089316341,-0.299877063603113,291.756802514789,-2.00000000040745,3.58134750675003
967,NonStim,0,4,-0.3636,NaN,1,0.509699999999611,0.525699999999688,NaN,17.0000000034634,0.0470683505084594,0.0132978142589495,0.0301830823837045,9.15760740644199,7.10192889975076,9.15760740644199,-0.00997335494800129,-0.0166600662761136,239.093642307706,7.00000000142609,134.934919814645
968,NonStim,0,4,-1,NaN,1,0.545566666666673,0.557566666666844,NaN,13.0000000026484,0.251554031705525,0.168346127448417,0.209950079576971,28.6199924935977,19.9825051455321,28.6199924935977,0.182844526456877,-0.0633081980563513,340.902069490538,0,46.6497170909481
969,Stim,1,3,0.4545,-0.065900000000056,1,0.68289999999979,0.69589999999971,0.748799999999846,14.0000000028522,0.0970131277410806,0.0906227488513536,0.0938179382962171,8.95420686873345,12.9309389455272,12.9309389455272,0.0265956261096394,-0.0899643533053571,286.468946359016,1.00000000020373,1.15514766228767
971,Stim,1,3,0.1818,-0.0587999999997919,1,0.826833333333525,0.833833333333587,0.885633333333317,8.00000000162981,0.0988685458090978,0.151844000472091,0.125356273140594,14.8741760963361,20.8288215454004,20.8288215454004,0.113031200868363,-0.0533122414491557,334.748645615331,-1.00000000020373,9.17077093271843
978,NonStim,0,3,0.3636,NaN,1,0.712800000000243,0.722800000000007,NaN,11.000000002241,0.167130445907106,0.195077603225396,0.181104024566251,22.4608097570562,23.5597720545698,23.5597720545698,0.0199467121679199,-0.17992837287615,276.325932886011,-3.00000000061118,3.2721508343916
979,Stim,1,3,0.0909,-0.053933333333589,1,0.320466666666562,0.334466666666685,0.374400000000151,15.0000000030559,0.162132844818242,0.193371071335432,0.177751958076837,13.511078278598,19.0110376891266,19.0110376891266,0.0166222617912074,-0.176596690241832,275.377154641095,2.00000000040745,7.47077917307558
987,Stim,1,1,0.0909,-0.0509000000001834,1,0.778966666666747,0.791966666666667,0.829866666666931,14.0000000028522,0.179085855229738,0.119948541361936,0.149517198295837,16.6358782147134,15.9931517356839,16.6358782147134,0.116355708079354,-0.0932962645483006,321.276684603639,5.00000000101863,8.30185067815131
990,Stim,1,2,0.1818,-0.0594666666665944,1,0.551966666666885,0.561966666666649,0.61143333333348,11.000000002241,0.12247600847634,0.126504786225644,0.124490397350992,17.5572311823775,17.5253866094179,17.5572311823775,0.0864357436772007,0.0533120101211533,31.6655380209183,2.00000000040745,70.6852070167591
992,Stim,1,1,0.6363,-0.0552999999999884,1,0.332666666666682,0.342666666666446,0.387966666666671,11.000000002241,0.116502932441579,0.105290125201617,0.110896528821598,14.4338911575431,14.21094986545,14.4338911575431,0.0598401439155194,-0.0932964078449783,302.676037599903,1.00000000020373,3.72789418670772
1019,Stim,1,2,1,-0.0533000000000357,1,0.534366666666756,0.545366666666723,0.587666666666792,12.0000000024447,0.127312770965436,0.0906228167358779,0.108967793850657,14.4338849837779,12.9447733023406,14.4338849837779,0.0199467207385646,-0.10662437913383,280.596111599887,-1.00000000020373,11.0707002275416
1019,Stim,1,2,1,-0.0533000000000357,2,0.547366666666676,0.555366666666487,0.600666666666712,9.00000000183354,0.0632060719624092,0.0549456451547503,0.0590758585585798,10.2300399429692,9.41366986664919,10.2300399429692,-0.0033244541197877,0.0566441703043547,93.3588441406719,-2.00000000040745,32.4016250721416
1024,NonStim,0,2,0.1818,NaN,1,0.00640000000021246,0.0174000000001797,NaN,12.0000000024447,0.183637569186965,0.182696666536548,0.183167117861757,21.9652341098217,23.7353820918307,23.7353820918307,0.139626966513535,-0.116620476103141,320.130392499949,0,13.3628620019767
1026,Stim,1,4,-0.3636,-0.0464333333334253,1,0.802700000000186,0.814699999999903,0.849133333333612,13.0000000026484,0.241352676212052,0.171846641737912,0.206599658974982,25.8227301656708,23.0941502700911,25.8227301656708,0.106382433909446,-0.176596676116135,301.064901615306,3.00000000061118,7.55054442921517
1028,NonStim,0,1,0.1818,NaN,1,0.332100000000082,0.34710000000041,NaN,16.0000000032596,0.325402277232773,0.241470915794514,0.283436596513644,34.7805821576387,22.3416450547375,34.7805821576387,0.113031289264692,-0.259895823854519,293.504703316637,-1.00000000020373,1.55093397625046
1028,NonStim,0,1,0.1818,NaN,2,0.530100000000402,0.545100000000275,NaN,16.0000000032596,0.268483174990275,0.268483793269093,0.268483484129684,21.316265445169,25.8894001939747,25.8894001939747,-0.13297801995748,0.233238563403543,119.689080227557,0,9.89472111996292e-05
1029,NonStim,0,4,0.0909,NaN,1,0.728700000000117,0.745699999999943,NaN,18.0000000036671,0.278244930725212,0.303877913940168,0.29106142233269,23.5288616141255,23.5288789724868,23.5288789724868,0.0797868410538968,-0.279888254596115,285.911090180735,-1.00000000020373,1.44135910195547
1030,NonStim,0,4,-0.0909,NaN,1,0.312166666666599,0.326166666666722,NaN,15.0000000030559,0.243198975065047,0.226576718530247,0.234887846797647,26.6561154562496,26.6561183492947,26.6561183492947,-0.0199467173521303,-0.233240699113275,265.111964934374,2.00000000040745,9.44124971137774
1030,NonStim,0,4,-0.0909,NaN,2,0.329166666666424,0.338166666666439,NaN,10.0000000020373,0.0669711292702178,0.0842747363798288,0.0756229328250233,8.95420677085755,11.0976350203413,11.0976350203413,-0.0166222668036354,0.0733042009389873,102.776184676377,1.00000000020373,12.6982579201447
1031,NonStim,0,1,1,NaN,1,0.608866666666472,0.619866666666439,NaN,12.0000000024447,0.0801652061816881,0.165375213546904,0.122770209864296,12.9447704864888,18.8273402677918,18.8273402677918,0.079786817129705,-0.0932964003241794,310.536967941062,-5.00000000101863,1.53216334629138
1032,Stim,1,1,-0.0909,-0.0523000000002867,1,0.381733333333159,0.38973333333297,0.434033333333446,9.00000000183354,0.0549456287899337,0.0569214961389613,0.0559335624644475,9.48692313346359,8.00356786807491,9.48692313346359,0.00332444352444888,0.0533121756014487,86.4317669583118,-3.00000000061118,34.5189525233441
1033,Stim,1,3,-1,-0.0594666666665944,1,0.603599999999915,0.621599999999944,0.663066666666509,19.0000000038708,0.131791372828407,0.0926356183331722,0.11221349558079,16.5070806485654,17.8052418072883,17.8052418072883,-0.0897601627968464,-0.0299881170164255,198.474041207033,-7.00000000142609,66.1462702023102
1033,Stim,1,3,-1,-0.0594666666665944,2,0.819599999999809,0.828599999999824,0.879066666666404,10.0000000020373,0.118546828619168,0.141204940462617,0.129875884540892,15.0949067280082,20.4529614085421,20.4529614085421,0.0864356693706035,0.0966283363919309,48.1868331806687,1.00000000020373,6.84083885243211
1034,NonStim,0,1,0.3636,NaN,1,0.632433333333211,0.641433333333225,NaN,10.0000000020373,0.13725839647024,0.0847230678864768,0.110990732178358,17.3330903817076,13.5473664439714,17.3330903817076,0.0731379558213191,-0.0833002565479259,311.283261068413,2.00000000040745,5.90469186595425
1035,NonStim,0,3,1,NaN,1,0.43196666666654,0.449966666666114,NaN,19.0000000038708,0.1200535817186,0.136568078309007,0.128310830013803,17.7304175713696,19.3963702826346,19.3963702826346,0.0831113192979953,-0.0033324040553396,357.703917231255,0,99.4596905224197
1040,Stim,1,3,1,-0.0677000000000589,1,0.805799999999635,0.816800000000057,0.873499999999694,12.0000000024447,0.217473761549201,0.217805920417881,0.217639840983541,22.8578829478703,24.9430997721866,24.9430997721866,0.0930846493931981,-0.196588568740102,295.33754601077,0,3.91556963115073
1041,NonStim,0,1,-0.6363,NaN,1,0.337833333333037,0.348833333333005,NaN,12.0000000024447,0.101308865745393,0.171720069311246,0.136514467528319,13.8923341262617,18.0581363322447,18.0581363322447,-0.116355816747288,0.0299881399923251,165.547789957463,-2.00000000040745,58.8450361956199
1045,Stim,1,4,-1,-0.0531000000000859,1,0.583499999999731,0.599499999999807,0.636599999999817,17.0000000034634,0.186711078501185,0.173774215255461,0.180242646878323,13.328061624061,14.4338902100388,14.4338902100388,0.0033244503337225,-0.179928662931206,271.058504518421,1.00000000020373,6.42953562050451
1046,Stim,1,4,0.0909,-0.0546999999996842,1,0.556266666666943,0.568266666667114,0.610966666666627,13.0000000026484,0.13275253248735,0.143839089645079,0.138295811066215,15.5494057874856,14.2109440688677,15.5494057874856,0.0365689816597905,-0.133280560497192,285.343004910806,-3.00000000061118,4.12502056426314
1046,Stim,1,4,0.0909,-0.0546999999996842,2,0.571266666666816,0.58026666666683,0.6259666666665,10.0000000020373,0.120107325624724,0.110264594863428,0.115185960244076,14.894467594254,15.4210612569851,15.4210612569851,-0.0432178866553518,0.106624473240594,112.064091476133,0,5.56783161027525
1046,Stim,1,4,0.0909,-0.0546999999996842,3,0.844266666666954,0.853266666666968,0.898966666666638,10.0000000020373,0.154564957614048,0.146097464894286,0.150331211254167,18.9138768032431,18.614452709448,18.9138768032431,-0.039893438591393,-0.143276366589921,254.440831098415,0,16.7643837175872
1050,NonStim,0,4,0.4545,NaN,1,0.422000000000025,0.434999999999945,NaN,14.0000000028522,0.188529939346509,0.190752699630113,0.189641319488311,19.3899838478044,21.8695147647135,21.8695147647135,0.103058007239625,-0.156604624996196,303.348021987735,-1.00000000020373,17.3471818143344
1051,Stim,1,3,0.3636,-0.0689666666667108,1,0.709199999999782,0.718199999999797,0.778166666666493,10.0000000020373,0.137088563615835,0.186425140321113,0.161756851968474,17.8689230152261,25.2912533961495,25.2912533961495,0.142950910110417,0.0699716323908115,26.0808305092209,2.00000000040745,20.8184903868135
1052,NonStim,0,2,0.0909,NaN,1,0.176066666666884,0.18406666666715,NaN,9.00000000183354,0.110264567900718,0.0954048800160768,0.102834723958397,17.8990429362481,15.0949157745441,17.8990429362481,0.0332445334802747,-0.0966284115484499,288.985528680832,-1.00000000020373,12.8989368378105
1052,NonStim,0,2,0.0909,NaN,2,0.632066666667015,0.643066666666982,NaN,12.0000000024447,0.166708015177905,0.136982761762355,0.15184538847013,14.8741762083329,17.3260087731806,17.3260087731806,0.132978026236265,-0.0733043150493215,331.13419008063,2.00000000040745,0.44471267432732
1058,NonStim,0,1,-0.1818,NaN,1,0.798899999999776,0.815900000000056,NaN,18.0000000036671,0.17671179899173,0.131216995544286,0.153964397268008,18.0581407849106,17.3331001087792,18.0581407849106,0.109706805762762,0.0299881103775769,15.28820391826,8.00000000162981,85.9262427832797
1059,NonStim,0,3,0.6363,NaN,1,0.435733333333246,0.44973333333337,NaN,15.0000000030559,0.223884466072957,0.158854731549735,0.191369598811346,27.0947262837281,23.0941336805143,27.0947262837281,0.0997335715701052,-0.163268598230082,301.418914078199,4.00000000081491,2.64206241194893
1059,NonStim,0,3,0.6363,NaN,2,0.609733333333224,0.622733333333144,NaN,14.0000000028522,0.181883290160275,0.167790243935531,0.174836767047903,15.900774707634,16.9884720505598,16.9884720505598,-0.0232711638222801,0.173264367832909,97.6496263816161,0,1.58073213592894
1062,NonStim,0,4,0.1818,NaN,1,0.411399999999958,0.423400000000129,NaN,13.0000000026484,0.166570745011036,0.251129263011757,0.208850004011396,20.2665746912482,27.2258498929596,27.2258498929596,-0.0698134411925704,-0.196588451104519,250.448785934235,-2.00000000040745,5.53129849193999
1064,NonStim,0,4,1,NaN,1,0.343766666666852,0.350766666666914,NaN,8.00000000162981,0.0569215829217782,0.0628282864086933,0.0598749346652357,8.66656148782074,11.097649116405,11.097649116405,-0.0265956193236536,0.0533122431587151,116.513009138335,-1.00000000020373,11.4336061368427
1071,NonStim,0,3,-0.6363,NaN,1,0.502100000000155,0.517100000000482,NaN,16.0000000032596,0.323612416841506,0.272995844114029,0.298304130477768,25.8895336379713,24.3330646409884,25.8895336379713,0.192817675084743,-0.226576673502257,310.397919114959,0,8.36300330462927
1071,NonStim,0,3,-0.6363,NaN,2,0.70910000000049,0.720100000000457,NaN,12.0000000024447,0.159936267972295,0.153848257370437,0.156892262671366,16.6600540882319,16.9112677737601,16.9112677737601,-0.00664885703101285,0.156604380463655,92.4311120704177,0,4.95848821404491
1074,NonStim,0,3,-0.3636,NaN,1,0.642999999999574,0.648999999999887,NaN,7.00000000142609,0.0537251924081564,0.0666401522120784,0.0601826723101174,9.48691563671419,11.1067002300817,11.1067002300817,0.00332443283682071,-0.0599761677388504,273.172614457534,-1.00000000020373,7.10897658620706
1076,NonStim,0,1,-0.3636,NaN,1,0.714933333333192,0.729933333333065,NaN,16.0000000032596,0.274077184011733,0.372625533531973,0.323351358771853,32.6585460748268,33.4018689793498,33.4018689793498,0.149599889079948,0.286548669728305,62.4320653705806,-3.00000000061118,2.9097294459435
1076,NonStim,0,1,-0.3636,NaN,2,0.943933333333007,0.959933333333083,NaN,17.0000000034634,0.178732277549328,0.371162169214055,0.274947223381691,25.8893912563921,31.4138109327193,31.4138109327193,-0.106382316385487,-0.253229195771961,247.212583378193,-6.00000000122236,5.51885166708942
1079,NonStim,0,4,0.3636,NaN,1,0.0742333333328133,0.0932333333330462,NaN,20.0000000040745,0.324815964567633,0.311177754855365,0.317996859711499,26.3917354827064,29.3109667012126,29.3109667012126,0.229386783500706,-0.219912526911907,316.208002033768,1.00000000020373,4.2989388115945
1079,NonStim,0,4,0.3636,NaN,2,0.329233333332922,0.343233333333046,NaN,15.0000000030559,0.290319874515378,0.297516047101401,0.293917960808389,28.2409741033861,32.1747127617809,32.1747127617809,-0.182844487528951,0.229908753382036,128.494933291133,0,3.85322216247994
1090,Stim,1,1,-0.3636,-0.0556000000001404,1,0.370499999999538,0.383499999999458,0.426099999999678,14.0000000028522,0.134050186540164,0.134050185319014,0.134050185929589,12.94477110505,16.5070888922326,16.5070888922326,0.0598401589208163,-0.119952522808355,296.513019680886,3.00000000061118,2.12644749808533e-07
1091,Stim,1,3,-0.1818,-0.0537666666668883,1,0.570499999999811,0.578500000000076,0.624266666666699,9.00000000183354,0.111478534197132,0.116378362573353,0.113928448385242,14.87417669849,17.8784036953803,17.8784036953803,0.103058015553452,0.0466481609438709,24.3534007557189,0,13.6300638639889
1092,NonStim,0,2,0.6363,NaN,1,0.24883333333355,0.258833333333314,NaN,11.000000002241,0.240794628016858,0.123859783530917,0.182327205773888,31.1185381827192,20.2231024334942,31.1185381827192,-0.0664890359081113,-0.166600545081658,248.243426269863,0,21.8023747672956
1095,Stim,1,3,-0.0909,-0.0544333333336908,1,0.827533333333122,0.840533333333042,0.881966666666813,14.0000000028522,0.119952521570901,0.196095263953042,0.158023892761971,11.9585579746919,19.99209173844,19.99209173844,0.0166221982980249,-0.156604624426487,276.058756567085,1.00000000020373,9.76060205394134
1096,Stim,1,2,-0,-0.0513333333333321,1,0.212700000000041,0.220700000000306,0.264033333333373,9.00000000183354,0.139843525792868,0.122278970466646,0.131061248129757,16.8848145435093,16.8848180213602,16.8848180213602,0.119680272533692,-0.0533122344995873,335.989155756428,0,2.97057938668911
1101,Stim,1,1,-0,-0.0563666666666904,1,0.431900000000041,0.44190000000026,0.488266666666732,11.000000002241,0.150933900196237,0.0905694457638894,0.120751672980063,14.2109440976491,14.471910685519,14.471910685519,0.0764623998652716,-0.0932963325729262,309.336843230734,1.00000000020373,5.39360879209033
1106,NonStim,0,4,-0,NaN,1,0.622800000000097,0.631800000000112,NaN,10.0000000020373,0.0998151418441015,0.127182163043672,0.113498652443887,11.0905768406994,16.4943522938334,16.4943522938334,0.0831112918632871,0.0766360663774324,42.6788342067814,1.00000000020373,10.253615197993
1107,NonStim,0,4,0.1818,NaN,1,0.265899999999874,0.275900000000092,NaN,11.000000002241,0.194026049841141,0.152201616134095,0.173113832987618,24.6598788659217,17.5572810300895,24.6598788659217,-0.0565157043659112,-0.163268594311944,250.906616902557,1.00000000020373,7.24043767627211
1108,NonStim,0,4,1,NaN,1,0.940999999999804,0.956000000000131,NaN,16.0000000032596,0.221484957901173,0.244951634401629,0.233218296151401,25.6364131501405,21.8930454369469,25.6364131501405,0.0764624161039977,-0.219911886892118,289.172343093632,-2.00000000040745,6.659650241539
1111,Stim,1,3,0.0909,-0.053166666667039,1,0.598633333333055,0.617633333333288,0.651800000000094,20.0000000040745,0.174756212975291,0.203810589308291,0.189283401141791,15.68944908351,18.0616859269626,18.0616859269626,0.119680273658639,-0.146608426868512,309.225656553658,-5.00000000101863,1.99618975848898
1112,NonStim,0,1,0.3636,NaN,1,0.224966666666205,0.236966666666376,NaN,13.0000000026484,0.210687035704896,0.122865456892118,0.166776246298507,22.8939982110009,15.5493934104777,22.8939982110009,-0.0465423460043082,-0.159936512194191,253.774732984509,4.00000000081491,5.89468194204642
1119,Stim,1,2,-1,-0.0484999999998763,1,0.48050000000012,0.496499999999742,0.528999999999996,17.0000000034634,0.246315240642198,0.233883177203177,0.240099208922688,21.8689418799716,20.2230712749193,21.8689418799716,0.209440114603641,-0.106624392341137,333.01969671797,1.00000000020373,23.6227358499152
1121,Stim,1,2,-0.3636,-0.0629666666668527,1,0.711033333333035,0.718033333333096,0.773999999999887,8.00000000162981,0.0864648860014075,0.0801652253481388,0.0833150556747732,11.5716089338149,11.4152391779535,11.5716089338149,0.0664890604358808,0.0466482132383868,35.0532042154526,1.00000000020373,25.7649739884146
1122,Stim,1,2,-0.6363,-0.0692333333336137,1,0.255433333333258,0.270433333333131,0.324666666666872,16.0000000032596,0.162239975066799,0.200414545447636,0.181327260257217,12.9447726961522,18.9738632803011,18.9738632803011,-0.0631646058967542,0.16993265764854,110.390289038917,1.00000000020373,2.26482548349028
1123,NonStim,0,3,-0,NaN,1,0.738433333333433,0.747433333333447,NaN,10.0000000020373,0.0812210061818827,0.122377656508007,0.101799331344945,9.13927258190846,16.4908110191233,16.4908110191233,-0.0764624187929725,-0.0666402370608001,221.073529912805,1.00000000020373,10.0118421697496
1127,Stim,1,4,1,-0.0549000000000888,1,0.38016666666681,0.390166666666573,0.435066666666899,11.000000002241,0.0779798139832245,0.0868871366019041,0.0824334752925643,12.217388768096,11.1618554054288,12.217388768096,-0.0166222669569185,-0.0799683444141371,258.257673203005,1.00000000020373,15.5525737470736
1128,NonStim,0,2,-0,NaN,1,0.527966666666543,0.535966666666354,NaN,9.00000000183354,0.0572822212922814,0.0744723322313994,0.0658772767618404,9.41367043112998,11.0976500359991,11.0976500359991,-0.0332445133417013,-0.0566442589319297,239.591329104672,2.00000000040745,8.96308410072564
1130,Stim,1,4,-0.0909,-0.0550666666667894,1,0.665066666666917,0.678066666666837,0.720133333333706,14.0000000028522,0.0613064505402847,0.188478196035621,0.124892323287953,12.9447708130757,16.9884912463272,16.9884912463272,0.0432178894949325,0.0866321413762539,63.4869195362277,-7.00000000142609,94.4444862768386
1130,Stim,1,4,-0.0909,-0.0550666666667894,2,0.680066666666789,0.693066666666709,0.735133333333579,14.0000000028522,0.232678209379452,0.140490694721608,0.18658445205053,23.1870975603958,17.3330613003447,23.1870975603958,-0.0831113013121864,-0.16659962140237,243.486836960699,3.00000000061118,7.78999747472034
1131,Stim,1,2,1,-0.0671666666671626,1,0.809133333332738,0.820133333332706,0.876299999999901,12.0000000024447,0.150330573543037,0.0759697094007012,0.113150141471869,14.8944548584659,11.3256856851203,14.8944548584659,0.0265956258419459,-0.109956467595618,283.597221980951,2.00000000040745,2.44593578368762
1131,Stim,1,2,1,-0.0671666666671626,2,0.821133333332909,0.830133333332924,0.888300000000072,10.0000000020373,0.0802442541244629,0.0736052524451942,0.0769247532848286,12.4167845562519,11.9585595707084,12.4167845562519,-0.00664890664858054,0.0766363269598509,94.958519851225,-3.00000000061118,0.429821995259033
1134,NonStim,0,1,0.4545,NaN,1,0.182699999999841,0.192699999999604,NaN,11.000000002241,0.0968261525668298,0.0926356954571371,0.0947309240119835,12.2401532356366,16.4780898111472,16.4780898111472,-0.0897602120270591,-0.0299881287363616,198.474038492396,1.00000000020373,5.10136358208464
1135,NonStim,0,4,0.0909,NaN,1,0.511499999999614,0.522499999999582,NaN,12.0000000024447,0.161174915290265,0.162131786048617,0.161653350669441,17.557196823078,19.1717025033829,19.1717025033829,0.0232711625451929,0.159935723832241,81.7213762201602,2.00000000040745,2.33224412293691
1146,NonStim,0,1,-0.1818,NaN,1,0.766600000000381,0.775600000000395,NaN,10.0000000020373,0.0717511416396559,0.053724384722991,0.0627377631813234,13.9094072882599,8.95406040132238,13.9094072882599,0.0166222596241364,-0.0599757186606238,285.490703569941,4.00000000081491,14.647506178913
1149,Stim,1,3,-1,-0.0621000000001004,1,0.215433333333294,0.227433333333465,0.277533333333395,13.0000000026484,0.156836318727036,0.153848091981512,0.155342205354274,14.8944276576841,15.5493788170893,15.5493788170893,0.0232711655596778,-0.153272366118715,278.633217052055,0,7.27926580951453
1153,NonStim,0,2,1,NaN,1,0.423700000000281,0.429700000000139,NaN,7.00000000142609,0.138459410302354,0.164795618265151,0.151627514283753,22.4534137124188,24.3295037630873,24.3295037630873,-0.116355733052856,0.0966283467373112,140.291851788061,0,8.14944555604774
1158,Stim,1,1,0.6363,-0.0529333333333852,1,0.480933333333269,0.48893333333308,0.533866666666654,9.00000000183354,0.109206042160322,0.0753093876350703,0.0922577148976964,15.6894553989012,11.0905926305101,15.6894553989012,0.0598401544290434,-0.0699722965991453,310.536989080695,-1.00000000020373,7.4291956596154
1160,Stim,1,1,1,-0.0527333333334354,1,0.603466666666463,0.612466666666478,0.656199999999899,10.0000000020373,0.181244976141146,0.217019839194085,0.199132407667615,23.9170484243323,31.3446192308771,31.3446192308771,0.0598401535010552,-0.189923865672412,287.488306754473,2.00000000040745,0.774559133063974
1161,NonStim,0,4,0.4545,NaN,1,0.230199999999968,0.259199999999964,NaN,30.0000000061118,0.106624473790842,0.0537252520139091,0.0801748629023755,11.1067187153546,8.88537391241548,11.1067187153546,0.00332445321213331,-0.0799683560208647,272.380535642781,16.0000000032596,7.10901245394206
1161,NonStim,0,4,0.4545,NaN,2,0.909200000000055,0.937200000000303,NaN,29.0000000059081,0.106831542736217,0.155562219918068,0.131196881327142,12.2173839344244,14.9273172402009,14.9273172402009,0.0166222646694243,-0.0233237342531289,305.476558607246,13.0000000026484,166.587855646422
1164,Stim,1,2,0.1818,-0.0589666666669473,1,0.517533333332722,0.529533333332893,0.576499999999669,13.0000000026484,0.161178588398543,0.1365686355052,0.148873611951871,13.9094426810652,16.9257627445793,16.9257627445793,0.099733578885683,-0.109956440813275,312.208911249026,0,8.68314603209086
1169,NonStim,0,4,-1,NaN,1,0.684299999999894,0.709299999999985,NaN,26.0000000052969,0.127181749434225,0.14656129381025,0.136871521622238,18.040620159,18.4555295431204,18.4555295431204,0.0997331598691234,2.01933867134685e-07,0.000116009142222507,-1.00000000020373,86.7224380968846
1170,NonStim,0,2,-0.6363,NaN,1,0.791899999999714,0.803899999999885,NaN,13.0000000026484,0.113376738561238,0.144063647455387,0.128720193008312,12.3951215049384,14.2038233680064,14.2038233680064,-0.0764622799221696,0.103291977773878,126.51083656131,-3.00000000061118,6.54189842907761
1171,Stim,1,3,0.3636,-0.0645666666664511,1,0.459666666666635,0.474666666666963,0.524233333333086,16.0000000032596,0.23130764290949,0.230061881415328,0.230684762162409,22.2134349989963,18.0790157273908,22.2134349989963,0.0432178767630133,-0.226576720996996,280.799037587047,-2.00000000040745,1.62222992315611
1177,Stim,1,3,0.6363,-0.0632666666670048,1,0.790733333333264,0.801733333333232,0.854000000000269,12.0000000024447,0.140102126312249,0.128177638691302,0.134139882501775,13.5110652664031,17.5572194809852,17.5572194809852,0.0132978035463633,-0.133280182314667,275.697732470486,1.00000000020373,6.23247821412457
1178,NonStim,0,1,-0.4545,NaN,1,0.606600000000071,0.628600000000006,NaN,23.0000000046857,0.0941367317951874,0.259413650609323,0.176775191202255,17.3260119561507,32.780844752803,32.780844752803,-0.096408977934646,0.079967588846583,140.325581449336,-3.00000000061118,105.922908129352
1183,Stim,1,3,-0.6363,-0.0566999999996369,1,0.00840000000016516,0.014400000000478,0.0650999999998021,7.00000000142609,0.103234371345419,0.133867555262866,0.118550963304142,15.8678938586338,19.8322362572427,19.8322362572427,0.109706926393896,-0.0433162019127005,338.454127837596,-1.00000000020373,11.6533042344129
1185,Stim,1,3,0.1818,-0.0520000000001346,1,0.707666666666682,0.71466666666629,0.759666666666817,8.00000000162981,0.114564439191791,0.11650292183072,0.115533680511256,17.2584029866756,19.8592868606198,19.8592868606198,0.0631645976175385,-0.0966284113590054,303.172065650147,0,4.56979310337795
1185,Stim,1,3,0.1818,-0.0520000000001346,2,0.716666666666697,0.723666666666304,0.768666666666832,8.00000000162981,0.093296383199723,0.0669711773465424,0.0801337802731327,15.5494025379849,12.2173905591836,15.5494025379849,0.00332445357634634,0.0799683455192873,87.6194637844616,-1.00000000020373,5.69771864574756
1193,Stim,1,4,-0.1818,-0.0623666666665486,1,0.598899999999958,0.607899999999972,0.661266666666506,10.0000000020373,0.15306980468979,0.166707902861582,0.159888853775686,19.6400436757975,19.8322221980181,19.8322221980181,0.149600197853654,-0.0433161923942677,343.851819348091,0,26.1700416769578
1196,NonStim,0,3,0.3636,NaN,1,0.311966666666194,0.325966666666318,NaN,15.0000000030559,0.231307518145649,0.162132756755927,0.196720137450788,20.2665682379888,19.011029410871,20.2665682379888,0.0365689708769323,-0.193256607727953,280.715100847996,3.00000000061118,2.16672908457349
1203,NonStim,0,2,0.6363,NaN,1,0.363499999999931,0.376499999999851,NaN,14.0000000028522,0.1359081504777,0.202308444779558,0.169108297628629,19.6775866449706,19.1717317592175,19.6775866449706,0.0432178279253924,-0.163268255890475,284.826401324283,-5.00000000101863,5.91976496101546
1210,Stim,1,3,1,-0.0513666666665813,1,0.761966666666467,0.7809666666667,0.813333333333048,20.0000000040745,0.562527116203183,0.352574728668597,0.45755092243589,43.7388970910039,31.7921166252004,43.7388970910039,0.156249061661855,-0.42982443591582,289.97713334751,0,3.54762448640417
1217,Stim,1,1,0.4545,-0.0550333333335402,1,0.690066666666553,0.711066666666738,0.745100000000093,22.000000004482,0.190315229521499,0.101931119830383,0.146123174675941,22.761293879448,16.3700190921048,22.761293879448,0.0664889240165949,-0.00666334170295524,354.277078952658,10.0000000020373,137.816114347166
1218,Stim,1,1,-0.4545,-0.0582666666668956,1,0.0618999999996959,0.0738999999998668,0.120166666666591,13.0000000026484,0.120136643653615,0.142449304975863,0.131292974314739,11.3256873833702,15.5494052064201,15.5494052064201,-0.00997336022571934,0.129948531181255,94.3887638981787,-1.00000000020373,13.9330314504771
1218,Stim,1,1,-0.4545,-0.0582666666668956,2,0.822899999999663,0.837899999999991,0.881166666666559,16.0000000032596,0.211574158805022,0.0776684428277843,0.144621300816403,17.8990447340852,14.4718918650923,17.8990447340852,0.069813508827626,-0.126616394167608,298.871380506066,2.00000000040745,2.78198501439465
1219,NonStim,0,2,-0.0909,NaN,1,0.599133333333157,0.606133333333219,NaN,8.00000000162981,0.0812841889623797,0.101658638116665,0.0914714135395222,13.9094420595873,12.9447728587961,13.9094420595873,0.0498667907341646,0.0766363452053895,56.9481983406667,-2.00000000040745,3.38145543168892
1224,Stim,1,4,0.1818,-0.0503666666668323,1,0.443833333333259,0.463833333333241,0.494200000000092,21.0000000042783,0.247555688916804,0.140491134133236,0.19402341152502,14.8944664073686,12.4120534689224,14.8944664073686,0.0864357489590624,-0.173264637612277,296.513025637403,1.00000000020373,7.6137354026647
1225,NonStim,0,3,1,NaN,1,0.428466666666736,0.438466666666955,NaN,11.000000002241,0.145877675476526,0.117840257292296,0.131858966384411,18.579747580978,19.9825160954039,19.9825160954039,0.12300470282835,0.0466481645718915,20.7686745118216,4.00000000081491,7.85166480453799
1226,Stim,1,4,0.0909,-0.0620000000003529,1,0.330566666666527,0.346566666666604,0.39256666666688,17.0000000034634,0.292734226312145,0.236130885431252,0.264432555871698,26.8301723219463,25.6364984613593,26.8301723219463,0.0631645907262056,-0.256564732909654,283.830797605354,1.00000000020373,4.55891273383202
1231,NonStim,0,2,0.0909,NaN,1,0.26183333333347,0.271833333333689,NaN,11.000000002241,0.164539777829643,0.113231621324804,0.138885699577223,20.4127343042762,13.7364187329781,20.4127343042762,0.056515705874401,-0.126616529243406,294.053753381013,0,6.69197605978894
1232,NonStim,0,4,-0.0909,NaN,1,0.518199999999524,0.545199999999568,NaN,28.0000000057044,0.502620455900438,0.320573633968401,0.41159704493442,29.8547127508897,27.7264481114884,29.8547127508897,0.252656657834182,-0.31987010208667,308.304243969288,4.00000000081491,16.3547315086241
1232,NonStim,0,4,-0.0909,NaN,2,0.768199999999524,0.785199999999804,NaN,18.0000000036671,0.3814800486716,0.276917273739393,0.329198661205497,33.2716146652993,33.526032692407,33.526032692407,-0.252657361259162,0.209914474707262,140.2792934549,4.00000000081491,7.66485977235845
1242,NonStim,0,1,-0.1818,NaN,1,0.900733333333392,0.910733333333155,NaN,11.000000002241,0.161784738952852,0.174562649795995,0.168173694374424,22.1630196498499,26.9918693749661,26.9918693749661,0.162898092887443,-0.0399841537372132,346.209107760243,4.00000000081491,8.29904900541334
